# Created by meshio v5.3.5, 2026-07-28T11:31:58.700201
v 1.5642962455749512 -4.938929080963135 -2.716958999633789
v 4.017240047454834 -5.10012149810791 -1.9947627782821655
v 3.9129693508148193 -5.113903045654297 -2.3421554565429688
v 3.8887600898742676 -5.125606060028076 -2.2191240787506104
v 4.778430938720703 -5.039252758026123 -2.1708786487579346
v 4.541965484619141 -5.070348262786865 -2.2221333980560303
v 4.543334484100342 -5.070279121398926 -2.0892083644866943
v 1.616133689880371 -4.705620765686035 -2.0867974758148193
v 2.283109664916992 -4.792462348937988 -1.9313935041427612
v 1.7532848119735718 -4.5242180824279785 -1.845487117767334
v 2.4387221336364746 -4.610477447509766 -1.7127156257629395
v 1.9456782341003418 -4.31630802154541 -1.6570696830749512
v 2.6950578689575195 -5.0423760414123535 -2.2565274238586426
v 2.756822109222412 -5.043083190917969 -2.499290704727173
v 1.840134859085083 -4.8864569664001465 -2.3848366737365723
v 1.5196688175201416 -4.845890998840332 -2.4542484283447266
v 1.519090175628662 -4.797577857971191 -2.3131422996520996
v 2.116654396057129 -4.936750411987305 -2.3381385803222656
v 2.1392760276794434 -4.886275768280029 -2.1483280658721924
v 2.3064446449279785 -4.986345291137695 -2.5678467750549316
v 2.1425135135650635 -4.954119682312012 -2.463359832763672
v 3.2799320220947266 -5.097646236419678 -2.148197650909424
v 2.7639153003692627 -4.9612579345703125 -1.9733203649520874
v 3.4166207313537598 -4.992487907409668 -1.8232808113098145
v -5.068845748901367 -8.1087646484375 -7.822527885437012
v -4.849715709686279 -8.263347625732422 -8.957809448242188
v -5.0923686027526855 -8.227638244628906 -8.816370964050293
v -4.186464309692383 -8.214532852172852 -8.132859230041504
v -4.479471206665039 -8.254220008850098 -8.513962745666504
v -4.463671684265137 -8.181864738464355 -7.967484474182129
v -5.009879112243652 -8.23596477508545 -10.270426750183105
v -4.441941738128662 -8.230143547058105 -11.01960563659668
v -4.999041557312012 -8.062748908996582 -11.568022727966309
v -3.563371181488037 -8.26157283782959 -8.567831039428711
v -3.8504607677459717 -8.30761432647705 -8.981019973754883
v -3.835909366607666 -8.245366096496582 -8.366610527038574
v -3.590583562850952 -8.317586898803711 -9.934592247009277
v -3.8381786346435547 -8.312631607055664 -10.275671005249023
v -3.851151704788208 -8.331758499145508 -9.689912796020508
v -3.097533941268921 -8.258105278015137 -9.172143936157227
v -4.184769630432129 -8.32111644744873 -9.419709205627441
v -4.480044841766357 -8.309463500976562 -9.786165237426758
v -4.483778953552246 -8.300148963928223 -9.200563430786133
v -5.6347737312316895 -7.941765308380127 -7.385140419006348
v -6.221566200256348 -7.921847820281982 -7.942773818969727
v -6.196059703826904 -7.807579517364502 -7.278013229370117
v -6.684550762176514 -7.665260314941406 -7.1962175369262695
v -7.2839436531066895 -7.557110786437988 -7.668686389923096
v -7.271062850952148 -7.46893835067749 -7.0591816902160645
v -6.56976318359375 -7.854460716247559 -8.219715118408203
v -7.265900611877441 -7.604689121246338 -8.646568298339844
v -7.282653331756592 -7.590784072875977 -8.063526153564453
v -7.785182476043701 -7.271013259887695 -7.003324508666992
v -8.264212608337402 -7.033361911773682 -7.1017231941223145
v -8.691246032714844 -6.713959217071533 -7.2544660568237305
v -9.017959594726562 -6.377701282501221 -7.213555812835693
v -7.7749762535095215 -7.3509345054626465 -7.967618465423584
v -8.225037574768066 -7.057448863983154 -8.051806449890137
v -7.730620861053467 -7.334181308746338 -8.803360939025879
v -8.163622856140137 -7.006727695465088 -8.855111122131348
v -8.629358291625977 -6.692354679107666 -8.175950050354004
v -9.024454116821289 -6.287866115570068 -7.9543328285217285
v -8.570866584777832 -6.634397506713867 -8.827665328979492
v -8.970227241516113 -6.240181922912598 -8.56641960144043
v -5.6918864250183105 -8.129127502441406 -9.82398796081543
v -6.185520648956299 -7.960782051086426 -10.172377586364746
v -6.20894193649292 -7.995815753936768 -9.606337547302246
v -6.751964092254639 -7.80281400680542 -9.419178009033203
v -7.223917007446289 -7.568584442138672 -9.471478462219238
v -6.678812026977539 -7.718788146972656 -10.435175895690918
v -7.103124141693115 -7.34769868850708 -10.974077224731445
v -5.669693470001221 -8.109496116638184 -8.53538990020752
v -6.220455646514893 -7.997864246368408 -9.061997413635254
v -5.607258319854736 -8.044419288635254 -10.902872085571289
v -5.291016578674316 -7.941900253295898 -11.795926094055176
v -5.55361270904541 -7.919215202331543 -11.597635269165039
v -6.012631893157959 -7.623560428619385 -11.985893249511719
v -6.130697250366211 -7.796988487243652 -11.25405502319336
v -6.625420093536377 -7.609776496887207 -11.062596321105957
v -7.045488357543945 -7.2282023429870605 -11.483721733093262
v -6.479886054992676 -7.346123695373535 -12.054701805114746
v -6.928656578063965 -7.036059856414795 -12.08784294128418
v -7.664889812469482 -7.251509189605713 -9.711531639099121
v -7.694101810455322 -7.293343544006348 -9.31825065612793
v -8.116753578186035 -6.94706392288208 -9.398004531860352
v -7.5432024002075195 -7.0206475257873535 -10.991990089416504
v -8.003647804260254 -6.745611667633057 -10.631051063537598
v -8.613065719604492 -6.400574684143066 -9.643275260925293
v -8.409958839416504 -6.366932392120361 -10.576485633850098
v -8.798123359680176 -5.962527751922607 -10.467546463012695
v -8.85340404510498 -6.075222969055176 -9.829319953918457
v -7.48089075088501 -6.894679546356201 -11.491145133972168
v -7.90189790725708 -6.535705089569092 -11.470537185668945
v -7.9510722160339355 -6.632615566253662 -11.10350513458252
v -7.362971305847168 -6.700920581817627 -12.093311309814453
v -7.785728931427002 -6.345155239105225 -12.07619857788086
v -8.33239459991455 -6.1908392906188965 -11.295072555541992
v -8.523871421813965 -5.941320419311523 -11.39167308807373
v -8.685811996459961 -5.717696666717529 -11.484163284301758
v -8.198535919189453 -5.971827983856201 -12.039960861206055
v -8.597878456115723 -5.574958801269531 -11.977872848510742
v -9.376362800598145 -5.819843292236328 -7.800187587738037
v -9.535152435302734 -5.571115970611572 -7.699249267578125
v -9.262311935424805 -5.823766231536865 -8.678430557250977
v -9.642112731933594 -5.2671942710876465 -8.363479614257812
v -9.673723220825195 -5.287228584289551 -7.908100605010986
v -9.2081937789917 -5.493126392364502 -10.216472625732422
v -9.240933418273926 -5.673439025878906 -9.410073280334473
v -9.511157035827637 -5.065449237823486 -10.081873893737793
v -9.596670150756836 -5.177060604095459 -9.159441947937012
v -9.888689041137695 -4.665856838226318 -8.917206764221191
v -9.881842613220215 -4.817131996154785 -8.134527206420898
v -10.050753593444824 -4.325821876525879 -8.716585159301758
v -9.859416961669922 -4.529174327850342 -9.696535110473633
v -10.116135597229004 -4.009316444396973 -9.452994346618652
v -10.14315414428711 -4.058046340942383 -8.955851554870605
v -9.080218315124512 -5.316784858703613 -11.224084854125977
v -9.466072082519531 -4.957003116607666 -10.617424011230469
v -9.028475761413574 -5.106109142303467 -11.807336807250977
v -9.336506843566895 -4.67310094833374 -11.736141204833984
v -9.585819244384766 -4.643813610076904 -10.86882495880127
v -9.792403221130371 -3.9378249645233154 -11.451312065124512
v -9.71444034576416 -4.253828048706055 -11.19057559967041
v -9.756501197814941 -4.379565715789795 -10.704026222229004
v -10.064544677734375 -3.8451292514801025 -10.302090644836426
v -9.970932006835938 -3.6138319969177246 -11.247533798217773
v -10.239569664001465 -3.7244486808776855 -9.264846801757812
v -10.37765884399414 -3.1295526027679443 -9.826362609863281
v -8.22004508972168 -6.6908650398254395 -5.4456868171691895
v -8.670722007751465 -6.497230529785156 -5.486780643463135
v -9.112236976623535 -6.208923816680908 -5.642279148101807
v -7.9647674560546875 -6.284095287322998 -4.368844032287598
v -7.542402744293213 -6.634222507476807 -4.931615829467773
v -8.09519100189209 -6.5033745765686035 -4.872237205505371
v -7.431971549987793 -6.345785140991211 -4.38686466217041
v -8.776416778564453 -6.256748676300049 -4.8755364418029785
v -9.067251205444336 -6.092423915863037 -4.9306159019470215
v -8.504877090454102 -6.15518856048584 -4.320469856262207
v -6.547138690948486 -6.139831066131592 -3.9833436012268066
v -6.819718837738037 -6.298652648925781 -4.242292881011963
v -6.5715861320495605 -5.777510643005371 -3.555206060409546
v -5.179230690002441 -5.326916694641113 -2.856846570968628
v -8.991921424865723 -5.964731216430664 -4.329183578491211
v -8.893584251403809 -5.8301897048950195 -3.8042869567871094
v -7.967743396759033 -5.745700836181641 -3.405203104019165
v -8.405510902404785 -5.9329729080200195 -3.7894771099090576
v -8.242603302001953 -5.740966320037842 -3.3704447746276855
v -8.774582862854004 -5.6880083084106445 -3.3135838508605957
v -7.299358367919922 -5.2087907791137695 -2.6469359397888184
v -7.452563285827637 -5.368969917297363 -2.8717925548553467
v -8.473885536193848 -5.532961845397949 -2.85882568359375
v -8.702271461486816 -5.599714279174805 -3.045660972595215
v -8.496495246887207 -5.228918552398682 -2.2271294593811035
v -8.087818145751953 -5.524262428283691 -2.9374775886535645
v -7.996771335601807 -5.323355197906494 -2.4858531951904297
v -7.840536117553711 -6.011033058166504 -3.8741819858551025
v -7.122130393981934 -5.7898993492126465 -3.5528218746185303
v -7.685271739959717 -5.7433671951293945 -3.4420790672302246
v -7.3759002685546875 -6.049698829650879 -3.9163711071014404
v -6.707385063171387 -5.442739009857178 -3.1400070190429688
v -6.9579548835754395 -5.440720558166504 -3.112924098968506
v -6.790041446685791 -5.156875133514404 -2.732135057449341
v -6.408318042755127 -5.455282211303711 -3.167931079864502
v -3.6299500465393066 -4.91846227645874 -1.4732123613357544
v -2.7358345985412598 -4.4933695793151855 0.41494402289390564
v -3.2571778297424316 -4.600370407104492 0.028429865837097168
v -3.0903141498565674 -4.3646039962768555 0.5392608046531677
v -2.208378553390503 -5.018213748931885 -1.3126757144927979
v -2.5932960510253906 -5.032641410827637 -1.5508689880371094
v -2.4500539302825928 -5.025360107421875 -1.2612268924713135
v -2.3159291744232178 -5.045835494995117 -0.8785707354545593
v -3.2387638092041016 -4.975001335144043 -1.1093004941940308
v -3.5643539428710938 -4.922516822814941 -1.2593700885772705
v -3.5051913261413574 -4.934579372406006 -1.0672504901885986
v -2.6583595275878906 -5.05362606048584 -0.7914363145828247
v -2.9238688945770264 -5.020378112792969 -0.947031557559967
v -3.3739044666290283 -4.884244441986084 -0.5855645537376404
v -3.1124725341796875 -4.987281322479248 -1.5403488874435425
v -2.9889988899230957 -4.996493339538574 -1.154356598854065
v -2.1753618717193604 -5.0023603439331055 -0.4239204227924347
v -1.9086018800735474 -4.752147197723389 0.036136526614427567
v -1.5918797254562378 -5.017930507659912 -0.6767768263816833
v -1.7413076162338257 -4.974559783935547 -1.014500379562378
v -1.1251065731048584 -5.231009006500244 -0.45984435081481934
v -1.4404791593551636 -4.999134540557861 -0.24149347841739655
v -2.7158384323120117 -4.827539443969727 -0.1999451369047165
v -8.212669372558594 -4.71655797958374 -1.1028227806091309
v -8.35191535949707 -4.909485340118408 -1.5258084535598755
v -8.077058792114258 -4.471357822418213 -0.5264332890510559
v -7.338081359863281 -4.277646064758301 -0.41434571146965027
v -7.519323825836182 -3.503783702850342 1.7127013206481934
v -7.090205192565918 -3.2507734298706055 2.1523170471191406
v -7.379404544830322 -3.2192959785461426 2.312407970428467
v -6.527756690979004 -3.880707263946533 0.3238668739795685
v -7.568268299102783 -3.985267400741577 0.48129335045814514
v -7.955856800079346 -4.229475021362305 0.06248173117637634
v -7.807376384735107 -3.981487274169922 0.6300553679466248
v -7.771860122680664 -3.7307469844818115 1.266061782836914
v -6.831058025360107 -4.02289342880249 0.0432557575404644
v -7.203647136688232 -3.9952213764190674 0.25747716426849365
v -5.355612754821777 -3.5166501998901367 1.2781808376312256
v -6.930448532104492 -3.5105955600738525 1.4060335159301758
v -7.017251968383789 -3.660494565963745 1.0425001382827759
v -6.7939653396606445 -3.269710063934326 1.9806840419769287
v -6.350383758544922 -3.5659525394439697 1.0854778289794922
v -5.371616363525391 -4.631402969360352 -1.2298659086227417
v -5.804995059967041 -4.671070098876953 -1.609920620918274
v -5.661230087280273 -4.545604228973389 -1.1388858556747437
v -3.8601393699645996 -5.068836688995361 -2.1383373737335205
v -4.902115345001221 -4.876135349273682 -2.1429145336151123
v -5.947616100311279 -4.776388645172119 -2.02354097366333
v -4.63818883895874 -4.723515033721924 -1.349482536315918
v -7.19346809387207 -5.015657424926758 -2.2276008129119873
v -6.465846061706543 -4.802262306213379 -1.9828095436096191
v -7.0428009033203125 -4.833438396453857 -1.764259696006775
v -7.77638053894043 -5.097526550292969 -2.095937967300415
v -7.304306983947754 -4.7960286140441895 -1.627559781074524
v -7.61812162399292 -4.761264324188232 -1.4552074670791626
v -6.894054412841797 -4.562032222747803 -1.222150206565857
v -6.439350128173828 -4.349526405334473 -0.8049484491348267
v -6.754917621612549 -4.295718669891357 -0.6483526229858398
v -6.342774391174316 -4.671585559844971 -1.4722766876220703
v -6.197979927062988 -4.400955677032471 -0.9162154793739319
v -7.475013732910156 -4.493995189666748 -0.8954612016677856
v -6.307361602783203 -5.167074680328369 -2.7874467372894287
v -6.093557357788086 -4.940070152282715 -2.4161219596862793
v -6.85890531539917 -4.960975646972656 -2.2993412017822266
v -3.9159297943115234 -4.628620147705078 -0.3784167468547821
v -4.454853534698486 -4.596402645111084 -0.6693820953369141
v -4.371456623077393 -4.442619323730469 -0.31052321195602417
v -5.388492584228516 -4.044250011444092 0.010321635752916336
v -4.100200176239014 -3.9554762840270996 0.8459457159042358
v -3.739037275314331 -4.41740083694458 0.13257384300231934
v -4.236175537109375 -4.195812225341797 0.2666403353214264
v -3.5984482765197754 -4.162811279296875 0.6979588866233826
v -4.049961090087891 -4.836705684661865 -1.42387855052948
v -4.007213592529297 -4.83851957321167 -0.9903717637062073
v -5.007523059844971 -7.845117568969727 -6.711544513702393
v -4.909180641174316 -7.560125350952148 -5.906228542327881
v -3.5260894298553467 -7.138786315917969 -4.939438343048096
v -4.768409729003906 -7.2793755531311035 -5.295093059539795
v -4.680556297302246 -6.887817859649658 -4.6282734870910645
v -3.945446014404297 -7.404638767242432 -5.42940092086792
v -4.290157794952393 -7.576581001281738 -5.841329574584961
v -4.221651554107666 -7.356033802032471 -5.350153923034668
v -4.215322017669678 -6.974714279174805 -4.704288959503174
v -1.8543843030929565 -5.820748329162598 -3.2952919006347656
v -4.0723443031311035 -6.223926067352295 -3.694020986557007
v -4.545641899108887 -6.49870491027832 -4.091654300689697
v -4.420531272888184 -6.161964416503906 -3.6659743785858154
v -4.151375770568848 -5.538712501525879 -2.8967599868774414
v -2.642021894454956 -6.445736408233643 -3.9849188327789307
v -3.2828140258789062 -6.33499813079834 -3.789902448654175
v -2.094805955886841 -7.866484642028809 -7.43008279800415
v -2.4763965606689453 -8.07687759399414 -8.277972221374512
v -2.373684883117676 -7.877527236938477 -7.174861431121826
v -2.280482053756714 -7.656225681304932 -6.41741418838501
v -1.7777609825134277 -7.23323392868042 -5.6620192527771
v -1.4823204278945923 -7.364163875579834 -6.277743816375732
v -3.75522518157959 -8.08777904510498 -7.455169200897217
v -4.417839050292969 -8.014551162719727 -7.174279689788818
v -3.2749886512756348 -7.507534027099609 -5.671634197235107
v -3.700042486190796 -7.741626262664795 -6.237226486206055
v -3.6166980266571045 -7.458530902862549 -5.538155555725098
v -2.884875535964966 -7.168413162231445 -5.067537784576416
v -2.6916487216949463 -7.56555700302124 -5.963274955749512
v -3.075286388397217 -7.819949150085449 -6.578851222991943
v -2.9809606075286865 -7.5423502922058105 -5.806795597076416
v -3.04487943649292 -8.100578308105469 -7.761205673217773
v -2.5851099491119385 -7.874232292175293 -7.005920886993408
v -2.023203134536743 -6.454905033111572 -4.125555515289307
v -1.879441261291504 -6.835205554962158 -4.799224853515625
v -2.214498996734619 -7.178660869598389 -5.299653053283691
v -2.113917350769043 -6.827113628387451 -4.684831619262695
v -1.501389980316162 -6.434204578399658 -4.306375980377197
v -1.59647798538208 -6.055353164672852 -3.6872446537017822
v -1.9201080799102783 -6.047386169433594 -3.587282657623291
v -1.1985656023025513 -6.1030683517456055 -3.907728672027588
v -0.7614814043045044 -5.697919845581055 -3.4931578636169434
v -1.0610431432724 -6.455318450927734 -4.563960552215576
v -1.355625867843628 -6.803611755371094 -5.045170783996582
v -1.274814486503601 -6.44287633895874 -4.4302802085876465
v -0.9978498220443726 -6.8375067710876465 -5.409388065338135
v -0.6596358418464661 -6.472809314727783 -4.85919189453125
v -0.34096577763557434 -6.146122455596924 -4.364632606506348
v 0.01668291538953781 -5.857111930847168 -3.931640625
v -0.7115093469619751 -6.074045658111572 -4.0962910652160645
v -2.4097342491149902 -6.807337760925293 -4.565006732940674
v -2.7797279357910156 -6.777737140655518 -4.440568923950195
v -3.0194637775421143 -6.753133773803711 -4.373889923095703
v -6.745889186859131 -7.379558086395264 -6.2553391456604
v -7.247211933135986 -7.376367092132568 -6.6411261558532715
v -7.2141313552856445 -7.265258312225342 -6.237011432647705
v -6.580078601837158 -7.148435592651367 -5.60601806640625
v -6.030631065368652 -7.287276268005371 -5.682493209838867
v -5.917628765106201 -6.978347301483154 -5.053366184234619
v -5.267765998840332 -6.8509297370910645 -4.679121494293213
v -5.788179397583008 -6.652304172515869 -4.509936332702637
v -7.129575252532959 -7.006351470947266 -5.536987781524658
v -7.00848913192749 -6.7230072021484375 -4.953155994415283
v -6.0283966064453125 -6.596014976501465 -4.49252986907959
v -6.492356777191162 -6.804563045501709 -4.936334609985352
v -6.330911636352539 -6.528841018676758 -4.471440315246582
v -5.872309684753418 -7.636765956878662 -6.470043182373047
v -6.154160499572754 -7.667176723480225 -6.742353439331055
v -5.3669633865356445 -7.451486110687256 -5.80171012878418
v -5.519772529602051 -7.5604472160339355 -6.106816291809082
v -5.569983005523682 -7.7165703773498535 -6.542123794555664
v -5.476574420928955 -7.0821533203125 -5.108737468719482
v -7.7343621253967285 -7.074600696563721 -6.105665683746338
v -8.241851806640625 -6.890579700469971 -6.172504425048828
v -7.661824703216553 -6.8714375495910645 -5.498989105224609
v -8.704527854919434 -6.651487827301025 -6.455119609832764
v -9.11086654663086 -6.2841572761535645 -6.460859298706055
v -5.498511791229248 -5.947705268859863 -3.609380006790161
v -5.646203994750977 -6.2974934577941895 -4.034552097320557
v -6.183440208435059 -6.189736366271973 -4.007230758666992
v -6.118264675140381 -5.8329691886901855 -3.5830681324005127
v -1.1803319454193115 -4.977439880371094 -1.896652102470398
v -1.5113948583602905 -5.064482688903809 -2.088128089904785
v -1.415895700454712 -4.984528541564941 -1.8388341665267944
v -1.6341962814331055 -5.244363784790039 -2.459321975708008
v -1.6972484588623047 -5.374405860900879 -2.6694750785827637
v -1.288771390914917 -5.43259334564209 -2.887951135635376
v -0.9686687588691711 -5.209941387176514 -2.6464803218841553
v -0.7507121562957764 -4.950472831726074 -2.0098636150360107
v -0.8087494373321533 -4.99235725402832 -2.148754119873047
v -0.50562983751297 -5.03285551071167 -2.3964688777923584
v -0.9331203699111938 -5.046704292297363 -2.2795584201812744
v -3.0567760467529297 -5.691142559051514 -2.973172187805176
v -2.9354183673858643 -5.435436725616455 -2.6250064373016357
v -2.245870351791382 -5.263040065765381 -2.362071990966797
v -2.296718120574951 -5.344090938568115 -2.5176949501037598
v -2.79836106300354 -5.206319332122803 -2.242659091949463
v -2.6976897716522217 -5.106042385101318 -1.9620375633239746
v -2.0023910999298096 -5.049039363861084 -1.7990496158599854
v -2.240572452545166 -5.1263017654418945 -2.0256097316741943
v -2.3282036781311035 -5.711545467376709 -3.0687708854675293
v -2.559952735900879 -5.443769454956055 -2.6667683124542236
v -1.188688039779663 -4.967031955718994 -1.331648349761963
v -1.4385077953338623 -4.9549479484558105 -1.4972032308578491
v -1.0018467903137207 -5.132375717163086 -0.9240806698799133
v -0.5675815939903259 -5.240860939025879 -0.7454151511192322
v -0.8489130139350891 -5.261595249176025 -0.601869523525238
v -0.3502004146575928 -5.094658374786377 -1.2023221254348755
v -0.4932771325111389 -5.048266410827637 -1.4304795265197754
v -0.07683800905942917 -5.069278240203857 -0.988563060760498
v 0.09282532334327698 -4.892236709594727 -2.0037479400634766
v 0.2462041974067688 -4.835921287536621 -1.7439504861831665
v -0.33186307549476624 -4.96040153503418 -1.8399323225021362
v -0.7313014268875122 -4.978987216949463 -1.7052299976348877
v -0.060205552726984024 -4.937657833099365 -1.6353392601013184
v 0.6357548236846924 -4.629588603973389 -1.6027395725250244
v 0.42427417635917664 -4.745455265045166 -1.524465799331665
v 0.6370241045951843 -4.559864521026611 -1.3229280710220337
v 0.17102961242198944 -4.879146099090576 -1.4248665571212769
v 0.36556702852249146 -4.766409397125244 -1.2033565044403076
v -1.8812803030014038 -4.979034900665283 -1.3886522054672241
v -0.1677524894475937 -5.209497451782227 -2.8386220932006836
v -0.19351555407047272 -5.3244099617004395 -3.0162434577941895
v -0.8135649561882019 -5.406408309936523 -3.0227603912353516
v -1.122222661972046 -5.662208080291748 -3.2932722568511963
v -1.0371177196502686 -5.406289100646973 -2.956597089767456
v -0.4311169981956482 -5.20255184173584 -2.7561757564544678
v -0.10866308957338333 -5.056375026702881 -2.535942554473877
v 0.2665706276893616 -4.920490741729736 -2.323833703994751
v -0.09377805888652802 -4.956748008728027 -2.216247797012329
v 0.3371789753437042 -5.048003196716309 -2.652902841567993
v -0.006596221122890711 -5.503592491149902 -3.347289562225342
v -0.2551549971103668 -5.693025588989258 -3.5856330394744873
v -0.21879824995994568 -5.472877502441406 -3.244873285293579
v 0.35045304894447327 -5.271233558654785 -3.0516226291656494
v 0.35514745116233826 -5.577367305755615 -3.5583415031433105
v 1.1879745721817017 -4.86527681350708 -2.5623230934143066
v 1.1203252077102661 -5.067867279052734 -2.9507176876068115
v 0.7660523056983948 -5.024825096130371 -2.7847900390625
v 0.610125720500946 -4.772286891937256 -2.1286959648132324
v 1.1717782020568848 -4.714678764343262 -2.2365968227386475
v 0.7960505485534668 -4.827053546905518 -2.4204800128936768
v 0.8629446625709534 -4.712998867034912 -2.174682140350342
v 1.229292392730713 -4.39428186416626 -1.755845069885254
v 1.050144076347351 -4.533638000488281 -1.875732421875
v 1.419021487236023 -4.138113021850586 -1.562612533569336
v -9.022384643554688 -5.076749801635742 -2.021470785140991
v -9.514753341674805 -4.813975811004639 -2.0453550815582275
v -9.80899429321289 -4.391312599182129 -1.9718427658081055
v -9.432602882385254 -5.859829902648926 -5.678944110870361
v -9.413104057312012 -5.785549640655518 -4.991524696350098
v -9.792802810668945 -5.20596170425415 -4.8014140129089355
v -9.781185150146484 -5.189737319946289 -4.553062438964844
v -9.800829887390137 -5.246908664703369 -5.484335422515869
v -9.800586700439453 -5.2300591468811035 -5.219002723693848
v -9.940030097961426 -4.891937732696533 -4.68021821975708
v -9.944284439086914 -4.941432952880859 -5.3663330078125
v -10.068521499633789 -4.620504379272461 -5.228917598724365
v -10.062566757202148 -4.592160224914551 -4.829014778137207
v -10.191802978515625 -4.218570709228516 -5.041417598724365
v -9.120343208312988 -5.56999397277832 -3.2725067138671875
v -9.627256393432617 -5.161284923553467 -3.2772228717803955
v -9.398799896240234 -5.625105381011963 -4.188165664672852
v -9.35130786895752 -5.582049369812012 -3.831602096557617
v -9.863502502441406 -4.962165832519531 -4.011666774749756
v -10.018756866455078 -4.569633960723877 -3.8311150074005127
v -9.998091697692871 -4.579165935516357 -3.5509490966796875
v -10.105339050292969 -4.276096820831299 -3.676342248916626
v -9.150056838989258 -5.280205249786377 -2.6227052211761475
v -9.59267520904541 -4.958764553070068 -2.610342264175415
v -9.996485710144043 -4.360104560852051 -2.8786473274230957
v -10.195521354675293 -3.7608771324157715 -3.288459062576294
v -10.051871299743652 -4.572598934173584 -4.534806728363037
v -10.03695011138916 -4.563588619232178 -4.176856517791748
v -10.159327507019043 -4.201556205749512 -4.353672504425049
v -10.246841430664062 -3.7028768062591553 -3.962017774581909
v -10.269391059875488 -3.8745336532592773 -4.867435455322266
v -10.258302688598633 -3.844989061355591 -4.554003715515137
v -10.225715637207031 -3.157860279083252 -2.92413067817688
v -10.319413185119629 -3.5875988006591797 -4.715951919555664
v -10.312420845031738 -2.922628879547119 -3.6405189037323
v -10.259389877319336 -2.8371191024780273 -3.158289909362793
v -10.286090850830078 -2.5647480487823486 -3.3249149322509766
v -10.378764152526855 -2.9715397357940674 -4.389434337615967
v -10.381989479064941 -2.4815549850463867 -4.059604644775391
v -10.35282039642334 -1.8317526578903198 -3.8275461196899414
v -8.64354133605957 -4.141016006469727 0.4553180932998657
v -9.119787216186523 -4.088922023773193 0.30842679738998413
v -9.058648109436035 -3.978039503097534 0.5931254029273987
v -9.539849281311035 -3.585897445678711 0.43963751196861267
v -9.344720840454102 -4.5003886222839355 -0.9575608372688293
v -9.290185928344727 -4.400641918182373 -0.648093044757843
v -8.910109519958496 -4.8431854248046875 -1.3996144533157349
v -9.396759986877441 -4.596321105957031 -1.289070725440979
v -9.729598999023438 -3.9416112899780273 -0.7636383175849915
v -9.780460357666016 -4.174826145172119 -1.4090312719345093
v -9.963024139404297 -3.805696487426758 -1.6199647188186646
v -9.988228797912598 -3.4455153942108154 -1.3619110584259033
v -8.385791778564453 -4.442780494689941 -0.34084373712539673
v -8.820470809936523 -4.583876132965088 -0.7075191736221313
v -8.662602424621582 -4.393665790557861 -0.19467246532440186
v -9.178949356079102 -4.1970977783203125 -0.01764233596622944
v -9.58926010131836 -3.8208394050598145 -0.07780910283327103
v -9.8201904296875 -3.23346209526062 -0.28023993968963623
v -9.75059986114502 -3.0075793266296387 0.18455655872821808
v -9.911642074584961 -2.7766988277435303 -0.8083027601242065
v -9.782464027404785 -2.3414063453674316 -0.4011019468307495
v -8.27940845489502 -3.9456887245178223 0.9191627502441406
v -8.92800235748291 -3.742102861404419 1.1804803609848022
v -8.260845184326172 -3.6690635681152344 1.5463355779647827
v -9.351914405822754 -3.3892714977264404 1.150199055671692
v -9.599451065063477 -2.9305901527404785 0.9023119211196899
v -9.560872077941895 -2.663266897201538 1.1279144287109375
v -8.754700660705566 -3.433488368988037 1.8473327159881592
v -8.625181198120117 -3.2021431922912598 2.2628684043884277
v -7.943758487701416 -3.1528799533843994 2.5454118251800537
v -8.450990676879883 -2.8924896717071533 2.7531678676605225
v -8.21028995513916 -3.3730554580688477 2.1325433254241943
v -9.1332426071167 -2.9994993209838867 1.9502109289169312
v -9.11312198638916 -2.728642463684082 2.1674740314483643
v -8.950197219848633 -2.319122314453125 2.5749993324279785
v -9.320226669311523 -2.1461150646209717 1.7805980443954468
v -9.089092254638672 -1.8294638395309448 2.2252750396728516
v -9.660265922546387 -2.392820119857788 0.4537309408187866
v -9.48772144317627 -1.9905261993408203 0.8619545698165894
v -9.614371299743652 -1.9365029335021973 0.006837963126599789
v -9.4114351272583 -1.6185286045074463 0.4151786267757416
v -9.278068542480469 -1.6339772939682007 1.2702070474624634
v -9.02751350402832 -1.3965721130371094 1.6788607835769653
v -9.179780960083008 -1.3725357055664062 0.8236738443374634
v -8.875540733337402 -1.1672136783599854 1.2324968576431274
v -10.113776206970215 -3.6813268661499023 -2.4344944953918457
v -10.042337417602539 -3.5468292236328125 -1.801568865776062
v -10.112932205200195 -3.200084924697876 -2.0695149898529053
v -10.042655944824219 -2.7192206382751465 -1.6632025241851807
v -10.172547340393066 -2.695971727371216 -2.524106502532959
v -10.056262016296387 -2.4830989837646484 -1.8693270683288574
v -10.06768798828125 -2.20390248298645 -2.1112022399902344
v -9.88696575164795 -2.176903009414673 -1.158866047859192
v -9.764662742614746 -1.9551855325698853 -0.7618581056594849
v -9.925068855285645 -1.7695441246032715 -1.7036244869232178
v -9.748394966125488 -1.4909477233886719 -1.2957627773284912
v -10.21262264251709 -2.113837242126465 -2.954787492752075
v -10.09736442565918 -1.609843134880066 -2.65231990814209
v -10.24436092376709 -1.5896292924880981 -3.3167898654937744
v -10.088963508605957 -1.2832136154174805 -2.98720121383667
v -9.904096603393555 -1.3581048250198364 -2.2418735027313232
v -9.61270523071289 -1.2281478643417358 -1.7666676044464111
v -9.455219268798828 -1.015116572380066 -2.1913793087005615
v -9.571943283081055 -1.6169098615646362 -0.3685782849788666
v -9.357921600341797 -1.4022401571273804 0.08841810375452042
v -9.464639663696289 -1.2955191135406494 -0.8876428604125977
v -9.118965148925781 -1.1380128860473633 -0.4791470468044281
v -8.512742042541504 -0.9104437828063965 0.5779300928115845
v -8.974787712097168 -1.1655280590057373 0.3881700336933136
v -8.760087013244629 -0.9779755473136902 -0.07047644257545471
v -8.39001178741455 -0.8092763423919678 0.3384270966053009
v -8.856727600097656 -0.8487961292266846 -1.1014236211776733
v -8.740555763244629 -0.7202897667884827 -1.3741588592529297
v -7.9366326332092285 -0.4194652736186981 -0.6466387510299683
v -8.226512908935547 -0.5432407855987549 -0.8203787803649902
v -9.386652946472168 -5.936588764190674 -6.430229663848877
v -9.42713451385498 -5.830013275146484 -7.054086208343506
v -9.738433837890625 -5.300734996795654 -6.859462261199951
v -9.784151077270508 -5.2723917961120605 -6.066709518432617
v -10.022210121154785 -4.689044952392578 -6.58135461807251
v -10.053805351257324 -4.657801151275635 -5.8986053466796875
v -10.062902450561523 -4.636468410491943 -5.545787334442139
v -10.172125816345215 -4.325854301452637 -5.750241756439209
v -10.28142261505127 -3.956313371658325 -5.577228546142578
v -10.278142929077148 -3.9161500930786133 -5.2376933097839355
v -10.326217651367188 -3.791897773742676 -6.159283638000488
v -9.694475173950195 -5.29189395904541 -7.575510501861572
v -10.273459434509277 -3.963136911392212 -6.940941333770752
v -9.980249404907227 -4.710420608520508 -7.305860996246338
v -10.347640991210938 -3.6534481048583984 -5.4253082275390625
v -10.454120635986328 -3.153179883956909 -5.821556091308594
v -10.443763732910156 -3.335557222366333 -6.603423595428467
v -10.596220016479492 -2.6836097240448 -6.986145496368408
v -10.638132095336914 -2.2280337810516357 -6.642964839935303
v -10.42492961883545 -3.101300001144409 -5.131107807159424
v -10.463105201721191 -2.4818413257598877 -4.768967628479004
v -10.518548011779785 -2.555804967880249 -5.474198341369629
v -10.533072471618652 -2.259732961654663 -5.301462650299072
v -10.521585464477539 -2.085167646408081 -5.066603660583496
v -10.450906753540039 -2.0234620571136475 -4.441396236419678
v -10.386014938354492 -1.446702480316162 -4.095818042755127
v -10.498501777648926 -1.4601116180419922 -4.81638240814209
v -10.357184410095215 -1.08827805519104 -4.529037952423096
v -10.57159423828125 -2.449854850769043 -6.076740264892578
v -10.553062438964844 -2.347449779510498 -5.648611545562744
v -10.590928077697754 -2.1017870903015137 -5.871719837188721
v -10.592395782470703 -1.4162273406982422 -5.701815128326416
v -10.647208213806152 -1.603518009185791 -6.300622940063477
v -10.612112998962402 -1.2281012535095215 -5.965567111968994
v -10.553147315979004 -1.315842628479004 -5.366915225982666
v -10.515422821044922 -1.2302414178848267 -5.0957255363464355
v -10.252154350280762 -0.9060918688774109 -4.847149848937988
v -10.383025169372559 -0.9668368697166443 -5.593378067016602
v -10.083568572998047 -0.6589186787605286 -5.352794647216797
v -10.161355972290039 -4.079549312591553 -8.575159072875977
v -10.196916580200195 -4.110383033752441 -7.804487705230713
v -10.437280654907227 -3.428666114807129 -7.419914245605469
v -10.367045402526855 -3.4019320011138916 -9.054319381713867
v -10.402243614196777 -3.447305917739868 -8.439537048339844
v -10.499889373779297 -3.046719789505005 -8.8218994140625
v -10.591634750366211 -2.751890182495117 -8.607019424438477
v -10.589999198913574 -2.846021890640259 -7.961828708648682
v -10.665144920349121 -2.4380476474761963 -8.373784065246582
v -10.67188835144043 -2.343066453933716 -7.473921775817871
v -10.697834968566895 -1.8138147592544556 -7.097694396972656
v -10.722996711730957 -1.942952275276184 -7.951455116271973
v -10.734021186828613 -1.3898723125457764 -7.574383735656738
v -10.581130027770996 -2.6083152294158936 -9.250994682312012
v -10.657672882080078 -1.8197444677352905 -9.726608276367188
v -10.712047576904297 -1.9494961500167847 -8.887370109558105
v -10.709294319152832 -1.4869381189346313 -9.409132957458496
v -10.750724792480469 -1.4534155130386353 -8.458182334899902
v -10.72928524017334 -1.0817912817001343 -8.052993774414062
v -10.684430122375488 -1.3183434009552002 -6.746790409088135
v -10.477893829345703 -0.9701647758483887 -6.5119194984436035
v -10.616454124450684 -1.0578864812850952 -7.18258810043335
v -10.32702350616455 -0.8542478680610657 -6.021670818328857
v -10.599791526794434 -0.8159849643707275 -8.51766586303711
v -10.409887313842773 -0.839784562587738 -6.789422988891602
v -9.888579368591309 -0.36226239800453186 -6.0424723625183105
v -10.524134635925293 -0.8520764112472534 -7.628260135650635
v -10.299826622009277 -0.6298125982284546 -7.22645378112793
v -10.39523696899414 -0.6216387152671814 -8.083087921142578
v -10.192957878112793 -0.44726112484931946 -7.675662517547607
v -10.161723136901855 -0.5902441143989563 -6.410740375518799
v -9.950650215148926 -0.33465200662612915 -6.706158638000488
v -9.79909610748291 -0.2505132257938385 -6.358231067657471
v -9.909978866577148 -0.23979805409908295 -7.278727054595947
v -9.633818626403809 -0.04700682684779167 -6.902950763702393
v -9.81686019897461 -0.6902545094490051 -3.7492258548736572
v -9.137051582336426 -0.37034526467323303 -3.0117132663726807
v -9.878308296203613 -0.5069551467895508 -4.922256946563721
v -9.523289680480957 -0.27313098311424255 -4.517908096313477
v -8.382999420166016 -0.20253673195838928 -2.25315523147583
v -7.574559688568115 -0.04093676432967186 -1.4654711484909058
v -8.06378173828125 0.33593669533729553 -3.085472822189331
v -8.690937042236328 0.09710396081209183 -3.6709258556365967
v -7.228825569152832 0.7102954387664795 -2.3626673221588135
v -7.96467924118042 0.5232983231544495 -3.38515305519104
v -6.990178108215332 1.4904048442840576 -3.3375916481018066
v -7.190654277801514 1.3308117389678955 -3.4966111183166504
v -6.926337242126465 1.7005038261413574 -3.6867432594299316
v -9.224603652954102 0.09825829416513443 -5.490359306335449
v -8.570117950439453 0.4407132565975189 -4.6393961906433105
v -9.591503143310547 -0.16422133147716522 -5.679312229156494
v -9.532734870910645 -0.09037443995475769 -5.883314609527588
v -9.466422080993652 -0.011252938769757748 -6.102524280548096
v -9.1458158493042 0.19909536838531494 -5.753242492675781
v -9.337347984313965 0.1627243459224701 -6.544445991516113
v -9.017547607421875 0.38563624024391174 -6.202481746673584
v -8.930907249450684 0.23487704992294312 -4.979305267333984
v -8.87244987487793 0.32407698035240173 -5.187051296234131
v -8.804582595825195 0.4201321303844452 -5.415455341339111
v -8.462830543518066 0.6395977139472961 -5.042357921600342
v -8.673951148986816 0.6235652565956116 -5.874962329864502
v -8.324033737182617 0.8965595960617065 -5.566594123840332
v -7.797322750091553 0.9011801481246948 -3.976693868637085
v -7.576670169830322 1.43896484375 -4.987039089202881
v -6.783673286437988 1.769429326057434 -4.383779048919678
v 11.994367599487305 -5.998991012573242 3.6229982376098633
v 11.505918502807617 -5.886135101318359 3.4437220096588135
v 11.514860153198242 -5.699817657470703 3.7481637001037598
v 13.162253379821777 -6.750710964202881 3.9366040229797363
v 12.61856460571289 -6.603010654449463 4.176429748535156
v 13.51037883758545 -6.6225690841674805 4.465194225311279
v 13.257755279541016 -6.585598945617676 4.608839511871338
v 11.587723731994629 -5.4055256843566895 4.432311534881592
v 12.507070541381836 -6.342458248138428 4.8955841064453125
v 12.134912490844727 -6.04884147644043 4.684515953063965
v 12.193069458007812 -6.015753269195557 4.970527172088623
v 11.66955280303955 -5.631026744842529 5.115085124969482
v 12.084010124206543 -5.986823081970215 4.328019142150879
v 14.113590240478516 -6.501093864440918 1.004686713218689
v 13.5750093460083 -6.455155372619629 0.7476879358291626
v 13.61358642578125 -6.390126705169678 1.18012535572052
v 12.054765701293945 -6.175142288208008 1.9102585315704346
v 11.38127613067627 -5.965872287750244 1.5925909280776978
v 11.451912879943848 -6.08255672454834 2.1756820678710938
v 12.3735990524292 -6.35068941116333 0.18023622035980225
v 11.225777626037598 -6.3834757804870605 -0.41025644540786743
v 11.295310974121094 -6.103802680969238 0.6360442042350769
v 13.076025009155273 -6.298387050628662 1.4556374549865723
v 12.494784355163574 -6.268743991851807 1.1840307712554932
v 12.529251098632812 -6.190574645996094 1.676906704902649
v 13.105387687683105 -6.416687488555908 0.570705771446228
v 13.723159790039062 -6.235037803649902 2.692686080932617
v 13.77392864227295 -6.625354290008545 3.518503189086914
v 14.0709228515625 -6.503854274749756 3.967815637588501
v 14.519036293029785 -6.154779434204102 3.4848790168762207
v 14.976666450500488 -6.4476470947265625 1.8771556615829468
v 14.83115005493164 -6.627863883972168 1.395969033241272
v 13.864425659179688 -6.371851921081543 1.8447370529174805
v 14.35374641418457 -6.458415985107422 2.299273729324341
v 14.251508712768555 -6.533135414123535 1.633386492729187
v 15.192079544067383 -6.030128479003906 2.1291215419769287
v 14.814048767089844 -6.325812816619873 2.6277923583984375
v 14.312668800354004 -6.507073879241943 3.0764119625091553
v 14.823599815368652 -5.891836166381836 3.0410425662994385
v 14.989755630493164 -5.502687931060791 2.586151123046875
v 12.941365242004395 -6.285398960113525 3.1851282119750977
v 12.5768461227417 -6.176190376281738 3.016245126724243
v 12.584855079650879 -6.180907249450684 3.358111619949341
v 12.932010650634766 -6.195338726043701 2.3135523796081543
v 12.555811882019043 -6.189801216125488 2.1400160789489746
v 12.571993827819824 -6.198650360107422 2.502701997756958
v 12.006832122802734 -6.083803176879883 2.7608301639556885
v 11.468412399291992 -6.005988121032715 2.542013645172119
v 11.486226081848145 -5.948811054229736 2.979429006576538
v 3.6062910556793213 -1.7082500457763672 3.9987893104553223
v 3.0901477336883545 -1.6576987504959106 4.1260986328125
v 3.7410728931427 -1.576184630393982 4.539035797119141
v 3.2492823600769043 -1.5147403478622437 4.639517784118652
v 4.234614372253418 -1.5354845523834229 4.428752899169922
v 4.410382270812988 -1.400837779045105 4.894509792327881
v 5.043781280517578 -1.4168542623519897 5.133350372314453
v 4.588461875915527 -1.3258877992630005 5.365232467651367
v 3.9163339138031006 -1.4063842296600342 5.021085739135742
v 3.4206316471099854 -1.3552742004394531 5.134402751922607
v 4.0902018547058105 -1.3006147146224976 5.503210544586182
v 4.769357204437256 -1.4233465194702148 5.76284646987915
v 5.324517726898193 -1.4951813220977783 5.622951984405518
v 5.266355991363525 -1.2747403383255005 5.9758381843566895
v 5.007255554199219 -1.280542016029358 6.098245143890381
v 3.62613582611084 -1.2699241638183594 5.73408317565918
v 3.759505271911621 -1.2292168140411377 6.113833904266357
v 4.313377857208252 -1.2329119443893433 6.4151740074157715
v 3.96298885345459 -1.1389806270599365 6.524722099304199
v 4.041927814483643 -1.2886314392089844 6.033905506134033
v 6.923442363739014 -4.906103610992432 -1.600154995918274
v 6.662223815917969 -4.885213851928711 -1.6917142868041992
v 10.072157859802246 -6.384994983673096 -1.0817923545837402
v 10.097957611083984 -6.362728595733643 -0.6665355563163757
v 9.637031555175781 -6.309775352478027 -0.2680905759334564
v 9.044679641723633 -6.385043144226074 -0.4448804557323456
v 9.173291206359863 -6.304165363311768 0.1368429958820343
v 9.717784881591797 -6.3953142166137695 -1.1160541772842407
v 9.274965286254883 -6.388638019561768 -0.9661887288093567
v 8.923673629760742 -6.318769931793213 -1.2748936414718628
v 8.96625804901123 -6.3960466384887695 -0.883500337600708
v 8.08360767364502 -6.298564910888672 0.18203496932983398
v 7.581286430358887 -6.18644380569458 0.24739693105220795
v 6.952517986297607 -6.203200340270996 -0.32171565294265747
v 7.106550216674805 -6.064094543457031 0.317227303981781
v 8.496131896972656 -6.023465156555176 -1.3563679456710815
v 8.019122123718262 -5.696032524108887 -1.4075231552124023
v 8.133999824523926 -6.230098724365234 -1.1165844202041626
v 7.153487682342529 -6.159924507141113 -0.9174605011940002
v 6.775518894195557 -5.979945659637451 -0.9502496719360352
v 7.464132308959961 -5.3522233963012695 -1.466882586479187
v 6.975407123565674 -5.5631103515625 -1.255422592163086
v 8.595428466796875 -6.379876613616943 -0.8075845837593079
v 7.999226093292236 -6.3451032638549805 -0.4407384395599365
v 7.5937910079956055 -6.042043685913086 -1.0964655876159668
v 7.457159519195557 -6.29328727722168 -0.526703417301178
v 3.1701419353485107 -3.6439099311828613 1.9094411134719849
v 2.665891170501709 -3.600498676300049 1.903657078742981
v 4.537327766418457 -4.636361122131348 1.0790907144546509
v 3.8503339290618896 -5.006511688232422 0.7759974002838135
v 4.046901702880859 -4.0970659255981445 1.5296142101287842
v 3.4049673080444336 -4.478602886199951 1.2637685537338257
v 3.1575284004211426 -5.258823871612549 0.5843715667724609
v 2.5570924282073975 -5.435359001159668 0.39339786767959595
v 5.297717094421387 -4.960289478302002 -2.0162339210510254
v 5.939722537994385 -4.88696813583374 -1.9061262607574463
v 5.335024833679199 -4.90605354309082 -1.72298002243042
v 4.105434894561768 -4.9397172927856445 -1.705897569656372
v 5.053432941436768 -4.880934238433838 -1.6552704572677612
v 4.633614540100098 -4.986849308013916 -1.8056625127792358
v 4.80521297454834 -4.842543125152588 -1.6011357307434082
v 4.302620887756348 -4.723273754119873 -1.511756420135498
v 5.9532551765441895 -5.126539707183838 -1.364959716796875
v 5.493077754974365 -4.86354923248291 -1.4868696928024292
v 5.480142593383789 -5.0473713874816895 -1.3107266426086426
v 6.029453277587891 -4.826022148132324 -1.6226799488067627
v 6.49583625793457 -5.122633934020996 -1.460001826286316
v 4.996795177459717 -4.740914821624756 -1.3953087329864502
v 4.642824649810791 -4.902805805206299 -1.2679284811019897
v 5.17558479309082 -5.122898101806641 -1.1883673667907715
v 4.868566989898682 -5.188318729400635 -1.0726263523101807
v 3.2293248176574707 -4.6870222091674805 -1.5816785097122192
v 2.945887565612793 -4.810835361480713 -1.7293964624404907
v 3.332129955291748 -4.375588417053223 -1.4033515453338623
v 2.643737554550171 -4.371275424957275 -1.531176209449768
v 2.15523362159729 -4.015363693237305 -1.4688228368759155
v 2.8669092655181885 -4.153687953948975 -1.3578977584838867
v 2.312584638595581 -4.30311918258667 -1.2732841968536377
v 3.3257875442504883 -4.5306196212768555 -1.227200984954834
v 2.9781394004821777 -4.533949375152588 -1.1780380010604858
v 2.5939040184020996 -4.618636608123779 -1.0981961488723755
v 3.1497626304626465 -4.9252610206604 -0.9840471744537354
v 2.489659309387207 -5.174521446228027 -0.7875280380249023
v 3.602205753326416 -4.820692539215088 -1.6263622045516968
v 3.8164451122283936 -4.5550432205200195 -1.4458444118499756
v 4.122387409210205 -4.751646518707275 -1.2918980121612549
v 3.6963272094726562 -4.588599681854248 -1.2981895208358765
v 4.429864406585693 -5.033055782318115 -1.0829875469207764
v 3.8615870475769043 -4.839095592498779 -1.087316632270813
v 6.332107067108154 -6.048571586608887 -0.17694485187530518
v 5.949706554412842 -5.95344877243042 -0.11604688316583633
v 6.063124179840088 -5.669543266296387 0.4354579746723175
v 5.488561153411865 -5.517526149749756 0.43190887570381165
v 5.111342906951904 -5.595281600952148 0.19901959598064423
v 5.0699615478515625 -5.147154808044434 0.711076021194458
v 5.48393440246582 -5.852029323577881 -0.13281624019145966
v 5.019212245941162 -5.840212821960449 -0.5077946186065674
v 4.928506851196289 -5.7434515953063965 -0.16886745393276215
v 6.401348114013672 -5.536768436431885 -1.1699414253234863
v 5.791262626647949 -5.471707344055176 -1.0753253698349
v 6.359865188598633 -6.028014659881592 -0.7980390191078186
v 5.810530185699463 -6.009748458862305 -0.6346933245658875
v 5.301955699920654 -5.512515544891357 -0.9193878173828125
v 4.820659160614014 -5.462080478668213 -0.8153225779533386
v 5.304131507873535 -5.832500457763672 -0.6380317807197571
v 4.485726833343506 -5.598941326141357 -0.5151286125183105
v 3.7586114406585693 -5.714424133300781 -0.3328683376312256
v 2.4366018772125244 -5.686656475067139 -0.040022555738687515
v 3.7767562866210938 -5.317051887512207 -0.7518132328987122
v 3.100667953491211 -5.512374401092529 -0.6026467680931091
v 2.475792407989502 -5.718254566192627 -0.4423690736293793
v 3.657805919647217 -5.487461566925049 0.21632765233516693
v 4.483005046844482 -5.408051490783691 0.20753876864910126
v 3.021231174468994 -5.675967693328857 -0.06226649880409241
v 4.297730445861816 -5.211668491363525 -0.8637811541557312
v 9.843812942504883 -5.54788875579834 2.5773541927337646
v 9.146734237670898 -5.566650390625 2.245433807373047
v 9.492491722106934 -5.292826175689697 3.0299112796783447
v 7.009136199951172 -4.702359199523926 2.022634267807007
v 8.328749656677246 -5.214573860168457 2.3707358837127686
v 11.180597305297852 -5.435033798217773 5.23936128616333
v 10.633667945861816 -5.198296070098877 5.4486613273620605
v 10.082517623901367 -4.9973578453063965 5.610962867736816
v 9.595526695251465 -4.8197784423828125 5.446822166442871
v 10.567358016967773 -5.308043003082275 4.827847003936768
v 10.032769203186035 -5.190363883972168 4.795407295227051
v 9.542997360229492 -4.9174065589904785 5.048776626586914
v 10.502365112304688 -5.3486199378967285 4.036796569824219
v 10.944361686706543 -5.641369819641113 3.182666778564453
v 10.404019355773926 -5.456864833831787 2.9353480339050293
v 10.436037063598633 -5.4172210693359375 3.3104400634765625
v 9.522253036499023 -5.049689292907715 3.565891981124878
v 9.91997241973877 -5.216744899749756 3.4840011596679688
v 9.993768692016602 -5.133813858032227 4.2024641036987305
v 11.007386207580566 -5.504745960235596 3.877514123916626
v 11.081605911254883 -5.4739484786987305 4.572742462158203
v 9.39393138885498 -4.953666687011719 4.407050132751465
v 8.971044540405273 -4.75069522857666 4.4564690589904785
v 8.397216796875 -4.179815769195557 4.074970722198486
v 8.47938060760498 -4.247853755950928 4.543610572814941
v 7.66077184677124 -3.6871144771575928 3.6641292572021484
v 8.73032283782959 -4.323812007904053 5.188252925872803
v 9.067658424377441 -4.547614097595215 5.283781051635742
v 9.147584915161133 -4.4723124504089355 5.775583744049072
v 8.668062210083008 -4.128753185272217 5.876165390014648
v 8.06429672241211 -3.6630477905273438 5.016120433807373
v 7.5632452964782715 -3.0097012519836426 4.937943935394287
v 7.636020660400391 -3.1577517986297607 5.314562797546387
v 7.996182918548584 -3.6320390701293945 4.6578049659729
v 8.954594612121582 -5.02583646774292 3.090648651123047
v 8.892899513244629 -4.686827659606934 3.7915334701538086
v 8.291525840759277 -4.489995956420898 3.3476929664611816
v 10.538413047790527 -5.890734672546387 1.309058427810669
v 9.516944885253906 -6.189020156860352 0.5159995555877686
v 9.105113983154297 -6.166598320007324 0.749273955821991
v 9.976801872253418 -6.112844467163086 0.5370936989784241
v 9.691329956054688 -5.904948711395264 1.4475362300872803
v 9.0377779006958 -5.950154781341553 1.384806752204895
v 10.294902801513672 -5.669973850250244 2.1455771923065186
v 10.307892799377441 -6.2771077156066895 -0.1861516535282135
v 10.153032302856445 -6.050906181335449 0.35370615124702454
v 8.57778263092041 -5.824215412139893 1.5309169292449951
v 8.183659553527832 -6.119259357452393 0.7677053213119507
v 8.091535568237305 -5.727395057678223 1.482155442237854
v 8.59728717803955 -6.315577507019043 0.1342860758304596
v 8.68830394744873 -6.120677471160889 0.9014345407485962
v 7.725112438201904 -5.884366512298584 1.0176705121994019
v 7.127675533294678 -5.6588215827941895 0.9879650473594666
v 7.614969253540039 -5.261490821838379 1.8043259382247925
v 11.025376319885254 -5.930310249328613 2.34566330909729
v 5.058477878570557 -2.197617292404175 2.6850321292877197
v 6.935307025909424 -3.156129837036133 3.5468053817749023
v 6.3199286460876465 -2.209082841873169 3.756220817565918
v 5.5360331535339355 -1.4407826662063599 4.003875255584717
v 5.214746475219727 -1.4281607866287231 3.7984166145324707
v 5.2852582931518555 -1.336680293083191 4.085087299346924
v 6.142610549926758 -2.733712673187256 3.1221237182617188
v 5.634499549865723 -2.2697746753692627 2.9591445922851562
v 5.679856300354004 -2.099294424057007 3.295288324356079
v 5.150646209716797 -1.6550625562667847 3.4947755336761475
v 5.79843807220459 -1.6870791912078857 3.917383909225464
v 6.17657470703125 -3.72452449798584 2.358478307723999
v 6.604820728302002 -4.837006568908691 1.6144344806671143
v 6.604574680328369 -4.2634196281433105 2.181849956512451
v 5.080197811126709 -3.2541909217834473 2.198371648788452
v 5.510609149932861 -3.1193037033081055 2.405635356903076
v 5.694995403289795 -2.76226806640625 2.73054575920105
v 6.121481418609619 -4.851679801940918 1.342750906944275
v 5.6029582023620605 -4.983047962188721 1.0222113132476807
v 5.597378253936768 -3.991229295730591 1.8470350503921509
v 5.094375133514404 -4.291474342346191 1.4731734991073608
v 6.737619400024414 -4.023770809173584 2.5106866359710693
v 7.386538028717041 -4.1584930419921875 2.867851495742798
v 6.648643493652344 -3.486301898956299 2.9273416996002197
v 4.163251876831055 -2.229210138320923 3.100177526473999
v 4.594017028808594 -2.693511486053467 2.5754032135009766
v 4.103304386138916 -3.1014482975006104 2.3639729022979736
v 4.519339084625244 -1.9342262744903564 3.042222499847412
v 3.522657632827759 -2.71012544631958 2.7815439701080322
v 2.8034281730651855 -2.753268241882324 2.681037664413452
v 3.690065622329712 -2.037822723388672 3.4876582622528076
v 3.0364911556243896 -2.0417356491088867 3.528773069381714
v 3.65908145904541 -3.6302733421325684 1.9422229528427124
v 4.887844562530518 -1.5665823221206665 3.5982601642608643
v 4.56163215637207 -1.743977665901184 3.3926029205322266
v 4.617306709289551 -1.5736455917358398 3.7039873600006104
v 4.093438625335693 -1.6468708515167236 3.894418954849243
v 4.757561683654785 -1.403809666633606 4.258804798126221
v 4.590278148651123 -3.6577610969543457 1.8995985984802246
v 7.160231113433838 -2.589226722717285 4.8182597160339355
v 6.484591484069824 -2.0454399585723877 4.534405708312988
v 6.567117214202881 -2.147568464279175 4.886926174163818
v 7.417008876800537 -3.0994439125061035 4.147579193115234
v 6.934758186340332 -2.5404605865478516 4.249153137207031
v 6.21417760848999 -1.8472764492034912 4.407733917236328
v 5.867385387420654 -1.6227580308914185 4.216860771179199
v 5.936479091644287 -1.6394870281219482 4.484389305114746
v 5.432697772979736 -1.4100252389907837 4.62382698059082
v 6.083652973175049 -1.8127578496932983 4.975239276885986
v 5.583306312561035 -1.582174301147461 5.083285808563232
v 7.1691718101501465 -2.6217892169952393 5.38004207611084
v 6.711479187011719 -2.1969566345214844 5.429401397705078
v 6.25065803527832 -1.8678929805755615 5.447849750518799
v 5.771053314208984 -1.6610047817230225 5.468405723571777
v 6.42000675201416 -1.9321345090866089 5.8475165367126465
v 6.014272689819336 -1.5460573434829712 5.756824016571045
v 4.689189910888672 -1.401872158050537 4.821994781494141
v 5.549928665161133 -1.3041086196899414 5.855532646179199
v 6.710908889770508 -5.933451175689697 0.3524697721004486
v 6.549959659576416 -5.489220142364502 0.9083707332611084
v 13.566615104675293 -6.123533725738525 4.808359622955322
v 12.802223205566406 -6.055757522583008 5.277359962463379
v 13.208783149719238 -5.471104621887207 5.034575939178467
v 12.366241455078125 -6.010604381561279 5.44896125793457
v 11.817878723144531 -5.877679824829102 5.697071552276611
v 12.601862907409668 -5.600815296173096 5.548593521118164
v 12.451797485351562 -5.3411126136779785 5.660896301269531
v 12.121552467346191 -5.352804183959961 5.900115966796875
v 12.816275596618652 -5.1655168533325195 5.253505706787109
v 12.268202781677246 -5.095123767852783 5.737982273101807
v 12.426639556884766 -4.603213787078857 5.2441277503967285
v 13.982580184936523 -5.943636894226074 4.300389766693115
v 14.328182220458984 -5.694623947143555 3.8100266456604004
v 14.54700756072998 -5.280196666717529 3.3427908420562744
v 14.669174194335938 -4.8867645263671875 2.8220865726470947
v 13.776844024658203 -5.564167499542236 4.453652858734131
v 13.419245719909668 -5.087737083435059 4.604517459869385
v 13.964264869689941 -5.2391581535339355 3.9870684146881104
v 13.583294868469238 -4.75892972946167 4.107021331787109
v 13.104707717895508 -4.771029949188232 4.66944694519043
v 13.166814804077148 -4.410088539123535 4.180671691894531
v 13.076014518737793 -4.529559135437012 4.463404655456543
v 12.95321273803711 -4.278339385986328 4.216495037078857
v 12.599404335021973 -4.2717204093933105 4.755644798278809
v 14.312663078308105 -5.005634784698486 3.4301974773406982
v 13.719917297363281 -4.437951564788818 3.585792064666748
v 14.135445594787598 -4.4088335037231445 2.991969108581543
v 13.872161865234375 -4.270481109619141 3.048154830932617
v 13.327455520629883 -4.1638898849487305 3.6656992435455322
v 12.931658744812012 -3.898164749145508 3.732927083969116
v 12.824441909790039 -4.088804244995117 4.052129745483398
v 13.474262237548828 -4.065757751464844 3.1208620071411133
v 13.086528778076172 -3.7612738609313965 3.202596426010132
v 9.314741134643555 -4.41254186630249 6.3370680809021
v 8.78335952758789 -4.0186357498168945 6.479528903961182
v 8.942497253417969 -3.5891175270080566 7.012661933898926
v 8.243227005004883 -3.7355027198791504 6.167290687561035
v 8.320785522460938 -3.6727230548858643 6.5363030433654785
v 7.787649154663086 -3.2622478008270264 6.132606506347656
v 7.886788845062256 -3.2521917819976807 6.529435157775879
v 8.493144035339355 -3.3674497604370117 7.023512363433838
v 8.063249588012695 -3.0194010734558105 6.992742538452148
v 9.578774452209473 -3.8373842239379883 6.917479515075684
v 9.149044036865234 -3.067392110824585 7.155287265777588
v 8.73530101776123 -2.9677417278289795 7.099893569946289
v 8.276487350463867 -2.6627731323242188 7.069324016571045
v 7.320607662200928 -2.8377115726470947 6.111534118652344
v 7.426529884338379 -2.831824779510498 6.485940456390381
v 6.889267444610596 -2.4043097496032715 6.157432556152344
v 6.972995281219482 -2.3516077995300293 6.396867752075195
v 7.141809463500977 -2.2998569011688232 6.62394905090332
v 7.775575160980225 -2.426561117172241 6.97383451461792
v 5.185086727142334 -1.1095325946807861 6.208002090454102
v 5.080501556396484 -0.9588329792022705 6.374607086181641
v 4.758793830871582 -0.9744423627853394 6.573297023773193
v 4.247135162353516 -0.8161888122558594 6.745157241821289
v 4.932357311248779 -0.7354518175125122 6.533416748046875
v 4.563623905181885 -0.2648880183696747 6.644201755523682
v 10.704242706298828 -5.1083478927612305 5.911675453186035
v 11.001243591308594 -4.678368091583252 6.456843376159668
v 11.271674156188965 -5.696282386779785 5.935826778411865
v 11.814421653747559 -5.341945648193359 6.10254430770874
v 10.242459297180176 -4.849218845367432 6.148341178894043
v 9.745235443115234 -4.62106466293335 6.282104969024658
v 10.441852569580078 -4.509409427642822 6.575434684753418
v 9.839776992797852 -4.2520294189453125 6.767660617828369
v 11.512886047363281 -5.304530620574951 6.28028678894043
v 11.304495811462402 -4.3576250076293945 6.152758598327637
v 10.680394172668457 -4.183162212371826 6.482149600982666
v 10.297260284423828 -3.780010938644409 6.543964385986328
v 10.932992935180664 -3.785618543624878 6.108687877655029
v 10.526686668395996 -3.3998990058898926 6.145928859710693
v 11.888570785522461 -4.638845443725586 5.834678649902344
v 11.496479988098145 -4.001652717590332 5.726592540740967
v 12.032448768615723 -4.188782215118408 5.309457302093506
v 11.646056175231934 -3.7190299034118652 5.254849910736084
v 11.094523429870605 -3.5270071029663086 5.698688507080078
v 10.674455642700195 -3.1656124591827393 5.720005512237549
v 11.241607666015625 -3.383122205734253 5.2444562911987305
v 10.819140434265137 -3.092212438583374 5.258755207061768
v 9.890458106994629 -3.3957064151763916 6.592533111572266
v 9.432143211364746 -2.9110968112945557 6.685132026672363
v 10.100823402404785 -3.047606945037842 6.167281627655029
v 9.631362915039062 -2.67996883392334 6.191535949707031
v 8.966845512390137 -2.6410751342773438 6.672669410705566
v 8.554278373718262 -2.3163232803344727 6.646294593811035
v 9.166868209838867 -2.3128609657287598 6.193873405456543
v 8.727733612060547 -1.98502779006958 6.175449848175049
v 10.245664596557617 -2.837831497192383 5.721144199371338
v 9.784852981567383 -2.4752330780029297 5.726321697235107
v 10.389280319213867 -2.791073799133301 5.2588653564453125
v 9.946441650390625 -2.4163999557495117 5.2570481300354
v 9.32581901550293 -2.119044780731201 5.723359107971191
v 8.885890007019043 -1.7917643785476685 5.707271099090576
v 9.492243766784668 -2.014655590057373 5.256816864013672
v 9.05160140991211 -1.6748541593551636 5.24424409866333
v 12.198486328125 -3.9773848056793213 4.813042640686035
v 11.797294616699219 -3.613168239593506 4.806435585021973
v 12.362177848815918 -3.8619189262390137 4.299314975738525
v 11.95742416381836 -3.4816489219665527 4.308703422546387
v 11.390141487121582 -3.257361888885498 4.7884321212768555
v 10.97524642944336 -2.96311616897583 4.7986016273498535
v 11.545941352844238 -3.134190797805786 4.308234691619873
v 11.127127647399902 -2.8391478061676025 4.331475257873535
v 12.61579704284668 -3.655341863632202 3.7824807167053223
v 12.712894439697266 -3.3333487510681152 3.286879301071167
v 12.361310958862305 -3.03202486038208 3.350437879562378
v 12.1328763961792 -3.2296204566955566 3.831097364425659
v 11.716913223266602 -2.9416720867156982 3.854339599609375
v 11.2986421585083 -2.6442723274230957 3.870412826538086
v 11.885364532470703 -2.7591733932495117 3.3712668418884277
v 11.46512508392334 -2.454760789871216 3.400725841522217
v 10.552583694458008 -2.6668171882629395 4.7977800369262695
v 10.117865562438965 -2.309755325317383 4.791773319244385
v 10.704935073852539 -2.5166611671447754 4.343857765197754
v 10.280754089355469 -2.1736981868743896 4.343045234680176
v 9.424959182739258 -1.3480615615844727 4.31924295425415
v 10.621808052062988 -1.76780104637146 3.4273195266723633
v 9.776351928710938 -0.9423913359642029 3.463317394256592
v 6.6228461265563965 -1.8938117027282715 6.226751804351807
v 6.281452178955078 -1.3890756368637085 5.988534450531006
v 6.9170989990234375 -1.660678744316101 6.4417524337768555
v 6.421555042266846 -1.285290002822876 6.051850318908691
v 6.631711483001709 -1.098928689956665 6.033649444580078
v 8.06151008605957 -2.0124547481536865 6.612215518951416
v 7.557370662689209 -1.7759240865707397 6.530667781829834
v 8.260180473327637 -1.6859853267669678 6.159999370574951
v 7.77714729309082 -1.4107787609100342 6.111008167266846
v 7.2918267250061035 -1.1387847661972046 6.019067764282227
v 6.798680305480957 -0.8852076530456543 5.897867202758789
v 8.437116622924805 -1.4403163194656372 5.690710544586182
v 7.974115371704102 -1.0919853448867798 5.66041374206543
v 8.612967491149902 -1.3164482116699219 5.227549076080322
v 8.16559886932373 -0.9224569201469421 5.210783004760742
v 7.503329753875732 -0.7569647431373596 5.593318939208984
v 7.039669990539551 -0.4606286883354187 5.531731605529785
v 7.708463668823242 -0.5539411902427673 5.168354511260986
v 7.255874156951904 -0.1898692548274994 5.121626853942871
v 5.34679651260376 -0.9305000305175781 6.207367897033691
v 5.8698554039001465 -1.0634677410125732 5.929106712341309
v 5.572471618652344 -0.7021097540855408 6.071823596954346
v 4.8442463874816895 0.12067979574203491 6.267885208129883
v 5.3171868324279785 -0.15151777863502502 6.036688327789307
v 6.270843029022217 -0.6952245235443115 5.847537040710449
v 5.886648178100586 -0.2735508978366852 5.789440155029297
v 5.461866855621338 0.08794999122619629 5.770244121551514
v 5.02147912979126 0.41665393114089966 5.75041389465332
v 6.587163925170898 -0.14971011877059937 5.486865043640137
v 6.1390252113342285 0.1754254698753357 5.417222023010254
v 6.807621002197266 0.19762468338012695 5.081539154052734
v 6.358860015869141 0.5658960938453674 5.01031494140625
v 5.685920715332031 0.4832221269607544 5.3661603927612305
v 5.223969459533691 0.773512601852417 5.308355808258057
v 5.896221160888672 0.858139157295227 4.946822643280029
v 5.308832168579102 1.2134344577789307 4.863630294799805
v 8.562935829162598 -0.5086418390274048 4.358576774597168
v 8.364123344421387 -0.703899621963501 4.796915531158447
v 7.924530506134033 -0.3113148510456085 4.787131309509277
v 7.4759955406188965 0.06098043918609619 4.746542453765869
v 8.12586784362793 -0.11703002452850342 4.348910808563232
v 7.6803717613220215 0.27029043436050415 4.321821689605713
v 8.932103157043457 -0.11613902449607849 3.475430727005005
v 8.757061958312988 -0.3259468972682953 3.9082579612731934
v 8.322636604309082 0.07095181941986084 3.9003777503967285
v 7.875494956970215 0.46247726678848267 3.8722152709960938
v 8.501657485961914 0.2895016670227051 3.461066961288452
v 8.054261207580566 0.6928758025169373 3.432401180267334
v 5.766053199768066 1.7482013702392578 4.047178268432617
v 7.024280548095703 0.5128684043884277 4.712607383728027
v 6.564871311187744 0.9057422280311584 4.637501239776611
v 7.2329535484313965 0.8594622015953064 4.345732688903809
v 6.750469207763672 1.08406662940979 4.196506500244141
v 6.092188835144043 1.2391271591186523 4.553741931915283
v 5.485560894012451 1.5824077129364014 4.429058074951172
v 6.2784857749938965 1.4483442306518555 4.109401226043701
v 6.15041446685791 1.8769798278808594 3.5886800289154053
v 6.141038417816162 2.1724038124084473 3.0551135540008545
v 7.418112754821777 1.027340054512024 3.8838000297546387
v 6.937119483947754 1.2944180965423584 3.7586541175842285
v 7.591561794281006 1.110927700996399 3.3848977088928223
v 7.12294340133667 1.4894030094146729 3.3124217987060547
v 6.45914888381958 1.6584417819976807 3.6598567962646484
v 6.477456569671631 1.9580433368682861 3.151031255722046
v -2.133913516998291 -2.820132255554199 3.781184673309326
v -2.366022825241089 -3.1120047569274902 3.3714213371276855
v -1.8595285415649414 -2.228147506713867 4.352283000946045
v -2.277273416519165 -4.326059341430664 0.8246448636054993
v -2.4901962280273438 -4.416024684906006 0.6256518363952637
v -2.946296453475952 -4.104637622833252 1.0974705219268799
v -2.2644741535186768 -4.000872611999512 1.4228535890579224
v -1.36125648021698 -3.5110280513763428 2.1390838623046875
v -1.5245823860168457 -3.812340259552002 1.6626460552215576
v -2.815741777420044 -3.83899188041687 1.6916929483413696
v -2.667281150817871 -3.615647554397583 2.231438159942627
v -1.961169719696045 -3.5043184757232666 2.4575064182281494
v -2.5309252738952637 -3.3922080993652344 2.8027167320251465
v -2.230755567550659 -3.714219093322754 2.0232584476470947
v -1.8577334880828857 -4.434128284454346 0.6150665283203125
v -1.791874647140503 -4.115067005157471 1.1810925006866455
v -1.4772917032241821 -4.657952785491943 0.38751012086868286
v -1.1613383293151855 -4.550124645233154 0.7666494250297546
v -0.727345883846283 -3.895669937133789 1.630021572113037
v -0.9279988408088684 -4.253316402435303 1.2382137775421143
v -1.1900064945220947 -3.194114923477173 2.6254093647003174
v -0.7784699201583862 -2.7801804542541504 2.8638322353363037
v -1.8090418577194214 -3.2099316120147705 3.0374975204467773
v -1.337052345275879 -2.8791041374206543 3.3101844787597656
v -1.6218993663787842 -2.882542371749878 3.49572491645813
v -0.7226111888885498 -2.367302656173706 3.3342251777648926
v -1.1879377365112305 -2.463329315185547 3.7183566093444824
v -1.1420128345489502 -2.0374817848205566 4.07421875
v -1.7820886373519897 -1.965322494506836 4.5370097160339355
v -0.623877227306366 -1.8503230810165405 3.672102212905884
v -0.399861603975296 -3.055760383605957 2.211416482925415
v 0.16570788621902466 -2.616586923599243 1.979109764099121
v -0.25282928347587585 -2.675344467163086 2.368144989013672
v -0.20129279792308807 -2.166010856628418 2.8272693157196045
v -0.1358073353767395 -1.6991230249404907 3.229912042617798
v -0.3966807425022125 -1.7821922302246094 3.467693567276001
v 0.29546844959259033 -2.021503448486328 2.385711431503296
v 0.03403421863913536 -2.090301275253296 2.61240291595459
v 0.37096643447875977 -1.6206351518630981 2.8381102085113525
v -3.822864294052124 -3.4689278602600098 2.1510982513427734
v -5.072239398956299 -3.481611728668213 1.4699325561523438
v -4.877650737762451 -3.1475772857666016 2.386369466781616
v -3.7182908058166504 -3.2905144691467285 2.6283562183380127
v -2.8358166217803955 -3.3110203742980957 2.9342849254608154
v -3.14951229095459 -3.38116455078125 2.687206268310547
v -3.5755434036254883 -3.0487520694732666 3.189201593399048
v -4.725158214569092 -2.946442127227783 2.9280683994293213
v -4.595607280731201 -2.6681015491485596 3.5151333808898926
v -4.359936714172363 -3.3236262798309326 2.20566463470459
v -4.231517791748047 -3.1056926250457764 2.7985503673553467
v -7.227648735046387 -2.9479620456695557 2.852781295776367
v -6.243021488189697 -2.8237252235412598 2.974778175354004
v -6.661359786987305 -3.022779703140259 2.5753254890441895
v -6.508132457733154 -2.775442361831665 3.1012327671051025
v -7.169646263122559 -2.6272895336151123 3.410360813140869
v -5.515693664550781 -2.35577392578125 3.833467483520508
v -5.8055419921875 -2.609522581100464 3.395876884460449
v -6.340164661407471 -2.4837424755096436 3.605480432510376
v -6.89060640335083 -2.307961940765381 3.8198487758636475
v -6.143686294555664 -2.1417975425720215 4.04649543762207
v -6.76185941696167 -1.8741364479064941 4.227938175201416
v -5.951334476470947 -2.8737435340881348 2.8333113193511963
v -6.301445960998535 -3.3226993083953857 1.7138559818267822
v -6.088069438934326 -3.108039379119873 2.258686065673828
v -5.279210090637207 -3.0263683795928955 2.538513422012329
v -5.265674591064453 -2.753826856613159 3.157254457473755
v -5.109910011291504 -2.4872634410858154 3.6888604164123535
v -2.8999531269073486 -2.9625258445739746 3.5363082885742188
v -3.4104769229888916 -2.764918565750122 3.699911117553711
v -2.7123963832855225 -2.638521194458008 3.997403860092163
v -3.335984945297241 -2.390674591064453 4.187744140625
v -3.656855583190918 -2.6709694862365723 3.777547597885132
v -4.096163272857666 -2.8409948348999023 3.3859024047851562
v -3.9172911643981934 -2.5677578449249268 3.8555362224578857
v -4.422014236450195 -2.3688747882843018 4.006673812866211
v -3.721240758895874 -2.229883909225464 4.29675817489624
v -4.218698978424072 -2.01385498046875 4.4321088790893555
v -2.4989640712738037 -2.264784812927246 4.398736476898193
v -3.1733579635620117 -1.9892576932907104 4.595273494720459
v -2.2557859420776367 -1.839259386062622 4.734136581420898
v -2.7611191272735596 -1.6410558223724365 4.886569023132324
v -3.498667001724243 -1.8439444303512573 4.678520679473877
v -3.9874329566955566 -1.616254210472107 4.793894290924072
v -3.7268874645233154 -1.1627655029296875 5.090727806091309
v -5.424218654632568 -1.9620071649551392 4.294933319091797
v -4.9467573165893555 -1.6883774995803833 4.613209247589111
v -5.914610862731934 -1.7387083768844604 4.414299488067627
v -6.385082721710205 -1.4680629968643188 4.490467071533203
v -5.654027938842773 -1.2811990976333618 4.710848331451416
v -5.081558704376221 -1.3642168045043945 4.784801483154297
v -5.966294765472412 -0.8072275519371033 4.743424415588379
v -5.077780723571777 -2.1143338680267334 4.206376552581787
v -4.710488796234131 -1.7958643436431885 4.555807113647461
v -4.46399450302124 -1.3669047355651855 4.883674144744873
v -4.92316198348999 -1.0874019861221313 4.933206558227539
v -4.182844638824463 -0.8776618838310242 5.134458065032959
v -5.350207328796387 -0.7506317496299744 4.910247802734375
v -4.943974494934082 -0.15008153021335602 4.9538092613220215
v -5.138400554656982 0.2336646467447281 4.431918621063232
v -3.449303150177002 -3.9290215969085693 1.248903751373291
v -3.9726548194885254 -3.7279319763183594 1.437228798866272
v -3.329226493835449 -3.6876964569091797 1.8563179969787598
v -3.3957712650299072 -3.40775465965271 2.521148681640625
v -4.810050964355469 0.5192708969116211 4.1247477531433105
v 2.513685941696167 -1.7913678884506226 3.6354029178619385
v 2.6316676139831543 -1.6020560264587402 4.17206335067749
v 2.074948310852051 -1.7006863355636597 3.6215322017669678
v 2.1962664127349854 -1.5084238052368164 4.173122406005859
v 2.779874324798584 -1.466195821762085 4.700741291046143
v 2.338205575942993 -1.383202314376831 4.712442874908447
v 1.6658353805541992 -1.4918373823165894 3.6624763011932373
v 1.782755970954895 -1.3073222637176514 4.1438751220703125
v 1.3600411415100098 -0.9450910687446594 4.115794658660889
v 1.9256958961486816 -1.127449870109558 4.6861677169799805
v 1.5198956727981567 -0.7066895961761475 4.652310371398926
v -1.2111091613769531 -1.3794465065002441 4.5315961837768555
v -0.683384895324707 -1.250580906867981 4.140628337860107
v -0.7466753721237183 -0.7055004239082336 4.488348484039307
v -1.0051510334014893 -0.7022771239280701 4.668632984161377
v -0.8295088410377502 -0.3952617645263672 4.679767608642578
v -0.07220722734928131 -1.2109792232513428 3.648867130279541
v 0.5245817303657532 -1.243830680847168 3.2623465061187744
v 1.0961915254592896 -1.121282935142517 3.594106674194336
v 0.7208331227302551 -0.9389563798904419 3.6960766315460205
v 0.08366559445858002 -0.7729898691177368 3.990231990814209
v -0.4052075147628784 -0.7300864458084106 4.267790794372559
v 0.905285120010376 -0.6596558690071106 4.16754674911499
v 0.40797826647758484 -0.4484996199607849 4.31215763092041
v 1.0861071348190308 -0.3816349506378174 4.658261775970459
v 0.6221625804901123 -0.106390081346035 4.719202518463135
v 0.054535362869501114 -0.328509658575058 4.442992210388184
v -0.6387177109718323 -0.06693653017282486 4.731093883514404
v -0.13733410835266113 0.3585696220397949 4.86077880859375
v 0.04645039513707161 -0.017202388495206833 4.692788600921631
v 2.9791665077209473 -1.259932041168213 5.349889278411865
v 3.1104273796081543 -1.1746511459350586 5.717687129974365
v 2.4939141273498535 -1.2157578468322754 5.247122287750244
v 2.6656432151794434 -1.0440022945404053 5.734728813171387
v 2.106994867324829 -0.8941494226455688 5.298144340515137
v 2.118351697921753 -0.5064061880111694 5.647951602935791
v 1.6847444772720337 -0.46773064136505127 5.160240173339844
v 1.8850804567337036 -0.17475998401641846 5.595298767089844
v 3.290670871734619 -1.133123517036438 6.190577030181885
v 2.8632681369781494 -0.8276101350784302 6.173131942749023
v 3.5049502849578857 -0.8395282030105591 6.591008186340332
v 2.979990005493164 -0.2700330913066864 6.433371543884277
v 2.45859956741333 -0.3397207260131836 6.050457954406738
v 2.156251907348633 0.1809667944908142 5.906861782073975
v 2.80442476272583 0.03697013854980469 6.282960414886475
v 1.2745105028152466 -0.08222118020057678 5.1223626136779785
v 0.8510565757751465 0.2553073763847351 5.106483459472656
v 1.5074865818023682 0.2821274697780609 5.501837730407715
v 1.1210087537765503 0.6998560428619385 5.390003204345703
v 0.43122532963752747 0.604875385761261 5.072579383850098
v 0.7770068645477295 1.1474889516830444 5.2163825035095215
v 0.18085265159606934 1.2739944458007812 4.953342437744141
v 1.9012534618377686 0.8277751207351685 5.70658016204834
v 1.3091363906860352 1.011138916015625 5.456390857696533
v -1.957004427909851 -1.3392976522445679 4.983476638793945
v -2.4878010749816895 -1.1645522117614746 5.1548027992248535
v -3.226050615310669 -1.4050014019012451 5.011536121368408
v -2.9716908931732178 -0.9275696873664856 5.259102821350098
v -3.429819107055664 -0.6457850933074951 5.3062543869018555
v -2.537437677383423 -0.3918944299221039 5.366998195648193
v -2.9988198280334473 -0.04730124771595001 5.35939884185791
v -4.538050651550293 -0.4149344265460968 5.119612693786621
v -3.9156830310821533 -0.4123803675174713 5.257561683654785
v -3.561359167098999 0.20905441045761108 5.225027084350586
v -4.242724895477295 0.28622907400131226 5.009149551391602
v -4.618666172027588 0.36730891466140747 4.75608491897583
v -1.6045868396759033 -0.6819049119949341 5.037418842315674
v -2.199354887008667 -0.6597611308097839 5.270740032196045
v -1.859145164489746 -0.05806594714522362 5.183233261108398
v -1.0736104249954224 0.06646571308374405 4.897702217102051
v -1.5973644256591797 0.4041215777397156 5.026125431060791
v -2.278409004211426 0.2878497838973999 5.205874919891357
v -2.7487008571624756 0.5497845411300659 5.131158828735352
v -2.2220406532287598 0.9047728776931763 4.878928184509277
v -2.492882251739502 0.9934067130088806 4.795968532562256
v -2.0844926834106445 0.6309375762939453 5.033026218414307
v -0.7304085493087769 0.8190441727638245 4.861863613128662
v -1.0823466777801514 1.291976809501648 4.655330657958984
v -1.7219183444976807 1.2414180040359497 4.614757061004639
v -2.2282893657684326 1.3822345733642578 4.399568557739258
v -1.1655904054641724 1.5977437496185303 4.401194095611572
v -1.4684432744979858 1.64448881149292 4.274683475494385
v -2.014054775238037 1.6726000308990479 4.007264137268066
v -3.389186143875122 0.6502991914749146 4.995662212371826
v -3.7697391510009766 0.7711862921714783 4.713576316833496
v -3.218735456466675 1.0640619993209839 4.460322380065918
v -3.4547343254089355 1.0437004566192627 4.31492280960083
v -4.140244007110596 0.7498080134391785 4.491030693054199
v -3.8856630325317383 1.002822756767273 4.0445332527160645
v -4.482542514801025 0.8080203533172607 3.6534125804901123
v -2.992992639541626 1.0720295906066895 4.58870792388916
v -2.970111608505249 1.3303205966949463 4.01482629776001
v -3.1612110137939453 1.3070268630981445 3.892207145690918
v -2.8112778663635254 1.5528053045272827 3.526625156402588
v -4.131089687347412 1.1155880689620972 3.2703564167022705
v -3.585911273956299 1.3042333126068115 3.5244829654693604
v -3.8225722312927246 1.4117791652679443 2.8870232105255127
v -3.344907283782959 1.490468978881836 3.194371461868286
v -2.6985983848571777 1.3555030822753906 4.180484771728516
v -2.4228785037994385 1.616498351097107 3.7680227756500244
v -0.2596178352832794 1.406615138053894 4.77266788482666
v -0.9200979471206665 1.5537068843841553 4.500151634216309
v -0.3514154553413391 -5.2846808433532715 -0.46217769384384155
v -0.8709270358085632 -5.112031936645508 -0.052150070667266846
v -0.1785852611064911 -5.108628273010254 -0.08508937805891037
v -0.5038016438484192 -4.9677605628967285 0.24291405081748962
v 0.1085965633392334 -5.002172470092773 -0.7286244630813599
v 0.21948792040348053 -5.042899131774902 -0.37313976883888245
v -0.0228252112865448 -4.741265296936035 0.3213352859020233
v -0.30095070600509644 -4.600696563720703 0.6656215786933899
v 0.20491361618041992 -4.14873743057251 0.7262564301490784
v -0.06813284754753113 -4.070770740509033 1.059475064277649
v 0.29695427417755127 -4.969693660736084 -0.1223069503903389
v 0.4005773067474365 -4.734732627868652 0.17483757436275482
v 0.8787559866905212 -4.227583408355713 -1.1328275203704834
v 0.5233972072601318 -4.591017723083496 -0.966605007648468
v 0.5778396725654602 -4.728006839752197 -0.7738610506057739
v 1.1436476707458496 -4.588142395019531 -0.8758125305175781
v 1.3258707523345947 -5.1553425788879395 -0.444550096988678
v 0.7047050595283508 -4.9674201011657715 -0.4493068754673004
v 0.8155244588851929 -4.982005596160889 0.02154434099793434
v 0.4782656729221344 -3.407731056213379 1.1349234580993652
v 0.09346726536750793 -3.3946259021759033 1.4905809164047241
v 0.7350110411643982 -2.633523464202881 1.5403529405593872
v 0.471157968044281 -2.6090433597564697 1.731569528579712
v 0.6816720962524414 -4.180130481719971 0.6816660761833191
v 1.1164525747299194 -4.000396251678467 1.0170881748199463
v 0.8456366062164307 -3.379671812057495 1.2266789674758911
v 1.6405425071716309 -3.823305368423462 1.4006763696670532
v 2.201683282852173 -3.7648744583129883 1.6753729581832886
v 2.3946619033813477 -2.9741830825805664 2.3153810501098633
v 0.9728964567184448 -2.1690175533294678 1.93734610080719
v 0.6997072100639343 -2.060586452484131 2.101743459701538
v 1.3027055263519287 -2.221440076828003 2.3149428367614746
v 0.8979184031486511 -1.6554893255233765 2.549426555633545
v 1.2591524124145508 -2.862339973449707 1.7011103630065918
v 1.4824200868606567 -5.018758296966553 0.5655254125595093
v 1.6176133155822754 -5.525755405426025 -0.1293160617351532
v 1.169986605644226 -5.244479656219482 0.048445045948028564
v 2.0127739906311035 -5.547730922698975 0.18913953006267548
v 1.0566132068634033 -4.680251121520996 0.4534846842288971
v 2.6583380699157715 -4.627281188964844 1.1278257369995117
v 2.191793441772461 -5.083920955657959 0.6510851979255676
v 2.0004093647003174 -4.597851753234863 1.0564738512039185
v 1.629807710647583 -3.778482437133789 -1.3674525022506714
v 1.6711671352386475 -4.229774475097656 -1.1868221759796143
v 1.2431347370147705 -4.836655616760254 -0.692597508430481
v 1.831729769706726 -4.750720024108887 -0.8925988078117371
v 2.0391767024993896 -5.758371829986572 -0.23303420841693878
v 1.9460254907608032 -5.403242588043213 -0.5359036922454834
v 2.341853380203247 -2.4818115234375 2.7743682861328125
v 2.5551629066467285 -2.2205045223236084 3.1720378398895264
v 1.8751482963562012 -2.656914710998535 2.3337478637695312
v 2.1463053226470947 -2.109328508377075 3.1035900115966797
v 1.5683516263961792 -1.882662296295166 2.9563682079315186
v 1.056470513343811 -1.4139349460601807 3.0467171669006348
v 2.5342392921447754 0.678581714630127 6.007701396942139
v 0.5482569932937622 1.8247830867767334 4.756752967834473
v 0.6572728753089905 2.136124849319458 4.4775261878967285
v 1.5287898778915405 1.4266773462295532 5.2591328620910645
v 2.3275251388549805 1.3261390924453735 5.532909870147705
v 2.53200364112854 1.6775941848754883 5.100189208984375
v 1.8915294408798218 1.8476697206497192 4.829596519470215
v 1.0736528635025024 1.6638776063919067 4.990354537963867
v 1.5979869365692139 1.9805039167404175 4.724643707275391
v 1.2995761632919312 2.1261401176452637 4.618439674377441
v 2.7282521724700928 2.017531394958496 4.654472827911377
v 2.0799331665039062 2.1565866470336914 4.376242637634277
v 2.9017574787139893 2.316991090774536 4.186676025390625
v 2.028688669204712 2.471174955368042 3.8245599269866943
v 1.7887088060379028 2.250264883041382 4.263270378112793
v 1.5029020309448242 2.3920106887817383 4.1759538650512695
v 0.897026002407074 2.396437644958496 3.911264419555664
v 1.6914523839950562 2.5194294452667236 3.7005462646484375
v 1.0638387203216553 2.5562565326690674 3.44903302192688
v 4.000218868255615 3.208009958267212 2.658205509185791
v 2.613678216934204 2.9181275367736816 3.0084402561187744
v 1.4851064682006836 2.902477979660034 2.570466995239258
v 2.9963135719299316 3.2863829135894775 2.07265043258667
v 1.7740153074264526 3.3647916316986084 1.6729947328567505
v -1.1420806646347046 1.912743091583252 3.954514265060425
v -1.712599515914917 1.8422744274139404 3.6488773822784424
v -1.1026531457901 2.0141825675964355 3.725722074508667
v -1.4561177492141724 2.032257318496704 3.281731367111206
v -0.8616229891777039 2.4723002910614014 2.6167731285095215
v -2.527106523513794 1.7439453601837158 2.9798591136932373
v -3.250178098678589 1.7566032409667969 2.1743721961975098
v -2.396916151046753 1.859434723854065 2.710503101348877
v -2.2505853176116943 2.2097277641296387 1.7836922407150269
v -2.699472427368164 2.1393749713897705 1.4872169494628906
v -1.8106451034545898 2.2821834087371826 2.05765438079834
v -0.2236248105764389 1.6874396800994873 4.596721649169922
v -0.6579880714416504 1.9243052005767822 4.175393581390381
v -0.16067329049110413 1.920613169670105 4.405595302581787
v -0.15117178857326508 2.1569437980651855 3.925623893737793
v -0.4242560565471649 2.136322259902954 3.7979886531829834
v 0.14609432220458984 2.184781312942505 4.066786289215088
v -0.04277384281158447 2.335179567337036 3.477832078933716
v 0.36349979043006897 2.354581117630005 3.6587073802948
v 0.04425367712974548 2.512263536453247 3.025416612625122
v 0.5767173171043396 2.5238583087921143 3.241244316101074
v -0.8154464364051819 2.5683131217956543 2.3644967079162598
v -2.1234593391418457 2.626244068145752 0.8491349816322327
v -0.674475908279419 2.828809976577759 1.7224642038345337
v -1.319890022277832 2.7243261337280273 1.355603575706482
v -2.0049984455108643 2.8095760345458984 0.5491440296173096
v -0.42164528369903564 3.2588577270507812 0.8317400813102722
v -0.8876105546951294 3.199281930923462 0.5903745889663696
v -1.7300843000411987 3.1756591796875 0.10965902358293533
v 0.47160717844963074 2.9052023887634277 2.2164368629455566
v -0.4867170751094818 2.8612277507781982 1.8194637298583984
v 0.890458345413208 3.362461566925049 1.3779913187026978
v -0.07702501863241196 3.3179562091827393 1.001954436302185
v -7.517192840576172 -2.892270565032959 3.000166893005371
v -7.778473854064941 -2.8128888607025146 3.1069014072418213
v -8.259833335876465 -2.5572898387908936 3.2056872844696045
v -7.586176872253418 -2.4725067615509033 3.5565123558044434
v -8.042759895324707 -2.1748828887939453 3.600090503692627
v -8.6930513381958 -1.9846872091293335 2.9844088554382324
v -8.416884422302246 -1.74179208278656 3.336286783218384
v -8.88968276977539 -1.5157428979873657 2.4254817962646484
v -8.470670700073242 -1.2632333040237427 2.945739984512329
v -7.365667819976807 -2.085397243499756 3.9446423053741455
v -7.792298316955566 -1.7382724285125732 3.9223554134368896
v -7.328327178955078 -1.4406083822250366 4.221091270446777
v -7.602736473083496 -1.4257233142852783 4.079400539398193
v -7.961470603942871 -1.4891724586486816 3.8067665100097656
v -8.069319725036621 -1.2469148635864258 3.566373825073242
v -8.092336654663086 -1.0748388767242432 3.356147527694702
v -7.66226053237915 -0.9035204648971558 3.7678730487823486
v -7.859515190124512 -0.9790835380554199 3.583470344543457
v -8.433055877685547 -1.0086584091186523 2.4477481842041016
v -7.958361625671387 -0.8273105621337891 2.9091291427612305
v -7.5113959312438965 -0.6798239350318909 3.432535409927368
v -7.684113502502441 -0.6535406708717346 2.462635040283203
v -7.934549331665039 -0.7566249966621399 2.2246077060699463
v -7.230120658874512 -0.469508558511734 2.872385025024414
v -8.73926067352295 -1.1749123334884644 2.0883522033691406
v -8.50272274017334 -0.9987120032310486 1.6419401168823242
v -7.047339916229248 -1.5304239988327026 4.318232536315918
v -6.810898303985596 -1.1787253618240356 4.465523719787598
v -7.118802070617676 -0.777206540107727 4.184401988983154
v -6.436906337738037 -0.7524455189704895 4.561927795410156
v -6.438668251037598 -0.3522293269634247 4.145051002502441
v -6.703521728515625 -0.41251838207244873 3.9621081352233887
v -6.206536769866943 -0.09014349430799484 3.6970365047454834
v -7.010372161865234 -0.4968472123146057 3.730956792831421
v -6.743719100952148 -0.278061181306839 3.283973217010498
v -7.013730525970459 -0.3818008005619049 3.060354471206665
v -5.639024257659912 -0.30318886041641235 4.707592487335205
v -6.105246543884277 -0.27842631936073303 4.363865375518799
v -5.623476028442383 0.09701335430145264 4.110429286956787
v -6.962875843048096 -0.2624053359031677 2.4260480403900146
v -7.423182964324951 -0.44544222950935364 1.9832136631011963
v -6.715169906616211 -0.07538030296564102 1.9793424606323242
v -7.1755170822143555 -0.2705409824848175 1.56801438331604
v -6.41968297958374 0.18467341363430023 1.420101284980774
v -8.2459716796875 -0.8197715282440186 1.1947205066680908
v -7.851686954498291 -0.6365237236022949 1.6047006845474243
v -8.107550621032715 -0.6751431226730347 0.6425253748893738
v -7.601415634155273 -0.44889724254608154 1.1576281785964966
v -7.158583164215088 -0.09873630851507187 0.2636151909828186
v -5.957669734954834 0.11903420835733414 3.2806527614593506
v -6.61346435546875 -0.12645907700061798 2.7213313579559326
v -6.219083309173584 0.132395938038826 2.391552686691284
v -5.484556674957275 0.2440728098154068 3.85351300239563
v -5.5680317878723145 0.39348191022872925 2.889183282852173
v -4.98569917678833 0.6263056397438049 3.3098905086517334
v -5.224294662475586 0.8682135939598083 1.9110568761825562
v -6.102484226226807 0.43511301279067993 1.2123504877090454
v -4.053496360778809 1.339552402496338 2.7377610206604004
v -4.851003646850586 1.0394248962402344 2.186873197555542
v -6.924338340759277 0.227693110704422 -0.8151580095291138
v -5.801661014556885 0.8880003094673157 0.19275276362895966
v -6.566518306732178 0.5870277285575867 -0.9852772355079651
v -6.330173969268799 1.1716599464416504 -1.599991798400879
v -5.4195451736450195 1.3129750490188599 -0.736530065536499
v -6.061924457550049 1.220319151878357 -1.349340796470642
v -4.843452453613281 1.2547876834869385 1.0178167819976807
v -5.353691101074219 1.0715889930725098 0.5944337844848633
v -3.744749069213867 1.646815538406372 1.8462392091751099
v -4.226276397705078 1.4728953838348389 1.496384859085083
v -4.471868515014648 1.5878335237503052 0.1250077188014984
v -4.7194085121154785 1.4894509315490723 -0.08531546592712402
v -3.4382667541503906 2.007171392440796 0.9528444409370422
v -3.653352975845337 1.9151562452316284 0.7850841879844666
v -6.088134765625 1.814032793045044 -2.6036219596862793
v -5.149923324584961 2.074988842010498 -1.805823802947998
v -5.361742973327637 2.013458013534546 -1.9933643341064453
v -5.928553581237793 2.0239803791046143 -3.6876840591430664
v -6.50930643081665 1.8489857912063599 -4.1574249267578125
v -5.055582523345947 2.2501220703125 -2.41215181350708
v -4.849600791931152 2.408510208129883 -2.8091225624084473
v -4.23112678527832 2.152273178100586 -0.7203087210655212
v -3.244450569152832 2.332911252975464 0.28029850125312805
v -3.129349946975708 3.2451393604278564 -1.1235649585723877
v -3.646477222442627 3.033703327178955 -1.6693379878997803
v -4.07800817489624 2.798715829849243 -2.1065893173217773
v -3.1999590396881104 2.4590282440185547 0.059487901628017426
v -1.9440609216690063 3.2321527004241943 -0.05149636045098305
v 3.2153241634368896 -0.29857000708580017 6.56647253036499
v 3.732755661010742 -0.5216584205627441 6.743217468261719
v 4.1232123374938965 0.09741222858428955 6.608259677886963
v 3.523705244064331 0.1658639907836914 6.535089015960693
v 3.4193429946899414 0.4203304052352905 6.383303165435791
v 3.085315704345703 0.5037235617637634 6.240041255950928
v 4.391226291656494 0.561365008354187 6.270880699157715
v 3.8928186893463135 0.8092421293258667 6.136558532714844
v 4.72503662109375 0.6368787884712219 5.732002258300781
v 4.097830772399902 1.1573638916015625 5.691054344177246
v 2.802077293395996 1.18976891040802 5.728091716766357
v 3.3597536087036133 0.9967437386512756 5.9362473487854
v 3.0261926651000977 1.5280349254608154 5.295977592468262
v 3.533527135848999 1.383933424949646 5.501946449279785
v 4.940686225891113 0.9483863115310669 5.26738977432251
v 4.277820587158203 1.438239336013794 5.192568778991699
v 4.948517322540283 1.476050615310669 4.8265838623046875
v 4.458939552307129 1.7574865818023682 4.71389102935791
v 3.2081785202026367 1.8444920778274536 4.821854591369629
v 3.6996536254882812 1.6352745294570923 4.985040187835693
v 3.864645004272461 1.8155730962753296 4.679521083831787
v 3.3800888061523438 2.1544182300567627 4.357184410095215
v 5.114965915679932 1.7753596305847168 4.3398118019104
v 4.626361846923828 2.080278158187866 4.245903968811035
v 5.28956937789917 2.077730417251587 3.857451915740967
v 4.797451972961426 2.3645143508911133 3.7609410285949707
v 4.242143154144287 2.1894357204437256 4.111137866973877
v 3.552464246749878 2.4487829208374023 3.881997585296631
v 4.556440830230713 2.428957462310791 3.6761350631713867
v 4.263796806335449 2.5076045989990234 3.5692052841186523
v 3.5282559394836426 2.842006206512451 3.354186534881592
v 5.461585521697998 2.2977023124694824 3.3844404220581055
v 5.176294803619385 2.8869924545288086 2.8325066566467285
v 4.968238830566406 2.7364935874938965 3.1499521732330322
v 5.647953987121582 2.571202516555786 2.9600830078125
v 4.438269138336182 2.8750104904174805 3.12089467048645
v 3.8996779918670654 3.0656466484069824 2.942542552947998
v 4.604345321655273 3.15421724319458 2.632412910461426
v 1.8619508743286133 -6.14805269241333 -6.102118015289307
v 2.067425489425659 -6.069607734680176 -7.118950366973877
v 2.2465271949768066 -5.888207912445068 -7.79065465927124
v 7.334410667419434 -4.875983238220215 -3.6179723739624023
v 7.064146518707275 -4.885422229766846 -3.6435494422912598
v 6.991979598999023 -4.8150715827941895 -3.371171712875366
v 7.77393102645874 -4.9489617347717285 -3.9805197715759277
v 7.3548479080200195 -5.0862250328063965 -4.576908588409424
v 8.199912071228027 -5.069721698760986 -4.431702613830566
v 7.8815388679504395 -5.057923793792725 -4.48187255859375
v 2.2979016304016113 -5.0162434577941895 -2.838447093963623
v 1.9091204404830933 -5.249014377593994 -3.380429744720459
v 1.6931533813476562 -5.335543632507324 -3.515324115753174
v 1.6612658500671387 -5.185150146484375 -3.2310118675231934
v 2.3807709217071533 -5.081103801727295 -3.0566024780273438
v 1.7419360876083374 -5.574440002441406 -3.987544298171997
v 1.7400459051132202 -5.9132080078125 -4.8184309005737305
v 2.196007490158081 -5.656015872955322 -4.362932205200195
v 2.3998844623565674 -5.310935974121094 -3.5959126949310303
v 2.8519556522369385 -5.146897315979004 -3.3539581298828125
v 2.554461717605591 -5.393718242645264 -3.861351728439331
v 3.3050320148468018 -5.117795944213867 -3.5735280513763428
v 5.504300594329834 -4.761220455169678 -2.535954236984253
v 5.2954182624816895 -4.872066974639893 -2.3824727535247803
v 4.588198661804199 -4.981696128845215 -2.4555158615112305
v 4.042846202850342 -5.020421028137207 -2.53452205657959
v 4.758235454559326 -4.88269567489624 -2.579251527786255
v 4.537272930145264 -4.790825366973877 -3.1838834285736084
v 4.45841121673584 -4.803770542144775 -3.0395069122314453
v 5.542453765869141 -4.685782432556152 -2.7682063579559326
v 6.332190990447998 -4.716801643371582 -2.9863598346710205
v 6.129042148590088 -4.690466403961182 -2.7854697704315186
v 5.06144380569458 -4.741288661956787 -2.8242034912109375
v 5.609110355377197 -4.663712978363037 -3.0359222888946533
v 5.114750385284424 -4.708429336547852 -3.0909810066223145
v 3.7178282737731934 -5.024855136871338 -2.576907157897949
v 3.464218854904175 -5.029002666473389 -2.6147947311401367
v 3.326695442199707 -5.088414192199707 -2.420910596847534
v 3.0383617877960205 -5.022968769073486 -2.940183639526367
v 2.9215171337127686 -5.021759510040283 -2.7550578117370605
v 4.01546573638916 -4.928144454956055 -2.743415117263794
v 3.626206636428833 -4.9674272537231445 -2.8122496604919434
v 3.5233571529388428 -4.980834007263184 -3.1137590408325195
v 3.1748363971710205 -5.058145999908447 -3.2241432666778564
v 3.786450147628784 -4.927743911743164 -3.0439844131469727
v 3.848022222518921 -4.943119049072266 -3.358372926712036
v 2.0922935009002686 -5.935120582580566 -5.253335952758789
v 2.682431221008301 -5.5835347175598145 -4.584702968597412
v 2.3735437393188477 -5.903960227966309 -5.730780601501465
v 3.5057318210601807 -5.141055107116699 -3.9446322917938232
v 3.799591064453125 -5.098598003387451 -4.311551570892334
v 3.577449321746826 -5.203586578369141 -4.460803508758545
v 2.9719316959381104 -5.4105401039123535 -4.316477298736572
v 3.257025957107544 -5.374680042266846 -4.720098972320557
v 2.628796339035034 -5.812370777130127 -6.255138397216797
v 2.9554154872894287 -5.628299236297607 -5.808865070343018
v 2.8182873725891113 -5.644619464874268 -5.215025424957275
v 2.861405611038208 -5.6572747230529785 -6.829127311706543
v 3.1171841621398926 -5.530292510986328 -6.465209007263184
v 4.105076313018799 -5.05179500579834 -4.747264385223389
v 4.468605995178223 -4.976789951324463 -5.2176737785339355
v 3.6283397674560547 -5.252829551696777 -5.089940071105957
v 3.8934781551361084 -5.147006511688232 -5.601630687713623
v 5.136293888092041 -4.733160972595215 -3.4278743267059326
v 4.68032169342041 -4.799158573150635 -3.511932373046875
v 5.408199787139893 -4.767104148864746 -3.750093460083008
v 4.819491386413574 -4.840651988983154 -3.9195587635040283
v 5.979531764984131 -4.755502700805664 -3.3404598236083984
v 5.748597621917725 -4.698735237121582 -3.184251308441162
v 6.37556791305542 -4.783216953277588 -3.313079595565796
v 5.931445121765137 -4.836784839630127 -3.7416720390319824
v 6.6131768226623535 -5.0919108390808105 -4.705284118652344
v 6.160190105438232 -5.055276393890381 -4.779845714569092
v 6.021873950958252 -4.960981845855713 -4.261955261230469
v 5.50347900390625 -4.887993812561035 -4.29727029800415
v 5.395979404449463 -4.924839496612549 -4.913717746734619
v 5.084288120269775 -4.921338081359863 -4.9864044189453125
v 4.9418535232543945 -4.892098903656006 -4.4363627433776855
v 7.169042587280273 -4.994358062744141 -4.084477424621582
v 6.60042667388916 -4.997674942016602 -4.155428886413574
v 6.4801201820373535 -4.883984565734863 -3.708885908126831
v 4.013124465942383 -4.920428276062012 -3.501570224761963
v 4.515955448150635 -4.881494998931885 -3.9937374591827393
v 4.223189830780029 -4.94954776763916 -4.097923278808594
v 4.373251438140869 -4.975163459777832 -4.607316017150879
v 2.638521194458008 -5.575427532196045 -8.130139350891113
v 2.443147659301758 -5.623220443725586 -8.459355354309082
v 2.7482082843780518 -5.152592658996582 -8.985833168029785
v 7.91364049911499 -5.1166791915893555 -5.019423484802246
v 7.414455890655518 -5.136145114898682 -5.145814418792725
v 8.512727737426758 -5.1032938957214355 -4.8716139793396
v 8.195857048034668 -5.102774620056152 -5.510605812072754
v 7.579786777496338 -5.096479892730713 -5.709506988525391
v 8.858593940734863 -5.0437445640563965 -5.279385566711426
v 8.329591751098633 -5.011649131774902 -6.026454925537109
v 7.791408061981201 -5.006274223327637 -6.236069202423096
v 8.832475662231445 -4.9395623207092285 -5.7789201736450195
v 8.238412857055664 -4.80935525894165 -6.586065292358398
v 8.806965827941895 -4.72263765335083 -6.3362932205200195
v 8.624885559082031 -4.3814849853515625 -6.807890892028809
v 3.070328950881958 -5.431826591491699 -7.453571796417236
v 3.514216899871826 -5.242861747741699 -6.83616304397583
v 3.3020503520965576 -5.336114883422852 -7.118588447570801
v 3.215782880783081 -5.103725910186768 -8.126175880432129
v 3.539877414703369 -4.99932336807251 -7.665131568908691
v 4.69005012512207 -4.881219863891602 -5.79288387298584
v 4.890545845031738 -4.677654266357422 -6.42380952835083
v 4.067697525024414 -5.018556594848633 -6.239112854003906
v 4.2793755531311035 -4.764950275421143 -6.842594623565674
v 3.233795404434204 -4.512998580932617 -8.997335433959961
v 3.713986873626709 -4.726934909820557 -7.901283264160156
v 3.5973901748657227 -3.8185086250305176 -9.170477867126465
v 4.933035850524902 -4.336761951446533 -7.111310005187988
v 4.552371501922607 -4.361629009246826 -7.366369724273682
v 4.8000407218933105 -3.8799006938934326 -7.867159366607666
v 4.237786769866943 -4.408575534820557 -7.633788585662842
v 4.233489036560059 -3.9006588459014893 -8.345195770263672
v 6.780036449432373 -5.129096508026123 -5.016913890838623
v 6.294560432434082 -5.089532852172852 -5.387237548828125
v 7.270172119140625 -5.095443248748779 -5.79079008102417
v 7.012203693389893 -5.086306571960449 -5.859151840209961
v 6.470744609832764 -5.019394397735596 -5.983001232147217
v 5.723916530609131 -4.991071701049805 -5.295908451080322
v 5.249463081359863 -4.871336936950684 -5.60333251953125
v 6.050707817077637 -4.921408176422119 -6.067379474639893
v 5.4339189529418945 -4.737655162811279 -6.22135066986084
v 7.413655757904053 -4.9504218101501465 -6.34220027923584
v 6.698660850524902 -4.8346638679504395 -6.525939464569092
v 7.387238025665283 -4.807101726531982 -6.669407367706299
v 7.295139789581299 -4.658354759216309 -6.893360137939453
v 7.111865520477295 -4.449815273284912 -7.120521068572998
v 6.172410488128662 -4.691888332366943 -6.627026081085205
v 5.673892498016357 -4.514036655426025 -6.778014183044434
v 6.464735984802246 -4.398831367492676 -7.104217052459717
v 5.882007122039795 -4.1921706199646 -7.257328510284424
v 5.441776752471924 -4.013694763183594 -7.474469184875488
v 3.9907143115997314 -3.3365871906280518 -9.170021057128906
v 4.292172908782959 -2.9907970428466797 -9.15274715423584
v 6.588869094848633 -3.9857237339019775 -7.494688034057617
v 6.318142414093018 -3.8787014484405518 -7.58543586730957
v 7.864854335784912 -4.383875370025635 -7.115001678466797
v 7.331685543060303 -4.246393203735352 -7.280128002166748
v 7.539269924163818 -4.04758882522583 -7.376857757568359
v 8.376230239868164 -3.8833234310150146 -7.123784065246582
v 8.075385093688965 -3.859630823135376 -7.278740882873535
v 7.7880964279174805 -3.803222417831421 -7.398733615875244
v 7.213439464569092 -3.694209575653076 -7.589000225067139
v 6.838235855102539 -3.4861600399017334 -7.750150680541992
v 7.505993366241455 -3.40142822265625 -7.601315498352051
v 7.106689453125 -3.0955772399902344 -7.807332992553711
v 5.592565536499023 -3.8732852935791016 -7.632939338684082
v 5.264675617218018 -3.4590041637420654 -8.11974048614502
v 5.804664611816406 -3.671721935272217 -7.8051438331604
v 6.0133490562438965 -3.4699671268463135 -7.913521766662598
v 4.592810153961182 -3.3390655517578125 -8.617776870727539
v 4.945336818695068 -3.0269510746002197 -8.6397705078125
v 4.613422393798828 -2.6139745712280273 -9.130776405334473
v 5.581331729888916 -3.017780303955078 -8.335175514221191
v 5.161764144897461 -2.8446044921875 -8.645590782165527
v 6.248689651489258 -3.237671375274658 -7.994322299957275
v 4.919241905212402 -2.3269777297973633 -9.061172485351562
v 5.9796319007873535 -2.815373182296753 -8.276263236999512
v 6.688557147979736 -2.8243558406829834 -7.996883869171143
v 5.591113090515137 -2.478543758392334 -8.583011627197266
v 6.210350513458252 -2.4574196338653564 -8.2466402053833
v 5.839799880981445 -2.2688405513763428 -8.465705871582031
v 5.233789443969727 -2.0843722820281982 -8.89653205871582
v 5.466770648956299 -1.8992537260055542 -8.750041007995605
v -2.3315236568450928 -7.996114253997803 -10.37321949005127
v -2.375692367553711 -8.068100929260254 -9.876323699951172
v -1.9034053087234497 -7.7474212646484375 -10.762182235717773
v -2.2003300189971924 -7.755233287811279 -11.29106330871582
v -1.6614538431167603 -7.442753314971924 -11.40649700164795
v -3.7796881198883057 -8.17919921875 -11.410151481628418
v -3.3491318225860596 -7.971090793609619 -12.055932998657227
v -3.662663459777832 -7.910743713378906 -12.439064979553223
v -4.652895450592041 -7.943158149719238 -12.23531436920166
v -4.894407749176025 -7.867501735687256 -12.322232246398926
v -4.950638771057129 -7.9597249031066895 -12.014623641967773
v -4.357280254364014 -8.021260261535645 -12.117969512939453
v -4.215755939483643 -7.8318352699279785 -12.638599395751953
v -4.75361967086792 -7.6328911781311035 -12.879958152770996
v -3.1309640407562256 -8.214728355407715 -10.516718864440918
v -2.4925291538238525 -8.126436233520508 -9.429428100585938
v -2.7445900440216064 -8.0172758102417 -11.085320472717285
v -3.0308949947357178 -8.008903503417969 -11.562532424926758
v -2.967606544494629 -7.676314353942871 -12.56805419921875
v -3.5014076232910156 -7.640459060668945 -12.95730209350586
v -2.6925086975097656 -7.327866077423096 -13.057106971740723
v -3.303497791290283 -7.305054664611816 -13.404520034790039
v -3.9611024856567383 -7.544732570648193 -13.159322738647461
v -4.576566696166992 -7.334188938140869 -13.367339134216309
v -3.6726248264312744 -7.227010726928711 -13.565825462341309
v -4.373639106750488 -6.989952087402344 -13.804851531982422
v -2.447965383529663 -7.743511199951172 -11.713732719421387
v -2.2158803939819336 -7.393138885498047 -12.374863624572754
v -1.473705530166626 -7.066649436950684 -12.083773612976074
v -1.3259735107421875 -6.622679710388184 -12.792314529418945
v -1.581573724746704 -6.56378173828125 -13.242111206054688
v -1.3242765665054321 -6.069858074188232 -13.706161499023438
v -1.1896400451660156 -5.825711727142334 -13.877485275268555
v -2.6915478706359863 -6.9572434425354 -13.59522819519043
v -3.078993082046509 -6.922941207885742 -13.800475120544434
v -2.7225701808929443 -6.516170024871826 -14.098908424377441
v -4.153161525726318 -6.614996433258057 -14.208612442016602
v -3.5636093616485596 -6.740975379943848 -14.0849027633667
v -3.5563840866088867 -6.335582733154297 -14.460004806518555
v -3.9150137901306152 -6.20853853225708 -14.577936172485352
v -1.8169431686401367 -7.017761707305908 -12.698812484741211
v -1.9197313785552979 -6.52641487121582 -13.627413749694824
v -2.2305352687835693 -6.5401153564453125 -13.823344230651855
v -2.5833194255828857 -6.0517897605896 -14.483601570129395
v -3.6660923957824707 -5.760750770568848 -14.909582138061523
v -3.1338813304901123 -5.945888042449951 -14.732095718383789
v -3.374455213546753 -5.283124923706055 -15.193071365356445
v -1.8497774600982666 -6.089817047119141 -14.074434280395508
v -1.8385649919509888 -5.869297504425049 -14.283822059631348
v -2.2868940830230713 -5.566564559936523 -14.758585929870605
v -1.1685458421707153 -5.588951587677002 -14.108301162719727
v -1.6875935792922974 -5.610409259796143 -14.434301376342773
v -5.954233169555664 -6.984533786773682 -13.105939865112305
v -6.238811016082764 -6.943667888641357 -12.947043418884277
v -6.630522727966309 -6.538394927978516 -13.172048568725586
v -5.57761287689209 -6.894248962402344 -13.44831657409668
v -5.477713108062744 -6.724921703338623 -13.67194652557373
v -5.998227596282959 -6.538147926330566 -13.613648414611816
v -6.451624870300293 -6.236756801605225 -13.656026840209961
v -5.3617024421691895 -6.459953784942627 -13.993670463562012
v -5.797972202301025 -6.197732925415039 -14.055596351623535
v -6.254732131958008 -5.903063774108887 -14.105101585388184
v -7.071324348449707 -6.215086936950684 -13.189967155456543
v -7.502570152282715 -5.87407922744751 -13.189190864562988
v -7.9654860496521 -5.585023403167725 -12.998820304870605
v -8.151000022888184 -5.293614864349365 -13.136890411376953
v -6.897125244140625 -5.921377658843994 -13.682982444763184
v -7.333889961242676 -5.590483665466309 -13.69323444366455
v -6.703795433044434 -5.594141006469727 -14.139269828796387
v -7.143901348114014 -5.26896858215332 -14.15588092803955
v -7.757432460784912 -5.23586893081665 -13.677569389343262
v -8.164802551269531 -4.852593421936035 -13.630532264709473
v -8.276053428649902 -5.039585113525391 -13.282366752624512
v -7.571392059326172 -4.921222686767578 -14.147794723510742
v -7.982954502105713 -4.545324325561523 -14.108840942382812
v -5.40045690536499 -7.658914566040039 -12.466551780700684
v -5.880805492401123 -7.404757022857666 -12.560909271240234
v -5.247591495513916 -7.403100490570068 -13.00098705291748
v -5.7192511558532715 -7.133434295654297 -13.078393936157227
v -6.340702533721924 -7.114520072937012 -12.615717887878418
v -6.742610931396484 -6.726403713226318 -12.798151969909668
v -5.063469409942627 -7.0919623374938965 -13.47477912902832
v -4.862164497375488 -6.749805927276611 -13.914878845214844
v -7.189653396606445 -6.412927627563477 -12.776491165161133
v -7.595239639282227 -6.028857231140137 -12.847724914550781
v -8.067068099975586 -5.754665374755859 -12.616474151611328
v -8.472887992858887 -5.368714809417725 -12.56645679473877
v -6.041508674621582 -5.5384626388549805 -14.521320343017578
v -5.447472095489502 -5.903013706207275 -14.442558288574219
v -6.49215030670166 -5.234299182891846 -14.56035041809082
v -6.933724403381348 -4.911639213562012 -14.579440116882324
v -5.84569787979126 -5.106602191925049 -14.897393226623535
v -6.180837631225586 -4.702235221862793 -15.035118103027344
v -6.641986846923828 -4.413147449493408 -15.032488822937012
v -7.3633832931518555 -4.567742824554443 -14.575528144836426
v -7.7777509689331055 -4.196812152862549 -14.541905403137207
v -7.029983043670654 -3.998403549194336 -15.091581344604492
v -4.6427202224731445 -6.377315044403076 -14.320879936218262
v -5.113940238952637 -6.105672836303711 -14.396781921386719
v -4.406926155090332 -5.975440502166748 -14.695167541503906
v -4.881392478942871 -5.71085786819458 -14.778104782104492
v -5.345385551452637 -5.426918029785156 -14.84054946899414
v -4.150528907775879 -5.536799430847168 -15.029193878173828
v -4.626140117645264 -5.274111270904541 -15.114214897155762
v -3.9465324878692627 -5.186838626861572 -15.24003791809082
v -4.148984432220459 -4.89799690246582 -15.36389446258545
v -5.090724468231201 -4.992075443267822 -15.178657531738281
v -5.54713773727417 -4.6955695152282715 -15.227208137512207
v -4.673774242401123 -4.2764716148376465 -15.570013999938965
v -5.264543533325195 -4.21045446395874 -15.51041030883789
v -5.9953389167785645 -4.38444185256958 -15.259119987487793
v -6.4396653175354 -4.066474437713623 -15.283613204956055
v -5.715515613555908 -3.904181718826294 -15.547722816467285
v -6.161606788635254 -3.5893237590789795 -15.57561206817627
v -6.872411251068115 -3.728379726409912 -15.285574913024902
v -7.2899169921875 -3.3632442951202393 -15.258014678955078
v -6.596462726593018 -3.254167079925537 -15.580940246582031
v -7.01440954208374 -2.8906373977661133 -15.55500602722168
v -2.7109105587005615 -5.389157295227051 -15.014171600341797
v -3.0350022315979004 -4.7245306968688965 -15.397871017456055
v -1.2815762758255005 -5.088987350463867 -14.616560935974121
v -1.9544910192489624 -5.017283916473389 -14.982388496398926
v -1.2272306680679321 -4.818127155303955 -14.771662712097168
v -1.326867699623108 -4.485898494720459 -15.0067138671875
v -1.6322780847549438 -4.4390950202941895 -15.153799057006836
v -2.5291504859924316 -4.906107425689697 -15.222723007202148
v -2.176112651824951 -4.297044277191162 -15.370979309082031
v -2.578789472579956 -3.9097683429718018 -15.562819480895996
v -1.4785456657409668 -4.173064231872559 -15.187582015991211
v -1.9265103340148926 -3.533277750015259 -15.46269702911377
v -2.181586980819702 -3.2211921215057373 -15.571732521057129
v -3.550386667251587 -4.505476951599121 -15.52939510345459
v -4.0305891036987305 -4.25137996673584 -15.62442398071289
v -3.391853094100952 -4.232193946838379 -15.601712226867676
v -3.721639394760132 -3.7180352210998535 -15.754340171813965
v -5.0118818283081055 -3.7753636837005615 -15.695331573486328
v -4.496006011962891 -3.9705965518951416 -15.689790725708008
v -4.301392078399658 -3.2638132572174072 -15.857805252075195
v -4.573256492614746 -3.01769757270813 -15.89438247680664
v -3.1930429935455322 -3.888538360595703 -15.668907165527344
v -2.949464797973633 -3.4663031101226807 -15.711820602416992
v -3.2745983600616455 -2.943188190460205 -15.820575714111328
v -2.7894973754882812 -3.1889455318450928 -15.716946601867676
v -2.5634524822235107 -2.7966668605804443 -15.695725440979004
v -2.959257125854492 -2.3959834575653076 -15.788313865661621
v -3.740541696548462 -2.6638007164001465 -15.898619651794434
v -4.207089900970459 -2.3843228816986084 -15.954541206359863
v -3.289092540740967 -1.8802335262298584 -15.8430757522583
v -5.480072975158691 -3.498462438583374 -15.723525047302246
v -5.893959999084473 -3.1279966831207275 -15.775740623474121
v -4.989165306091309 -2.6506712436676025 -15.942184448242188
v -5.454624652862549 -2.3694052696228027 -15.969983100891113
v -6.325225353240967 -2.785620927810669 -15.7891206741333
v -6.785624980926514 -2.495356559753418 -15.736699104309082
v -5.940012454986572 -2.1216092109680176 -15.970885276794434
v -6.325652599334717 -1.699395775794983 -15.955852508544922
v -4.61466646194458 -2.002884864807129 -15.999049186706543
v -5.049954891204834 -1.6692992448806763 -16.032377243041992
v -3.91992449760437 -1.506818175315857 -15.937073707580566
v -4.2189459800720215 -1.3171733617782593 -15.97197437286377
v -4.670990467071533 -1.0126596689224243 -16.011220932006836
v -5.54775333404541 -1.441567063331604 -16.040014266967773
v -5.871078014373779 -0.9124990701675415 -16.02407455444336
v -5.077778339385986 -0.6273828148841858 -16.019105911254883
v -5.490437030792236 -0.25349992513656616 -15.995129585266113
v -8.859823226928711 -4.948909759521484 -12.479610443115234
v -9.300085067749023 -4.444254398345947 -12.223973274230957
v -8.72056770324707 -4.717291831970215 -13.040380477905273
v -9.092977523803711 -4.272049427032471 -12.925383567810059
v -9.565549850463867 -3.988950490951538 -12.17401123046875
v -9.895331382751465 -3.4110395908355713 -11.862421035766602
v -9.440177917480469 -3.772130012512207 -12.740949630737305
v -9.748056411743164 -3.222456216812134 -12.519950866699219
v -8.413012504577637 -4.600841522216797 -13.587902069091797
v -8.933685302734375 -4.005234241485596 -13.44742202758789
v -8.36488151550293 -4.147050380706787 -14.03487777709961
v -8.751690864562988 -3.6974005699157715 -13.925118446350098
v -9.409130096435547 -3.298022985458374 -13.195270538330078
v -9.594908714294434 -2.966188907623291 -13.053924560546875
v -9.099275588989258 -3.208392858505249 -13.762298583984375
v -9.28243350982666 -2.904766321182251 -13.64150619506836
v -9.416763305664062 -2.6646792888641357 -13.539634704589844
v -9.9113130569458 -2.8669509887695312 -12.348125457763672
v -10.192137718200684 -3.1833770275115967 -10.911094665527344
v -10.142443656921387 -2.801831007003784 -11.617267608642578
v -10.386455535888672 -2.205142021179199 -11.160128593444824
v -10.463956832885742 -2.4328672885894775 -10.505396842956543
v -10.018991470336914 -2.598106622695923 -12.208718299865723
v -10.2035493850708 -2.1067919731140137 -11.946008682250977
v -10.459325790405273 -1.9902468919754028 -10.956512451171875
v -10.402377128601074 -1.4427149295806885 -11.51992416381836
v -9.718121528625488 -2.09283185005188 -13.18735122680664
v -9.870073318481445 -2.3491265773773193 -12.750598907470703
v -10.110719680786133 -1.6700903177261353 -12.408449172973633
v -9.981669425964355 -1.2956498861312866 -12.838528633117676
v -10.218218803405762 -0.7652567028999329 -12.265981674194336
v -7.555094242095947 -3.7816948890686035 -14.926555633544922
v -8.130436897277832 -3.83685040473938 -14.479452133178711
v -8.548783302307129 -3.352614402770996 -14.36231517791748
v -7.942995071411133 -3.3997905254364014 -14.85617733001709
v -8.321086883544922 -2.964622974395752 -14.752047538757324
v -8.897294998168945 -2.865349054336548 -14.201316833496094
v -9.077738761901855 -2.571643590927124 -14.086594581604004
v -9.218123435974121 -2.3269553184509277 -13.985099792480469
v -8.778448104858398 -2.3115270137786865 -14.530426025390625
v -8.998383522033691 -1.9529231786727905 -14.390091896057129
v -7.6913251876831055 -2.9694199562072754 -15.199396133422852
v -8.066317558288574 -2.5288796424865723 -15.089607238769531
v -7.287142276763916 -2.2753355503082275 -15.592294692993164
v -7.68256950378418 -2.1744143962860107 -15.411389350891113
v -8.422507286071777 -2.171926259994507 -14.902986526489258
v -8.756105422973633 -1.540511131286621 -14.752504348754883
v -8.145626068115234 -1.5792125463485718 -15.23681926727295
v -9.506169319152832 -1.7338842153549194 -13.706235885620117
v -9.821915626525879 -0.9281780123710632 -13.284226417541504
v -9.982851028442383 -0.3700399398803711 -12.957853317260742
v -9.570903778076172 -0.7589861750602722 -13.826552391052246
v -9.835394859313965 0.08429825305938721 -13.327526092529297
v -9.265202522277832 -1.3242334127426147 -14.200769424438477
v -9.040215492248535 -1.0498136281967163 -14.550386428833008
v -8.810476303100586 -0.5474828481674194 -14.852160453796387
v -9.086579322814941 -0.001199918333441019 -14.6012544631958
v -9.375455856323242 -0.33124983310699463 -14.20613956451416
v -9.587153434753418 0.27135011553764343 -13.853290557861328
v -9.35003662109375 0.6620346903800964 -14.20805549621582
v -7.105250358581543 -1.9594972133636475 -15.723053932189941
v -7.48062801361084 -1.5198315382003784 -15.614108085632324
v -6.740753650665283 -1.3835629224777222 -15.88235855102539
v -7.2063775062561035 -1.0466339588165283 -15.752641677856445
v -7.84794282913208 -1.0019739866256714 -15.47356128692627
v -8.48727035522461 -0.9544923901557922 -15.075514793395996
v -8.189023971557617 -0.5669171810150146 -15.315287590026855
v -7.509553909301758 -0.48279863595962524 -15.66496467590332
v -6.53044319152832 -0.519912600517273 -15.927836418151855
v -6.8132123947143555 -0.36771485209465027 -15.87153148651123
v -5.892930507659912 0.01647956483066082 -15.953018188476562
v -6.368494033813477 0.4035274088382721 -15.864307403564453
v -7.3100810050964355 -0.13811549544334412 -15.738053321838379
v -7.135122299194336 0.1579492837190628 -15.770228385925293
v -6.902951717376709 0.5422490835189819 -15.769360542297363
v -8.820555686950684 0.48636874556541443 -14.865591049194336
v -7.904414176940918 0.038214072585105896 -15.49859619140625
v -8.515352249145508 0.0822143405675888 -15.122385025024414
v -8.198354721069336 0.4653199017047882 -15.327713966369629
v -8.484845161437988 1.0550247430801392 -15.047148704528809
v -8.96933364868164 0.8679982423782349 -14.659547805786133
v -7.6272101402282715 0.8116403818130493 -15.537773132324219
v -2.102102756500244 -8.00607681274414 -8.717954635620117
v -1.5459859371185303 -7.708575248718262 -7.616898536682129
v -1.7423505783081055 -7.864241600036621 -9.262927055358887
v -1.3326038122177124 -7.682453632354736 -8.420204162597656
v -1.5276206731796265 -7.778171539306641 -8.826033592224121
v -1.549967646598816 -7.761141300201416 -8.086980819702148
v -1.3098710775375366 -7.52187967300415 -7.1385178565979
v -1.5216313600540161 -7.557901382446289 -6.889057636260986
v -0.9578830599784851 -7.181081771850586 -6.4329447746276855
v -0.9577414393424988 -7.4288740158081055 -7.629649639129639
v -1.0240976810455322 -7.519374370574951 -8.984010696411133
v -1.190470814704895 -7.401533126831055 -10.475380897521973
v -1.428478479385376 -7.6546711921691895 -9.859898567199707
v -0.7604691386222839 -7.30268669128418 -9.590320587158203
v -0.2744388282299042 -7.050149917602539 -7.417671203613281
v -0.4208256006240845 -7.1585564613342285 -8.632493019104004
v 0.024364745244383812 -6.9442219734191895 -7.966421604156494
v -0.48888906836509705 -7.181633949279785 -7.835904121398926
v -0.40943944454193115 -6.477489948272705 -5.068005084991455
v -0.4366596043109894 -6.640097141265869 -5.446991920471191
v -0.2586161494255066 -6.822201251983643 -6.208835601806641
v -0.5110793113708496 -7.103475570678711 -7.039008617401123
v -0.4745245575904846 -6.832785606384277 -5.957908630371094
v 0.07452526688575745 -6.5717058181762695 -5.591530799865723
v 0.04520592465996742 -6.229424476623535 -4.673157691955566
v 0.37445303797721863 -5.942567825317383 -4.211662292480469
v 0.39746707677841187 -6.308770656585693 -5.0368971824646
v 0.699946403503418 -6.031375885009766 -4.542625427246094
v 0.08130916953086853 -6.828763484954834 -6.691382884979248
v 0.4162237346172333 -6.617884635925293 -6.0439133644104
v 0.38866639137268066 -6.808265686035156 -7.22937536239624
v 0.6198296546936035 -6.687675476074219 -6.7585768699646
v 0.6443483829498291 -6.356807708740234 -5.329267978668213
v 1.0738255977630615 -6.109073162078857 -4.914000034332275
v 1.066964864730835 -6.408650875091553 -5.9135823249816895
v 1.4042952060699463 -6.162362098693848 -5.338258743286133
v -1.0335336923599243 -7.076300621032715 -11.224812507629395
v -0.5407518744468689 -7.027254581451416 -10.236552238464355
v -0.3514968454837799 -6.691959857940674 -10.919693946838379
v -0.23977471888065338 -6.931779384613037 -9.611220359802246
v 0.2838898301124573 -6.831014633178711 -8.58372974395752
v 0.019821129739284515 -6.641739845275879 -10.181550025939941
v 0.5058543086051941 -6.650443077087402 -9.239897727966309
v -0.7498225569725037 -6.494560241699219 -12.160221099853516
v -0.6455849409103394 -6.246732234954834 -12.51273250579834
v -0.18122775852680206 -6.300568580627441 -11.636954307556152
v -0.4639925956726074 -5.749259948730469 -13.147369384765625
v -0.05052763968706131 -5.895788192749023 -12.402252197265625
v 0.16760098934173584 -6.349628925323486 -10.958958625793457
v 0.6910917162895203 -6.402465343475342 -9.936065673828125
v 0.8508215546607971 -6.081085681915283 -10.668780326843262
v 0.7046045064926147 -6.713200569152832 -7.708877086639404
v 1.0104197263717651 -6.583065032958984 -7.089260578155518
v 0.8282364010810852 -6.627097129821777 -8.301573753356934
v 1.2486190795898438 -6.4752197265625 -7.674694538116455
v 1.3539059162139893 -6.392515659332275 -6.421102046966553
v 1.8023219108581543 -6.108819961547852 -5.655466079711914
v 1.5976980924606323 -6.312058448791504 -6.969952583312988
v 1.450520634651184 -6.294924259185791 -8.298177719116211
v 1.097547173500061 -6.337921619415283 -9.17428207397461
v 1.2970819473266602 -6.078569412231445 -9.676704406738281
v 1.6399071216583252 -6.046186923980713 -8.961248397827148
v 1.8161360025405884 -6.166170120239258 -7.55987024307251
v 2.021362781524658 -5.953820705413818 -8.192225456237793
v 1.0784083604812622 -5.375372886657715 -3.4487996101379395
v 0.7504758834838867 -5.635426044464111 -3.7942726612091064
v 0.7684378623962402 -5.288743495941162 -3.224602460861206
v 1.0616016387939453 -5.7386627197265625 -4.093018054962158
v 1.4476943016052246 -5.471211910247803 -3.7081713676452637
v 1.4218109846115112 -5.832217693328857 -4.43305778503418
v -0.504332959651947 -5.14380407333374 -14.106725692749023
v -0.7597293257713318 -5.0881147384643555 -14.304326057434082
v -0.034233544021844864 -5.379697799682617 -13.333186149597168
v -0.5183990001678467 -4.684412956237793 -14.534640312194824
v 0.131911501288414 -4.93438720703125 -13.75159740447998
v 0.4083636999130249 -6.007580280303955 -11.583282470703125
v 1.0034748315811157 -5.65761137008667 -11.422739028930664
v 0.6497158408164978 -5.606603145599365 -12.096217155456543
v 0.5981114506721497 -4.983468055725098 -13.07725715637207
v 1.024704098701477 -4.963520050048828 -12.438483238220215
v 1.0210068225860596 -4.314862251281738 -12.966180801391602
v 0.6075643301010132 -4.173703670501709 -13.679990768432617
v 0.4310382902622223 -3.187035083770752 -14.251514434814453
v 0.9029699563980103 -3.759758949279785 -13.42725658416748
v 0.7607272863388062 -3.3309059143066406 -13.760191917419434
v -1.0534168481826782 -4.518759250640869 -14.868143081665039
v -0.8562225699424744 -3.822896718978882 -15.042936325073242
v -1.229292392730713 -3.7411248683929443 -15.203753471374512
v -0.07885227352380753 -3.965118885040283 -14.621768951416016
v -1.0792258977890015 -3.4808571338653564 -15.20114517211914
v -0.3736518621444702 -3.340688467025757 -14.92206859588623
v -0.707166314125061 -2.943655490875244 -15.10716724395752
v -1.3708977699279785 -2.900271415710449 -15.356606483459473
v -1.8188968896865845 -2.5908737182617188 -15.504578590393066
v 0.15230774879455566 -3.0465304851531982 -14.622446060180664
v -0.19165469706058502 -3.0082600116729736 -14.860146522521973
v 1.8246644735336304 -5.724910259246826 -9.663314819335938
v 1.5260462760925293 -5.72203254699707 -10.281832695007324
v 1.5317800045013428 -5.226858615875244 -11.268620491027832
v 1.8131870031356812 -5.270012855529785 -10.665427207946777
v 2.218061923980713 -5.669530391693115 -8.867159843444824
v 2.35197377204895 -5.269618988037109 -9.578186988830566
v 1.4687203168869019 -4.378343105316162 -12.176154136657715
v 1.9600467681884766 -5.053502082824707 -10.698226928710938
v 1.939794659614563 -4.654539585113525 -11.153606414794922
v 1.1377203464508057 -3.515944480895996 -13.088142395019531
v 2.281010627746582 -4.594836711883545 -10.580744743347168
v 2.7958295345306396 -4.684652328491211 -9.556557655334473
v 2.243025064468384 -3.914947986602783 -11.119952201843262
v 1.8357839584350586 -3.8048620223999023 -11.835677146911621
v 0.6202497482299805 -2.970313310623169 -14.038602828979492
v -1.0870537757873535 -2.4068143367767334 -15.282604217529297
v -1.4657211303710938 -1.9766590595245361 -15.41343879699707
v -0.03256100416183472 -2.7180168628692627 -14.805449485778809
v -0.38107991218566895 -2.241550922393799 -15.00395393371582
v 0.2824224531650543 -2.177842140197754 -14.479092597961426
v -0.2284698784351349 -1.963369369506836 -14.926097869873047
v -0.06370609998703003 -1.693670630455017 -14.806556701660156
v -0.7372789978981018 -1.8656954765319824 -15.142046928405762
v -1.306628704071045 -1.698838710784912 -15.341526985168457
v -1.1401560306549072 -1.3975715637207031 -15.26203727722168
v -0.44110941886901855 -1.239227056503296 -14.968000411987305
v -0.8334730267524719 -0.841654896736145 -15.068456649780273
v 1.550015926361084 -3.128021478652954 -12.558158874511719
v 1.419508695602417 -2.8324644565582275 -12.809995651245117
v 0.8962148427963257 -2.6071581840515137 -13.63966178894043
v 1.2354689836502075 -2.4639475345611572 -13.094748497009277
v 2.142047882080078 -3.536963701248169 -11.493071556091309
v 1.7318637371063232 -2.9690215587615967 -12.311935424804688
v 1.9447401762008667 -3.0496795177459717 -11.97877025604248
v 1.5239990949630737 -2.2593343257904053 -12.625561714172363
v 2.1534318923950195 -2.6052558422088623 -11.767727851867676
v 1.8114497661590576 -2.126082420349121 -12.204695701599121
v 0.597262978553772 -2.0436623096466064 -14.011059761047363
v 0.23211222887039185 -1.4577794075012207 -14.332684516906738
v 0.8848986029624939 -1.8708057403564453 -13.487149238586426
v 0.5288634896278381 -1.3853291273117065 -13.8189058303833
v -0.16342349350452423 -0.8651798963546753 -14.583351135253906
v -0.6762507557868958 -0.5545317530632019 -14.949748039245605
v 1.091597080230713 -1.7480800151824951 -13.122334480285645
v -0.539568305015564 -0.369512677192688 -14.804059982299805
v 0.13721400499343872 -0.7506889700889587 -14.09011173248291
v -0.2485179305076599 -0.19165699183940887 -14.345758438110352
v 0.7973647117614746 -1.14508855342865 -13.334673881530762
v 1.4475393295288086 -1.5125043392181396 -12.574926376342773
v 1.0758997201919556 -0.9745662808418274 -12.908539772033691
v 0.4196062684059143 -0.5917791724205017 -13.633118629455566
v 0.706466019153595 -0.4836861193180084 -13.207818984985352
v 0.30890795588493347 0.10654021799564362 -13.47966194152832
v -2.264112710952759 -2.276799440383911 -15.630982398986816
v -2.811455249786377 -2.1392691135406494 -15.753915786743164
v -2.6053342819213867 -1.7809714078903198 -15.700295448303223
v -1.814097285270691 -1.4933820962905884 -15.488489151000977
v -2.068249464035034 -1.3731111288070679 -15.549214363098145
v -3.0866103172302246 -0.43773677945137024 -15.700212478637695
v -1.5393319129943848 -1.0112066268920898 -15.347333908081055
v -1.9465736150741577 -0.6336686015129089 -15.414517402648926
v -1.42080819606781 -0.2941150367259979 -15.177201271057129
v -1.6920583248138428 -0.18101871013641357 -15.246609687805176
v -2.675006866455078 -0.8119089007377625 -15.642816543579102
v -2.3573057651519775 -0.25808414816856384 -15.473894119262695
v -2.6636738777160645 0.300466388463974 -15.45693588256836
v -2.1820623874664307 0.04811917617917061 -15.360478401184082
v -2.464567184448242 0.6479770541191101 -15.332335472106934
v -3.930262565612793 0.2776681184768677 -15.769686698913574
v -4.26004695892334 -0.29717350006103516 -15.91159439086914
v -4.616159439086914 0.17527242004871368 -15.89723014831543
v -5.084432601928711 0.45229777693748474 -15.889123916625977
v -4.365105152130127 0.6126416325569153 -15.775147438049316
v -4.8105058670043945 0.9295105934143066 -15.7568359375
v -3.504086971282959 -0.07326583564281464 -15.744486808776855
v -3.1291160583496094 0.5811991691589355 -15.522069931030273
v -3.573805093765259 0.8985865116119385 -15.547248840332031
v -3.9963343143463135 1.25558340549469 -15.528935432434082
v -4.394032955169678 1.6551740169525146 -15.461478233337402
v -2.8857879638671875 1.005750060081482 -15.368264198303223
v -3.3184869289398193 1.344183325767517 -15.378344535827637
v -3.7619855403900146 1.6606696844100952 -15.364272117614746
v -4.215751647949219 1.9427522420883179 -15.32833194732666
v -0.9371619820594788 0.07686847448348999 -14.936327934265137
v -1.3399001359939575 0.448905348777771 -15.012510299682617
v -0.6431067585945129 0.35256651043891907 -14.560948371887207
v -1.7488994598388672 0.8104565143585205 -15.075531959533691
v -2.1636178493499756 1.173475980758667 -15.12593936920166
v -1.2294164896011353 1.1124323606491089 -14.803800582885742
v -1.5049692392349243 1.2444881200790405 -14.879904747009277
v -1.9905048608779907 1.4760630130767822 -14.984223365783691
v -0.045120060443878174 0.07102358341217041 -13.94818115234375
v -0.4850985109806061 0.43682995438575745 -14.315251350402832
v -0.7671546339988708 1.0251682996749878 -14.307254791259766
v -0.0890844315290451 0.6350678205490112 -13.706521987915039
v -0.49702557921409607 1.1482155323028564 -13.891149520874023
v -1.180592656135559 1.539053201675415 -14.457036972045898
v -1.5992631912231445 2.033419609069824 -14.58090877532959
v -0.912074625492096 1.6460528373718262 -14.043549537658691
v -1.3329969644546509 2.123046875 -14.168052673339844
v -2.5875535011291504 1.5266698598861694 -15.155592918395996
v -3.0230228900909424 1.845474362373352 -15.159425735473633
v -2.4524059295654297 1.7600241899490356 -15.042530059814453
v -2.8812780380249023 2.078629493713379 -15.036910057067871
v -2.300841808319092 2.0092201232910156 -14.91697883605957
v -2.738447427749634 2.3177835941314697 -14.916120529174805
v -3.469480037689209 2.138348340988159 -15.138717651367188
v -3.900193929672241 2.401611089706421 -15.097617149353027
v -3.277087926864624 2.461236000061035 -14.967516899108887
v -3.588625431060791 2.8512237071990967 -14.842227935791016
v -2.0268709659576416 2.4678421020507812 -14.648448944091797
v -2.464648723602295 2.7870032787323 -14.64815616607666
v -1.7616350650787354 2.5095694065093994 -14.251856803894043
v -2.1997642517089844 2.919921875 -14.303693771362305
v -2.8989641666412354 3.081066846847534 -14.623146057128906
v -3.298224449157715 3.3043606281280518 -14.578727722167969
v -2.6255104541778564 3.30739164352417 -14.320579528808594
v -3.025531768798828 3.607525587081909 -14.29519271850586
v 3.1498210430145264 -3.965381145477295 -9.64730167388916
v 2.7040700912475586 -3.9697248935699463 -10.33851432800293
v 3.034986734390259 -3.548534631729126 -10.16795825958252
v 2.934384822845459 -3.286099672317505 -10.49004077911377
v 2.4642398357391357 -3.2069873809814453 -11.185791015625
v 3.2501842975616455 -3.315171957015991 -10.050355911254883
v 2.7665176391601562 -2.9192006587982178 -10.89360523223877
v 2.443544387817383 -2.3784172534942627 -11.416343688964844
v 3.670971393585205 -2.861149311065674 -9.834686279296875
v 3.5217034816741943 -2.6131093502044678 -10.113472938537598
v 3.0330097675323486 -2.5822792053222656 -10.674015998840332
v 3.866896629333496 -2.6483802795410156 -9.747615814208984
v 2.0926220417022705 -1.8295931816101074 -11.838318824768066
v 2.7315807342529297 -2.1036229133605957 -11.118725776672363
v 2.37396240234375 -1.6031577587127686 -11.518604278564453
v 3.641064405441284 -2.064600944519043 -10.189313888549805
v 3.3557372093200684 -2.348527431488037 -10.390012741088867
v 3.0132274627685547 -1.8500148057937622 -10.853818893432617
v 2.7659456729888916 -1.534027099609375 -11.108011245727539
v 3.25441312789917 -1.6354334354400635 -10.629022598266602
v 2.9113850593566895 -1.162002444267273 -10.958724021911621
v 1.7264835834503174 -1.3147742748260498 -12.199021339416504
v 1.2818633317947388 -0.846643328666687 -12.6112060546875
v 1.9122220277786255 -1.182929277420044 -11.96110725402832
v 1.6189087629318237 -0.6226434111595154 -12.172688484191895
v 0.9653687477111816 -0.2828115224838257 -12.814386367797852
v 0.5744947195053101 0.24111191928386688 -13.080408096313477
v 1.2285735607147217 -0.1287805289030075 -12.4523344039917
v 0.8332912921905518 0.3752443790435791 -12.710576057434082
v 2.2685294151306152 -0.9134936928749084 -11.556697845458984
v 1.880008339881897 -0.44706395268440247 -11.850781440734863
v 2.5259361267089844 -0.724517822265625 -11.267655372619629
v 2.132373094558716 -0.32214227318763733 -11.533599853515625
v 1.4843801259994507 0.004603410605341196 -12.111568450927734
v 1.7353992462158203 0.04589460417628288 -11.766324996948242
v 4.187174320220947 -1.5015418529510498 -9.859610557556152
v 3.410815954208374 -0.8174198269844055 -10.437610626220703
v 4.672075271606445 -1.148995280265808 -9.411582946777344
v 3.1655068397521973 -0.9699588418006897 -10.698108673095703
v 2.7711000442504883 -0.606546938419342 -10.962288856506348
v 2.9108054637908936 -0.38817083835601807 -10.75507640838623
v 2.350193738937378 -0.22083459794521332 -11.22807502746582
v 3.688359260559082 -0.4192512035369873 -10.022170066833496
v 0.1743525266647339 0.7573074698448181 -13.30816650390625
v -0.2353939712047577 1.2615042924880981 -13.495671272277832
v 0.37902137637138367 0.897159993648529 -12.91051197052002
v -0.0649649128317833 1.2337470054626465 -13.226130485534668
v -0.5871215462684631 1.628053903579712 -13.532172203063965
v -1.0466718673706055 1.9996528625488281 -13.74301528930664
v 1.0825610160827637 0.4150351583957672 -12.337210655212402
v -1.5193408727645874 2.419020891189575 -13.865372657775879
v -1.9600248336791992 2.821723699569702 -13.935283660888672
v -2.2125613689422607 3.0911171436309814 -13.938467025756836
v -2.766148805618286 3.578801155090332 -13.931825637817383
v -2.622803211212158 3.5777971744537354 -13.735501289367676
v -10.606358528137207 -1.6827038526535034 -10.223062515258789
v -10.451757431030273 -1.2414507865905762 -11.294129371643066
v -10.512598991394043 -0.9698881506919861 -10.993505477905273
v -10.562994956970215 -0.6034794449806213 -10.485762596130371
v -10.657974243164062 -0.9470836520195007 -9.836191177368164
v -10.725564002990723 -1.0324772596359253 -8.973337173461914
v -10.300154685974121 -1.006610631942749 -11.989372253417969
v -10.405779838562012 -0.4422086775302887 -11.548168182373047
v -10.28657054901123 0.04508165642619133 -11.966384887695312
v -10.141820907592773 0.38482436537742615 -12.431609153747559
v -9.967082977294922 0.6812176704406738 -12.923650741577148
v -9.746515274047852 1.0066163539886475 -13.368098258972168
v -9.472269058227539 1.348952293395996 -13.773621559143066
v -10.630404472351074 -0.7155282497406006 -9.467910766601562
v -10.449907302856445 -0.5522705316543579 -8.99281120300293
v -10.470903396606445 -0.3926883339881897 -9.970088005065918
v -10.438029289245605 -0.2532604932785034 -11.23017406463623
v -10.267199516296387 0.3168436586856842 -11.567221641540527
v -10.302071571350098 -0.01928599178791046 -10.487944602966309
v -10.202422142028809 -0.09451636672019958 -9.723223686218262
v -10.171134948730469 0.06528177112340927 -10.124564170837402
v -10.07687759399414 0.44952115416526794 -10.863007545471191
v -9.941665649414062 0.48620596528053284 -10.508610725402832
v -10.252572059631348 -0.395184189081192 -8.542357444763184
v -10.008016586303711 -0.23041297495365143 -8.127457618713379
v -10.226909637451172 -0.21594156324863434 -9.353888511657715
v -10.071200370788574 -0.12470026314258575 -9.025781631469727
v -9.841363906860352 -0.002870593685656786 -8.596566200256348
v -9.758219718933105 -0.054284125566482544 -7.730005264282227
v -9.488176345825195 0.14280997216701508 -7.356545925140381
v -9.594886779785156 0.16678161919116974 -8.1978759765625
v -9.330448150634766 0.36835435032844543 -7.827798843383789
v -9.89866828918457 0.17118936777114868 -9.51844596862793
v -9.668171882629395 0.27884891629219055 -9.08310604095459
v -9.725245475769043 0.5395642518997192 -10.029046058654785
v -9.49366569519043 0.6326175332069397 -9.588031768798828
v -9.423622131347656 0.4373666048049927 -8.682989120483398
v -9.16435718536377 0.6413890719413757 -8.317063331604004
v -9.25048828125 0.7758808732032776 -9.186749458312988
v -8.995257377624512 0.980616569519043 -8.824430465698242
v -10.093676567077637 0.7641469836235046 -12.073737144470215
v -9.909592628479004 1.1238733530044556 -12.519697189331055
v -9.962738037109375 0.9193852543830872 -11.553776741027832
v -9.76934814453125 0.9597126245498657 -11.043257713317871
v -9.787496566772461 1.464045524597168 -12.156002044677734
v -9.585077285766602 1.5106658935546875 -11.585040092468262
v -9.694637298583984 1.4740209579467773 -12.96544361114502
v -9.427145957946777 1.7889496088027954 -13.409948348999023
v -9.584395408630371 1.7961024045944214 -12.627777099609375
v -9.372526168823242 2.121129274368286 -12.127253532409668
v -9.431076049804688 2.0276777744293213 -12.787497520446777
v -9.252665519714355 2.2892494201660156 -12.891595840454102
v -9.116190910339355 2.5489439964294434 -12.597673416137695
v -9.551667213439941 0.9940007328987122 -10.555459022521973
v -9.317447662353516 1.0704602003097534 -10.108667373657227
v -9.36585807800293 1.5269566774368286 -11.089508056640625
v -9.129107475280762 1.587000846862793 -10.636370658874512
v -9.073373794555664 1.2000212669372559 -9.705066680908203
v -8.820003509521484 1.392389178276062 -9.344206809997559
v -8.882811546325684 1.7035160064697266 -10.228951454162598
v -8.629833221435547 1.881540060043335 -9.867114067077637
v -9.154274940490723 2.1218090057373047 -11.62314224243164
v -8.915842056274414 2.1648077964782715 -11.16266918182373
v -8.897161483764648 2.7401182651519775 -12.147890090942383
v -8.656914710998535 2.7238893508911133 -11.676671028137207
v -8.668066024780273 2.2679479122161865 -10.749905586242676
v -8.415728569030762 2.394681692123413 -10.376496315002441
v -8.410528182983398 2.755981206893921 -11.247869491577148
v -8.162549018859863 2.84173321723938 -10.86219310760498
v -9.196832656860352 0.3614238500595093 -7.004658222198486
v -8.880685806274414 0.5978986024856567 -6.672745704650879
v -9.045053482055664 0.5951694250106812 -7.484225273132324
v -8.736701965332031 0.8466711640357971 -7.164963245391846
v -8.538511276245117 0.8516139984130859 -6.358144760131836
v -8.198265075683594 1.1554573774337769 -6.070018291473389
v -8.403911590576172 1.1200259923934937 -6.867279052734375
v -8.076207160949707 1.3717495203018188 -6.600661754608154
v -8.886499404907227 0.8783360719680786 -7.982837200164795
v -8.5890531539917 1.1461445093154907 -7.677548885345459
v -8.725217819213867 1.226789116859436 -8.498685836791992
v -8.438936233520508 1.510344386100769 -8.205789566040039
v -8.271734237670898 1.4134160280227661 -7.3984761238098145
v -7.9602203369140625 1.5887287855148315 -7.152634620666504
v -8.136757850646973 1.6810353994369507 -7.942048072814941
v -7.8442487716674805 1.879338026046753 -7.71196174621582
v -7.384598255157471 1.774955153465271 -6.117480754852295
v -6.580584526062012 1.9318429231643677 -5.4981794357299805
v -7.194460868835449 2.1810827255249023 -7.225100994110107
v -6.426012992858887 2.2484827041625977 -6.640445709228516
v -8.55657958984375 1.644968032836914 -9.023968696594238
v -8.28143310546875 1.8745198249816895 -8.739653587341309
v -8.37060546875 2.123032331466675 -9.548490524291992
v -8.103311538696289 2.2218751907348633 -9.253820419311523
v -7.992288112640381 2.021040201187134 -8.485694885253906
v -7.715703964233398 2.180304527282715 -8.242831230163574
v -7.827583312988281 2.3068368434906006 -8.980716705322266
v -7.557945251464844 2.4408395290374756 -8.731300354003906
v -8.158798217773438 2.5166139602661133 -10.039128303527832
v -7.8974528312683105 2.540231466293335 -9.735072135925293
v -7.912917613983154 2.902634620666504 -10.516286849975586
v -7.663671493530273 2.9160847663879395 -10.205981254577637
v -7.635088920593262 2.6161110401153564 -9.459309577941895
v -7.379199981689453 2.7486798763275146 -9.20691967010498
v -7.418586254119873 2.9897406101226807 -9.925358772277832
v -7.177700996398926 3.094081401824951 -9.66235065460205
v -6.963192462921143 2.5748910903930664 -8.21115493774414
v -6.2957587242126465 2.692657709121704 -7.6805806159973145
v -7.276010990142822 2.54329776763916 -8.478748321533203
v -7.106171607971191 2.7973170280456543 -8.943094253540039
v -6.8247904777526855 2.8568296432495117 -8.684174537658691
v -6.922115325927734 3.105780601501465 -9.392328262329102
v -6.681227207183838 3.1459922790527344 -9.147710800170898
v -6.657949924468994 2.6252970695495605 -7.962343215942383
v -6.637630462646484 2.9081509113311768 -8.519791603088379
v -6.210726737976074 2.997823715209961 -8.165495872497559
v -6.3920979499816895 3.217632532119751 -8.872937202453613
v -6.088892936706543 3.2801170349121094 -8.613231658935547
v -6.547013282775879 1.1682356595993042 -15.685805320739746
v -6.988992691040039 1.3714139461517334 -15.552998542785645
v -9.05715560913086 1.166143536567688 -14.489638328552246
v -9.119545936584473 1.5296865701675415 -14.257556915283203
v -8.695839881896973 1.679369330406189 -14.641095161437988
v -8.63399600982666 2.198923110961914 -14.294859886169434
v -9.029227256774902 2.0032196044921875 -13.967964172363281
v -8.52751350402832 2.608867883682251 -13.889066696166992
v -7.943998336791992 0.8952620625495911 -15.397171974182129
v -8.011683464050293 1.725805640220642 -15.093649864196777
v -7.570468902587891 1.5646027326583862 -15.35312557220459
v -7.2146382331848145 2.0661561489105225 -15.19064712524414
v -7.696764945983887 2.196729898452759 -14.939519882202148
v -8.035923957824707 2.2276179790496826 -14.734726905822754
v -8.276789665222168 2.2319419384002686 -14.572474479675293
v -7.221470355987549 2.7369916439056396 -14.646641731262207
v -7.974869728088379 2.6106646060943604 -14.381680488586426
v -7.824329376220703 3.0656158924102783 -13.923083305358887
v -8.171619415283203 3.0267765522003174 -13.6506929397583
v -6.985743045806885 3.0315117835998535 -14.465737342834473
v -7.551634788513184 3.073061227798462 -14.116201400756836
v -7.636232376098633 3.437980890274048 -13.515952110290527
v -7.8585381507873535 3.409330129623413 -13.339550971984863
v -7.575389385223389 3.7795908451080322 -12.98638916015625
v -7.01907205581665 3.460756301879883 -13.955236434936523
v -7.245057106018066 3.462764263153076 -13.803515434265137
v -6.841225624084473 3.855738401412964 -13.54716968536377
v -7.263199806213379 3.954907178878784 -12.631869316101074
v -7.040090560913086 4.018874645233154 -12.22937297821045
v -6.654845237731934 4.2579193115234375 -13.139204978942871
v -6.488108158111572 4.352021217346191 -12.758540153503418
v -5.592497825622559 0.6605735421180725 -15.865243911743164
v -6.061769008636475 0.9364007711410522 -15.793326377868652
v -5.4292521476745605 0.9446985721588135 -15.799985885620117
v -5.798194408416748 1.395141839981079 -15.679888725280762
v -5.266432285308838 1.2283406257629395 -15.71495246887207
v -5.956016540527344 1.6243045330047607 -15.600624084472656
v -6.0994553565979 1.892071008682251 -15.478028297424316
v -6.679938793182373 1.9369192123413086 -15.391533851623535
v -4.966403484344482 1.7462509870529175 -15.50664234161377
v -5.4069504737854 1.9819543361663818 -15.434318542480469
v -4.736995697021484 2.061674118041992 -15.334446907043457
v -4.880056381225586 2.3012924194335938 -15.224425315856934
v -4.971710205078125 2.505115509033203 -15.115151405334473
v -6.258674621582031 2.3739874362945557 -15.177226066589355
v -5.844231605529785 2.1821675300598145 -15.329019546508789
v -5.503393173217773 2.592012643814087 -15.075241088867188
v -5.967668056488037 2.7760331630706787 -14.928730964660645
v -6.798938274383545 2.50838565826416 -14.983657836914062
v -6.3051581382751465 2.884575843811035 -14.797605514526367
v -5.655986309051514 3.1953184604644775 -14.646201133728027
v -5.124989986419678 3.100917339324951 -14.740690231323242
v -5.172431945800781 3.56310772895813 -14.42050552368164
v -5.169438362121582 3.964163303375244 -14.12476634979248
v -4.308717250823975 2.6229093074798584 -15.031901359558105
v -4.737912654876709 2.823836088180542 -14.930620193481445
v -4.001430034637451 3.0779998302459717 -14.773265838623047
v -4.433706283569336 3.2887659072875977 -14.673110008239746
v -4.890283107757568 3.4673211574554443 -14.525707244873047
v -3.883478879928589 4.086366176605225 -14.119513511657715
v -4.153931140899658 3.754246234893799 -14.398273468017578
v -4.613936424255371 3.957822322845459 -14.251062393188477
v -4.123523712158203 4.2006754875183105 -14.042407035827637
v -4.347506046295166 4.306188583374023 -13.965253829956055
v -4.838963031768799 4.489444732666016 -13.748385429382324
v -6.28433895111084 3.159376382827759 -14.572222709655762
v -6.677268028259277 3.4434609413146973 -14.171403884887695
v -6.139998435974121 3.8179869651794434 -13.987226486206055
v -6.396437644958496 3.85136342048645 -13.842530250549316
v -5.867064952850342 3.7686965465545654 -14.129011154174805
v -6.067999839782715 4.263444423675537 -13.537199974060059
v -5.605179786682129 4.206057071685791 -13.799487113952637
v -5.10344123840332 4.566063404083252 -13.609410285949707
v -5.357898712158203 4.640806674957275 -13.472476959228516
v -8.966856956481934 2.4550538063049316 -13.44752311706543
v -8.923256874084473 2.729644775390625 -12.873512268066406
v -8.570246696472168 3.153801441192627 -12.630949020385742
v -8.271732330322266 3.2770309448242188 -12.250548362731934
v -8.158453941345215 3.339853286743164 -13.075482368469238
v -7.92747163772583 3.6475579738616943 -12.66150188446045
v -8.000144004821777 3.3112120628356934 -11.847443580627441
v -7.800654888153076 3.3369390964508057 -11.403907775878906
v -7.694598197937012 3.6297967433929443 -12.20921802520752
v -7.472397804260254 3.6895859241485596 -11.80258560180664
v -6.84785795211792 4.020960807800293 -11.853981971740723
v -6.239906311035156 4.403337478637695 -12.384859085083008
v -6.015026092529297 4.287247657775879 -12.07369613647461
v -6.593739032745361 3.9963467121124268 -11.458264350891113
v -6.006799221038818 4.154778957366943 -11.620770454406738
v -5.8545756340026855 4.152793884277344 -11.31252384185791
v -5.992940902709961 3.9942331314086914 -10.49555492401123
v -5.917691707611084 4.048035144805908 -10.344340324401855
v -5.70713472366333 4.231968402862549 -11.024354934692383
v -5.552743434906006 4.369345188140869 -10.748291969299316
v -5.7857346534729 4.095961570739746 -9.985328674316406
v -5.463328838348389 4.317090034484863 -9.833654403686523
v -5.36881685256958 4.517203330993652 -10.477787971496582
v -3.4432637691497803 3.851045608520508 -14.227736473083496
v -3.1861040592193604 3.9408421516418457 -13.893142700195312
v -3.627546787261963 4.275017738342285 -13.809263229370117
v -2.890852212905884 3.8973631858825684 -13.499903678894043
v -3.3869833946228027 4.231229782104492 -13.490666389465332
v -4.170217990875244 4.499450206756592 -13.755691528320312
v -4.588253021240234 4.64030647277832 -13.43839168548584
v -4.188150882720947 4.526917934417725 -13.212050437927246
v -3.8570809364318848 4.4511027336120605 -13.349692344665527
v -3.101539134979248 4.147547721862793 -13.11388874053955
v -4.187005996704102 4.537595748901367 -12.925287246704102
v -3.636767864227295 4.414362907409668 -13.066008567810059
v -3.16884708404541 4.292716026306152 -12.872928619384766
v -3.43526029586792 4.438752174377441 -12.796527862548828
v -5.813225269317627 4.648008346557617 -13.011585235595703
v -5.033780097961426 4.581394672393799 -13.07634162902832
v -4.919736385345459 4.510729789733887 -12.816642761230469
v -5.69514799118042 4.548243522644043 -12.775625228881836
v -5.430396556854248 4.4359211921691895 -12.494674682617188
v -4.899006366729736 4.496029853820801 -12.433197021484375
v -5.21750020980835 4.425624847412109 -12.223321914672852
v -4.827284812927246 4.559204578399658 -12.104048728942871
v -5.496334552764893 4.3529510498046875 -12.027299880981445
v -5.804491996765137 4.239060878753662 -11.78817367553711
v -5.380112171173096 4.378847599029541 -11.709137916564941
v -5.611939907073975 4.271841526031494 -11.521148681640625
v -4.663204669952393 4.537708759307861 -12.579362869262695
v -4.155409812927246 4.631084442138672 -12.497455596923828
v -4.467419624328613 4.63010835647583 -12.329277992248535
v -3.168024778366089 4.438165664672852 -12.550919532775879
v -3.7611007690429688 4.693530559539795 -12.337268829345703
v -3.0619490146636963 4.501496315002441 -12.247115135192871
v -3.6012423038482666 4.782937526702881 -12.059812545776367
v -2.857231855392456 4.448976516723633 -11.953619956970215
v -3.3968985080718994 4.747762203216553 -11.764516830444336
v -2.4936025142669678 4.249901294708252 -11.6939115524292
v -3.2155866622924805 4.682460784912109 -11.445352554321289
v -4.731505393981934 4.6634650230407715 -11.796675682067871
v -4.609879970550537 4.800471305847168 -11.504862785339355
v -5.438101768493652 4.382113456726074 -11.263603210449219
v -5.284115791320801 4.534785270690918 -10.993863105773926
v -4.50573205947876 4.929141044616699 -11.185478210449219
v -4.183594703674316 4.9525465965271 -10.956676483154297
v -4.421724319458008 4.960769176483154 -10.808320045471191
v -4.956910133361816 4.776527404785156 -10.851583480834961
v -5.150017738342285 4.663192272186279 -10.68400764465332
v -4.737581253051758 4.898484706878662 -10.58054256439209
v -5.034001350402832 4.71791410446167 -10.314990043640137
v -4.088987827301025 4.740701675415039 -12.179827690124512
v -4.1374287605285645 4.865188121795654 -11.795267105102539
v -3.7700283527374268 4.8716721534729 -11.598011016845703
v -3.466217041015625 4.779632091522217 -11.334094047546387
v -3.794851541519165 4.886571407318115 -11.173973083496094
v -7.617599010467529 3.302316188812256 -10.983994483947754
v -7.318601608276367 3.405762195587158 -10.766473770141602
v -7.258276462554932 3.692471981048584 -11.438565254211426
v -7.051723957061768 3.69897723197937 -11.109396934509277
v -7.1363935470581055 3.429468870162964 -10.422581672668457
v -7.035318374633789 3.410404682159424 -10.211382865905762
v -6.850834369659424 3.714874267578125 -10.802641868591309
v -6.635859489440918 3.6709682941436768 -10.506747245788574
v -6.436357021331787 3.9317376613616943 -11.224503517150879
v -6.254206657409668 3.9054911136627197 -10.920991897583008
v -6.800551414489746 3.2816596031188965 -9.642611503601074
v -6.46635627746582 3.462578058242798 -9.55568790435791
v -6.42584753036499 3.694084882736206 -10.229650497436523
v -6.212968349456787 3.7688205242156982 -9.964588165283203
v -6.213044166564941 3.540069580078125 -9.297879219055176
v -5.927525997161865 3.609837770462036 -9.039775848388672
v -5.981066703796387 3.8636746406555176 -9.704882621765137
v 1.3346960544586182 0.37381306290626526 -11.97420883178711
v 2.615797281265259 -0.2026870995759964 -10.904838562011719
v 1.9769349098205566 0.04411853477358818 -11.420416831970215
v 1.5785295963287354 0.33720162510871887 -11.631077766418457
v 2.2172677516937256 0.03729011118412018 -11.10865306854248
v 1.8133646249771118 0.2549547553062439 -11.303613662719727
v 3.059072256088257 -0.1945997029542923 -10.302605628967285
v 2.2467265129089355 0.15485000610351562 -10.684677124023438
v -0.3937433362007141 1.581775426864624 -13.243731498718262
v -0.8120798468589783 1.9892915487289429 -13.381282806396484
v 0.6837395429611206 0.7670135498046875 -12.53881549835205
v 0.2772848308086395 1.1437770128250122 -12.722756385803223
v 0.9336418509483337 0.7260793447494507 -12.178160667419434
v 0.5257571935653687 1.0449881553649902 -12.362720489501953
v -0.13735651969909668 1.5261569023132324 -12.879085540771484
v -0.5573474168777466 1.9052616357803345 -13.019296646118164
v 0.11126881837844849 1.3794840574264526 -12.528573989868164
v -0.31033140420913696 1.7393358945846558 -12.673483848571777
v -1.2386404275894165 2.4049882888793945 -13.48969841003418
v -1.676391363143921 2.8172178268432617 -13.561016082763672
v -1.1679643392562866 2.5785489082336426 -12.916210174560547
v -1.4185514450073242 2.7252020835876465 -13.234087944030762
v -2.11311936378479 3.218865156173706 -13.596822738647461
v -1.8615378141403198 3.13960599899292 -13.29411792755127
v -2.2824060916900635 3.50454044342041 -13.30742359161377
v -1.606805443763733 3.041692018508911 -12.999702453613281
v -2.060189962387085 3.463197708129883 -13.029276847839355
v 1.174851417541504 0.6081206798553467 -11.83080768585205
v 0.7658535838127136 0.907394528388977 -12.017998695373535
v 1.4065461158752441 0.5071247816085815 -11.498002052307129
v 0.9967926740646362 0.7986078262329102 -11.690156936645508
v 0.1688990741968155 1.5276126861572266 -12.062163352966309
v 1.4298893213272095 0.6832273006439209 -11.09914493560791
v 0.6064354777336121 1.447733759880066 -11.520557403564453
v -0.6872667670249939 2.3940510749816895 -12.330431938171387
v -0.9250707626342773 2.467343807220459 -12.6165771484375
v -1.3623872995376587 2.962585926055908 -12.714014053344727
v -1.8147097826004028 3.40312123298645 -12.752123832702637
v -1.052316665649414 2.8817965984344482 -12.339981079101562
v -1.5831369161605835 3.3484232425689697 -12.474905014038086
v -0.25770339369773865 2.347491502761841 -11.810065269470215
v -1.0002714395523071 2.9353370666503906 -12.169569969177246
v -1.36777925491333 3.292076587677002 -12.193658828735352
v -0.7004315853118896 2.7912113666534424 -11.911520004272461
v -1.1692373752593994 3.235976219177246 -11.907307624816895
v -0.467475563287735 2.3597910404205322 -12.069429397583008
v -2.7120590209960938 3.843550682067871 -13.272686958312988
v -2.4985077381134033 3.846555709838867 -13.006781578063965
v -2.282454252243042 3.841114044189453 -12.740406036376953
v -2.7679760456085205 4.219527721405029 -12.663787841796875
v -2.0520036220550537 3.7883188724517822 -12.464312553405762
v -2.5446324348449707 4.185338973999023 -12.387873649597168
v -1.840409517288208 3.7188758850097656 -12.17666244506836
v -2.336771011352539 4.115893840789795 -12.095064163208008
v -1.6483101844787598 3.644120931625366 -11.877057075500488
v -2.1502621173858643 4.021797180175781 -11.785348892211914
v 15.599201202392578 -7.188183784484863 -2.87182879447937
v 15.97720718383789 -6.969351768493652 -3.3162693977355957
v 16.132837295532227 -6.58592414855957 -3.760258913040161
v 15.86257553100586 -6.79514217376709 -4.277505397796631
v 16.135255813598633 -6.310633659362793 -4.002110004425049
v 11.73086166381836 -6.6663970947265625 -3.4048523902893066
v 11.448965072631836 -6.592103004455566 -3.4017128944396973
v 10.929466247558594 -6.388693332672119 -3.3579139709472656
v 10.937420845031738 -6.436966896057129 -3.0410141944885254
v 13.286332130432129 -7.06569242477417 -3.2263805866241455
v 14.957674026489258 -7.1990509033203125 -2.441122531890869
v 14.416389465332031 -7.073169708251953 -2.194502830505371
v 13.902554512023926 -6.97370719909668 -2.008335828781128
v 13.275763511657715 -6.96669340133667 -2.3966145515441895
v 13.34373664855957 -6.839843273162842 -1.7542707920074463
v 14.13117790222168 -7.097800254821777 -2.8283088207244873
v 13.788519859313965 -7.099424839019775 -3.0348691940307617
v 13.810954093933105 -7.0773701667785645 -2.6928234100341797
v 11.250882148742676 -6.72368860244751 -2.276709794998169
v 12.85887622833252 -6.772549152374268 -1.5581926107406616
v 12.267069816589355 -6.6754841804504395 -1.3118994235992432
v 11.716898918151855 -6.5743889808654785 -1.1043015718460083
v 11.182671546936035 -6.4875078201293945 -0.8539397716522217
v 12.129671096801758 -6.818164825439453 -1.9853559732437134
v 11.615117073059082 -6.821577072143555 -2.1989076137542725
v 11.652814865112305 -6.734663009643555 -1.7925240993499756
v 12.012585639953613 -6.726852893829346 -3.393171548843384
v 12.104711532592773 -6.863484859466553 -2.729109048843384
v 11.527145385742188 -6.682966232299805 -2.8542022705078125
v 10.958259582519531 -6.4698381423950195 -2.8575172424316406
v 10.992199897766113 -6.528539657592773 -2.6201682090759277
v 11.581725120544434 -6.793804168701172 -2.4156370162963867
v 12.04721736907959 -6.779383182525635 -3.086392641067505
v 13.419386863708496 -6.932050704956055 -4.433269500732422
v 13.151124954223633 -6.874321937561035 -4.338492393493652
v 14.723284721374512 -7.004729270935059 -5.483325004577637
v 14.40333366394043 -6.970876216888428 -5.528039455413818
v 13.224336624145508 -6.789392471313477 -4.9452900886535645
v 14.370408058166504 -7.031078338623047 -5.052993297576904
v 13.776179313659668 -6.92589807510376 -4.974835395812988
v 13.759790420532227 -6.959842205047607 -4.678715229034424
v 13.825716972351074 -6.864180564880371 -5.541872978210449
v 13.26659107208252 -6.755365371704102 -5.635642051696777
v 11.41729736328125 -6.470532417297363 -4.372430324554443
v 11.005704879760742 -6.33295202255249 -4.171088695526123
v 12.566194534301758 -6.769410133361816 -3.886850357055664
v 12.002578735351562 -6.655031681060791 -4.004439830780029
v 12.586005210876465 -6.707302093505859 -4.427472114562988
v 12.036131858825684 -6.623020648956299 -4.413749694824219
v 11.68343734741211 -6.596188545227051 -3.9060652256011963
v 10.96031665802002 -6.346095085144043 -3.8155875205993652
v 10.937920570373535 -6.366848945617676 -3.537429094314575
v 12.150714874267578 -6.590127944946289 -4.879999160766602
v 12.989238739013672 -6.695284366607666 -5.516658306121826
v 12.713966369628906 -6.633695602416992 -5.49942684173584
v 12.193628311157227 -6.568210601806641 -5.455499649047852
v 11.602151870727539 -6.476780414581299 -4.844901084899902
v 11.12543773651123 -6.303254127502441 -4.738708019256592
v 11.723307609558105 -6.452507495880127 -5.46898078918457
v 11.254406929016113 -6.273197174072266 -5.239353656768799
v 12.655078887939453 -6.649468421936035 -4.933133125305176
v 13.451760292053223 -7.027873516082764 -3.8738362789154053
v 13.16306209564209 -6.961297512054443 -3.696260452270508
v 14.24461555480957 -7.201503753662109 -3.696521759033203
v 13.74295711517334 -7.116667747497559 -3.8523809909820557
v 13.763957977294922 -7.143315315246582 -3.452117443084717
v 14.286874771118164 -7.132205963134766 -4.41050386428833
v 13.744937896728516 -7.003838062286377 -4.417634963989258
v 13.734172821044922 -7.0797529220581055 -4.055591106414795
v 14.952400207519531 -7.227329730987549 -3.3036258220672607
v 15.644598007202148 -7.1212382316589355 -3.6296887397766113
v 15.388457298278809 -7.082061290740967 -4.580238342285156
v 14.96200180053711 -7.224165439605713 -4.118922710418701
v 15.28079891204834 -6.973339080810547 -5.312309741973877
v 15.056831359863281 -7.00289249420166 -5.397170543670654
v 15.021623611450195 -7.087855815887451 -5.048829078674316
v 15.691970825195312 -6.801975727081299 -5.024514198303223
v 15.953239440917969 -6.479612350463867 -4.614678859710693
v 16.086666107177734 -6.04813289642334 -4.2071003913879395
v 12.607298851013184 -6.851380348205566 -3.3469276428222656
v 15.587732315063477 -7.211872100830078 -2.063966989517212
v 16.075891494750977 -7.007698059082031 -1.6153407096862793
v 15.953742027282715 -6.871229648590088 -0.76451575756073
v 15.614137649536133 -7.106852054595947 -1.1464629173278809
v 15.748089790344238 -6.929733753204346 -0.5758904814720154
v 16.09968376159668 -6.390820503234863 -0.30321204662323
v 16.273786544799805 -6.6265482902526855 -1.2081902027130127
v 16.074792861938477 -7.023403644561768 -2.461346387863159
v 16.35124397277832 -6.7165021896362305 -2.052708864212036
v 16.301206588745117 -6.689860820770264 -2.903961658477783
v 16.445850372314453 -6.283426761627197 -2.4912469387054443
v 16.417312622070312 -6.23145866394043 -1.6457537412643433
v 16.36096954345703 -5.875452041625977 -1.4103076457977295
v 16.26052474975586 -6.039674758911133 -0.7713202834129333
v 16.400299072265625 -5.81859827041626 -2.074302911758423
v 16.33409309387207 -5.956157207489014 -3.15899920463562
v 16.283126831054688 -6.046008586883545 -3.4527714252471924
v 14.566380500793457 -6.873953819274902 -0.7533297538757324
v 13.677532196044922 -6.759448528289795 -1.1431989669799805
v 13.420395851135254 -6.691739559173584 -1.0459659099578857
v 13.947750091552734 -6.826818466186523 -1.246952772140503
v 14.0169095993042 -6.7294464111328125 -0.5295969843864441
v 14.605191230773926 -6.7510881423950195 0.010085083544254303
v 14.693302154541016 -6.647188663482666 0.7047647833824158
v 15.128217697143555 -6.938784599304199 -0.35282450914382935
v 15.727643966674805 -6.7457661628723145 0.07719255238771439
v 15.168167114257812 -6.753986358642578 0.4645727276802063
v 14.339653015136719 -6.670445442199707 0.10907979309558868
v 14.079814910888672 -6.615758419036865 0.21314527094364166
v 13.550249099731445 -6.509758472442627 0.4310472309589386
v 14.834940910339355 -7.0693159103393555 -1.5850446224212646
v 14.453189849853516 -7.000185012817383 -1.7544065713882446
v 14.477151870727539 -6.951921463012695 -1.4504871368408203
v 15.067863464355469 -7.010989665985107 -0.9153608679771423
v 13.490455627441406 -6.615528583526611 -0.2859174907207489
v 12.952929496765137 -6.524459362030029 -0.08963953703641891
v 15.51230239868164 -6.097782135009766 1.3263646364212036
v 15.831995010375977 -6.3227972984313965 0.4799078702926636
v 15.419110298156738 -6.497109889984131 0.9218198657035828
v 15.747274398803711 -5.818385124206543 0.8232737183570862
v 15.406225204467773 -5.6595306396484375 1.696118712425232
v 15.525476455688477 -5.2819390296936035 1.1672024726867676
v 15.104856491088867 -5.079388618469238 2.046149253845215
v 14.901298522949219 -4.73058557510376 2.193749189376831
v 15.281001091003418 -4.846802234649658 1.377684473991394
v 14.890155792236328 -4.5264997482299805 1.6453559398651123
v 14.82939624786377 -4.575660705566406 1.9986662864685059
v 16.006393432617188 -5.884321212768555 0.06222975254058838
v 15.897854804992676 -5.5735907554626465 0.2456158846616745
v 15.977654457092285 -5.28672456741333 -0.35345569252967834
v 15.707764625549316 -4.87320613861084 -0.10994003713130951
v 15.663312911987305 -5.090271472930908 0.413845032453537
v 15.315149307250977 -4.658227443695068 0.7817208170890808
v 15.269936561584473 -4.679225444793701 1.0915776491165161
v 15.170331954956055 -4.5081939697265625 0.8756319284439087
v 14.98965072631836 -4.33079719543457 0.9896092414855957
v 15.028627395629883 -4.268800735473633 0.5012873411178589
v 14.712284088134766 -4.362908840179443 1.742283821105957
v 14.49969482421875 -3.8800415992736816 1.2816603183746338
v 14.60414981842041 -4.109299659729004 1.502185583114624
v 14.754127502441406 -3.9737367630004883 0.5560767650604248
v 14.281128883361816 -3.501530408859253 0.8307761549949646
v 14.369281768798828 -3.6659021377563477 1.0322144031524658
v 16.25461769104004 -5.566712379455566 -1.239716649055481
v 16.153017044067383 -5.160045623779297 -1.8113582134246826
v 16.13691520690918 -5.179333686828613 -1.5018059015274048
v 16.016246795654297 -4.9591803550720215 -1.6828594207763672
v 16.374818801879883 -5.877302646636963 -2.8046579360961914
v 16.043678283691406 -5.414960861206055 -3.7401397228240967
v 16.118759155273438 -5.275104999542236 -3.1532301902770996
v 15.83761215209961 -5.012812614440918 -3.3715765476226807
v 16.1541748046875 -5.179119110107422 -2.4014787673950195
v 16.02422332763672 -5.021683216094971 -2.5396177768707275
v 15.875569343566895 -4.836977005004883 -2.3814198970794678
v 15.871326446533203 -4.7986249923706055 -1.860757827758789
v 15.866744995117188 -4.8737993240356445 -2.69199275970459
v 15.591726303100586 -4.493702411651611 -2.184713840484619
v 15.566308975219727 -4.595700740814209 -2.991868019104004
v 15.269322395324707 -4.162686347961426 -2.586757183074951
v 16.092824935913086 -5.21360445022583 -1.0578652620315552
v 15.816756248474121 -4.8410491943359375 -0.8228467106819153
v 15.852856636047363 -4.79902458190918 -1.5408891439437866
v 15.482620239257812 -4.484340190887451 -0.5642452836036682
v 15.400253295898438 -4.617862224578857 0.11497415602207184
v 15.2986421585083 -4.282918930053711 -0.42334306240081787
v 15.542607307434082 -4.478076457977295 -1.2710031270980835
v 15.241883277893066 -4.126321792602539 -1.0249310731887817
v 15.203119277954102 -4.130302429199219 -0.6051395535469055
v 15.06670093536377 -3.904550552368164 -0.8743724822998047
v 14.859957695007324 -3.835028648376465 -0.09087301790714264
v 14.534265518188477 -3.5334198474884033 0.1337784379720688
v 13.965417861938477 -2.6807973384857178 -0.1440521627664566
v 13.913352012634277 -2.712831735610962 0.1686347872018814
v 15.21881103515625 -4.043334007263184 -1.7280067205429077
v 15.006254196166992 -3.757643461227417 -1.5213309526443481
v 14.972498893737793 -3.7480063438415527 -1.0451165437698364
v 14.701330184936523 -3.3809046745300293 -1.25395929813385
v 15.036992073059082 -3.8073418140411377 -2.3493871688842773
v 15.020635604858398 -3.7929983139038086 -1.9929602146148682
v 14.875123977661133 -3.5874462127685547 -2.1853935718536377
v 14.422999382019043 -3.0309104919433594 -1.7726908922195435
v 14.621757507324219 -3.406461238861084 -0.43260103464126587
v 14.365036964416504 -3.018965482711792 -0.8755148649215698
v 14.21119499206543 -2.8292882442474365 -0.915544867515564
v 14.305879592895508 -3.0306198596954346 -0.32456329464912415
v 14.11032772064209 -2.653275966644287 -1.5469576120376587
v 14.057065963745117 -2.6498751640319824 -0.9508746862411499
v 13.303555488586426 -6.775425434112549 -6.193436622619629
v 13.379559516906738 -6.735090732574463 -6.774289131164551
v 14.070977210998535 -6.690877914428711 -6.696054935455322
v 13.825601577758789 -6.7992048263549805 -6.266512870788574
v 14.494885444641113 -6.8774919509887695 -6.0558929443359375
v 15.132401466369629 -6.879884719848633 -5.927702903747559
v 14.821698188781738 -6.643636703491211 -6.526175498962402
v 14.247611999511719 -6.356155872344971 -7.033345699310303
v 13.610834121704102 -6.461551666259766 -7.2817511558532715
v 15.383587837219238 -6.466818809509277 -6.371260643005371
v 14.772705078125 -6.188492774963379 -6.815386772155762
v 15.27065658569336 -6.008389949798584 -6.564120769500732
v 14.591012954711914 -5.8453826904296875 -6.950320243835449
v 14.016325950622559 -5.910464286804199 -7.3358354568481445
v 14.704455375671387 -5.429638862609863 -6.686229705810547
v 12.763461112976074 -6.674530982971191 -6.162912368774414
v 12.265578269958496 -6.562788486480713 -6.075428485870361
v 12.228991508483887 -6.57061767578125 -5.780134677886963
v 12.850866317749023 -6.630702018737793 -6.815672397613525
v 12.383044242858887 -6.497191429138184 -6.680765628814697
v 11.812823295593262 -6.429322242736816 -5.923386573791504
v 11.386042594909668 -6.234744548797607 -5.7293291091918945
v 11.961241722106934 -6.345724582672119 -6.4759087562561035
v 11.561402320861816 -6.139376640319824 -6.230563163757324
v 13.049365043640137 -6.406769752502441 -7.301982402801514
v 12.585332870483398 -6.3194804191589355 -7.172951698303223
v 13.27078914642334 -6.038742542266846 -7.541156768798828
v 12.927358627319336 -5.958428859710693 -7.464055061340332
v 12.17346477508545 -6.169125080108643 -6.945855617523193
v 11.794114112854004 -5.957582950592041 -6.666851997375488
v 12.48088264465332 -5.844259262084961 -7.227667808532715
v 11.984992980957031 -5.776414394378662 -6.868487358093262
v 15.603028297424316 -6.700823783874512 -5.699145317077637
v 15.880504608154297 -6.40186882019043 -5.375034809112549
v 15.747547149658203 -6.303316593170166 -6.027264595031738
v 15.950668334960938 -5.924952983856201 -5.6643757820129395
v 16.00735092163086 -5.979685306549072 -4.994251728057861
v 15.981478691101074 -5.49337911605835 -4.557926654815674
v 16.000091552734375 -5.43914270401001 -5.262192726135254
v 15.661335945129395 -5.828060626983643 -6.224166393280029
v 15.906911849975586 -5.6121110916137695 -5.801215648651123
v 15.794095039367676 -5.305798530578613 -5.89113187789917
v 15.439712524414062 -5.425433158874512 -6.326988220214844
v 15.644392013549805 -5.149920463562012 -5.955147743225098
v 14.922263145446777 -5.124329090118408 -6.3434553146362305
v 15.290266036987305 -4.926788330078125 -5.979802131652832
v 15.782648086547852 -4.944227695465088 -5.504991054534912
v 15.841690063476562 -4.863311767578125 -4.825547695159912
v 15.563693046569824 -4.495645046234131 -5.069906234741211
v 15.448966979980469 -4.678325653076172 -5.559640407562256
v 14.929656028747559 -4.7392497062683105 -5.933565616607666
v 15.07418441772461 -4.4825849533081055 -5.554211616516113
v 15.211483001708984 -4.256495475769043 -5.114449501037598
v 14.707357406616211 -4.311127185821533 -5.515019416809082
v 14.8348970413208 -4.053574085235596 -5.115016460418701
v 14.400979995727539 -3.918966293334961 -5.169017314910889
v 14.26876449584961 -5.599164009094238 -7.046051502227783
v 14.494243621826172 -5.3137078285217285 -6.6916184425354
v 13.671401023864746 -5.706451892852783 -7.396404266357422
v 13.272588729858398 -5.568063735961914 -7.319029808044434
v 12.836228370666504 -5.460775375366211 -7.154145240783691
v 12.376961708068848 -5.3479084968566895 -6.883026123046875
v 13.905756950378418 -5.412292957305908 -7.056167125701904
v 13.50784969329834 -5.273041248321533 -6.987599849700928
v 14.118736267089844 -5.1347575187683105 -6.671270370483398
v 13.725571632385254 -4.986140251159668 -6.614439487457275
v 13.086572647094727 -5.13915491104126 -6.835150241851807
v 12.647176742553711 -5.009057521820068 -6.627964496612549
v 13.312789916992188 -4.8330397605896 -6.4748687744140625
v 12.879913330078125 -4.69218111038208 -6.307936191558838
v 14.715160369873047 -5.026680946350098 -6.329466819763184
v 14.322311401367188 -4.856579303741455 -6.2909722328186035
v 13.923201560974121 -4.691848278045654 -6.221926212310791
v 14.517484664916992 -4.581264972686768 -5.918160915374756
v 14.107027053833008 -4.400816917419434 -5.835146427154541
v 13.516657829284668 -4.53013801574707 -6.10732889175415
v 13.09783935546875 -4.377469062805176 -5.97597074508667
v 13.700517654418945 -4.229104995727539 -5.735121250152588
v 13.29023551940918 -4.06263542175293 -5.628798484802246
v 14.287155151367188 -4.116213798522949 -5.453961372375488
v 13.887289047241211 -3.924140214920044 -5.37207555770874
v 13.483772277832031 -3.748265027999878 -5.290022850036621
v 14.104351043701172 -3.5275235176086426 -4.855316638946533
v 13.651961326599121 -3.442713975906372 -4.948722839355469
v 15.797383308410645 -5.01440954208374 -4.1565985679626465
v 15.541234970092773 -4.603003025054932 -3.71905255317688
v 15.59205150604248 -4.465672016143799 -4.40908145904541
v 15.280243873596191 -4.145263671875 -4.762670516967773
v 15.22176742553711 -3.991118907928467 -3.994356632232666
v 15.198121070861816 -4.066314697265625 -3.335531711578369
v 15.024474143981934 -3.7903947830200195 -3.1317427158355713
v 15.039116859436035 -3.8239362239837646 -2.8261616230010986
v 14.853302955627441 -3.5252912044525146 -2.948974609375
v 15.021848678588867 -3.7301504611968994 -3.807917356491089
v 15.016478538513184 -3.7611703872680664 -3.464334011077881
v 14.773330688476562 -3.365612268447876 -3.5996668338775635
v 14.433606147766113 -2.8587806224823 -3.2527353763580322
v 15.107504844665527 -3.969320058822632 -4.620699405670166
v 15.010004043579102 -3.7404327392578125 -4.092805862426758
v 14.966559410095215 -3.8161511421203613 -4.511302471160889
v 14.576261520385742 -3.6070919036865234 -4.649848461151123
v 14.590928077697754 -3.3489081859588623 -4.196937561035156
v 14.19257926940918 -3.3674428462982178 -4.622207164764404
v 13.822851181030273 -3.159762144088745 -4.59816312789917
v 14.329668998718262 -3.1339941024780273 -4.214351654052734
v 13.96207332611084 -2.8737611770629883 -4.233273029327393
v 14.377305030822754 -3.0467300415039062 -3.9991891384124756
v 14.418827056884766 -2.9726624488830566 -3.752725601196289
v 14.113883018493652 -2.6810197830200195 -3.7737903594970703
v 14.147242546081543 -2.5181925296783447 -3.33674955368042
v 14.752613067626953 -3.424268960952759 -2.3315846920013428
v 14.469291687011719 -2.945685863494873 -2.5709197521209717
v 14.157654762268066 -2.5655014514923096 -2.310330867767334
v 14.174653053283691 -2.4833598136901855 -3.053821086883545
v 14.179584503173828 -2.4905624389648438 -2.7724387645721436
v 10.175772666931152 -6.061729907989502 -2.7712929248809814
v 10.449675559997559 -6.143153190612793 -3.3076117038726807
v 9.9965238571167 -5.875888347625732 -3.182119369506836
v 9.520694732666016 -5.671307563781738 -2.58032488822937
v 9.048709869384766 -5.36821985244751 -2.5987884998321533
v 9.037891387939453 -5.407003402709961 -2.436309814453125
v 9.47303581237793 -5.542700290679932 -3.046808958053589
v 9.087656021118164 -5.320314884185791 -2.9307079315185547
v 7.004363059997559 -4.800908088684082 -2.391303539276123
v 6.635469913482666 -4.775631427764893 -2.431126117706299
v 6.578343868255615 -4.8344244956970215 -2.1574981212615967
v 8.451631546020508 -5.1603593826293945 -2.213665008544922
v 7.9349799156188965 -4.935484409332275 -2.2430920600891113
v 7.93496036529541 -4.994390487670898 -2.017153263092041
v 6.447794437408447 -4.8703813552856445 -1.7623876333236694
v 7.626425266265869 -4.912619590759277 -1.886226773262024
v 7.291389465332031 -4.878782272338867 -1.9666364192962646
v 7.328523635864258 -4.9135332107543945 -1.762237310409546
v 7.6188530921936035 -4.830023288726807 -2.287062883377075
v 7.291985034942627 -4.8126726150512695 -2.3443543910980225
v 7.067820072174072 -4.863170146942139 -2.0230984687805176
v 6.741373062133789 -4.732457160949707 -2.6709306240081787
v 7.344640731811523 -4.767419338226318 -2.5643630027770996
v 7.180551052093506 -4.737242221832275 -2.927441120147705
v 6.855888366699219 -4.7315874099731445 -2.9504873752593994
v 7.459422588348389 -4.741641521453857 -2.908843994140625
v 8.218642234802246 -4.962713718414307 -2.5808706283569336
v 7.9570207595825195 -4.89260196685791 -2.45644211769104
v 8.540581703186035 -5.102331638336182 -2.5747945308685303
v 8.601336479187012 -5.065304279327393 -2.9315783977508545
v 8.563579559326172 -5.08064079284668 -2.733710765838623
v 10.009069442749023 -6.08960485458374 -2.2739946842193604
v 10.496818542480469 -6.348588943481445 -2.367197036743164
v 10.543974876403809 -6.507375240325928 -2.002452850341797
v 9.881322860717773 -6.245838165283203 -1.7675544023513794
v 9.315144538879395 -6.14278507232666 -1.5618869066238403
v 9.022027015686035 -5.696727275848389 -1.7654800415039062
v 8.847758293151855 -5.9187235832214355 -1.546978235244751
v 9.520438194274902 -5.833444595336914 -2.125023603439331
v 9.029472351074219 -5.484987735748291 -2.1978299617767334
v 9.025066375732422 -5.585440635681152 -1.970686435699463
v 11.03400707244873 -6.6213226318359375 -1.513008713722229
v 10.578537940979004 -6.598376750946045 -1.688812255859375
v 10.592752456665039 -6.538644313812256 -1.3851318359375
v 10.729952812194824 -6.406055450439453 -0.6657191514968872
v 10.452391624450684 -6.220618724822998 -2.8124213218688965
v 8.472100257873535 -5.504817962646484 -1.7199519872665405
v 7.94666862487793 -5.055272579193115 -1.831818699836731
v 7.964534759521484 -5.149054527282715 -1.6054600477218628
v 10.547578811645508 -6.107176303863525 -4.057191848754883
v 10.086670875549316 -5.858105659484863 -3.8201804161071777
v 9.653414726257324 -5.596764087677002 -3.697082757949829
v 9.243485450744629 -5.35824728012085 -3.750077724456787
v 9.198419570922852 -5.3379716873168945 -3.549720287322998
v 10.490625381469727 -6.114821910858154 -3.706202507019043
v 10.046247482299805 -5.85523796081543 -3.5817103385925293
v 9.610003471374512 -5.584722518920898 -3.4610135555267334
v 9.161043167114258 -5.321742057800293 -3.361799716949463
v 10.675578117370605 -6.094804286956787 -4.596963405609131
v 10.242992401123047 -5.861848831176758 -4.442458629608154
v 10.839751243591309 -6.058384895324707 -5.119704246520996
v 10.391961097717285 -5.837784767150879 -4.877843379974365
v 9.813375473022461 -5.620164394378662 -4.296670913696289
v 9.362349510192871 -5.381802558898926 -4.134108066558838
v 9.966524124145508 -5.599916934967041 -4.6894965171813965
v 9.521561622619629 -5.372033596038818 -4.522747993469238
v 8.648794174194336 -5.059248447418213 -3.279273509979248
v 8.141203880310059 -4.875241279602051 -3.2183244228363037
v 7.9982218742370605 -4.82528018951416 -2.892810106277466
v 8.761223793029785 -5.125768661499023 -3.6358749866485596
v 7.569509506225586 -4.770357131958008 -3.185049533843994
v 7.657039642333984 -4.858895301818848 -3.588442802429199
v 8.344064712524414 -5.036116123199463 -3.981349229812622
v 8.211488723754883 -4.950014114379883 -3.6026182174682617
v 9.260122299194336 -5.265742778778076 -4.456514358520508
v 8.927112579345703 -5.185927391052246 -4.157730579376221
v 8.480978965759277 -5.0938801765441895 -4.405561923980713
v 6.339628219604492 -4.743727684020996 -2.4541914463043213
v 6.012664318084717 -4.708651542663574 -2.4781153202056885
v 5.910874366760254 -4.818614482879639 -2.2582955360412598
v 13.60419750213623 -2.3394768238067627 -0.006999276578426361
v 13.70025634765625 -2.3004517555236816 -0.6551752090454102
v 13.80075740814209 -2.2570831775665283 -1.377082109451294
v 13.4429931640625 -1.8875471353530884 -1.2179511785507202
v 13.255228996276855 -1.8971072435379028 -0.5115096569061279
v 13.046629905700684 -1.5786556005477905 -1.1099724769592285
v 12.970621109008789 -1.6277732849121094 -0.7055492997169495
v 12.597197532653809 -1.322812795639038 -0.9043406844139099
v 12.223456382751465 -0.9654603004455566 -1.026366114616394
v 8.917253494262695 2.5431432723999023 -1.289876937866211
v 8.204300880432129 3.1247880458831787 -1.628785252571106
v 8.137763977050781 2.9816067218780518 -0.8687019348144531
v 7.6757402420043945 3.2779417037963867 -0.8571816682815552
v 7.084712982177734 3.663255214691162 -1.2279994487762451
v 7.574158668518066 3.491969585418701 -2.0713469982147217
v 7.133006572723389 3.7019948959350586 -2.2048161029815674
v 10.977869033813477 -6.012180328369141 -5.522251605987549
v 10.536776542663574 -5.790211200714111 -5.228861331939697
v 11.173545837402344 -5.903833389282227 -5.981049060821533
v 10.719709396362305 -5.698262691497803 -5.591222763061523
v 10.149664878845215 -5.541172027587891 -5.083939552307129
v 10.370206832885742 -5.429271221160889 -5.468657970428467
v 9.928268432617188 -5.222942352294922 -5.291197299957275
v 11.426090240478516 -5.722192287445068 -6.3561248779296875
v 11.043730735778809 -5.463225364685059 -6.051451206207275
v 11.764606475830078 -5.379332065582275 -6.574026107788086
v 10.640003204345703 -5.23944616317749 -5.807619094848633
v 10.19261646270752 -5.0520453453063965 -5.636752605438232
v 11.35755443572998 -5.110842227935791 -6.2350053787231445
v 10.960351943969727 -4.949569225311279 -6.0204668045043945
v 9.599103927612305 -5.278952598571777 -4.881840229034424
v 9.21789264678955 -5.165379524230957 -4.8230390548706055
v 9.61107063293457 -5.113011360168457 -5.219788074493408
v 9.563376426696777 -5.007353782653809 -5.382063388824463
v 9.52047061920166 -4.89621114730835 -5.570990085601807
v 9.116456031799316 -4.897799491882324 -5.659158706665039
v 9.406120300292969 -4.644267559051514 -5.966573715209961
v 10.455498695373535 -4.745889186859131 -5.872349262237549
v 10.024455070495605 -4.654846668243408 -5.845299243927002
v 12.193575859069824 -4.880156993865967 -6.403521537780762
v 11.738961219787598 -4.740485668182373 -6.185720920562744
v 12.442181587219238 -4.54810094833374 -6.1366119384765625
v 12.008749008178711 -4.393162727355957 -5.983804225921631
v 11.302366256713867 -4.5796918869018555 -6.020421028137207
v 10.8895263671875 -4.383849620819092 -5.933016777038574
v 11.592267990112305 -4.222926139831543 -5.874200820922852
v 11.049498558044434 -4.192524433135986 -5.881329536437988
v 11.188138008117676 -4.019093036651611 -5.820827960968018
v 9.196833610534668 -4.345682144165039 -6.4282050132751465
v 8.901114463806152 -4.000586032867432 -6.783290386199951
v 9.517962455749512 -3.9788613319396973 -6.362393379211426
v 9.169037818908691 -3.76684308052063 -6.60789155960083
v 10.510130882263184 -4.175118446350098 -5.928700923919678
v 9.804187774658203 -4.250736236572266 -6.10871696472168
v 10.151132583618164 -3.911966562271118 -6.032908916473389
v 10.799912452697754 -3.80167555809021 -5.822486877441406
v 10.421357154846191 -3.5719783306121826 -5.876240253448486
v 9.687609672546387 -3.5693199634552 -6.240015506744385
v 10.03863525390625 -3.392683267593384 -6.000172138214111
v 9.434452056884766 -3.377479314804077 -6.373696327209473
v 9.669893264770508 -3.0628302097320557 -6.123414516448975
v 12.67271614074707 -4.215275764465332 -5.843637943267822
v 12.372235298156738 -4.0959672927856445 -5.763288497924805
v 12.8733549118042 -3.890979290008545 -5.527270317077637
v 12.497380256652832 -3.7298898696899414 -5.459507942199707
v 11.849486351013184 -3.8705973625183105 -5.6640095710754395
v 11.444695472717285 -3.671111822128296 -5.627791881561279
v 12.072551727294922 -3.532001495361328 -5.414283752441406
v 11.673661231994629 -3.3331892490386963 -5.393184661865234
v 12.868429183959961 -3.0517547130584717 -4.891592979431152
v 12.103829383850098 -2.635887384414673 -4.905471324920654
v 11.053143501281738 -3.457265615463257 -5.630136489868164
v 10.669830322265625 -3.229715585708618 -5.670370578765869
v 11.27500057220459 -3.119701862335205 -5.3946638107299805
v 10.887123107910156 -2.891897439956665 -5.432989597320557
v 11.885784149169922 -2.9923012256622314 -5.146603584289551
v 11.484498023986816 -2.7775967121124268 -5.150186061859131
v 11.092697143554688 -2.5475218296051025 -5.189479351043701
v 11.699575424194336 -2.427469253540039 -4.920041561126709
v 11.287647247314453 -2.2044193744659424 -4.94642972946167
v 10.694884300231934 -2.299262285232544 -5.252492427825928
v 10.880269050598145 -1.9514689445495605 -4.999998569488525
v 10.370529174804688 -3.0455241203308105 -5.725439071655273
v 9.896836280822754 -2.7320501804351807 -5.867464542388916
v 10.668455123901367 -2.754523992538452 -5.46795654296875
v 10.108797073364258 -2.3805525302886963 -5.614970684051514
v 10.296479225158691 -2.0239109992980957 -5.355710983276367
v 8.739358901977539 -3.8609702587127686 -6.898516654968262
v 8.551966667175293 -3.698004961013794 -7.035543918609619
v 8.186843872070312 -3.3988192081451416 -7.266567707061768
v 8.823561668395996 -3.3993940353393555 -6.829493999481201
v 8.444419860839844 -3.114716053009033 -7.040838718414307
v 7.7956862449646 -3.104393243789673 -7.471288204193115
v 7.390167236328125 -2.836972713470459 -7.657307147979736
v 8.000625610351562 -2.878916025161743 -7.287238597869873
v 7.634678363800049 -2.580878496170044 -7.4330949783325195
v 9.066840171813965 -3.10244083404541 -6.571904182434082
v 8.679985046386719 -2.827193021774292 -6.774318218231201
v 9.281871795654297 -2.796834707260132 -6.291506767272949
v 8.888413429260254 -2.5258021354675293 -6.488150596618652
v 8.478854179382324 -2.691861629486084 -6.875427722930908
v 8.266493797302246 -2.56247615814209 -6.976912021636963
v 7.856939315795898 -2.3227906227111816 -7.17465877532959
v 8.63966178894043 -2.3696367740631104 -6.6117262840271
v 8.061399459838867 -2.0414247512817383 -6.902777671813965
v 6.833840370178223 -2.6909046173095703 -7.928594589233398
v 6.542908668518066 -2.302842617034912 -8.046671867370605
v 7.215082168579102 -2.329749822616577 -7.626686096191406
v 6.783105373382568 -2.067791223526001 -7.836978435516357
v 5.942871570587158 -1.4816017150878906 -8.353752136230469
v 7.231687545776367 -1.5384849309921265 -7.392126560211182
v 6.346871852874756 -1.0104206800460815 -7.893465042114258
v 10.426802635192871 -1.6300137042999268 -5.10897159576416
v 9.490097999572754 -2.4687559604644775 -6.0152106285095215
v 9.080931663513184 -2.1978399753570557 -6.204263210296631
v 9.707569122314453 -2.1054728031158447 -5.762200355529785
v 9.279223442077637 -1.8380708694458008 -5.940918922424316
v 8.632274627685547 -2.0294249057769775 -6.470458507537842
v 8.858126640319824 -1.6019535064697266 -6.140833377838135
v 8.381723403930664 -1.493036150932312 -6.465132236480713
v 8.267226219177246 -1.7187258005142212 -6.6368560791015625
v 9.894630432128906 -1.729457974433899 -5.5077290534973145
v 9.478019714355469 -1.4478334188461304 -5.691314220428467
v 10.137751579284668 -1.1633944511413574 -5.137146949768066
v 9.648778915405273 -1.0381945371627808 -5.429843425750732
v 9.038204193115234 -1.2036769390106201 -5.882632732391357
v 8.617697715759277 -0.9474474191665649 -6.118121147155762
v 9.190608978271484 -0.7771644592285156 -5.609517574310303
v 8.761013984680176 -0.4977269470691681 -5.838350296020508
v 7.606685161590576 -0.7953211069107056 -6.8431715965271
v 6.6975812911987305 -0.36791595816612244 -7.398265361785889
v 8.108498573303223 -1.161836862564087 -6.576531410217285
v 8.183080673217773 -0.6943539977073669 -6.371016502380371
v 7.7290802001953125 -0.4429127871990204 -6.633765697479248
v 8.305694580078125 -0.22895093262195587 -6.073153972625732
v 7.85327672958374 0.045510850846767426 -6.329164981842041
v 7.287313938140869 -0.1727997362613678 -6.912810802459717
v 6.838968276977539 0.05673692002892494 -7.1388726234436035
v 7.432729721069336 0.5344541668891907 -6.445882320404053
v 6.963511943817139 0.6466565132141113 -6.722691535949707
v 7.164480686187744 -0.5386993885040283 -7.125079154968262
v 13.571684837341309 -2.6660900115966797 -4.308342456817627
v 13.803180694580078 -2.176266670227051 -3.4744200706481934
v 13.716176986694336 -2.3618035316467285 -3.8747589588165283
v 13.316845893859863 -2.1895956993103027 -4.055270195007324
v 13.46550178527832 -1.8485403060913086 -3.522456169128418
v 13.201404571533203 -1.997982382774353 -3.9604878425598145
v 13.110065460205078 -1.5689395666122437 -3.608774423599243
v 12.75442123413086 -1.3255165815353394 -3.671673059463501
v 13.838934898376465 -2.1693081855773926 -2.089932918548584
v 13.957124710083008 -2.193291187286377 -2.8760194778442383
v 13.400238037109375 -1.471595287322998 -2.514885187149048
v 13.5003662109375 -1.7849973440170288 -1.9189702272415161
v 13.483015060424805 -1.8454819917678833 -1.6360632181167603
v 13.19454574584961 -1.4693924188613892 -1.8110978603363037
v 12.73874282836914 -1.0542492866516113 -1.6807230710983276
v 12.816672325134277 -0.8864485025405884 -2.293574571609497
v 12.786395072937012 -0.9402331709861755 -1.9665279388427734
v 13.51361083984375 -1.741791844367981 -3.289991617202759
v 13.548323631286621 -1.661842703819275 -3.0434975624084473
v 13.257913589477539 -1.3842790126800537 -3.1368465423583984
v 13.22687816619873 -1.2244584560394287 -2.5952565670013428
v 12.852487564086914 -0.9318243265151978 -2.965125560760498
v 12.845904350280762 -0.8865110278129578 -2.7119531631469727
v 12.830348014831543 -1.044577956199646 -3.258201837539673
v 12.340852737426758 -0.6913466453552246 -1.60189950466156
v 11.941327095031738 -0.2951357364654541 -1.556341528892517
v 11.854883193969727 -0.48283708095550537 -1.2026413679122925
v 12.431002616882324 -0.5229204297065735 -2.210521697998047
v 12.129993438720703 -0.21796181797981262 -2.180368423461914
v 11.451947212219238 0.04823809862136841 -1.2731804847717285
v 11.023807525634766 0.5364469885826111 -1.4472293853759766
v 12.357760429382324 -0.457489937543869 -2.8419134616851807
v 12.391284942626953 -0.924572765827179 -3.5496156215667725
v 12.42470645904541 -0.7879325151443481 -3.338472843170166
v 12.023090362548828 -0.5464056134223938 -3.4518887996673584
v 12.080662727355957 -0.18188068270683289 -2.818056583404541
v 11.616774559020996 -0.21981185674667358 -3.487705945968628
v 11.188064575195312 0.18945321440696716 -3.582287549972534
v 11.664422988891602 0.14593425393104553 -2.904601573944092
v 11.235197067260742 0.5202322006225586 -3.0653860569000244
v 11.648686408996582 0.28420886397361755 -2.2861273288726807
v 11.136797904968262 0.6759737133979797 -2.277632713317871
v 13.225152015686035 -2.3888394832611084 -4.2910637855529785
v 12.444854736328125 -1.9633253812789917 -4.353588104248047
v 12.836771965026855 -2.170006036758423 -4.322405815124512
v 13.03510856628418 -1.7372686862945557 -3.8389482498168945
v 12.591958045959473 -1.636385440826416 -4.045185565948486
v 11.651728630065918 -1.5303645133972168 -4.4253950119018555
v 11.486740112304688 -1.856284499168396 -4.702289581298828
v 11.073427200317383 -1.59786057472229 -4.75051736831665
v 10.645816802978516 -1.2928707599639893 -4.8430376052856445
v 11.24179744720459 -1.2668291330337524 -4.478758335113525
v 10.817041397094727 -0.9299110174179077 -4.57635498046875
v 12.125263214111328 -1.7751203775405884 -4.3648881912231445
v 12.201974868774414 -1.4271334409713745 -4.090073585510254
v 11.763636589050293 -1.2951687574386597 -4.212477207183838
v 12.337051391601562 -1.0893669128417969 -3.754324197769165
v 11.942156791687012 -0.8613561987876892 -3.8117997646331787
v 11.464659690856934 -1.0010762214660645 -4.169980049133301
v 11.531160354614258 -0.6104637384414673 -3.859005928039551
v 11.103084564208984 -0.19347599148750305 -3.963923215866089
v 11.004688262939453 -0.4980182945728302 -4.224748134613037
v 8.563556671142578 1.92482590675354 -4.667320251464844
v 8.170181274414062 2.1428275108337402 -4.829178333282471
v 7.17153787612915 1.9422516822814941 -5.476601600646973
v 7.67984676361084 2.369992256164551 -4.833611488342285
v 10.588824272155762 0.9517692923545837 -1.5071617364883423
v 10.174088478088379 1.4889492988586426 -1.7232341766357422
v 10.12428092956543 1.3755621910095215 -1.4037870168685913
v 10.37551498413086 1.33291757106781 -2.408132553100586
v 9.712160110473633 1.9238433837890625 -1.868290662765503
v 9.659367561340332 1.8130207061767578 -1.4009889364242554
v 9.257863998413086 2.3979909420013428 -2.0536391735076904
v 9.187402725219727 2.2798759937286377 -1.3457239866256714
v 9.770068168640137 1.9684299230575562 -2.448112726211548
v 9.29820442199707 2.327268362045288 -2.867919445037842
v 9.283190727233887 2.3884997367858887 -2.4394724369049072
v 10.743915557861328 0.6251704692840576 -3.7261252403259277
v 10.283610343933105 1.029462456703186 -3.907956600189209
v 10.708946228027344 0.965064287185669 -3.0159692764282227
v 10.22763442993164 1.4090991020202637 -3.2078545093536377
v 9.810690879821777 1.8092018365859985 -3.3488731384277344
v 9.327661514282227 2.134415864944458 -3.664480686187744
v 9.337491989135742 2.272918224334717 -3.3433592319488525
v 9.765068054199219 1.43770170211792 -4.0010528564453125
v 9.311073303222656 1.938053846359253 -4.018749713897705
v 10.677316665649414 1.0448393821716309 -2.382561445236206
v 8.2769775390625 2.997988700866699 -3.328172445297241
v 7.171972751617432 3.4712138175964355 -3.11358380317688
v 7.722602844238281 3.1353201866149902 -3.676358461380005
v 7.7176666259765625 3.323082685470581 -3.2427852153778076
v 8.575348854064941 2.8875515460968018 -2.360182285308838
v 8.23514461517334 3.1278791427612305 -2.4183943271636963
v 7.711753845214844 3.3917012214660645 -2.823964834213257
v 8.383525848388672 2.5934765338897705 -4.126967906951904
v 8.814501762390137 2.6689743995666504 -3.244426965713501
v 8.823322296142578 2.3870737552642822 -4.020887851715088
v 7.703673839569092 2.643611431121826 -4.4796624183654785
v 7.717123985290527 2.8665590286254883 -4.149589538574219
v 10.227428436279297 -0.9375520348548889 -4.992795944213867
v 9.759580612182617 -0.7386102676391602 -5.240516662597656
v 10.380622863769531 -0.5441664457321167 -4.725401401519775
v 9.953278541564941 -0.18088439106941223 -4.899773597717285
v 9.303760528564453 -0.412520170211792 -5.384576797485352
v 8.850526809692383 -0.12218941003084183 -5.600902080535889
v 9.474979400634766 0.14921382069587708 -5.066658973693848
v 8.98624038696289 0.4723012149333954 -5.243011474609375
v 10.669417381286621 0.2723489999771118 -4.11354923248291
v 10.225491523742676 0.7075908184051514 -4.271774768829346
v 10.588199615478516 -0.01863284409046173 -4.372890472412109
v 10.132050514221191 0.33186137676239014 -4.5897932052612305
v 9.302146911621094 0.793063759803772 -4.832960605621338
v 9.67480182647705 1.0679681301116943 -4.37918758392334
v 9.240429878234863 1.6598937511444092 -4.336427688598633
v 9.592355728149414 0.6648452877998352 -4.7238850593566895
v 8.375496864318848 0.11915214359760284 -5.851551532745361
v 7.909969329833984 0.33951666951179504 -6.144164085388184
v 7.952584743499756 0.5855769515037537 -5.991479873657227
v 8.517282485961914 0.8087334632873535 -5.437952518463135
v 8.056400299072266 1.2774730920791626 -5.548719882965088
v 7.690424919128418 1.3646860122680664 -5.774724960327148
v 7.073108196258545 1.370988368988037 -6.06148099899292
v 7.48171854019165 0.8766326904296875 -6.2186079025268555
v 7.021193504333496 0.9762340784072876 -6.423689365386963
v 8.566667556762695 1.1155756711959839 -5.238985061645508
v 8.111590385437012 1.697451114654541 -5.241518974304199
v 7.630692481994629 1.9496798515319824 -5.292874336242676
v 14.41174602508545 -4.3293070793151855 2.4006998538970947
v 13.977227210998535 -4.117578029632568 2.7098724842071533
v 14.547117233276367 -4.204636096954346 1.8216619491577148
v 14.16981315612793 -3.943190813064575 1.945068597793579
v 13.884005546569824 -3.9656784534454346 2.5517585277557373
v 13.643214225769043 -3.8262951374053955 2.604763984680176
v 13.245613098144531 -3.611137628555298 2.674562931060791
v 13.72440242767334 -3.6422510147094727 2.0793099403381348
v 13.409092903137207 -3.4266462326049805 2.153780221939087
v 14.305144309997559 -3.704636573791504 1.3665440082550049
v 13.712124824523926 -2.94437837600708 1.0519243478775024
v 12.868382453918457 -3.2162723541259766 2.753854990005493
v 12.478954315185547 -2.8731675148010254 2.830934524536133
v 13.02271556854248 -3.099632740020752 2.2244608402252197
v 12.633007049560547 -2.7593178749084473 2.299483299255371
v 11.722299575805664 -2.2395102977752686 2.6236114501953125
v 12.920634269714355 -2.0611274242401123 1.262797236442566
v 12.0764741897583 -1.7768689393997192 1.3016258478164673
v 11.366035461425781 -1.7725908756256104 2.4116013050079346
v 10.108392715454102 -0.6858346462249756 2.450063705444336
v 11.250499725341797 -1.1237539052963257 1.3676003217697144
v 10.982490539550781 -1.330237627029419 2.350334644317627
v 10.399438858032227 -0.37468039989471436 1.4108850955963135
v 10.253809928894043 -0.5271826982498169 1.916780710220337
v 13.224142074584961 -2.015063762664795 0.09299445897340775
v 12.349421501159668 -1.5056134462356567 0.17873305082321167
v 12.82182788848877 -1.715269923210144 0.16107526421546936
v 12.510793685913086 -1.3571827411651611 -0.4060090482234955
v 11.425761222839355 -0.8404800295829773 0.2555341124534607
v 11.634940147399902 -0.8117303252220154 -0.3324102759361267
v 11.208013534545898 -0.46592822670936584 -0.3035821318626404
v 11.088323593139648 -0.5285879373550415 0.22960026562213898
v 10.78954029083252 -0.04363405704498291 -0.28025153279304504
v 10.704803466796875 -0.11429354548454285 0.0815875455737114
v 11.373733520507812 -0.20067618787288666 -0.9203693866729736
v 10.935922622680664 0.34009721875190735 -0.8965360522270203
v 9.950873374938965 -0.8020272850990295 2.9710378646850586
v 9.353641510009766 -0.5457596778869629 3.479830741882324
v 9.531208038330078 -0.38893193006515503 2.9993433952331543
v 9.1000337600708 0.08130848407745361 3.013350486755371
v 9.678359985351562 -0.22997036576271057 2.4942221641540527
v 9.250609397888184 0.2241993248462677 2.5118510723114014
v 8.669705390930176 0.49686670303344727 3.0039210319519043
v 8.226420402526855 0.898260235786438 2.975221633911133
v 8.836594581604004 0.6377760767936707 2.496450185775757
v 8.393745422363281 1.0492491722106934 2.4747660160064697
v 9.94827651977539 0.00857648253440857 1.4117079973220825
v 9.858399391174316 -0.05740398168563843 1.7801722288131714
v 9.458821296691895 0.38379478454589844 1.6936604976654053
v 9.047759056091309 0.8207373023033142 1.6475523710250854
v 8.694869041442871 1.4596869945526123 1.447928547859192
v 8.613456726074219 1.2420092821121216 1.6701542139053345
v 9.384775161743164 0.3370370864868164 1.9867053031921387
v 8.973344802856445 0.758475661277771 1.9742858409881592
v 8.544378280639648 1.1785662174224854 1.9477638006210327
v 6.821156024932861 2.0326855182647705 2.7448008060455322
v 6.330320358276367 2.4375131130218506 2.634974241256714
v 7.002159118652344 2.295734167098999 2.2897658348083496
v 6.502425670623779 2.6417102813720703 2.1659557819366455
v 7.7720417976379395 1.2877283096313477 2.9071154594421387
v 7.304201126098633 1.667507529258728 2.8359501361846924
v 7.942106246948242 1.4516185522079468 2.411691427230835
v 7.2718658447265625 2.046832323074341 2.326362133026123
v 7.950993061065674 1.8026691675186157 1.907263994216919
v 7.645350456237793 2.0886080265045166 1.8742351531982422
v 7.560592174530029 1.9798482656478882 2.1328506469726562
v 8.265325546264648 1.9352455139160156 1.4257491827011108
v 7.791779041290283 2.25315260887146 1.3326826095581055
v 7.159814357757568 2.4637770652770996 1.7737222909927368
v 6.655168533325195 2.769110679626465 1.63372802734375
v 6.795188903808594 2.9075281620025635 1.0812233686447144
v 7.299430847167969 2.5839285850524902 1.2145934104919434
v 10.531729698181152 -0.2466786801815033 0.8618250489234924
v 10.09161376953125 0.19355273246765137 0.8770278096199036
v 9.666559219360352 0.6288381814956665 0.8910446763038635
v 10.224444389343262 0.2788866460323334 0.3060007095336914
v 9.796079635620117 0.7130671739578247 0.3132169246673584
v 9.235671997070312 1.059351921081543 0.8887850642204285
v 8.843276977539062 1.691859245300293 0.9169701933860779
v 9.362581253051758 1.1577755212783813 0.30864641070365906
v 10.357381820678711 0.3664431571960449 -0.27709847688674927
v 10.290647506713867 0.3173714280128479 0.009622707962989807
v 9.865517616271973 0.7521805763244629 -0.02091003954410553
v 10.490006446838379 0.7025537490844727 -0.9422484040260315
v 10.044485092163086 1.1635820865631104 -1.0019142627716064
v 9.490970611572266 1.3215320110321045 -0.3162769675254822
v 9.426506996154785 1.1987054347991943 -0.009263001382350922
v 9.06951904296875 1.9641708135604858 -0.36392009258270264
v 8.998403549194336 1.7558112144470215 0.08057520538568497
v 8.402470588684082 2.044828414916992 0.8541575074195862
v 7.930413722991943 2.442228317260742 0.775546133518219
v 8.46863842010498 2.1723880767822266 0.21187704801559448
v 8.00090503692627 2.491413116455078 0.39477819204330444
v 7.4493231773376465 2.7681238651275635 0.6742494702339172
v 6.916600227355957 3.1128880977630615 0.5087031722068787
v 7.5379486083984375 2.868046522140503 0.007994059473276138
v 8.612372398376465 2.398876667022705 -0.5053548216819763
v 4.398589611053467 3.8003759384155273 1.472577452659607
v 2.3487868309020996 3.7701404094696045 0.786053478717804
v 3.3399112224578857 3.787426710128784 1.1155391931533813
v 3.351712703704834 4.275972843170166 -0.34446653723716736
v 2.5934128761291504 4.220332622528076 -0.6958699822425842
v 3.6162898540496826 4.251893520355225 -0.20249491930007935
v 3.173395872116089 3.1729981899261475 -4.1463093757629395
v 5.846353054046631 3.6787726879119873 0.07984534651041031
v 5.749339580535889 3.5716164112091064 0.67184978723526
v 6.959028720855713 3.358017921447754 -0.3767927289009094
v 6.475048065185547 3.6394431591033936 -0.5825787782669067
v 6.2256598472595215 3.471997022628784 0.263681560754776
v 4.7792253494262695 4.2904276847839355 -0.5731188058853149
v 4.671278953552246 4.0340471267700195 0.3593302071094513
v 5.199864387512207 3.853193521499634 0.5320688486099243
v 5.88843297958374 4.137228965759277 -1.0346444845199585
v 5.403815269470215 4.326041221618652 -1.2405332326889038
v 5.254230499267578 4.159600257873535 -0.42311805486679077
v 6.1746745109558105 3.7828426361083984 -2.7339463233947754
v 5.481181621551514 4.027479648590088 -2.2236781120300293
v 4.934175491333008 3.845684766769409 -2.5601816177368164
v 5.074308395385742 3.5204524993896484 -3.347426176071167
v 5.525891304016113 3.611797571182251 -3.20297908782959
v 6.558658599853516 3.9339325428009033 -1.5383479595184326
v 6.012213230133057 4.112916469573975 -1.901972770690918
v 4.015185356140137 4.387635231018066 -1.0165073871612549
v 3.727349042892456 4.293389797210693 -1.1678792238235474
v 3.674924612045288 4.388880729675293 -0.6836605072021484
v 4.809041500091553 4.1626200675964355 -1.7058740854263306
v 4.335288047790527 4.103179454803467 -1.8775721788406372
v 4.283267974853516 4.311500072479248 -1.259616732597351
v 3.8217945098876953 4.026717185974121 -2.127999782562256
v 3.099010705947876 4.300663948059082 -0.47126391530036926
v 3.2162234783172607 4.140534400939941 -1.4051165580749512
v 3.3183279037475586 3.8860740661621094 -2.3273298740386963
v 2.847848415374756 3.8183352947235107 -2.455721616744995
v 2.7765376567840576 3.956569194793701 -1.9598737955093384
v 4.142356872558594 4.1920976638793945 0.10444352775812149
v 4.261070251464844 3.715749740600586 -2.8974814414978027
v 3.87842059135437 3.839268922805786 -2.683227062225342
v 4.497563362121582 3.353511095046997 -3.707028388977051
v 4.011545658111572 3.3120968341827393 -3.906752586364746
v 3.4318981170654297 3.5753164291381836 -3.2028465270996094
v 2.960596799850464 3.5055758953094482 -3.327052593231201
v -0.16460856795310974 3.952709913253784 -0.2195257991552353
v -0.5142706036567688 3.872969150543213 -0.4510337710380554
v -1.351799726486206 3.771113634109497 -0.9962957501411438
v -0.2099519819021225 4.108880043029785 -1.7378727197647095
v -0.9876200556755066 3.911104917526245 -1.473598837852478
v -1.1983553171157837 3.914198160171509 -1.5933475494384766
v -0.3525753319263458 3.9884748458862305 -1.086811900138855
v -0.9874696135520935 3.7946271896362305 -0.764509916305542
v -0.768913745880127 3.9241950511932373 -1.3440316915512085
v -0.9485139846801758 4.0657639503479 -2.1463232040405273
v -0.631394624710083 4.066849231719971 -1.973528504371643
v 1.271950602531433 3.8199245929718018 0.4561862051486969
v 0.2848600447177887 3.9271063804626465 0.07118228822946548
v 0.6388031244277954 4.212724208831787 -1.3186471462249756
v 2.5581064224243164 3.269956588745117 -3.9358608722686768
v 2.1475274562835693 3.1381869316101074 -4.384221076965332
v 2.0671260356903076 3.3940913677215576 -3.7932541370391846
v 1.5613725185394287 3.5761749744415283 -3.635437250137329
v 1.0586899518966675 3.8126766681671143 -3.370793104171753
v 1.689071774482727 3.193213701248169 -4.480030536651611
v 1.2312440872192383 3.30328106880188 -4.565455913543701
v -0.08911534398794174 4.1860151290893555 -2.4194328784942627
v 0.5224336385726929 4.0875396728515625 -2.8442604541778564
v 0.010156533680856228 4.159865856170654 -3.142782211303711
v -0.9117699861526489 4.22447395324707 -2.811721086502075
v -0.5164763331413269 4.1909027099609375 -2.624133825302124
v -0.8381904363632202 4.3122239112854 -3.463822841644287
v -0.4231836795806885 4.228804588317871 -3.3034098148345947
v 0.6392126679420471 3.809516191482544 -3.8142335414886475
v 0.16063423454761505 3.9787299633026123 -3.9124608039855957
v 0.7722886204719543 3.476442337036133 -4.637030601501465
v 0.3074692487716675 3.7082111835479736 -4.697497367858887
v -0.6784545183181763 4.324547290802002 -4.103470802307129
v -0.3274252116680145 4.182193279266357 -4.0151686668396
v -0.6626778244972229 4.2232584953308105 -4.8474321365356445
v 2.3869903087615967 4.0240912437438965 -1.680150032043457
v 1.6476876735687256 4.167459487915039 -1.0076063871383667
v 1.7742633819580078 4.046567916870117 -1.8245929479599
v 2.099520683288574 4.1664652824401855 -0.8762180209159851
v 2.379725456237793 3.8038482666015625 -2.565284013748169
v 1.9155243635177612 3.8340260982513428 -2.663464307785034
v 0.9767104387283325 3.9777774810791016 -2.869499683380127
v 2.496163845062256 3.484668493270874 -3.4351513385772705
v 1.4481685161590576 3.8909595012664795 -2.764582395553589
v 0.8188793063163757 4.153966903686523 -2.0669796466827393
v 0.13244298100471497 4.16910457611084 -1.5463969707489014
v 0.22054584324359894 4.203908443450928 -2.2702910900115967
v 5.10311222076416 -0.8786036968231201 -8.8922758102417
v 4.2747063636779785 -0.2841441035270691 -9.447360038757324
v 5.485348701477051 -0.47182780504226685 -8.411080360412598
v 4.6395955085754395 -0.10870791226625443 -8.926370620727539
v 3.775162696838379 -0.2101275771856308 -9.623858451843262
v 3.5558810234069824 -0.09037517756223679 -9.607303619384766
v 3.7959001064300537 0.08844264596700668 -9.301263809204102
v 2.836390256881714 0.22302722930908203 -9.768136024475098
v 2.944927215576172 0.30422574281692505 -9.607307434082031
v 5.809226036071777 0.055459268391132355 -7.934180736541748
v 4.937098979949951 0.23041173815727234 -8.387275695800781
v 6.042282581329346 0.702159583568573 -7.324463367462158
v 4.200660705566406 1.1419528722763062 -8.296069145202637
v 3.8547556400299072 1.1612234115600586 -8.395198822021484
v 3.4050629138946533 1.210655927658081 -8.530104637145996
v 3.2244203090667725 0.6893200278282166 -9.103971481323242
v 5.066233158111572 0.499299556016922 -8.109759330749512
v 4.507579803466797 0.3506600558757782 -8.620301246643066
v 4.63461971282959 0.6111851930618286 -8.341288566589355
v 4.19910192489624 0.7863972783088684 -8.591139793395996
v 4.737183570861816 0.9334940910339355 -7.994593143463135
v 4.012995719909668 0.49381351470947266 -8.854377746582031
v 3.7626845836639404 0.8416341543197632 -8.715124130249023
v 3.326566219329834 0.9371098279953003 -8.84911823272705
v 3.6450109481811523 0.5572367906570435 -8.96762466430664
v 2.1219468116760254 0.7731650471687317 -10.024484634399414
v -0.5600897669792175 3.2147860527038574 -10.811429023742676
v 2.9706408977508545 1.3637052774429321 -8.597711563110352
v 2.5291714668273926 1.5329054594039917 -8.715371131896973
v 2.087583541870117 1.731318473815918 -8.932605743408203
v 1.6603655815124512 2.051738739013672 -9.033468246459961
v 3.086514949798584 0.458408385515213 -9.372060775756836
v 2.525087356567383 0.49814939498901367 -9.80058765411377
v 2.663203239440918 0.6407227516174316 -9.556668281555176
v 2.2511677742004395 0.9131850600242615 -9.781198501586914
v 2.8097846508026123 0.8840726017951965 -9.25371265411377
v 2.405041217803955 1.1577661037445068 -9.404791831970215
v 1.8449548482894897 1.2768497467041016 -10.019133567810059
v 1.4095394611358643 1.6904633045196533 -10.296276092529297
v 1.958942174911499 1.428848147392273 -9.718673706054688
v 1.5473688840866089 1.846155047416687 -9.911791801452637
v 2.894096612930298 1.0869923830032349 -9.00061321258545
v 2.467074155807495 1.3032110929489136 -9.168315887451172
v 2.0044631958007812 1.5073907375335693 -9.544564247131348
v 2.0446579456329346 1.5936670303344727 -9.339821815490723
v 1.5999698638916016 1.919596552848816 -9.6603422164917
v 1.2331279516220093 2.4098358154296875 -9.094464302062988
v 0.7941898107528687 2.7701690196990967 -9.127532958984375
v 0.33198440074920654 3.1475634574890137 -9.157511711120605
v -0.1660008430480957 3.516380548477173 -9.211235046386719
v -0.15700355172157288 3.493856906890869 -8.824880599975586
v 1.010770559310913 2.1869494915008545 -10.405069351196289
v 0.562190055847168 2.5941243171691895 -10.496000289916992
v 1.126930832862854 2.2872838973999023 -10.045339584350586
v 0.6887604594230652 2.6987228393554688 -10.101101875305176
v 0.04950197786092758 2.9505221843719482 -10.615781784057617
v 0.11303997039794922 3.000152349472046 -10.458174705505371
v -0.37650877237319946 3.3570239543914795 -10.382305145263672
v 0.22587883472442627 3.093094825744629 -10.080224990844727
v 1.183968186378479 2.3409905433654785 -9.737213134765625
v 0.7543637156486511 2.7464444637298584 -9.717723846435547
v 0.26879948377609253 3.122532367706299 -9.853405952453613
v 0.30315980315208435 3.1459951400756836 -9.603631019592285
v -0.1872129887342453 3.509145498275757 -9.478450775146484
v 5.657790660858154 2.799464225769043 -4.8561577796936035
v 5.1638641357421875 2.7024734020233154 -5.06683349609375
v 5.122465133666992 2.8588953018188477 -4.729091644287109
v 6.9855637550354 2.5216221809387207 -4.902129173278809
v 6.671814441680908 2.5880982875823975 -4.9197096824646
v 6.166930198669434 2.4091274738311768 -5.392026901245117
v 6.160081386566162 2.721761703491211 -4.926613807678223
v 6.6465535163879395 2.0496535301208496 -5.602240085601807
v 6.164654731750488 1.8792532682418823 -6.0867743492126465
v 6.168083190917969 2.1533286571502686 -5.740739345550537
v 5.7180938720703125 1.892637848854065 -6.300116062164307
v 5.692144870758057 2.3564112186431885 -5.612193584442139
v 5.28702449798584 1.9295785427093506 -6.473899841308594
v 5.255771160125732 2.2289209365844727 -5.977978229522705
v 4.4517621994018555 2.974010705947876 -4.566121578216553
v 4.091419696807861 3.0621252059936523 -4.486911773681641
v 4.70258092880249 2.6858603954315186 -5.244880199432373
v 4.250850200653076 2.7304022312164307 -5.418097972869873
v 3.662470579147339 2.96024751663208 -4.829300403594971
v 3.575624704360962 3.137542486190796 -4.312207221984863
v 3.2009873390197754 2.894024133682251 -4.942044258117676
v 3.7983500957489014 2.7474520206451416 -5.560443878173828
v 3.338705539703369 2.6859934329986572 -5.674708843231201
v 4.859702110290527 2.0177438259124756 -6.659651756286621
v 4.799231052398682 2.3784384727478027 -5.957010269165039
v 4.425236225128174 2.141646385192871 -6.858851432800293
v 4.380270957946777 2.3958606719970703 -6.313782691955566
v 3.5353333950042725 2.48490309715271 -6.347947597503662
v 3.976473808288574 2.205225944519043 -7.025704860687256
v 3.9232685565948486 2.4802517890930176 -6.386183261871338
v 3.516237735748291 2.030949115753174 -7.3962836265563965
v 6.642991065979004 3.412760019302368 -3.446472644805908
v 6.609124183654785 3.723106622695923 -2.7143499851226807
v 7.198702812194824 2.999025583267212 -4.1230854988098145
v 6.673649311065674 2.9996142387390137 -4.295071601867676
v 6.15075159072876 2.9103896617889404 -4.617298603057861
v 6.11290168762207 3.330334424972534 -3.8275961875915527
v 5.586082458496094 3.2109360694885254 -4.071103572845459
v 5.553396224975586 3.4368414878845215 -3.61389422416687
v 5.077669620513916 3.061227321624756 -4.307275772094727
v 6.589315891265869 1.276244878768921 -6.422953128814697
v 6.613509654998779 1.5276453495025635 -6.173887729644775
v 6.134225845336914 1.316393256187439 -6.7151689529418945
v 6.156348705291748 1.6147106885910034 -6.396605014801025
v 6.498676300048828 0.6560506820678711 -7.013177394866943
v 6.562336444854736 1.0414859056472778 -6.650195598602295
v 6.1136860847473145 1.1262941360473633 -6.909188747406006
v 5.695955753326416 1.3632228374481201 -6.946450710296631
v 5.716418743133545 1.6617414951324463 -6.599849224090576
v 5.268582820892334 1.4180070161819458 -7.136122703552246
v 5.288646221160889 1.6936901807785034 -6.804581165313721
v 5.758579730987549 0.7704443335533142 -7.503966331481934
v 5.675951957702637 1.1850031614303589 -7.142096519470215
v 5.169445991516113 0.8294868469238281 -7.768688201904297
v 5.245499610900879 1.2267661094665527 -7.350480556488037
v 4.842062473297119 1.5218908786773682 -7.3460612297058105
v 4.862723350524902 1.771669864654541 -7.033505439758301
v 4.407035827636719 1.6659026145935059 -7.5739665031433105
v 4.4285664558410645 1.9071404933929443 -7.249631881713867
v 4.8155083656311035 1.3184072971343994 -7.582082271575928
v 4.380197048187256 1.4710056781768799 -7.816400527954102
v 3.9802093505859375 2.0073177814483643 -7.3729681968688965
v 3.4871103763580322 1.6655821800231934 -7.953789710998535
v 3.9459447860717773 1.6511656045913696 -7.85434627532959
v 2.737323045730591 2.844728708267212 -5.059367656707764
v 2.2737526893615723 2.8267362117767334 -5.175003528594971
v 2.8717119693756104 2.6226584911346436 -5.800370216369629
v 1.8120676279067993 2.854292154312134 -5.2822489738464355
v 2.297273874282837 2.572507858276367 -5.956970691680908
v 1.8948681354522705 2.655710220336914 -5.803679943084717
v 1.4724477529525757 2.6361186504364014 -6.146523475646973
v 1.3984805345535278 2.8285529613494873 -5.657182216644287
v 2.817896604537964 2.0840811729431152 -7.35793399810791
v 2.5563266277313232 2.0940821170806885 -7.382476806640625
v 2.070943832397461 2.19565749168396 -7.275664806365967
v 1.6306763887405396 2.2463200092315674 -7.658548831939697
v 1.5981074571609497 2.320035696029663 -7.232635498046875
v 2.980480909347534 2.392080068588257 -6.543223857879639
v 2.933966875076294 2.5051987171173096 -6.19116735458374
v 2.503833293914795 2.3380582332611084 -6.681107521057129
v 2.029467821121216 2.3259212970733643 -6.8105974197387695
v 0.7131519317626953 3.2239809036254883 -5.453461647033691
v 0.41834068298339844 3.4582090377807617 -5.3226470947265625
v 1.0182380676269531 2.7892754077911377 -6.209155559539795
v 0.5630157589912415 3.0351436138153076 -6.241990089416504
v -0.026092294603586197 3.695303201675415 -5.510980606079102
v -0.14318817853927612 3.944398880004883 -4.883707523345947
v -0.515794038772583 3.9576385021209717 -5.578371047973633
v 0.09568622708320618 3.301689624786377 -6.270894527435303
v 1.183779239654541 2.463294744491577 -7.717467784881592
v 1.1368032693862915 2.498110055923462 -7.194055080413818
v 0.7344292998313904 2.6832964420318604 -7.742120742797852
v 0.6710002422332764 2.6888504028320312 -7.106801986694336
v 0.4008667767047882 2.8042826652526855 -7.017618179321289
v -0.28966397047042847 3.3039820194244385 -7.062356948852539
v -0.352090448141098 3.4870026111602783 -6.59173583984375
v 0.27221059799194336 2.958261489868164 -7.758439064025879
v 2.7099950313568115 1.7570619583129883 -8.110719680786133
v 3.0251078605651855 1.7221404314041138 -8.019116401672363
v 2.1066174507141113 1.9509572982788086 -8.174318313598633
v 1.659359335899353 2.1721243858337402 -8.226086616516113
v 1.2219789028167725 2.4445204734802246 -8.343945503234863
v 0.7766015529632568 2.7315590381622314 -8.34538459777832
v 0.3228152096271515 3.0818824768066406 -8.465996742248535
v 0.3036528527736664 3.030081033706665 -8.13726806640625
v -0.16339072585105896 3.4562015533447266 -8.498482704162598
v -5.768046855926514 2.2148079872131348 -4.8692240715026855
v -6.107745170593262 2.0856409072875977 -5.133622646331787
v -4.888810157775879 2.5694692134857178 -4.17181396484375
v -5.645351886749268 2.4361000061035156 -6.036778926849365
v -5.849822998046875 2.380255937576294 -6.19645357131958
v -4.791189670562744 2.674466848373413 -5.364624977111816
v -3.296177387237549 3.39872407913208 -2.5847034454345703
v -3.0931079387664795 3.694565773010254 -3.550985097885132
v -4.0351128578186035 3.0006985664367676 -3.3542234897613525
v -4.5190348625183105 2.7408413887023926 -3.832408905029297
v -3.9560556411743164 3.1135823726654053 -4.60084867477417
v -4.309719085693359 2.900928258895874 -4.9397125244140625
v -5.6822829246521 2.7994394302368164 -7.226513385772705
v -4.8015875816345215 2.990445613861084 -6.568065643310547
v -5.631855487823486 3.0614073276519775 -7.7329421043396
v -5.391903877258301 3.38437557220459 -8.07499885559082
v -5.603673934936523 3.341499090194702 -8.239882469177246
v -5.136384010314941 2.9120900630950928 -6.82114839553833
v -5.081709384918213 3.148829221725464 -7.321796417236328
v -4.839552879333496 3.195788621902466 -7.13778829574585
v -5.012089252471924 3.447646141052246 -7.788708686828613
v -4.612246036529541 3.522481918334961 -7.485656261444092
v -4.808364391326904 3.482673406600952 -7.635715484619141
v -3.8883135318756104 3.3639352321624756 -5.773178577423096
v -4.179869174957275 3.2063074111938477 -6.048105239868164
v -3.5411369800567627 3.4198849201202393 -4.168483257293701
v -3.5894834995269775 3.471620559692383 -4.866131782531738
v -3.919081926345825 3.221909284591675 -5.204174518585205
v -3.5319907665252686 3.6114470958709717 -5.409355640411377
v -3.853426933288574 3.5475451946258545 -6.304625988006592
v -4.25922155380249 3.3531620502471924 -6.67380428314209
v -3.7931768894195557 3.806161642074585 -6.798840045928955
v -4.198027610778809 3.6240625381469727 -7.159464359283447
v -3.450017213821411 3.8254120349884033 -5.895340919494629
v -3.4595656394958496 4.031649112701416 -6.468944549560547
v -5.9283857345581055 2.7559776306152344 -7.407164573669434
v -5.85421085357666 3.040478467941284 -7.894874095916748
v -2.5922787189483643 3.40322208404541 -0.7105212807655334
v -2.167867422103882 3.288252830505371 -0.22967873513698578
v -2.5091865062713623 3.53879714012146 -1.172343373298645
v -1.9072226285934448 3.6560583114624023 -0.9135563373565674
v -2.261648654937744 3.7241575717926025 -1.6275442838668823
v -2.9213390350341797 3.4401748180389404 -1.5506995916366577
v -3.1411147117614746 3.3701555728912354 -1.7662184238433838
v -2.579927444458008 3.66703724861145 -1.890845537185669
v -1.5292819738388062 3.6327857971191406 -0.4245281517505646
v -1.889588475227356 3.7520434856414795 -1.3544431924819946
v -1.8692132234573364 3.9069881439208984 -2.0168697834014893
v -2.1239380836486816 3.890700578689575 -2.195603370666504
v -1.848646879196167 4.082235336303711 -2.6768977642059326
v -2.6296775341033936 3.784956455230713 -2.60610032081604
v -3.109499454498291 3.5941343307495117 -3.0558829307556152
v -2.5372252464294434 3.936547040939331 -3.1196882724761963
v -1.6482704877853394 3.917151927947998 -1.867880940437317
v -1.5277197360992432 4.095823764801025 -2.468820333480835
v -1.8225345611572266 4.248530864715576 -3.320875644683838
v -1.7819318771362305 4.380193710327148 -3.940495252609253
v -2.99609112739563 3.9023730754852295 -4.251622676849365
v -2.444918155670166 4.124262809753418 -3.7801928520202637
v -3.0333802700042725 3.962218999862671 -4.9015984535217285
v -2.4244983196258545 4.213133335113525 -4.396638870239258
v -1.4304505586624146 4.2668986320495605 -3.077531337738037
v -1.353451132774353 4.392817497253418 -3.6937410831451416
v -1.7121610641479492 4.465280055999756 -4.536295413970947
v -1.6387170553207397 4.5055694580078125 -5.1610517501831055
v -2.9981508255004883 4.123421669006348 -5.451747894287109
v -2.377598285675049 4.342845439910889 -4.9663567543029785
v -2.896091938018799 4.390300273895264 -5.934841156005859
v -2.3438456058502197 4.539535999298096 -5.5305495262146
v -1.2934491634368896 4.469937324523926 -4.321817398071289
v -1.182167649269104 4.400204658508301 -4.987720012664795
v -5.272516250610352 3.7448370456695557 -8.506936073303223
v -5.426366806030273 4.048347473144531 -9.182640075683594
v -5.65913200378418 3.973396062850952 -9.391643524169922
v -5.6051764488220215 3.662856340408325 -8.778475761413574
v -5.10537052154541 4.138749122619629 -8.912368774414062
v -4.508308410644531 3.878453493118286 -7.929096221923828
v -4.794999599456787 3.828974962234497 -8.14402961730957
v -4.799367427825928 4.074673652648926 -8.507369041442871
v -4.341899871826172 4.245258331298828 -8.346810340881348
v -5.18607759475708 4.421566486358643 -9.568453788757324
v -4.934086799621582 4.707931995391846 -9.97010612487793
v -4.538403034210205 4.783247947692871 -9.68033218383789
v -4.116880416870117 4.524938583374023 -8.742749214172363
v -4.1189117431640625 4.669044494628906 -9.429966926574707
v -3.6162352561950684 4.535682201385498 -9.183616638183594
v -4.504739284515381 4.550607681274414 -9.027419090270996
v -4.854913711547852 4.510880470275879 -9.315290451049805
v -2.8082871437072754 4.574905872344971 -6.422272205352783
v -2.421639919281006 4.573246002197266 -6.987463474273682
v -2.675042152404785 4.556490898132324 -7.146478176116943
v -2.5806643962860107 4.508925914764404 -7.845694541931152
v -2.596951484680176 4.440235137939453 -8.638830184936523
v -1.3532366752624512 4.215280532836914 -8.0108003616333
v -1.9808058738708496 4.463111877441406 -7.51179313659668
v -4.09316873550415 3.9574995040893555 -7.608872890472412
v -3.683119773864746 4.134825706481934 -7.26011848449707
v -4.008403301239014 4.291792392730713 -8.105199813842773
v -3.27846360206604 4.406787872314453 -6.8656229972839355
v -2.9867305755615234 4.51911735534668 -7.353146553039551
v -3.588042736053467 4.464270114898682 -8.475861549377441
v -3.1004271507263184 4.478328227996826 -8.171899795532227
v -3.3501803874969482 4.458850383758545 -8.332246780395508
v -3.39490008354187 4.443880558013916 -7.7434983253479
v -3.126145839691162 4.461394786834717 -8.919572830200195
v -3.3493428230285645 4.487447738647461 -9.04157829284668
v -3.343986749649048 4.467428207397461 -8.719870567321777
v -2.4185638427734375 4.2794294357299805 -10.015666007995605
v -2.7771823406219482 4.414456844329834 -10.171869277954102
v -2.7174649238586426 4.377557277679443 -9.839133262634277
v -1.5400420427322388 3.65148663520813 -11.19985294342041
v -2.005406618118286 3.934907913208008 -11.414138793945312
v -1.8286173343658447 3.863194704055786 -11.133069038391113
v -2.6321685314178467 4.365758895874023 -10.854135513305664
v -3.064396619796753 4.594341278076172 -11.07551383972168
v -2.918762445449829 4.5221147537231445 -10.72934627532959
v -2.5069470405578613 4.2906904220581055 -11.312711715698242
v -2.360250473022461 4.218710422515869 -10.963250160217285
v -1.227324366569519 3.5064382553100586 -11.064069747924805
v -0.9968888163566589 3.410491466522217 -10.969656944274902
v -1.6834417581558228 3.859856605529785 -10.79525375366211
v -1.0206259489059448 3.5853166580200195 -10.605225563049316
v -2.182617664337158 4.158010482788086 -10.61082649230957
v -2.1156187057495117 4.170157432556152 -10.17856216430664
v -4.2278594970703125 4.8411335945129395 -10.200987815856934
v -4.099334239959717 4.788404941558838 -10.021794319152832
v -3.827526569366455 4.848364353179932 -10.706951141357422
v -3.5627336502075195 4.744472026824951 -10.553231239318848
v -4.351409435272217 4.889514446258545 -10.370156288146973
v -3.068044900894165 4.455478668212891 -9.605430603027344
v -3.496642827987671 4.604150295257568 -9.886746406555176
v -3.370927095413208 4.509974956512451 -9.382560729980469
v -1.3372001647949219 4.042715072631836 -9.536755561828613
v -2.657697916030884 4.3708343505859375 -9.403083801269531
v -2.0471484661102295 4.17979097366333 -9.85124683380127
v -0.6648262739181519 3.823488712310791 -8.573077201843262
v -0.6234198808670044 3.779231309890747 -9.303815841674805
v -1.274012804031372 4.140256881713867 -8.84375
v -1.9882687330245972 4.303407192230225 -9.062588691711426
v -2.083317756652832 4.4209418296813965 -8.333553314208984
v -1.5696521997451782 3.9003255367279053 -10.398913383483887
v -1.4387476444244385 3.9552664756774902 -10.0152587890625
v -0.3105522394180298 3.4794809818267822 -9.966632843017578
v -0.9420632123947144 3.706902265548706 -10.162834167480469
v -0.7859579920768738 3.766249895095825 -9.800970077514648
v -1.5762523412704468 4.423234462738037 -5.866260051727295
v -0.6298644542694092 3.777803897857666 -6.356725692749023
v -0.9031167030334473 3.9646196365356445 -6.410507678985596
v -0.9765549898147583 4.105193138122559 -5.984294891357422
v -1.444949746131897 4.289924621582031 -6.555813312530518
v -2.1591529846191406 4.560522079467773 -6.1211466789245605
v -2.236163377761841 4.576552867889404 -5.805007457733154
v -1.6943533420562744 4.403303146362305 -6.643642425537109
v -2.027867078781128 4.511440277099609 -6.784850120544434
v -1.374656081199646 4.220071792602539 -7.012342929840088
v -0.7998300194740295 3.7777273654937744 -7.133968353271484
v -0.30498984456062317 3.4277005195617676 -7.8659186363220215
v -0.7498379349708557 3.7578811645507812 -7.570740222930908
v 5.304240703582764 3.0689291954040527 2.3207571506500244
v 5.82883358001709 2.799703598022461 2.5078516006469727
v 5.459986209869385 3.2021729946136475 1.8048408031463623
v 5.870730400085449 2.9853122234344482 1.9580124616622925
v 4.768670558929443 3.328329086303711 2.1205172538757324
v 4.426114559173584 3.454951286315918 2.001436233520508
v 4.929832935333252 3.4765567779541016 1.6074094772338867
v 6.27883243560791 2.990516424179077 1.5146193504333496
v 6.056318283081055 2.9915385246276855 1.7458176612854004
v 5.601309776306152 3.329066753387451 1.265655755996704
v 6.271584987640381 3.2694034576416016 0.921904444694519
v 5.030990123748779 3.6254656314849854 1.2582358121871948
v 3.4486851692199707 -0.13711722195148468 -9.751260757446289
v 2.621826171875 0.14815260469913483 -10.108233451843262
v 1.8011112213134766 0.6568573713302612 -10.542421340942383
v 0.9846897721290588 1.4627439975738525 -11.009732246398926
v 1.9663002490997314 0.7008422017097473 -10.287012100219727
v 1.3961118459701538 1.0308170318603516 -10.78687858581543
v 1.5631800889968872 1.0818945169448853 -10.540044784545898
v 1.1552834510803223 1.5312358140945435 -10.772326469421387
v 1.7687636613845825 1.1974375247955322 -10.167527198791504
v 1.3050342798233032 1.6108574867248535 -10.514899253845215
v 0.12088923901319504 2.4040956497192383 -11.305378913879395
v -0.09125003963708878 2.357177257537842 -11.595020294189453
v -0.5155429840087891 2.7941043376922607 -11.616053581237793
v -0.9873954653739929 3.186227321624756 -11.615514755249023
v -0.3388994038105011 2.797008752822876 -11.342937469482422
v -0.8193519115447998 3.161069631576538 -11.320968627929688
v 0.5609365701675415 1.9293371438980103 -11.1876220703125
v 0.7329538464546204 2.0111138820648193 -10.949200630187988
v 0.2910180687904358 2.4576597213745117 -11.048113822937012
v 0.8846364617347717 2.1005566120147705 -10.687568664550781
v 0.4429057538509369 2.523057222366333 -10.769606590270996
v -0.1742487996816635 2.835249662399292 -11.06740951538086
v -0.6619989275932312 3.178499698638916 -11.023630142211914
v -0.024070430546998978 2.900388240814209 -10.77549934387207
v -1.475467562675476 3.564851760864258 -11.565841674804688
f 5 7 6
f 4 6 7
f 7 2 4
f 6 4 3
f 8 9 10
f 9 724 11
f 11 12 10
f 10 9 11
f 14 1544 13
f 15 17 16
f 13 19 18
f 15 18 19
f 19 8 17
f 19 17 15
f 16 20 21
f 21 15 16
f 20 16 1
f 14 13 18
f 14 18 21
f 14 21 20
f 15 21 18
f 13 22 23
f 22 2 24
f 24 724 23
f 23 22 24
f 3 4 22
f 3 22 1544
f 22 13 1544
f 22 4 2
f 23 9 19
f 19 13 23
f 8 19 9
f 724 9 23
f 28 30 29
f 26 29 30
f 27 30 25
f 30 27 26
f 32 31 33
f 34 36 35
f 37 39 38
f 40 34 37
f 34 35 39
f 34 39 37
f 41 43 42
f 42 43 26
f 42 26 27
f 31 42 27
f 29 35 36
f 36 28 29
f 41 35 29
f 29 43 41
f 26 43 29
f 42 38 39
f 39 41 42
f 38 42 32
f 31 32 42
f 41 39 35
f 44 46 45
f 47 49 48
f 50 52 51
f 50 45 46
f 50 46 47
f 48 52 50
f 48 50 47
f 57 48 49
f 49 53 57
f 57 53 54
f 57 54 58
f 59 51 52
f 52 57 59
f 60 59 57
f 57 58 60
f 57 52 48
f 61 58 54
f 54 55 61
f 62 61 55
f 55 56 62
f 60 58 61
f 60 61 63
f 63 61 64
f 62 64 61
f 65 67 66
f 70 66 67
f 67 68 70
f 70 68 69
f 70 69 71
f 72 45 73
f 72 25 44
f 44 45 72
f 27 72 65
f 72 73 65
f 73 67 65
f 72 27 25
f 73 45 50
f 68 73 50
f 68 50 51
f 51 69 68
f 68 67 73
f 31 65 74
f 74 65 66
f 74 66 78
f 76 78 77
f 33 31 74
f 75 33 74
f 74 76 75
f 78 76 74
f 79 71 80
f 66 70 79
f 66 79 78
f 71 79 70
f 77 78 79
f 77 79 81
f 81 79 80
f 81 80 82
f 65 31 27
f 69 84 83
f 83 84 85
f 71 69 83
f 71 83 86
f 87 86 83
f 83 85 87
f 89 87 85
f 85 88 89
f 90 89 88
f 88 91 90
f 51 59 84
f 84 69 51
f 60 85 84
f 60 84 59
f 63 88 85
f 63 85 60
f 88 63 64
f 88 64 91
f 92 80 71
f 71 86 92
f 92 86 94
f 92 94 93
f 87 94 86
f 82 80 92
f 82 92 95
f 96 95 92
f 92 93 96
f 93 94 97
f 89 97 94
f 89 94 87
f 98 97 89
f 98 89 90
f 98 90 99
f 100 96 93
f 93 97 100
f 100 97 98
f 101 100 98
f 98 99 101
f 62 56 102
f 102 104 64
f 64 62 102
f 105 104 102
f 102 103 105
f 103 106 105
f 105 106 112
f 90 91 107
f 108 91 64
f 64 104 108
f 108 104 110
f 105 110 104
f 108 107 91
f 109 107 108
f 108 110 109
f 111 110 105
f 111 105 112
f 111 112 113
f 109 110 114
f 111 114 110
f 114 111 115
f 111 113 116
f 111 116 115
f 117 99 90
f 90 107 117
f 117 107 118
f 101 99 119
f 117 119 99
f 120 119 117
f 117 118 120
f 120 118 121
f 120 121 123
f 120 123 122
f 109 118 107
f 121 118 109
f 124 121 109
f 109 114 124
f 124 114 125
f 115 125 114
f 124 123 121
f 126 122 123
f 123 124 126
f 124 125 126
f 115 116 127
f 128 125 115
f 115 127 128
f 126 125 1858
f 1858 125 128
f 1858 128 1861
f 133 134 129
f 133 140 135
f 135 132 134
f 134 133 135
f 132 138 136
f 136 138 143
f 143 137 136
f 134 136 130
f 134 130 129
f 136 137 131
f 131 130 136
f 136 134 132
f 139 318 141
f 142 225 163
f 318 142 163
f 163 141 318
f 146 144 143
f 145 147 146
f 144 146 147
f 147 148 144
f 151 155 153
f 145 150 154
f 154 147 145
f 152 148 147
f 152 147 154
f 152 154 151
f 150 149 155
f 150 155 154
f 155 151 154
f 132 159 156
f 159 157 158
f 158 156 159
f 140 139 159
f 140 159 135
f 159 132 135
f 141 157 159
f 159 139 141
f 156 146 138
f 138 132 156
f 146 143 138
f 145 146 156
f 156 158 145
f 157 160 161
f 161 150 158
f 158 157 161
f 160 225 162
f 162 161 160
f 150 161 162
f 150 162 149
f 160 157 141
f 141 163 160
f 225 160 163
f 150 145 158
f 209 169 178
f 178 164 209
f 165 167 166
f 168 170 169
f 168 183 171
f 171 170 168
f 172 174 173
f 176 175 177
f 172 176 177
f 177 174 172
f 178 169 170
f 170 179 178
f 173 164 178
f 172 173 178
f 178 179 172
f 176 179 170
f 176 170 171
f 176 171 175
f 172 179 176
f 171 183 182
f 182 180 171
f 182 184 185
f 181 180 182
f 182 185 181
f 175 180 186
f 186 166 177
f 177 175 186
f 186 180 181
f 181 165 186
f 165 166 186
f 180 175 171
f 187 224 189
f 190 196 189
f 190 189 224
f 191 192 193
f 195 197 196
f 195 203 198
f 198 197 195
f 190 199 200
f 195 196 190
f 190 200 195
f 194 203 200
f 194 200 199
f 203 195 200
f 201 1127 205
f 194 201 205
f 198 203 202
f 202 191 198
f 202 1127 204
f 192 191 202
f 202 204 192
f 203 194 205
f 203 205 202
f 1127 202 205
f 206 208 207
f 142 209 210
f 226 225 142
f 210 211 226
f 226 142 210
f 209 164 236
f 236 212 210
f 236 210 209
f 207 211 210
f 207 210 212
f 207 212 206
f 149 227 213
f 227 214 215
f 215 213 227
f 216 188 153
f 216 153 155
f 216 217 218
f 188 216 218
f 188 218 187
f 216 155 149
f 216 149 213
f 217 216 213
f 213 215 217
f 219 220 221
f 214 207 222
f 222 219 215
f 215 214 222
f 207 208 223
f 207 223 222
f 220 219 222
f 222 223 220
f 217 219 224
f 224 218 217
f 224 187 218
f 221 190 224
f 224 219 221
f 217 215 219
f 162 225 226
f 226 227 162
f 227 149 162
f 211 214 227
f 227 226 211
f 207 214 211
f 228 230 229
f 229 230 231
f 206 229 231
f 231 208 206
f 166 233 228
f 233 234 230
f 233 230 228
f 233 166 167
f 167 235 233
f 234 233 235
f 234 235 232
f 234 201 231
f 231 230 234
f 201 234 232
f 173 174 237
f 236 173 237
f 237 229 212
f 212 236 237
f 177 228 237
f 237 174 177
f 228 229 237
f 236 164 173
f 206 212 229
f 166 228 177
f 194 221 220
f 231 194 220
f 220 223 231
f 223 208 231
f 199 190 221
f 199 221 194
f 201 194 231
f 244 239 238
f 241 246 242
f 243 245 244
f 239 244 245
f 245 241 239
f 243 240 246
f 246 245 243
f 246 241 245
f 248 250 249
f 248 330 251
f 251 250 248
f 290 252 253
f 253 240 290
f 249 242 246
f 248 249 246
f 246 240 253
f 246 253 248
f 252 247 338
f 338 330 253
f 338 253 252
f 330 248 253
f 254 256 255
f 258 273 257
f 254 1929 257
f 257 256 254
f 259 258 257
f 259 257 1929
f 267 263 260
f 261 238 25
f 261 263 244
f 244 238 261
f 260 261 30
f 260 30 28
f 25 30 261
f 263 261 260
f 262 264 263
f 265 240 264
f 265 264 262
f 266 268 267
f 267 268 262
f 267 262 263
f 266 273 265
f 265 268 266
f 262 268 265
f 244 263 264
f 264 243 244
f 243 264 240
f 34 269 260
f 260 36 34
f 270 267 269
f 260 269 267
f 255 269 40
f 34 40 269
f 269 255 256
f 256 270 269
f 28 36 260
f 270 257 266
f 266 267 270
f 266 257 273
f 270 256 257
f 272 274 273
f 275 271 274
f 275 274 272
f 276 277 271
f 276 362 247
f 247 277 276
f 275 278 276
f 276 271 275
f 279 362 278
f 276 278 362
f 258 281 272
f 272 273 258
f 280 282 281
f 272 281 282
f 282 275 272
f 283 281 259
f 258 259 281
f 283 284 280
f 280 281 283
f 286 370 285
f 287 278 282
f 287 282 280
f 275 282 278
f 287 370 279
f 279 278 287
f 284 285 287
f 287 280 284
f 287 285 370
f 288 289 265
f 290 240 265
f 265 289 290
f 288 271 252
f 252 289 288
f 290 289 252
f 265 273 274
f 274 288 265
f 288 274 271
f 252 271 277
f 252 277 247
f 291 293 292
f 295 294 291
f 294 299 293
f 294 293 291
f 309 296 295
f 297 298 296
f 297 296 309
f 302 300 299
f 301 303 302
f 300 302 303
f 303 140 300
f 294 295 296
f 296 302 294
f 302 299 294
f 301 302 296
f 296 298 301
f 307 306 295
f 304 307 295
f 295 305 304
f 238 308 44
f 305 44 308
f 308 304 305
f 44 305 46
f 308 238 239
f 239 306 307
f 239 307 308
f 304 308 307
f 47 305 291
f 291 292 49
f 291 49 47
f 295 291 305
f 47 46 305
f 306 241 309
f 309 295 306
f 242 297 309
f 309 241 242
f 306 239 241
f 299 312 310
f 312 129 311
f 312 311 310
f 292 293 310
f 53 292 310
f 310 311 54
f 310 54 53
f 299 310 293
f 130 313 311
f 129 130 311
f 131 314 313
f 131 313 130
f 313 55 54
f 313 54 311
f 56 55 313
f 56 313 314
f 312 299 300
f 300 133 312
f 129 312 133
f 140 133 300
f 53 49 292
f 316 249 250
f 250 315 316
f 297 249 316
f 316 298 297
f 301 316 317
f 317 303 301
f 140 303 317
f 140 317 139
f 315 318 317
f 317 316 315
f 318 139 317
f 301 298 316
f 315 250 251
f 315 251 142
f 318 315 142
f 297 242 249
f 238 44 25
f 319 321 320
f 324 323 247
f 324 325 322
f 322 323 324
f 329 320 322
f 327 326 319
f 327 319 320
f 329 327 320
f 328 329 325
f 322 325 329
f 367 326 327
f 328 367 327
f 327 329 328
f 339 331 330
f 331 333 332
f 332 334 331
f 333 331 339
f 331 334 209
f 331 209 251
f 331 251 330
f 337 335 334
f 336 169 335
f 336 335 337
f 332 320 337
f 337 334 332
f 337 320 321
f 321 336 337
f 209 334 335
f 169 209 335
f 338 323 339
f 339 330 338
f 333 323 322
f 322 332 333
f 323 333 339
f 338 247 323
f 320 332 322
f 351 341 321
f 351 321 319
f 351 346 340
f 340 341 351
f 343 344 342
f 346 345 342
f 346 342 340
f 343 342 345
f 345 347 343
f 350 351 326
f 319 326 351
f 352 346 351
f 352 351 350
f 367 348 350
f 350 326 367
f 350 348 349
f 350 349 352
f 353 354 349
f 355 354 353
f 356 345 346
f 352 356 346
f 356 357 347
f 347 345 356
f 352 349 354
f 352 354 356
f 357 356 354
f 354 355 357
f 336 341 358
f 169 336 358
f 169 358 168
f 340 183 358
f 340 358 341
f 183 168 358
f 341 336 321
f 183 340 342
f 183 342 182
f 184 182 342
f 342 344 184
f 361 363 362
f 362 363 324
f 362 324 247
f 364 325 363
f 364 363 361
f 324 363 325
f 279 371 361
f 361 362 279
f 360 359 364
f 360 364 361
f 360 361 371
f 366 367 365
f 368 365 359
f 368 379 366
f 366 365 368
f 364 365 328
f 328 325 364
f 328 365 367
f 364 359 365
f 369 371 370
f 372 359 360
f 372 360 371
f 372 371 369
f 373 369 370
f 286 373 370
f 373 1988 372
f 372 369 373
f 279 370 371
f 372 376 368
f 368 359 372
f 374 379 376
f 368 376 379
f 375 376 1988
f 372 1988 376
f 1 374 375
f 374 376 375
f 377 348 367
f 377 367 366
f 377 382 349
f 349 348 377
f 378 380 379
f 366 379 380
f 380 377 366
f 8 382 380
f 8 380 378
f 377 380 382
f 382 381 353
f 382 353 349
f 353 381 383
f 353 383 355
f 382 8 10
f 382 10 381
f 381 10 12
f 381 12 383
f 374 16 17
f 17 378 374
f 378 379 374
f 378 17 8
f 374 1 16
f 209 142 251
f 388 137 143
f 388 143 400
f 389 388 400
f 400 390 389
f 388 387 131
f 131 137 388
f 391 387 388
f 388 392 391
f 388 389 392
f 389 390 393
f 391 392 394
f 393 394 392
f 392 389 393
f 395 394 393
f 393 396 395
f 395 396 397
f 400 143 144
f 144 401 400
f 402 400 401
f 398 401 144
f 144 148 398
f 399 402 401
f 399 401 398
f 402 399 404
f 402 404 403
f 403 404 405
f 152 151 406
f 398 152 406
f 399 398 406
f 399 406 407
f 406 151 153
f 406 153 384
f 385 407 406
f 385 406 384
f 398 148 152
f 408 399 407
f 386 408 407
f 386 407 385
f 408 386 469
f 399 408 404
f 408 405 404
f 409 405 408
f 469 409 408
f 400 402 390
f 402 393 390
f 393 402 411
f 393 411 410
f 410 411 412
f 403 411 402
f 412 411 403
f 412 403 405
f 413 412 405
f 410 396 393
f 397 396 410
f 397 410 412
f 414 397 412
f 412 415 414
f 413 415 412
f 409 413 405
f 409 469 416
f 414 415 417
f 417 415 413
f 417 413 421
f 413 409 418
f 418 409 416
f 416 419 418
f 418 419 420
f 413 418 421
f 421 418 422
f 422 418 420
f 422 420 423
f 424 426 425
f 427 425 426
f 437 429 428
f 384 188 430
f 430 431 385
f 385 384 430
f 430 188 187
f 187 437 430
f 428 431 430
f 437 428 430
f 432 428 429
f 386 385 431
f 386 431 433
f 386 433 434
f 428 432 433
f 433 431 428
f 435 434 433
f 435 433 432
f 436 438 437
f 429 437 438
f 438 439 429
f 436 196 424
f 424 438 436
f 425 439 438
f 424 425 438
f 436 437 187
f 187 189 436
f 196 436 189
f 440 432 429
f 440 429 439
f 432 440 441
f 425 427 440
f 440 439 425
f 442 440 427
f 440 442 441
f 441 435 432
f 435 441 443
f 444 443 441
f 441 442 444
f 424 445 446
f 446 426 424
f 445 198 447
f 447 451 446
f 446 445 447
f 448 427 426
f 448 426 446
f 427 448 449
f 456 448 446
f 456 446 451
f 450 449 448
f 450 448 456
f 455 452 451
f 455 453 454
f 454 452 455
f 198 191 455
f 455 447 198
f 455 451 447
f 193 453 455
f 455 191 193
f 456 451 452
f 452 457 456
f 458 457 452
f 458 452 454
f 456 457 459
f 456 459 450
f 458 460 459
f 458 459 457
f 424 196 197
f 197 445 424
f 198 445 197
f 449 442 427
f 442 449 461
f 461 449 450
f 462 461 450
f 444 442 461
f 444 461 463
f 463 461 462
f 463 462 464
f 462 450 459
f 462 459 465
f 466 465 459
f 459 460 466
f 467 464 462
f 462 465 467
f 468 467 465
f 465 466 468
f 188 384 153
f 386 434 470
f 386 470 469
f 435 470 434
f 469 470 471
f 471 470 435
f 472 471 435
f 416 469 471
f 473 416 471
f 471 472 474
f 474 473 471
f 473 474 475
f 472 435 443
f 472 443 476
f 476 443 444
f 444 477 476
f 476 474 472
f 478 475 474
f 474 476 478
f 479 478 476
f 476 477 479
f 473 419 416
f 480 420 419
f 419 473 480
f 480 473 475
f 480 475 481
f 482 423 420
f 420 480 482
f 481 482 480
f 482 481 483
f 481 475 478
f 481 478 484
f 484 478 479
f 484 479 485
f 483 481 484
f 486 483 484
f 484 485 486
f 444 463 487
f 487 477 444
f 464 488 487
f 464 487 463
f 479 477 487
f 479 487 489
f 490 489 487
f 487 488 490
f 467 492 488
f 467 488 464
f 491 492 467
f 467 468 491
f 493 490 488
f 488 492 493
f 493 492 491
f 493 491 494
f 489 490 495
f 495 485 489
f 485 479 489
f 486 485 495
f 486 495 496
f 493 498 495
f 495 490 493
f 498 493 494
f 498 494 497
f 496 495 498
f 499 314 131
f 499 131 387
f 499 387 502
f 500 56 314
f 314 499 500
f 500 499 501
f 502 501 499
f 503 501 502
f 391 502 387
f 504 502 391
f 391 394 504
f 394 505 504
f 504 505 506
f 395 505 394
f 507 506 505
f 505 395 397
f 505 397 508
f 505 508 507
f 504 503 502
f 509 503 504
f 504 506 509
f 507 509 506
f 500 102 56
f 103 102 500
f 510 103 500
f 510 500 501
f 510 106 103
f 510 501 512
f 503 512 501
f 511 512 503
f 112 106 510
f 510 512 112
f 112 512 539
f 511 539 512
f 509 511 503
f 507 508 513
f 509 507 513
f 509 513 514
f 539 511 540
f 515 511 509
f 514 515 509
f 515 514 527
f 511 515 540
f 516 540 515
f 516 515 527
f 516 527 517
f 414 508 397
f 513 508 414
f 513 414 417
f 518 513 417
f 421 518 417
f 518 421 519
f 518 514 513
f 520 514 518
f 520 518 519
f 521 520 519
f 519 522 521
f 519 421 422
f 523 519 422
f 423 523 422
f 523 522 519
f 523 423 524
f 522 523 525
f 525 523 524
f 525 524 526
f 514 520 527
f 520 528 527
f 521 528 520
f 527 528 529
f 529 528 521
f 530 529 521
f 521 522 530
f 517 527 529
f 517 529 531
f 529 530 531
f 531 530 532
f 533 530 522
f 522 525 533
f 525 534 533
f 526 534 525
f 534 526 535
f 536 532 530
f 530 533 536
f 533 534 536
f 536 534 535
f 536 535 537
f 539 113 112
f 113 539 538
f 538 116 113
f 538 539 542
f 540 542 539
f 542 540 545
f 541 127 116
f 541 116 538
f 538 542 541
f 541 542 543
f 544 543 542
f 542 545 544
f 544 545 546
f 516 545 540
f 545 516 547
f 547 516 517
f 548 547 517
f 547 546 545
f 546 547 549
f 548 549 547
f 550 549 548
f 541 128 127
f 551 128 541
f 541 543 551
f 544 551 543
f 1861 128 551
f 551 544 546
f 551 546 553
f 552 1861 551
f 551 553 552
f 552 553 554
f 546 549 553
f 555 553 549
f 555 549 550
f 556 555 550
f 555 554 553
f 554 555 2196
f 555 556 2196
f 531 548 517
f 548 531 557
f 557 531 532
f 557 532 558
f 550 548 557
f 550 557 559
f 557 558 559
f 560 558 532
f 532 536 560
f 537 560 536
f 559 556 550
f 561 2196 556
f 559 558 562
f 568 562 558
f 568 558 560
f 563 568 560
f 560 537 563
f 556 559 564
f 564 559 562
f 564 562 565
f 561 556 564
f 561 564 566
f 566 564 565
f 567 566 565
f 565 562 568
f 565 568 569
f 569 568 563
f 563 570 569
f 569 567 565
f 567 569 571
f 572 571 569
f 569 570 572
f 573 526 524
f 524 423 482
f 573 524 482
f 482 483 573
f 573 483 486
f 573 486 574
f 575 537 535
f 535 526 573
f 575 535 573
f 573 576 575
f 574 580 576
f 574 576 573
f 577 574 486
f 486 496 577
f 577 496 498
f 578 577 498
f 498 497 578
f 580 574 577
f 580 577 579
f 581 579 577
f 577 578 581
f 579 582 580
f 581 584 582
f 582 579 581
f 584 581 583
f 583 585 584
f 588 563 537
f 588 537 575
f 588 575 576
f 588 576 586
f 594 586 576
f 594 576 580
f 594 580 587
f 563 588 589
f 589 570 563
f 570 589 590
f 586 589 588
f 591 590 589
f 589 586 591
f 572 570 590
f 572 590 592
f 592 590 591
f 592 591 593
f 594 595 586
f 591 586 595
f 591 595 596
f 587 597 595
f 587 595 594
f 596 595 597
f 598 593 591
f 591 596 598
f 599 598 596
f 596 597 599
f 587 580 582
f 587 582 600
f 600 582 584
f 601 599 597
f 597 587 600
f 597 600 601
f 585 601 600
f 600 584 585
f 601 585 602
f 603 605 604
f 608 609 606
f 609 611 607
f 609 607 606
f 611 613 612
f 612 613 614
f 610 612 614
f 607 615 603
f 615 610 605
f 615 605 603
f 612 615 607
f 611 612 607
f 610 615 612
f 616 618 617
f 619 621 620
f 622 624 623
f 625 627 626
f 628 626 622
f 628 617 618
f 628 618 625
f 626 628 625
f 626 627 619
f 626 619 620
f 626 620 624
f 626 624 622
f 640 630 629
f 640 632 631
f 631 630 640
f 636 629 635
f 634 637 616
f 618 637 635
f 637 618 616
f 637 634 633
f 633 636 637
f 635 637 636
f 639 640 636
f 640 629 636
f 641 640 639
f 632 640 641
f 639 636 633
f 639 633 638
f 642 641 639
f 642 639 638
f 643 645 644
f 646 648 647
f 629 643 646
f 646 643 644
f 644 648 646
f 649 651 650
f 644 645 603
f 644 603 649
f 603 604 651
f 603 651 649
f 619 647 648
f 619 648 649
f 650 621 619
f 649 650 619
f 649 648 644
f 630 606 643
f 606 607 645
f 606 645 643
f 606 630 631
f 631 608 606
f 643 629 630
f 603 645 607
f 635 646 625
f 646 647 627
f 646 627 625
f 646 635 629
f 625 618 635
f 619 627 647
f 652 653 853
f 652 656 654
f 654 655 653
f 653 652 654
f 878 657 656
f 878 658 659
f 659 657 878
f 654 656 657
f 657 660 654
f 660 661 655
f 655 654 660
f 659 662 660
f 660 657 659
f 662 667 661
f 661 660 662
f 664 663 659
f 659 658 664
f 665 666 663
f 664 665 663
f 671 668 667
f 671 669 670
f 670 668 671
f 663 671 662
f 662 659 663
f 671 667 662
f 669 671 663
f 669 663 666
f 2877 675 674
f 676 678 677
f 680 682 681
f 679 674 675
f 679 675 676
f 676 680 679
f 677 682 680
f 677 680 676
f 684 686 685
f 687 689 688
f 672 692 693
f 688 689 696
f 692 688 696
f 690 691 693
f 693 692 696
f 693 696 690
f 677 678 816
f 677 816 694
f 816 683 695
f 816 695 694
f 681 682 694
f 687 681 694
f 694 695 689
f 694 689 687
f 694 682 677
f 695 697 696
f 690 696 697
f 697 685 690
f 685 691 690
f 684 697 695
f 684 695 683
f 685 697 684
f 696 689 695
f 700 702 701
f 702 854 703
f 703 854 698
f 1310 703 698
f 698 699 1310
f 704 1310 705
f 701 702 703
f 701 703 704
f 703 1310 704
f 706 707 708
f 2 711 709
f 710 712 711
f 709 711 712
f 712 713 709
f 706 711 7
f 706 7 5
f 711 2 7
f 710 711 706
f 706 708 710
f 714 716 715
f 707 2847 717
f 717 715 708
f 708 707 717
f 673 672 718
f 673 718 717
f 673 717 2847
f 714 715 717
f 717 718 714
f 710 715 719
f 719 712 710
f 719 720 713
f 713 712 719
f 719 715 716
f 716 721 719
f 721 722 720
f 720 719 721
f 715 710 708
f 724 723 726
f 724 726 11
f 726 727 12
f 12 11 726
f 728 726 725
f 726 723 725
f 729 727 726
f 729 726 728
f 730 731 728
f 730 728 725
f 732 729 728
f 732 728 731
f 733 731 730
f 733 734 732
f 732 731 733
f 709 735 24
f 24 2 709
f 723 724 24
f 24 735 723
f 713 736 735
f 735 709 713
f 723 735 736
f 725 723 736
f 737 736 713
f 737 713 720
f 738 725 736
f 738 736 737
f 739 737 720
f 739 720 722
f 740 738 737
f 740 737 739
f 725 738 730
f 730 738 740
f 730 740 733
f 685 686 880
f 685 880 741
f 741 880 743
f 743 742 741
f 744 746 745
f 747 749 748
f 743 744 747
f 743 747 742
f 745 749 747
f 745 747 744
f 714 750 751
f 751 716 714
f 750 691 752
f 752 753 751
f 751 750 752
f 693 750 718
f 718 672 693
f 714 718 750
f 750 693 691
f 751 754 721
f 721 716 751
f 754 755 722
f 722 721 754
f 753 756 754
f 754 751 753
f 756 748 755
f 755 754 756
f 685 741 752
f 752 691 685
f 741 742 753
f 753 752 741
f 747 756 753
f 747 753 742
f 748 756 747
f 757 758 760
f 733 760 761
f 761 762 734
f 734 733 761
f 758 765 761
f 758 761 760
f 762 761 765
f 762 765 759
f 764 745 746
f 746 700 764
f 764 700 701
f 763 764 701
f 757 748 749
f 749 764 757
f 758 757 764
f 758 764 763
f 764 749 745
f 763 704 765
f 765 704 705
f 759 765 705
f 704 763 701
f 765 758 763
f 755 766 739
f 739 722 755
f 766 760 740
f 740 739 766
f 766 755 757
f 755 748 757
f 760 766 757
f 760 733 740
f 767 769 768
f 768 769 801
f 771 768 801
f 801 803 771
f 844 771 803
f 803 792 844
f 820 771 844
f 844 770 820
f 772 773 776
f 777 778 788
f 773 774 777
f 773 777 776
f 775 778 777
f 774 775 777
f 780 782 781
f 604 605 786
f 604 786 780
f 786 779 782
f 786 782 780
f 779 785 784
f 783 784 785
f 783 785 788
f 781 782 784
f 781 784 767
f 769 767 784
f 769 784 783
f 784 782 779
f 610 787 786
f 779 786 787
f 787 776 779
f 787 610 614
f 787 614 772
f 776 787 772
f 786 605 610
f 779 776 777
f 777 785 779
f 788 785 777
f 789 791 790
f 790 791 800
f 864 790 800
f 800 798 864
f 790 864 792
f 775 795 794
f 793 794 795
f 795 796 793
f 778 794 789
f 778 789 788
f 793 791 789
f 789 794 793
f 794 778 775
f 797 799 798
f 796 918 797
f 797 793 796
f 918 920 799
f 799 797 918
f 797 800 791
f 797 791 793
f 798 800 797
f 783 802 801
f 803 801 802
f 803 802 790
f 788 789 802
f 788 802 783
f 790 802 789
f 801 769 783
f 792 803 790
f 804 808 807
f 805 807 808
f 808 809 806
f 808 806 805
f 620 621 821
f 804 620 821
f 821 810 804
f 768 809 808
f 767 768 808
f 808 804 810
f 808 810 767
f 812 623 624
f 624 804 812
f 623 812 811
f 2877 623 811
f 811 675 2877
f 811 812 807
f 676 811 807
f 805 806 678
f 805 678 676
f 676 807 805
f 807 812 804
f 676 675 811
f 804 624 620
f 813 815 814
f 806 817 816
f 816 817 814
f 683 816 814
f 809 813 817
f 817 806 809
f 814 817 813
f 818 814 815
f 818 815 820
f 820 770 819
f 820 819 818
f 684 683 814
f 684 814 818
f 819 686 684
f 819 684 818
f 771 815 813
f 768 771 813
f 813 809 768
f 820 815 771
f 816 678 806
f 821 650 651
f 821 651 780
f 781 810 821
f 780 781 821
f 780 651 604
f 821 621 650
f 767 810 781
f 823 824 828
f 825 827 826
f 828 830 829
f 829 830 831
f 822 829 831
f 824 832 830
f 824 830 828
f 826 831 830
f 825 826 830
f 830 832 825
f 770 835 834
f 834 835 833
f 839 834 833
f 833 838 837
f 837 838 822
f 836 837 822
f 839 841 840
f 842 840 841
f 841 836 842
f 833 837 841
f 833 841 839
f 836 841 837
f 844 845 843
f 833 843 845
f 833 845 828
f 823 845 844
f 844 792 823
f 828 845 823
f 843 835 770
f 843 770 844
f 833 835 843
f 828 829 838
f 828 838 833
f 822 838 829
f 822 849 847
f 847 849 846
f 846 848 847
f 846 852 850
f 850 852 853
f 853 851 850
f 848 850 854
f 698 854 850
f 698 850 851
f 851 699 698
f 850 848 846
f 855 857 856
f 856 857 858
f 846 856 858
f 826 827 859
f 855 826 859
f 859 857 855
f 859 656 858
f 858 857 859
f 855 856 849
f 855 849 822
f 822 831 855
f 846 849 856
f 855 831 826
f 852 846 858
f 852 858 652
f 853 852 652
f 656 652 858
f 836 847 860
f 860 847 848
f 860 848 702
f 847 836 822
f 842 836 860
f 700 842 860
f 702 700 860
f 848 854 702
f 861 863 862
f 823 792 864
f 864 865 823
f 865 862 824
f 824 823 865
f 861 865 864
f 864 798 861
f 862 865 861
f 866 868 867
f 867 868 869
f 825 867 869
f 869 827 825
f 862 863 870
f 866 862 870
f 870 868 866
f 870 871 869
f 869 868 870
f 867 832 824
f 866 867 824
f 824 862 866
f 825 832 867
f 798 799 872
f 861 798 872
f 872 873 863
f 863 861 872
f 920 928 872
f 872 799 920
f 928 930 873
f 873 872 928
f 873 874 870
f 870 863 873
f 874 875 871
f 871 870 874
f 876 874 873
f 876 873 930
f 876 877 875
f 875 874 876
f 869 878 859
f 859 827 869
f 878 656 859
f 658 878 869
f 658 869 871
f 664 658 871
f 871 875 664
f 875 877 664
f 877 879 664
f 664 879 665
f 819 881 880
f 743 880 881
f 881 839 743
f 834 881 819
f 834 819 770
f 839 881 834
f 880 686 819
f 839 840 743
f 840 744 743
f 840 842 746
f 746 744 840
f 700 746 842
f 882 609 608
f 883 611 609
f 883 609 882
f 884 883 882
f 611 883 885
f 885 613 611
f 885 886 614
f 614 613 885
f 887 885 883
f 885 888 889
f 889 886 885
f 888 885 887
f 884 890 887
f 887 883 884
f 887 890 888
f 891 889 888
f 892 891 888
f 892 888 890
f 894 893 631
f 894 631 632
f 895 894 632
f 895 632 641
f 896 895 641
f 896 641 642
f 893 882 608
f 893 608 631
f 897 882 893
f 897 898 884
f 884 882 897
f 899 897 893
f 899 893 894
f 900 898 897
f 900 897 899
f 901 890 884
f 901 884 898
f 900 902 903
f 903 901 898
f 903 898 900
f 904 903 902
f 905 892 890
f 905 890 901
f 904 912 905
f 905 901 903
f 905 903 904
f 895 906 894
f 899 894 906
f 907 900 899
f 907 899 906
f 896 908 906
f 906 895 896
f 908 909 907
f 907 906 908
f 910 902 900
f 910 900 907
f 910 911 912
f 912 904 910
f 904 902 910
f 913 910 907
f 913 907 909
f 914 911 910
f 914 910 913
f 915 947 924
f 924 917 916
f 916 915 924
f 916 919 918
f 918 919 921
f 918 921 920
f 917 922 919
f 919 916 917
f 923 921 919
f 923 919 922
f 924 925 917
f 925 926 922
f 922 917 925
f 927 923 922
f 927 922 926
f 920 921 929
f 920 929 928
f 930 928 929
f 929 931 930
f 933 929 921
f 933 921 923
f 932 931 929
f 932 929 933
f 933 923 927
f 934 666 665
f 937 670 669
f 934 935 936
f 936 669 666
f 936 666 934
f 937 669 936
f 938 936 935
f 939 937 936
f 939 936 938
f 772 886 942
f 942 940 773
f 773 772 942
f 943 948 942
f 943 942 886
f 941 940 942
f 942 948 941
f 940 944 774
f 944 945 775
f 944 775 774
f 941 946 944
f 944 940 941
f 946 947 945
f 945 944 946
f 774 773 940
f 949 941 948
f 941 950 946
f 951 947 946
f 951 946 950
f 949 952 950
f 950 941 949
f 952 953 951
f 951 950 952
f 886 772 614
f 886 889 943
f 954 948 943
f 954 943 889
f 954 889 891
f 954 955 949
f 949 948 954
f 892 956 954
f 954 891 892
f 957 955 954
f 957 954 956
f 955 958 952
f 952 949 955
f 958 959 953
f 953 952 958
f 960 958 955
f 960 955 957
f 961 959 958
f 961 958 960
f 795 775 945
f 795 945 915
f 916 796 795
f 916 795 915
f 947 915 945
f 918 796 916
f 951 962 924
f 924 947 951
f 962 963 925
f 925 924 962
f 953 964 962
f 962 951 953
f 964 965 963
f 963 962 964
f 925 963 966
f 966 926 925
f 927 926 966
f 927 966 967
f 965 968 966
f 966 963 965
f 969 967 966
f 969 966 968
f 970 964 953
f 970 953 959
f 971 965 964
f 971 964 970
f 972 970 959
f 972 959 961
f 972 973 971
f 971 970 972
f 971 974 968
f 968 965 971
f 974 975 969
f 969 968 974
f 973 976 974
f 974 971 973
f 976 977 975
f 975 974 976
f 978 956 892
f 978 892 905
f 979 957 956
f 979 956 978
f 980 978 905
f 980 905 912
f 981 979 978
f 981 978 980
f 982 960 957
f 982 957 979
f 983 961 960
f 983 960 982
f 984 982 979
f 984 979 981
f 985 983 982
f 985 982 984
f 986 912 911
f 914 987 986
f 986 911 914
f 988 986 987
f 980 912 986
f 989 981 980
f 989 980 986
f 989 986 988
f 990 984 981
f 990 981 989
f 991 985 984
f 991 984 990
f 992 990 989
f 992 989 988
f 993 991 990
f 993 990 992
f 994 972 961
f 994 961 983
f 994 995 973
f 973 972 994
f 996 994 983
f 996 983 985
f 997 995 994
f 997 994 996
f 998 977 976
f 995 998 976
f 976 973 995
f 998 995 997
f 999 997 996
f 991 999 996
f 996 985 991
f 999 991 993
f 1000 998 997
f 1000 997 999
f 930 931 1001
f 1001 876 930
f 1001 1002 877
f 877 876 1001
f 932 1003 1001
f 932 1001 931
f 1004 1002 1001
f 1003 1004 1001
f 1003 1005 1004
f 1006 933 927
f 1006 927 967
f 1007 932 933
f 1007 933 1006
f 969 1008 1006
f 1006 967 969
f 1009 1007 1006
f 1009 1006 1008
f 1003 932 1007
f 1010 1003 1007
f 1010 1007 1009
f 1010 1011 1005
f 1005 1003 1010
f 975 1012 1008
f 1008 969 975
f 1012 1013 1009
f 1009 1008 1012
f 977 1014 1012
f 1012 975 977
f 1014 1015 1013
f 1013 1012 1014
f 1016 1010 1009
f 1016 1009 1013
f 1017 1011 1010
f 1017 1010 1016
f 1015 1018 1016
f 1016 1013 1015
f 1019 1017 1016
f 1019 1016 1018
f 1021 879 877
f 1021 877 1002
f 934 665 879
f 934 879 1021
f 1021 1020 934
f 1021 1002 1004
f 1022 1020 1021
f 1021 1004 1005
f 1005 1025 1021
f 1022 1021 1025
f 1025 1026 1022
f 934 1020 935
f 1022 1024 938
f 1022 938 935
f 935 1020 1022
f 1023 939 938
f 1023 938 1024
f 1022 1026 1024
f 1025 1005 1011
f 1027 1024 1026
f 1028 1023 1024
f 1028 1024 1027
f 1029 1025 1011
f 1029 1011 1017
f 1030 1026 1025
f 1030 1025 1029
f 1031 1029 1017
f 1031 1017 1019
f 1032 1030 1029
f 1032 1029 1031
f 1033 1027 1026
f 1033 1026 1030
f 1034 1028 1027
f 1034 1027 1033
f 1035 1033 1030
f 1035 1030 1032
f 1036 1034 1033
f 1036 1033 1035
f 998 1037 1038
f 1038 1015 1014
f 1038 1014 998
f 1014 977 998
f 1038 1039 1018
f 1018 1015 1038
f 1040 1019 1018
f 1040 1018 1039
f 1041 1039 1038
f 1041 1038 1037
f 1042 1040 1039
f 1042 1039 1041
f 3218 1043 1044
f 1044 1037 998
f 3218 1044 998
f 998 1000 3218
f 1044 1045 1041
f 1041 1037 1044
f 1045 1046 1042
f 1042 1041 1045
f 1043 1047 1045
f 1045 1044 1043
f 1047 1048 1046
f 1046 1045 1047
f 1050 1031 1019
f 1050 1019 1040
f 1051 1032 1031
f 1051 1031 1050
f 1042 1052 1050
f 1050 1040 1042
f 1052 1053 1051
f 1051 1050 1052
f 1054 1035 1032
f 1054 1032 1051
f 1054 1055 1036
f 1036 1035 1054
f 1053 1056 1054
f 1054 1051 1053
f 1049 1055 1054
f 1049 1054 1056
f 1058 1057 1064
f 1046 1059 1052
f 1052 1042 1046
f 1059 1060 1053
f 1053 1052 1059
f 1048 1061 1059
f 1059 1046 1048
f 1061 1062 1060
f 1060 1059 1061
f 1060 1063 1056
f 1056 1053 1060
f 1057 1049 1056
f 1057 1056 1063
f 1062 1064 1063
f 1063 1060 1062
f 1064 1057 1063
f 1069 1068 1070
f 1069 1070 167
f 1069 167 165
f 1068 1080 1071
f 1071 1074 1070
f 1070 1068 1071
f 1078 1075 1074
f 1078 1076 1077
f 1077 1075 1078
f 1080 1073 1078
f 1078 1071 1080
f 1078 1074 1071
f 1078 1073 1072
f 1072 1076 1078
f 181 1081 1079
f 1081 1082 1080
f 1080 1079 1081
f 1272 1081 185
f 1272 185 184
f 1081 181 185
f 1274 1082 1081
f 1274 1081 1272
f 1069 165 181
f 1069 181 1079
f 1069 1079 1068
f 1080 1068 1079
f 1084 1073 1080
f 1084 1080 1082
f 1084 1083 1072
f 1084 1072 1073
f 1278 1084 1082
f 1278 1082 1274
f 1280 1083 1084
f 1278 1280 1084
f 1087 1066 1077
f 1077 1076 1087
f 1088 1089 1087
f 1065 1066 1087
f 1087 1089 1065
f 1087 1076 1072
f 1072 1085 1087
f 1088 1087 1085
f 1085 1086 1088
f 1091 1089 1088
f 1067 1065 1089
f 1089 1091 1067
f 1093 1067 1092
f 1067 1091 1092
f 1091 1088 1086
f 1086 1090 1091
f 1094 1092 1091
f 1094 1091 1090
f 1085 1072 1083
f 1083 1095 1085
f 1095 1097 1086
f 1095 1086 1085
f 1291 1095 1083
f 1291 1083 1280
f 1096 1097 1095
f 1291 1096 1095
f 1098 1090 1086
f 1098 1086 1097
f 1098 1099 1100
f 1100 1090 1098
f 1096 1101 1102
f 1102 1097 1096
f 1097 1102 1098
f 1103 1102 1101
f 1099 1098 1102
f 1102 1103 1099
f 1090 1100 1094
f 1105 1104 1113
f 1113 1106 1105
f 1167 1107 1104
f 1109 1108 1110
f 1167 1109 1110
f 1110 1107 1167
f 1111 1137 1112
f 1104 1107 1114
f 1114 1113 1104
f 1114 1111 1106
f 1106 1113 1114
f 1110 1137 1114
f 1114 1107 1110
f 1137 1111 1114
f 192 1117 1115
f 1115 193 192
f 1116 1118 1117
f 1115 1117 1118
f 1118 1119 1115
f 1116 1121 1122
f 1122 1118 1116
f 1122 1123 1119
f 1119 1118 1122
f 1122 1121 1120
f 1120 1124 1122
f 1124 1125 1123
f 1123 1122 1124
f 201 1105 1106
f 1106 1129 201
f 1129 1126 1128
f 1128 1127 201
f 201 1129 1128
f 204 1127 1128
f 1128 1117 204
f 1117 192 204
f 1116 1117 1128
f 1128 1126 1116
f 1129 1111 1130
f 1130 1121 1126
f 1126 1129 1130
f 1112 1131 1130
f 1130 1111 1112
f 1120 1121 1130
f 1130 1131 1120
f 1129 1106 1111
f 1121 1116 1126
f 1108 1066 1132
f 1132 1133 1110
f 1110 1108 1132
f 1066 1065 1134
f 1066 1134 1132
f 1134 1135 1133
f 1133 1132 1134
f 1136 1138 1137
f 1112 1137 1138
f 1138 1139 1112
f 1136 1135 1140
f 1140 1138 1136
f 1140 1141 1139
f 1139 1138 1140
f 1136 1137 1110
f 1110 1133 1136
f 1135 1136 1133
f 1142 1134 1065
f 1142 1065 1067
f 1143 1135 1134
f 1143 1134 1142
f 1067 1093 1144
f 1144 1142 1067
f 1145 1143 1142
f 1145 1142 1144
f 1143 1146 1140
f 1143 1140 1135
f 1147 1141 1140
f 1147 1140 1146
f 1225 1146 1143
f 1148 1147 1146
f 1148 1146 1225
f 1143 1145 1225
f 1120 1156 1149
f 1150 1154 1149
f 1150 1149 1156
f 1151 1124 1120
f 1151 1120 1149
f 1152 1125 1124
f 1152 1124 1151
f 1153 1151 1149
f 1153 1149 1154
f 1155 1152 1151
f 1155 1151 1153
f 1154 1161 1153
f 1155 1153 1161
f 1139 1156 1131
f 1131 1112 1139
f 1156 1120 1131
f 1141 1157 1156
f 1156 1139 1141
f 1156 1157 1150
f 1158 1157 1141
f 1158 1141 1147
f 1150 1157 1158
f 1154 1150 1158
f 1158 1159 1154
f 1160 1158 1147
f 1160 1147 1148
f 1230 1159 1158
f 1230 1158 1160
f 1161 1154 1159
f 1161 1418 1155
f 1161 1159 1230
f 1161 1230 1162
f 1418 1161 1162
f 1418 1162 1163
f 232 1164 1165
f 1164 1074 1166
f 1166 1104 1165
f 1165 1164 1166
f 235 167 1070
f 235 1070 1164
f 232 235 1164
f 1074 1164 1070
f 1165 1105 201
f 201 232 1165
f 1104 1105 1165
f 1166 1074 1075
f 1075 1167 1166
f 1104 1166 1167
f 1109 1167 1075
f 1108 1109 1075
f 1075 1077 1108
f 1066 1108 1077
f 853 653 1170
f 853 1170 1169
f 1169 1170 1172
f 1169 1172 1171
f 655 1173 1170
f 1170 653 655
f 1173 1174 1172
f 1172 1170 1173
f 1175 1171 1172
f 1172 1176 1175
f 1175 1176 1177
f 1175 1177 1187
f 1178 1176 1172
f 1178 1172 1174
f 1179 1177 1176
f 1179 1176 1178
f 1180 1093 1092
f 1181 1092 1094
f 1092 1181 1180
f 1182 1183 1180
f 1181 1182 1180
f 1184 1183 1182
f 1185 1100 1099
f 1099 1103 1186
f 1099 1186 1185
f 1186 1187 1188
f 1186 1188 1189
f 1186 1189 1185
f 1181 1094 1100
f 1100 1185 1181
f 1189 1190 1181
f 1185 1189 1181
f 1181 1190 1182
f 1177 1191 1187
f 1191 1188 1187
f 1191 1192 1189
f 1189 1188 1191
f 1179 1193 1191
f 1191 1177 1179
f 1193 1194 1192
f 1192 1191 1193
f 1195 1190 1189
f 1184 1182 1190
f 1190 1195 1196
f 1190 1196 1184
f 1198 1197 1196
f 1196 1195 1198
f 1189 1192 1195
f 1195 1192 1194
f 1198 1195 1194
f 667 1200 1199
f 1199 1200 1202
f 1199 1202 1201
f 661 1199 1173
f 1173 655 661
f 1199 1201 1174
f 1174 1173 1199
f 667 1199 661
f 1203 1201 1202
f 1202 1204 1203
f 1203 1178 1174
f 1203 1174 1201
f 1205 1179 1178
f 1205 1178 1203
f 1204 1206 1205
f 1203 1204 1205
f 667 668 1207
f 667 1207 1200
f 1207 1208 1202
f 1202 1200 1207
f 670 1209 1207
f 1207 668 670
f 1209 1469 1208
f 1208 1207 1209
f 1211 1204 1202
f 1211 1202 1208
f 1210 1211 1208
f 1208 1469 1210
f 1204 1211 1212
f 1212 1206 1204
f 1210 1213 1211
f 1212 1211 1213
f 1212 1213 1325
f 1214 1193 1179
f 1214 1179 1205
f 1214 1215 1194
f 1194 1193 1214
f 1206 1216 1214
f 1214 1205 1206
f 1216 1217 1215
f 1215 1214 1216
f 1218 1198 1194
f 1218 1194 1215
f 1197 1198 1218
f 1197 1218 1220
f 1218 1215 1217
f 1218 1217 1219
f 1220 1218 1219
f 1212 1221 1216
f 1216 1206 1212
f 1222 1217 1216
f 1221 1222 1216
f 1221 1212 1325
f 1219 1217 1222
f 1223 1144 1093
f 1224 1145 1144
f 1224 1144 1223
f 1223 1236 1224
f 1225 1227 1148
f 1145 1224 1226
f 1145 1226 1225
f 1227 1225 1226
f 1228 1226 1224
f 1228 1224 1236
f 1227 1226 1229
f 1226 1228 1229
f 1231 1160 1148
f 1231 1148 1227
f 1230 1160 1231
f 1231 1233 1230
f 1232 1231 1227
f 1232 1227 1229
f 1233 1231 1232
f 1234 1162 1230
f 1233 1234 1230
f 1163 1162 1234
f 1093 1180 1223
f 1235 1223 1180
f 1236 1223 1235
f 1180 1183 1235
f 1237 1236 1235
f 1184 1238 1235
f 1235 1183 1184
f 1235 1238 1239
f 1235 1239 1237
f 1240 1228 1236
f 1240 1236 1237
f 1240 1241 1229
f 1229 1228 1240
f 1240 1237 1239
f 1239 1244 1240
f 1242 1243 1241
f 1241 1240 1244
f 1241 1244 1242
f 1184 1196 1238
f 1245 1238 1196
f 1196 1197 1245
f 1245 1246 1239
f 1239 1238 1245
f 1243 1242 1248
f 1247 1244 1239
f 1247 1239 1246
f 1247 1248 1242
f 1242 1244 1247
f 1249 1250 1247
f 1247 1246 1249
f 1247 1251 1248
f 1251 1247 1250
f 1229 1252 1232
f 1253 1233 1232
f 1253 1232 1252
f 1254 1255 1253
f 1253 1252 1254
f 1234 1233 1256
f 1168 1163 1234
f 1168 1234 1256
f 1253 1256 1233
f 1258 1168 1256
f 1258 1256 1257
f 1255 1257 1256
f 1256 1253 1255
f 1252 1229 1241
f 1259 1252 1241
f 1259 1241 1243
f 1259 1254 1252
f 1260 1261 1255
f 1255 1254 1260
f 1261 1260 1262
f 1263 1258 1257
f 1263 1257 1264
f 1261 1264 1257
f 1257 1255 1261
f 1264 1265 1263
f 1265 1264 1266
f 1262 1266 1264
f 1264 1261 1262
f 1267 1259 1243
f 1267 1243 1248
f 1267 1260 1254
f 1254 1259 1267
f 1251 1268 1267
f 1267 1248 1251
f 1268 1262 1260
f 1260 1267 1268
f 1245 1197 1220
f 1245 1220 1269
f 1269 1270 1246
f 1246 1245 1269
f 1249 1246 1270
f 1271 1272 344
f 1271 344 343
f 1273 1274 1272
f 1273 1272 1271
f 1271 343 347
f 347 1275 1271
f 1273 1271 1275
f 1275 1276 1273
f 1277 1278 1274
f 1277 1274 1273
f 1277 1279 1280
f 1280 1278 1277
f 1277 1273 1276
f 1276 1281 1277
f 1277 1281 1282
f 1277 1282 1279
f 1284 1275 347
f 1284 347 357
f 1285 1276 1275
f 1285 1275 1284
f 1284 357 355
f 355 1283 1284
f 1285 1284 1283
f 1283 1286 1285
f 1288 1281 1276
f 1288 1276 1285
f 1288 1289 1282
f 1282 1281 1288
f 1286 1315 1288
f 1286 1288 1285
f 1287 1289 1288
f 1287 1288 1315
f 1272 184 344
f 1279 1290 1291
f 1291 1280 1279
f 1290 1292 1293
f 1293 1291 1290
f 1279 1282 1294
f 1279 1294 1290
f 1294 1295 1296
f 1290 1294 1296
f 1290 1296 1292
f 699 1299 1298
f 1298 1299 1321
f 1297 1298 1321
f 1292 1300 1301
f 1301 1293 1292
f 1300 1302 1303
f 1303 1301 1300
f 1295 1297 1304
f 1304 1296 1295
f 1292 1296 1304
f 1292 1304 1300
f 1304 1297 1321
f 1304 1321 1302
f 1300 1304 1302
f 1306 1307 1287
f 1306 1308 1305
f 1305 1307 1306
f 1289 1309 1294
f 1294 1282 1289
f 1309 1305 1295
f 1295 1294 1309
f 1289 1287 1307
f 1289 1307 1309
f 1309 1307 1305
f 1310 1312 1311
f 1305 1311 1312
f 1312 1297 1305
f 1310 699 1298
f 1298 1312 1310
f 1297 1312 1298
f 705 1310 1311
f 705 1311 1308
f 1305 1308 1311
f 1295 1305 1297
f 1291 1293 1096
f 1096 1293 1301
f 1096 1301 1101
f 1101 1301 1303
f 1101 1303 1103
f 355 383 1313
f 355 1313 1283
f 1286 1283 1314
f 1283 1313 1314
f 383 12 727
f 383 727 1313
f 1314 1313 727
f 1314 727 729
f 1316 1315 1286
f 1314 1316 1286
f 1316 1318 1287
f 1287 1315 1316
f 1316 1314 729
f 1316 729 732
f 734 1318 1316
f 1316 732 734
f 1318 1317 1306
f 1318 1306 1287
f 759 1308 1317
f 1306 1317 1308
f 1318 734 762
f 1318 762 1317
f 1317 762 759
f 1308 759 705
f 851 1320 1319
f 1319 1320 1322
f 1319 1322 1321
f 853 1169 1320
f 1320 851 853
f 1169 1171 1322
f 1322 1320 1169
f 851 1319 1299
f 1299 699 851
f 1321 1299 1319
f 1321 1322 1323
f 1302 1321 1323
f 1323 1324 1303
f 1303 1302 1323
f 1171 1175 1323
f 1323 1322 1171
f 1175 1187 1324
f 1324 1323 1175
f 1103 1303 1324
f 1103 1324 1186
f 1187 1186 1324
f 1220 1219 1326
f 1221 1328 1222
f 1221 1325 1329
f 1329 1328 1221
f 1331 1328 1329
f 1331 1329 1330
f 1332 1219 1222
f 1332 1222 1328
f 1326 1219 1332
f 1333 1334 1332
f 1332 1328 1333
f 1327 1326 1332
f 1327 1332 1334
f 1331 1333 1328
f 1335 1336 1331
f 1331 1330 1335
f 1337 1338 1336
f 1336 1335 1337
f 1340 1334 1333
f 1340 1333 1339
f 1341 1327 1334
f 1341 1334 1340
f 1336 1339 1333
f 1333 1331 1336
f 1342 1340 1339
f 1342 1339 1338
f 1342 1343 1341
f 1341 1340 1342
f 1338 1339 1336
f 1345 1338 1337
f 1499 1345 1337
f 1346 1343 1342
f 1345 1346 1342
f 1342 1338 1345
f 1344 1347 1345
f 1345 1499 1344
f 1347 1348 1346
f 1346 1345 1347
f 1250 1249 1349
f 1350 1251 1250
f 1350 1250 1349
f 1351 1352 1350
f 1350 1349 1351
f 1352 1351 1353
f 1355 1265 1266
f 1354 1355 1266
f 1266 1262 1354
f 1355 1354 1356
f 1350 1356 1354
f 1354 1262 1268
f 1354 1268 1350
f 1268 1251 1350
f 1356 1350 1352
f 1357 1358 1355
f 1355 1356 1357
f 1359 1356 1352
f 1359 1352 1353
f 1359 1357 1356
f 1360 1361 1270
f 1270 1269 1360
f 1361 1360 1362
f 1326 1362 1360
f 1360 1269 1220
f 1360 1220 1326
f 1363 1364 1361
f 1361 1362 1363
f 1327 1365 1362
f 1362 1326 1327
f 1365 1363 1362
f 1361 1349 1249
f 1249 1270 1361
f 1351 1349 1361
f 1351 1361 1364
f 1364 1363 1366
f 1341 1367 1365
f 1365 1327 1341
f 1367 1366 1363
f 1363 1365 1367
f 1369 1367 1341
f 1369 1341 1343
f 1369 1368 1366
f 1366 1367 1369
f 1366 1353 1351
f 1351 1364 1366
f 1353 1366 1368
f 1358 1357 1371
f 1370 1373 1359
f 1359 1353 1370
f 1373 1370 1372
f 1373 1371 1357
f 1357 1359 1373
f 1375 1376 1373
f 1373 1372 1375
f 1376 1377 1374
f 1374 1371 1373
f 1374 1373 1376
f 1378 1368 1369
f 1346 1378 1369
f 1369 1343 1346
f 1378 1379 1370
f 1370 1353 1368
f 1370 1368 1378
f 1348 1380 1378
f 1378 1346 1348
f 1381 1379 1378
f 1381 1378 1380
f 1372 1370 1379
f 1381 1375 1372
f 1372 1379 1381
f 453 1382 1383
f 1383 1384 454
f 454 453 1383
f 1382 1119 1385
f 1385 1383 1382
f 1385 1386 1384
f 1384 1383 1385
f 1382 453 193
f 193 1115 1382
f 1119 1382 1115
f 1387 458 454
f 1387 454 1384
f 1388 1387 1384
f 1388 1384 1386
f 1389 460 458
f 1389 458 1387
f 1390 1389 1387
f 1387 1388 1390
f 1119 1123 1391
f 1391 1385 1119
f 1392 1386 1385
f 1392 1385 1391
f 1125 1408 1391
f 1125 1391 1123
f 1394 1392 1391
f 1393 1394 1391
f 1391 1408 1393
f 1395 1388 1386
f 1386 1392 1395
f 1395 1392 1394
f 1395 1396 1388
f 1390 1388 1396
f 1390 1396 1397
f 1399 1396 1395
f 1399 1395 1394
f 1398 1399 1394
f 1397 1396 1399
f 1390 1400 1389
f 1401 1400 1390
f 1390 1397 1401
f 1398 1402 1399
f 1401 1397 1399
f 1401 1399 1402
f 1401 1404 1400
f 1404 1401 1403
f 1405 1403 1401
f 1401 1402 1405
f 466 460 1389
f 1406 466 1389
f 1406 1389 1400
f 1407 468 466
f 466 1406 1407
f 1407 1406 1400
f 1407 1400 1404
f 1408 1125 1152
f 1152 1409 1408
f 1393 1408 1409
f 1409 1410 1394
f 1409 1394 1393
f 1409 1152 1411
f 1152 1155 1411
f 1410 1409 1411
f 1398 1394 1410
f 1413 1410 1411
f 1412 1413 1411
f 1414 1413 1412
f 1415 1402 1398
f 1398 1410 1415
f 1415 1410 1413
f 1417 1402 1415
f 1417 1415 1416
f 1405 1402 1417
f 1416 1415 1413
f 1416 1413 1414
f 1419 1411 1155
f 1419 1155 1418
f 1412 1411 1419
f 1419 1418 1420
f 1414 1412 1419
f 1414 1419 1420
f 1163 1420 1418
f 1422 1404 1403
f 1421 1422 1403
f 1403 1405 1421
f 1421 1424 1422
f 1424 1421 1423
f 1423 1425 1424
f 1426 491 468
f 468 1407 1426
f 1427 1426 1407
f 1407 1404 1427
f 1426 1428 491
f 494 491 1428
f 1429 1428 1426
f 1426 1427 1429
f 1427 1404 1422
f 1424 1429 1427
f 1427 1422 1424
f 497 494 1428
f 1430 497 1428
f 1428 1429 1430
f 1430 1429 1424
f 1425 1430 1424
f 1430 1425 1438
f 1432 1417 1416
f 1421 1405 1417
f 1421 1417 1432
f 1431 1432 1416
f 1416 1414 1431
f 1423 1421 1432
f 1423 1432 1433
f 1435 1433 1432
f 1432 1431 1435
f 1434 1431 1414
f 1414 1420 1434
f 1434 1420 1163
f 1434 1163 1168
f 1435 1431 1434
f 1435 1434 1436
f 1436 1434 1168
f 1436 1168 1258
f 1433 1438 1425
f 1425 1423 1433
f 1437 1438 1433
f 1433 1435 1437
f 1440 1435 1436
f 1439 1440 1436
f 1436 1258 1439
f 1437 1435 1440
f 1263 1439 1258
f 1439 1263 1265
f 1430 1441 497
f 578 497 1441
f 1442 1441 1430
f 1430 1438 1442
f 1443 581 578
f 578 1441 1443
f 581 1443 1444
f 1445 1446 1443
f 1443 1441 1442
f 1443 1442 1445
f 1444 1443 1446
f 1448 1438 1437
f 1448 1437 1447
f 1449 1450 1440
f 1440 1439 1449
f 1447 1437 1440
f 1447 1440 1450
f 1452 1448 1447
f 1452 1447 1451
f 1453 1454 1450
f 1450 1449 1453
f 1451 1447 1450
f 1451 1450 1454
f 1442 1438 1448
f 1445 1442 1448
f 1445 1448 1452
f 1455 583 581
f 581 1444 1455
f 1457 1446 1445
f 1457 1445 1456
f 1455 1444 1446
f 1455 1446 1457
f 1455 1459 585
f 585 583 1455
f 1459 1455 1458
f 1456 1460 1457
f 1460 1458 1455
f 1455 1457 1460
f 1458 1460 1461
f 1451 1462 1452
f 1453 1463 1454
f 1463 1462 1451
f 1451 1454 1463
f 1462 1463 1467
f 1465 1462 1467
f 1465 1467 1464
f 1462 1456 1445
f 1445 1452 1462
f 1466 1461 1460
f 1460 1456 1462
f 1460 1462 1466
f 1466 1462 1465
f 602 585 1459
f 1355 1449 1439
f 1439 1265 1355
f 1358 1453 1449
f 1449 1355 1358
f 1371 1467 1463
f 1463 1453 1358
f 1463 1358 1371
f 3577 3576 1467
f 1467 1371 1374
f 1467 1374 3577
f 1374 1468 3577
f 1467 3576 1464
f 1468 1374 1377
f 1470 1209 670
f 1470 670 937
f 1469 1209 1470
f 1470 1472 1469
f 1471 1470 937
f 1471 937 939
f 1472 1470 1471
f 1474 1213 1210
f 1473 1474 1210
f 1210 1469 1472
f 1210 1472 1473
f 1325 1213 1474
f 1023 1475 1471
f 1471 939 1023
f 1476 1472 1471
f 1476 1471 1475
f 1475 1023 1477
f 1478 1476 1475
f 1478 1475 1477
f 1480 1474 1473
f 1479 1325 1474
f 1479 1474 1480
f 1476 1480 1473
f 1473 1472 1476
f 1482 1481 1479
f 1479 1480 1482
f 1476 1482 1480
f 1482 1476 1478
f 1028 1477 1023
f 1483 1484 1478
f 1478 1477 1483
f 1485 1483 1036
f 1485 1486 1484
f 1484 1483 1485
f 1487 1481 1482
f 1487 1482 1488
f 1484 1488 1482
f 1482 1478 1484
f 1489 1490 1487
f 1487 1488 1489
f 1489 1488 1484
f 1489 1484 1486
f 1483 1477 1028
f 1483 1028 1034
f 1036 1483 1034
f 1329 1325 1479
f 1481 1330 1329
f 1329 1479 1481
f 1335 1330 1481
f 1335 1481 1487
f 1337 1335 1487
f 1337 1487 1490
f 1491 1485 1036
f 1491 1036 1055
f 1491 1492 1486
f 1486 1485 1491
f 1493 1491 1055
f 1493 1055 1049
f 1493 1494 1492
f 1492 1491 1493
f 1495 1496 1490
f 1490 1489 1495
f 1495 1489 1486
f 1495 1486 1492
f 1498 1495 1497
f 1498 1499 1496
f 1496 1495 1498
f 1497 1495 1492
f 1497 1492 1494
f 1057 1500 1493
f 1493 1049 1057
f 1500 1502 1494
f 1494 1493 1500
f 1058 1503 1500
f 1500 1057 1058
f 1503 1501 1502
f 1502 1500 1503
f 1504 1498 1497
f 1504 1497 1502
f 1504 1505 1499
f 1499 1498 1504
f 1502 1497 1494
f 1501 1506 1504
f 1504 1502 1501
f 1344 1505 1504
f 1344 1504 1506
f 1496 1499 1337
f 1337 1490 1496
f 1505 1344 1499
f 1510 1512 1511
f 1585 1513 1510
f 1510 1511 1585
f 1516 1515 1513
f 1516 1513 1585
f 1516 1585 1514
f 1517 1 1520
f 1518 1520 1519
f 1520 1521 1517
f 1521 1520 1518
f 1524 1522 1523
f 1525 1518 1519
f 1525 1519 1522
f 1526 1521 1525
f 1525 1521 1518
f 1527 1525 1522
f 1527 1522 1524
f 1527 1528 1526
f 1526 1525 1527
f 1532 1531 3
f 1531 1530 5
f 5 6 1531
f 6 3 1531
f 1533 1531 1532
f 1533 1532 1547
f 1533 1529 1530
f 1530 1531 1533
f 1536 1538 1529
f 1540 1537 1538
f 1538 1536 1540
f 1539 1533 1547
f 1539 1547 1535
f 1539 1536 1529
f 1529 1533 1539
f 1541 1540 1539
f 1535 1541 1539
f 1541 1535 1534
f 1536 1539 1540
f 1542 1544 1543
f 14 1543 1544
f 1543 14 1546
f 1548 1547 1542
f 1542 1543 1548
f 1546 1548 1543
f 1548 1546 1545
f 1517 1546 20
f 20 1 1517
f 14 20 1546
f 1517 1545 1546
f 1545 1517 1521
f 1542 1532 3
f 3 1544 1542
f 1532 1542 1547
f 1550 1549 1545
f 1551 1535 1547
f 1547 1548 1551
f 1549 1551 1548
f 1548 1545 1549
f 1552 1549 1550
f 1552 1550 1528
f 1551 1534 1535
f 1534 1551 1552
f 1551 1549 1552
f 1526 1550 1545
f 1545 1521 1526
f 1528 1550 1526
f 1553 1523 1978
f 1553 1554 1524
f 1524 1523 1553
f 1507 1555 1553
f 1553 1978 1507
f 1555 1563 1554
f 1554 1553 1555
f 1557 1556 1558
f 1559 1527 1554
f 1554 1527 1524
f 1556 1528 1527
f 1556 1527 1559
f 1560 1559 1554
f 1560 1554 1563
f 1558 1556 1559
f 1558 1559 1560
f 1508 1561 1555
f 1555 1507 1508
f 1555 1562 1563
f 1562 1555 1561
f 1509 1564 1561
f 1561 1508 1509
f 1565 1562 1561
f 1565 1561 1564
f 1566 1557 1558
f 1566 1558 1568
f 1569 1567 1566
f 1566 1568 1569
f 1562 1568 1560
f 1560 1563 1562
f 1568 1558 1560
f 1565 1569 1568
f 1568 1562 1565
f 1571 1570 1534
f 1573 1572 1570
f 1570 1571 1573
f 1576 1512 1537
f 1575 1576 1537
f 1537 1540 1575
f 1576 1575 1574
f 1577 1587 1574
f 1576 1511 1512
f 1511 1576 1587
f 1576 1574 1587
f 1570 1574 1575
f 1575 1540 1541
f 1575 1541 1570
f 1541 1534 1570
f 1577 1574 1570
f 1577 1570 1572
f 1578 1580 1579
f 1581 1580 1572
f 1581 1572 1573
f 1581 1573 1584
f 1582 1584 1583
f 1581 1579 1580
f 1579 1581 1582
f 1581 1584 1582
f 1585 1587 1586
f 1577 1586 1587
f 1586 1577 1580
f 1511 1587 1585
f 1514 1585 1586
f 1514 1586 1578
f 1586 1580 1578
f 1577 1572 1580
f 1588 1552 1528
f 1588 1528 1556
f 1588 1571 1534
f 1534 1552 1588
f 1590 1589 1588
f 1590 1588 1556
f 1590 1556 1557
f 1589 1573 1571
f 1571 1588 1589
f 1591 1584 1589
f 1589 1590 1591
f 1566 1591 1590
f 1590 1557 1566
f 1573 1589 1584
f 1591 1583 1584
f 1583 1591 1567
f 1591 1566 1567
f 1592 1509 1593
f 1592 1593 1594
f 1596 1595 1514
f 1595 1597 1515
f 1515 1516 1595
f 1516 1514 1595
f 1599 1598 1595
f 1595 1596 1599
f 1600 1597 1595
f 1600 1595 1598
f 1601 1598 1599
f 1601 1599 1602
f 1603 1600 1598
f 1603 1598 1601
f 1604 1601 1602
f 1603 1601 1605
f 1604 1605 1601
f 1604 1606 1605
f 1592 1607 1564
f 1564 1509 1592
f 1608 1565 1609
f 1609 1565 1564
f 1609 1564 1607
f 1610 1607 1592
f 1610 1592 1594
f 1608 1609 1611
f 1610 1611 1609
f 1609 1607 1610
f 1612 1567 1569
f 1612 1569 1614
f 1615 1613 1612
f 1612 1614 1615
f 1608 1614 1569
f 1569 1565 1608
f 1615 1614 1608
f 1615 1608 1611
f 1610 1594 1616
f 1617 1611 1610
f 1617 1610 1616
f 1617 1616 1618
f 1619 1613 1615
f 1619 1615 1620
f 1620 1621 1619
f 1617 1622 1615
f 1615 1611 1617
f 1622 1620 1615
f 1617 1623 1622
f 1623 1617 1618
f 1621 1620 1622
f 1623 1621 1622
f 1624 1578 1579
f 1624 1579 1625
f 1627 1626 1624
f 1627 1624 1625
f 1627 1625 1628
f 1630 1629 1582
f 1582 1583 1630
f 1629 1625 1579
f 1579 1582 1629
f 1631 1629 1630
f 1631 1630 1632
f 1631 1628 1625
f 1625 1629 1631
f 1624 1596 1514
f 1514 1578 1624
f 1626 1599 1596
f 1596 1624 1626
f 1633 1626 1627
f 1634 1633 1627
f 1627 1628 1634
f 1634 1636 1635
f 1635 1633 1634
f 1636 1634 1637
f 1639 1638 1631
f 1631 1632 1639
f 1634 1628 1631
f 1634 1631 1638
f 1639 1641 1638
f 1640 1637 1634
f 1634 1638 1640
f 1640 1638 1641
f 1602 1599 1626
f 1602 1626 1633
f 1635 1604 1602
f 1602 1633 1635
f 1604 1635 1636
f 1630 1583 1567
f 1630 1567 1612
f 1612 1632 1630
f 1632 1612 1613
f 1619 1639 1632
f 1632 1613 1619
f 1642 1641 1639
f 1639 1619 1642
f 1642 1619 1621
f 1618 1643 1623
f 1623 1661 1621
f 1643 1661 1623
f 1643 1644 1661
f 1640 1645 1637
f 1645 1640 1641
f 1645 1641 1646
f 1636 1647 1604
f 1648 1647 1636
f 1636 1637 1648
f 1606 1604 1647
f 1647 1648 1649
f 1606 1647 1650
f 1649 1651 1650
f 1650 1647 1649
f 1651 1649 1652
f 1648 1637 1645
f 1648 1645 1653
f 1653 1649 1648
f 1645 1654 1653
f 1654 1645 1646
f 1653 1652 1649
f 1652 1653 1655
f 1653 1654 1656
f 1656 1655 1653
f 1642 1657 1641
f 1621 1658 1657
f 1657 1642 1621
f 1659 1646 1641
f 1641 1657 1659
f 1659 1657 1658
f 1646 1659 1660
f 1659 1658 1664
f 1664 1660 1659
f 1621 1661 1658
f 1658 1661 1662
f 1644 1663 1662
f 1644 1662 1661
f 1664 1658 1662
f 1664 1662 1665
f 1665 1662 1663
f 1666 1654 1646
f 1646 1660 1666
f 1664 1666 1660
f 1665 1663 1667
f 1666 1664 1668
f 1656 1654 1666
f 1656 1666 1669
f 1669 1666 1668
f 1669 1668 1671
f 1664 1665 1670
f 1664 1670 1668
f 1670 1665 1667
f 1670 1667 1673
f 1671 1668 1670
f 1671 1670 1672
f 1673 1672 1670
f 1672 1673 1674
f 1677 1675 1678
f 1679 1677 1678
f 1679 1678 1702
f 1682 1681 1680
f 1683 1685 1684
f 1686 1680 32
f 1683 1686 32
f 32 33 1685
f 32 1685 1683
f 1688 1687 1683
f 1683 1684 1688
f 1682 1680 1686
f 1682 1686 1687
f 1683 1687 1686
f 1680 1689 37
f 37 38 1680
f 1690 40 1689
f 37 1689 40
f 1691 1689 1692
f 1681 1692 1689
f 1689 1680 1681
f 1691 1675 1676
f 1691 1676 1690
f 1690 1689 1691
f 32 1680 38
f 1694 1693 1681
f 1681 1682 1694
f 1696 1695 1693
f 1693 1694 1696
f 1697 1687 1688
f 1697 1688 1698
f 1697 1694 1682
f 1682 1687 1697
f 1700 1699 1697
f 1697 1698 1700
f 1696 1694 1697
f 1696 1697 1699
f 1701 1691 1692
f 1701 1692 1693
f 1693 1692 1681
f 1678 1675 1691
f 1678 1691 1701
f 1695 1702 1701
f 1701 1693 1695
f 1702 1678 1701
f 1715 1703 1679
f 1679 1702 1715
f 1705 1704 1703
f 1703 1715 1705
f 1704 1705 1706
f 1708 1695 1696
f 1708 1696 1709
f 1710 1708 1709
f 1711 1712 1699
f 1699 1700 1711
f 1709 1696 1699
f 1709 1699 1712
f 1711 1713 1712
f 1713 1711 1714
f 1712 1710 1709
f 1710 1712 1713
f 1708 1715 1702
f 1702 1695 1708
f 1717 1716 1715
f 1715 1708 1717
f 1717 1708 1710
f 1716 1705 1715
f 1714 1719 1713
f 1720 1718 1710
f 1710 1713 1720
f 1720 1713 1719
f 1793 1718 1720
f 1721 1793 1720
f 1720 1719 1721
f 1722 1716 1717
f 1722 1717 1710
f 1722 1710 1718
f 1706 1705 1716
f 1706 1716 1722
f 1724 1726 1723
f 1723 1722 1718
f 1723 1718 1724
f 1726 1725 1707
f 1707 1706 1722
f 1707 1722 1723
f 1707 1723 1726
f 1724 1718 1793
f 1728 1755 1729
f 1732 1730 1727
f 1727 1728 1732
f 1732 1728 1729
f 1732 1729 1733
f 1735 1734 1731
f 1731 1730 1732
f 1731 1732 1735
f 1735 1732 1733
f 1735 1733 1736
f 1737 1729 1755
f 1755 1758 1737
f 1737 1758 1759
f 1737 1759 1738
f 1738 1759 1739
f 1733 1729 1737
f 1733 1737 1741
f 1742 1741 1737
f 1737 1738 1742
f 1736 1733 1741
f 1736 1741 1743
f 1743 1741 1742
f 1743 1742 1744
f 1745 1742 1738
f 1738 1739 1745
f 1745 1739 1740
f 1745 1740 1747
f 1745 1747 1746
f 1748 1744 1742
f 1742 1745 1748
f 1749 1748 1745
f 1745 1746 1749
f 1750 1684 1685
f 1685 75 1750
f 75 76 1750
f 1750 76 77
f 1750 77 1751
f 75 1685 33
f 1688 1684 1750
f 1688 1750 1752
f 1752 1750 1751
f 1752 1751 1753
f 1751 77 81
f 1751 81 1754
f 1754 81 82
f 1754 82 1755
f 1727 1753 1751
f 1751 1754 1728
f 1751 1728 1727
f 1755 1728 1754
f 1698 1688 1752
f 1698 1752 1756
f 1730 1756 1752
f 1752 1753 1730
f 1757 1700 1698
f 1698 1756 1757
f 1731 1757 1756
f 1756 1730 1731
f 1757 1731 1734
f 1727 1730 1753
f 1755 82 95
f 1755 95 1758
f 1759 1758 95
f 95 96 1759
f 1760 1759 96
f 96 100 1760
f 1761 1760 100
f 100 101 1761
f 1760 1739 1759
f 1761 1740 1739
f 1739 1760 1761
f 1740 1761 1747
f 1763 1734 1735
f 1762 1763 1735
f 1735 1736 1762
f 1762 1766 1763
f 1764 1762 1736
f 1736 1743 1764
f 1765 1764 1743
f 1743 1744 1765
f 1766 1762 1764
f 1766 1764 1767
f 1768 1767 1764
f 1764 1765 1768
f 1765 1744 1748
f 1765 1748 1769
f 1769 1748 1749
f 1769 1749 1770
f 1768 1765 1769
f 1768 1769 1771
f 1771 1769 1770
f 1771 1770 1871
f 1772 1711 1700
f 1700 1757 1772
f 1773 1772 1757
f 1757 1734 1773
f 1774 1714 1711
f 1711 1772 1774
f 1775 1774 1772
f 1772 1773 1775
f 1773 1734 1763
f 1775 1773 1763
f 1775 1763 1776
f 1776 1763 1766
f 1777 1719 1714
f 1714 1774 1777
f 1778 1777 1774
f 1774 1775 1778
f 1777 1779 1719
f 1780 1779 1777
f 1780 1777 1778
f 1721 1719 1779
f 1781 1778 1775
f 1775 1776 1781
f 1782 1781 1776
f 1776 1766 1782
f 1783 1780 1778
f 1778 1781 1783
f 1784 1783 1781
f 1781 1782 1784
f 1782 1766 1767
f 1782 1767 1785
f 1785 1767 1768
f 1785 1768 1786
f 1787 1784 1782
f 1782 1785 1787
f 1788 1787 1785
f 1785 1786 1788
f 1789 1786 1768
f 1768 1771 1789
f 1790 1789 1771
f 1771 1871 1790
f 1788 1786 1789
f 1788 1789 1791
f 1791 1789 1790
f 1791 1790 1792
f 1721 1794 1793
f 1796 1726 1724
f 1795 1725 1726
f 1795 1726 1796
f 1799 1798 1797
f 1797 1795 1799
f 1795 1796 1799
f 1800 1796 1724
f 1724 1793 1800
f 1800 1793 1794
f 1800 1801 1796
f 1802 1801 1800
f 1800 1794 1802
f 1799 1796 1801
f 1799 1803 1798
f 1801 1804 1803
f 1801 1803 1799
f 1804 1801 1802
f 1804 1802 1805
f 1806 1794 1721
f 1721 1779 1806
f 1806 1779 1780
f 1807 1806 1780
f 1806 1808 1794
f 1807 1809 1808
f 1807 1808 1806
f 1784 1810 1783
f 1807 1780 1783
f 1807 1783 1811
f 1811 1783 1810
f 1811 1812 1809
f 1811 1809 1807
f 1812 1811 1810
f 1812 1810 1813
f 1802 1794 1808
f 1802 1808 1814
f 1814 1808 1809
f 1814 1815 1802
f 1809 1816 1815
f 1809 1815 1814
f 1817 1805 1802
f 1802 1815 1817
f 1816 1817 1815
f 1805 1817 1818
f 1817 1816 1819
f 1819 1818 1817
f 1820 1816 1809
f 1820 1809 1812
f 1821 1820 1812
f 1812 1813 1821
f 1816 1820 1822
f 1822 1819 1816
f 1833 1822 1820
f 1820 1821 1833
f 1787 1823 1810
f 1787 1810 1784
f 1788 1824 1823
f 1788 1823 1787
f 1825 1813 1810
f 1810 1823 1825
f 1826 1825 1823
f 1823 1824 1826
f 1791 1827 1824
f 1791 1824 1788
f 1791 1792 1828
f 1828 1827 1791
f 1829 1826 1824
f 1824 1827 1829
f 1829 1827 1828
f 1829 1828 1830
f 1821 1813 1825
f 1821 1825 1831
f 1831 1825 1826
f 1831 1826 1832
f 1833 1821 1831
f 1833 1831 1834
f 1835 1834 1831
f 1831 1832 1835
f 1836 1832 1826
f 1826 1829 1836
f 1837 1836 1829
f 1829 1830 1837
f 1838 1835 1832
f 1832 1836 1838
f 1838 1836 1837
f 1838 1837 1839
f 1835 2087 1834
f 1746 1747 1848
f 1749 1746 1848
f 1749 1848 1850
f 1840 1761 101
f 101 119 1840
f 1840 119 1841
f 120 1841 119
f 1842 1747 1761
f 1761 1840 1842
f 1843 1842 1840
f 1840 1841 1843
f 1844 1841 120
f 120 122 1844
f 1844 122 1845
f 1843 1841 1846
f 1844 1846 1841
f 1846 1844 1847
f 1844 1845 1847
f 126 1845 122
f 1842 1848 1747
f 1849 1848 1842
f 1842 1843 1849
f 1851 1850 1848
f 1848 1849 1851
f 1852 1849 1843
f 1843 1846 1852
f 1852 1846 1847
f 1852 1847 1853
f 1854 1851 1849
f 1849 1852 1854
f 1854 1852 1855
f 1855 1852 1853
f 1855 1853 1856
f 1847 1845 1857
f 1859 1845 126
f 1859 126 1858
f 1860 1859 1858
f 1858 1861 1860
f 1857 1845 1859
f 1857 1859 1862
f 1862 1859 1863
f 1863 1859 1860
f 1860 1861 1864
f 1865 1863 1860
f 1860 1864 1865
f 1853 1847 1857
f 1853 1857 1867
f 1866 1856 1853
f 1853 1867 1866
f 1867 1857 1862
f 1867 1862 1863
f 1867 1863 1868
f 1869 1866 1867
f 1867 1868 1869
f 2197 1868 1863
f 1863 1865 2197
f 1870 1869 1868
f 1868 2197 1870
f 1872 1770 1749
f 1749 1850 1872
f 1770 1872 1871
f 1872 1850 1851
f 1872 1851 1873
f 1874 1871 1872
f 1874 1872 1873
f 1874 1873 1875
f 1873 1851 1854
f 1873 1854 1876
f 1877 1876 1854
f 1854 1855 1877
f 1878 1877 1855
f 1855 1856 1878
f 1875 1873 1876
f 1875 1876 1879
f 1876 1877 1879
f 1880 1879 1877
f 1877 1878 1880
f 1790 1871 1874
f 1790 1874 1881
f 1881 1874 1875
f 1881 1875 1882
f 1792 1790 1881
f 1792 1881 1883
f 1884 1883 1881
f 1884 1881 1882
f 1885 1882 1875
f 1875 1879 1885
f 1886 1885 1879
f 1879 1880 1886
f 1885 1884 1882
f 1887 1884 1885
f 1887 1885 1886
f 1887 1886 1905
f 1888 1878 1856
f 1856 1866 1888
f 1880 1878 1888
f 1880 1888 1893
f 1889 1888 1866
f 1866 1869 1889
f 1891 1893 1888
f 1888 1889 1891
f 1890 1889 1869
f 1869 1870 1890
f 1892 1891 1889
f 1889 1890 1892
f 1893 1886 1880
f 1886 1893 1894
f 1886 1894 1905
f 1891 1894 1893
f 1894 1891 1897
f 1895 1905 1894
f 1895 1894 1897
f 1895 1897 1896
f 1898 1897 1891
f 1891 1892 1898
f 1896 1897 1898
f 1896 1898 1899
f 1883 1828 1792
f 1828 1883 1900
f 1901 1900 1883
f 1883 1884 1901
f 1830 1828 1900
f 1902 1830 1900
f 1900 1901 1903
f 1903 1902 1900
f 1901 1884 1887
f 1901 1887 1904
f 1887 1905 1904
f 1904 1903 1901
f 1904 1905 1906
f 1903 1904 1907
f 1907 1904 1906
f 1907 1906 1916
f 1837 1830 1902
f 1908 1837 1902
f 1902 1903 1908
f 1903 1909 1908
f 1910 1839 1837
f 1910 1837 1908
f 1908 1909 1911
f 1908 1911 1910
f 1903 1907 1912
f 1912 1909 1903
f 1916 1912 1907
f 1909 1912 1913
f 1921 1913 1912
f 1912 1916 1921
f 1913 1914 1911
f 1913 1911 1909
f 1921 1914 1913
f 1895 1906 1905
f 1906 1895 1917
f 1895 1896 1917
f 1915 1917 1896
f 1906 1917 1916
f 1916 1917 1918
f 1915 1918 1917
f 1918 1915 1919
f 1920 1915 1896
f 1896 1899 1920
f 1920 1919 1915
f 1916 1918 1921
f 1918 2316 1921
f 1919 2316 1918
f 1922 255 1690
f 1922 1923 254
f 1922 254 255
f 1676 1924 1922
f 1922 1690 1676
f 1924 1676 1675
f 1925 1927 1926
f 1922 1926 1927
f 1927 1923 1922
f 1926 1922 1924
f 1928 1929 1923
f 254 1923 1929
f 1930 259 1929
f 1930 1929 1928
f 1931 1928 1923
f 1931 1923 1927
f 1931 1927 1925
f 1931 1943 1930
f 1930 1928 1931
f 1677 1934 1924
f 1924 1675 1677
f 1932 1925 1926
f 1932 1926 1934
f 1934 1926 1924
f 1677 1933 1934
f 1933 1677 1679
f 1933 1935 1932
f 1932 1934 1933
f 1936 1943 1939
f 1938 1936 1939
f 1938 1939 1937
f 1932 1939 1931
f 1931 1925 1932
f 1931 1939 1943
f 1937 1939 1932
f 1937 1932 1935
f 40 1690 255
f 1942 1944 1943
f 1945 1940 1941
f 1945 1941 1944
f 1945 1944 1942
f 1930 1944 283
f 283 259 1930
f 283 1941 1940
f 1940 284 283
f 1941 283 1944
f 1930 1943 1944
f 1946 285 1940
f 1946 1947 286
f 286 285 1946
f 1945 1948 1946
f 1946 1940 1945
f 1948 1949 1947
f 1947 1946 1948
f 284 1940 285
f 1950 1942 1943
f 1950 1943 1936
f 1950 1951 1945
f 1945 1942 1950
f 1938 1952 1950
f 1950 1936 1938
f 1953 1951 1950
f 1953 1950 1952
f 1954 1948 1945
f 1954 1945 1951
f 1955 1949 1954
f 1948 1954 1949
f 1956 1954 1953
f 1951 1953 1954
f 1956 1957 1955
f 1955 1954 1956
f 1958 1933 1679
f 1958 1679 1703
f 1958 1959 1935
f 1935 1933 1958
f 1704 1965 1958
f 1958 1703 1704
f 1960 1959 1958
f 1960 1958 1965
f 1961 1962 1938
f 1938 1937 1961
f 1963 1964 1962
f 1962 1961 1963
f 1961 1937 1935
f 1961 1935 1959
f 1963 1961 1959
f 1963 1959 1960
f 1706 1966 1965
f 1965 1704 1706
f 1965 1967 1960
f 1967 1965 1966
f 1707 1968 1966
f 1966 1706 1707
f 1968 1707 1725
f 1968 1969 1967
f 1967 1966 1968
f 1971 1964 1963
f 1971 1963 1970
f 1972 1971 1970
f 1972 1970 1997
f 1967 1970 1963
f 1963 1960 1967
f 1969 1997 1970
f 1970 1967 1969
f 1962 1973 1952
f 1952 1938 1962
f 1974 1953 1973
f 1973 1953 1952
f 1975 1973 1962
f 1975 1962 1964
f 1975 1976 1974
f 1974 1973 1975
f 1974 1977 1956
f 1956 1953 1974
f 1977 1978 1957
f 1957 1956 1977
f 1976 1979 1977
f 1977 1974 1976
f 1507 1978 1977
f 1507 1977 1979
f 1971 1981 1975
f 1975 1964 1971
f 1980 1976 1975
f 1980 1975 1981
f 1972 1982 1981
f 1981 1971 1972
f 1982 1983 1980
f 1980 1981 1982
f 1980 1984 1979
f 1979 1976 1980
f 1508 1507 1979
f 1508 1979 1984
f 1985 1984 1980
f 1985 1980 1983
f 1509 1508 1984
f 1509 1984 1985
f 1947 1987 373
f 373 286 1947
f 1986 1988 1987
f 373 1987 1988
f 1989 1987 1949
f 1947 1949 1987
f 1989 1990 1986
f 1989 1986 1987
f 1986 1520 375
f 375 1988 1986
f 1520 1 375
f 1986 1519 1520
f 1519 1986 1990
f 1955 1991 1989
f 1989 1949 1955
f 1522 1990 1989
f 1522 1989 1991
f 1957 1523 1991
f 1991 1955 1957
f 1991 1523 1522
f 1990 1522 1519
f 1978 1523 1957
f 1993 1992 1968
f 1968 1725 1993
f 1969 1968 1994
f 1992 1994 1968
f 1993 1995 1992
f 1996 1994 1992
f 1996 1992 1995
f 1999 1998 1972
f 1972 1997 1999
f 1998 1999 2001
f 1969 1999 1997
f 1999 1969 1994
f 2000 1999 1994
f 2000 1994 1996
f 2000 2001 1999
f 1995 2010 1996
f 1996 2003 2000
f 2010 2003 1996
f 2000 2002 2001
f 2003 2002 2000
f 2010 2004 2003
f 2003 2005 2002
f 2004 2006 2005
f 2004 2005 2003
f 1993 1725 1795
f 2007 1995 1993
f 1993 1795 1797
f 1993 1797 2007
f 2007 1797 1798
f 2007 2008 1995
f 2008 2007 1798
f 2009 2008 1798
f 1798 1803 2009
f 2008 2010 1995
f 2009 2011 2008
f 2008 2012 2010
f 2011 2013 2012
f 2012 2008 2011
f 1804 2009 1803
f 2009 1804 2014
f 2014 2011 2009
f 1805 2015 2014
f 2014 1804 1805
f 2014 2013 2011
f 2012 2016 2004
f 2012 2004 2010
f 2016 2012 2017
f 2017 2012 2013
f 2019 1982 1972
f 2019 1972 1998
f 2019 2018 1983
f 1983 1982 2019
f 2020 2019 1998
f 2020 1998 2001
f 2018 2019 2021
f 2020 2021 2019
f 2022 1985 1983
f 2022 1983 2018
f 1593 1509 1985
f 1593 1985 2022
f 2023 2022 2018
f 2023 2018 2021
f 2023 1594 1593
f 1593 2022 2023
f 2020 2001 2024
f 2020 2026 2025
f 2025 2021 2020
f 2026 2020 2024
f 2024 2031 2026
f 2024 2001 2002
f 2024 2002 2027
f 2002 2005 2027
f 2027 2005 2006
f 2031 2024 2027
f 2023 2021 2025
f 2023 2025 2028
f 2028 2025 2026
f 2023 2029 1594
f 2029 2023 2028
f 2030 2028 2026
f 2031 2030 2026
f 2028 2137 2029
f 2137 2028 2030
f 2004 2032 2006
f 2013 2014 2033
f 2015 2034 2014
f 2034 2033 2014
f 2017 2035 2016
f 2017 2013 2036
f 2036 2035 2017
f 2032 2016 2035
f 2035 2037 2032
f 2016 2032 2004
f 2038 2037 2035
f 2035 2036 2038
f 2038 2039 2037
f 2033 2040 2036
f 2036 2013 2033
f 2041 2040 2033
f 2033 2034 2041
f 2038 2036 2040
f 2040 2041 2042
f 2038 2040 2043
f 2043 2039 2038
f 2043 2040 2042
f 2043 2042 2044
f 2027 2006 2032
f 2032 2047 2027
f 2027 2045 2031
f 2046 2045 2027
f 2047 2046 2027
f 2047 2048 2046
f 2031 2049 2030
f 2030 2049 2140
f 2030 2140 2137
f 2050 2051 2049
f 2049 2031 2045
f 2049 2045 2050
f 2050 2045 2046
f 2140 2049 2051
f 2046 2048 2052
f 2050 2046 2052
f 2052 2051 2050
f 2051 2053 2140
f 2053 2051 2052
f 2053 2052 2054
f 2037 2047 2032
f 2037 2055 2047
f 2055 2037 2039
f 2039 2056 2055
f 2055 2057 2048
f 2055 2048 2047
f 2056 2058 2057
f 2057 2055 2056
f 2056 2039 2043
f 2056 2043 2059
f 2060 2059 2043
f 2043 2044 2060
f 2059 2058 2056
f 2061 2052 2048
f 2048 2057 2061
f 2061 2057 2058
f 2054 2052 2061
f 2060 2062 2059
f 2058 2059 2063
f 2063 2059 2062
f 2062 2064 2063
f 2061 2058 2065
f 2054 2061 2066
f 2066 2061 2065
f 2066 2065 2067
f 2065 2058 2063
f 2065 2063 2068
f 2068 2063 2064
f 2068 2064 2109
f 2068 2069 2067
f 2067 2065 2068
f 2069 2068 2109
f 2069 2109 2070
f 2071 2015 1805
f 1805 1818 2071
f 2072 2071 1818
f 1818 1819 2072
f 1822 2072 1819
f 2071 2072 2073
f 2034 2015 2071
f 2034 2071 2074
f 2075 2074 2071
f 2075 2071 2073
f 1822 1833 2076
f 2076 2081 1822
f 2081 2075 2073
f 2081 2073 1822
f 2073 2072 1822
f 2074 2041 2034
f 2041 2074 2077
f 2077 2042 2041
f 2075 2078 2077
f 2075 2077 2074
f 2044 2042 2077
f 2044 2077 2079
f 2079 2077 2078
f 2079 2078 2080
f 2078 2075 2081
f 2078 2081 2082
f 2082 2081 2076
f 2082 2076 2083
f 2084 2080 2078
f 2078 2082 2084
f 2083 2084 2082
f 2084 2083 2085
f 1833 1834 2087
f 2092 1833 2087
f 2087 2086 2092
f 1833 2092 2076
f 2087 1835 1838
f 2087 1838 2088
f 2089 2088 1838
f 1838 1839 2089
f 2087 2088 2090
f 2090 2086 2087
f 2089 2091 2090
f 2089 2090 2088
f 2083 2076 2092
f 2083 2092 2093
f 2093 2092 2086
f 2093 2086 2094
f 2095 2094 2086
f 2086 2090 2095
f 2096 2095 2090
f 2090 2091 2096
f 2083 2093 2097
f 2097 2085 2083
f 2093 2094 2098
f 2098 2097 2093
f 2095 2099 2098
f 2095 2098 2094
f 2096 2100 2099
f 2096 2099 2095
f 2079 2060 2044
f 2060 2079 2101
f 2101 2062 2060
f 2079 2080 2102
f 2079 2102 2101
f 2064 2062 2101
f 2064 2101 2103
f 2103 2101 2102
f 2103 2102 2106
f 2102 2080 2084
f 2102 2084 2104
f 2104 2084 2085
f 2104 2085 2105
f 2106 2102 2104
f 2106 2104 2107
f 2108 2107 2104
f 2104 2105 2108
f 2110 2109 2064
f 2064 2103 2110
f 2106 2110 2103
f 2110 2106 2111
f 2109 2110 2112
f 2109 2112 2070
f 2112 2110 2111
f 2112 2111 2113
f 2106 2107 2114
f 2106 2114 2111
f 2114 2107 2108
f 2114 2108 2115
f 2113 2111 2114
f 2113 2114 2116
f 2116 2114 2115
f 2116 2115 2117
f 2105 2085 2097
f 2105 2097 2118
f 2118 2097 2098
f 2118 2098 2119
f 2120 2108 2105
f 2105 2118 2120
f 2120 2118 2119
f 2120 2119 2121
f 2108 2120 2122
f 2121 2123 2122
f 2121 2122 2120
f 2124 2119 2098
f 2098 2099 2124
f 2125 2124 2099
f 2099 2100 2125
f 2121 2119 2124
f 2121 2124 2126
f 2126 2124 2125
f 2126 2125 2127
f 2126 2123 2121
f 2115 2108 2122
f 2115 2122 2128
f 2129 2128 2122
f 2122 2123 2129
f 2117 2115 2128
f 2117 2128 2130
f 2131 2130 2128
f 2128 2129 2131
f 2132 2129 2123
f 2123 2126 2132
f 2133 2132 2126
f 2133 2126 2127
f 2134 2131 2129
f 2129 2132 2134
f 2135 2134 2132
f 2132 2133 2135
f 1616 1594 2029
f 2136 1616 2029
f 2137 2136 2029
f 1618 1616 2136
f 2137 2138 2136
f 2140 2139 2138
f 2140 2138 2137
f 1618 2136 2141
f 2136 2138 2141
f 2141 2138 2139
f 2140 2142 2139
f 2141 2139 2142
f 2141 2142 2146
f 2053 2142 2140
f 2142 2053 2143
f 2143 2053 2054
f 2146 2142 2143
f 1643 1618 2141
f 2141 2144 1643
f 2145 2144 2141
f 2146 2145 2141
f 2144 1644 1643
f 1644 2144 2147
f 2147 2144 2145
f 2143 2054 2148
f 2143 2149 2146
f 2149 2143 2148
f 2149 2148 2150
f 2145 2146 2152
f 2145 2152 2151
f 2147 2145 2151
f 2149 2153 2152
f 2149 2152 2146
f 2154 2153 2149
f 2149 2150 2154
f 2151 2152 2153
f 2151 2153 2155
f 2155 2153 2154
f 2155 2154 2156
f 2148 2054 2066
f 2148 2066 2157
f 2158 2157 2066
f 2066 2067 2158
f 2159 2150 2148
f 2148 2157 2159
f 2159 2157 2158
f 2159 2158 2160
f 2158 2067 2069
f 2158 2069 2161
f 2161 2069 2070
f 2161 2070 2162
f 2160 2158 2161
f 2160 2161 2163
f 2163 2161 2162
f 2163 2162 2164
f 2154 2150 2159
f 2154 2159 2165
f 2165 2159 2160
f 2165 2160 2166
f 2156 2154 2165
f 2156 2165 2167
f 2167 2165 2166
f 2167 2166 2168
f 2166 2160 2163
f 2166 2163 2169
f 2169 2163 2164
f 2169 2164 2185
f 2169 2170 2168
f 2168 2166 2169
f 2185 2170 2169
f 1663 1644 2147
f 1663 2147 2151
f 2151 2171 1663
f 2171 1667 1663
f 2171 2151 2155
f 2174 2171 2155
f 2155 2156 2174
f 2171 2174 2172
f 2173 1674 1673
f 1673 1667 2171
f 1673 2171 2173
f 2173 2171 2172
f 2173 2172 2178
f 2174 2156 2167
f 2174 2167 2175
f 2175 2167 2168
f 2175 2168 2177
f 2172 2174 2175
f 2172 2175 2176
f 2177 2176 2175
f 2177 2168 2170
f 2178 2172 2176
f 2162 2070 2112
f 2162 2112 2179
f 2179 2112 2113
f 2179 2113 2180
f 2164 2162 2179
f 2164 2179 2181
f 2182 2181 2179
f 2179 2180 2182
f 2180 2113 2116
f 2180 2116 2183
f 2184 2183 2116
f 2184 2116 2117
f 2183 2182 2180
f 2181 2185 2164
f 2186 2184 2117
f 2117 2130 2186
f 2186 2130 2131
f 2186 2131 2187
f 2188 2187 2131
f 2131 2134 2188
f 2189 2188 2134
f 2134 2135 2189
f 2188 2189 2190
f 2191 1864 1861
f 1861 552 2191
f 2191 552 554
f 2191 554 2195
f 2192 1865 1864
f 1864 2191 2192
f 2193 2192 2191
f 2193 2191 2195
f 2193 2195 2194
f 554 2196 2195
f 2197 1865 2192
f 2198 2197 2192
f 2192 2193 2198
f 2207 2198 2193
f 2193 2194 2207
f 1870 2197 2198
f 1870 2198 2199
f 2198 2207 2199
f 1890 1870 2199
f 1890 2199 2200
f 1892 1890 2200
f 1892 2200 2201
f 2202 1898 1892
f 1892 2201 2202
f 2203 1899 1898
f 1898 2202 2203
f 2195 2196 2204
f 561 2204 2196
f 2204 561 2205
f 2194 2195 2204
f 2194 2204 2206
f 2206 2204 2205
f 2206 2205 2216
f 2208 2199 2207
f 2207 2194 2206
f 2207 2206 2209
f 2210 2209 2206
f 2206 2216 2210
f 2209 2210 2211
f 2208 2207 2209
f 2208 2209 2212
f 2209 2211 2212
f 2213 2212 2211
f 2205 561 566
f 2205 566 2214
f 567 2214 566
f 2215 2214 567
f 2205 2214 2216
f 2217 2216 2214
f 2217 2214 2215
f 2217 2215 2218
f 2215 567 571
f 2215 571 2219
f 2219 571 572
f 2219 572 2220
f 2218 2215 2219
f 2218 2219 2221
f 2221 2219 2220
f 2221 2220 2222
f 2223 2211 2210
f 2210 2216 2217
f 2210 2217 2223
f 2223 2217 2218
f 2223 2218 2224
f 2213 2211 2223
f 2213 2223 2225
f 2225 2223 2224
f 2225 2224 2226
f 2224 2218 2221
f 2224 2221 2227
f 2227 2221 2222
f 2227 2222 2228
f 2226 2224 2227
f 2226 2227 2229
f 2229 2227 2228
f 2229 2228 2230
f 2231 2200 2199
f 2199 2208 2231
f 2232 2201 2200
f 2200 2231 2232
f 2231 2208 2212
f 2231 2212 2233
f 2234 2233 2212
f 2212 2213 2234
f 2235 2232 2231
f 2231 2233 2235
f 2235 2233 2234
f 2235 2234 2236
f 2237 2202 2201
f 2201 2232 2237
f 2203 2202 2237
f 2203 2237 2238
f 2237 2232 2235
f 2237 2235 2239
f 2240 2239 2235
f 2235 2236 2240
f 2241 2238 2237
f 2237 2239 2241
f 2238 2241 2242
f 2240 2242 2241
f 2241 2239 2240
f 2242 2240 2243
f 2234 2213 2225
f 2234 2225 2244
f 2244 2225 2226
f 2244 2226 2245
f 2236 2234 2244
f 2236 2244 2246
f 2246 2244 2245
f 2246 2245 2247
f 2245 2226 2229
f 2245 2229 2248
f 2248 2229 2230
f 2248 2230 2249
f 2250 2247 2245
f 2245 2248 2250
f 2251 2250 2248
f 2248 2249 2251
f 2252 2240 2236
f 2236 2246 2252
f 2253 2252 2246
f 2246 2247 2253
f 2254 2243 2240
f 2240 2252 2254
f 2255 2254 2252
f 2252 2253 2255
f 2256 2253 2247
f 2247 2250 2256
f 2257 2256 2250
f 2250 2251 2257
f 2258 2255 2253
f 2253 2256 2258
f 2259 2258 2256
f 2256 2257 2259
f 2220 572 592
f 2220 592 2260
f 2261 2260 592
f 592 593 2261
f 2222 2220 2260
f 2222 2260 2262
f 2263 2262 2260
f 2260 2261 2263
f 2264 2261 593
f 593 598 2264
f 2265 2264 598
f 598 599 2265
f 2266 2263 2261
f 2261 2264 2266
f 2267 2266 2264
f 2264 2265 2267
f 2228 2222 2262
f 2228 2262 2268
f 2269 2268 2262
f 2262 2263 2269
f 2230 2228 2268
f 2230 2268 2270
f 2271 2270 2268
f 2268 2269 2271
f 2272 2269 2263
f 2263 2266 2272
f 2273 2272 2266
f 2266 2267 2273
f 2274 2271 2269
f 2269 2272 2274
f 2275 2274 2272
f 2272 2273 2275
f 2276 2267 2265
f 2265 599 601
f 2265 601 2276
f 2277 2276 601
f 601 602 2277
f 2278 2275 2273
f 2273 2267 2276
f 2273 2276 2278
f 2279 2278 2276
f 2276 2277 2279
f 2280 2249 2230
f 2230 2270 2280
f 2280 2270 2271
f 2280 2271 2281
f 2282 2251 2249
f 2249 2280 2282
f 2282 2280 2281
f 2282 2281 2283
f 2281 2271 2274
f 2281 2274 2284
f 2284 2274 2275
f 2284 2275 2285
f 2283 2281 2284
f 2283 2284 2286
f 2286 2284 2285
f 2286 2285 2287
f 2257 2251 2282
f 2257 2282 2288
f 2288 2282 2283
f 2288 2283 2289
f 2259 2257 2288
f 2259 2288 2290
f 2290 2288 2289
f 2290 2289 2291
f 2289 2283 2286
f 2289 2286 2292
f 2292 2286 2287
f 2292 2287 2293
f 2291 2289 2292
f 2291 2292 2294
f 2294 2292 2293
f 2294 2293 2295
f 2298 2287 2285
f 2278 2298 2285
f 2285 2275 2278
f 2298 2278 2296
f 2303 2296 2278
f 2303 2278 2279
f 2303 2279 2297
f 2293 2287 2298
f 2293 2298 2299
f 2299 2298 2296
f 2299 2296 2300
f 2295 2293 2299
f 2295 2299 2301
f 2302 2301 2299
f 2302 2299 2300
f 2304 2300 2296
f 2296 2303 2304
f 2304 2303 2297
f 2304 2297 2305
f 2306 2302 2304
f 2304 2302 2300
f 2306 2304 2305
f 2306 2305 2307
f 1911 1914 2308
f 2309 2308 1914
f 1914 1921 2309
f 1920 1899 2310
f 2310 1899 2203
f 2310 2203 2311
f 2311 2203 2314
f 2312 1919 1920
f 1920 2310 2312
f 2311 2312 2310
f 2312 2311 2313
f 2311 2314 2313
f 2313 2314 2315
f 2316 1919 2317
f 1921 2316 2318
f 1921 2318 2309
f 2317 2318 2316
f 2309 2318 2319
f 2320 2319 2318
f 2318 2317 2320
f 2312 2317 1919
f 2317 2312 2322
f 2317 2322 2321
f 2313 2322 2312
f 2321 2320 2317
f 2323 2319 2320
f 2321 2322 2324
f 2324 2322 2313
f 2324 2313 2315
f 2324 2315 2326
f 2324 2326 2325
f 2324 2323 2320
f 2324 2320 2321
f 2323 2324 2328
f 2323 2328 2327
f 2324 2325 2328
f 2325 2326 2330
f 2325 2330 2329
f 2329 2330 2331
f 2332 2327 2328
f 2328 2333 2332
f 2329 2333 2328
f 2329 2328 2325
f 2334 2332 2333
f 2331 2334 2333
f 2331 2333 2329
f 2335 2337 2334
f 2335 2334 2331
f 2338 2337 2335
f 2338 2335 2336
f 1910 2339 2089
f 2089 1839 1910
f 1911 2340 2339
f 1911 2339 1910
f 2089 2339 2341
f 2341 2339 2340
f 2341 2340 2342
f 2341 2343 2091
f 2341 2091 2089
f 2342 2343 2341
f 2308 2340 1911
f 2344 2342 2340
f 2344 2340 2308
f 2308 2345 2344
f 2346 2345 2308
f 2346 2308 2309
f 2347 2096 2091
f 2091 2343 2347
f 2348 2347 2343
f 2343 2342 2348
f 2096 2347 2349
f 2350 2349 2347
f 2347 2348 2350
f 2348 2351 2350
f 2352 2345 2346
f 2345 2353 2348
f 2344 2345 2348
f 2348 2342 2344
f 2352 2353 2345
f 2354 2351 2348
f 2348 2353 2354
f 2355 2354 2353
f 2355 2353 2352
f 2349 2100 2096
f 2319 2346 2309
f 2356 2352 2346
f 2346 2319 2356
f 2319 2323 2356
f 2357 2352 2356
f 2356 2323 2327
f 2327 2357 2356
f 2357 2355 2352
f 2359 2351 2354
f 2358 2359 2354
f 2354 2355 2358
f 2360 2359 2358
f 2362 2125 2100
f 2100 2349 2362
f 2350 2351 2363
f 2363 2362 2350
f 2362 2349 2350
f 2364 2127 2125
f 2125 2362 2364
f 2365 2364 2362
f 2362 2363 2365
f 2359 2363 2351
f 2359 2366 2365
f 2359 2365 2363
f 2360 2366 2359
f 2405 2135 2133
f 2368 2405 2133
f 2133 2127 2364
f 2133 2364 2368
f 2364 2365 2368
f 2405 2368 2367
f 2369 2368 2365
f 2365 2366 2369
f 2360 2361 2369
f 2369 2366 2360
f 2370 2368 2369
f 2369 2371 2370
f 2372 2371 2369
f 2369 2361 2372
f 2370 2367 2368
f 2373 2357 2327
f 2373 2327 2374
f 2375 2373 2374
f 2374 2376 2375
f 2373 2358 2355
f 2373 2355 2357
f 2377 2360 2358
f 2358 2373 2377
f 2373 2375 2377
f 2327 2332 2374
f 2332 2334 2376
f 2376 2374 2332
f 2378 2375 2376
f 2361 2360 2377
f 2361 2377 2379
f 2375 2378 2379
f 2379 2377 2375
f 2380 2361 2379
f 2379 2381 2380
f 2378 2419 2381
f 2381 2379 2378
f 2334 2337 2378
f 2378 2376 2334
f 2338 2419 2378
f 2338 2378 2337
f 2361 2380 2372
f 2314 2203 2238
f 2382 2314 2238
f 2238 2242 2382
f 2382 2242 2383
f 2243 2383 2242
f 2382 2315 2314
f 2315 2382 2326
f 2382 2383 2326
f 2254 2384 2383
f 2254 2383 2243
f 2385 2384 2254
f 2254 2255 2385
f 2386 2326 2383
f 2383 2384 2386
f 2386 2384 2385
f 2386 2385 2387
f 2388 2385 2255
f 2255 2258 2388
f 2389 2388 2258
f 2258 2259 2389
f 2387 2385 2388
f 2387 2388 2390
f 2390 2388 2389
f 2390 2389 2391
f 2386 2330 2326
f 2387 2331 2330
f 2387 2330 2386
f 2390 2335 2331
f 2390 2331 2387
f 2391 2336 2335
f 2391 2335 2390
f 2393 2338 2336
f 2336 2392 2393
f 2394 2393 2392
f 2392 2395 2394
f 2396 2394 2395
f 2395 2466 2396
f 2397 2396 2466
f 2466 2467 2397
f 2400 2397 2467
f 2467 2398 2400
f 2401 2400 2398
f 2398 2399 2401
f 2402 3612 2403
f 2401 2399 2402
f 2401 2402 2404
f 2404 2402 2403
f 2404 2403 2452
f 2406 2189 2135
f 2135 2405 2406
f 2407 2406 2405
f 2405 2367 2407
f 2190 2189 2406
f 2408 2190 2406
f 2409 2408 2406
f 2406 2407 2409
f 2370 2371 2410
f 2410 2371 2372
f 2410 2372 2411
f 2412 2410 2411
f 2370 2410 2407
f 2407 2367 2370
f 2413 2409 2407
f 2407 2410 2413
f 2410 2412 2413
f 2414 2408 2409
f 2416 2414 2409
f 2409 2413 2416
f 2412 2415 2416
f 2416 2413 2412
f 2417 2414 2416
f 2416 2418 2417
f 2432 2418 2416
f 2416 2415 2432
f 2420 2380 2381
f 2419 2422 2420
f 2419 2420 2381
f 2420 2422 2423
f 2420 2423 2421
f 2419 2338 2393
f 2419 2393 2422
f 2423 2422 2393
f 2393 2394 2423
f 2424 2421 2423
f 2423 2425 2424
f 2426 2424 2425
f 2427 2423 2394
f 2394 2428 2427
f 2396 2428 2394
f 2427 2428 2430
f 2427 2430 2429
f 2397 2430 2428
f 2397 2428 2396
f 2427 2425 2423
f 2429 2426 2425
f 2429 2425 2427
f 2380 2420 2411
f 2411 2372 2380
f 2420 2421 2412
f 2420 2412 2411
f 2415 2412 2421
f 2415 2421 2431
f 2421 2424 2431
f 2432 2415 2431
f 2431 2433 2432
f 2424 2426 2433
f 2433 2431 2424
f 2434 2417 2418
f 2435 2434 2418
f 2418 2432 2435
f 2437 2436 2434
f 2434 2435 2437
f 2438 2436 2437
f 2438 2437 2439
f 2440 2438 2439
f 2440 2439 2441
f 2429 2430 2444
f 2400 2444 2430
f 2400 2430 2397
f 2401 2445 2444
f 2401 2444 2400
f 2444 2442 2426
f 2444 2426 2429
f 2445 2443 2442
f 2445 2442 2444
f 2446 2448 2447
f 2445 2450 2449
f 2401 2404 2450
f 2450 2445 2401
f 2451 2449 2450
f 2450 2452 2451
f 2452 2450 2404
f 2449 2446 2443
f 2449 2443 2445
f 2449 2451 2448
f 2448 2446 2449
f 2453 2432 2433
f 2426 2442 2453
f 2453 2433 2426
f 2442 2443 2454
f 2454 2453 2442
f 2432 2453 2435
f 2453 2454 2437
f 2437 2435 2453
f 2446 2455 2454
f 2446 2454 2443
f 2455 2457 2456
f 2447 2457 2455
f 2447 2455 2446
f 2455 2439 2437
f 2455 2437 2454
f 2456 2441 2439
f 2456 2439 2455
f 2389 2259 2290
f 2389 2290 2458
f 2458 2290 2291
f 2458 2291 2459
f 2460 2391 2389
f 2389 2458 2460
f 2461 2460 2458
f 2458 2459 2461
f 2459 2291 2294
f 2459 2294 2462
f 2463 2462 2294
f 2463 2294 2295
f 2464 2461 2459
f 2459 2462 2464
f 2464 2462 2463
f 2465 2464 2463
f 2460 2392 2336
f 2460 2336 2391
f 2461 2395 2392
f 2461 2392 2460
f 2395 2461 2464
f 2395 2464 2466
f 2466 2464 2465
f 2466 2465 2467
f 2295 2301 2468
f 2468 2463 2295
f 2468 2302 2469
f 2302 2468 2301
f 2465 2463 2468
f 2465 2468 2470
f 2470 2468 2469
f 2470 2469 2471
f 2469 2302 2306
f 2469 2306 2472
f 2472 2306 2307
f 2472 2307 2473
f 2471 2469 2472
f 2471 2472 2474
f 2474 2472 2473
f 2474 2473 3612
f 2467 2465 2470
f 2467 2470 2398
f 2470 2471 2398
f 2471 2399 2398
f 2471 2474 2402
f 2402 2399 2471
f 3612 2402 2474
f 2170 2185 2475
f 2177 2476 2176
f 2170 2477 2177
f 2477 2170 2475
f 2477 2475 2478
f 2177 2477 2479
f 2177 2479 2476
f 2479 2477 2478
f 2479 2478 2480
f 2176 2476 2481
f 2176 2481 2178
f 2481 2476 2479
f 2482 2481 2479
f 2479 2480 2482
f 2182 2183 2483
f 2183 2184 2484
f 2484 2483 2183
f 2181 2485 2185
f 2181 2182 2486
f 2181 2486 2485
f 2475 2185 2485
f 2485 2487 2475
f 2487 2485 2486
f 2487 2486 2488
f 2486 2182 2483
f 2486 2483 2489
f 2489 2483 2484
f 2489 2484 2490
f 2488 2486 2489
f 2488 2489 2491
f 2491 2489 2490
f 2491 2490 2492
f 2484 2184 2186
f 2484 2186 2493
f 2494 2493 2186
f 2186 2187 2494
f 2188 2190 2497
f 2188 2497 2494
f 2494 2187 2188
f 2496 2492 2490
f 2490 2484 2493
f 2496 2490 2493
f 2493 2494 2496
f 2492 2496 2495
f 2498 2496 2494
f 2494 2497 2498
f 2499 2498 2497
f 2497 2190 2499
f 2500 2495 2496
f 2496 2498 2500
f 2501 2500 2498
f 2498 2499 2501
f 2478 2475 2487
f 2478 2487 2502
f 2502 2487 2488
f 2502 2488 2503
f 2480 2478 2502
f 2480 2502 2504
f 2504 2502 2503
f 2504 2503 2505
f 2506 2505 2503
f 2503 2488 2491
f 2506 2503 2491
f 2491 2492 2506
f 2482 2480 2504
f 2507 2482 2504
f 2504 2505 2507
f 2507 2505 2506
f 2507 2506 2508
f 2510 2506 2492
f 2492 2495 2510
f 2506 2510 2509
f 2511 2510 2495
f 2495 2500 2511
f 2512 2511 2500
f 2500 2501 2512
f 2513 2509 2510
f 2510 2511 2513
f 2514 2513 2511
f 2511 2512 2514
f 2520 2508 2506
f 2506 2509 2520
f 2508 2520 2515
f 2513 2514 2517
f 2513 2517 2516
f 2516 2517 2519
f 2518 2516 2519
f 2513 2516 2520
f 2513 2520 2509
f 2515 2520 2518
f 2520 2516 2518
f 2408 2521 2499
f 2499 2190 2408
f 2414 2521 2408
f 2522 2501 2499
f 2499 2521 2522
f 2414 2417 2522
f 2414 2522 2521
f 2523 2512 2501
f 2501 2522 2523
f 2524 2523 2522
f 2522 2417 2524
f 2525 2514 2512
f 2512 2523 2525
f 2526 2525 2523
f 2523 2524 2526
f 2417 2434 2524
f 2434 2436 2526
f 2526 2524 2434
f 2527 2517 2514
f 2514 2525 2527
f 2527 2525 2526
f 2527 2526 2528
f 2519 2517 2527
f 2519 2527 2529
f 2529 2527 2528
f 2529 2528 2530
f 2438 2528 2526
f 2438 2526 2436
f 2440 2530 2528
f 2440 2528 2438
f 2532 2531 2601
f 2533 2532 2601
f 2533 2601 2534
f 2534 2535 2533
f 2537 2539 2538
f 2541 2542 2546
f 2543 2545 2544
f 2546 2548 2547
f 2540 2547 2548
f 2548 2544 2540
f 2542 2543 2548
f 2542 2548 2546
f 2544 2548 2543
f 2550 2551 2554
f 2552 2553 2874
f 2554 2556 2555
f 2549 2555 2556
f 2556 2874 2549
f 2556 2551 2552
f 2551 2556 2554
f 2874 2556 2552
f 2558 2610 2540
f 2610 2558 2563
f 2563 2557 2610
f 2559 2561 2560
f 2559 2558 2562
f 2561 2559 2562
f 2561 2562 2549
f 2536 2557 2563
f 2563 2559 2537
f 2563 2537 2536
f 2560 2539 2537
f 2560 2537 2559
f 2559 2563 2558
f 2544 2554 2558
f 2558 2540 2544
f 2554 2544 2550
f 2544 2545 2550
f 2555 2562 2558
f 2554 2555 2558
f 2549 2562 2555
f 2566 2569 2567
f 2569 2571 2570
f 2570 2571 2564
f 2570 2564 2565
f 2568 2570 2565
f 2572 2568 2573
f 2567 2569 2570
f 2572 2567 2570
f 2568 2572 2570
f 2576 2557 2577
f 2578 2577 2579
f 2565 2576 2578
f 2576 2577 2578
f 2580 2582 2581
f 2577 2557 2536
f 2580 2577 2536
f 2580 2536 2537
f 2537 2538 2582
f 2582 2580 2537
f 2579 2577 2580
f 2574 2579 2580
f 2580 2581 2574
f 2581 2575 2574
f 2585 2583 2586
f 2583 2574 2587
f 2588 2587 2574
f 2574 2575 2588
f 2586 2583 2587
f 2586 2587 2589
f 2589 2587 2588
f 2589 2588 2590
f 2568 2578 2591
f 2591 2578 2579
f 2583 2591 2579
f 2578 2568 2565
f 2573 2568 2591
f 2584 2573 2591
f 2591 2585 2584
f 2583 2585 2591
f 2574 2583 2579
f 2603 2594 2597
f 2594 2596 2595
f 2592 2595 2596
f 2596 2540 2593
f 2596 2593 2592
f 2597 2599 2598
f 2598 2599 2592
f 2564 2598 2592
f 2564 2592 2593
f 2593 2565 2564
f 2594 2595 2597
f 2595 2599 2597
f 2592 2599 2595
f 2600 2546 2594
f 2600 2531 2541
f 2541 2546 2600
f 2601 2600 2603
f 2603 2600 2594
f 2601 2531 2600
f 2546 2547 2596
f 2546 2596 2594
f 2540 2596 2547
f 2606 2597 2569
f 2602 2603 2606
f 2597 2606 2603
f 2604 2606 2605
f 2566 2605 2606
f 2606 2569 2566
f 2606 2607 2602
f 2607 2606 2604
f 2569 2597 2598
f 2598 2571 2569
f 2564 2571 2598
f 2602 2534 2601
f 2601 2603 2602
f 2607 2608 2534
f 2534 2602 2607
f 2608 2609 2535
f 2535 2534 2608
f 2593 2610 2576
f 2610 2557 2576
f 2610 2593 2540
f 2576 2565 2593
f 2612 2614 2611
f 2613 2615 2614
f 2616 2615 2613
f 2617 2613 2614
f 2612 2617 2614
f 2624 2616 2613
f 2624 2613 2617
f 2618 2611 2531
f 2618 2619 2612
f 2612 2611 2618
f 2532 2620 2618
f 2618 2531 2532
f 2620 2621 2619
f 2619 2618 2620
f 2622 2617 2612
f 2622 2612 2619
f 2617 2623 2624
f 2623 2617 2622
f 2621 2625 2622
f 2622 2619 2621
f 2622 2625 2623
f 2627 2620 2532
f 2627 2532 2533
f 2626 2678 2621
f 2626 2621 2620
f 2626 2620 2627
f 2533 2535 2627
f 2621 2678 2625
f 2628 2632 2631
f 2629 2631 2632
f 2629 2632 2645
f 2645 2630 2629
f 2637 2634 2633
f 2628 2635 2633
f 2636 2637 2635
f 2637 2633 2635
f 2639 2640 2645
f 2638 2633 2634
f 2634 616 2639
f 2634 2639 2638
f 617 2640 2639
f 616 617 2639
f 2638 2639 2632
f 2632 2628 2633
f 2632 2633 2638
f 2645 2632 2639
f 2641 2643 2642
f 2614 2644 2641
f 2644 2628 2643
f 2644 2643 2641
f 2611 2641 2541
f 2641 2642 2542
f 2641 2542 2541
f 2641 2611 2614
f 2642 2643 2631
f 2543 2642 2631
f 2629 2630 2545
f 2545 2543 2631
f 2545 2631 2629
f 2631 2643 2628
f 2543 2542 2642
f 2644 2614 2615
f 2615 2635 2644
f 2628 2644 2635
f 2636 2635 2615
f 2615 2616 2636
f 2630 2645 2646
f 2550 2630 2646
f 2646 622 2551
f 2646 2551 2550
f 623 2553 2552
f 622 623 2552
f 2552 2551 622
f 2646 2645 2640
f 2640 628 2646
f 622 2646 628
f 628 2640 617
f 2550 2545 2630
f 2649 634 2634
f 2649 2634 2637
f 2647 633 634
f 2649 2647 634
f 2648 2649 2637
f 2648 2637 2636
f 2650 2649 2648
f 2647 2649 2650
f 634 616 2634
f 2651 638 633
f 2651 633 2647
f 2652 2651 2647
f 2652 2647 2650
f 2653 642 638
f 2653 638 2651
f 2653 2654 642
f 2652 2655 2651
f 2653 2651 2655
f 2655 2656 2657
f 2657 2654 2653
f 2657 2653 2655
f 2616 2658 2648
f 2648 2636 2616
f 2659 2650 2648
f 2659 2648 2658
f 2659 2662 2650
f 2624 2660 2658
f 2658 2616 2624
f 2658 2660 2659
f 2659 2661 2662
f 2661 2659 2660
f 2694 2662 2661
f 2652 2650 2662
f 2662 2663 2664
f 2664 2655 2652
f 2664 2652 2662
f 2665 2664 2663
f 2665 2666 2656
f 2656 2655 2664
f 2656 2664 2665
f 2662 2694 2663
f 2667 2665 2694
f 2665 2663 2694
f 2665 2667 2666
f 2668 2657 2656
f 2666 2669 2670
f 2666 2670 2668
f 2668 2656 2666
f 2667 2671 2669
f 2669 2666 2667
f 2671 2672 2673
f 2671 2673 2669
f 2541 2531 2611
f 2674 2624 2623
f 2623 2675 2676
f 2676 2674 2623
f 2675 2623 2625
f 2677 2676 2675
f 2609 2679 2627
f 2627 2535 2609
f 2626 2679 2680
f 2680 2678 2626
f 2679 2626 2627
f 2681 2680 2679
f 2682 2625 2678
f 2625 2682 2675
f 2683 2684 2685
f 2685 2677 2683
f 2683 2677 2675
f 2675 2682 2683
f 2678 2680 2682
f 2680 2686 2683
f 2683 2682 2680
f 2686 2680 2681
f 2683 2686 2684
f 2687 2685 2684
f 2688 2686 2681
f 2687 2684 2686
f 2687 2686 2688
f 2689 2687 2688
f 2624 2690 2660
f 2690 2624 2674
f 2690 2691 2660
f 2661 2660 2691
f 2674 2676 2690
f 2676 2692 2691
f 2691 2690 2676
f 2692 2676 2677
f 2661 2693 2694
f 2693 2661 2691
f 2695 2694 2693
f 2696 2691 2692
f 2691 2696 2693
f 2697 2698 2695
f 2697 2695 2693
f 2696 2697 2693
f 2695 2698 2667
f 2667 2694 2695
f 2677 2685 2692
f 2696 2692 2687
f 2692 2685 2687
f 2704 2696 2687
f 2696 2704 2697
f 2687 2689 2704
f 2699 2698 2697
f 2667 2698 2700
f 2667 2700 2671
f 2701 2672 2671
f 2701 2671 2700
f 2699 2706 2700
f 2700 2698 2699
f 2706 2712 2700
f 2700 2712 2701
f 2715 2702 2703
f 2703 2672 2701
f 2715 2703 2701
f 2701 2712 2715
f 2705 2706 2699
f 2705 2699 2697
f 2704 2705 2697
f 2707 2706 2705
f 2708 2709 2704
f 2689 2708 2704
f 2710 2709 2708
f 2704 2709 2705
f 2710 2828 2707
f 2707 2705 2710
f 2705 2709 2710
f 2711 2707 2828
f 2712 2706 2707
f 2713 2712 2707
f 2712 2713 2715
f 2714 2717 2702
f 2714 2702 2715
f 2715 2713 2714
f 2707 2711 2713
f 2716 2717 2714
f 2716 2714 2713
f 2711 2716 2713
f 2721 2573 2718
f 2718 2720 2721
f 2720 2718 2719
f 2722 2723 2566
f 2566 2567 2722
f 2724 2727 2723
f 2723 2722 2724
f 2721 2722 2572
f 2572 2573 2721
f 2572 2722 2567
f 2721 2724 2722
f 2724 2721 2720
f 2726 2725 2720
f 2720 2719 2726
f 2726 2731 2725
f 2724 2729 2727
f 2728 2729 2724
f 2728 2724 2720
f 2728 2720 2725
f 2725 2730 2728
f 2731 2774 2730
f 2731 2730 2725
f 2730 2732 2729
f 2730 2729 2728
f 2732 2730 2774
f 2733 2735 2734
f 2718 2573 2584
f 2585 2733 2718
f 2718 2584 2585
f 2585 2586 2735
f 2735 2733 2585
f 2719 2733 2736
f 2736 2733 2734
f 2736 2734 2737
f 2733 2719 2718
f 2738 2734 2735
f 2735 2589 2738
f 2739 2738 2589
f 2589 2590 2739
f 2589 2735 2586
f 2737 2734 2738
f 2737 2738 2740
f 2741 2740 2738
f 2738 2739 2741
f 2726 2719 2736
f 2726 2736 2742
f 2742 2736 2737
f 2742 2737 2743
f 2742 2744 2726
f 2744 2742 2743
f 2744 2743 2745
f 2744 2731 2726
f 2743 2737 2740
f 2743 2740 2746
f 2746 2740 2741
f 2746 2741 2747
f 2745 2743 2746
f 2745 2746 2748
f 2746 2747 2749
f 2746 2749 2748
f 2750 2604 2605
f 2750 2605 2723
f 2566 2723 2605
f 2750 2751 2607
f 2607 2604 2750
f 2752 2750 2723
f 2752 2723 2727
f 2753 2751 2750
f 2753 2750 2752
f 2751 2754 2608
f 2608 2607 2751
f 2755 2609 2754
f 2609 2608 2754
f 2753 2756 2754
f 2754 2751 2753
f 2754 2756 2755
f 2765 2755 2756
f 2727 2757 2752
f 2757 2727 2729
f 2752 2757 2758
f 2752 2758 2753
f 2757 2759 2758
f 2729 2760 2757
f 2759 2757 2760
f 2760 2761 2759
f 2760 2729 2732
f 2760 2732 2762
f 2763 2761 2760
f 2760 2762 2763
f 2762 2768 2763
f 2753 2758 2756
f 2759 2764 2756
f 2756 2758 2759
f 2756 2764 2765
f 2759 2761 2764
f 2764 2766 2765
f 2767 2764 2761
f 2761 2763 2767
f 2763 2768 2769
f 2769 2767 2763
f 2766 2764 2767
f 2770 2766 2767
f 2767 2769 2770
f 2771 2769 2768
f 2772 2770 2769
f 2772 2769 2771
f 2773 2772 2771
f 2774 2775 2732
f 2744 2776 2731
f 2744 2745 2777
f 2744 2777 2776
f 2778 2777 2745
f 2745 2748 2778
f 2749 2779 2778
f 2748 2749 2778
f 2776 2780 2774
f 2776 2774 2731
f 2780 2776 2777
f 2780 2777 2781
f 2782 2775 2774
f 2774 2780 2782
f 2783 2782 2780
f 2780 2781 2783
f 2781 2777 2778
f 2781 2778 2784
f 2785 2784 2778
f 2778 2779 2785
f 2786 2783 2781
f 2781 2784 2786
f 2786 2784 2785
f 2786 2785 2787
f 2762 2732 2775
f 2775 2788 2762
f 2768 2762 2788
f 2789 2788 2775
f 2775 2782 2789
f 2790 2789 2782
f 2782 2783 2790
f 2791 2768 2788
f 2788 2789 2791
f 2792 2791 2789
f 2789 2790 2792
f 2793 2790 2783
f 2783 2786 2793
f 2794 2793 2786
f 2786 2787 2794
f 2795 2792 2790
f 2790 2793 2795
f 2796 2795 2793
f 2793 2794 2796
f 2771 2768 2791
f 2797 2771 2791
f 2791 2792 2797
f 2771 2797 2773
f 2798 2797 2792
f 2792 2795 2798
f 2799 2798 2795
f 2795 2796 2799
f 2773 2797 2798
f 2798 2800 2773
f 2801 2800 2798
f 2798 2799 2801
f 2609 2755 2679
f 2802 2679 2755
f 2681 2679 2802
f 2765 2802 2755
f 2803 2681 2802
f 2804 2802 2765
f 2803 2802 2804
f 2804 2806 2803
f 2688 2681 2803
f 2807 2688 2803
f 2688 2807 2689
f 2803 2806 2807
f 2804 2765 2766
f 2805 2804 2766
f 2804 2805 2806
f 2766 2770 2805
f 2807 2808 2809
f 2807 2809 2689
f 2810 2809 2808
f 2807 2806 2811
f 2811 2812 2807
f 2813 2812 2811
f 2807 2812 2808
f 2810 2808 2812
f 2810 2812 2813
f 2814 2810 2813
f 2815 2817 2816
f 2815 2816 2806
f 2806 2805 2815
f 2819 2816 2817
f 2815 2805 2770
f 2770 2772 2815
f 2772 2817 2815
f 2818 2817 2772
f 2772 2773 2818
f 2817 2818 2819
f 2800 2820 2818
f 2773 2800 2818
f 2821 2820 2800
f 2818 2820 2822
f 2818 2822 2819
f 2823 2822 2820
f 2823 2820 2821
f 2806 2816 2811
f 2813 2811 2816
f 2816 2819 2813
f 2819 2824 2825
f 2825 2813 2819
f 2826 2825 2824
f 2813 2825 2814
f 2825 2827 2814
f 2827 2825 2826
f 2819 2822 2824
f 2824 2822 2823
f 2826 2824 2823
f 2689 2809 2708
f 2828 2710 2810
f 2710 2708 2810
f 2708 2809 2810
f 2829 2828 2810
f 2828 2829 2711
f 2829 2830 2711
f 2810 2814 2829
f 2814 2831 2832
f 2814 2832 2829
f 2829 2832 2830
f 2711 2830 2716
f 2814 2827 2831
f 2821 2800 2801
f 2834 2538 2539
f 2539 2878 2834
f 2834 2878 2833
f 2835 2834 2833
f 2836 2838 2837
f 2835 2833 2836
f 2835 2836 2839
f 2836 2837 2839
f 2837 2840 2839
f 2841 2843 2842
f 2844 2846 2845
f 2853 2847 2843
f 2848 2850 2849
f 673 2849 2850
f 2850 672 673
f 2853 2849 673
f 673 2847 2853
f 2851 2853 2852
f 2841 2852 2853
f 2853 2843 2841
f 2845 2846 2848
f 2851 2845 2848
f 2848 2849 2851
f 2849 2853 2851
f 2855 2841 2842
f 2855 2842 2854
f 2857 2856 2854
f 2858 2901 2855
f 2856 2858 2855
f 2855 2854 2856
f 2861 2837 2838
f 2838 2844 2861
f 2861 2844 2845
f 2859 2861 2845
f 2845 2860 2859
f 2840 2863 2862
f 2862 2863 2859
f 2901 2862 2859
f 2859 2860 2901
f 2837 2861 2863
f 2863 2840 2837
f 2859 2863 2861
f 2860 2851 2852
f 2860 2852 2855
f 2841 2855 2852
f 2851 2860 2845
f 2860 2855 2901
f 2549 2866 2865
f 2865 2866 2867
f 2864 2865 2867
f 2868 2870 2869
f 2871 2873 2872
f 2867 2868 2871
f 2867 2871 2864
f 2869 2873 2871
f 2869 2871 2868
f 2874 2876 2875
f 2875 2876 674
f 2875 674 2867
f 2553 2877 2876
f 2553 2876 2874
f 674 2876 2877
f 2874 2875 2866
f 2866 2549 2874
f 2867 2866 2875
f 674 679 2867
f 679 680 2868
f 679 2868 2867
f 681 2870 2868
f 681 2868 680
f 2560 2561 2865
f 2560 2865 2878
f 2833 2878 2865
f 2833 2865 2864
f 2865 2561 2549
f 2878 2539 2560
f 2871 2836 2833
f 2871 2833 2864
f 2872 2838 2836
f 2872 2836 2871
f 2879 2881 2880
f 2879 2869 2870
f 2870 687 2879
f 687 688 2879
f 688 2881 2879
f 2844 2872 2873
f 2873 2879 2844
f 2879 2880 2844
f 2880 2846 2844
f 2879 2873 2869
f 2848 2880 2881
f 2850 2881 692
f 2881 2850 2848
f 672 2850 692
f 692 2881 688
f 2848 2846 2880
f 687 2870 681
f 2844 2838 2872
f 2884 2886 2885
f 2887 2581 2582
f 2582 2834 2887
f 2888 2887 2834
f 2834 2835 2888
f 2834 2582 2538
f 2581 2887 2882
f 2882 2575 2581
f 2887 2888 2883
f 2883 2882 2887
f 2889 2888 2835
f 2835 2839 2889
f 2890 2889 2839
f 2839 2840 2890
f 2889 2884 2883
f 2889 2883 2888
f 2889 2890 2886
f 2886 2884 2889
f 2588 2575 2882
f 2588 2882 2891
f 2892 2891 2882
f 2882 2883 2892
f 2590 2588 2891
f 2590 2891 2893
f 2894 2893 2891
f 2891 2892 2894
f 2895 2892 2883
f 2883 2884 2895
f 2895 2884 2885
f 2895 2885 2896
f 2897 2894 2892
f 2892 2895 2897
f 2897 2895 2896
f 2897 2896 2898
f 2899 2901 2900
f 2902 2885 2886
f 2886 2899 2902
f 2902 2899 2900
f 2902 2900 2906
f 2903 2856 2857
f 2903 2857 1512
f 2858 2900 2901
f 2900 2858 2903
f 2856 2903 2858
f 2904 2906 2903
f 1512 2904 2903
f 2904 1512 1510
f 2900 2903 2906
f 2890 2840 2862
f 2890 2862 2899
f 2862 2901 2899
f 2899 2886 2890
f 2908 2906 2905
f 2896 2885 2902
f 2896 2902 2908
f 2902 2906 2908
f 2909 2907 2908
f 2908 2905 2909
f 2907 2898 2896
f 2896 2908 2907
f 2904 2905 2906
f 2905 2904 1513
f 1510 1513 2904
f 1515 2909 2905
f 2905 1513 1515
f 1530 2912 706
f 2843 707 2912
f 2912 707 706
f 2910 2912 2911
f 1530 2911 2912
f 2911 1530 1529
f 2910 2842 2843
f 2843 2912 2910
f 1530 706 5
f 2843 2847 707
f 1538 2854 2910
f 2910 2911 1538
f 2911 1529 1538
f 2910 2854 2842
f 1538 2857 2854
f 2857 1538 1537
f 2857 1537 1512
f 2877 2553 623
f 2913 2703 2702
f 2717 2914 2913
f 2913 2702 2717
f 2917 2913 2914
f 2915 2717 2716
f 2914 2717 2915
f 2916 2917 2914
f 2916 2914 2915
f 2916 2918 2919
f 2919 2917 2916
f 2920 2919 2918
f 2923 2924 2922
f 2926 3287 2925
f 2923 2927 2925
f 2925 2924 2923
f 2927 2928 2926
f 2927 2926 2925
f 2739 2590 2893
f 2739 2893 2929
f 2929 2893 2930
f 2894 2930 2893
f 2931 2741 2739
f 2739 2929 2931
f 2932 2931 2929
f 2929 2930 2932
f 2930 2894 2897
f 2930 2897 2933
f 2933 2897 2898
f 2933 2898 2943
f 2932 2930 2933
f 2932 2933 2934
f 2935 2934 2933
f 2933 2943 2935
f 2747 2741 2931
f 2936 2747 2931
f 2932 2936 2931
f 2936 2932 2937
f 2936 2749 2747
f 2749 2936 2938
f 2938 2936 2937
f 2938 2937 2941
f 2937 2932 2934
f 2937 2934 2939
f 2940 2939 2934
f 2934 2935 2940
f 2941 2937 2939
f 2939 2942 2941
f 2940 2950 2942
f 2940 2942 2939
f 2944 2943 2907
f 2944 2907 2909
f 2944 2909 1597
f 2898 2907 2943
f 2945 2943 2944
f 1600 2945 2944
f 2944 1597 1600
f 2935 2943 2945
f 2909 1515 1597
f 2948 2947 2946
f 2946 2945 1600
f 2946 1600 2948
f 2940 2935 2945
f 2940 2945 2946
f 2940 2946 2947
f 2948 2949 2947
f 2951 2950 2940
f 2940 2947 2951
f 2951 2947 2949
f 1603 2948 1600
f 1605 2949 2948
f 2948 1603 1605
f 2938 2779 2749
f 2952 2785 2779
f 2779 2938 2952
f 2953 2952 2938
f 2938 2941 2953
f 2954 2787 2785
f 2785 2952 2954
f 2955 2954 2952
f 2952 2953 2955
f 2942 2956 2953
f 2941 2942 2953
f 2950 2957 2956
f 2950 2956 2942
f 2956 2958 2955
f 2955 2953 2956
f 2959 2958 2956
f 2956 2957 2959
f 2958 2959 2960
f 2951 2949 2966
f 2949 1605 2961
f 2961 1605 1606
f 2966 2949 2961
f 2961 1606 2962
f 2961 2963 2966
f 2963 2961 2962
f 2963 2962 2964
f 2951 2965 2957
f 2957 2950 2951
f 2966 2965 2951
f 2959 2957 2965
f 2965 2966 2967
f 2959 2965 2968
f 2968 2960 2959
f 2968 2965 2967
f 2968 2967 2969
f 2963 2970 2967
f 2963 2967 2966
f 2970 2963 2964
f 2971 2969 2967
f 2967 2970 2971
f 2964 2972 2970
f 2970 2972 2973
f 2971 2970 2973
f 2794 2787 2954
f 2794 2954 2974
f 2975 2974 2954
f 2954 2955 2975
f 2976 2796 2794
f 2794 2974 2976
f 2975 2977 2976
f 2976 2974 2975
f 2975 2955 2958
f 2975 2958 2978
f 2978 2958 2960
f 2978 2960 2979
f 2977 2975 2978
f 2977 2978 2980
f 2980 2978 2979
f 2980 2979 2981
f 2982 2801 2799
f 2799 2796 2976
f 2982 2799 2976
f 2976 2977 2982
f 2982 2977 2980
f 2988 2982 2980
f 2980 2981 2988
f 2982 2988 2983
f 2979 2960 2968
f 2979 2968 2984
f 2984 2968 2969
f 2984 2969 2985
f 2981 2979 2984
f 2981 2984 2986
f 2986 2984 2985
f 2986 2985 2987
f 2995 2985 2969
f 2995 2969 2971
f 2995 2997 2987
f 2987 2985 2995
f 2989 2988 2981
f 2981 2986 2989
f 2990 2989 2986
f 2986 2987 2990
f 2991 2983 2988
f 2988 2989 2991
f 2992 2991 2989
f 2989 2990 2992
f 2997 2993 2990
f 2990 2987 2997
f 2994 2992 2990
f 2990 2993 2994
f 2993 3025 2994
f 2995 2971 2973
f 2995 2973 2996
f 2998 2997 2995
f 2995 2996 2998
f 2999 2993 2997
f 2997 2998 2999
f 2993 2999 3025
f 3000 2962 1606
f 1650 3000 1606
f 2964 2962 3000
f 1650 3001 3000
f 1651 1652 3002
f 1650 1651 3002
f 3002 3001 1650
f 3000 3001 3003
f 2964 3000 3003
f 3003 3001 3002
f 3003 3002 3004
f 3002 1652 1655
f 3002 1655 3005
f 1656 3006 3005
f 3005 1655 1656
f 3004 3002 3007
f 3002 3005 3007
f 3007 3005 3006
f 3007 3006 3008
f 2972 2964 3003
f 2972 3003 3009
f 3009 3003 3004
f 3009 3004 3010
f 2973 2972 3009
f 2973 3009 3011
f 3011 3009 3010
f 3011 3010 3012
f 3013 3010 3004
f 3013 3004 3007
f 3013 3016 3012
f 3012 3010 3013
f 3007 3014 3013
f 3014 3007 3008
f 3014 3008 3015
f 3016 3013 3014
f 3017 3016 3014
f 3014 3015 3017
f 3018 3006 1656
f 1656 1669 3018
f 1671 3018 1669
f 3018 1671 3019
f 3008 3006 3018
f 3008 3018 3020
f 3020 3018 3019
f 3020 3019 3021
f 3022 3021 3019
f 3019 1671 1672
f 3022 3019 1672
f 1672 1674 3022
f 3023 3017 3015
f 3015 3008 3020
f 3015 3020 3023
f 3020 3021 3023
f 3024 3023 3021
f 3021 3022 3024
f 3026 2996 2973
f 2973 3011 3026
f 3027 3026 3011
f 3011 3012 3027
f 3028 2998 2996
f 2996 3026 3028
f 3029 3028 3026
f 3026 3027 3029
f 3016 3030 3027
f 3027 3012 3016
f 3031 3029 3027
f 3027 3030 3031
f 3030 3032 3031
f 3030 3016 3017
f 3017 3033 3030
f 3030 3033 3032
f 3034 2999 2998
f 2998 3028 3034
f 3035 3034 3028
f 3028 3029 3035
f 2999 3034 3025
f 3034 3036 3025
f 3037 3036 3034
f 3034 3035 3037
f 3038 3035 3029
f 3029 3031 3038
f 3039 3038 3031
f 3031 3032 3039
f 3040 3037 3035
f 3035 3038 3040
f 3041 3040 3038
f 3038 3039 3041
f 3044 3032 3033
f 3023 3044 3033
f 3033 3017 3023
f 3044 3023 3042
f 3053 3042 3023
f 3053 3023 3024
f 3053 3024 3043
f 3045 3039 3044
f 3039 3032 3044
f 3042 3046 3045
f 3042 3045 3044
f 3047 3041 3039
f 3039 3045 3047
f 3047 3045 3046
f 3047 3046 3048
f 3042 3053 3049
f 3049 3046 3042
f 3053 3043 3050
f 3050 3049 3053
f 3048 3046 3049
f 3048 3049 3051
f 3051 3049 3050
f 3051 3050 3052
f 3054 2823 2821
f 3055 2827 2826
f 3056 2826 2823
f 2823 3054 3056
f 3054 3057 3056
f 2826 3056 3055
f 3056 3057 3058
f 3056 3058 3055
f 3099 3060 3058
f 3059 3099 3058
f 3058 3057 3059
f 3061 3060 3099
f 3063 2832 2831
f 3062 2830 2832
f 3062 2832 3063
f 3064 3062 3063
f 3062 2915 2716
f 2716 2830 3062
f 3062 3065 3066
f 3066 2915 3062
f 2915 3066 2916
f 3062 3064 3065
f 3067 3066 3065
f 2918 2916 3066
f 2918 3066 3067
f 3068 2920 2918
f 3068 2918 3067
f 3064 3074 3067
f 3067 3065 3064
f 3074 3069 3070
f 3070 3067 3074
f 3067 3070 3068
f 3063 2831 2827
f 3063 2827 3055
f 3071 3072 3063
f 3055 3071 3063
f 3063 3072 3064
f 3055 3058 3071
f 3073 3072 3071
f 3073 3074 3064
f 3064 3072 3073
f 3075 3076 3074
f 3075 3074 3073
f 3071 3058 3060
f 3073 3071 3060
f 3077 3073 3060
f 3077 3060 3061
f 3073 3077 3075
f 3074 3076 3069
f 3068 3078 2921
f 2921 2920 3068
f 3078 3079 3080
f 3080 2921 3078
f 3081 3070 3069
f 3078 3068 3070
f 3070 3081 3078
f 3082 3079 3078
f 3078 3081 3082
f 3083 3080 3079
f 3094 3083 3079
f 3094 3079 3082
f 3095 3084 3083
f 3095 3083 3094
f 3085 3076 3075
f 3086 3087 3077
f 3086 3077 3061
f 3088 3087 3086
f 3075 3077 3087
f 3075 3087 3085
f 3085 3087 3088
f 3088 3089 3085
f 3092 3089 3088
f 3088 3090 3092
f 3093 3092 3090
f 3090 3091 3093
f 3081 3069 3076
f 3076 3085 3081
f 3085 3089 3082
f 3082 3081 3085
f 3089 3092 3094
f 3094 3082 3089
f 3092 3093 3095
f 3095 3094 3092
f 2982 3054 2821
f 2821 2801 2982
f 3054 2982 3096
f 3098 3096 2982
f 3098 2982 2983
f 3098 2983 3097
f 3054 3096 3057
f 3059 3057 3096
f 3096 3098 3059
f 3098 3099 3059
f 3100 3099 3098
f 3098 3097 3100
f 3061 3099 3100
f 3107 3097 2983
f 3107 2983 2991
f 3102 3107 2991
f 2991 2992 3102
f 3107 3102 3101
f 3103 3102 2992
f 2992 2994 3103
f 3104 3103 2994
f 2994 3025 3104
f 3105 3101 3102
f 3102 3103 3105
f 3106 3105 3103
f 3103 3104 3106
f 3108 3100 3107
f 3100 3097 3107
f 3109 3108 3107
f 3110 3061 3100
f 3100 3108 3110
f 3111 3110 3108
f 3108 3109 3111
f 3107 3101 3109
f 3112 3113 3111
f 3111 3109 3112
f 3115 3114 3113
f 3115 3113 3112
f 3109 3101 3105
f 3112 3109 3105
f 3115 3112 3105
f 3105 3106 3115
f 3061 3110 3086
f 3086 3110 3111
f 3086 3111 3088
f 3088 3111 3113
f 3088 3113 3090
f 3091 3090 3113
f 3113 3114 3091
f 3117 3180 3119
f 3118 3436 3119
f 3118 3119 3180
f 3121 3122 3120
f 3095 3140 3120
f 3120 3084 3095
f 3123 3121 3120
f 3123 3120 3140
f 3124 3125 3122
f 3124 3122 3121
f 3126 3127 3125
f 3126 3125 3124
f 3129 3130 3128
f 3121 3123 3128
f 3121 3128 3124
f 3124 3128 3130
f 3124 3130 3126
f 3093 3091 3131
f 3093 3131 3133
f 3133 3131 3132
f 3133 3132 3134
f 3135 3136 3137
f 3138 3167 3139
f 3134 3132 3138
f 3134 3138 3135
f 3136 3135 3138
f 3138 3139 3136
f 3133 3140 3095
f 3133 3095 3093
f 3133 3134 3123
f 3123 3140 3133
f 3134 3135 3128
f 3134 3128 3123
f 3129 3128 3135
f 3135 3137 3129
f 3143 3144 3141
f 3466 3142 3144
f 3466 3144 3143
f 3126 3145 2922
f 2922 3127 3126
f 3145 3146 2923
f 3145 2923 2922
f 3149 3145 3130
f 3149 3130 3129
f 3141 3146 3145
f 3149 3141 3145
f 3126 3130 3145
f 3147 2927 3146
f 3147 3142 2928
f 2928 2927 3147
f 2923 3146 2927
f 3146 3141 3144
f 3146 3144 3147
f 3147 3144 3142
f 3136 3150 3149
f 3149 3137 3136
f 3148 3141 3149
f 3148 3149 3150
f 3167 3116 3150
f 3150 3139 3167
f 3148 3116 3117
f 3116 3148 3150
f 3150 3136 3139
f 3148 3151 3152
f 3151 3436 3466
f 3466 3152 3151
f 3143 3141 3148
f 3148 3152 3143
f 3143 3152 3466
f 3151 3148 3117
f 3117 3119 3151
f 3436 3151 3119
f 3149 3129 3137
f 3036 3153 3104
f 3025 3036 3104
f 3154 3153 3036
f 3155 3106 3104
f 3104 3153 3155
f 3156 3155 3153
f 3153 3154 3156
f 3159 3156 3154
f 3154 3157 3159
f 3159 3157 3158
f 3159 3158 3160
f 3163 3161 3114
f 3163 3114 3115
f 3163 3164 3162
f 3162 3161 3163
f 3163 3115 3106
f 3106 3155 3163
f 3164 3163 3155
f 3155 3156 3164
f 3164 3168 3166
f 3166 3162 3164
f 3165 3167 3166
f 3165 3166 3168
f 3164 3156 3159
f 3164 3159 3168
f 3165 3168 3159
f 3165 3159 3160
f 3036 3037 3154
f 3154 3037 3040
f 3154 3040 3157
f 3158 3157 3040
f 3040 3041 3158
f 3169 3170 3171
f 3160 3158 3169
f 3160 3169 3172
f 3172 3169 3171
f 3172 3171 3173
f 3170 3051 3176
f 3176 3171 3170
f 3051 3052 3177
f 3177 3176 3051
f 3174 3173 3171
f 3174 3171 3176
f 3175 3174 3176
f 3176 3177 3175
f 3178 3173 3179
f 3167 3165 3178
f 3167 3178 3116
f 3116 3178 3179
f 3116 3179 3117
f 3178 3165 3160
f 3160 3172 3178
f 3173 3178 3172
f 3174 3180 3179
f 3174 3179 3173
f 3175 3118 3180
f 3180 3174 3175
f 3180 3117 3179
f 3169 3158 3041
f 3041 3047 3169
f 3170 3169 3047
f 3047 3048 3170
f 3051 3170 3048
f 3131 3091 3114
f 3114 3161 3131
f 3132 3131 3161
f 3161 3162 3132
f 3138 3132 3162
f 3162 3166 3138
f 3167 3138 3166
f 896 642 2654
f 3181 908 896
f 3181 896 2654
f 3182 908 3181
f 908 3182 909
f 2668 3183 3181
f 3181 2654 2657
f 3181 2657 2668
f 3184 3182 3181
f 3184 3181 3183
f 3185 3186 913
f 913 909 3182
f 913 3182 3185
f 3187 914 913
f 3187 913 3186
f 3184 3188 3185
f 3185 3182 3184
f 3185 3188 3186
f 3188 3189 3187
f 3187 3186 3188
f 2668 2670 3183
f 2669 3190 3184
f 3184 3183 2670
f 3184 2670 2669
f 2669 2673 3190
f 3191 3189 3188
f 3190 3191 3188
f 3188 3184 3190
f 2672 3191 3190
f 3190 2673 2672
f 2672 2703 3191
f 3192 987 914
f 3192 914 3187
f 3192 3193 988
f 988 987 3192
f 3194 3192 3187
f 3194 3187 3189
f 3195 3193 3192
f 3195 3192 3194
f 3196 988 3193
f 3196 3193 3195
f 992 988 3196
f 992 3196 993
f 3197 3195 3194
f 3191 3197 3194
f 3194 3189 3191
f 3198 3196 3195
f 3198 3195 3197
f 3199 3202 999
f 3199 999 993
f 993 3196 3199
f 3202 3200 3217
f 3217 1000 999
f 3217 999 3202
f 3201 3202 3199
f 3198 3201 3199
f 3199 3196 3198
f 3201 3203 3204
f 3204 3202 3201
f 3202 3204 3200
f 2913 3205 3197
f 2913 3197 3191
f 2913 3191 2703
f 3207 3206 3198
f 3198 3197 3207
f 3197 3205 3207
f 2913 2917 3205
f 2917 2919 3207
f 3207 3205 2917
f 3208 3206 3207
f 3208 3207 2919
f 2919 2920 3208
f 3209 3201 3198
f 3209 3198 3206
f 3212 3214 3253
f 3253 3203 3201
f 3212 3253 3201
f 3201 3209 3212
f 2921 3080 3210
f 3210 3209 3206
f 3210 3206 3208
f 2921 3210 3208
f 3208 2920 2921
f 3211 3212 3209
f 3210 3211 3209
f 3211 3213 3214
f 3214 3212 3211
f 3215 3211 3210
f 3215 3210 3080
f 3216 3213 3211
f 3216 3211 3215
f 3219 3218 1000
f 3219 1000 3217
f 3220 1043 3218
f 3220 3218 3219
f 3221 3219 3217
f 3221 3217 3200
f 3222 3220 3219
f 3222 3219 3221
f 3220 3223 1047
f 1047 1043 3220
f 3223 3224 1048
f 1048 1047 3223
f 3225 3223 3220
f 3225 3220 3222
f 3225 3226 3224
f 3224 3223 3225
f 3203 3227 3228
f 3228 3204 3203
f 3229 3228 3227
f 3231 3232 3230
f 3228 3221 3200
f 3228 3200 3204
f 3233 3222 3221
f 3233 3221 3228
f 3228 3229 3233
f 3234 3225 3222
f 3234 3222 3233
f 3234 3235 3226
f 3226 3225 3234
f 3234 3233 3229
f 3229 3230 3234
f 3234 3230 3232
f 3234 3232 3235
f 3237 1058 1064
f 3237 1064 3236
f 3238 3236 3243
f 3238 3239 3237
f 3237 3236 3238
f 3224 3240 1061
f 1061 1048 3224
f 3240 3241 1062
f 1062 1061 3240
f 3226 3242 3240
f 3240 3224 3226
f 3242 3243 3241
f 3241 3240 3242
f 3241 3236 1064
f 1064 1062 3241
f 3243 3236 3241
f 3245 3246 3244
f 3247 3244 3232
f 3247 3232 3231
f 3248 3245 3244
f 3247 3248 3244
f 3249 3238 3243
f 3249 3243 3246
f 3249 3246 3245
f 3249 3250 3239
f 3239 3238 3249
f 3248 3252 3249
f 3249 3245 3248
f 3251 3250 3252
f 3250 3249 3252
f 3235 3244 3242
f 3242 3226 3235
f 3242 3244 3246
f 3246 3243 3242
f 3235 3232 3244
f 3254 3227 3203
f 3254 3203 3253
f 3255 3229 3227
f 3255 3227 3254
f 3256 3254 3253
f 3256 3253 3214
f 3257 3255 3254
f 3257 3254 3256
f 3258 3230 3229
f 3258 3229 3255
f 3258 3259 3231
f 3231 3230 3258
f 3260 3258 3255
f 3260 3255 3257
f 3260 3269 3259
f 3259 3258 3260
f 3213 3261 3262
f 3262 3214 3213
f 3263 3262 3261
f 3214 3262 3256
f 3257 3256 3262
f 3262 3263 3257
f 3264 3261 3213
f 3264 3213 3216
f 3264 3265 3263
f 3263 3261 3264
f 3266 3267 3263
f 3268 3269 3267
f 3268 3267 3266
f 3257 3263 3267
f 3257 3267 3260
f 3260 3267 3269
f 3265 3125 3266
f 3266 3263 3265
f 3125 3127 3268
f 3268 3266 3125
f 3259 3270 3247
f 3247 3231 3259
f 3270 3271 3248
f 3248 3247 3270
f 3269 3272 3270
f 3270 3259 3269
f 3270 3272 3273
f 3273 3271 3270
f 3275 3251 3274
f 3271 3274 3252
f 3252 3248 3271
f 3252 3274 3251
f 3276 3274 3273
f 3276 3287 3275
f 3275 3274 3276
f 3271 3273 3274
f 3277 3272 3269
f 3277 3269 3268
f 3277 2924 3273
f 3273 3272 3277
f 2922 3277 3268
f 2922 3268 3127
f 3277 2922 2924
f 2924 2925 3276
f 3276 3273 2924
f 3276 2925 3287
f 3080 3083 3215
f 3216 3215 3083
f 3083 3084 3216
f 3216 3084 3120
f 3216 3120 3264
f 3264 3120 3122
f 3264 3122 3265
f 3265 3122 3125
f 3702 3278 1344
f 3278 3702 3703
f 3708 3291 3278
f 3278 3703 3708
f 3292 3291 3708
f 3708 3286 3292
f 3278 3280 1347
f 1347 1344 3278
f 3279 1348 1347
f 3279 1347 3280
f 3310 3282 3279
f 3279 3281 3310
f 3278 3291 3315
f 3315 3283 3280
f 3315 3280 3278
f 3281 3279 3280
f 3281 3280 3283
f 3285 3286 3289
f 3288 3289 3287
f 3288 3293 3285
f 3288 3285 3289
f 3290 3291 3295
f 3285 3295 3292
f 3292 3286 3285
f 3292 3295 3291
f 3294 3295 3293
f 3294 3306 3290
f 3290 3295 3294
f 3285 3293 3295
f 3298 3306 3297
f 3300 3297 3296
f 3300 3299 3298
f 3298 3297 3300
f 3302 3293 3301
f 2926 3301 3288
f 2926 3288 3287
f 3288 3301 3293
f 3465 3301 2928
f 3465 3296 3302
f 3302 3301 3465
f 2926 2928 3301
f 3302 3297 3294
f 3302 3294 3293
f 3294 3297 3306
f 3302 3296 3297
f 3304 3305 3303
f 3307 3308 3306
f 3309 3304 3303
f 3307 3309 3303
f 3303 3308 3307
f 3311 3310 3281
f 3311 3281 3305
f 3311 3305 3304
f 3311 3314 3282
f 3282 3310 3311
f 3313 3314 3312
f 3309 3312 3311
f 3311 3304 3309
f 3311 3312 3314
f 3290 3308 3315
f 3315 3291 3290
f 3315 3303 3305
f 3305 3283 3315
f 3303 3315 3308
f 3290 3306 3308
f 3283 3305 3281
f 3298 3316 3307
f 3307 3306 3298
f 3307 3316 3317
f 3317 3309 3307
f 3318 3316 3299
f 3319 3317 3316
f 3318 3319 3316
f 3298 3299 3316
f 3320 3312 3317
f 3320 3321 3313
f 3313 3312 3320
f 3309 3317 3312
f 3319 3452 3320
f 3320 3317 3319
f 3284 3321 3320
f 3284 3320 3452
f 3322 3323 1376
f 1376 1375 3322
f 3329 3324 3584
f 3584 1377 1376
f 3584 1376 3329
f 1376 3323 3329
f 3367 3325 3328
f 3328 3323 3322
f 3328 3322 3367
f 3326 3327 3324
f 3324 3329 3326
f 3330 3329 3323
f 3330 3323 3328
f 3330 3326 3329
f 3327 3326 3331
f 3332 3330 3328
f 3332 3328 3325
f 3332 3331 3326
f 3326 3330 3332
f 3333 1380 1348
f 3333 1348 3279
f 3333 3334 1381
f 1381 1380 3333
f 3360 3358 3333
f 3360 3333 3279
f 3279 3282 3360
f 3358 3335 3334
f 3334 3333 3358
f 3334 3322 1375
f 1375 1381 3334
f 3367 3322 3334
f 3334 3335 3367
f 3337 3338 3336
f 3341 3339 3338
f 3341 3338 3337
f 3341 3342 3340
f 3340 3339 3341
f 3343 3325 3367
f 3343 3367 3368
f 3345 3343 3368
f 3345 3368 3344
f 3347 3332 3325
f 3347 3325 3343
f 3347 3346 3331
f 3331 3332 3347
f 3345 3349 3347
f 3347 3343 3345
f 3349 3348 3346
f 3346 3347 3349
f 3350 3344 3340
f 3350 3351 3345
f 3345 3344 3350
f 3342 3352 3350
f 3350 3340 3342
f 3352 3353 3351
f 3351 3350 3352
f 3351 3355 3349
f 3349 3345 3351
f 3354 3348 3349
f 3354 3349 3355
f 3356 3354 3519
f 3353 3519 3355
f 3355 3351 3353
f 3519 3354 3355
f 3359 3358 3357
f 3357 3360 3282
f 3357 3282 3314
f 3360 3357 3358
f 3361 3357 3314
f 3361 3314 3313
f 3361 3362 3359
f 3359 3357 3361
f 3365 3363 3366
f 3359 3366 3335
f 3335 3358 3359
f 3365 3366 3359
f 3359 3362 3365
f 3321 3364 3361
f 3361 3313 3321
f 3364 3338 3362
f 3362 3361 3364
f 3321 3284 3336
f 3321 3336 3364
f 3364 3336 3338
f 3338 3339 3365
f 3365 3362 3338
f 3365 3339 3340
f 3340 3363 3365
f 3366 3368 3367
f 3367 3335 3366
f 3344 3368 3366
f 3344 3366 3363
f 3363 3340 3344
f 3022 1674 2173
f 3022 2173 3369
f 3370 3369 2173
f 2173 2178 3370
f 3371 3024 3022
f 3022 3369 3371
f 3372 3371 3369
f 3369 3370 3372
f 2178 3373 3370
f 3374 3375 3372
f 3373 3374 3372
f 3372 3370 3373
f 3376 3377 3375
f 3376 3375 3374
f 3043 3024 3371
f 3043 3371 3378
f 3379 3378 3371
f 3371 3372 3379
f 3380 3477 3050
f 3050 3043 3378
f 3050 3378 3380
f 3385 3380 3378
f 3378 3379 3385
f 3484 3385 3486
f 3386 3379 3372
f 3386 3372 3375
f 3386 3375 3390
f 3375 3393 3390
f 3400 3393 3375
f 3375 3377 3400
f 3393 3400 3384
f 3387 3385 3379
f 3379 3386 3387
f 3388 3387 3386
f 3386 3390 3388
f 3389 3486 3385
f 3385 3387 3389
f 3381 3389 3387
f 3387 3388 3381
f 3390 3393 3391
f 3391 3388 3390
f 3384 3392 3391
f 3384 3391 3393
f 3381 3388 3391
f 3381 3391 3382
f 3383 3382 3391
f 3391 3392 3383
f 3376 3394 3401
f 3401 3377 3376
f 3402 3400 3377
f 3377 3401 3402
f 3403 3402 3401
f 3403 3401 3394
f 3404 3384 3400
f 3400 3402 3404
f 3405 3404 3402
f 3402 3403 3405
f 3717 3406 3403
f 3717 3403 3394
f 3407 3406 3717
f 3408 3405 3403
f 3403 3406 3408
f 3409 3408 3406
f 3406 3407 3409
f 3404 3410 3392
f 3404 3392 3384
f 3405 3411 3410
f 3405 3410 3404
f 3396 3383 3392
f 3392 3410 3396
f 3397 3396 3410
f 3410 3411 3397
f 3412 3413 3411
f 3412 3411 3405
f 3414 3413 3412
f 3398 3397 3411
f 3411 3413 3398
f 3399 3398 3413
f 3413 3414 3399
f 3405 3408 3412
f 3412 3408 3409
f 3412 3409 3414
f 3417 3418 3419
f 3422 3409 3407
f 3407 3420 3422
f 3422 3420 3421
f 3422 3421 3423
f 3421 3424 3425
f 3424 3395 3426
f 3426 3425 3424
f 3423 3421 3425
f 3423 3425 3427
f 3427 3425 3426
f 3427 3426 3681
f 3415 3399 3414
f 3414 3428 3415
f 3415 3428 3429
f 3415 3429 3416
f 3414 3409 3422
f 3414 3422 3428
f 3429 3428 3422
f 3422 3423 3429
f 3429 3430 3431
f 3430 3681 3432
f 3432 3431 3430
f 3417 3416 3429
f 3429 3431 3417
f 3418 3417 3431
f 3431 3432 3418
f 3430 3429 3423
f 3423 3427 3430
f 3681 3430 3427
f 3434 3435 3433
f 3438 3439 3437
f 3441 3442 3440
f 3436 3118 3440
f 3436 3440 3437
f 3438 3437 3440
f 3440 3442 3438
f 3444 3433 3439
f 3444 3439 3438
f 3444 3446 3434
f 3434 3433 3444
f 3443 3444 3442
f 3443 3442 3441
f 3445 3446 3444
f 3445 3444 3443
f 3444 3438 3442
f 3449 3447 3435
f 3449 3435 3434
f 3450 3448 3447
f 3449 3450 3447
f 3451 3452 3448
f 3453 3284 3452
f 3453 3452 3451
f 3450 3454 3451
f 3451 3448 3450
f 3454 3455 3453
f 3453 3451 3454
f 3446 3457 3449
f 3449 3434 3446
f 3457 3459 3450
f 3450 3449 3457
f 3456 3457 3446
f 3456 3446 3445
f 3458 3459 3457
f 3458 3457 3456
f 3459 3462 3454
f 3454 3450 3459
f 3460 3455 3454
f 3460 3454 3462
f 3461 3462 3459
f 3461 3459 3458
f 3463 3460 3462
f 3463 3462 3461
f 3464 3465 3142
f 3464 3469 3296
f 3296 3465 3464
f 3468 3469 3467
f 3466 3467 3464
f 3466 3464 3142
f 3464 3467 3469
f 3470 3471 3469
f 3472 3299 3471
f 3472 3471 3470
f 3296 3469 3471
f 3471 3300 3296
f 3300 3471 3299
f 3468 3433 3470
f 3470 3469 3468
f 3470 3433 3435
f 3470 3435 3472
f 2928 3142 3465
f 3436 3437 3467
f 3436 3467 3466
f 3467 3437 3439
f 3467 3439 3468
f 3468 3439 3433
f 3472 3447 3318
f 3318 3299 3472
f 3447 3448 3319
f 3447 3319 3318
f 3472 3435 3447
f 3319 3448 3452
f 3175 3473 3474
f 3473 3475 3476
f 3476 3474 3473
f 3052 3477 3478
f 3478 3177 3052
f 3477 3380 3479
f 3479 3478 3477
f 3473 3175 3177
f 3177 3478 3473
f 3475 3473 3478
f 3478 3479 3475
f 3480 3481 3476
f 3480 3476 3475
f 3482 3483 3481
f 3482 3481 3480
f 3484 3485 3479
f 3484 3479 3380
f 3486 3487 3485
f 3485 3484 3486
f 3480 3475 3479
f 3479 3485 3480
f 3480 3485 3487
f 3480 3487 3482
f 3440 3118 3175
f 3175 3474 3440
f 3441 3440 3474
f 3474 3476 3441
f 3443 3441 3476
f 3476 3481 3443
f 3445 3443 3481
f 3481 3483 3445
f 3477 3052 3050
f 3484 3380 3385
f 3482 3488 3489
f 3489 3483 3482
f 3488 3490 3491
f 3491 3489 3488
f 3486 3389 3492
f 3492 3487 3486
f 3389 3381 3493
f 3493 3492 3389
f 3482 3487 3492
f 3482 3492 3488
f 3488 3492 3493
f 3488 3493 3490
f 3490 3496 3494
f 3494 3491 3490
f 3496 3495 3463
f 3463 3494 3496
f 3381 3382 3496
f 3381 3496 3493
f 3496 3382 3383
f 3496 3383 3495
f 3496 3490 3493
f 3456 3445 3483
f 3483 3489 3456
f 3456 3489 3491
f 3456 3491 3458
f 3458 3491 3494
f 3458 3494 3461
f 3461 3494 3463
f 3453 3497 3336
f 3336 3284 3453
f 3497 3498 3337
f 3337 3336 3497
f 3455 3499 3497
f 3497 3453 3455
f 3499 3501 3498
f 3498 3497 3499
f 3498 3500 3341
f 3341 3337 3498
f 3500 3504 3342
f 3342 3341 3500
f 3503 3504 3502
f 3498 3501 3502
f 3502 3500 3498
f 3500 3502 3504
f 3508 3509 3507
f 3510 3511 3460
f 3512 3501 3511
f 3512 3511 3510
f 3455 3460 3511
f 3455 3511 3499
f 3499 3511 3501
f 3463 3505 3510
f 3510 3460 3463
f 3505 3506 3512
f 3505 3512 3510
f 3513 3502 3501
f 3512 3513 3501
f 3513 3509 3503
f 3503 3502 3513
f 3512 3506 3507
f 3512 3507 3513
f 3513 3507 3509
f 3504 3514 3352
f 3352 3342 3504
f 3514 3515 3353
f 3514 3353 3352
f 3516 3514 3504
f 3516 3504 3503
f 3517 3515 3514
f 3516 3517 3514
f 3518 3519 3515
f 3519 3520 3356
f 3520 3519 3518
f 3353 3515 3519
f 3517 3521 3518
f 3518 3515 3517
f 3521 3528 3520
f 3520 3518 3521
f 3522 3523 3509
f 3522 3509 3508
f 3524 3525 3523
f 3524 3523 3522
f 3527 3528 3526
f 3524 3529 3526
f 3526 3525 3524
f 3529 3695 3527
f 3527 3526 3529
f 3509 3523 3516
f 3516 3503 3509
f 3523 3525 3517
f 3517 3516 3523
f 3526 3521 3517
f 3526 3517 3525
f 3521 3526 3528
f 3531 3505 3463
f 3531 3463 3495
f 3530 3506 3505
f 3531 3530 3505
f 3495 3383 3396
f 3495 3396 3531
f 3530 3531 3396
f 3530 3396 3397
f 3507 3506 3530
f 3530 3532 3507
f 3508 3507 3532
f 3532 3533 3508
f 3532 3530 3397
f 3397 3398 3532
f 3533 3532 3398
f 3398 3399 3533
f 3522 3508 3533
f 3533 3534 3522
f 3522 3534 3535
f 3522 3535 3524
f 3534 3533 3399
f 3399 3415 3534
f 3535 3534 3415
f 3415 3416 3535
f 3536 3537 3535
f 3538 3695 3537
f 3538 3537 3536
f 3524 3535 3537
f 3524 3537 3529
f 3529 3537 3695
f 3535 3416 3417
f 3535 3417 3536
f 3536 3417 3419
f 3536 3419 3538
f 3540 1459 1458
f 3540 1458 3539
f 3541 3539 1458
f 1458 1461 3541
f 3543 3540 3539
f 3543 3539 3542
f 3544 3542 3539
f 3539 3541 3544
f 3582 3545 1465
f 1465 1464 3582
f 3590 3546 3545
f 3548 1461 1466
f 3548 1466 3547
f 3541 1461 3548
f 3547 1466 1465
f 3547 1465 3545
f 3550 3548 3547
f 3550 3547 3549
f 3544 3541 3548
f 3544 3548 3550
f 3564 3549 3547
f 3564 3547 3545
f 3564 3545 3546
f 3551 3543 3542
f 3556 3551 3542
f 3556 3542 3544
f 3552 3556 3544
f 3554 3555 3553
f 3553 3551 3556
f 3553 3556 3557
f 3557 3556 3552
f 3557 3552 3558
f 3554 3553 3557
f 3554 3557 3559
f 3560 3561 3558
f 3561 3559 3557
f 3557 3558 3561
f 3566 3563 3550
f 3550 3549 3566
f 3563 3566 3562
f 3563 3552 3544
f 3563 3544 3550
f 3566 3549 3564
f 3566 3564 3565
f 3596 3565 3564
f 3564 3546 3596
f 3562 3566 3565
f 3562 3565 3567
f 3598 3567 3565
f 3565 3596 3598
f 3568 3569 3563
f 3563 3562 3568
f 3570 3571 3569
f 3569 3568 3570
f 3569 3558 3552
f 3552 3563 3569
f 3560 3558 3569
f 3560 3569 3571
f 3568 3562 3567
f 3568 3567 3572
f 3604 3572 3567
f 3567 3598 3604
f 3573 3570 3568
f 3568 3572 3573
f 3573 3572 3604
f 3573 3604 3606
f 2277 602 1459
f 2277 1459 3540
f 2279 2277 3540
f 2279 3540 3543
f 3574 2297 2279
f 3574 2279 3543
f 3574 3543 3551
f 2305 2297 3574
f 2305 3574 3575
f 3553 3575 3574
f 3574 3551 3553
f 2307 2305 3575
f 2307 3575 3555
f 3575 3553 3555
f 3577 1468 3579
f 3577 3578 3576
f 3578 3577 3579
f 3579 3580 3578
f 3580 3579 3585
f 3576 3581 1464
f 3581 3576 3578
f 3581 3582 1464
f 3581 3578 3583
f 3581 3583 3545
f 3545 3582 3581
f 3580 3583 3578
f 3584 3579 1468
f 1468 1377 3584
f 3324 3585 3579
f 3579 3584 3324
f 3586 3587 3580
f 3580 3585 3586
f 3587 3586 3588
f 3589 3590 3545
f 3545 3583 3589
f 3587 3589 3583
f 3583 3580 3587
f 3546 3590 3589
f 3546 3589 3591
f 3591 3589 3587
f 3591 3587 3588
f 3592 3585 3324
f 3592 3324 3327
f 3592 3586 3585
f 3593 3592 3327
f 3593 3327 3331
f 3593 3588 3586
f 3586 3592 3593
f 3596 3546 3591
f 3596 3591 3597
f 3597 3591 3588
f 3597 3588 3594
f 3598 3596 3597
f 3598 3597 3599
f 3599 3597 3594
f 3599 3594 3595
f 3600 3593 3331
f 3600 3331 3346
f 3600 3594 3588
f 3588 3593 3600
f 3601 3600 3346
f 3601 3346 3348
f 3601 3595 3594
f 3594 3600 3601
f 3604 3598 3599
f 3604 3599 3605
f 3602 3605 3599
f 3599 3595 3602
f 3606 3604 3605
f 3606 3605 3607
f 3603 3607 3605
f 3605 3602 3603
f 3354 3608 3601
f 3601 3348 3354
f 3602 3595 3601
f 3602 3601 3608
f 3356 3609 3608
f 3608 3354 3356
f 3603 3602 3608
f 3603 3608 3609
f 3610 3613 3555
f 3555 3554 3610
f 3612 3613 3611
f 3610 3611 3613
f 3611 3610 3614
f 3610 3554 3559
f 3610 3559 3616
f 3615 3616 3561
f 3561 3560 3615
f 3559 3561 3616
f 3617 3614 3610
f 3610 3616 3617
f 3617 3616 3615
f 3617 3615 3618
f 3619 2403 3612
f 3612 3611 3619
f 3619 3611 3614
f 3619 3614 3626
f 3620 2452 2403
f 2403 3619 3620
f 3620 3626 3621
f 3626 3620 3619
f 3623 3622 3624
f 3625 3626 3617
f 3614 3617 3626
f 3625 3617 3618
f 3625 3618 3622
f 3625 3621 3626
f 3623 3621 3625
f 3622 3623 3625
f 3628 3629 3627
f 3633 3630 3629
f 3629 3628 3633
f 3631 3630 3678
f 3678 3633 3632
f 3633 3678 3630
f 3635 3634 3571
f 3571 3570 3635
f 3636 3634 3635
f 3636 3635 3642
f 3615 3560 3571
f 3615 3571 3634
f 3636 3618 3615
f 3615 3634 3636
f 3635 3570 3573
f 3635 3573 3637
f 3637 3573 3606
f 3637 3606 3627
f 3638 3642 3637
f 3635 3637 3642
f 3629 3638 3637
f 3637 3627 3629
f 3639 3622 3636
f 3641 3642 3640
f 3641 3639 3636
f 3636 3642 3641
f 3644 3645 3643
f 3624 3622 3639
f 3624 3639 3645
f 3624 3645 3644
f 3640 3643 3645
f 3645 3641 3640
f 3643 3640 3631
f 3641 3645 3639
f 3636 3622 3618
f 3638 3640 3642
f 3640 3638 3630
f 3629 3630 3638
f 3640 3630 3631
f 3647 3648 3646
f 3650 3651 3649
f 3653 3654 3652
f 2440 3655 3650
f 3655 2440 2441
f 3655 2441 3653
f 3655 3656 3651
f 3655 3651 3650
f 3652 3656 3655
f 3653 3652 3655
f 3649 3651 3659
f 3657 3649 3659
f 3659 3658 3657
f 3395 3658 3660
f 3660 3658 3659
f 3660 3659 3679
f 3652 3654 3647
f 3661 3652 3647
f 3661 3662 3679
f 3647 3646 3662
f 3647 3662 3661
f 3659 3651 3656
f 3659 3656 3661
f 3661 3656 3652
f 3679 3659 3661
f 3665 2447 2448
f 2448 3667 3665
f 3665 3667 3663
f 3666 3665 3663
f 3666 3663 3664
f 2451 2452 3620
f 3667 2451 3620
f 3663 3667 3620
f 3620 3621 3663
f 3621 3664 3663
f 3667 2448 2451
f 3664 3623 3669
f 3669 3670 3668
f 3669 3623 3624
f 3624 3670 3669
f 3666 3669 3647
f 3669 3666 3664
f 3647 3669 3668
f 3668 3648 3647
f 3623 3664 3621
f 2456 2457 3665
f 2456 3665 3653
f 3665 2457 2447
f 3665 3666 3654
f 3665 3654 3653
f 3653 2441 2456
f 3647 3654 3666
f 3672 3631 3677
f 3673 3646 3648
f 3673 3648 3672
f 3671 3673 3677
f 3677 3673 3672
f 3676 3632 3674
f 3675 3671 3676
f 3675 3674 3419
f 3675 3419 3418
f 3676 3674 3675
f 3677 3678 3676
f 3677 3631 3678
f 3632 3676 3678
f 3677 3676 3671
f 3679 3680 3682
f 3682 3683 3681
f 3683 3680 3671
f 3680 3683 3682
f 3426 3395 3660
f 3426 3660 3682
f 3679 3682 3660
f 3682 3681 3426
f 3680 3662 3673
f 3662 3680 3679
f 3673 3662 3646
f 3671 3680 3673
f 3675 3681 3683
f 3681 3675 3432
f 3675 3683 3671
f 3418 3432 3675
f 3668 3670 3644
f 3668 3644 3643
f 3672 3668 3643
f 3644 3670 3624
f 3631 3672 3643
f 3672 3648 3668
f 2473 2307 3555
f 2473 3555 3613
f 2473 3613 3612
f 3684 3603 3687
f 3686 3687 3685
f 3687 3688 3684
f 3688 3687 3686
f 3690 3627 3606
f 3606 3607 3690
f 3627 3690 3689
f 3684 3689 3690
f 3690 3607 3603
f 3690 3603 3684
f 3692 3689 3691
f 3628 3627 3689
f 3628 3689 3692
f 3691 3689 3684
f 3691 3684 3688
f 3520 3687 3609
f 3609 3356 3520
f 3687 3603 3609
f 3520 3685 3687
f 3685 3520 3528
f 3694 3686 3685
f 3694 3685 3528
f 3694 3528 3527
f 3694 3693 3688
f 3688 3686 3694
f 3632 3693 3696
f 3527 3695 3696
f 3696 3694 3527
f 3694 3696 3693
f 3692 3691 3693
f 3633 3692 3693
f 3633 3628 3692
f 3688 3693 3691
f 3693 3632 3633
f 3538 3674 3696
f 3696 3695 3538
f 3696 3674 3632
f 3538 3419 3674
f 3237 3698 1503
f 1503 1058 3237
f 3697 1501 1503
f 3697 1503 3698
f 3700 3699 3697
f 3239 3700 3698
f 3698 3237 3239
f 3700 3697 3698
f 3697 3701 1506
f 1506 1501 3697
f 3702 1344 1506
f 3702 1506 3701
f 3699 3703 3701
f 3701 3697 3699
f 3702 3701 3703
f 3705 3706 3699
f 3699 3700 3705
f 3706 3705 3704
f 3250 3704 3705
f 3705 3700 3239
f 3705 3239 3250
f 3707 3704 3251
f 3707 3286 3706
f 3706 3704 3707
f 3250 3251 3704
f 3708 3703 3699
f 3708 3699 3706
f 3708 3706 3286
f 3275 3289 3707
f 3707 3251 3275
f 3707 3289 3286
f 3275 3287 3289
f 3373 2178 2481
f 2481 3709 3373
f 3710 3709 2481
f 2481 2482 3710
f 3373 3709 3374
f 3374 3709 3710
f 3374 3710 3376
f 3711 3710 2482
f 2482 2507 3711
f 3714 3711 2507
f 3714 2507 2508
f 3714 2508 3712
f 3713 3376 3710
f 3710 3711 3713
f 3394 3376 3713
f 3715 3713 3711
f 3711 3714 3715
f 3716 3715 3714
f 3714 3712 3716
f 3717 3394 3713
f 3713 3715 3717
f 3718 3717 3715
f 3715 3716 3718
f 3725 3712 2508
f 3720 3725 2508
f 2508 2515 3720
f 3725 3720 3719
f 3720 2518 3721
f 3721 2518 2519
f 3721 2519 3722
f 3719 3720 3721
f 3719 3721 3723
f 3723 3721 3722
f 3723 3722 3724
f 3720 2515 2518
f 3726 3716 3712
f 3712 3725 3726
f 3726 3725 3719
f 3726 3719 3727
f 3728 3718 3716
f 3716 3726 3728
f 3728 3726 3727
f 3728 3727 3729
f 3727 3719 3723
f 3727 3723 3730
f 3730 3723 3724
f 3730 3724 3731
f 3729 3727 3730
f 3729 3730 3732
f 3395 3732 3730
f 3730 3731 3395
f 3717 3718 3407
f 3407 3718 3728
f 3407 3728 3420
f 3421 3420 3728
f 3728 3729 3421
f 3424 3421 3729
f 3729 3732 3424
f 3424 3732 3395
f 3722 2519 2529
f 3722 2529 3733
f 3733 2529 2530
f 3733 2530 3650
f 3724 3722 3733
f 3724 3733 3649
f 3650 3649 3733
f 3650 2530 2440
f 3658 3731 3724
f 3657 3658 3724
f 3724 3649 3657
f 3395 3731 3658
