# Created by meshio v5.3.5, 2026-07-28T11:32:09.087768
v 1.5656757354736328 -4.942307472229004 -2.7175405025482178
v 4.018459796905518 -5.109314441680908 -1.996402382850647
v 3.9142861366271973 -5.121962070465088 -2.3435556888580322
v 3.8900318145751953 -5.134116172790527 -2.220634937286377
v 4.779874801635742 -5.048987865447998 -2.1725525856018066
v 4.543313503265381 -5.079833030700684 -2.2237067222595215
v 4.544645309448242 -5.079715728759766 -2.090813636779785
v 1.6173930168151855 -4.710569858551025 -2.088167428970337
v 2.2843873500823975 -4.798758029937744 -1.933064579963684
v 1.7548129558563232 -4.529759407043457 -1.8471977710723877
v 2.4401373863220215 -4.616990089416504 -1.7143925428390503
v 1.9476677179336548 -4.3225789070129395 -1.6591835021972656
v 2.6964025497436523 -5.04817008972168 -2.2578091621398926
v 2.7582409381866455 -5.048464298248291 -2.5002217292785645
v 1.8414167165756226 -4.891043663024902 -2.38594126701355
v 1.5209318399429321 -4.8502984046936035 -2.455339193344116
v 1.5203046798706055 -4.802431106567383 -2.3144493103027344
v 2.117950916290283 -4.942019462585449 -2.3393964767456055
v 2.140559673309326 -4.892167568206787 -2.149855613708496
v 2.3077876567840576 -4.991252899169922 -2.5686912536621094
v 2.143828868865967 -4.959040641784668 -2.464406967163086
v 3.281318426132202 -5.103935241699219 -2.149409294128418
v 2.7652299404144287 -4.967498779296875 -1.9748724699020386
v 3.41782283782959 -5.00076961517334 -1.8250110149383545
v -5.068678855895996 -8.108695983886719 -7.822653770446777
v -4.849689483642578 -8.263079643249512 -8.95812702178955
v -5.092221260070801 -8.227424621582031 -8.81653881072998
v -4.186334609985352 -8.214424133300781 -8.13303279876709
v -4.479403018951416 -8.25404167175293 -8.514215469360352
v -4.463508605957031 -8.181791305541992 -7.967616081237793
v -5.00967264175415 -8.23564338684082 -10.270648956298828
v -4.441564083099365 -8.229513168334961 -11.019968032836914
v -4.9986371994018555 -8.06203842163086 -11.568395614624023
v -3.5634095668792725 -8.261310577392578 -8.568193435668945
v -3.8505146503448486 -8.307315826416016 -8.981425285339355
v -3.8359076976776123 -8.245148658752441 -8.366914749145508
v -3.5905685424804688 -8.317551612854004 -9.934890747070312
v -3.8381409645080566 -8.31265926361084 -10.275941848754883
v -3.851201295852661 -8.3314790725708 -9.690311431884766
v -3.097553014755249 -8.257951736450195 -9.172460556030273
v -4.184825420379639 -8.32081413269043 -9.42011833190918
v -4.48008918762207 -8.309165000915527 -9.786563873291016
v -4.483829975128174 -8.299848556518555 -9.200966835021973
v -5.634482383728027 -7.941716194152832 -7.385199546813965
v -6.221238613128662 -7.921716690063477 -7.9427714347839355
v -6.195558071136475 -7.807574272155762 -7.277966499328613
v -6.684059143066406 -7.665332794189453 -7.19624137878418
v -7.28359317779541 -7.557228088378906 -7.66874361038208
v -7.270580291748047 -7.4690728187561035 -7.059268474578857
v -6.569444179534912 -7.854238510131836 -8.219661712646484
v -7.265656471252441 -7.60470724105835 -8.646576881408691
v -7.28240442276001 -7.590885639190674 -8.06356143951416
v -7.784743785858154 -7.271167278289795 -7.003410339355469
v -8.263951301574707 -7.033792495727539 -7.101875305175781
v -8.691043853759766 -6.714583873748779 -7.2546772956848145
v -9.017769813537598 -6.3783769607543945 -7.213785648345947
v -7.774757385253906 -7.351037979125977 -7.967648983001709
v -8.22481632232666 -7.05755615234375 -8.051837921142578
v -7.730400562286377 -7.334277153015137 -8.803389549255371
v -8.163420677185059 -7.0068488121032715 -8.85515022277832
v -8.629192352294922 -6.692492961883545 -8.175997734069824
v -9.024468421936035 -6.288222312927246 -7.954487323760986
v -8.570839881896973 -6.634475231170654 -8.827695846557617
v -8.970279693603516 -6.240582466125488 -8.566601753234863
v -5.691651821136475 -8.128840446472168 -9.824159622192383
v -6.185277938842773 -7.960490703582764 -10.172526359558105
v -6.208665370941162 -7.995503902435303 -9.606367111206055
v -6.751657485961914 -7.802486896514893 -9.419107437133789
v -7.223726749420166 -7.568410396575928 -9.471444129943848
v -6.678651332855225 -7.71864128112793 -10.435256958007812
v -7.10294771194458 -7.347853660583496 -10.974233627319336
v -5.669430732727051 -8.109247207641602 -8.535381317138672
v -6.220142364501953 -7.997530937194824 -9.061904907226562
v -5.606904983520508 -8.043862342834473 -10.903182983398438
v -5.290611267089844 -7.941205024719238 -11.796298027038574
v -5.553205490112305 -7.918564796447754 -11.598005294799805
v -6.012172698974609 -7.623687267303467 -11.986236572265625
v -6.130265235900879 -7.796915054321289 -11.254392623901367
v -6.624980926513672 -7.609900951385498 -11.0629243850708
v -7.045036315917969 -7.228417873382568 -11.484065055847168
v -6.479426860809326 -7.346301555633545 -12.055041313171387
v -6.9282026290893555 -7.036308288574219 -12.088215827941895
v -7.664932727813721 -7.251630783081055 -9.71158218383789
v -7.694051265716553 -7.293384075164795 -9.318267822265625
v -8.11683464050293 -6.947270393371582 -9.398087501525879
v -7.543137073516846 -7.021557331085205 -10.992266654968262
v -8.00395393371582 -6.74646520614624 -10.631361961364746
v -8.613496780395508 -6.401374816894531 -9.64360237121582
v -8.410398483276367 -6.367735385894775 -10.576813697814941
v -8.798449516296387 -5.963375568389893 -10.467863082885742
v -8.853816032409668 -6.076035499572754 -9.8296480178833
v -7.4805097579956055 -6.895513534545898 -11.491435050964355
v -7.901437282562256 -6.536857604980469 -11.470756530761719
v -7.950865745544434 -6.633665561676025 -11.103751182556152
v -7.362569332122803 -6.701775550842285 -12.093910217285156
v -7.785338401794434 -6.346546649932861 -12.076685905456543
v -8.331849098205566 -6.192020893096924 -11.295273780822754
v -8.523365020751953 -5.942503452301025 -11.391889572143555
v -8.685369491577148 -5.718958854675293 -11.484445571899414
v -8.198283195495605 -5.973538875579834 -12.040557861328125
v -8.597859382629395 -5.577129364013672 -11.978790283203125
v -9.376486778259277 -5.820682525634766 -7.800569534301758
v -9.53528118133545 -5.571957111358643 -7.699634552001953
v -9.262442588806152 -5.824607849121094 -8.678816795349121
v -9.642243385314941 -5.268038272857666 -8.36386489868164
v -9.673853874206543 -5.288069725036621 -7.9084882736206055
v -9.208342552185059 -5.494082450866699 -10.216907501220703
v -9.241034507751465 -5.6739606857299805 -9.410320281982422
v -9.511222839355469 -5.066455364227295 -10.082399368286133
v -9.596796989440918 -5.177861213684082 -9.159871101379395
v -9.888806343078613 -4.666530132293701 -8.917750358581543
v -9.881969451904297 -4.817923545837402 -8.134960174560547
v -10.05086898803711 -4.326470851898193 -8.717150688171387
v -9.859518051147461 -4.529940128326416 -9.697080612182617
v -10.11624813079834 -4.009972095489502 -9.453557014465332
v -10.143269538879395 -4.058693885803223 -8.956416130065918
v -9.080090522766113 -5.317991733551025 -11.22456169128418
v -9.466130256652832 -4.958028793334961 -10.617956161499023
v -9.027961730957031 -5.108163356781006 -11.807999610900879
v -9.335722923278809 -4.675075531005859 -11.736656188964844
v -9.585878372192383 -4.644838333129883 -10.86935806274414
v -9.792025566101074 -3.9393081665039062 -11.451899528503418
v -9.714436531066895 -4.254922866821289 -11.191109657287598
v -9.75655746459961 -4.380592346191406 -10.704560279846191
v -10.06458568572998 -3.845950126647949 -10.302531242370605
v -9.970568656921387 -3.615173578262329 -11.248266220092773
v -10.239673614501953 -3.725079298019409 -9.26540756225586
v -10.377626419067383 -3.129668951034546 -9.826483726501465
v -8.219721794128418 -6.691649913787842 -5.445894241333008
v -8.670477867126465 -6.498086929321289 -5.486982345581055
v -9.112181663513184 -6.209970474243164 -5.6424641609191895
v -7.964678764343262 -6.285243034362793 -4.36893367767334
v -7.542092800140381 -6.63502311706543 -4.931818962097168
v -8.094913482666016 -6.504215240478516 -4.872437477111816
v -7.431901454925537 -6.346511363983154 -4.386910915374756
v -8.77643871307373 -6.257935047149658 -4.875706195831299
v -9.06729793548584 -6.093636512756348 -4.930782794952393
v -8.504883766174316 -6.156463623046875 -4.3206095695495605
v -6.547114372253418 -6.140367031097412 -3.983410358428955
v -6.819698333740234 -6.298952102661133 -4.242323875427246
v -6.571584224700928 -5.7782769203186035 -3.555283546447754
v -5.17910099029541 -5.327360153198242 -2.8568735122680664
v -8.991957664489746 -5.966127395629883 -4.329351902008057
v -8.893610954284668 -5.831843852996826 -3.8044416904449463
v -7.967739582061768 -5.747039318084717 -3.4051620960235596
v -8.405511856079102 -5.934356689453125 -3.789473295211792
v -8.242599487304688 -5.742311000823975 -3.370406150817871
v -8.7745943069458 -5.689550876617432 -3.313647508621216
v -7.299341201782227 -5.209630489349365 -2.6469976902008057
v -7.452569961547852 -5.369888782501221 -2.871845006942749
v -8.473860740661621 -5.534437656402588 -2.8587536811828613
v -8.702264785766602 -5.601210594177246 -3.0456464290618896
v -8.496445655822754 -5.230477333068848 -2.227008104324341
v -8.087807655334473 -5.5256147384643555 -2.9374310970306396
v -7.99672269821167 -5.324828624725342 -2.4857568740844727
v -7.840531826019287 -6.012356281280518 -3.8741490840911865
v -7.12214469909668 -5.790802001953125 -3.5528805255889893
v -7.685269355773926 -5.744668960571289 -3.4420464038848877
v -7.375899791717529 -6.050897598266602 -3.9163646697998047
v -6.7073845863342285 -5.44349479675293 -3.140087127685547
v -6.957976818084717 -5.4415059089660645 -3.1130106449127197
v -6.789984226226807 -5.157563209533691 -2.73219895362854
v -6.408255577087402 -5.4559526443481445 -3.1679935455322266
v -3.629554510116577 -4.919193744659424 -1.473228931427002
v -2.7355122566223145 -4.493858337402344 0.4139746427536011
v -3.2569034099578857 -4.600995063781738 0.02786235511302948
v -3.09006404876709 -4.365216255187988 0.5385302305221558
v -2.2080135345458984 -5.0192999839782715 -1.3127473592758179
v -2.592914342880249 -5.033684253692627 -1.5509395599365234
v -2.4496774673461914 -5.026406288146973 -1.2613011598587036
v -2.3155457973480225 -5.046787261962891 -0.8788025379180908
v -3.238400936126709 -4.975735187530518 -1.1094646453857422
v -3.563983678817749 -4.923222064971924 -1.259500503540039
v -3.504833221435547 -4.935238838195801 -1.067438006401062
v -2.657989263534546 -5.054458141326904 -0.791617214679718
v -2.9235029220581055 -5.021170139312744 -0.9471890330314636
v -3.3735508918762207 -4.884866714477539 -0.5857725143432617
v -3.1120946407318115 -4.98826265335083 -1.5404114723205566
v -2.9886257648468018 -4.99738883972168 -1.154473066329956
v -2.174936294555664 -5.0029706954956055 -0.42490389943122864
v -1.908137559890747 -4.752420902252197 0.03447312116622925
v -1.5914357900619507 -5.01859712600708 -0.6777900457382202
v -1.7408686876296997 -4.975508213043213 -1.0150375366210938
v -1.1246241331100464 -5.23168420791626 -0.46099144220352173
v -1.4400473833084106 -4.999758243560791 -0.2425447702407837
v -2.7154853343963623 -4.828155040740967 -0.20035284757614136
v -8.212525367736816 -4.717798233032227 -1.1028611660003662
v -8.351856231689453 -4.910982608795166 -1.5257593393325806
v -8.076945304870605 -4.472054958343506 -0.5265697240829468
v -7.338017463684082 -4.277939796447754 -0.4143652319908142
v -7.51913595199585 -3.5064847469329834 1.7106053829193115
v -7.090016841888428 -3.2534782886505127 2.1502161026000977
v -7.37921667098999 -3.22200345993042 2.310304880142212
v -6.527728080749512 -3.88084077835083 0.3237566351890564
v -7.568231105804443 -3.9855072498321533 0.4812053143978119
v -7.95568323135376 -4.2305073738098145 0.062191277742385864
v -7.807286262512207 -3.9820542335510254 0.6298609972000122
v -7.771759986877441 -3.731992244720459 1.2651550769805908
v -6.831048488616943 -4.022939682006836 0.04323555529117584
v -7.2036356925964355 -3.9952924251556396 0.2574480175971985
v -5.355371475219727 -3.517706871032715 1.277273416519165
v -6.930257320404053 -3.513115167617798 1.4040663242340088
v -7.017199516296387 -3.6610913276672363 1.0420349836349487
v -6.793776512145996 -3.272376298904419 1.9786131381988525
v -6.350151538848877 -3.56709361076355 1.0844988822937012
v -5.371594429016113 -4.6314568519592285 -1.2298721075057983
v -5.804938793182373 -4.671314239501953 -1.609933614730835
v -5.6612138748168945 -4.545665740966797 -1.1388911008834839
v -3.859720468521118 -5.069529056549072 -2.1382596492767334
v -4.901744365692139 -4.876782417297363 -2.1428542137145996
v -5.947482585906982 -4.777011394500732 -2.0235838890075684
v -4.637905120849609 -4.724002361297607 -1.349493145942688
v -7.193302631378174 -5.016561508178711 -2.2276337146759033
v -6.465684413909912 -4.803020000457764 -1.982848048210144
v -7.042586326599121 -4.834375858306885 -1.764288306236267
v -7.776252746582031 -5.098752498626709 -2.0958991050720215
v -7.30409049987793 -4.796968936920166 -1.6275882720947266
v -7.617907524108887 -4.7622151374816895 -1.4552339315414429
v -6.893838405609131 -4.562971115112305 -1.2221788167953491
v -6.4392781257629395 -4.3498382568359375 -0.8049599528312683
v -6.754830360412598 -4.2960991859436035 -0.6483662724494934
v -6.342571258544922 -4.672478199005127 -1.472307801246643
v -6.197932720184326 -4.401161193847656 -0.9162238836288452
v -7.474798679351807 -4.4949469566345215 -0.8954911828041077
v -6.3072357177734375 -5.167659759521484 -2.7874913215637207
v -6.0934319496154785 -4.9406609535217285 -2.4161667823791504
v -6.858777046203613 -4.961731433868408 -2.299386501312256
v -3.915642023086548 -4.629245281219482 -0.3789180517196655
v -4.4545578956604 -4.59703254699707 -0.6698485016822815
v -4.371201992034912 -4.443246841430664 -0.31117144227027893
v -5.38842248916626 -4.044565200805664 0.010011406615376472
v -4.100024700164795 -3.956068992614746 0.8449854254722595
v -3.7388017177581787 -4.418027877807617 0.13184042274951935
v -4.235941410064697 -4.196441173553467 0.2659037113189697
v -3.5982141494750977 -4.163433074951172 0.6972140073776245
v -4.049558639526367 -4.837395668029785 -1.4238718748092651
v -4.006861686706543 -4.8391594886779785 -0.9905867576599121
v -5.007173538208008 -7.84507942199707 -6.711587905883789
v -4.908671855926514 -7.560110092163086 -5.90635347366333
v -3.5257227420806885 -7.139207363128662 -4.939687252044678
v -4.767897129058838 -7.279360771179199 -5.295220375061035
v -4.680209636688232 -6.887861251831055 -4.628515720367432
v -3.9449660778045654 -7.404727935791016 -5.42956018447876
v -4.28964900970459 -7.576577663421631 -5.841459274291992
v -4.221146583557129 -7.356032848358154 -5.350287437438965
v -4.214933395385742 -6.974811553955078 -4.704485893249512
v -1.8542509078979492 -5.821706295013428 -3.2955219745635986
v -4.072022914886475 -6.224123954772949 -3.6942358016967773
v -4.545318603515625 -6.498894691467285 -4.0918707847595215
v -4.420207977294922 -6.1621551513671875 -3.6661906242370605
v -4.15096378326416 -5.53938102722168 -2.8966989517211914
v -2.641880750656128 -6.446329116821289 -3.9850966930389404
v -3.2826406955718994 -6.335525035858154 -3.7900874614715576
v -2.09443736076355 -7.867329120635986 -7.430398464202881
v -2.4763758182525635 -8.076920509338379 -8.277993202209473
v -2.3733608722686768 -7.878219127655029 -7.175056457519531
v -2.28019380569458 -7.656795024871826 -6.417512893676758
v -1.7774300575256348 -7.234013080596924 -5.662099838256836
v -1.481958270072937 -7.365020275115967 -6.2780442237854
v -3.7551803588867188 -8.087776184082031 -7.455204486846924
v -4.417664051055908 -8.014485359191895 -7.174403190612793
v -3.2745919227600098 -7.507978439331055 -5.671863079071045
v -3.6998801231384277 -7.741775035858154 -6.2372894287109375
v -3.616279363632202 -7.458874702453613 -5.538383960723877
v -2.8844685554504395 -7.168830394744873 -5.067807674407959
v -2.6913249492645264 -7.566120147705078 -5.963390350341797
v -3.0749917030334473 -7.820518493652344 -6.578956604003906
v -2.9805898666381836 -7.542857646942139 -5.806971549987793
v -3.044846773147583 -8.100640296936035 -7.761228561401367
v -2.584808111190796 -7.874846458435059 -7.006054878234863
v -2.0230512619018555 -6.455652713775635 -4.12570858001709
v -1.8792403936386108 -6.836281776428223 -4.799304485321045
v -2.214101552963257 -7.179291248321533 -5.299726963043213
v -2.1136703491210938 -6.82786750793457 -4.68496036529541
v -1.5012905597686768 -6.435544490814209 -4.306448459625244
v -1.5964115858078003 -6.056068420410156 -3.687436580657959
v -1.9200459718704224 -6.04782772064209 -3.5873913764953613
v -1.1984796524047852 -6.104118347167969 -3.907975196838379
v -0.7613874673843384 -5.6989641189575195 -3.493515729904175
v -1.060969352722168 -6.456772804260254 -4.564016819000244
v -1.355550765991211 -6.805094242095947 -5.045223236083984
v -1.2747318744659424 -6.444309234619141 -4.430339813232422
v -0.9977819323539734 -6.838924884796143 -5.4094414710998535
v -0.6596224308013916 -6.4741082191467285 -4.859243869781494
v -0.34089574217796326 -6.147080898284912 -4.364824295043945
v 0.01692102663218975 -5.858282089233398 -3.932037115097046
v -0.7113723754882812 -6.075212001800537 -4.096591472625732
v -2.409543037414551 -6.807931423187256 -4.565182685852051
v -2.779588222503662 -6.77832555770874 -4.4407477378845215
v -3.0193123817443848 -6.753714084625244 -4.374073028564453
v -6.745386123657227 -7.379603385925293 -6.255331039428711
v -7.246730327606201 -7.376500606536865 -6.641208648681641
v -7.2136616706848145 -7.265428066253662 -6.237090110778809
v -6.579864978790283 -7.148476600646973 -5.6060404777526855
v -6.030165195465088 -7.287264823913574 -5.682558059692383
v -5.917311668395996 -6.978317737579346 -5.053652286529541
v -5.267472267150879 -6.850897789001465 -4.679428577423096
v -5.78788423538208 -6.652278423309326 -4.510240077972412
v -7.12930965423584 -7.00684928894043 -5.537124156951904
v -7.0083818435668945 -6.723249912261963 -4.9532270431518555
v -6.028102397918701 -6.59599494934082 -4.492831707000732
v -6.492220401763916 -6.804581642150879 -4.936456680297852
v -6.330711841583252 -6.528863430023193 -4.471644401550293
v -5.871793746948242 -7.636754989624023 -6.469983100891113
v -6.15364408493042 -7.667165756225586 -6.742291450500488
v -5.366468906402588 -7.451469898223877 -5.8018317222595215
v -5.519265651702881 -7.560434818267822 -6.106812953948975
v -5.569475173950195 -7.71655797958374 -6.542069911956787
v -5.47622537612915 -7.082126140594482 -5.108998775482178
v -7.73403263092041 -7.075220108032227 -6.1058502197265625
v -8.241612434387207 -6.8912882804870605 -6.172725200653076
v -7.661501884460449 -6.872216701507568 -5.4991960525512695
v -8.704333305358887 -6.652172088623047 -6.455350399017334
v -9.110672950744629 -6.284848213195801 -6.461089134216309
v -5.498292446136475 -5.947951793670654 -3.609543561935425
v -5.645908355712891 -6.297543048858643 -4.03482723236084
v -6.18333625793457 -6.189949035644531 -4.0073466300964355
v -6.118205547332764 -5.833638668060303 -3.583141803741455
v -1.179811954498291 -4.978710174560547 -1.8968868255615234
v -1.5109268426895142 -5.065715312957764 -2.088315963745117
v -1.4154338836669922 -4.985703468322754 -1.839034080505371
v -1.6337764263153076 -5.245660305023193 -2.459474563598633
v -1.696897268295288 -5.375673770904541 -2.669635772705078
v -1.2885990142822266 -5.433701992034912 -2.8882718086242676
v -0.9682726860046387 -5.211245536804199 -2.6467859745025635
v -0.7500421404838562 -4.951982021331787 -2.0102057456970215
v -0.8080909848213196 -4.993879795074463 -2.149048328399658
v -0.5050361156463623 -5.034355640411377 -2.396820068359375
v -0.9324570298194885 -5.048243045806885 -2.279836416244507
v -3.0565786361694336 -5.691701412200928 -2.973146677017212
v -2.93510365486145 -5.436519622802734 -2.6249544620513916
v -2.245616912841797 -5.264325141906738 -2.3620059490203857
v -2.296459913253784 -5.345370769500732 -2.5176360607147217
v -2.7980644702911377 -5.207493782043457 -2.2426247596740723
v -2.697371006011963 -5.107192516326904 -1.9620370864868164
v -2.0020852088928223 -5.050276756286621 -1.7990483045578003
v -2.240330457687378 -5.127594470977783 -2.025529146194458
v -2.328015089035034 -5.712443828582764 -3.0687904357910156
v -2.5596871376037598 -5.445016384124756 -2.6667120456695557
v -1.1880921125411987 -4.9682817459106445 -1.3321044445037842
v -1.4380357265472412 -4.956132411956787 -1.4974313974380493
v -1.0010193586349487 -5.133596897125244 -0.9252420663833618
v -0.5665763020515442 -5.242218971252441 -0.7469719648361206
v -0.848192572593689 -5.262566089630127 -0.6033023595809937
v -0.3489935100078583 -5.096320152282715 -1.2037118673324585
v -0.49211061000823975 -5.049924850463867 -1.431794285774231
v -0.07565250247716904 -5.070929527282715 -0.9900788068771362
v 0.0940062552690506 -4.8948750495910645 -2.0051140785217285
v 0.2477504312992096 -4.838807582855225 -1.745591640472412
v -0.3308461010456085 -4.962203502655029 -1.8409335613250732
v -0.7304972410202026 -4.980493545532227 -1.705885410308838
v -0.05889137089252472 -4.939797401428223 -1.636776089668274
v 0.6378151774406433 -4.632849216461182 -1.6047134399414062
v 0.42619696259498596 -4.748595714569092 -1.5263566970825195
v 0.6390650868415833 -4.56310510635376 -1.324912667274475
v 0.17261429131031036 -4.88169002532959 -1.4265426397323608
v 0.3673555254936218 -4.769241809844971 -1.205231785774231
v -1.8808932304382324 -4.980186462402344 -1.388779640197754
v -0.16748414933681488 -5.210745811462402 -2.8390445709228516
v -0.19329802691936493 -5.325573921203613 -3.01663875579834
v -0.8135203719139099 -5.40740966796875 -3.0231051445007324
v -1.1221600770950317 -5.663225173950195 -3.2936160564422607
v -1.0370323657989502 -5.407325267791748 -2.9569363594055176
v -0.430870920419693 -5.2037458419799805 -2.756537437438965
v -0.10807505995035172 -5.058125019073486 -2.5366032123565674
v 0.2675313949584961 -4.92315673828125 -2.3250792026519775
v -0.09286314994096756 -4.9589433670043945 -2.2172393798828125
v 0.33797475695610046 -5.050412654876709 -2.6539177894592285
v -0.006348706781864166 -5.504767417907715 -3.3476905822753906
v -0.25492846965789795 -5.694182395935059 -3.5860283374786377
v -0.218573659658432 -5.474034309387207 -3.2452681064605713
v 0.3507889211177826 -5.272613525390625 -3.052098035812378
v 0.3554039001464844 -5.578561782836914 -3.558746814727783
v 1.1892367601394653 -4.869217872619629 -2.5633060932159424
v 1.1216261386871338 -5.07131814956665 -2.9514260292053223
v 0.7671007513999939 -5.027917861938477 -2.785773754119873
v 0.611056923866272 -4.7750067710876465 -2.1299655437469482
v 1.172996997833252 -4.718868255615234 -2.2378880977630615
v 0.7970619797706604 -4.830092430114746 -2.4217095375061035
v 0.8640245199203491 -4.716037750244141 -2.176008701324463
v 1.2311642169952393 -4.398375511169434 -1.7578233480453491
v 1.051707148551941 -4.537159442901611 -1.8773928880691528
v 1.4220759868621826 -4.143084526062012 -1.565921425819397
v -9.022502899169922 -5.078689098358154 -2.0215721130371094
v -9.515021324157715 -4.81624698638916 -2.045644521713257
v -9.809187889099121 -4.393603324890137 -1.9722282886505127
v -9.432596206665039 -5.860885143280029 -5.679119110107422
v -9.413139343261719 -5.786757469177246 -4.99169921875
v -9.792704582214355 -5.207020282745361 -4.801708698272705
v -9.78109073638916 -5.190859317779541 -4.553360462188721
v -9.800745964050293 -5.247242450714111 -5.484478950500488
v -9.800498008728027 -5.230734825134277 -5.219216346740723
v -9.939924240112305 -4.8930253982543945 -4.680530071258545
v -9.944196701049805 -4.941636562347412 -5.366457462310791
v -10.06844711303711 -4.620709419250488 -5.229042053222656
v -10.062479019165039 -4.593043804168701 -4.829288482666016
v -10.191896438598633 -4.218868732452393 -5.0415730476379395
v -9.120370864868164 -5.571681499481201 -3.2726573944091797
v -9.627290725708008 -5.162999153137207 -3.2774109840393066
v -9.398824691772461 -5.626760005950928 -4.188345909118652
v -9.351337432861328 -5.5837626457214355 -3.831778049468994
v -9.863441467285156 -4.963451862335205 -4.011936187744141
v -10.018646240234375 -4.570764541625977 -3.831455945968628
v -9.997954368591309 -4.58038854598999 -3.5513291358947754
v -10.105158805847168 -4.277212619781494 -3.676769971847534
v -9.150138854980469 -5.2820515632629395 -2.622767925262451
v -9.592911720275879 -4.96096658706665 -2.610610246658325
v -9.996381759643555 -4.361510753631592 -2.879061698913574
v -10.19531536102295 -3.762037515640259 -3.2889091968536377
v -10.051776885986328 -4.573606491088867 -4.535109519958496
v -10.036856651306152 -4.5646233558654785 -4.177168369293213
v -10.15929126739502 -4.202157974243164 -4.353994846343994
v -10.246723175048828 -3.703657388687134 -3.962425947189331
v -10.269486427307129 -3.8747713565826416 -4.8677077293396
v -10.258316993713379 -3.8452401161193848 -4.554345607757568
v -10.225576400756836 -3.1591453552246094 -2.924530506134033
v -10.319417953491211 -3.5878214836120605 -4.716307640075684
v -10.312274932861328 -2.9236984252929688 -3.6409425735473633
v -10.259268760681152 -2.8384320735931396 -3.158682346343994
v -10.285977363586426 -2.5660593509674072 -3.325334072113037
v -10.378809928894043 -2.9717936515808105 -4.389792442321777
v -10.382063865661621 -2.4820053577423096 -4.060015678405762
v -10.352766036987305 -1.8324639797210693 -3.827946186065674
v -8.643178939819336 -4.143165588378906 0.4547080993652344
v -9.119424819946289 -4.091072082519531 0.30782121419906616
v -9.058284759521484 -3.9801878929138184 0.5925078988075256
v -9.53944206237793 -3.5880205631256104 0.43878108263015747
v -9.344796180725098 -4.502703666687012 -0.9580687284469604
v -9.29007625579834 -4.402894020080566 -0.6486642360687256
v -8.910238265991211 -4.845238208770752 -1.3998266458511353
v -9.396893501281738 -4.598633289337158 -1.2895283699035645
v -9.72949504852295 -3.943890333175659 -0.7642689347267151
v -9.78055191040039 -4.1771697998046875 -1.409559726715088
v -9.96311092376709 -3.808021306991577 -1.6204885244369507
v -9.988219261169434 -3.4477806091308594 -1.3624837398529053
v -8.385456085205078 -4.444880962371826 -0.3414185047149658
v -8.820326805114746 -4.586036205291748 -0.7080294489860535
v -8.662247657775879 -4.395814418792725 -0.19527751207351685
v -9.178586959838867 -4.199248790740967 -0.01825316809117794
v -9.58884048461914 -3.8229963779449463 -0.07855354994535446
v -9.819694519042969 -3.235624313354492 -0.2811041474342346
v -9.750127792358398 -3.0097081661224365 0.18357808887958527
v -9.911170959472656 -2.7788379192352295 -0.8091610670089722
v -9.782041549682617 -2.3433897495269775 -0.4020317792892456
v -8.279051780700684 -3.9478487968444824 0.918459951877594
v -8.92763614654541 -3.7442221641540527 1.1795722246170044
v -8.260695457458496 -3.6707241535186768 1.5451945066452026
v -9.351507186889648 -3.391327381134033 1.1489354372024536
v -9.599026679992676 -2.9326305389404297 0.9009984135627747
v -9.56048583984375 -2.665313720703125 1.1266034841537476
v -8.754520416259766 -3.4356775283813477 1.8458577394485474
v -8.625020980834961 -3.204352855682373 2.2613518238067627
v -7.943559646606445 -3.1555323600769043 2.5433509349823
v -8.450789451599121 -2.894730806350708 2.7515451908111572
v -8.21010684967041 -3.3756191730499268 2.1306071281433105
v -9.13308334350586 -3.001669406890869 1.9487444162368774
v -9.112967491149902 -2.7308151721954346 2.1660027503967285
v -8.950048446655273 -2.321294069290161 2.5735270977020264
v -9.320379257202148 -2.1482560634613037 1.7792961597442627
v -9.08918571472168 -1.8316117525100708 2.2239267826080322
v -9.659920692443848 -2.3948769569396973 0.4524882733821869
v -9.488078117370605 -1.9926331043243408 0.8607907295227051
v -9.614204406738281 -1.9382110834121704 0.0057540819980204105
v -9.41180419921875 -1.6205637454986572 0.4140435755252838
v -9.278586387634277 -1.6360981464385986 1.2690731287002563
v -9.028013229370117 -1.3986929655075073 1.6777180433273315
v -9.180288314819336 -1.3746525049209595 0.822539746761322
v -8.876051902770996 -1.1693334579467773 1.231360912322998
v -10.113666534423828 -3.6827595233917236 -2.434919595718384
v -10.042384147644043 -3.548973321914673 -1.802066683769226
v -10.112845420837402 -3.201526403427124 -2.069899320602417
v -10.0425443649292 -2.720669984817505 -1.663628339767456
v -10.172450065612793 -2.6973371505737305 -2.5244717597961426
v -10.056158065795898 -2.484468698501587 -1.869735836982727
v -10.06757640838623 -2.20524525642395 -2.1116769313812256
v -9.886738777160645 -2.1783266067504883 -1.159820556640625
v -9.764448165893555 -1.956519603729248 -0.7629084587097168
v -9.924914360046387 -1.7708467245101929 -1.7044005393981934
v -9.748196601867676 -1.4922292232513428 -1.2968168258666992
v -10.212499618530273 -2.1151559352874756 -2.955354928970337
v -10.0972261428833 -1.6111373901367188 -2.6530017852783203
v -10.244224548339844 -1.590924620628357 -3.317460060119629
v -10.088827133178711 -1.2845078706741333 -2.987882375717163
v -9.903959274291992 -1.3593989610671997 -2.2425568103790283
v -9.612541198730469 -1.2294254302978516 -1.7675923109054565
v -9.45517349243164 -1.016344428062439 -2.1920454502105713
v -9.571745872497559 -1.6182101964950562 -0.36964166164398193
v -9.357901573181152 -1.4037727117538452 0.0873413011431694
v -9.46444034576416 -1.2967990636825562 -0.8887078762054443
v -9.11877155303955 -1.1393094062805176 -0.4801945388317108
v -8.512901306152344 -0.9115346074104309 0.5774451494216919
v -8.975136756896973 -1.1674909591674805 0.387088805437088
v -8.759993553161621 -0.9795777201652527 -0.07120906561613083
v -8.3900146484375 -0.8106462359428406 0.338082492351532
v -8.856589317321777 -0.8501623272895813 -1.1023112535476685
v -8.74065113067627 -0.721587061882019 -1.3747227191925049
v -7.9365692138671875 -0.42134755849838257 -0.646943211555481
v -8.22645092010498 -0.5451163053512573 -0.8206875324249268
v -9.386478424072266 -5.937293529510498 -6.4304518699646
v -9.427080154418945 -5.830406188964844 -7.054234027862549
v -9.738432884216309 -5.300872325897217 -6.859529972076416
v -9.784069061279297 -5.272502899169922 -6.066808223724365
v -10.022170066833496 -4.689082145690918 -6.581438064575195
v -10.053730010986328 -4.657804012298584 -5.898685455322266
v -10.062816619873047 -4.636465072631836 -5.545868873596191
v -10.172127723693848 -4.325891494750977 -5.750308990478516
v -10.281827926635742 -3.9565093517303467 -5.577219486236572
v -10.278509140014648 -3.9163689613342285 -5.237738132476807
v -10.326618194580078 -3.792076349258423 -6.159275531768799
v -9.69460391998291 -5.292730331420898 -7.575899600982666
v -10.273497581481934 -3.9631755352020264 -6.941002368927002
v -9.980313301086426 -4.710827827453613 -7.306089401245117
v -10.348148345947266 -3.653672456741333 -5.4252705574035645
v -10.454573631286621 -3.153313398361206 -5.8216471672058105
v -10.444037437438965 -3.335569143295288 -6.6035566329956055
v -10.59623908996582 -2.683445692062378 -6.986523628234863
v -10.638517379760742 -2.227565050125122 -6.643403053283691
v -10.42520523071289 -3.1014978885650635 -5.1313157081604
v -10.463390350341797 -2.481987714767456 -4.769436836242676
v -10.518876075744629 -2.5558204650878906 -5.474666118621826
v -10.533379554748535 -2.2598650455474854 -5.301953315734863
v -10.521888732910156 -2.085289239883423 -5.06709623336792
v -10.451157569885254 -2.0236661434173584 -4.441910743713379
v -10.385903358459473 -1.4471739530563354 -4.096188545227051
v -10.49830150604248 -1.4609348773956299 -4.817293643951416
v -10.356130599975586 -1.0903970003128052 -4.530648708343506
v -10.571996688842773 -2.4494142532348633 -6.077179431915283
v -10.553423881530762 -2.347245454788208 -5.649072647094727
v -10.591340065002441 -2.1012797355651855 -5.872159004211426
v -10.59248161315918 -1.4163830280303955 -5.702515125274658
v -10.64757251739502 -1.6031190156936646 -6.301108360290527
v -10.611966133117676 -1.2286626100540161 -5.966483116149902
v -10.552719116210938 -1.31692373752594 -5.368023872375488
v -10.514619827270508 -1.2319504022598267 -5.097136497497559
v -10.250899314880371 -0.9085096120834351 -4.848928451538086
v -10.381851196289062 -0.9691277742385864 -5.595099925994873
v -10.082266807556152 -0.6614084243774414 -5.354611873626709
v -10.161470413208008 -4.08019495010376 -8.575723648071289
v -10.197002410888672 -4.110951900482178 -7.8050079345703125
v -10.437171936035156 -3.4286115169525146 -7.420280456542969
v -10.367067337036133 -3.4023940563201904 -9.054844856262207
v -10.402188301086426 -3.447453260421753 -8.439964294433594
v -10.499743461608887 -3.0468647480010986 -8.822361946105957
v -10.591464042663574 -2.7520089149475098 -8.6074800491333
v -10.589879035949707 -2.8459484577178955 -7.962192058563232
v -10.664962768554688 -2.4382119178771973 -8.374271392822266
v -10.671778678894043 -2.3430004119873047 -7.474295139312744
v -10.698001861572266 -1.8136335611343384 -7.098025321960449
v -10.72292423248291 -1.943071722984314 -7.951949596405029
v -10.734762191772461 -1.389327049255371 -7.574739933013916
v -10.580838203430176 -2.6088619232177734 -9.251676559448242
v -10.657349586486816 -1.8204232454299927 -9.727346420288086
v -10.711739540100098 -1.9500914812088013 -8.888077735900879
v -10.709171295166016 -1.4873979091644287 -9.409783363342285
v -10.751169204711914 -1.4531879425048828 -8.458624839782715
v -10.730411529541016 -1.080824851989746 -8.053203582763672
v -10.68469524383545 -1.3184528350830078 -6.747531414031982
v -10.477983474731445 -0.9709128737449646 -6.512984752655029
v -10.616887092590332 -1.0581355094909668 -7.183408737182617
v -10.326247215270996 -0.8560652732849121 -6.023188591003418
v -10.600996971130371 -0.8149252533912659 -8.517847061157227
v -10.410117149353027 -0.8404483795166016 -6.790463924407959
v -9.888041496276855 -0.36399778723716736 -6.043893814086914
v -10.525110244750977 -0.8514407277107239 -7.6286211013793945
v -10.300127983093262 -0.6303890943527222 -7.2274489402771
v -10.39638900756836 -0.6207806468009949 -8.083294868469238
v -10.193660736083984 -0.44725745916366577 -7.676264762878418
v -10.161877632141113 -0.5910260677337646 -6.411829948425293
v -9.950908660888672 -0.33530470728874207 -6.707200050354004
v -9.799104690551758 -0.2515822649002075 -6.359384536743164
v -9.910209655761719 -0.2405097782611847 -7.27977180480957
v -9.633788108825684 -0.04817540943622589 -6.904118061065674
v -9.816758155822754 -0.6906147003173828 -3.749448299407959
v -9.137486457824707 -0.37107425928115845 -3.0119121074676514
v -9.877005577087402 -0.5094524621963501 -4.924073696136475
v -9.522184371948242 -0.2752744257450104 -4.519409656524658
v -8.38358211517334 -0.203355073928833 -2.2533435821533203
v -7.574227333068848 -0.04378805682063103 -1.4656541347503662
v -8.06433391571045 0.3351358473300934 -3.0856685638427734
v -8.690999031066895 0.09694857150316238 -3.6709728240966797
v -7.2288923263549805 0.7098499536514282 -2.362729787826538
v -7.9648308753967285 0.5229781866073608 -3.385275363922119
v -6.991089344024658 1.4895410537719727 -3.3382017612457275
v -7.191553592681885 1.3299208879470825 -3.4972305297851562
v -6.927250385284424 1.6996448040008545 -3.687351942062378
v -9.221464157104492 0.09166130423545837 -5.492903232574463
v -8.569550514221191 0.43897607922554016 -4.640048980712891
v -9.589783668518066 -0.16784285008907318 -5.681275367736816
v -9.530534744262695 -0.09520068764686584 -5.885454177856445
v -9.46385383605957 -0.01690594106912613 -6.104808330535889
v -9.142289161682129 0.19168561697006226 -5.755943298339844
v -9.334532737731934 0.15657936036586761 -6.5468339920043945
v -9.013890266418457 0.3779846429824829 -6.20523738861084
v -8.929105758666992 0.23095360398292542 -4.980819225311279
v -8.869172096252441 0.3169592320919037 -5.189655780792236
v -8.801149368286133 0.41270384192466736 -5.418115615844727
v -8.46051025390625 0.6330974102020264 -5.044689178466797
v -8.670506477355957 0.6160385012626648 -5.877614974975586
v -8.321197509765625 0.8894386887550354 -5.568990230560303
v -7.797212600708008 0.8980774879455566 -3.9780359268188477
v -7.575764179229736 1.4338544607162476 -4.989071369171143
v -6.784256935119629 1.7678004503250122 -4.384645938873291
v 12.004199981689453 -6.0160908699035645 3.6211252212524414
v 11.515395164489746 -5.902513027191162 3.442042112350464
v 11.521378517150879 -5.711423397064209 3.7462782859802246
v 13.180798530578613 -6.786787033081055 3.9260640144348145
v 12.637056350708008 -6.638767719268799 4.166094779968262
v 13.529091835021973 -6.658977508544922 4.454539775848389
v 13.27665901184082 -6.62198543548584 4.598433494567871
v 11.590319633483887 -5.410669326782227 4.4289937019348145
v 12.525801658630371 -6.378298759460449 4.8831305503845215
v 12.148234367370605 -6.073650360107422 4.674154281616211
v 12.208215713500977 -6.040719985961914 4.952087879180908
v 11.681560516357422 -5.644505023956299 5.087310314178467
v 12.094330787658691 -6.006580352783203 4.321709156036377
v 14.118607521057129 -6.511650562286377 0.9970369338989258
v 13.58001708984375 -6.46550178527832 0.7399898767471313
v 13.617661476135254 -6.400413990020752 1.1736505031585693
v 12.062549591064453 -6.1900529861450195 1.9083349704742432
v 11.384078025817871 -5.971053123474121 1.5919650793075562
v 11.461308479309082 -6.098779201507568 2.174198865890503
v 12.375441551208496 -6.355567932128906 0.17744974792003632
v 11.228477478027344 -6.391439914703369 -0.41243889927864075
v 11.29570484161377 -6.104972839355469 0.6357012391090393
v 13.077844619750977 -6.308401107788086 1.4520957469940186
v 12.49687671661377 -6.278835296630859 1.1802440881729126
v 12.531549453735352 -6.200971603393555 1.6734683513641357
v 13.109930038452148 -6.426976680755615 0.5636147260665894
v 13.727548599243164 -6.246621608734131 2.685990810394287
v 13.786455154418945 -6.653740882873535 3.506923198699951
v 14.08521556854248 -6.537771224975586 3.953665256500244
v 14.525747299194336 -6.177574634552002 3.469862222671509
v 14.987735748291016 -6.467392921447754 1.8630454540252686
v 14.8406343460083 -6.6454243659973145 1.3837792873382568
v 13.869011878967285 -6.384296417236328 1.8379307985305786
v 14.36400032043457 -6.478143215179443 2.2854154109954834
v 14.260398864746094 -6.550093173980713 1.6216906309127808
v 15.20268440246582 -6.0500030517578125 2.1151130199432373
v 14.822105407714844 -6.34722375869751 2.6131887435913086
v 14.319644927978516 -6.529441833496094 3.0616116523742676
v 14.830056190490723 -5.914153099060059 3.0260984897613525
v 14.99721908569336 -5.524408340454102 2.572503089904785
v 12.951699256896973 -6.304233074188232 3.182102918624878
v 12.586318969726562 -6.192596435546875 3.01468825340271
v 12.594942092895508 -6.198637008666992 3.3559465408325195
v 12.93628978729248 -6.207414627075195 2.310570240020752
v 12.561697959899902 -6.203163146972656 2.13757061958313
v 12.580831527709961 -6.214444160461426 2.50105619430542
v 12.016319274902344 -6.100114822387695 2.7593817710876465
v 11.477883338928223 -6.022279262542725 2.540552854537964
v 11.495707511901855 -5.965114593505859 2.9779574871063232
v 3.606801986694336 -1.7200568914413452 3.9962639808654785
v 3.0900251865386963 -1.668480396270752 4.122766017913818
v 3.741968870162964 -1.5979645252227783 4.536594390869141
v 3.249539852142334 -1.5339821577072144 4.635270118713379
v 4.235540866851807 -1.5566794872283936 4.426514625549316
v 4.411388397216797 -1.4247188568115234 4.89215087890625
v 5.045270919799805 -1.4411709308624268 5.129936695098877
v 4.589742183685303 -1.3502624034881592 5.3622846603393555
v 3.9173285961151123 -1.4301282167434692 5.018651008605957
v 3.421074628829956 -1.3769582509994507 5.130202293395996
v 4.0913615226745605 -1.3247507810592651 5.500175952911377
v 4.772610187530518 -1.4515835046768188 5.7558722496032715
v 5.328065395355225 -1.5240070819854736 5.615560054779053
v 5.269923210144043 -1.3038444519042969 5.968449592590332
v 5.0108184814453125 -1.3094626665115356 6.090748310089111
v 3.626868724822998 -1.2939903736114502 5.729346752166748
v 3.7603888511657715 -1.2541483640670776 6.1082892417907715
v 4.316542148590088 -1.257096290588379 6.404720306396484
v 3.964895725250244 -1.1634480953216553 6.516788959503174
v 4.043651103973389 -1.3134748935699463 6.027000904083252
v 6.924635887145996 -4.916539669036865 -1.6028872728347778
v 6.663494110107422 -4.8957390785217285 -1.694760799407959
v 10.074440956115723 -6.393952369689941 -1.0834081172943115
v 10.100397109985352 -6.371269702911377 -0.6683000922203064
v 9.638404846191406 -6.315749168395996 -0.2688463032245636
v 9.046262741088867 -6.394568920135498 -0.4457326829433441
v 9.176115989685059 -6.312127113342285 0.1348082274198532
v 9.719686508178711 -6.4050164222717285 -1.1168739795684814
v 9.276901245117188 -6.39839506149292 -0.9668379426002502
v 8.925690650939941 -6.328531742095947 -1.2755159139633179
v 8.96804428100586 -6.4057722091674805 -0.8841812610626221
v 8.085479736328125 -6.306101322174072 0.18016020953655243
v 7.582624435424805 -6.19340705871582 0.2455422282218933
v 6.953798294067383 -6.210075855255127 -0.32362350821495056
v 7.107592582702637 -6.071088790893555 0.315401166677475
v 8.496570587158203 -6.03310489654541 -1.3573328256607056
v 8.018918991088867 -5.705324649810791 -1.4085748195648193
v 8.133386611938477 -6.239563465118408 -1.1178030967712402
v 7.15457820892334 -6.167023181915283 -0.9192798733711243
v 6.7768874168396 -5.9877848625183105 -0.9524404406547546
v 7.464509963989258 -5.361738681793213 -1.4682950973510742
v 6.976396560668945 -5.572807788848877 -1.2577177286148071
v 8.596142768859863 -6.389415264129639 -0.8085326552391052
v 7.999891757965088 -6.3528289794921875 -0.44235992431640625
v 7.593955039978027 -6.050457000732422 -1.097930908203125
v 7.458413124084473 -6.300044059753418 -0.5285613536834717
v 3.170133113861084 -3.644392251968384 1.909095048904419
v 2.665817975997925 -3.6035327911376953 1.9014009237289429
v 4.53765869140625 -4.637351989746094 1.0781131982803345
v 3.850529670715332 -5.008063793182373 0.7755274176597595
v 4.047016620635986 -4.09742546081543 1.5292881727218628
v 3.4050076007843018 -4.479148864746094 1.2636237144470215
v 3.1578128337860107 -5.262859344482422 0.5839096903800964
v 2.5573570728302 -5.4390764236450195 0.3929503858089447
v 5.299307346343994 -4.970399379730225 -2.0180633068084717
v 5.941199779510498 -4.897447109222412 -1.9084335565567017
v 5.336514949798584 -4.91599178314209 -1.7257506847381592
v 4.1066389083862305 -4.949016094207764 -1.7075700759887695
v 5.054854393005371 -4.890698432922363 -1.6579725742340088
v 4.634905815124512 -4.996270656585693 -1.8073586225509644
v 4.806536674499512 -4.852062225341797 -1.6031991243362427
v 4.303874492645264 -4.732584476470947 -1.513107180595398
v 5.954697608947754 -5.136610984802246 -1.3680611848831177
v 5.4945502281188965 -4.873470783233643 -1.4900563955307007
v 5.481618881225586 -5.057257175445557 -1.314102292060852
v 6.030810832977295 -4.836463451385498 -1.625533103942871
v 6.49710750579834 -5.133121967315674 -1.4630024433135986
v 4.998190879821777 -4.750629901885986 -1.3980967998504639
v 4.644091606140137 -4.9122538566589355 -1.2700698375701904
v 5.177055835723877 -5.132798671722412 -1.191805124282837
v 4.869996547698975 -5.198072910308838 -1.0758291482925415
v 3.230591058731079 -4.695006847381592 -1.5834627151489258
v 2.9472429752349854 -4.817540645599365 -1.7310045957565308
v 3.3333969116210938 -4.3840789794921875 -1.4052966833114624
v 2.645414113998413 -4.378297805786133 -1.5328537225723267
v 2.1574652194976807 -4.021957874298096 -1.4710757732391357
v 2.868645429611206 -4.160879135131836 -1.35960054397583
v 2.314368724822998 -4.310366630554199 -1.2749446630477905
v 3.3269755840301514 -4.539226055145264 -1.2291483879089355
v 2.9796619415283203 -4.54138708114624 -1.1796543598175049
v 2.595583915710449 -4.62583065032959 -1.099815845489502
v 3.1505684852600098 -4.933486461639404 -0.9850502014160156
v 2.490455150604248 -5.1820902824401855 -0.7883185744285583
v 3.603346347808838 -4.829815864562988 -1.6283652782440186
v 3.8175723552703857 -4.5643157958984375 -1.4479618072509766
v 4.123469352722168 -4.7609405517578125 -1.2943071126937866
v 3.69743013381958 -4.597839832305908 -1.3004240989685059
v 4.431046962738037 -5.0424065589904785 -1.085213541984558
v 3.8626608848571777 -4.848357677459717 -1.0896759033203125
v 6.333963394165039 -6.056778430938721 -0.1796495020389557
v 5.951573371887207 -5.961291313171387 -0.11884729564189911
v 6.0639238357543945 -5.675795555114746 0.4334718585014343
v 5.489371299743652 -5.519868850708008 0.42940226197242737
v 5.112123012542725 -5.597239017486572 0.19649434089660645
v 5.070749282836914 -5.149288177490234 0.7085551023483276
v 5.4852776527404785 -5.8570332527160645 -0.1355026215314865
v 5.020563125610352 -5.845931053161621 -0.5105767250061035
v 4.929384231567383 -5.746062755584717 -0.17143326997756958
v 6.402887344360352 -5.546429634094238 -1.172823190689087
v 5.7930073738098145 -5.480964183807373 -1.078442931175232
v 6.361853122711182 -6.036640167236328 -0.8008487820625305
v 5.812608242034912 -6.018477439880371 -0.6375767588615417
v 5.303523063659668 -5.521866798400879 -0.9226573705673218
v 4.822057723999023 -5.471097946166992 -0.8184342980384827
v 5.305933952331543 -5.840411186218262 -0.6409326195716858
v 4.4868083000183105 -5.605181694030762 -0.5176994204521179
v 3.759168863296509 -5.722420692443848 -0.3335132300853729
v 2.43690824508667 -5.691049098968506 -0.04050489887595177
v 3.777526378631592 -5.325700759887695 -0.7530957460403442
v 3.101179838180542 -5.520666599273682 -0.6030835509300232
v 2.4762516021728516 -5.725200176239014 -0.4428497552871704
v 3.658275842666626 -5.493839263916016 0.21567775309085846
v 4.483800411224365 -5.410336494445801 0.20503616333007812
v 3.0216541290283203 -5.682577133178711 -0.06271286308765411
v 4.298874378204346 -5.220878601074219 -0.8661112189292908
v 9.850589752197266 -5.555209636688232 2.5712876319885254
v 9.151851654052734 -5.573855400085449 2.2403573989868164
v 9.499404907226562 -5.300101280212402 3.023800849914551
v 7.009654998779297 -4.7052130699157715 2.021040916442871
v 8.333155632019043 -5.222079277038574 2.3651793003082275
v 11.190652847290039 -5.452908039093018 5.214814186096191
v 10.641615867614746 -5.222438812255859 5.428711891174316
v 10.096024513244629 -5.016204833984375 5.582496643066406
v 9.607473373413086 -4.837519645690918 5.42230749130249
v 10.573958396911621 -5.332004070281982 4.811437129974365
v 10.039219856262207 -5.215691566467285 4.77810525894165
v 9.550296783447266 -4.940134048461914 5.031331539154053
v 10.509440422058105 -5.366000652313232 4.025217533111572
v 10.950867652893066 -5.652472972869873 3.179847478866577
v 10.411009788513184 -5.465285778045654 2.9289238452911377
v 10.443053245544434 -5.428426265716553 3.302427053451538
v 9.528507232666016 -5.0591840744018555 3.558732271194458
v 9.9268159866333 -5.227339267730713 3.476179599761963
v 10.000919342041016 -5.1504669189453125 4.1914381980896
v 11.013575553894043 -5.519522666931152 3.8682849407196045
v 11.088787078857422 -5.495565891265869 4.557287693023682
v 9.400918006896973 -4.9729743003845215 4.393600940704346
v 8.979721069335938 -4.766269683837891 4.4404377937316895
v 8.402576446533203 -4.187416076660156 4.065706729888916
v 8.489513397216797 -4.260705947875977 4.525609970092773
v 7.661282062530518 -3.688328981399536 3.6631557941436768
v 8.7405366897583 -4.336575508117676 5.170131206512451
v 9.077984809875488 -4.560688495635986 5.265257835388184
v 9.162667274475098 -4.484931468963623 5.74738883972168
v 8.679542541503906 -4.141668796539307 5.8555803298950195
v 8.074235916137695 -3.676180124282837 4.998507022857666
v 7.5669379234313965 -3.0236542224884033 4.929476737976074
v 7.642489433288574 -3.1773784160614014 5.301934242248535
v 8.003910064697266 -3.64272403717041 4.643946647644043
v 8.958803176879883 -5.033449172973633 3.0848376750946045
v 8.897904396057129 -4.695926189422607 3.7846016883850098
v 8.295808792114258 -4.497724533081055 3.3417553901672363
v 10.538995742797852 -5.891866207122803 1.3086001873016357
v 9.52008056640625 -6.196539878845215 0.5135177373886108
v 9.108206748962402 -6.174238681793213 0.746939480304718
v 9.978582382202148 -6.116940021514893 0.5355980396270752
v 9.694784164428711 -5.911825656890869 1.4442903995513916
v 9.04122543334961 -5.956982612609863 1.3815337419509888
v 10.297794342041016 -5.673719882965088 2.143186569213867
v 10.309880256652832 -6.28312873840332 -0.18772801756858826
v 10.153800010681152 -6.0528459548950195 0.3530772030353546
v 8.581124305725098 -5.831301689147949 1.5279324054718018
v 8.186628341674805 -6.127097129821777 0.7656175494194031
v 8.094686508178711 -5.734801292419434 1.479552984237671
v 8.599870681762695 -6.323546886444092 0.13234329223632812
v 8.691296577453613 -6.1285529136657715 0.8993713855743408
v 7.727579116821289 -5.891956329345703 1.015578269958496
v 7.128340721130371 -5.66597843170166 0.9862496852874756
v 7.615675449371338 -5.2640910148620605 1.80344820022583
v 11.033660888671875 -5.944415092468262 2.34413480758667
v 5.059871673583984 -2.2028048038482666 2.6810808181762695
v 6.938525676727295 -3.166529417037964 3.5399186611175537
v 6.322608947753906 -2.221162796020508 3.7501626014709473
v 5.536655426025391 -1.4573816061019897 4.001051425933838
v 5.215381145477295 -1.4432309865951538 3.7958693504333496
v 5.285888195037842 -1.3529422283172607 4.08234977722168
v 6.143775463104248 -2.7387161254882812 3.1188549995422363
v 5.635666847229004 -2.277513265609741 2.9556891918182373
v 5.6807732582092285 -2.1116349697113037 3.2922348976135254
v 5.151384353637695 -1.6666959524154663 3.492443323135376
v 5.799082279205322 -1.7035447359085083 3.9145355224609375
v 6.177900791168213 -3.7306571006774902 2.353806972503662
v 6.605623245239258 -4.843568325042725 1.6121536493301392
v 6.605897903442383 -4.269247055053711 2.1773312091827393
v 5.081531524658203 -3.258666753768921 2.1944143772125244
v 5.511939525604248 -3.124727487564087 2.4012765884399414
v 5.696206092834473 -2.7676851749420166 2.7265663146972656
v 6.122308731079102 -4.85791540145874 1.3404500484466553
v 5.603779315948486 -4.987861156463623 1.0198454856872559
v 5.598711013793945 -3.9951000213623047 1.8433297872543335
v 5.095702648162842 -4.295346260070801 1.469481110572815
v 6.73894739151001 -4.029849529266357 2.5060408115386963
v 7.386991500854492 -4.1600518226623535 2.866666078567505
v 6.649998664855957 -3.492500066757202 2.922637462615967
v 4.164642333984375 -2.2343385219573975 3.0962414741516113
v 4.595438003540039 -2.6984236240386963 2.5713727474212646
v 4.103551387786865 -3.1023237705230713 2.3632514476776123
v 4.520771026611328 -1.9390743970870972 3.038172721862793
v 3.5230352878570557 -2.7124226093292236 2.780073642730713
v 2.803136110305786 -2.758455276489258 2.6783335208892822
v 3.6909825801849365 -2.0453710556030273 3.484457015991211
v 3.0363268852233887 -2.0516228675842285 3.5255014896392822
v 3.6591060161590576 -3.630429983139038 1.94209885597229
v 4.888519287109375 -1.577289342880249 3.596390724182129
v 4.562610626220703 -1.752063512802124 3.3899085521698
v 4.617928504943848 -1.5842126607894897 3.702371120452881
v 4.094144344329834 -1.657692551612854 3.8925325870513916
v 4.758296489715576 -1.4194598197937012 4.256711483001709
v 4.591495990753174 -3.6613993644714355 1.8961714506149292
v 7.163213729858398 -2.6027369499206543 4.810732364654541
v 6.487109184265137 -2.0609450340270996 4.527019023895264
v 6.568631649017334 -2.1712028980255127 4.877872943878174
v 7.4203667640686035 -3.110175609588623 4.140494346618652
v 6.9380998611450195 -2.551112651824951 4.242121696472168
v 6.2156572341918945 -1.8636202812194824 4.40276575088501
v 5.86804723739624 -1.6393413543701172 4.213950157165527
v 5.937253952026367 -1.6564273834228516 4.481080532073975
v 5.433437824249268 -1.4275481700897217 4.620946884155273
v 6.085201263427734 -1.8366581201553345 4.9669108390808105
v 5.585416793823242 -1.6058440208435059 5.077579975128174
v 7.171092987060547 -2.6466293334960938 5.37030029296875
v 6.712653160095215 -2.222956418991089 5.419924259185791
v 6.252746105194092 -1.8942750692367554 5.437835693359375
v 5.774737358093262 -1.688575029373169 5.459643363952637
v 6.424815654754639 -1.9603955745697021 5.835381507873535
v 6.019287586212158 -1.5731464624404907 5.745708465576172
v 4.69019889831543 -1.425491452217102 4.819609642028809
v 5.553664684295654 -1.3328529596328735 5.847792625427246
v 6.711685657501221 -5.940586090087891 0.3506726622581482
v 6.550589561462402 -5.496372699737549 0.9066646695137024
v 13.58204174041748 -6.160549163818359 4.7931928634643555
v 12.820789337158203 -6.0890278816223145 5.255193710327148
v 13.221901893615723 -5.507448196411133 5.012663841247559
v 12.38847827911377 -6.033598899841309 5.3972883224487305
v 11.840628623962402 -5.899301528930664 5.641566753387451
v 12.624208450317383 -5.623147964477539 5.494796276092529
v 12.474433898925781 -5.362935543060303 5.605782508850098
v 12.144386291503906 -5.374357223510742 5.844302177429199
v 12.834593772888184 -5.193259239196777 5.213314056396484
v 12.290863037109375 -5.116900444030762 5.682757377624512
v 12.44305419921875 -4.633185386657715 5.2102766036987305
v 13.994501113891602 -5.981201648712158 4.280621528625488
v 14.337872505187988 -5.726415157318115 3.7919254302978516
v 14.553902626037598 -5.303756237030029 3.3276286125183105
v 14.677852630615234 -4.908817291259766 2.810265064239502
v 13.788201332092285 -5.601973056793213 4.433018684387207
v 13.431024551391602 -5.124960422515869 4.583194732666016
v 13.97550106048584 -5.276620388031006 3.966581106185913
v 13.594420433044434 -4.795769214630127 4.085585117340088
v 13.119150161743164 -4.803824424743652 4.641700267791748
v 13.180272102355957 -4.443302154541016 4.1539788246154785
v 13.090704917907715 -4.56179666519165 4.434990882873535
v 12.967696189880371 -4.310538291931152 4.188222408294678
v 12.614429473876953 -4.303539752960205 4.726613521575928
v 14.320560455322266 -5.034792900085449 3.4132230281829834
v 13.728285789489746 -4.474213600158691 3.5653650760650635
v 14.141707420349121 -4.43979024887085 2.975170373916626
v 13.87915325164795 -4.304060935974121 3.029597759246826
v 13.336089134216309 -4.200481414794922 3.6447486877441406
v 12.941352844238281 -3.932570219039917 3.711029529571533
v 12.838313102722168 -4.121101379394531 4.024652481079102
v 13.482680320739746 -4.102644443511963 3.100084066390991
v 13.094839096069336 -3.7966396808624268 3.1824278831481934
v 9.336261749267578 -4.424525260925293 6.295790195465088
v 8.799528121948242 -4.032907009124756 6.450562953948975
v 8.95362377166748 -3.600564479827881 6.992848873138428
v 8.25479793548584 -3.752603054046631 6.149862289428711
v 8.332489967346191 -3.68994402885437 6.51888370513916
v 7.798323154449463 -3.2806272506713867 6.1164045333862305
v 7.898444175720215 -3.269474983215332 6.512247562408447
v 8.50454330444336 -3.3850669860839844 7.006246566772461
v 8.07382869720459 -3.037921190261841 6.9765400886535645
v 9.59697437286377 -3.849290132522583 6.879737854003906
v 9.154608726501465 -3.074629068374634 7.143831729888916
v 8.74482250213623 -2.987630605697632 7.082168102264404
v 8.285164833068848 -2.683682918548584 7.053131580352783
v 7.327593803405762 -2.8602685928344727 6.099030494689941
v 7.4333415031433105 -2.8545889854431152 6.473806381225586
v 6.894521713256836 -2.43095326423645 6.145276069641113
v 6.979052543640137 -2.377955198287964 6.384228706359863
v 7.14820671081543 -2.3249170780181885 6.61118745803833
v 7.782937526702881 -2.4490089416503906 6.95998477935791
v 5.188704013824463 -1.138392686843872 6.200413703918457
v 5.0841875076293945 -0.9868547916412354 6.366331577301025
v 4.762523651123047 -0.9991402626037598 6.5622076988220215
v 4.2509541511535645 -0.8396325707435608 6.732884883880615
v 4.936124801635742 -0.7609431147575378 6.523016929626465
v 4.567276954650879 -0.2884144186973572 6.632503509521484
v 10.719727516174316 -5.12346076965332 5.878885746002197
v 11.015793800354004 -4.689968585968018 6.423976898193359
v 11.293723106384277 -5.717726230621338 5.88215446472168
v 11.837237358093262 -5.363500118255615 6.046780586242676
v 10.263969421386719 -4.861327648162842 6.1069135665893555
v 9.767051696777344 -4.6330108642578125 6.240272045135498
v 10.462406158447266 -4.521330833435059 6.534822940826416
v 9.860971450805664 -4.263933181762695 6.726473808288574
v 11.535552024841309 -5.32597017288208 6.224910259246826
v 11.319361686706543 -4.37413215637207 6.112605094909668
v 10.693638801574707 -4.194544792175293 6.44874906539917
v 10.308218002319336 -3.7909576892852783 6.513004779815674
v 10.942938804626465 -3.797319173812866 6.078388690948486
v 10.53671646118164 -3.410735607147217 6.115895748138428
v 11.91041088104248 -4.661203384399414 5.781534194946289
v 11.507139205932617 -4.024196147918701 5.6902031898498535
v 12.048274040222168 -4.2187652587890625 5.275998115539551
v 11.652732849121094 -3.7485036849975586 5.223794460296631
v 11.100614547729492 -3.549262523651123 5.668299674987793
v 10.68040943145752 -3.1880040168762207 5.689708709716797
v 11.244656562805176 -3.4135446548461914 5.214176654815674
v 10.822010040283203 -3.123314619064331 5.228261947631836
v 9.901055335998535 -3.406891345977783 6.562004566192627
v 9.439216613769531 -2.9269487857818604 6.662619590759277
v 10.110581398010254 -3.059342384338379 6.1372785568237305
v 9.637660026550293 -2.700777769088745 6.166450023651123
v 8.971287727355957 -2.6674396991729736 6.652620792388916
v 8.558188438415527 -2.3435301780700684 6.626355171203613
v 9.170310020446777 -2.3406693935394287 6.173446178436279
v 8.731172561645508 -2.0128042697906494 6.155108451843262
v 10.251792907714844 -2.8596832752227783 5.691054821014404
v 9.78892707824707 -2.5016391277313232 5.701358318328857
v 10.392354965209961 -2.821401596069336 5.228565216064453
v 9.949103355407715 -2.4466700553894043 5.2307209968566895
v 9.328133583068848 -2.1493897438049316 5.702419281005859
v 8.888245582580566 -1.822070837020874 5.686455726623535
v 9.493661880493164 -2.0470261573791504 5.235517501831055
v 9.05290699005127 -1.7074682712554932 5.223015785217285
v 12.213360786437988 -4.009085178375244 4.78386926651001
v 11.805466651916504 -3.6435017585754395 4.77785062789917
v 12.376727104187012 -3.8934929370880127 4.270589351654053
v 11.965262413024902 -3.510842800140381 4.281430721282959
v 11.392203330993652 -3.2870521545410156 4.760520935058594
v 10.977316856384277 -2.9931840896606445 4.770110130310059
v 11.547675132751465 -3.162801742553711 4.281747341156006
v 11.128365516662598 -2.86816668510437 4.305025577545166
v 12.62640380859375 -3.6844892501831055 3.7603509426116943
v 12.720800399780273 -3.356450080871582 3.271360397338867
v 12.369010925292969 -3.05206298828125 3.3354318141937256
v 12.140227317810059 -3.2528927326202393 3.808734893798828
v 11.721940040588379 -2.96486759185791 3.8290061950683594
v 11.302728652954102 -2.6687326431274414 3.8445732593536377
v 11.89240550994873 -2.7791264057159424 3.348135232925415
v 11.472129821777344 -2.4745328426361084 3.375471830368042
v 10.554886817932129 -2.697087526321411 4.768808364868164
v 10.120041847229004 -2.340353488922119 4.764715671539307
v 10.706412315368652 -2.545563220977783 4.31721830368042
v 10.282533645629883 -2.2025368213653564 4.316680431365967
v 9.426204681396484 -1.3790950775146484 4.299108982086182
v 10.625590324401855 -1.7879855632781982 3.4065306186676025
v 9.775465965270996 -0.9602961540222168 3.4520623683929443
v 6.628927230834961 -1.9230589866638184 6.2136712074279785
v 6.287852764129639 -1.4146921634674072 5.974913597106934
v 6.923066139221191 -1.6895291805267334 6.427914142608643
v 6.428348064422607 -1.3096799850463867 6.037438869476318
v 6.638801097869873 -1.1213691234588623 6.0181756019592285
v 8.065991401672363 -2.03961181640625 6.592670917510986
v 7.562382698059082 -1.8037083148956299 6.511201858520508
v 8.26427173614502 -1.7139251232147217 6.139388561248779
v 7.78194522857666 -1.4387962818145752 6.089990139007568
v 7.296864032745361 -1.166032314300537 5.9999260902404785
v 6.805171966552734 -0.9079290628433228 5.88202428817749
v 8.440397262573242 -1.4696776866912842 5.669909954071045
v 7.9787421226501465 -1.1199332475662231 5.6399407386779785
v 8.614557266235352 -1.3485095500946045 5.206508636474609
v 8.169127464294434 -0.9500653147697449 5.192774295806885
v 7.508110046386719 -0.7830337882041931 5.576834678649902
v 7.044397354125977 -0.4863666892051697 5.516233444213867
v 7.7129225730896 -0.5792030096054077 5.153237342834473
v 7.260560035705566 -0.21537163853645325 5.106320381164551
v 5.350647926330566 -0.9588257074356079 6.199321269989014
v 5.876135349273682 -1.0868290662765503 5.916468143463135
v 5.578160285949707 -0.7261297106742859 6.06023645401001
v 4.8471503257751465 0.09975916147232056 6.258480548858643
v 5.32094669342041 -0.17078998684883118 6.026692867279053
v 6.278962135314941 -0.714499294757843 5.831513404846191
v 5.893223285675049 -0.29253843426704407 5.775390148162842
v 5.463814735412598 0.07194209098815918 5.762280464172363
v 5.022915363311768 0.400989830493927 5.74312686920166
v 6.5926594734191895 -0.17305010557174683 5.471687316894531
v 6.141416549682617 0.15887153148651123 5.4084086418151855
v 6.812104225158691 0.1739290952682495 5.067279815673828
v 6.360658168792725 0.5496782064437866 5.00231409072876
v 5.687201499938965 0.46788227558135986 5.359040260314941
v 5.225261688232422 0.7581780552864075 5.301255226135254
v 5.897587299346924 0.8428754210472107 4.9397759437561035
v 5.3104634284973145 1.1989638805389404 4.857503890991211
v 8.566424369812012 -0.5311288237571716 4.346994876861572
v 8.367459297180176 -0.7275568246841431 4.784122943878174
v 7.9281134605407715 -0.33385464549064636 4.77545690536499
v 7.479814529418945 0.037874460220336914 4.734142303466797
v 8.12939739227295 -0.1393570899963379 4.33749532699585
v 7.683905601501465 0.24795353412628174 4.310375690460205
v 8.932894706726074 -0.13418355584144592 3.465386390686035
v 8.760398864746094 -0.34810492396354675 3.8968350887298584
v 8.326123237609863 0.04868638515472412 3.888986349105835
v 7.8788652420043945 0.4404571056365967 3.860985040664673
v 8.502823829650879 0.27060502767562866 3.451017141342163
v 8.055008888244629 0.6750916838645935 3.4235050678253174
v 5.768359184265137 1.7349348068237305 4.04241418838501
v 7.027667999267578 0.4933869242668152 4.70166015625
v 6.566945552825928 0.8924716711044312 4.631302833557129
v 7.235130310058594 0.8459024429321289 4.338813781738281
v 6.753426551818848 1.0725396871566772 4.191380500793457
v 6.094533920288086 1.2260198593139648 4.548668384552002
v 5.4878435134887695 1.569182276725769 4.424306392669678
v 6.281436920166016 1.436869740486145 4.104654788970947
v 6.1543660163879395 1.8682154417037964 3.583991527557373
v 6.144664764404297 2.1635351181030273 3.050569772720337
v 7.419212818145752 1.0149853229522705 3.878237247467041
v 6.9392523765563965 1.2834410667419434 3.753868341445923
v 7.5909929275512695 1.0972570180892944 3.3798794746398926
v 7.122544765472412 1.4763048887252808 3.307701587677002
v 6.462890148162842 1.6492693424224854 3.6551618576049805
v 6.480716228485107 1.9486749172210693 3.1463775634765625
v -2.1338014602661133 -2.823577880859375 3.777387857437134
v -2.3660521507263184 -3.1141297817230225 3.36675763130188
v -1.8596463203430176 -2.2302024364471436 4.347908973693848
v -2.2768282890319824 -4.326071262359619 0.8222134709358215
v -2.4897727966308594 -4.416193008422852 0.6237937808036804
v -2.9461660385131836 -4.104827404022217 1.0967378616333008
v -2.2641472816467285 -4.000802993774414 1.4190706014633179
v -1.3609514236450195 -3.5109636783599854 2.135178804397583
v -1.5242630243301392 -3.8122661113739014 1.6587636470794678
v -2.81563663482666 -3.8389527797698975 1.6903188228607178
v -2.6671910285949707 -3.6156392097473145 2.229752540588379
v -1.9610333442687988 -3.5039544105529785 2.452869415283203
v -2.5310189723968506 -3.3929731845855713 2.7977914810180664
v -2.2304468154907227 -3.714134931564331 2.019343376159668
v -1.857245922088623 -4.434109210968018 0.6128413081169128
v -1.7915281057357788 -4.115000247955322 1.1774736642837524
v -1.476797342300415 -4.6579179763793945 0.38530004024505615
v -1.1608481407165527 -4.550114631652832 0.7644007205963135
v -0.7270236611366272 -3.8956761360168457 1.6262397766113281
v -0.9276267886161804 -4.25328254699707 1.2348073720932007
v -1.1901166439056396 -3.19345760345459 2.620135545730591
v -0.7783494591712952 -2.781174421310425 2.8604743480682373
v -1.8094747066497803 -3.2082841396331787 3.0303592681884766
v -1.3375967741012573 -2.8764824867248535 3.302381992340088
v -1.6224501132965088 -2.879884719848633 3.4878809452056885
v -0.7227969765663147 -2.3673200607299805 3.3292417526245117
v -1.1884088516235352 -2.461411952972412 3.7110395431518555
v -1.1423245668411255 -2.037696599960327 4.068584442138672
v -1.782428503036499 -1.9672290086746216 4.533426761627197
v -0.6239566802978516 -1.8554061651229858 3.6708154678344727
v -0.3995792865753174 -3.057605504989624 2.209122657775879
v 0.16598820686340332 -2.6184747219085693 1.9768396615982056
v -0.2525453567504883 -2.6772165298461914 2.365878105163574
v -0.20104005932807922 -2.168102979660034 2.825049638748169
v -0.13585440814495087 -1.704661250114441 3.2290380001068115
v -0.39673686027526855 -1.7876969575881958 3.4667718410491943
v 0.29572388529777527 -2.023597002029419 2.383493423461914
v 0.034298162907361984 -2.0923538208007812 2.6101908683776855
v 0.3709612190723419 -1.6257132291793823 2.836977481842041
v -3.822856903076172 -3.4681928157806396 2.1480441093444824
v -5.072274208068848 -3.4822731018066406 1.4686269760131836
v -4.877553939819336 -3.1487364768981934 2.3844099044799805
v -3.718165636062622 -3.2907309532165527 2.625333547592163
v -2.835770606994629 -3.3126087188720703 2.93058705329895
v -3.1493868827819824 -3.3819069862365723 2.6848926544189453
v -3.575138568878174 -3.0512335300445557 3.186256170272827
v -4.724946022033691 -2.948262929916382 2.9258944988250732
v -4.595199108123779 -2.6706743240356445 3.5123038291931152
v -4.359936714172363 -3.3228087425231934 2.2025835514068604
v -4.231316089630127 -3.1066153049468994 2.7956490516662598
v -7.227405071258545 -2.9505252838134766 2.850748300552368
v -6.242720603942871 -2.8264284133911133 2.9728541374206543
v -6.661150932312012 -3.025425910949707 2.573293685913086
v -6.507815837860107 -2.7781004905700684 3.099274158477783
v -7.1692023277282715 -2.629321575164795 3.4085593223571777
v -5.515373229980469 -2.358552932739258 3.8314571380615234
v -5.8052191734313965 -2.6123082637786865 3.39388370513916
v -6.339839935302734 -2.486455202102661 3.6034674644470215
v -6.890200614929199 -2.309889554977417 3.8175766468048096
v -6.143415451049805 -2.144214630126953 4.044228553771973
v -6.761680603027344 -1.8751143217086792 4.22455358505249
v -5.951076507568359 -2.8763201236724854 2.831545114517212
v -6.301257133483887 -3.324221611022949 1.7125741243362427
v -6.087900638580322 -3.1101536750793457 2.257216691970825
v -5.279056072235107 -3.0286290645599365 2.537121534347534
v -5.2654194831848145 -2.756359338760376 3.15545916557312
v -5.109584331512451 -2.4899747371673584 3.6867542266845703
v -2.899831533432007 -2.9655818939208984 3.5324666500091553
v -3.410090446472168 -2.767580986022949 3.696901559829712
v -2.7123055458068848 -2.6418752670288086 3.993671178817749
v -3.335899591445923 -2.3933587074279785 4.1849212646484375
v -3.6564388275146484 -2.6735920906066895 3.7746098041534424
v -4.095736026763916 -2.843609094619751 3.3829753398895264
v -3.916867971420288 -2.570376396179199 3.8526127338409424
v -4.421596527099609 -2.3715052604675293 4.003820896148682
v -3.7209532260894775 -2.232689380645752 4.2941508293151855
v -4.218365669250488 -2.01607608795166 4.430310249328613
v -2.4992287158966064 -2.267271041870117 4.395593166351318
v -3.1734609603881836 -1.9917727708816528 4.59282112121582
v -2.2563395500183105 -1.8411813974380493 4.731493949890137
v -2.761690378189087 -1.642952561378479 4.883971691131592
v -3.4983038902282715 -1.8470673561096191 4.6762375831604
v -3.9868083000183105 -1.6197106838226318 4.791695594787598
v -3.7261736392974854 -1.1663544178009033 5.0885396003723145
v -5.4239091873168945 -1.9650956392288208 4.292667865753174
v -4.946373462677002 -1.6915440559387207 4.611027717590332
v -5.914352893829346 -1.7415657043457031 4.411911487579346
v -6.385112285614014 -1.468705654144287 4.487631797790527
v -5.653722763061523 -1.284456491470337 4.708534240722656
v -5.0811238288879395 -1.3673337697982788 4.7827229499816895
v -5.965907573699951 -0.8100210428237915 4.741290092468262
v -5.077445983886719 -2.1173040866851807 4.2041425704956055
v -4.710073947906494 -1.7990084886550903 4.553622245788574
v -4.463403224945068 -1.3701050281524658 4.881608009338379
v -4.922585487365723 -1.0903810262680054 4.931361198425293
v -4.181963920593262 -0.8814408779144287 5.131643295288086
v -5.3495635986328125 -0.7535067200660706 4.908568859100342
v -4.943028926849365 -0.1537635624408722 4.950902938842773
v -5.137169361114502 0.2288140207529068 4.428005218505859
v -3.449209451675415 -3.929178237915039 1.2480382919311523
v -3.972646713256836 -3.7277166843414307 1.4348889589309692
v -3.329206705093384 -3.6872971057891846 1.8542884588241577
v -3.3956639766693115 -3.407865047454834 2.518083333969116
v -4.807363986968994 0.5077040195465088 4.116535663604736
v 2.5134923458099365 -1.801313042640686 3.632127046585083
v 2.6314895153045654 -1.6125942468643188 4.1686930656433105
v 2.074751615524292 -1.7106058597564697 3.61830997467041
v 2.196078062057495 -1.5190221071243286 4.169922828674316
v 2.779888868331909 -1.4854178428649902 4.695546627044678
v 2.338205337524414 -1.402212142944336 4.707302570343018
v 1.6655939817428589 -1.50141441822052 3.6600239276885986
v 1.7825082540512085 -1.31702721118927 4.14164400100708
v 1.3597711324691772 -0.9544885754585266 4.1137847900390625
v 1.925615668296814 -1.1416807174682617 4.682545185089111
v 1.5199310779571533 -0.7170423269271851 4.649835109710693
v -1.2111706733703613 -1.3804821968078613 4.530990123748779
v -0.6834475994110107 -1.2562905550003052 4.139801979064941
v -0.7467004060745239 -0.7086312174797058 4.487853050231934
v -1.0051616430282593 -0.7032383680343628 4.668421745300293
v -0.8295023441314697 -0.3962612748146057 4.67953634262085
v -0.07226830720901489 -1.2167160511016846 3.6480894088745117
v 0.5245067477226257 -1.2498793601989746 3.2614433765411377
v 1.095947504043579 -1.1304562091827393 3.5921530723571777
v 0.7206814885139465 -0.9470716714859009 3.6944761276245117
v 0.0836099311709404 -0.7790558338165283 3.9893321990966797
v -0.4052588939666748 -0.7360431551933289 4.266919136047363
v 0.9052528738975525 -0.6695244908332825 4.165266513824463
v 0.4081258773803711 -0.4583476185798645 4.309793949127197
v 1.0863710641860962 -0.3922816514968872 4.655576229095459
v 0.6224249005317688 -0.11693695187568665 4.716446876525879
v 0.05467382073402405 -0.3376407325267792 4.4408464431762695
v -0.6386744379997253 -0.06805790960788727 4.730706691741943
v -0.1371508240699768 0.3545401096343994 4.859211444854736
v 0.04669817537069321 -0.026953507214784622 4.690074443817139
v 2.9792075157165527 -1.2802438735961914 5.344465732574463
v 3.1105763912200928 -1.1960960626602173 5.712479591369629
v 2.4939372539520264 -1.235981822013855 5.241649627685547
v 2.6656861305236816 -1.0644278526306152 5.729305267333984
v 2.107022762298584 -0.9139511585235596 5.292796611785889
v 2.118450403213501 -0.5254616141319275 5.642780780792236
v 1.6849262714385986 -0.4800551235675812 5.156976222991943
v 1.8853884935379028 -0.1882857382297516 5.591081142425537
v 3.2910404205322266 -1.1581449508666992 6.186019420623779
v 2.863604784011841 -0.8518354892730713 6.168469429016113
v 3.5052592754364014 -0.8647867441177368 6.586622714996338
v 2.9810495376586914 -0.2928164005279541 6.427796840667725
v 2.4592835903167725 -0.3607206642627716 6.045170783996582
v 2.1572823524475098 0.1669227033853531 5.9024763107299805
v 2.8059980869293213 0.016329675912857056 6.276731491088867
v 1.274795413017273 -0.09266464412212372 5.119307041168213
v 0.8514004945755005 0.2455083429813385 5.102652072906494
v 1.5078773498535156 0.27241426706314087 5.497700214385986
v 1.1213812828063965 0.6903760433197021 5.385748863220215
v 0.4315934479236603 0.5953162312507629 5.068477630615234
v 0.7773938179016113 1.1379731893539429 5.21214485168457
v 0.18146781623363495 1.2663781642913818 4.949374675750732
v 1.902490258216858 0.8152924180030823 5.702826023101807
v 1.309558391571045 1.0014890432357788 5.452167510986328
v -1.9574838876724243 -1.3413183689117432 4.980889797210693
v -2.4880261421203613 -1.1669076681137085 5.1523213386535645
v -3.2253427505493164 -1.4085787534713745 5.009377956390381
v -2.97125244140625 -0.9308055639266968 5.256837368011475
v -3.42912220954895 -0.6494532227516174 5.303752899169922
v -2.537250518798828 -0.3953371047973633 5.364448547363281
v -2.9985814094543457 -0.05103358253836632 5.356682300567627
v -4.536919593811035 -0.41910573840141296 5.115924835205078
v -3.914414405822754 -0.41704636812210083 5.253203868865967
v -3.560281753540039 0.20427539944648743 5.220743656158447
v -4.241300582885742 0.28132808208465576 5.004281044006348
v -4.617177486419678 0.3620368242263794 4.75106143951416
v -1.604630947113037 -0.682481586933136 5.03687858581543
v -2.199392080307007 -0.6625629663467407 5.268249034881592
v -1.8590147495269775 -0.061112046241760254 5.181033134460449
v -1.0735429525375366 0.06576154381036758 4.89723539352417
v -1.5971384048461914 0.40115344524383545 5.023933410644531
v -2.278254270553589 0.2841997742652893 5.203273773193359
v -2.748548984527588 0.5461407899856567 5.128564834594727
v -2.2218410968780518 0.9009746313095093 4.876204967498779
v -2.492671251296997 0.989553689956665 4.7932281494140625
v -2.0843191146850586 0.6272255778312683 5.030371189117432
v -0.7295886278152466 0.8133183121681213 4.857517242431641
v -1.081549882888794 1.2864049673080444 4.650933265686035
v -1.7211641073226929 1.2359687089920044 4.6104302406311035
v -2.227595806121826 1.376875877380371 4.395497798919678
v -1.164807915687561 1.5922117233276367 4.396783351898193
v -1.467650055885315 1.6389292478561401 4.270282745361328
v -2.0132334232330322 1.6669636964797974 4.002861022949219
v -3.3884353637695312 0.6451418995857239 4.9917988777160645
v -3.76714825630188 0.7598597407341003 4.705479145050049
v -3.215963125228882 1.0506327152252197 4.451491355895996
v -3.450948715209961 1.0263713598251343 4.303650856018066
v -4.137167453765869 0.7363396286964417 4.481706142425537
v -3.8816354274749756 0.9844875335693359 4.032654762268066
v -4.4788336753845215 0.7910782098770142 3.6424806118011475
v -2.9919004440307617 1.0649136304855347 4.583883285522461
v -2.96681809425354 1.3148744106292725 4.004844665527344
v -3.157593011856079 1.2903498411178589 3.8814876079559326
v -2.8092236518859863 1.5429896116256714 3.520570755004883
v -4.128568649291992 1.103475570678711 3.2630982398986816
v -3.5828473567962646 1.289873719215393 3.5155577659606934
v -3.820535659790039 1.401656985282898 2.8812551498413086
v -3.3427348136901855 1.479817509651184 3.188173294067383
v -2.696876049041748 1.3463746309280396 4.174428462982178
v -2.4222917556762695 1.6133006811141968 3.765817642211914
v -0.25865280628204346 1.400477647781372 4.7684125900268555
v -0.9192613363265991 1.548026442527771 4.495781421661377
v -0.3506773114204407 -5.28558874130249 -0.464193731546402
v -0.8704016804695129 -5.1126227378845215 -0.05375650152564049
v -0.17797040939331055 -5.109321117401123 -0.08723586052656174
v -0.5031782984733582 -4.968459129333496 0.24080929160118103
v 0.10962162166833878 -5.003623962402344 -0.7306370139122009
v 0.22042801976203918 -5.044225215911865 -0.37548139691352844
v -0.02201041392982006 -4.742431640625 0.3190639019012451
v -0.30024152994155884 -4.601607322692871 0.6634064316749573
v 0.20573990046977997 -4.150609016418457 0.7239447832107544
v -0.06783006340265274 -4.071391582489014 1.0582531690597534
v 0.2979589104652405 -4.971084117889404 -0.12473352253437042
v 0.4015658497810364 -4.736632823944092 0.17249998450279236
v 0.8810441493988037 -4.231231212615967 -1.135208249092102
v 0.5251129269599915 -4.593778610229492 -0.9686406254768372
v 0.579153835773468 -4.730273246765137 -0.7760427594184875
v 1.1455583572387695 -4.591806411743164 -0.8781468868255615
v 1.3268440961837769 -5.158388614654541 -0.4466998279094696
v 0.7057538628578186 -4.969711780548096 -0.451602965593338
v 0.8165782690048218 -4.985092639923096 0.01932799257338047
v 0.4783317446708679 -3.4091598987579346 1.1336166858673096
v 0.09362763166427612 -3.3957972526550293 1.4890536069869995
v 0.7350415587425232 -2.635317325592041 1.5388388633728027
v 0.4713912606239319 -2.6111443042755127 1.7292593717575073
v 0.6823651790618896 -4.182772636413574 0.6793693900108337
v 1.1165359020233154 -4.00365686416626 1.0143158435821533
v 0.8456770181655884 -3.3829832077026367 1.223838448524475
v 1.6405726671218872 -3.8266403675079346 1.3977957963943481
v 2.2017006874084473 -3.7682528495788574 1.6725080013275146
v 2.394333600997925 -2.978693723678589 2.3127715587615967
v 0.9727107286453247 -2.172694206237793 1.9350054264068604
v 0.6997742056846619 -2.0628340244293213 2.0998623371124268
v 1.3023821115493774 -2.225939989089966 2.312345504760742
v 0.8978686332702637 -1.657464623451233 2.548551559448242
v 1.258944034576416 -2.8664286136627197 1.6984310150146484
v 1.4826271533966064 -5.021515369415283 0.5635527968406677
v 1.6181327104568481 -5.528922080993652 -0.13105830550193787
v 1.1708242893218994 -5.2474589347839355 0.04629753530025482
v 2.013051986694336 -5.551306247711182 0.18829059600830078
v 1.0572417974472046 -4.6831207275390625 0.4513751268386841
v 2.6585466861724854 -4.6307783126831055 1.1265679597854614
v 2.1920406818389893 -5.087320327758789 0.6500973105430603
v 2.0005648136138916 -4.600910663604736 1.0543255805969238
v 1.633420705795288 -3.783499240875244 -1.3714027404785156
v 1.674061894416809 -4.235418319702148 -1.189908742904663
v 1.2444723844528198 -4.8399481773376465 -0.6948109269142151
v 1.8335669040679932 -4.757079601287842 -0.8945261836051941
v 2.039539337158203 -5.762794017791748 -0.23378071188926697
v 1.9466904401779175 -5.408278942108154 -0.5370463132858276
v 2.3415329456329346 -2.4868597984313965 2.771699905395508
v 2.5549633502960205 -2.2300426959991455 3.168811798095703
v 1.874812126159668 -2.6614274978637695 2.331146717071533
v 2.1460819244384766 -2.1181185245513916 3.1004676818847656
v 1.5680748224258423 -1.889338493347168 2.95361590385437
v 1.0563125610351562 -1.4206407070159912 3.045215606689453
v 2.535904884338379 0.6629828214645386 6.0033135414123535
v 0.5487231016159058 1.8205671310424805 4.754570484161377
v 0.6579433083534241 2.132577657699585 4.47580099105835
v 1.5298998355865479 1.4147181510925293 5.255319595336914
v 2.32916522026062 1.3123360872268677 5.529419898986816
v 2.5339338779449463 1.6635632514953613 5.096370697021484
v 1.89326012134552 1.8348935842514038 4.826250076293945
v 1.0743169784545898 1.6536446809768677 4.986303806304932
v 1.5991649627685547 1.9718266725540161 4.722267150878906
v 1.3000487089157104 2.122760772705078 4.6173858642578125
v 2.730278730392456 2.007779836654663 4.652090072631836
v 2.0819573402404785 2.1481235027313232 4.374321460723877
v 2.9038569927215576 2.30924129486084 4.185038089752197
v 2.0303165912628174 2.464841604232788 3.8230385780334473
v 1.7904351949691772 2.2429568767547607 4.261539459228516
v 1.5037559270858765 2.388396978378296 4.174924850463867
v 0.8983260989189148 2.3912875652313232 3.909416437149048
v 1.692751169204712 2.5141823291778564 3.6989853382110596
v 1.0651402473449707 2.551147937774658 3.4472312927246094
v 4.001948356628418 3.2068381309509277 2.6585614681243896
v 2.614431142807007 2.914576530456543 3.0072362422943115
v 1.4860490560531616 2.8985328674316406 2.5690972805023193
v 2.9973583221435547 3.2835450172424316 2.071913003921509
v 1.7740752696990967 3.3645262718200684 1.6729049682617188
v -1.1411359310150146 1.9067966938018799 3.9502363204956055
v -1.7117249965667725 1.836756944656372 3.6446263790130615
v -1.101654291152954 2.008251667022705 3.721548557281494
v -1.4551210403442383 2.0285067558288574 3.278359889984131
v -0.8605964779853821 2.470205545425415 2.614065170288086
v -2.5264267921447754 1.7407265901565552 2.9778518676757812
v -3.248908519744873 1.751647710800171 2.170189142227173
v -2.3965110778808594 1.857697606086731 2.7092955112457275
v -2.2503998279571533 2.2091572284698486 1.7831517457962036
v -2.698918581008911 2.1374049186706543 1.4853847026824951
v -1.809946894645691 2.280710220336914 2.0558083057403564
v -0.22258561849594116 1.6811906099319458 4.592514991760254
v -0.6568976640701294 1.917930006980896 4.171212196350098
v -0.15959526598453522 1.9142889976501465 4.401432991027832
v -0.1500597447156906 2.150761365890503 3.921717882156372
v -0.4231628179550171 2.130095958709717 3.7939202785491943
v 0.1472531110048294 2.1788604259490967 4.063409328460693
v -0.0415298268198967 2.3300697803497314 3.4755311012268066
v 0.36479419469833374 2.3494369983673096 3.6568093299865723
v 0.045518726110458374 2.507519006729126 3.0234601497650146
v 0.5780214667320251 2.5187461376190186 3.239441394805908
v -0.8144195675849915 2.5662145614624023 2.361790180206299
v -2.1222455501556396 2.6231346130371094 0.8473716378211975
v -0.6734477877616882 2.826678514480591 1.7197842597961426
v -1.319452166557312 2.7232820987701416 1.3547254800796509
v -2.003819704055786 2.8065335750579834 0.5474604368209839
v -0.42149922251701355 3.2584211826324463 0.8315152525901794
v -0.8867071866989136 3.196693181991577 0.5891315340995789
v -1.7291256189346313 3.1730191707611084 0.10838400572538376
v 0.47269123792648315 2.901218891143799 2.214754104614258
v -0.48568519949913025 2.859065055847168 1.8167827129364014
v 0.8904754519462585 3.362399101257324 1.377963662147522
v -0.07698497921228409 3.317840337753296 1.001879096031189
v -7.516850471496582 -2.8945701122283936 2.9982593059539795
v -7.778062343597412 -2.815001964569092 3.105084180831909
v -8.25940990447998 -2.5593361854553223 3.2039072513580322
v -7.58572244644165 -2.4745140075683594 3.554743766784668
v -8.04230785369873 -2.176877737045288 3.5982086658477783
v -8.692766189575195 -1.9867744445800781 2.9827518463134766
v -8.416439056396484 -1.7437529563903809 3.3342783451080322
v -8.889660835266113 -1.5178290605545044 2.4240238666534424
v -8.470192909240723 -1.2651959657669067 2.943941593170166
v -7.365230560302734 -2.0872631072998047 3.9419848918914795
v -7.7918524742126465 -1.7400888204574585 3.918931007385254
v -7.327878475189209 -1.4423598051071167 4.21702766418457
v -7.602295398712158 -1.4274646043777466 4.075402736663818
v -7.9610371589660645 -1.490967035293579 3.803388833999634
v -8.068892478942871 -1.2487719058990479 3.5640103816986084
v -8.09188461303711 -1.0767605304718018 3.354264974594116
v -7.662035942077637 -0.9050319790840149 3.764846086502075
v -7.859174728393555 -0.9808439612388611 3.5811731815338135
v -8.432594299316406 -1.010621190071106 2.4459760189056396
v -7.957875728607178 -0.8292738199234009 2.9073450565338135
v -7.511677265167236 -0.6810299754142761 3.4306814670562744
v -7.6838555335998535 -0.6553073525428772 2.4608876705169678
v -7.934151649475098 -0.7585218548774719 2.222842216491699
v -7.231087684631348 -0.47014233469963074 2.870831251144409
v -8.739372253417969 -1.1769760847091675 2.086958408355713
v -8.503037452697754 -1.0007985830307007 1.6406772136688232
v -7.047093868255615 -1.5315316915512085 4.314557075500488
v -6.81106424331665 -1.178499460220337 4.462597370147705
v -7.1187896728515625 -0.7777009606361389 4.181158542633057
v -6.4369659423828125 -0.7528741359710693 4.559152126312256
v -6.438846111297607 -0.3528640866279602 4.142482757568359
v -6.703963279724121 -0.4129408001899719 3.959674596786499
v -6.207061767578125 -0.09159255027770996 3.695180654525757
v -7.011113166809082 -0.4974290132522583 3.728952646255493
v -6.744772434234619 -0.27866286039352417 3.2824172973632812
v -7.014843940734863 -0.3822821080684662 3.058828115463257
v -5.638415813446045 -0.30608025193214417 4.705803394317627
v -6.104971408843994 -0.28045985102653503 4.36165189743042
v -5.623015880584717 0.09461057186126709 4.1087236404418945
v -6.9634222984313965 -0.2641379237174988 2.4244186878204346
v -7.423279762268066 -0.4472908079624176 1.9816838502883911
v -6.714853763580322 -0.07878477871417999 1.9779856204986572
v -7.175308704376221 -0.27315646409988403 1.567138671875
v -6.419445037841797 0.18216578662395477 1.419447898864746
v -8.246089935302734 -0.8204981684684753 1.1943168640136719
v -7.85160493850708 -0.6373597979545593 1.6040478944778442
v -8.10755443572998 -0.6758431196212769 0.6423512697219849
v -7.60135555267334 -0.4496539235115051 1.1573715209960938
v -7.1580281257629395 -0.10211244225502014 0.2633718252182007
v -5.957500457763672 0.11540517210960388 3.2787225246429443
v -6.613725662231445 -0.12903767824172974 2.719564199447632
v -6.218537330627441 0.1277884840965271 2.3895339965820312
v -5.484236717224121 0.24235038459300995 3.852332830429077
v -5.567506790161133 0.38892289996147156 2.887136220932007
v -4.984526634216309 0.6207162141799927 3.3064024448394775
v -5.223991870880127 0.8661194443702698 1.9100401401519775
v -6.102239608764648 0.43256279826164246 1.2116700410842896
v -4.051480770111084 1.3295942544937134 2.732029438018799
v -4.850035667419434 1.034937858581543 2.1839067935943604
v -6.923349380493164 0.22303351759910583 -0.8152227997779846
v -5.801577568054199 0.8874617218971252 0.19268015027046204
v -6.565531253814697 0.5823731422424316 -0.9853422045707703
v -6.33019495010376 1.1704442501068115 -1.6000150442123413
v -5.419670581817627 1.3127340078353882 -0.7365365028381348
v -6.062126636505127 1.2192124128341675 -1.3493622541427612
v -4.843253135681152 1.254025936126709 1.0171400308609009
v -5.3536601066589355 1.0713404417037964 0.5943480730056763
v -3.7436184883117676 1.6427924633026123 1.8423433303833008
v -4.225131511688232 1.4687771797180176 1.4924606084823608
v -4.471845626831055 1.5877350568771362 0.12491804361343384
v -4.719409942626953 1.489412784576416 -0.08533989638090134
v -3.437129497528076 2.003143072128296 0.9489590525627136
v -3.6525280475616455 1.912233591079712 0.7822616696357727
v -6.089095115661621 1.81318998336792 -2.603728771209717
v -5.15089225769043 2.0741519927978516 -1.805849552154541
v -5.362712383270264 2.0126214027404785 -1.9933897256851196
v -5.92939567565918 2.0231642723083496 -3.688237428665161
v -6.510165214538574 1.8480007648468018 -4.15807580947876
v -5.056550025939941 2.2492847442626953 -2.4121789932250977
v -4.850532531738281 2.4076812267303467 -2.8091683387756348
v -4.231256484985352 2.152067184448242 -0.7203612327575684
v -3.244129180908203 2.3321125507354736 0.27970385551452637
v -3.1296000480651855 3.2436652183532715 -1.1242176294326782
v -3.647017240524292 3.0327987670898438 -1.6695753335952759
v -4.078568458557129 2.7978057861328125 -2.106855869293213
v -3.1993532180786133 2.457592010498047 0.05846073850989342
v -1.9424567222595215 3.228325128555298 -0.05397268384695053
v 3.2162699699401855 -0.32209229469299316 6.561001777648926
v 3.734483480453491 -0.5460106134414673 6.735689163208008
v 4.125658988952637 0.07534918189048767 6.5996174812316895
v 3.5254173278808594 0.145274817943573 6.528534889221191
v 3.4210681915283203 0.39996805787086487 6.376774311065674
v 3.0870375633239746 0.4835014343261719 6.2335896492004395
v 4.3932085037231445 0.5408138036727905 6.263599872589111
v 3.894563674926758 0.7891223430633545 6.130100250244141
v 4.726478099822998 0.6208057999610901 5.724902153015137
v 4.099390983581543 1.1412054300308228 5.686042785644531
v 2.803926944732666 1.1754355430603027 5.724217891693115
v 3.3615882396698 0.9786789417266846 5.9306769371032715
v 3.0283517837524414 1.5134449005126953 5.29178524017334
v 3.535496950149536 1.3692970275878906 5.497708797454834
v 4.9419779777526855 0.9331567883491516 5.2605180740356445
v 4.278672218322754 1.4243800640106201 5.18837308883667
v 4.949995994567871 1.462578535079956 4.821861743927002
v 4.459732532501221 1.7440372705459595 4.709873676300049
v 3.209834098815918 1.8313348293304443 4.818112850189209
v 3.700592041015625 1.6214492321014404 4.980912208557129
v 3.8653452396392822 1.8018237352371216 4.675379276275635
v 3.381704568862915 2.144425392150879 4.354621410369873
v 5.117124557495117 1.762883186340332 4.335568904876709
v 4.627931594848633 2.0707154273986816 4.243743419647217
v 5.2919206619262695 2.0661613941192627 3.8534867763519287
v 4.799225330352783 2.3565244674682617 3.7596006393432617
v 4.24360990524292 2.17988920211792 4.1090288162231445
v 3.5542399883270264 2.4408271312713623 3.880234718322754
v 4.558201313018799 2.421067953109741 3.6748712062835693
v 4.2655487060546875 2.5001277923583984 3.5680289268493652
v 3.529878616333008 2.839724063873291 3.35412335395813
v 5.464424133300781 2.2880115509033203 3.3806920051574707
v 5.177958011627197 2.880825996398926 2.8307981491088867
v 4.970019340515137 2.729586362838745 3.1486194133758545
v 5.6502485275268555 2.5640830993652344 2.9574296474456787
v 4.440009593963623 2.8712449073791504 3.120591402053833
v 3.901411294937134 3.0645523071289062 2.9429290294647217
v 4.606028079986572 3.150270938873291 2.631655693054199
v 1.8624516725540161 -6.149959564208984 -6.102695465087891
v 2.067983627319336 -6.07102108001709 -7.119537353515625
v 2.2471907138824463 -5.889185905456543 -7.79113245010376
v 7.336670398712158 -4.884190082550049 -3.620478391647339
v 7.066308498382568 -4.894006729125977 -3.645970582962036
v 6.99416446685791 -4.824869632720947 -3.373015880584717
v 7.776434898376465 -4.956500053405762 -3.983100414276123
v 7.357059478759766 -5.094056606292725 -4.57958984375
v 8.202627182006836 -5.07650899887085 -4.434656620025635
v 7.884072780609131 -5.065227508544922 -4.48461389541626
v 2.299257755279541 -5.020865440368652 -2.8389718532562256
v 1.9104777574539185 -5.253282070159912 -3.380915880203247
v 1.6945018768310547 -5.339534282684326 -3.515836000442505
v 1.6626307964324951 -5.188887119293213 -3.2315568923950195
v 2.3821229934692383 -5.085721969604492 -3.057039499282837
v 1.7429178953170776 -5.577681541442871 -3.987973690032959
v 1.7406681776046753 -5.915840148925781 -4.8189496994018555
v 2.1967239379882812 -5.658885478973389 -4.3634538650512695
v 2.401251792907715 -5.315613746643066 -3.596409559249878
v 2.8533973693847656 -5.152050495147705 -3.354691743850708
v 2.55582332611084 -5.398438930511475 -3.8619041442871094
v 3.3065123558044434 -5.123182773590088 -3.574392795562744
v 5.5059685707092285 -4.771452903747559 -2.5373032093048096
v 5.297079563140869 -4.882285118103027 -2.38385272026062
v 4.589670181274414 -4.991377353668213 -2.4569969177246094
v 4.044214248657227 -5.0282464027404785 -2.535825490951538
v 4.759838581085205 -4.892703533172607 -2.580672025680542
v 4.538749694824219 -4.79879093170166 -3.1851255893707275
v 4.459938049316406 -4.812313556671143 -3.0407931804656982
v 5.544145107269287 -4.696066856384277 -2.7695982456207275
v 6.334044456481934 -4.728757858276367 -2.988107442855835
v 6.130870819091797 -4.702073574066162 -2.787184953689575
v 5.063127517700195 -4.751443862915039 -2.8255908489227295
v 5.610921859741211 -4.673879146575928 -3.0374984741210938
v 5.116514205932617 -4.718310832977295 -3.092467784881592
v 3.719284772872925 -5.030952453613281 -2.577953815460205
v 3.4657063484191895 -5.034631252288818 -2.6157565116882324
v 3.3281633853912354 -5.094112873077393 -2.421905755996704
v 3.039863109588623 -5.028476715087891 -2.941113233566284
v 2.9229986667633057 -5.027186393737793 -2.7559492588043213
v 4.016909122467041 -4.934965133666992 -2.7445461750030518
v 3.627699136734009 -4.973056793212891 -2.8132052421569824
v 3.524855613708496 -4.986354827880859 -3.1146881580352783
v 3.1763291358947754 -5.06360387802124 -3.2250442504882812
v 3.787945032119751 -4.933396816253662 -3.0449373722076416
v 3.849520206451416 -4.948726177215576 -3.3593122959136963
v 2.092916965484619 -5.93775749206543 -5.253856182098389
v 2.6831142902374268 -5.586223602294922 -4.5852484703063965
v 2.3741698265075684 -5.906073570251465 -5.731451034545898
v 3.5070013999938965 -5.145585060119629 -3.9453799724578857
v 3.8000166416168213 -5.099571228027344 -4.311895370483398
v 3.5780203342437744 -5.204724311828613 -4.461287498474121
v 2.972581386566162 -5.41277551651001 -4.316864490509033
v 3.2578125 -5.376266002655029 -4.720806121826172
v 2.6294312477111816 -5.8138885498046875 -6.2559895515441895
v 2.956071615219116 -5.629868030548096 -5.8096795082092285
v 2.8189339637756348 -5.646907329559326 -5.215633869171143
v 2.8621561527252197 -5.658419609069824 -6.829896450042725
v 3.117908477783203 -5.531537055969238 -6.466001033782959
v 4.105931282043457 -5.053006649017334 -4.748063087463379
v 4.469460487365723 -4.977969169616699 -5.218476295471191
v 3.629180431365967 -5.253998756408691 -5.090728759765625
v 3.8943212032318115 -5.148158550262451 -5.602420806884766
v 5.138319492340088 -4.74176549911499 -3.429689884185791
v 4.681792259216309 -4.805696964263916 -3.5132226943969727
v 5.410440444946289 -4.774482727050781 -3.7521703243255615
v 4.82124137878418 -4.84670352935791 -3.921165704727173
v 5.981611251831055 -4.764739990234375 -3.3423900604248047
v 5.7505598068237305 -4.708508491516113 -3.1860382556915283
v 6.377552032470703 -4.794052600860596 -3.3148791790008545
v 5.933722019195557 -4.843914985656738 -3.743788480758667
v 6.615278244018555 -5.097281455993652 -4.707719802856445
v 6.162288665771484 -5.0590596199035645 -4.782129764556885
v 6.02412748336792 -4.968002796173096 -4.264107704162598
v 5.505739212036133 -4.8949503898620605 -4.299393177032471
v 5.3980488777160645 -4.928774833679199 -4.915899753570557
v 5.085419654846191 -4.923437595367432 -4.987572193145752
v 4.943103313446045 -4.895774841308594 -4.437543869018555
v 7.171134948730469 -5.00249719619751 -4.087184429168701
v 6.602560043334961 -5.005598545074463 -4.157930374145508
v 6.482279300689697 -4.892578601837158 -3.7109766006469727
v 4.014245510101318 -4.924723148345947 -3.502296209335327
v 4.5164971351623535 -4.883363723754883 -3.9942221641540527
v 4.223483562469482 -4.950438976287842 -4.098165035247803
v 4.373918533325195 -4.976263999938965 -4.607939720153809
v 2.6393988132476807 -5.576028823852539 -8.130736351013184
v 2.444066047668457 -5.623738765716553 -8.459973335266113
v 2.749115228652954 -5.15313196182251 -8.986438751220703
v 7.916080474853516 -5.122709274291992 -5.022408485412598
v 7.416648864746094 -5.141517639160156 -5.14860200881958
v 8.515511512756348 -5.1088762283325195 -4.87473726272583
v 8.198173522949219 -5.106568336486816 -5.514072895050049
v 7.581900596618652 -5.099782943725586 -5.712758541107178
v 8.86141300201416 -5.047364711761475 -5.282661437988281
v 8.331902503967285 -5.015425205230713 -6.0299601554870605
v 7.793506622314453 -5.0094895362854 -6.239346027374268
v 8.834906578063965 -4.943129539489746 -5.782342910766602
v 8.240647315979004 -4.8127546310424805 -6.589423179626465
v 8.809414863586426 -4.725612640380859 -6.339597225189209
v 8.62687873840332 -4.383718013763428 -6.810879707336426
v 3.0711874961853027 -5.43265438079834 -7.4542670249938965
v 3.515071153640747 -5.243692874908447 -6.836866855621338
v 3.3029065132141113 -5.336922645568848 -7.119288921356201
v 3.2167348861694336 -5.104761600494385 -8.126830101013184
v 3.540832281112671 -5.000438690185547 -7.665798664093018
v 4.6909284591674805 -4.882430553436279 -5.793720245361328
v 4.891109466552734 -4.678503513336182 -6.424509525299072
v 4.068541049957275 -5.019686698913574 -6.239896774291992
v 4.280268669128418 -4.765993118286133 -6.843334197998047
v 3.234372854232788 -4.513558864593506 -8.997679710388184
v 3.7149691581726074 -4.728137969970703 -7.901940822601318
v 3.5974838733673096 -3.818547010421753 -9.170378684997559
v 4.933783054351807 -4.338047027587891 -7.112569808959961
v 4.553150653839111 -4.362735271453857 -7.367227554321289
v 4.800323486328125 -3.8805654048919678 -7.867900371551514
v 4.238744258880615 -4.409756183624268 -7.634459018707275
v 4.234140872955322 -3.9015870094299316 -8.345608711242676
v 6.78212308883667 -5.132933139801025 -5.019270420074463
v 6.296636581420898 -5.092556953430176 -5.389514446258545
v 7.272210597991943 -5.0985260009765625 -5.793903827667236
v 7.014235496520996 -5.089339733123779 -5.862096786499023
v 6.472803115844727 -5.022406578063965 -5.98541259765625
v 5.725990295410156 -4.994146347045898 -5.2981791496276855
v 5.251261234283447 -4.8740010261535645 -5.605284690856934
v 6.052737236022949 -4.924376964569092 -6.06967306137085
v 5.435224533081055 -4.739638805389404 -6.222959041595459
v 7.415660858154297 -4.95339822769165 -6.345383644104004
v 6.700624465942383 -4.837555408477783 -6.528904914855957
v 7.389263153076172 -4.810072898864746 -6.6725640296936035
v 7.297269344329834 -4.661240577697754 -6.896331787109375
v 7.1141791343688965 -4.452531814575195 -7.123121738433838
v 6.1738104820251465 -4.694076061248779 -6.628978729248047
v 5.675077438354492 -4.515960693359375 -6.77972412109375
v 6.466061115264893 -4.400873184204102 -7.106053829193115
v 5.883225440979004 -4.194146156311035 -7.259071350097656
v 5.442230701446533 -4.014588832855225 -7.475502967834473
v 3.9905385971069336 -3.336491823196411 -9.169429779052734
v 4.291609764099121 -2.9905998706817627 -9.151684761047363
v 6.590243816375732 -3.987668037414551 -7.496489524841309
v 6.319058895111084 -3.8802125453948975 -7.586884498596191
v 7.8671464920043945 -4.386497974395752 -7.117621421813965
v 7.334134578704834 -4.249107837677002 -7.282665252685547
v 7.541738510131836 -4.05030632019043 -7.379387855529785
v 8.377507209777832 -3.8849196434020996 -7.126465320587158
v 8.077189445495605 -3.861727476119995 -7.281355857849121
v 7.7904438972473145 -3.8058276176452637 -7.401278495788574
v 7.215859889984131 -3.696889638900757 -7.5915093421936035
v 6.840129852294922 -3.4884090423583984 -7.752278804779053
v 7.508325099945068 -3.4040236473083496 -7.603841304779053
v 7.108386516571045 -3.097529649734497 -7.809249401092529
v 5.592835903167725 -3.8739192485809326 -7.633803844451904
v 5.264554977416992 -3.459298849105835 -8.119837760925293
v 5.804993152618408 -3.6724424362182617 -7.8060526847839355
v 6.013698577880859 -3.4707322120666504 -7.914407253265381
v 4.592108249664307 -3.3388516902923584 -8.616716384887695
v 4.944583892822266 -3.0266952514648438 -8.638631820678711
v 4.612838268280029 -2.6138317584991455 -9.129778861999512
v 5.580666542053223 -3.0176002979278564 -8.334195137023926
v 5.161003112792969 -2.8443422317504883 -8.644440650939941
v 6.249015808105469 -3.2384326457977295 -7.995064735412598
v 4.918797969818115 -2.326948881149292 -9.060317039489746
v 5.979085445404053 -2.8152942657470703 -8.275452613830566
v 6.688773155212402 -2.8246986865997314 -7.997178077697754
v 5.590532302856445 -2.4784152507781982 -8.582032203674316
v 6.2098870277404785 -2.4573774337768555 -8.245866775512695
v 5.839320659637451 -2.268782377243042 -8.464825630187988
v 5.23342227935791 -2.0844035148620605 -8.895746231079102
v 5.466427326202393 -1.8992857933044434 -8.749285697937012
v -2.3314480781555176 -7.996301651000977 -10.373425483703613
v -2.375620126724243 -8.068283081054688 -9.876531600952148
v -1.9033772945404053 -7.747463226318359 -10.762239456176758
v -2.2002065181732178 -7.75523042678833 -11.291200637817383
v -1.6614351272583008 -7.442749977111816 -11.406518936157227
v -3.779249668121338 -8.178936004638672 -11.410513877868652
v -3.3485944271087646 -7.970773696899414 -12.0563325881958
v -3.662097692489624 -7.91045618057251 -12.439519882202148
v -4.6524481773376465 -7.942552089691162 -12.235726356506348
v -4.893965244293213 -7.866909503936768 -12.32263469696045
v -4.950231075286865 -7.959029674530029 -12.014998435974121
v -4.356802940368652 -8.020735740661621 -12.118391990661621
v -4.21507453918457 -7.831671237945557 -12.639284133911133
v -4.752964973449707 -7.632760047912598 -12.88059139251709
v -3.1308908462524414 -8.214920043945312 -10.516923904418945
v -2.4925057888031006 -8.126487731933594 -9.42951774597168
v -2.744457960128784 -8.017402648925781 -11.085550308227539
v -3.030404567718506 -8.008637428283691 -11.562911987304688
v -2.967050075531006 -7.67602014541626 -12.568492889404297
v -3.5007107257843018 -7.640318870544434 -12.95801067352295
v -2.6920595169067383 -7.3277459144592285 -13.057610511779785
v -3.302793025970459 -7.304932117462158 -13.405284881591797
v -3.96038556098938 -7.544614315032959 -13.16006851196289
v -4.575868129730225 -7.334078788757324 -13.36805248260498
v -3.6719157695770264 -7.226892948150635 -13.566604614257812
v -4.372966766357422 -6.9898481369018555 -13.805739402770996
v -2.4474775791168213 -7.743250370025635 -11.714115142822266
v -2.215613603591919 -7.39303731918335 -12.375154495239258
v -1.473541259765625 -7.066624641418457 -12.084031105041504
v -1.325500249862671 -6.622620582580566 -12.793058395385742
v -1.5810949802398682 -6.563723087310791 -13.2428617477417
v -1.3238173723220825 -6.069786071777344 -13.706892013549805
v -1.1893062591552734 -5.825547695159912 -13.878091812133789
v -2.6911256313323975 -6.95717716217041 -13.595964431762695
v -3.078397274017334 -6.922835826873779 -13.801775932312012
v -2.721973180770874 -6.5160698890686035 -14.100347518920898
v -4.1526031494140625 -6.614916801452637 -14.210098266601562
v -3.563044786453247 -6.74087381362915 -14.086390495300293
v -3.5558254718780518 -6.3354811668396 -14.461520195007324
v -3.9144680500030518 -6.208488464355469 -14.579450607299805
v -1.8164647817611694 -7.017702102661133 -12.699560165405273
v -1.9192516803741455 -6.526356220245361 -13.628166198730469
v -2.23003888130188 -6.540053367614746 -13.8241548538208
v -2.582416534423828 -6.051696300506592 -14.485116004943848
v -3.665537118911743 -5.760706901550293 -14.910955429077148
v -3.133147954940796 -5.945718288421631 -14.73353099822998
v -3.3737661838531494 -5.282445430755615 -15.194034576416016
v -1.8492511510849 -6.089742660522461 -14.07526969909668
v -1.8378928899765015 -5.869194507598877 -14.284869194030762
v -2.2858071327209473 -5.566513538360596 -14.760151863098145
v -1.1682945489883423 -5.588725566864014 -14.108824729919434
v -1.6870362758636475 -5.610248565673828 -14.43520450592041
v -5.953710556030273 -6.984611511230469 -13.106328010559082
v -6.238339900970459 -6.9441633224487305 -12.947555541992188
v -6.630116939544678 -6.53948974609375 -13.172747611999512
v -5.577084064483643 -6.894279479980469 -13.448692321777344
v -5.4771904945373535 -6.725011825561523 -13.672347068786621
v -5.997777462005615 -6.538837909698486 -13.614236831665039
v -6.451250076293945 -6.237975120544434 -13.656854629516602
v -5.361364364624023 -6.4601006507873535 -13.994023323059082
v -5.797670841217041 -6.198284149169922 -14.05606460571289
v -6.2544050216674805 -5.904329299926758 -14.105950355529785
v -7.071039199829102 -6.2167253494262695 -13.191184997558594
v -7.5023722648620605 -5.8758320808410645 -13.190274238586426
v -7.965572834014893 -5.587259769439697 -12.99972915649414
v -8.151108741760254 -5.295872688293457 -13.137724876403809
v -6.896845817565918 -5.922949314117432 -13.684052467346191
v -7.333905220031738 -5.592491626739502 -13.693933486938477
v -6.703628063201904 -5.595952033996582 -14.140205383300781
v -7.1438727378845215 -5.271081447601318 -14.156708717346191
v -7.757543563842773 -5.237989902496338 -13.678107261657715
v -8.164852142333984 -4.8546905517578125 -13.631120681762695
v -8.276122093200684 -5.041772842407227 -13.283102989196777
v -7.571353435516357 -4.923366069793701 -14.148653030395508
v -7.982822418212891 -4.547431468963623 -14.109748840332031
v -5.399961471557617 -7.65875768661499 -12.46692180633545
v -5.880298614501953 -7.404819488525391 -12.561273574829102
v -5.247053623199463 -7.403077602386475 -13.001359939575195
v -5.718717575073242 -7.133419513702393 -13.078754425048828
v -6.340236186981201 -7.114845275878906 -12.616144180297852
v -6.74221658706665 -6.727500915527344 -12.79889965057373
v -5.062917709350586 -7.091944217681885 -13.475189208984375
v -4.861761093139648 -6.74979829788208 -13.91539478302002
v -7.189340591430664 -6.414429187774658 -12.777579307556152
v -7.595015525817871 -6.030580520629883 -12.848862648010254
v -8.067174911499023 -5.757014751434326 -12.617546081542969
v -8.473029136657715 -5.371138572692871 -12.567566871643066
v -6.0413594245910645 -5.539093494415283 -14.521817207336426
v -5.447364807128906 -5.903171062469482 -14.442888259887695
v -6.491872310638428 -5.236302852630615 -14.561606407165527
v -6.933542728424072 -4.913794040679932 -14.580607414245605
v -5.845191478729248 -5.108366012573242 -14.898954391479492
v -6.180328845977783 -4.704019069671631 -15.03668212890625
v -6.641573429107666 -4.415046215057373 -15.033939361572266
v -7.363204002380371 -4.569915294647217 -14.576702117919922
v -7.777510643005371 -4.1989617347717285 -14.543085098266602
v -7.0296854972839355 -4.00048303604126 -15.092899322509766
v -4.642210006713867 -6.377407550811768 -14.322368621826172
v -5.113731384277344 -6.105831146240234 -14.397451400756836
v -4.406485080718994 -5.975768566131592 -14.696735382080078
v -4.880973815917969 -5.711282730102539 -14.77968692779541
v -5.345046520233154 -5.427635192871094 -14.841721534729004
v -4.150116443634033 -5.537228584289551 -15.030780792236328
v -4.6257219314575195 -5.274527549743652 -15.115787506103516
v -3.9460198879241943 -5.186862945556641 -15.241392135620117
v -4.148491382598877 -4.898064613342285 -15.365218162536621
v -5.090259075164795 -4.99313497543335 -15.180209159851074
v -5.5466227531433105 -4.697333812713623 -15.228778839111328
v -4.673409461975098 -4.276890277862549 -15.57058048248291
v -5.264032363891602 -4.21216344833374 -15.511919021606445
v -5.9948225021362305 -4.386218070983887 -15.260692596435547
v -6.4391608238220215 -4.06826639175415 -15.285170555114746
v -5.714999198913574 -3.9059436321258545 -15.549263954162598
v -6.161090850830078 -3.5910842418670654 -15.577117919921875
v -6.871952533721924 -3.730348587036133 -15.28710651397705
v -7.289349555969238 -3.3652920722961426 -15.259740829467773
v -6.596032619476318 -3.2556955814361572 -15.58220386505127
v -7.013838291168213 -2.892681121826172 -15.556742668151855
v -2.7098050117492676 -5.38911247253418 -15.01575756072998
v -3.034226894378662 -4.724112510681152 -15.398966789245605
v -1.2813166379928589 -5.088749885559082 -14.617096900939941
v -1.9536380767822266 -5.017127513885498 -14.983613967895508
v -1.2269591093063354 -4.817860126495361 -14.772212982177734
v -1.3265621662139893 -4.485476016998291 -15.007319450378418
v -1.6317483186721802 -4.438771724700928 -15.154617309570312
v -2.5282084941864014 -4.905947685241699 -15.224064826965332
v -2.175429344177246 -4.296807289123535 -15.37193489074707
v -2.5781750679016113 -3.9094350337982178 -15.563955307006836
v -1.478271484375 -4.172587871551514 -15.188163757324219
v -1.926098108291626 -3.5328280925750732 -15.463561058044434
v -2.181081533432007 -3.2206368446350098 -15.573248863220215
v -3.5498905181884766 -4.50519323348999 -15.529997825622559
v -4.030296802520752 -4.251355171203613 -15.624540328979492
v -3.39150333404541 -4.232088565826416 -15.601984977722168
v -3.7213752269744873 -3.718026876449585 -15.754358291625977
v -5.011406898498535 -3.7764482498168945 -15.695873260498047
v -4.495711803436279 -3.9706993103027344 -15.689886093139648
v -4.301034450531006 -3.2641639709472656 -15.857881546020508
v -4.572721004486084 -3.0188121795654297 -15.89448356628418
v -3.1926896572113037 -3.8883793354034424 -15.669381141662598
v -2.9489612579345703 -3.465775489807129 -15.71338176727295
v -3.2741212844848633 -2.9427008628845215 -15.822005271911621
v -2.788972854614258 -3.1883606910705566 -15.71867561340332
v -2.562943935394287 -2.796056032180786 -15.697421073913574
v -2.958853244781494 -2.3951938152313232 -15.789877891540527
v -3.7401273250579834 -2.6637611389160156 -15.899375915527344
v -4.2065911293029785 -2.385018825531006 -15.954951286315918
v -3.288726568222046 -1.879716157913208 -15.84429931640625
v -5.479535102844238 -3.4998586177825928 -15.724153518676758
v -5.8934102058410645 -3.1293303966522217 -15.776137351989746
v -4.9886064529418945 -2.651890993118286 -15.942280769348145
v -5.454065799713135 -2.370621681213379 -15.97008228302002
v -6.325006008148193 -2.7862257957458496 -15.789421081542969
v -6.785284996032715 -2.496551513671875 -15.737689971923828
v -5.939584255218506 -2.1225459575653076 -15.97098445892334
v -6.325599670410156 -1.6995234489440918 -15.95590877532959
v -4.614156723022461 -2.003650188446045 -15.999439239501953
v -5.049435615539551 -1.6701346635818481 -16.032732009887695
v -3.9194915294647217 -1.506866455078125 -15.937931060791016
v -4.218513011932373 -1.3172260522842407 -15.972829818725586
v -4.670524597167969 -1.0128225088119507 -16.01212501525879
v -5.547569274902344 -1.441902995109558 -16.04013442993164
v -5.870945453643799 -0.9127514362335205 -16.024364471435547
v -5.07695198059082 -0.6286069750785828 -16.020822525024414
v -5.48944091796875 -0.2550916373729706 -15.99722957611084
v -8.859573364257812 -4.9512176513671875 -12.480500221252441
v -9.29911994934082 -4.44640588760376 -12.224472999572754
v -8.72021770477295 -4.719289779663086 -13.041158676147461
v -9.09223747253418 -4.273780345916748 -12.925959587097168
v -9.56460189819336 -3.9910640716552734 -12.17455768585205
v -9.89438247680664 -3.412898302078247 -11.863776206970215
v -9.43933391571045 -3.773977756500244 -12.74163818359375
v -9.747095108032227 -3.224303960800171 -12.521383285522461
v -8.4126558303833 -4.602630615234375 -13.588541984558105
v -8.933026313781738 -4.006715774536133 -13.448010444641113
v -8.364139556884766 -4.148808479309082 -14.035816192626953
v -8.75080680847168 -3.69911789894104 -13.926101684570312
v -9.408354759216309 -3.2996530532836914 -13.19613265991211
v -9.593969345092773 -2.9680089950561523 -13.055292129516602
v -9.098367691040039 -3.2101328372955322 -13.763322830200195
v -9.28151798248291 -2.906524419784546 -13.642583847045898
v -9.416121482849121 -2.665923595428467 -13.540486335754395
v -9.910348892211914 -2.8687973022460938 -12.349580764770508
v -10.191962242126465 -3.183767557144165 -10.911368370056152
v -10.141414642333984 -2.8037002086639404 -11.618739128112793
v -10.384496688842773 -2.2073872089385986 -11.161904335021973
v -10.463431358337402 -2.4335615634918213 -10.505912780761719
v -10.01801872253418 -2.5999557971954346 -12.210176467895508
v -10.201905250549316 -2.1088669300079346 -11.9476900100708
v -10.457392692565918 -1.9925780296325684 -10.958271026611328
v -10.400298118591309 -1.4449304342269897 -11.521746635437012
v -9.717168807983398 -2.0948538780212402 -13.188996315002441
v -9.869096755981445 -2.3509843349456787 -12.752065658569336
v -10.109103202819824 -1.6722396612167358 -12.410210609436035
v -9.980737686157227 -1.2978520393371582 -12.840383529663086
v -10.216680526733398 -0.7675933241844177 -12.267745018005371
v -7.554643630981445 -3.783783435821533 -14.92801284790039
v -8.129495620727539 -3.8388144969940186 -14.48078727722168
v -8.547673225402832 -3.3545596599578857 -14.36368465423584
v -7.942270278930664 -3.4018099308013916 -14.857791900634766
v -8.320143699645996 -2.9666006565093994 -14.753533363342285
v -8.89620304107666 -2.8672826290130615 -14.202669143676758
v -9.07667064666748 -2.5735723972320557 -14.08794116973877
v -9.217642784118652 -2.3278770446777344 -13.985764503479004
v -8.777454376220703 -2.3135483264923096 -14.531944274902344
v -8.99789047241211 -1.954147458076477 -14.391097068786621
v -7.6907525062561035 -2.9714677333831787 -15.201141357421875
v -8.065711975097656 -2.5309252738952637 -15.091334342956543
v -7.286566257476807 -2.2773869037628174 -15.59404182434082
v -7.68198299407959 -2.1764795780181885 -15.413151741027832
v -8.42175579071045 -2.174076557159424 -14.904788970947266
v -8.755306243896484 -1.5429706573486328 -14.754692077636719
v -8.144853591918945 -1.581655740737915 -15.23901081085205
v -9.505230903625488 -1.7361141443252563 -13.70807933807373
v -9.82101821899414 -0.9303805232048035 -13.286087989807129
v -9.981974601745605 -0.3723887503147125 -12.959579467773438
v -9.56974983215332 -0.7614203095436096 -13.828353881835938
v -9.834617614746094 0.08144009858369827 -13.328768730163574
v -9.26406192779541 -1.3267186880111694 -14.202634811401367
v -9.039196014404297 -1.0523395538330078 -14.552410125732422
v -8.809579849243164 -0.5499783754348755 -14.854281425476074
v -9.085219383239746 -0.0038368685636669397 -14.603025436401367
v -9.374059677124023 -0.333894819021225 -14.207887649536133
v -9.585907936096191 0.2686506509780884 -13.8549165725708
v -9.348788261413574 0.6592682003974915 -14.209693908691406
v -7.105039119720459 -1.9602352380752563 -15.723684310913086
v -7.480281829833984 -1.520936369895935 -15.61510181427002
v -6.740676403045654 -1.3837833404541016 -15.882572174072266
v -7.205944538116455 -1.0478769540786743 -15.753878593444824
v -7.847169876098633 -1.0044041872024536 -15.47575569152832
v -8.486492156982422 -0.9569527506828308 -15.077726364135742
v -8.188244819641113 -0.569368839263916 -15.317486763000488
v -7.508854866027832 -0.4847818613052368 -15.666954040527344
v -6.529750823974609 -0.5217857360839844 -15.9298095703125
v -6.812526226043701 -0.36959418654441833 -15.873502731323242
v -5.891989707946777 0.0148310586810112 -15.95510482788086
v -6.367786884307861 0.40163424611091614 -15.86630916595459
v -7.309392929077148 -0.14002054929733276 -15.740022659301758
v -7.134437084197998 0.1560707837343216 -15.772198677062988
v -6.902254104614258 0.5402262210845947 -15.771323204040527
v -8.819611549377441 0.4840574264526367 -14.867142677307129
v -7.903675079345703 0.03584069758653641 -15.500550270080566
v -8.514485359191895 0.07965832203626633 -15.124433517456055
v -8.197576522827148 0.4625542163848877 -15.329623222351074
v -8.484103202819824 1.0518299341201782 -15.04900074005127
v -8.968802452087402 0.866117537021637 -14.660493850708008
v -7.626427173614502 0.8087948560714722 -15.539668083190918
v -2.102088212966919 -8.00610065460205 -8.717967987060547
v -1.545591115951538 -7.709505081176758 -7.617284297943115
v -1.7423174381256104 -7.8642754554748535 -9.262948989868164
v -1.3322852849960327 -7.682878494262695 -8.42037296295166
v -1.527497410774231 -7.778316974639893 -8.82609748840332
v -1.5497246980667114 -7.761639595031738 -8.08718490600586
v -1.3094719648361206 -7.522830963134766 -7.138916969299316
v -1.5212316513061523 -7.558853626251221 -6.889457702636719
v -0.9575413465499878 -7.182014465332031 -6.43328857421875
v -0.9573652148246765 -7.429681301116943 -7.629981994628906
v -1.0237687826156616 -7.519728660583496 -8.984172821044922
v -1.190406084060669 -7.401544094085693 -10.475427627563477
v -1.428409218788147 -7.6547017097473145 -9.859946250915527
v -0.7601784467697144 -7.302769184112549 -9.590516090393066
v -0.2744689881801605 -7.050674915313721 -7.417757034301758
v -0.4204888939857483 -7.158965587615967 -8.632647514343262
v 0.02464066445827484 -6.944637775421143 -7.966561794281006
v -0.48856714367866516 -7.182072162628174 -7.836066246032715
v -0.40956470370292664 -6.478393077850342 -5.06804895401001
v -0.4368159770965576 -6.640911102294922 -5.447033405303955
v -0.25882986187934875 -6.822910308837891 -6.208865165710449
v -0.5109827518463135 -7.1042304039001465 -7.039224147796631
v -0.4746866822242737 -6.833569526672363 -5.957952499389648
v 0.07434137165546417 -6.57244348526001 -5.5915703773498535
v 0.04507879912853241 -6.230257034301758 -4.673231601715088
v 0.37467142939567566 -5.943741321563721 -4.212031841278076
v 0.3972983956336975 -6.30954122543335 -5.036947250366211
v 0.6999999284744263 -6.031993865966797 -4.5427422523498535
v 0.08090781420469284 -6.829270362854004 -6.691338539123535
v 0.41601473093032837 -6.618631839752197 -6.043959140777588
v 0.3882540762424469 -6.808758735656738 -7.229326248168945
v 0.6194034814834595 -6.688156604766846 -6.75852108001709
v 0.6442068815231323 -6.357636451721191 -5.329339027404785
v 1.0742155313491821 -6.1111297607421875 -4.9143900871276855
v 1.067241907119751 -6.410274505615234 -5.913975238800049
v 1.4048513174057007 -6.1647844314575195 -5.338757038116455
v -1.0335220098495483 -7.076298713684082 -11.22482681274414
v -0.5404686331748962 -7.027284622192383 -10.236754417419434
v -0.3514271676540375 -6.69196081161499 -10.919751167297363
v -0.23949167132377625 -6.931807518005371 -9.611422538757324
v 0.2842150032520294 -6.831372261047363 -8.583890914916992
v 0.020104024559259415 -6.641768455505371 -10.18175220489502
v 0.506148636341095 -6.650543689727783 -9.240093231201172
v -0.7497764229774475 -6.494429588317871 -12.160444259643555
v -0.6455634236335754 -6.2465972900390625 -12.51292610168457
v -0.18124781548976898 -6.300428867340088 -11.63709545135498
v -0.46395501494407654 -5.749118328094482 -13.14758586883545
v -0.05054854974150658 -5.895646095275879 -12.40239429473877
v 0.16762810945510864 -6.349621295928955 -10.958992004394531
v 0.691288948059082 -6.402505874633789 -9.936201095581055
v 0.8508490324020386 -6.081178188323975 -10.668761253356934
v 0.7043311595916748 -6.7137885093688965 -7.708893775939941
v 1.0101933479309082 -6.583864212036133 -7.089333534240723
v 0.8284167051315308 -6.62748384475708 -8.301713943481445
v 1.2488429546356201 -6.47623348236084 -7.674978256225586
v 1.3543174266815186 -6.394360542297363 -6.4215898513793945
v 1.8029155731201172 -6.111271858215332 -5.656002521514893
v 1.5980496406555176 -6.313746929168701 -6.970401287078857
v 1.4511255025863647 -6.295985221862793 -8.298619270324707
v 1.0977418422698975 -6.338170528411865 -9.174416542053223
v 1.2971789836883545 -6.078720569610596 -9.67674446105957
v 1.6405988931655884 -6.04710054397583 -8.961736679077148
v 1.8167189359664917 -6.167281150817871 -7.560317516326904
v 2.021968364715576 -5.954896450042725 -8.192666053771973
v 1.0794258117675781 -5.37819766998291 -3.4493649005889893
v 0.7508138418197632 -5.636805057525635 -3.794696092605591
v 0.7691081762313843 -5.290846824645996 -3.2251720428466797
v 1.0618561506271362 -5.739599704742432 -4.093228816986084
v 1.44893479347229 -5.4748005867004395 -3.7086968421936035
v 1.4224058389663696 -5.834688663482666 -4.433534622192383
v -0.5040977001190186 -5.1435699462890625 -14.107233047485352
v -0.759493887424469 -5.0878801345825195 -14.304832458496094
v -0.03421561047434807 -5.379551887512207 -13.333378791809082
v -0.5181642174720764 -4.684171676635742 -14.535146713256836
v 0.13208520412445068 -4.934182167053223 -13.7520112991333
v 0.4083186388015747 -6.007460594177246 -11.583381652832031
v 1.0033729076385498 -5.6578049659729 -11.42255687713623
v 0.6495310068130493 -5.606554985046387 -12.09610652923584
v 0.5977901816368103 -4.983493328094482 -13.076939582824707
v 1.024351954460144 -4.963562488555908 -12.438117980957031
v 1.0206592082977295 -4.314903736114502 -12.9658203125
v 0.6075476408004761 -4.173694610595703 -13.679984092712402
v 0.43144580721855164 -3.1869187355041504 -14.251923561096191
v 0.9029441475868225 -3.7597553730010986 -13.427237510681152
v 0.7607650756835938 -3.3308629989624023 -13.760279655456543
v -1.053188681602478 -4.518379211425781 -14.86866283416748
v -0.8560730814933777 -3.822357654571533 -15.04338550567627
v -1.2291622161865234 -3.7405614852905273 -15.204201698303223
v -0.07849667966365814 -3.9649155139923096 -14.622201919555664
v -1.0790752172470093 -3.4803049564361572 -15.201593399047852
v -0.3732360005378723 -3.3405444622039795 -14.9224853515625
v -0.7067253589630127 -2.943319082260132 -15.107596397399902
v -1.370445966720581 -2.8996734619140625 -15.357071876525879
v -1.8184672594070435 -2.590257406234741 -15.505266189575195
v 0.15273849666118622 -3.0464208126068115 -14.622859954833984
v -0.19122245907783508 -3.0081515312194824 -14.860560417175293
v 1.8250068426132202 -5.725456237792969 -9.663412094116211
v 1.5262174606323242 -5.722855091094971 -10.281599998474121
v 1.5319079160690308 -5.227622032165527 -11.26837158203125
v 1.8133525848388672 -5.270841598510742 -10.66518497467041
v 2.218925952911377 -5.670144557952881 -8.867746353149414
v 2.352522373199463 -5.270212650299072 -9.578387260437012
v 1.4684163331985474 -4.378393650054932 -12.175812721252441
v 1.9602124691009521 -5.0543317794799805 -10.69798469543457
v 1.9399505853652954 -4.655265808105469 -11.15337085723877
v 1.1376910209655762 -3.515937089920044 -13.088127136230469
v 2.2811853885650635 -4.595334529876709 -10.580504417419434
v 2.7961273193359375 -4.684563159942627 -9.55643081665039
v 2.2431180477142334 -3.9149303436279297 -11.119792938232422
v 1.835849404335022 -3.804880142211914 -11.835535049438477
v 0.6204525828361511 -2.9701688289642334 -14.038942337036133
v -1.086512565612793 -2.406184673309326 -15.283049583435059
v -1.4655039310455322 -1.9762238264083862 -15.413820266723633
v -0.0321282297372818 -2.717899799346924 -14.805863380432129
v -0.3806231617927551 -2.241163969039917 -15.004376411437988
v 0.2826854884624481 -2.1776769161224365 -14.479463577270508
v -0.22806063294410706 -1.9629926681518555 -14.926507949829102
v -0.06343521922826767 -1.6933879852294922 -14.806876182556152
v -0.7369600534439087 -1.8652145862579346 -15.142436027526855
v -1.306504249572754 -1.6984684467315674 -15.341866493225098
v -1.1400245428085327 -1.3971956968307495 -15.262382507324219
v -0.44091182947158813 -1.2388266324996948 -14.968358993530273
v -0.8333331346511841 -0.8412742614746094 -15.068815231323242
v 1.550026535987854 -3.1280159950256348 -12.558124542236328
v 1.419479250907898 -2.8323965072631836 -12.810080528259277
v 0.8961136341094971 -2.6069343090057373 -13.639960289001465
v 1.2353662252426147 -2.4637296199798584 -13.095040321350098
v 2.1421170234680176 -3.536978244781494 -11.492932319641113
v 1.731916069984436 -2.9690277576446533 -12.311832427978516
v 1.9448111057281494 -3.049694538116455 -11.978631019592285
v 1.5239484310150146 -2.259202480316162 -12.625757217407227
v 2.153571367263794 -2.605280876159668 -11.767600059509277
v 1.8114759922027588 -2.1260757446289062 -12.20472240447998
v 0.5971745848655701 -2.0434515476226807 -14.011348724365234
v 0.2321241796016693 -1.457647442817688 -14.332921981811523
v 0.8847892880439758 -1.8705800771713257 -13.487446784973145
v 0.5288719534873962 -1.385245442390442 -13.81910228729248
v -0.1633950024843216 -0.8651399612426758 -14.583413124084473
v -0.6762086749076843 -0.5544427037239075 -14.949851036071777
v 1.091530680656433 -1.7479065656661987 -13.122596740722656
v -0.5395368337631226 -0.36949679255485535 -14.80412769317627
v 0.13729767501354218 -0.7506930828094482 -14.09029769897461
v -0.2484244853258133 -0.1917121708393097 -14.345939636230469
v 0.7974492311477661 -1.1450976133346558 -13.334802627563477
v 1.4475950002670288 -1.5124821662902832 -12.575187683105469
v 1.0760282278060913 -0.9746500849723816 -12.908784866333008
v 0.41972148418426514 -0.5918386578559875 -13.633322715759277
v 0.7066579461097717 -0.4838765263557434 -13.208182334899902
v 0.30924350023269653 0.10624655336141586 -13.480207443237305
v -2.2637672424316406 -2.2759056091308594 -15.632417678833008
v -2.8111143112182617 -2.138314962387085 -15.75545597076416
v -2.605003595352173 -1.7799748182296753 -15.7018461227417
v -1.8139350414276123 -1.492876410484314 -15.489086151123047
v -2.068056583404541 -1.3723663091659546 -15.550284385681152
v -3.086613178253174 -0.43714669346809387 -15.701069831848145
v -1.539212703704834 -1.0107840299606323 -15.347780227661133
v -1.9465559720993042 -0.6330692172050476 -15.4153470993042
v -1.4207552671432495 -0.2939850389957428 -15.177452087402344
v -1.6919766664505005 -0.1808444708585739 -15.247096061706543
v -2.675028085708618 -0.8112889528274536 -15.643665313720703
v -2.357304334640503 -0.25752952694892883 -15.474739074707031
v -2.663417339324951 0.3001663386821747 -15.457860946655273
v -2.181901693344116 0.04815666377544403 -15.361217498779297
v -2.46425461769104 0.6475009322166443 -15.33309268951416
v -3.9296655654907227 0.2767851948738098 -15.771116256713867
v -4.259286880493164 -0.2981398403644562 -15.913220405578613
v -4.615157127380371 0.17368681728839874 -15.899332046508789
v -5.0834269523620605 0.45070403814315796 -15.89123249053955
v -4.364121437072754 0.6110821962356567 -15.777227401733398
v -4.809510231018066 0.9279202818870544 -15.758947372436523
v -3.503931999206543 -0.07308492064476013 -15.745455741882324
v -3.128838062286377 0.5808137655258179 -15.5231351852417
v -3.5735280513763428 0.8981651067733765 -15.548330307006836
v -3.9960074424743652 1.2549248933792114 -15.53006649017334
v -4.3938093185424805 1.654658555984497 -15.462220191955566
v -2.885507822036743 1.005357265472412 -15.369343757629395
v -3.318281650543213 1.3437182903289795 -15.379327774047852
v -3.7619800567626953 1.6600059270858765 -15.365060806274414
v -4.215708255767822 1.9423757791519165 -15.328782081604004
v -0.9370887279510498 0.07681580632925034 -14.936457633972168
v -1.3395774364471436 0.4484264552593231 -15.012845993041992
v -0.6426291465759277 0.3522559106349945 -14.561875343322754
v -1.7485315799713135 0.8098434805870056 -15.075827598571777
v -2.163247585296631 1.1728535890579224 -15.126209259033203
v -1.2290070056915283 1.1118953227996826 -14.804301261901855
v -1.5046014785766602 1.2438726425170898 -14.880210876464844
v -1.9901591539382935 1.4754328727722168 -14.984517097473145
v -0.044788558036088943 0.07079609483480453 -13.948802947998047
v -0.4845789968967438 0.4364994168281555 -14.316267013549805
v -0.7666353583335876 1.024838924407959 -14.308273315429688
v -0.08854367583990097 0.6346905827522278 -13.707526206970215
v -0.4965052306652069 1.1478885412216187 -13.892173767089844
v -1.1801199913024902 1.5386348962783813 -14.457887649536133
v -1.599108099937439 2.0326056480407715 -14.581547737121582
v -0.9115471839904785 1.6457003355026245 -14.044564247131348
v -1.3326846361160278 2.1225249767303467 -14.16880989074707
v -2.5873868465423584 1.5260471105575562 -15.156172752380371
v -3.023214340209961 1.8446691036224365 -15.159994125366211
v -2.4523980617523193 1.7592849731445312 -15.043039321899414
v -2.8815133571624756 2.0777924060821533 -15.037449836730957
v -2.300921678543091 2.008387804031372 -14.9175443649292
v -2.7386436462402344 2.3169047832489014 -14.916717529296875
v -3.4696896076202393 2.137521743774414 -15.13928508758545
v -3.9003775119781494 2.4007794857025146 -15.098259925842285
v -3.2772939205169678 2.46036958694458 -14.968103408813477
v -3.588775157928467 2.850339889526367 -14.842977523803711
v -2.0269062519073486 2.466815710067749 -14.649273872375488
v -2.4646999835968018 2.785942792892456 -14.648996353149414
v -1.7614057064056396 2.5085856914520264 -14.252924919128418
v -2.1996357440948486 2.9189016819000244 -14.304695129394531
v -2.8989970684051514 3.0800318717956543 -14.624000549316406
v -3.298206329345703 3.303452968597412 -14.579784393310547
v -2.6253061294555664 3.30642032623291 -14.321662902832031
v -3.025198221206665 3.6067564487457275 -14.296670913696289
v 3.150017261505127 -3.9650349617004395 -9.647025108337402
v 2.704275131225586 -3.969353199005127 -10.338271141052246
v 3.0351641178131104 -3.5481855869293213 -10.167637825012207
v 2.93452525138855 -3.2858073711395264 -10.489614486694336
v 2.464324951171875 -3.2069811820983887 -11.185640335083008
v 3.2502012252807617 -3.3149313926696777 -10.049592018127441
v 2.7667694091796875 -2.9191386699676514 -10.893269538879395
v 2.44413685798645 -2.3785247802734375 -11.41628360748291
v 3.6708827018737793 -2.8609702587127686 -9.833642959594727
v 3.5216143131256104 -2.612931251525879 -10.112425804138184
v 3.033346176147461 -2.5822560787200928 -10.67348861694336
v 3.8668057918548584 -2.648203134536743 -9.746572494506836
v 2.0928328037261963 -1.8296453952789307 -11.838359832763672
v 2.732360601425171 -2.1037700176239014 -11.118707656860352
v 2.374690055847168 -1.6033262014389038 -11.51869010925293
v 3.6411120891571045 -2.064474582672119 -10.188430786132812
v 3.355800151824951 -2.348405599594116 -10.389145851135254
v 3.0140228271484375 -1.85016667842865 -10.853812217712402
v 2.766730308532715 -1.5341813564300537 -11.10802173614502
v 3.255178928375244 -1.635575771331787 -10.628992080688477
v 2.9120850563049316 -1.1621716022491455 -10.958870887756348
v 1.7266680002212524 -1.3149021863937378 -12.19937515258789
v 1.282091498374939 -0.846854031085968 -12.611639976501465
v 1.9125263690948486 -1.183147668838501 -11.961633682250977
v 1.6192597150802612 -0.6229021549224854 -12.173347473144531
v 0.9656047821044922 -0.2830829322338104 -12.814852714538574
v 0.5749174356460571 0.24077479541301727 -13.080999374389648
v 1.2290030717849731 -0.12908726930618286 -12.452988624572754
v 0.834009051322937 0.37481793761253357 -12.7113618850708
v 2.2689030170440674 -0.9137914180755615 -11.557378768920898
v 1.8803718090057373 -0.44733959436416626 -11.851484298706055
v 2.526298999786377 -0.7248188257217407 -11.268356323242188
v 2.1327269077301025 -0.3224523365497589 -11.534321784973145
v 1.4847453832626343 0.00435110367834568 -12.112266540527344
v 1.7358170747756958 0.045595139265060425 -11.767056465148926
v 4.187310695648193 -1.5015583038330078 -9.859375
v 3.4112229347229004 -0.8175669312477112 -10.438249588012695
v 4.672817707061768 -1.1492738723754883 -9.412129402160645
v 3.166041612625122 -0.9701183438301086 -10.69852066040039
v 2.771472692489624 -0.6068075299263 -10.96298599243164
v 2.9111733436584473 -0.38835814595222473 -10.755791664123535
v 2.350541830062866 -0.22114677727222443 -11.228797912597656
v 3.6888158321380615 -0.4194525480270386 -10.022985458374023
v 0.1750217080116272 0.7566593289375305 -13.30908489227295
v -0.23478662967681885 1.2609803676605225 -13.49665641784668
v 0.3798234462738037 0.896371066570282 -12.911401748657227
v -0.06420251727104187 1.2328729629516602 -13.227045059204102
v -0.586513340473175 1.6275303363800049 -13.533159255981445
v -1.0460737943649292 1.9991540908813477 -13.744064331054688
v 1.083433747291565 0.4145679175853729 -12.338092803955078
v -1.5186901092529297 2.418140411376953 -13.866799354553223
v -1.9593145847320557 2.8208186626434326 -13.936807632446289
v -2.211792469024658 3.09023118019104 -13.940045356750488
v -2.765476703643799 3.5781798362731934 -13.933408737182617
v -2.6220226287841797 3.5772247314453125 -13.737091064453125
v -10.60501480102539 -1.685012936592102 -10.224501609802246
v -10.449883460998535 -1.243862271308899 -11.295860290527344
v -10.511059761047363 -0.9726197123527527 -10.995086669921875
v -10.562171936035156 -0.6068065762519836 -10.486983299255371
v -10.657689094543457 -0.9493061900138855 -9.8370943069458
v -10.72653579711914 -1.0317960977554321 -8.973600387573242
v -10.29819393157959 -1.0089023113250732 -11.991158485412598
v -10.404325485229492 -0.4450291097164154 -11.549701690673828
v -10.285699844360352 0.04136897996068001 -11.967599868774414
v -10.141173362731934 0.38160184025764465 -12.432612419128418
v -9.966471672058105 0.6781336069107056 -12.92461109161377
v -9.745903968811035 1.0034739971160889 -13.369073867797852
v -9.47171401977539 1.3452403545379639 -13.774718284606934
v -10.631013870239258 -0.7165880799293518 -9.468344688415527
v -10.450764656066895 -0.5528126955032349 -8.993124961853027
v -10.470782279968262 -0.39629173278808594 -9.970943450927734
v -10.437112808227539 -0.25656604766845703 -11.231439590454102
v -10.26639461517334 0.3126470148563385 -11.56842041015625
v -10.301998138427734 -0.023273922502994537 -10.488787651062012
v -10.202462196350098 -0.0976598709821701 -9.723969459533691
v -10.170927047729492 0.061342619359493256 -10.125475883483887
v -10.076491355895996 0.44546234607696533 -10.864008903503418
v -9.941173553466797 0.4821910262107849 -10.509674072265625
v -10.253466606140137 -0.39560189843177795 -8.542657852172852
v -10.008837699890137 -0.2310287207365036 -8.12781047821045
v -10.227405548095703 -0.21811652183532715 -9.354351997375488
v -10.071732521057129 -0.1268613636493683 -9.02621841430664
v -9.841917037963867 -0.004886878188699484 -8.596999168395996
v -9.75855827331543 -0.05518234893679619 -7.730846881866455
v -9.487751007080078 0.14090363681316376 -7.357875347137451
v -9.595373153686523 0.16488584876060486 -8.198379516601562
v -9.330220222473145 0.3672531247138977 -7.828296661376953
v -9.898630142211914 0.16814342141151428 -9.51922607421875
v -9.668492317199707 0.2763729691505432 -9.083672523498535
v -9.724504470825195 0.5355439782142639 -10.030242919921875
v -9.492925643920898 0.6285774111747742 -9.589240074157715
v -9.423702239990234 0.4345639646053314 -8.683723449707031
v -9.163604736328125 0.6386149525642395 -8.318059921264648
v -9.249202728271484 0.7709234952926636 -9.188387870788574
v -8.99344539642334 0.9750036597251892 -8.826438903808594
v -10.09285831451416 0.7600748538970947 -12.074915885925293
v -9.908957481384277 1.1205201148986816 -12.52070426940918
v -9.961864471435547 0.9150612950325012 -11.555011749267578
v -9.768509864807129 0.9554200768470764 -11.044478416442871
v -9.78679084777832 1.4599612951278687 -12.15714168548584
v -9.584220886230469 1.5063527822494507 -11.586272239685059
v -9.694108963012695 1.470179557800293 -12.966484069824219
v -9.426651954650879 1.7848527431488037 -13.411025047302246
v -9.583900451660156 1.7919785976409912 -12.62884521484375
v -9.372003555297852 2.116964817047119 -12.128350257873535
v -9.430585861206055 2.023538589477539 -12.788566589355469
v -9.25217056274414 2.285104513168335 -12.892671585083008
v -9.115599632263184 2.5446999073028564 -12.59885311126709
v -9.550908088684082 0.9898760318756104 -10.556674003601074
v -9.31650161743164 1.0660728216171265 -10.110033988952637
v -9.364832878112793 1.522322416305542 -11.09094524383545
v -9.12713623046875 1.5805737972259521 -10.63892936706543
v -9.071791648864746 1.1945439577102661 -9.706927299499512
v -8.818340301513672 1.3867754936218262 -9.346122741699219
v -8.880514144897461 1.6965687274932861 -10.231817245483398
v -8.62751579284668 1.874855637550354 -9.869895935058594
v -9.153403282165527 2.1177237033843994 -11.62449836730957
v -8.913249969482422 2.157081365585327 -11.166040420532227
v -8.895751953125 2.735020399093628 -12.149954795837402
v -8.655184745788574 2.718308687210083 -11.67908763885498
v -8.665290832519531 2.2598557472229004 -10.753490447998047
v -8.412942886352539 2.386568069458008 -10.380093574523926
v -8.408084869384766 2.7487261295318604 -11.251080513000488
v -8.159839630126953 2.833911657333374 -10.86568832397461
v -9.194129943847656 0.3554745614528656 -7.0069990158081055
v -8.877135276794434 0.590390145778656 -6.675457000732422
v -9.043401718139648 0.5916491150856018 -7.485681056976318
v -8.733181953430176 0.8396804928779602 -7.167825698852539
v -8.53531551361084 0.844245195388794 -6.3606791496276855
v -8.19532585144043 1.1481947898864746 -6.072412490844727
v -8.40040397644043 1.1131285429000854 -6.870192050933838
v -8.072845458984375 1.3648015260696411 -6.603457927703857
v -8.88481616973877 0.8748908042907715 -7.984375
v -8.585320472717285 1.1395457983016968 -7.680723667144775
v -8.722373962402344 1.2206391096115112 -8.501361846923828
v -8.435267448425293 1.5038039684295654 -8.208992004394531
v -8.267915725708008 1.4068090915679932 -7.401706218719482
v -7.956389904022217 1.5821304321289062 -7.1558756828308105
v -8.132966041564941 1.6744451522827148 -7.94529914855957
v -7.840437412261963 1.8727455139160156 -7.715200901031494
v -7.381941795349121 1.7683714628219604 -6.119986534118652
v -6.580147743225098 1.9295275211334229 -5.499100208282471
v -7.191243648529053 2.1746833324432373 -7.228061676025391
v -6.4243855476379395 2.2439537048339844 -6.64231538772583
v -8.553780555725098 1.6388238668441772 -9.026623725891113
v -8.277630805969238 1.8679161071777344 -8.742947578430176
v -8.367960929870605 2.116683006286621 -9.55143928527832
v -8.100306510925293 2.2156424522399902 -9.256879806518555
v -7.9885029792785645 2.0144455432891846 -8.488983154296875
v -7.712000846862793 2.173753499984741 -8.24608325958252
v -7.824303150177002 2.300506830215454 -8.983863830566406
v -7.554686069488525 2.4345414638519287 -8.734435081481934
v -8.156187057495117 2.5097341537475586 -10.04236125946045
v -7.894984722137451 2.534358263015747 -9.73801326751709
v -7.910295486450195 2.8953983783721924 -10.51961612701416
v -7.661221981048584 2.909878730773926 -10.209004402160645
v -7.632599830627441 2.6102294921875 -9.46225357055664
v -7.376698017120361 2.742828369140625 -9.20985221862793
v -7.416287899017334 2.983999490737915 -9.92822551727295
v -7.175766944885254 3.088885545730591 -9.664986610412598
v -6.961040496826172 2.5692005157470703 -8.213805198669434
v -6.293618202209473 2.686584234237671 -7.683039665222168
v -7.273378372192383 2.5374011993408203 -8.481622695922852
v -7.103941917419434 2.7918553352355957 -8.94586181640625
v -6.822794437408447 2.8516108989715576 -8.686859130859375
v -6.920607089996338 3.1012542247772217 -9.394674301147461
v -6.679905891418457 3.1418113708496094 -9.149913787841797
v -6.655827045440674 2.6194751262664795 -7.964910507202148
v -6.635603427886963 2.9028894901275635 -8.5225191116333
v -6.208651065826416 2.9925599098205566 -8.168301582336426
v -6.39071798324585 3.213388442993164 -8.875184059143066
v -6.087368488311768 3.275672674179077 -8.61558723449707
v -6.546587944030762 1.1663388013839722 -15.688231468200684
v -6.988373279571533 1.368986964225769 -15.555134773254395
v -9.056626319885254 1.1626194715499878 -14.490900993347168
v -9.119081497192383 1.5255162715911865 -14.258834838867188
v -8.695323944091797 1.6752475500106812 -14.642544746398926
v -8.63355827331543 2.19470477104187 -14.296100616455078
v -9.028783798217773 1.9990073442459106 -13.969202041625977
v -8.52700424194336 2.6046652793884277 -13.890397071838379
v -7.943216800689697 0.8924153447151184 -15.399068832397461
v -8.010948181152344 1.7220299243927002 -15.095680236816406
v -7.5697126388549805 1.5615475177764893 -15.355090141296387
v -7.214012145996094 2.0630807876586914 -15.192877769470215
v -7.696013927459717 2.1928813457489014 -14.941619873046875
v -8.035172462463379 2.2237555980682373 -14.73682689666748
v -8.276134490966797 2.227968692779541 -14.574307441711426
v -7.220673084259033 2.7332241535186768 -14.648659706115723
v -7.9741621017456055 2.6067099571228027 -14.383587837219238
v -7.822888374328613 3.061216115951538 -13.924860000610352
v -8.1702299118042 3.022355556488037 -13.652441024780273
v -6.98478889465332 3.027564287185669 -14.467171669006348
v -7.550231456756592 3.068701982498169 -14.117996215820312
v -7.6346940994262695 3.4335381984710693 -13.517733573913574
v -7.856999397277832 3.4048755168914795 -13.341343879699707
v -7.573816299438477 3.775238513946533 -12.98839282989502
v -7.017655849456787 3.45646595954895 -13.95691967010498
v -7.243528366088867 3.45837140083313 -13.805322647094727
v -6.8395490646362305 3.852198362350464 -13.549878120422363
v -7.261699199676514 3.9514565467834473 -12.634542465209961
v -7.039384841918945 4.0163116455078125 -12.231643676757812
v -6.652985095977783 4.254666328430176 -13.142457962036133
v -6.487167835235596 4.349449157714844 -12.76107120513916
v -5.591514587402344 0.6589758992195129 -15.867365837097168
v -6.061207294464111 0.9347087144851685 -15.795714378356934
v -5.4283061027526855 0.9431033134460449 -15.802136421203613
v -5.7978410720825195 1.393523097038269 -15.682476997375488
v -5.265625 1.2267582416534424 -15.717198371887207
v -5.955719470977783 1.622670292854309 -15.60326099395752
v -6.099198818206787 1.890411138534546 -15.480705261230469
v -6.679625511169434 1.935247540473938 -15.394148826599121
v -4.965818405151367 1.74478018283844 -15.508996963500977
v -5.406383037567139 1.980515718460083 -15.436685562133789
v -4.736448287963867 2.060347318649292 -15.336593627929688
v -4.8794636726379395 2.2999014854431152 -15.22669506072998
v -4.971136093139648 2.503734827041626 -15.117365837097168
v -6.2581610679626465 2.3725032806396484 -15.179640769958496
v -5.843587398529053 2.180785894393921 -15.331311225891113
v -5.50276517868042 2.590606212615967 -15.077491760253906
v -5.96709680557251 2.774449586868286 -14.930848121643066
v -6.7984418869018555 2.50642991065979 -14.986027717590332
v -6.304681301116943 2.8824398517608643 -14.79925537109375
v -5.655958652496338 3.192241668701172 -14.646349906921387
v -5.125231742858887 3.0995874404907227 -14.74181079864502
v -5.172956466674805 3.5621097087860107 -14.421541213989258
v -5.1701979637146 3.9636597633361816 -14.125940322875977
v -4.3087334632873535 2.6226370334625244 -15.032354354858398
v -4.737912178039551 2.8231232166290283 -14.931883811950684
v -4.001638412475586 3.0776851177215576 -14.774444580078125
v -4.434072971343994 3.288532018661499 -14.674797058105469
v -4.890750885009766 3.466840982437134 -14.527143478393555
v -3.883612632751465 4.085946559906006 -14.121400833129883
v -4.154248237609863 3.7541189193725586 -14.4000825881958
v -4.614267349243164 3.9577271938323975 -14.252874374389648
v -4.123783111572266 4.2004313468933105 -14.044236183166504
v -4.347838878631592 4.305994510650635 -13.967021942138672
v -4.839477062225342 4.489003658294678 -13.7498197555542
v -6.284089088439941 3.1555774211883545 -14.572138786315918
v -6.676666259765625 3.4392507076263428 -14.171638488769531
v -6.139768600463867 3.8137314319610596 -13.986734390258789
v -6.3958330154418945 3.8473455905914307 -13.842910766601562
v -5.866875171661377 3.764375686645508 -14.128389358520508
v -6.067038059234619 4.260127067565918 -13.538849830627441
v -5.605434417724609 4.203769683837891 -13.799921989440918
v -5.10392951965332 4.565267086029053 -13.610645294189453
v -5.358109474182129 4.639413356781006 -13.47365951538086
v -8.966343879699707 2.4508509635925293 -13.44871711730957
v -8.922403335571289 2.725144147872925 -12.874974250793457
v -8.568592071533203 3.14847731590271 -12.633271217346191
v -8.270054817199707 3.271665573120117 -12.252903938293457
v -8.156879425048828 3.335108518600464 -13.0774564743042
v -7.925828456878662 3.642442464828491 -12.66374397277832
v -7.998466968536377 3.305847644805908 -11.849800109863281
v -7.798994064331055 3.3315606117248535 -11.40631103515625
v -7.692946910858154 3.6245620250701904 -12.211554527282715
v -7.470933437347412 3.6847331523895264 -11.804876327514648
v -6.847657680511475 4.01881217956543 -11.855871200561523
v -6.239988803863525 4.401527404785156 -12.386600494384766
v -6.015053749084473 4.285489082336426 -12.075380325317383
v -6.593538761138916 3.9938769340515137 -11.459961891174316
v -6.006737232208252 4.153054237365723 -11.622295379638672
v -5.854489326477051 4.151113986968994 -11.313834190368652
v -5.992767333984375 3.9919981956481934 -10.496992111206055
v -5.917542934417725 4.045953273773193 -10.34572696685791
v -5.707086086273193 4.230353355407715 -11.025595664978027
v -5.552717685699463 4.367753982543945 -10.749513626098633
v -5.785444736480713 4.093661308288574 -9.986793518066406
v -5.4630656242370605 4.315001964569092 -9.835053443908691
v -5.368679046630859 4.515617847442627 -10.479058265686035
v -3.443136215209961 3.85036301612854 -14.229620933532715
v -3.1858317852020264 3.9401113986968994 -13.895036697387695
v -3.6274526119232178 4.274209022521973 -13.811264991760254
v -2.8901751041412354 3.896885633468628 -13.501541137695312
v -3.386880874633789 4.230392932891846 -13.492681503295898
v -4.170348644256592 4.498936176300049 -13.757542610168457
v -4.588399887084961 4.63953971862793 -13.439990043640137
v -4.187967300415039 4.525880336761475 -13.213868141174316
v -3.8569157123565674 4.450214862823486 -13.351676940917969
v -3.1010308265686035 4.146615982055664 -13.115791320800781
v -4.186715126037598 4.53629207611084 -12.926990509033203
v -3.636430025100708 4.413357257843018 -13.067987442016602
v -3.1682844161987305 4.291562557220459 -12.874909400939941
v -3.434741973876953 4.43761682510376 -12.798500061035156
v -5.812748908996582 4.645888805389404 -13.013544082641602
v -5.033611297607422 4.580057144165039 -13.07776927947998
v -4.919462203979492 4.50933837890625 -12.818096160888672
v -5.6949262619018555 4.54649543762207 -12.777280807495117
v -5.430130481719971 4.43450927734375 -12.496017456054688
v -4.89871072769165 4.494636535644531 -12.434618949890137
v -5.217204570770264 4.424269199371338 -12.224605560302734
v -4.826982021331787 4.557800769805908 -12.105498313903809
v -5.496074199676514 4.351546287536621 -12.028629302978516
v -5.804376602172852 4.2374653816223145 -11.789656639099121
v -5.379843711853027 4.3774237632751465 -11.71046257019043
v -5.611771106719971 4.270298480987549 -11.522480010986328
v -4.662909030914307 4.536280155181885 -12.580928802490234
v -4.155096054077148 4.629648208618164 -12.49908447265625
v -4.467121124267578 4.628662109375 -12.33089542388916
v -3.167450428009033 4.436992168426514 -12.552874565124512
v -3.760606050491333 4.692075729370117 -12.338946342468262
v -3.061241388320923 4.500051498413086 -12.248892784118652
v -3.6004137992858887 4.781159400939941 -12.061328887939453
v -2.856302261352539 4.447062015533447 -11.95512580871582
v -3.395890474319458 4.745716094970703 -11.765918731689453
v -2.492589235305786 4.248031139373779 -11.695523262023926
v -3.214566707611084 4.680313587188721 -11.446725845336914
v -4.731148719787598 4.6620259284973145 -11.798151969909668
v -4.609304428100586 4.798953056335449 -11.506322860717773
v -5.437935829162598 4.3805460929870605 -11.26488971710205
v -5.283858299255371 4.533220291137695 -10.995182037353516
v -4.505022048950195 4.927607536315918 -11.186922073364258
v -4.182713508605957 4.951072692871094 -10.958125114440918
v -4.421013355255127 4.9593024253845215 -10.809759140014648
v -4.956389427185059 4.774988174438477 -10.853013038635254
v -5.149619102478027 4.661640167236328 -10.685385704040527
v -4.737043380737305 4.896958351135254 -10.581969261169434
v -5.033599376678467 4.716353416442871 -10.316370010375977
v -4.088619232177734 4.739230632781982 -12.181436538696289
v -4.1367363929748535 4.863602638244629 -11.796789169311523
v -3.7689971923828125 4.869904041290283 -11.599459648132324
v -3.4651830196380615 4.777712345123291 -11.335506439208984
v -3.793768882751465 4.884918689727783 -11.175435066223145
v -7.616281032562256 3.297457695007324 -10.986363410949707
v -7.318052768707275 3.4022912979125977 -10.76833724975586
v -7.257593631744385 3.688884735107422 -11.440492630004883
v -7.051324367523193 3.695770263671875 -11.111163139343262
v -7.1359381675720215 3.4261605739593506 -10.424383163452148
v -7.034853935241699 3.4070916175842285 -10.213187217712402
v -6.8504533767700195 3.711679220199585 -10.804397583007812
v -6.63547945022583 3.6677682399749756 -10.508502960205078
v -6.4360761642456055 3.928978204727173 -11.226157188415527
v -6.253918170928955 3.902712821960449 -10.922614097595215
v -6.79970645904541 3.277958869934082 -9.644584655761719
v -6.465501308441162 3.4590048789978027 -9.557594299316406
v -6.425464630126953 3.6909048557281494 -10.231399536132812
v -6.212495803833008 3.7656593322753906 -9.96633529663086
v -6.212071418762207 3.5364205837249756 -9.299809455871582
v -5.926558494567871 3.6062026023864746 -9.04169750213623
v -5.980277061462402 3.8602821826934814 -9.70671558380127
v 1.335427165031433 0.37332937121391296 -11.975085258483887
v 2.616166591644287 -0.2029784470796585 -10.905569076538086
v 1.9773244857788086 0.04378854110836983 -11.421157836914062
v 1.5792163610458374 0.33669066429138184 -11.631966590881348
v 2.2176384925842285 0.0369650162756443 -11.109389305114746
v 1.8138986825942993 0.25452107191085815 -11.304436683654785
v 3.05942702293396 -0.19473552703857422 -10.303319931030273
v 2.2473344802856445 0.15438273549079895 -10.68554973602295
v -0.39298030734062195 1.5809000730514526 -13.244648933410645
v -0.8113557696342468 1.988573431968689 -13.382296562194824
v 0.6846471428871155 0.7664414048194885 -12.539740562438965
v 0.27811142802238464 1.1428353786468506 -12.723661422729492
v 0.9346694946289062 0.7253924012184143 -12.179190635681152
v 0.5267804861068726 1.0441774129867554 -12.36375904083252
v -0.13654287159442902 1.5251637697219849 -12.87997817993164
v -0.5565387606620789 1.9043208360671997 -13.020231246948242
v 0.1120927631855011 1.3784995079040527 -12.529475212097168
v -0.30951356887817383 1.7383476495742798 -12.674386978149414
v -1.2377774715423584 2.4042065143585205 -13.49119758605957
v -1.6755311489105225 2.8163440227508545 -13.562670707702637
v -1.1669120788574219 2.577826976776123 -12.91785717010498
v -1.4176026582717896 2.7243921756744385 -13.235746383666992
v -2.112236738204956 3.217991828918457 -13.598503112792969
v -1.8606550693511963 3.138744592666626 -13.295795440673828
v -2.281552791595459 3.5038671493530273 -13.30904769897461
v -1.6058533191680908 3.040850877761841 -13.00139331817627
v -2.0593245029449463 3.462449073791504 -13.03093147277832
v 1.176021933555603 0.6072124242782593 -11.831988334655762
v 0.7670855522155762 0.9064342975616455 -12.019214630126953
v 1.4076186418533325 0.5062741637229919 -11.499137878417969
v 0.9981510043144226 0.7974869012832642 -11.691487312316895
v 0.1698501706123352 1.5266188383102417 -12.063177108764648
v 1.431007742881775 0.6823149919509888 -11.100327491760254
v 0.6077447533607483 1.4466391801834106 -11.52184772491455
v -0.6861332058906555 2.393251657485962 -12.332030296325684
v -0.9239984154701233 2.466621160507202 -12.618212699890137
v -1.3613338470458984 2.9618330001831055 -12.715696334838867
v -1.8137825727462769 3.402090311050415 -12.75390625
v -1.0512484312057495 2.881098508834839 -12.341646194458008
v -1.582146406173706 3.3472073078155518 -12.47677230834961
v -0.2563506066799164 2.3464713096618652 -11.81160831451416
v -0.999182939529419 2.9345974922180176 -12.171235084533691
v -1.3667502403259277 3.2908947467803955 -12.195496559143066
v -0.6991233825683594 2.7902512550354004 -11.913119316101074
v -1.1681033372879028 3.234804391860962 -11.909069061279297
v -0.46619659662246704 2.358842372894287 -12.070989608764648
v -2.7112460136413574 3.843205690383911 -13.274218559265137
v -2.4977126121520996 3.846116542816162 -13.008358001708984
v -2.281654119491577 3.8404576778411865 -12.74206829071045
v -2.76735782623291 4.218533039093018 -12.665666580200195
v -2.051105260848999 3.786972761154175 -12.46623706817627
v -2.543929100036621 4.184262752532959 -12.389702796936035
v -1.8394767045974731 3.717252254486084 -12.178699493408203
v -2.3358654975891113 4.114389419555664 -12.096953392028809
v -1.6473804712295532 3.6424641609191895 -11.879110336303711
v -2.1492362022399902 4.020147800445557 -11.787286758422852
v 15.602849006652832 -7.197343349456787 -2.876375436782837
v 15.98082447052002 -6.978641033172607 -3.320734977722168
v 16.13555908203125 -6.592923164367676 -3.764326572418213
v 15.865413665771484 -6.802336692810059 -4.281607627868652
v 16.137239456176758 -6.31571102142334 -4.005836486816406
v 11.732595443725586 -6.673670768737793 -3.40850830078125
v 11.450485229492188 -6.599602222442627 -3.405303955078125
v 10.931068420410156 -6.396528244018555 -3.3612072467803955
v 10.939050674438477 -6.445006847381592 -3.0440590381622314
v 13.288996696472168 -7.06962776184082 -3.231855630874634
v 14.962079048156738 -7.203536510467529 -2.447500228881836
v 14.420750617980957 -7.077542304992676 -2.2011303901672363
v 13.905702590942383 -6.980948448181152 -2.015164852142334
v 13.27867317199707 -6.97427225112915 -2.4034011363983154
v 13.34665298461914 -6.847648620605469 -1.7611418962478638
v 14.13337516784668 -7.101495742797852 -2.8324103355407715
v 13.791248321533203 -7.1037678718566895 -3.040487051010132
v 13.813922882080078 -7.083558559417725 -2.6991796493530273
v 11.252581596374512 -6.7316975593566895 -2.279649257659912
v 12.861791610717773 -6.7803521156311035 -1.5650438070297241
v 12.26984977722168 -6.683370590209961 -1.3164483308792114
v 11.719592094421387 -6.582355976104736 -1.106519103050232
v 11.185371398925781 -6.495471477508545 -0.8561215996742249
v 12.131827354431152 -6.825284004211426 -1.9895853996276855
v 11.616819381713867 -6.829503059387207 -2.2019267082214355
v 11.655022621154785 -6.74268102645874 -1.7952375411987305
v 12.014780044555664 -6.733584880828857 -3.3970091342926025
v 12.106539726257324 -6.870671272277832 -2.7328412532806396
v 11.528694152832031 -6.690637588500977 -2.85752534866333
v 10.959877014160156 -6.477853298187256 -2.860499382019043
v 10.993741035461426 -6.5364532470703125 -2.623161554336548
v 11.583331108093262 -6.80166482925415 -2.4187190532684326
v 12.049124717712402 -6.78640079498291 -3.090141773223877
v 13.422155380249023 -6.936017990112305 -4.438380241394043
v 13.153849601745605 -6.878410339355469 -4.343747138977051
v 14.726370811462402 -7.00812292098999 -5.487445831298828
v 14.406484603881836 -6.9742655754089355 -5.532188415527344
v 13.227520942687988 -6.7944440841674805 -4.949370384216309
v 14.373406410217285 -7.0344696044921875 -5.057095050811768
v 13.779233932495117 -6.929422855377197 -4.978975772857666
v 13.762777328491211 -6.963399410247803 -4.682979583740234
v 13.829418182373047 -6.867709636688232 -5.546195983886719
v 13.270106315612793 -6.760287761688232 -5.639731407165527
v 11.420133590698242 -6.4767327308654785 -4.376348495483398
v 11.008201599121094 -6.339568138122559 -4.174752712249756
v 12.569031715393066 -6.774542331695557 -3.8914716243743896
v 12.005581855773926 -6.660985946655273 -4.008490085601807
v 12.588968276977539 -6.712754249572754 -4.4318013191223145
v 12.039133071899414 -6.628955841064453 -4.41780424118042
v 11.68604850769043 -6.602550983428955 -3.9099934101104736
v 10.96211051940918 -6.35346794128418 -3.819112539291382
v 10.939545631408691 -6.374520301818848 -3.5408363342285156
v 12.15392017364502 -6.595767021179199 -4.8839826583862305
v 12.992490768432617 -6.70072603225708 -5.520586967468262
v 12.717185020446777 -6.63919734954834 -5.50333309173584
v 12.196982383728027 -6.573643684387207 -5.459449291229248
v 11.60602855682373 -6.482304096221924 -4.848738193511963
v 11.13031005859375 -6.3082756996154785 -4.742306709289551
v 11.728032112121582 -6.457462310791016 -5.472790241241455
v 11.259865760803223 -6.278015613555908 -5.242869853973389
v 12.65827751159668 -6.65494966506958 -4.9370880126953125
v 13.454424858093262 -7.031755447387695 -3.8792948722839355
v 13.16572380065918 -6.965175151824951 -3.701730728149414
v 14.247512817382812 -7.206225872039795 -3.701572895050049
v 13.745635032653809 -7.120551586151123 -3.8577966690063477
v 13.766631126403809 -7.147238731384277 -3.45758056640625
v 14.289868354797363 -7.135714054107666 -4.414671421051025
v 13.747802734375 -7.007532596588135 -4.422337055206299
v 13.736875534057617 -7.083614826202393 -4.0609130859375
v 14.956052780151367 -7.23655891418457 -3.308140277862549
v 15.64826488494873 -7.130649089813232 -3.6341724395751953
v 15.39168930053711 -7.0889387130737305 -4.584484100341797
v 14.965476989746094 -7.232124328613281 -4.123314380645752
v 15.283980369567871 -6.977018356323242 -5.316362380981445
v 15.059942245483398 -7.00635290145874 -5.401267051696777
v 15.024646759033203 -7.091364860534668 -5.052931785583496
v 15.695029258728027 -6.806798458099365 -5.02839469909668
v 15.955374717712402 -6.48469352722168 -4.618419647216797
v 16.08857536315918 -6.053005218505859 -4.21078634262085
v 12.609960556030273 -6.855997085571289 -3.351952075958252
v 15.591261863708496 -7.216536045074463 -2.0700032711029053
v 16.07493782043457 -7.014354228973389 -1.619500756263733
v 15.95258617401123 -6.877955436706543 -0.7686544060707092
v 15.615286827087402 -7.112462997436523 -1.1515902280807495
v 15.747949600219727 -6.936461448669434 -0.5805119872093201
v 16.09944725036621 -6.398240089416504 -0.3078099191188812
v 16.272388458251953 -6.63331937789917 -1.212220311164856
v 16.077110290527344 -7.030975341796875 -2.4658358097076416
v 16.3519287109375 -6.723568439483643 -2.0568013191223145
v 16.304258346557617 -6.698097229003906 -2.90826678276062
v 16.448545455932617 -6.2908711433410645 -2.495323657989502
v 16.418094635009766 -6.238588333129883 -1.6498054265975952
v 16.36217498779297 -5.882654666900635 -1.414364218711853
v 16.259441375732422 -6.046508312225342 -0.7753890156745911
v 16.403146743774414 -5.826080322265625 -2.078364610671997
v 16.335872650146484 -5.962465763092041 -3.1632883548736572
v 16.28498077392578 -6.051549434661865 -3.4567482471466064
v 14.570343971252441 -6.87999153137207 -0.7598904967308044
v 13.680588722229004 -6.766978740692139 -1.150045394897461
v 13.42337703704834 -6.699464797973633 -1.0528249740600586
v 13.951177597045898 -6.833469390869141 -1.2537376880645752
v 14.020692825317383 -6.736665725708008 -0.5362316370010376
v 14.608882904052734 -6.758255481719971 0.003543548285961151
v 14.698232650756836 -6.657244682312012 0.6973755359649658
v 15.131888389587402 -6.945921897888184 -0.3593411445617676
v 15.732372283935547 -6.756438255310059 0.0700305625796318
v 15.173348426818848 -6.764838218688965 0.45716172456741333
v 14.343405723571777 -6.677756309509277 0.1024879515171051
v 14.083955764770508 -6.624003887176514 0.20621351897716522
v 13.555213928222656 -6.520042896270752 0.4233948886394501
v 14.839520454406738 -7.07318115234375 -1.5916599035263062
v 14.457697868347168 -7.004219055175781 -1.7610307931900024
v 14.48167610168457 -6.955921649932861 -1.4571073055267334
v 15.071966171264648 -7.015547752380371 -0.9218184947967529
v 13.494851112365723 -6.624586582183838 -0.2931263744831085
v 12.957541465759277 -6.534502029418945 -0.09687148034572601
v 15.519875526428223 -6.112738132476807 1.3166255950927734
v 15.83791732788086 -6.335512161254883 0.4720873236656189
v 15.425100326538086 -6.509990215301514 0.9139606952667236
v 15.753825187683105 -5.831545829772949 0.8151549100875854
v 15.416810035705566 -5.677872657775879 1.6841235160827637
v 15.537548065185547 -5.295534133911133 1.1593987941741943
v 15.11638355255127 -5.098297119140625 2.0382862091064453
v 14.912979125976562 -4.749667167663574 2.1862895488739014
v 15.29379940032959 -4.860807418823242 1.3704111576080322
v 14.901891708374023 -4.54473352432251 1.6380115747451782
v 14.841153144836426 -4.5946831703186035 1.9913218021392822
v 16.009626388549805 -5.892070770263672 0.0573822520673275
v 15.902213096618652 -5.581488132476807 0.24076074361801147
v 15.978486061096191 -5.289316177368164 -0.3550262451171875
v 15.714631080627441 -4.882438659667969 -0.11534132063388824
v 15.675878524780273 -5.102753162384033 0.4066627323627472
v 15.32835865020752 -4.670737266540527 0.7745647430419922
v 15.283090591430664 -4.69192361831665 1.0844095945358276
v 15.183555603027344 -4.520689964294434 0.8684775829315186
v 15.00252628326416 -4.343597412109375 0.9824453592300415
v 15.04134464263916 -4.281425476074219 0.49414628744125366
v 14.723740577697754 -4.381568908691406 1.7348557710647583
v 14.506897926330566 -3.8949503898620605 1.2744160890579224
v 14.613602638244629 -4.125909805297852 1.4947612285614014
v 14.763442039489746 -3.9874861240386963 0.5489366054534912
v 14.28781509399414 -3.516140937805176 0.8236067891120911
v 14.375960350036621 -3.6805505752563477 1.0250314474105835
v 16.256103515625 -5.573982238769531 -1.2438020706176758
v 16.155689239501953 -5.1675286293029785 -1.8154934644699097
v 16.13945770263672 -5.186890602111816 -1.5060052871704102
v 16.018722534179688 -4.966958045959473 -1.687322974205017
v 16.377307891845703 -5.884532451629639 -2.8088388442993164
v 16.0444278717041 -5.420645713806152 -3.74481201171875
v 16.11911964416504 -5.281128406524658 -3.1582465171813965
v 15.837867736816406 -5.018805027008057 -3.376647710800171
v 16.1563777923584 -5.1862921714782715 -2.405780076980591
v 16.025371551513672 -5.028361797332764 -2.5443007946014404
v 15.87666130065918 -4.844018459320068 -2.3860602378845215
v 15.873286247253418 -4.806469917297363 -1.865470051765442
v 15.867345809936523 -4.880252838134766 -2.6968541145324707
v 15.592819213867188 -4.501241207122803 -2.1893270015716553
v 15.56696605682373 -4.602311134338379 -2.9965901374816895
v 15.270259857177734 -4.170151233673096 -2.591273307800293
v 16.0944766998291 -5.220030784606934 -1.0615531206130981
v 15.819920539855957 -4.8504157066345215 -0.8284510970115662
v 15.855402946472168 -4.807604789733887 -1.5460196733474731
v 15.485960960388184 -4.493862628936768 -0.5699376463890076
v 15.411917686462402 -4.629936695098877 0.10803579539060593
v 15.30219554901123 -4.2925004959106445 -0.4290587604045868
v 15.545587539672852 -4.487359523773193 -1.2765930891036987
v 15.245017051696777 -4.13578462600708 -1.0305964946746826
v 15.20631217956543 -4.139755725860596 -0.6107954382896423
v 15.069709777832031 -3.913820505142212 -0.8799496293067932
v 14.865928649902344 -3.84566068649292 -0.09678390622138977
v 14.54047966003418 -3.5456676483154297 0.1275981366634369
v 13.970697402954102 -2.687605857849121 -0.14776630699634552
v 13.918828964233398 -2.719620943069458 0.1649060845375061
v 15.220929145812988 -4.051616668701172 -1.7331950664520264
v 15.008326530456543 -3.765848398208618 -1.5265403985977173
v 14.97518253326416 -3.756838321685791 -1.050506591796875
v 14.704155921936035 -3.3891799449920654 -1.258785605430603
v 15.03825855255127 -3.8139874935150146 -2.353607654571533
v 15.022433280944824 -3.800764560699463 -1.997866153717041
v 14.876723289489746 -3.5944700241088867 -2.1898863315582275
v 14.42602825164795 -3.0388715267181396 -1.7771598100662231
v 14.625572204589844 -3.414889097213745 -0.43701037764549255
v 14.368898391723633 -3.0271527767181396 -0.8796542286872864
v 14.215070724487305 -2.8374500274658203 -0.9196749329566956
v 14.309938430786133 -3.0387589931488037 -0.32871636748313904
v 14.113983154296875 -2.660787343978882 -1.5506813526153564
v 14.061010360717773 -2.657909393310547 -0.9549479484558105
v 13.307872772216797 -6.779096603393555 -6.197975158691406
v 13.384244918823242 -6.738617897033691 -6.779009819030762
v 14.075407028198242 -6.694195747375488 -6.70063591003418
v 13.830011367797852 -6.802529335021973 -6.271096229553223
v 14.499052047729492 -6.880786418914795 -6.0603508949279785
v 15.13634204864502 -6.883066654205322 -5.9317755699157715
v 14.82619857788086 -6.646340370178223 -6.53031063079834
v 14.252230644226074 -6.359344482421875 -7.037881374359131
v 13.616181373596191 -6.465122699737549 -7.286683082580566
v 15.388094902038574 -6.469422817230225 -6.3752522468566895
v 14.777276992797852 -6.191001892089844 -6.819421768188477
v 15.275237083435059 -6.010839939117432 -6.568114757537842
v 14.595601081848145 -5.847986221313477 -6.954446315765381
v 14.021366119384766 -5.913993835449219 -7.340754508972168
v 14.708945274353027 -5.432265281677246 -6.690445423126221
v 12.767763137817383 -6.6792168617248535 -6.167491436004639
v 12.270135879516602 -6.567412853240967 -6.08015775680542
v 12.232616424560547 -6.575862407684326 -5.784260272979736
v 12.856167793273926 -6.634751319885254 -6.820819854736328
v 12.388358116149902 -6.501325607299805 -6.685997009277344
v 11.81761646270752 -6.4339599609375 -5.927769660949707
v 11.391470909118652 -6.239422798156738 -5.733033180236816
v 11.966500282287598 -6.349893569946289 -6.481070518493652
v 11.566632270812988 -6.143558979034424 -6.235119819641113
v 13.055140495300293 -6.410423755645752 -7.307010650634766
v 12.590936660766602 -6.323348045349121 -7.178064823150635
v 13.276437759399414 -6.04233455657959 -7.546159267425537
v 12.933309555053711 -5.962026596069336 -7.46907377243042
v 12.178821563720703 -6.173214912414551 -6.9510416984558105
v 11.799323081970215 -5.961697578430176 -6.6719160079956055
v 12.486554145812988 -5.848018646240234 -7.232680797576904
v 11.99018383026123 -5.780603885650635 -6.873520374298096
v 15.606799125671387 -6.704809188842773 -5.703001976013184
v 15.884096145629883 -6.406261444091797 -5.3788161277771
v 15.751472473144531 -6.3071465492248535 -6.031139373779297
v 15.954318046569824 -5.929361820220947 -5.668147087097168
v 16.01039695739746 -5.98423433303833 -4.998027801513672
v 15.983510971069336 -5.498213768005371 -4.561725616455078
v 16.003833770751953 -5.443197727203369 -5.2662835121154785
v 15.6655855178833 -5.831264972686768 -6.22828483581543
v 15.910778999328613 -5.616133213043213 -5.805301189422607
v 15.798409461975098 -5.309057235717773 -5.895913124084473
v 15.444104194641113 -5.42842435836792 -6.331543445587158
v 15.648788452148438 -5.15305233001709 -5.960060119628906
v 14.926405906677246 -5.127199649810791 -6.348123073577881
v 15.294307708740234 -4.9297637939453125 -5.984670639038086
v 15.786746978759766 -4.947365760803223 -5.509796142578125
v 15.844746589660645 -4.866916656494141 -4.830121040344238
v 15.566779136657715 -4.498476505279541 -5.074689865112305
v 15.452326774597168 -4.681027889251709 -5.564464569091797
v 14.93289852142334 -4.741878032684326 -5.9383864402771
v 15.07716178894043 -4.485101222991943 -5.559015274047852
v 15.214417457580566 -4.259350299835205 -5.119228363037109
v 14.710349082946777 -4.313694000244141 -5.519834518432617
v 14.837757110595703 -4.056804180145264 -5.119779109954834
v 14.40405559539795 -3.921980619430542 -5.1740217208862305
v 14.273542404174805 -5.602415561676025 -7.0507493019104
v 14.498661041259766 -5.316522598266602 -6.696109294891357
v 13.67642593383789 -5.710028171539307 -7.401370048522949
v 13.277512550354004 -5.571638584136963 -7.3239922523498535
v 12.841400146484375 -5.464618682861328 -7.159056186676025
v 12.381784439086914 -5.352649688720703 -6.8877034187316895
v 13.910637855529785 -5.415863513946533 -7.061119556427002
v 13.51271915435791 -5.2767229080200195 -6.992546081542969
v 14.123072624206543 -5.1379780769348145 -6.676390647888184
v 13.729814529418945 -4.989462852478027 -6.619713306427002
v 13.091334342956543 -5.143597602844238 -6.839887619018555
v 12.651863098144531 -5.014098167419434 -6.632510185241699
v 13.317014694213867 -4.836613178253174 -6.480079174041748
v 12.884392738342285 -4.696521282196045 -6.312814712524414
v 14.719056129455566 -5.029487609863281 -6.334228992462158
v 14.326133728027344 -4.859449863433838 -6.296209335327148
v 13.927157402038574 -4.6947808265686035 -6.227422714233398
v 14.520709991455078 -4.583889484405518 -5.923090934753418
v 14.110800743103027 -4.4036545753479 -5.840534210205078
v 13.520615577697754 -4.53305196762085 -6.112855911254883
v 13.101922035217285 -4.3805460929870605 -5.981414794921875
v 13.704451560974121 -4.231985092163086 -5.740625381469727
v 13.294393539428711 -4.065531253814697 -5.6342453956604
v 14.290406227111816 -4.118916988372803 -5.4590349197387695
v 13.890851020812988 -3.9266107082366943 -5.377519130706787
v 13.487414360046387 -3.75065541267395 -5.295502662658691
v 14.107759475708008 -3.529982805252075 -4.860710144042969
v 13.655448913574219 -3.4449896812438965 -4.954226493835449
v 15.798151969909668 -5.0200395584106445 -4.161358833312988
v 15.541715621948242 -4.608926296234131 -3.7240116596221924
v 15.594345092773438 -4.469880104064941 -4.413812160491943
v 15.282986640930176 -4.149028778076172 -4.767373085021973
v 15.224292755126953 -3.995302677154541 -3.9989771842956543
v 15.199421882629395 -4.072230339050293 -3.3395535945892334
v 15.025875091552734 -3.795961856842041 -3.135521650314331
v 15.040507316589355 -3.8294544219970703 -2.829880952835083
v 14.854769706726074 -3.5307297706604004 -2.952732563018799
v 15.024331092834473 -3.7343597412109375 -3.8123672008514404
v 15.01817512512207 -3.766373634338379 -3.4682986736297607
v 14.776236534118652 -3.369131088256836 -3.6039955615997314
v 14.436774253845215 -2.8619446754455566 -3.25710129737854
v 15.110207557678223 -3.973292589187622 -4.625383377075195
v 15.012694358825684 -3.7444238662719727 -4.097451686859131
v 14.969257354736328 -3.820152759552002 -4.5159831047058105
v 14.579054832458496 -3.610886573791504 -4.6545867919921875
v 14.593950271606445 -3.3523261547088623 -4.201488971710205
v 14.195877075195312 -3.3701772689819336 -4.627375602722168
v 13.826323509216309 -3.1621458530426025 -4.603508949279785
v 14.332892417907715 -3.137066602706909 -4.2188520431518555
v 13.96549129486084 -2.8766584396362305 -4.237720489501953
v 14.380549430847168 -3.0497798919677734 -4.003610134124756
v 14.422078132629395 -2.9756991863250732 -3.7571353912353516
v 14.117194175720215 -2.6840434074401855 -3.7781381607055664
v 14.15054702758789 -2.5212740898132324 -3.3410093784332275
v 14.754154205322266 -3.4306859970092773 -2.335777759552002
v 14.471426963806152 -2.9508795738220215 -2.5749638080596924
v 14.160684585571289 -2.5707175731658936 -2.3130059242248535
v 14.17788314819336 -2.4866368770599365 -3.05790376663208
v 14.182673454284668 -2.4944093227386475 -2.7760214805603027
v 10.177127838134766 -6.071858882904053 -2.773689031600952
v 10.451423645019531 -6.152235507965088 -3.310185670852661
v 9.998771667480469 -5.883951187133789 -3.1845946311950684
v 9.521818161010742 -5.680423736572266 -2.58229923248291
v 9.048640251159668 -5.377938747406006 -2.6001970767974854
v 9.03730297088623 -5.417317867279053 -2.4375338554382324
v 9.476259231567383 -5.548396110534668 -3.049323797225952
v 9.089950561523438 -5.327115058898926 -2.932936429977417
v 7.005582332611084 -4.8123955726623535 -2.393127918243408
v 6.636972904205322 -4.786808013916016 -2.432992935180664
v 6.579662322998047 -4.845369815826416 -2.1597886085510254
v 8.451314926147461 -5.170224189758301 -2.2147514820098877
v 7.935534477233887 -4.945283889770508 -2.2445433139801025
v 7.935217380523682 -5.0038557052612305 -2.0183498859405518
v 6.449073314666748 -4.88093900680542 -1.7653579711914062
v 7.627132415771484 -4.922455787658691 -1.887877106666565
v 7.292416095733643 -4.888883113861084 -1.9686121940612793
v 7.329491138458252 -4.92359733581543 -1.7642067670822144
v 7.6198601722717285 -4.8403706550598145 -2.2888805866241455
v 7.293160438537598 -4.823596477508545 -2.346223831176758
v 7.068929195404053 -4.873703479766846 -2.0251657962799072
v 6.743206024169922 -4.743291854858398 -2.672644853591919
v 7.345999717712402 -4.778380870819092 -2.5661697387695312
v 7.182567119598389 -4.747555255889893 -2.9291188716888428
v 6.85813570022583 -4.741669178009033 -2.9520926475524902
v 7.461240768432617 -4.751981258392334 -2.910620927810669
v 8.21929931640625 -4.972342491149902 -2.582411050796509
v 7.957835674285889 -4.902617931365967 -2.458050012588501
v 8.540599822998047 -5.112035751342773 -2.5761587619781494
v 8.603104591369629 -5.073062896728516 -2.9338583946228027
v 8.564227104187012 -5.089693546295166 -2.735401153564453
v 10.01108455657959 -6.099209785461426 -2.276329278945923
v 10.499762535095215 -6.357585430145264 -2.3695671558380127
v 10.546748161315918 -6.516254425048828 -2.004883289337158
v 9.883262634277344 -6.255365371704102 -1.769434928894043
v 9.316458702087402 -6.15273380279541 -1.562674641609192
v 9.021368980407715 -5.707244873046875 -1.7665822505950928
v 8.848469734191895 -5.928752422332764 -1.5478434562683105
v 9.520346641540527 -5.843730449676514 -2.126410961151123
v 9.02866268157959 -5.495538711547852 -2.198976516723633
v 9.024212837219238 -5.596034049987793 -1.9718202352523804
v 11.036613464355469 -6.6294426918029785 -1.5153119564056396
v 10.581220626831055 -6.607088088989258 -1.6912224292755127
v 10.595425605773926 -6.546943187713623 -1.3873931169509888
v 10.732650756835938 -6.414027214050293 -0.6678995490074158
v 10.454228401184082 -6.230136394500732 -2.8148880004882812
v 8.471773147583008 -5.5146484375 -1.720950961112976
v 7.946708679199219 -5.064505100250244 -1.8328016996383667
v 7.964449405670166 -5.158152103424072 -1.6063103675842285
v 10.551336288452148 -6.112446308135986 -4.060539245605469
v 10.090356826782227 -5.863287448883057 -3.822995901107788
v 9.657036781311035 -5.601737976074219 -3.699690341949463
v 9.24704360961914 -5.363330841064453 -3.752760410308838
v 9.201934814453125 -5.343112945556641 -3.552356243133545
v 10.493071556091309 -6.122202396392822 -3.7090845108032227
v 10.049479484558105 -5.8611345291137695 -3.584317445755005
v 9.613600730895996 -5.58970832824707 -3.463592052459717
v 9.164487838745117 -5.326987266540527 -3.3644049167633057
v 10.680682182312012 -6.098835468292236 -4.600581645965576
v 10.248184204101562 -5.865139961242676 -4.446133136749268
v 10.845227241516113 -6.063114643096924 -5.123216152191162
v 10.397174835205078 -5.8412346839904785 -4.881516456604004
v 9.818377494812012 -5.623578071594238 -4.300238609313965
v 9.366338729858398 -5.38626766204834 -4.137156009674072
v 9.97179126739502 -5.603079319000244 -4.69321346282959
v 9.526153564453125 -5.375418663024902 -4.5262651443481445
v 8.651562690734863 -5.065778732299805 -3.282180070877075
v 8.14372730255127 -4.882598876953125 -3.221050500869751
v 7.9999823570251465 -4.8344621658325195 -2.8949034214019775
v 8.764131546020508 -5.132067680358887 -3.6389219760894775
v 7.57166051864624 -4.779557228088379 -3.1871345043182373
v 7.659481048583984 -4.866602897644043 -3.5910258293151855
v 8.346896171569824 -5.042557239532471 -3.984480142593384
v 8.214213371276855 -4.956811904907227 -3.6055715084075928
v 9.264071464538574 -5.269686698913574 -4.459837436676025
v 8.930148124694824 -5.191926002502441 -4.160830020904541
v 8.483790397644043 -5.100364685058594 -4.408639907836914
v 6.341309070587158 -4.75497579574585 -2.4560275077819824
v 6.014379501342773 -4.719561576843262 -2.479735851287842
v 5.912519454956055 -4.829160690307617 -2.259920835494995
v 13.609716415405273 -2.345954418182373 -0.010600528679788113
v 13.705425262451172 -2.3071398735046387 -0.6587988138198853
v 13.804136276245117 -2.2627546787261963 -1.3794734477996826
v 13.446329116821289 -1.8925966024398804 -1.2199748754501343
v 13.260616302490234 -1.903361201286316 -0.515037477016449
v 13.050795555114746 -1.5825790166854858 -1.112511157989502
v 12.975858688354492 -1.6316205263137817 -0.7088783383369446
v 12.602823257446289 -1.324851393699646 -0.9078307747840881
v 12.229155540466309 -0.9673925638198853 -1.029882550239563
v 8.91765022277832 2.5426149368286133 -1.290160894393921
v 8.204551696777344 3.1239500045776367 -1.628792643547058
v 8.138057708740234 2.980585813522339 -0.8691889643669128
v 7.675917148590088 3.2773334980010986 -0.8574966788291931
v 7.0847601890563965 3.6631455421447754 -1.2281577587127686
v 7.574397563934326 3.491434097290039 -2.0718469619750977
v 7.133243560791016 3.7017107009887695 -2.2057812213897705
v 10.98338508605957 -6.017003536224365 -5.525735378265381
v 10.542092323303223 -5.7945098876953125 -5.232487201690674
v 11.178858757019043 -5.907991409301758 -5.985367298126221
v 10.725092887878418 -5.70271110534668 -5.595108509063721
v 10.154461860656738 -5.544471263885498 -5.08754825592041
v 10.374903678894043 -5.433072090148926 -5.472451210021973
v 9.931619644165039 -5.226330280303955 -5.294466972351074
v 11.431242942810059 -5.725992679595947 -6.360994338989258
v 11.04890251159668 -5.466866493225098 -6.056397438049316
v 11.769453048706055 -5.383392333984375 -6.579169750213623
v 10.645103454589844 -5.243217468261719 -5.812288284301758
v 10.196295738220215 -5.055515766143799 -5.6403093338012695
v 11.362485885620117 -5.114611625671387 -6.240201950073242
v 10.965380668640137 -4.953261852264404 -6.025466442108154
v 9.602853775024414 -5.2822980880737305 -4.885193824768066
v 9.221259117126465 -5.1689066886901855 -4.82629919052124
v 9.61406421661377 -5.116420745849609 -5.222964286804199
v 9.566370010375977 -5.0107598304748535 -5.385242938995361
v 9.52344036102295 -4.899581432342529 -5.57418155670166
v 9.119208335876465 -4.901144981384277 -5.662423610687256
v 9.408763885498047 -4.646999359130859 -5.969796180725098
v 10.459616661071777 -4.749305725097656 -5.8765974044799805
v 10.027508735656738 -4.657961845397949 -5.848728656768799
v 12.198254585266113 -4.884597301483154 -6.40855598449707
v 11.743623733520508 -4.744370937347412 -6.191242218017578
v 12.446820259094238 -4.552340984344482 -6.141685485839844
v 12.013429641723633 -4.3970184326171875 -5.9892497062683105
v 11.30704116821289 -4.583514213562012 -6.025816440582275
v 10.89333724975586 -4.387142658233643 -5.9375762939453125
v 11.5968656539917 -4.226675987243652 -5.879588603973389
v 11.053109169006348 -4.195724964141846 -5.885848522186279
v 11.191694259643555 -4.022225379943848 -5.8253350257873535
v 9.199411392211914 -4.34815788269043 -6.431402206420898
v 8.90291976928711 -4.002573490142822 -6.78614616394043
v 9.52043628692627 -3.9813199043273926 -6.36552095413208
v 9.171031951904297 -3.769066572189331 -6.610628128051758
v 10.5128173828125 -4.1778740882873535 -5.932465553283691
v 9.806766510009766 -4.253322601318359 -6.112018585205078
v 10.153627395629883 -3.914635419845581 -6.036529064178467
v 10.802757263183594 -3.804457187652588 -5.8264360427856445
v 10.423839569091797 -3.5746495723724365 -5.879891395568848
v 9.689884185791016 -3.5718324184417725 -6.243078231811523
v 10.041254043579102 -3.395386219024658 -6.003898620605469
v 9.436308860778809 -3.3798351287841797 -6.376031875610352
v 9.672064781188965 -3.065330982208252 -6.126246452331543
v 12.677438735961914 -4.218557834625244 -5.848935127258301
v 12.377131462097168 -4.0991926193237305 -5.768590927124023
v 12.87819766998291 -3.894057512283325 -5.532583236694336
v 12.50234317779541 -3.7330057621002197 -5.464803218841553
v 11.854276657104492 -3.8738465309143066 -5.66926908493042
v 11.448509216308594 -3.6741673946380615 -5.632451057434082
v 12.077475547790527 -3.5351202487945557 -5.419559478759766
v 11.677937507629395 -3.3362419605255127 -5.398059844970703
v 12.872334480285645 -3.054427146911621 -4.896605491638184
v 12.106429100036621 -2.638892889022827 -4.908443927764893
v 11.05659294128418 -3.4602134227752686 -5.634584426879883
v 10.673494338989258 -3.23272442817688 -5.6750102043151855
v 11.278534889221191 -3.1226491928100586 -5.3990678787231445
v 10.890542030334473 -2.894798517227173 -5.437211036682129
v 11.889914512634277 -2.9953200817108154 -5.151200294494629
v 11.487646102905273 -2.780395030975342 -5.1539130210876465
v 11.095585823059082 -2.5501914024353027 -5.192820072174072
v 11.70206356048584 -2.4303109645843506 -4.922967910766602
v 11.290285110473633 -2.2070372104644775 -4.949532985687256
v 10.697689056396484 -2.301893949508667 -5.255675315856934
v 10.882872581481934 -1.9538482427597046 -5.003138542175293
v 10.373879432678223 -3.048435926437378 -5.729779243469238
v 9.899688720703125 -2.7347540855407715 -5.8711395263671875
v 10.671680450439453 -2.757341146469116 -5.471867561340332
v 10.111635208129883 -2.3830976486206055 -5.618373870849609
v 10.29909610748291 -2.026153326034546 -5.358909606933594
v 8.74068832397461 -3.8626065254211426 -6.901214122772217
v 8.553160667419434 -3.6995222568511963 -7.0382256507873535
v 8.188218116760254 -3.400522470474243 -7.269199848175049
v 8.825048446655273 -3.40132737159729 -6.831918716430664
v 8.445762634277344 -3.116476535797119 -7.043323993682861
v 7.797412395477295 -3.106459140777588 -7.473782062530518
v 7.391468048095703 -2.838606119155884 -7.659239292144775
v 8.001769065856934 -2.880527973175049 -7.289554595947266
v 7.635571479797363 -2.582303047180176 -7.435243129730225
v 9.068584442138672 -3.1047868728637695 -6.574020862579346
v 8.681543350219727 -2.8293378353118896 -6.776486396789551
v 9.2836275100708 -2.7991788387298584 -6.293662071228027
v 8.889901161193848 -2.5279641151428223 -6.490224838256836
v 8.480025291442871 -2.6936450004577637 -6.877567291259766
v 8.267351150512695 -2.56394100189209 -6.97900915145874
v 7.857719898223877 -2.3241279125213623 -7.17676305770874
v 8.640564918518066 -2.37137508392334 -6.613678932189941
v 8.06216812133789 -2.042752504348755 -6.904877662658691
v 6.834065914154053 -2.691225051879883 -7.928917407989502
v 6.542877197265625 -2.302903890609741 -8.046623229980469
v 7.215706825256348 -2.330777645111084 -7.628215312957764
v 6.783199310302734 -2.0679593086242676 -7.837198734283447
v 5.9429731369018555 -1.4817276000976562 -8.353530883789062
v 7.232563018798828 -1.5398168563842773 -7.394101619720459
v 6.347136974334717 -1.0104950666427612 -7.893688678741455
v 10.429234504699707 -1.6319012641906738 -5.112154483795166
v 9.492083549499512 -2.471122980117798 -6.017735958099365
v 9.082131385803223 -2.199857711791992 -6.206244468688965
v 9.710095405578613 -2.1076741218566895 -5.765372276306152
v 9.280793190002441 -1.8399014472961426 -5.943192958831787
v 8.632861137390137 -2.0311546325683594 -6.472209930419922
v 8.858948707580566 -1.6036968231201172 -6.142551898956299
v 8.382216453552246 -1.4948469400405884 -6.466762065887451
v 8.267687797546387 -1.7205445766448975 -6.638481616973877
v 9.897130966186523 -1.731313705444336 -5.510983467102051
v 9.480422019958496 -1.4493337869644165 -5.694273471832275
v 10.140289306640625 -1.164556860923767 -5.140750885009766
v 9.651315689086914 -1.0393620729446411 -5.43324089050293
v 9.040481567382812 -1.2050907611846924 -5.88461446762085
v 8.61994457244873 -0.9488419890403748 -6.119990348815918
v 9.193136215209961 -0.7784998416900635 -5.611552715301514
v 8.763568878173828 -0.499080091714859 -5.840297698974609
v 7.608551025390625 -0.7960819602012634 -6.8450188636779785
v 6.699693202972412 -0.3684730529785156 -7.4001569747924805
v 8.10914134979248 -1.1635549068450928 -6.578201770782471
v 8.184907913208008 -0.6956102252006531 -6.372622013092041
v 7.731095314025879 -0.44356194138526917 -6.635562419891357
v 8.307269096374512 -0.22997865080833435 -6.074193000793457
v 7.854798793792725 0.04472997039556503 -6.330286026000977
v 7.289435863494873 -0.1733657717704773 -6.914702892303467
v 6.841057300567627 0.05619499832391739 -7.1407551765441895
v 7.434335708618164 0.5340419411659241 -6.44736909866333
v 6.9651408195495605 0.6463452577590942 -6.724334716796875
v 7.166592597961426 -0.539271891117096 -7.126969814300537
v 13.575545310974121 -2.668898344039917 -4.312215805053711
v 13.806851387023926 -2.1793699264526367 -3.4780020713806152
v 13.720111846923828 -2.364689588546753 -3.8784332275390625
v 13.320892333984375 -2.192445993423462 -4.058853626251221
v 13.468942642211914 -1.8519079685211182 -3.525693655014038
v 13.20531940460205 -2.000868320465088 -3.9639933109283447
v 13.113160133361816 -1.5725328922271729 -3.6117966175079346
v 12.757146835327148 -1.3290399312973022 -3.6744189262390137
v 13.84203815460205 -2.1742305755615234 -2.0917909145355225
v 13.960277557373047 -2.197239875793457 -2.878957748413086
v 13.403203964233398 -1.4759631156921387 -2.5172290802001953
v 13.503464698791504 -1.7899061441421509 -1.9207704067230225
v 13.486122131347656 -1.8503950834274292 -1.6378740072250366
v 13.197628021240234 -1.4742255210876465 -1.812909722328186
v 12.741755485534668 -1.0578250885009766 -1.6824921369552612
v 12.817835807800293 -0.8908053040504456 -2.2941982746124268
v 12.787862777709961 -0.9445534348487854 -1.967300534248352
v 13.516658782958984 -1.7455459833145142 -3.2929844856262207
v 13.551273345947266 -1.6657238006591797 -3.0463979244232178
v 13.260823249816895 -1.388154149055481 -3.139768600463867
v 13.229689598083496 -1.2285422086715698 -2.597792148590088
v 12.854901313781738 -0.9355288743972778 -2.967349052429199
v 12.84770679473877 -0.8903775215148926 -2.7133727073669434
v 12.833072662353516 -1.0483119487762451 -3.260869026184082
v 12.344073295593262 -0.6945903897285461 -1.6037911176681519
v 11.944416046142578 -0.2982769310474396 -1.5581564903259277
v 11.860212326049805 -0.4850015342235565 -1.2060000896453857
v 12.431804656982422 -0.5274672508239746 -2.2108242511749268
v 12.131084442138672 -0.22152337431907654 -2.180814266204834
v 11.45490550994873 0.046583980321884155 -1.2752736806869507
v 11.025482177734375 0.5362759828567505 -1.4486483335494995
v 12.359275817871094 -0.4592532217502594 -2.84256649017334
v 12.39260482788086 -0.9274848103523254 -3.550846576690674
v 12.426219940185547 -0.7903618216514587 -3.339550495147705
v 12.023706436157227 -0.5487285256385803 -3.4522814750671387
v 12.082392692565918 -0.18274974822998047 -2.8187880516052246
v 11.617059707641602 -0.2224580943584442 -3.4879965782165527
v 11.189029693603516 0.1867961883544922 -3.583648681640625
v 11.666064262390137 0.14490504562854767 -2.90531587600708
v 11.236568450927734 0.5184606313705444 -3.06648850440979
v 11.650252342224121 0.28256431221961975 -2.286808967590332
v 11.137643814086914 0.6754840016365051 -2.2784135341644287
v 13.229056358337402 -2.3916985988616943 -4.294591426849365
v 12.446850776672363 -1.9663801193237305 -4.355931758880615
v 12.839553833007812 -2.1729843616485596 -4.325232028961182
v 13.03850269317627 -1.7403699159622192 -3.8421406745910645
v 12.59420394897461 -1.639449954032898 -4.04767370223999
v 11.653563499450684 -1.5333524942398071 -4.427810192108154
v 11.48880386352539 -1.8591418266296387 -4.704924583435059
v 11.07552719116211 -1.6005319356918335 -4.753268718719482
v 10.648189544677734 -1.2946860790252686 -4.846259593963623
v 11.243700981140137 -1.269810676574707 -4.481293678283691
v 10.819051742553711 -0.9322536587715149 -4.579133033752441
v 12.127243041992188 -1.778171420097351 -4.367228031158447
v 12.203800201416016 -1.4302014112472534 -4.0922441482543945
v 11.765071868896484 -1.29820716381073 -4.214428424835205
v 12.338326454162598 -1.0924832820892334 -3.7557554244995117
v 11.942192077636719 -0.8644821047782898 -3.8121085166931152
v 11.465617179870605 -1.004150152206421 -4.171420097351074
v 11.530928611755371 -0.6136710047721863 -3.8590707778930664
v 11.103670120239258 -0.19638803601264954 -3.9649498462677
v 11.005436897277832 -0.5009217262268066 -4.225979804992676
v 8.563523292541504 1.924747109413147 -4.667273044586182
v 8.170186996459961 2.1428065299987793 -4.8291826248168945
v 7.17329216003418 1.9424781799316406 -5.47860860824585
v 7.679875373840332 2.36999773979187 -4.833653450012207
v 10.591029167175293 0.9518007040023804 -1.5094294548034668
v 10.175385475158691 1.4888792037963867 -1.7258027791976929
v 10.126533508300781 1.375607967376709 -1.4060338735580444
v 10.376760482788086 1.3328185081481934 -2.4105844497680664
v 9.71345043182373 1.9237289428710938 -1.8705215454101562
v 9.661608695983887 1.813049554824829 -1.4031904935836792
v 9.257929801940918 2.397355318069458 -2.0539329051971436
v 9.188631057739258 2.2795729637145996 -1.346840739250183
v 9.770200729370117 1.967960238456726 -2.4488208293914795
v 9.297986030578613 2.3266918659210205 -2.8681654930114746
v 9.283038139343262 2.387899875640869 -2.4397103786468506
v 10.745340347290039 0.6225559711456299 -3.7281570434570312
v 10.284980773925781 1.0269328355789185 -3.909919261932373
v 10.709588050842285 0.9641849994659424 -3.0169050693511963
v 10.227753639221191 1.408403992652893 -3.2082602977752686
v 9.810314178466797 1.8085426092147827 -3.3485124111175537
v 9.327220916748047 2.133735418319702 -3.6639251708984375
v 9.337051391601562 2.27223801612854 -3.342802047729492
v 9.76498031616211 1.4368720054626465 -4.0009965896606445
v 9.310637474060059 1.9373704195022583 -4.018200874328613
v 10.678667068481445 1.0447187423706055 -2.3850245475769043
v 8.277018547058105 2.9972355365753174 -3.328118324279785
v 7.17221212387085 3.4709365367889404 -3.1145505905151367
v 7.722624778747559 3.135202407836914 -3.676424503326416
v 7.717802047729492 3.3227295875549316 -3.243082284927368
v 8.575597763061523 2.8867197036743164 -2.3601744174957275
v 8.235389709472656 3.1270499229431152 -2.418389081954956
v 7.711988925933838 3.391120672225952 -2.8243918418884277
v 8.383358001708984 2.5931668281555176 -4.126774311065674
v 8.814248085021973 2.668314218521118 -3.2442708015441895
v 8.822904586791992 2.386396884918213 -4.020384788513184
v 7.70366907119751 2.643604040145874 -4.479668617248535
v 7.7171149253845215 2.8665285110473633 -4.149592399597168
v 10.229999542236328 -0.9385014176368713 -4.996525764465332
v 9.76213550567627 -0.7396291494369507 -5.244105815887451
v 10.383047103881836 -0.5453653931617737 -4.728904724121094
v 9.9556303024292 -0.18215566873550415 -4.903120517730713
v 9.306200981140137 -0.4137941300868988 -5.386651515960693
v 8.852574348449707 -0.12337552011013031 -5.6023783683776855
v 9.477071762084961 0.1479320526123047 -5.068766117095947
v 8.987699508666992 0.47130250930786133 -5.243956565856934
v 10.670862197875977 0.2697324752807617 -4.115612030029297
v 10.226937294006348 0.7049898505210876 -4.273839473724365
v 10.589653015136719 -0.021207459270954132 -4.374973297119141
v 10.133569717407227 0.3293614387512207 -4.591958999633789
v 9.302507400512695 0.7926936149597168 -4.833311557769775
v 9.675253868103027 1.0670713186264038 -4.3798298835754395
v 9.240199089050293 1.659456729888916 -4.336137294769287
v 9.593060493469238 0.6638516783714294 -4.724803924560547
v 8.376601219177246 0.11827459186315536 -5.852138996124268
v 7.9112067222595215 0.33869850635528564 -6.144942760467529
v 7.953773021697998 0.5847751498222351 -5.992217540740967
v 8.51844596862793 0.8078464269638062 -5.438604354858398
v 8.057257652282715 1.2770578861236572 -5.549386024475098
v 7.692002773284912 1.3643910884857178 -5.77633810043335
v 7.0749101638793945 1.37087082862854 -6.063590049743652
v 7.483224868774414 0.8762816190719604 -6.220049858093262
v 7.022683143615723 0.9758981466293335 -6.425117015838623
v 8.56730842590332 1.1150983572006226 -5.2393574714660645
v 8.111738204956055 1.6973986625671387 -5.241650104522705
v 7.631019592285156 1.949683666229248 -5.293241500854492
v 14.420199394226074 -4.3532185554504395 2.38930344581604
v 13.982494354248047 -4.1472907066345215 2.6939213275909424
v 14.557876586914062 -4.223597049713135 1.8138314485549927
v 14.176468849182129 -3.9676833152770996 1.9326472282409668
v 13.888946533203125 -3.9948484897613525 2.536165475845337
v 13.648871421813965 -3.856994867324829 2.5881285667419434
v 13.252952575683594 -3.643867254257202 2.6560513973236084
v 13.729683876037598 -3.670971632003784 2.0639476776123047
v 13.414972305297852 -3.455880880355835 2.1376795768737793
v 14.312006950378418 -3.7196059226989746 1.3592379093170166
v 13.718473434448242 -2.957331418991089 1.0454245805740356
v 12.876128196716309 -3.237860679626465 2.739217519760132
v 12.48669719696045 -2.892803907394409 2.8170344829559326
v 13.030193328857422 -3.1220555305480957 2.2097179889678955
v 12.640737533569336 -2.7790987491607666 2.2854931354522705
v 11.729503631591797 -2.2590386867523193 2.602008581161499
v 12.922096252441406 -2.063568115234375 1.2612258195877075
v 12.083060264587402 -1.7858415842056274 1.2891712188720703
v 11.3726167678833 -1.7879996299743652 2.392730474472046
v 10.107854843139648 -0.7031626105308533 2.4391493797302246
v 11.256863594055176 -1.1333504915237427 1.3546985387802124
v 10.987719535827637 -1.3422343730926514 2.3365426063537598
v 10.405640602111816 -0.3831593990325928 1.4006859064102173
v 10.257312774658203 -0.5386718511581421 1.9082731008529663
v 13.229660987854004 -2.021529197692871 0.08938782662153244
v 12.357447624206543 -1.5094704627990723 0.16982342302799225
v 12.827555656433105 -1.721204161643982 0.15703198313713074
v 12.516698837280273 -1.3594261407852173 -0.4100308418273926
v 11.435554504394531 -0.8443883061408997 0.24323023855686188
v 11.643904685974121 -0.8152445554733276 -0.34294238686561584
v 11.217561721801758 -0.4697553515434265 -0.31541338562965393
v 11.098024368286133 -0.532612144947052 0.2173192948102951
v 10.796828269958496 -0.047291070222854614 -0.2892487049102783
v 10.712753295898438 -0.11884427070617676 0.07134280353784561
v 11.37987232208252 -0.20311672985553741 -0.9259191155433655
v 10.938199043273926 0.3395853042602539 -0.8984115123748779
v 9.949970245361328 -0.8199240565299988 2.959794521331787
v 9.352965354919434 -0.5635385513305664 3.4687628746032715
v 9.530682563781738 -0.40610748529434204 2.9886040687561035
v 9.0999116897583 0.06705337762832642 3.0051326751708984
v 9.681055068969727 -0.24193617701530457 2.4868578910827637
v 9.253669738769531 0.21420228481292725 2.506117582321167
v 8.66828727722168 0.481528103351593 2.9952449798583984
v 8.225042343139648 0.8830381035804749 2.9670350551605225
v 8.835013389587402 0.6223651170730591 2.4877185821533203
v 8.39230728149414 1.0340570211410522 2.4662692546844482
v 9.954951286315918 0.003177046775817871 1.4081059694290161
v 9.865316390991211 -0.06285309791564941 1.7769055366516113
v 9.465980529785156 0.37874075770378113 1.6907025575637817
v 9.052820205688477 0.8132305145263672 1.6432116031646729
v 8.696468353271484 1.453116536140442 1.4441617727279663
v 8.614413261413574 1.229966640472412 1.66335928440094
v 9.392019271850586 0.3320719301700592 1.9838082790374756
v 8.975787162780762 0.7478317022323608 1.968215823173523
v 8.543968200683594 1.1646653413772583 1.9399456977844238
v 6.8209991455078125 2.0205271244049072 2.740396499633789
v 6.332200050354004 2.431184768676758 2.6321828365325928
v 7.003316879272461 2.2902567386627197 2.287844657897949
v 6.504146099090576 2.6387581825256348 2.164445161819458
v 7.7712507247924805 1.2742197513580322 2.902249336242676
v 7.3034138679504395 1.654038667678833 2.831233501434326
v 7.941376686096191 1.4384899139404297 2.4066567420959473
v 7.272130012512207 2.0376787185668945 2.32316255569458
v 7.951713562011719 1.7954460382461548 1.904531717300415
v 7.646754741668701 2.0842361450195312 1.8727260828018188
v 7.561316013336182 1.9726413488388062 2.1303365230560303
v 8.2662992477417 1.9311366081237793 1.4238123893737793
v 7.793241500854492 2.249396800994873 1.3311952352523804
v 7.1614460945129395 2.460339307785034 1.7725613117218018
v 6.656896591186523 2.766357660293579 1.6323826313018799
v 6.7966694831848145 2.904961109161377 1.0799156427383423
v 7.301017761230469 2.580479383468628 1.2133464813232422
v 10.538467407226562 -0.2534977197647095 0.8513870239257812
v 10.095864295959473 0.18751263618469238 0.8714016675949097
v 9.670695304870605 0.6228079199790955 0.8855646252632141
v 10.228423118591309 0.2728827893733978 0.3003104627132416
v 9.7999906539917 0.7069734334945679 0.3075539767742157
v 9.239931106567383 1.053307294845581 0.8834933042526245
v 8.844695091247559 1.6889467239379883 0.9149773716926575
v 9.366490364074707 1.1518034934997559 0.30307525396347046
v 10.361369132995605 0.3622400164604187 -0.28175973892211914
v 10.29464054107666 0.3116828501224518 0.004089787602424622
v 9.869424819946289 0.7463136911392212 -0.026433229446411133
v 10.493563652038574 0.7026135325431824 -0.9441582560539246
v 10.0482759475708 1.163814902305603 -1.0036442279815674
v 9.494787216186523 1.3187084197998047 -0.3199041783809662
v 9.430397033691406 1.1932331323623657 -0.014530755579471588
v 9.07105827331543 1.9629275798797607 -0.365348756313324
v 9.000381469726562 1.7525722980499268 0.07788911461830139
v 8.40365219116211 2.040684938430786 0.852048397064209
v 7.931579113006592 2.438121795654297 0.7734671831130981
v 8.469804763793945 2.1682679653167725 0.2097749263048172
v 8.002062797546387 2.487295150756836 0.39268410205841064
v 7.450507164001465 2.7641732692718506 0.672271192073822
v 6.917232990264893 3.111415386199951 0.5074249505996704
v 7.5390825271606445 2.8640530109405518 0.005940347909927368
v 8.613245010375977 2.396089553833008 -0.5068261027336121
v 4.399049758911133 3.7990400791168213 1.4722009897232056
v 2.3488898277282715 3.7699460983276367 0.7860088348388672
v 3.340062379837036 3.7871429920196533 1.1154857873916626
v 3.3528800010681152 4.273809909820557 -0.34495681524276733
v 2.5943045616149902 4.218461990356445 -0.6961106657981873
v 3.6170902252197266 4.250075817108154 -0.20266401767730713
v 3.173830509185791 3.1719894409179688 -4.146527290344238
v 5.846798419952393 3.6778435707092285 0.07869449257850647
v 5.749876976013184 3.5706043243408203 0.6706722378730774
v 6.959529876708984 3.356840133666992 -0.37801533937454224
v 6.475489139556885 3.6385059356689453 -0.5837302207946777
v 6.226102828979492 3.4710700511932373 0.26253098249435425
v 4.779027462005615 4.289708137512207 -0.572561502456665
v 4.6713995933532715 4.03363037109375 0.35929614305496216
v 5.200283050537109 3.8523659706115723 0.5312102437019348
v 5.888466835021973 4.136838912963867 -1.0351060628890991
v 5.403738975524902 4.32526159286499 -1.2413747310638428
v 5.254318714141846 4.15927791595459 -0.4233577251434326
v 6.1748785972595215 3.7825160026550293 -2.7349181175231934
v 5.481100559234619 4.02669620513916 -2.2245686054229736
v 4.934099197387695 3.844906806945801 -2.5610671043395996
v 5.074278831481934 3.5202298164367676 -3.3477468490600586
v 5.525911331176758 3.6112208366394043 -3.203890085220337
v 6.558753490447998 3.933542013168335 -1.539101481437683
v 6.012168884277344 4.112191200256348 -1.9028736352920532
v 4.014773845672607 4.386959552764893 -1.015616774559021
v 3.7270069122314453 4.292657852172852 -1.1670438051223755
v 3.674504518508911 4.388209819793701 -0.6827618479728699
v 4.808948993682861 4.161843776702881 -1.7066714763641357
v 4.335246562957764 4.10265588760376 -1.877733826637268
v 4.282884120941162 4.310815811157227 -1.258792757987976
v 3.8225388526916504 4.026472568511963 -2.1273586750030518
v 3.100020408630371 4.29865026473999 -0.47161588072776794
v 3.2163994312286377 4.139715671539307 -1.4045552015304565
v 3.3192577362060547 3.8859283924102783 -2.326606273651123
v 2.8487937450408936 3.8181986808776855 -2.454972982406616
v 2.7774524688720703 3.956712007522583 -1.9593838453292847
v 4.142788887023926 4.190626621246338 0.10459418594837189
v 4.261320114135742 3.7155404090881348 -2.8974995613098145
v 3.879225254058838 3.8390564918518066 -2.6827542781829834
v 4.497592926025391 3.3534467220306396 -3.7070817947387695
v 4.011843204498291 3.3118155002593994 -3.906766176223755
v 3.4325814247131348 3.575029134750366 -3.202676773071289
v 2.961251735687256 3.505256414413452 -3.326934814453125
v -0.16435767710208893 3.9507877826690674 -0.2202291190624237
v -0.5140331387519836 3.8710618019104004 -0.4517248272895813
v -1.3514686822891235 3.7684452533721924 -0.9974313974380493
v -0.2097862809896469 4.10764217376709 -1.7383071184158325
v -0.9873347282409668 3.9084365367889404 -1.474678874015808
v -1.1980172395706177 3.9107654094696045 -1.5948148965835571
v -0.3523472547531128 3.9865386486053467 -1.0875120162963867
v -0.9872452616691589 3.7927353382110596 -0.7651875019073486
v -0.7686682343482971 3.922041416168213 -1.3448452949523926
v -0.9482991695404053 4.062867641448975 -2.1472349166870117
v -0.6311500668525696 4.064260005950928 -1.9743931293487549
v 1.2719558477401733 3.819912910461426 0.45618316531181335
v 0.2848908007144928 3.926889181137085 0.07110148668289185
v 0.6388235688209534 4.212640285491943 -1.3186814785003662
v 2.5585179328918457 3.268982410430908 -3.936225652694702
v 2.147817373275757 3.136894464492798 -4.384833812713623
v 2.0674960613250732 3.3930487632751465 -3.793741226196289
v 1.5618022680282593 3.5754177570343018 -3.6359140872955322
v 1.059058666229248 3.8119733333587646 -3.3710930347442627
v 1.6893607378005981 3.1919071674346924 -4.480637073516846
v 1.2315572500228882 3.3018391132354736 -4.565937042236328
v -0.08878027647733688 4.185000419616699 -2.419748067855835
v 0.5227764844894409 4.08662748336792 -2.844548463821411
v 0.010497919283807278 4.158949851989746 -3.14306902885437
v -0.9115362167358398 4.221901893615723 -2.8124196529388428
v -0.5161686539649963 4.189471244812012 -2.624556303024292
v -0.8379219770431519 4.30943489074707 -3.464311122894287
v -0.4228506088256836 4.227689743041992 -3.3037216663360596
v 0.6395583748817444 3.808213710784912 -3.8145344257354736
v 0.16097724437713623 3.977449893951416 -3.91275954246521
v 0.7726362347602844 3.474813938140869 -4.637338638305664
v 0.30781781673431396 3.706575393676758 -4.6977996826171875
v -0.6781736612319946 4.321943759918213 -4.103928565979004
v -0.32710349559783936 4.180507183074951 -4.015520095825195
v -0.6623711585998535 4.221241474151611 -4.84784460067749
v 2.387860059738159 4.024600982666016 -1.6800342798233032
v 1.64776611328125 4.167437553405762 -1.00762140750885
v 1.775107979774475 4.047575950622559 -1.8248871564865112
v 2.0998334884643555 4.1659650802612305 -0.876276433467865
v 2.380556344985962 3.8050830364227295 -2.5657641887664795
v 1.916351556777954 3.8352322578430176 -2.663935661315918
v 0.977121114730835 3.9771506786346436 -2.8698136806488037
v 2.4968249797821045 3.4844558238983154 -3.435115098953247
v 1.4489558935165405 3.8919782638549805 -2.7650346755981445
v 0.8190131187438965 4.15380859375 -2.0670790672302246
v 0.13251592218875885 4.168618202209473 -1.54656982421875
v 0.22088487446308136 4.20294189453125 -2.2705957889556885
v 5.103982925415039 -0.8789135217666626 -8.892976760864258
v 4.275811672210693 -0.28441566228866577 -9.44847297668457
v 5.486562252044678 -0.472042053937912 -8.4120454788208
v 4.641079425811768 -0.10886625945568085 -8.927604675292969
v 3.776007652282715 -0.21045811474323273 -9.625019073486328
v 3.556701898574829 -0.09076955914497375 -9.608504295349121
v 3.797206163406372 0.08815687149763107 -9.302689552307129
v 2.837237596511841 0.22245870530605316 -9.769370079040527
v 2.945729970932007 0.30364176630973816 -9.608644485473633
v 5.81215763092041 0.05569048970937729 -7.936495780944824
v 4.940112590789795 0.23067140579223633 -8.389650344848633
v 6.044680118560791 0.7023667693138123 -7.326779842376709
v 4.202840328216553 1.1419074535369873 -8.297911643981934
v 3.8563358783721924 1.1610089540481567 -8.396737098693848
v 3.4064977169036865 1.2103815078735352 -8.531577110290527
v 3.225693941116333 0.6889851689338684 -9.10539436340332
v 5.069311141967773 0.49957701563835144 -8.112180709838867
v 4.510084629058838 0.3507627546787262 -8.622371673583984
v 4.637609481811523 0.6114339232444763 -8.34365463256836
v 4.200864315032959 0.7862643003463745 -8.592789649963379
v 4.7402119636535645 0.9337337017059326 -7.996946334838867
v 4.0144805908203125 0.49359625577926636 -8.855870246887207
v 3.764155387878418 0.8414111733436584 -8.716609001159668
v 3.3279757499694824 0.9368515610694885 -8.850580215454102
v 3.6464731693267822 0.557012677192688 -8.969103813171387
v 2.1228814125061035 0.7724699378013611 -10.025530815124512
v -0.5586937665939331 3.2135119438171387 -10.812798500061035
v 2.9719338417053223 1.3632365465164185 -8.59912395477295
v 2.5298140048980713 1.5325247049331665 -8.716083526611328
v 2.0886805057525635 1.7308003902435303 -8.933622360229492
v 1.66167151927948 2.051121950149536 -9.034625053405762
v 3.0874152183532715 0.4578675925731659 -9.373396873474121
v 2.526205062866211 0.4975253641605377 -9.801614761352539
v 2.6642215251922607 0.6401147842407227 -9.557799339294434
v 2.2522032260894775 0.912532389163971 -9.782244682312012
v 2.810804843902588 0.8835213780403137 -9.254948616027832
v 2.406111240386963 1.1571509838104248 -9.405890464782715
v 1.846061110496521 1.2762178182601929 -10.020246505737305
v 1.4108762741088867 1.68991219997406 -10.29745864868164
v 1.9601874351501465 1.4282716512680054 -9.71982479095459
v 1.5487306118011475 1.8456227779388428 -9.912981033325195
v 2.895261764526367 1.0865492820739746 -9.00193977355957
v 2.4681694507598877 1.3026247024536133 -9.169466018676758
v 2.0057384967803955 1.5068261623382568 -9.545723915100098
v 2.0459461212158203 1.593106985092163 -9.340987205505371
v 1.6013286113739014 1.919061541557312 -9.661530494689941
v 1.2339528799057007 2.4084739685058594 -9.095258712768555
v 0.7941942811012268 2.7677412033081055 -9.127674102783203
v 0.33184412121772766 3.14505934715271 -9.157516479492188
v -0.16568343341350555 3.5141794681549072 -9.211709022521973
v -0.15680038928985596 3.4914495944976807 -8.825242042541504
v 1.0119569301605225 2.186075210571289 -10.4061918258667
v 0.5633039474487305 2.5930233001708984 -10.497087478637695
v 1.128223180770874 2.2866156101226807 -10.046490669250488
v 0.6898828744888306 2.6975138187408447 -10.10212230682373
v 0.050877645611763 2.949394702911377 -10.616900444030762
v 0.11444827169179916 2.999026298522949 -10.45928955078125
v -0.37529507279396057 3.3555591106414795 -10.383556365966797
v 0.22712402045726776 3.0917904376983643 -10.081306457519531
v 1.1852483749389648 2.340324640274048 -9.738344192504883
v 0.7548908591270447 2.7446136474609375 -9.718262672424316
v 0.2696700692176819 3.120868682861328 -9.854257583618164
v 0.3033802807331085 3.1437795162200928 -9.603957176208496
v -0.18643781542778015 3.5072848796844482 -9.479393005371094
v 5.65704345703125 2.8001716136932373 -4.856518745422363
v 5.163633346557617 2.7022864818573 -5.0673394203186035
v 5.122016429901123 2.8590450286865234 -4.729537010192871
v 6.9855804443359375 2.5218210220336914 -4.902402400970459
v 6.671440601348877 2.588757038116455 -4.920279502868652
v 6.167385101318359 2.409668207168579 -5.393026351928711
v 6.159382343292236 2.7224576473236084 -4.926998615264893
v 6.6482343673706055 2.050092935562134 -5.604036808013916
v 6.166352272033691 1.8797529935836792 -6.088466167449951
v 6.169720649719238 2.153815746307373 -5.742397785186768
v 5.720323085784912 1.8933011293411255 -6.301991939544678
v 5.6929707527160645 2.35660457611084 -5.613255023956299
v 5.289313793182373 1.9298617839813232 -6.475485801696777
v 5.257117748260498 2.2284131050109863 -5.978956699371338
v 4.451745510101318 2.973306179046631 -4.566686153411865
v 4.091484069824219 3.0612399578094482 -4.4874491691589355
v 4.70263671875 2.68501877784729 -5.24547004699707
v 4.25108003616333 2.729562759399414 -5.418720722198486
v 3.6626155376434326 2.9585607051849365 -4.829812049865723
v 3.5759530067443848 3.136259078979492 -4.312509059906006
v 3.2011325359344482 2.8919169902801514 -4.942531585693359
v 3.7987148761749268 2.746359348297119 -5.561069965362549
v 3.3389108180999756 2.6840319633483887 -5.675233840942383
v 4.861891746520996 2.017230987548828 -6.660628795623779
v 4.800487518310547 2.377671718597412 -5.957834243774414
v 4.427431106567383 2.141028881072998 -6.8597540855407715
v 4.381585597991943 2.395113468170166 -6.314614772796631
v 3.5361759662628174 2.483943462371826 -6.348787307739258
v 3.9783852100372314 2.204434394836426 -7.026721000671387
v 3.9245386123657227 2.4794485569000244 -6.387033462524414
v 3.5173635482788086 2.029655933380127 -7.397697925567627
v 6.643219470977783 3.4124948978424072 -3.447446584701538
v 6.6093645095825195 3.722837209701538 -2.715331792831421
v 7.198683261871338 2.9990384578704834 -4.12315034866333
v 6.673290729522705 2.9999639987945557 -4.295303821563721
v 6.150014400482178 2.911094903945923 -4.6176652908325195
v 6.112695693969727 3.3304944038391113 -3.8280575275421143
v 5.585387229919434 3.211559295654297 -4.071486473083496
v 5.553289413452148 3.4368326663970947 -3.614229917526245
v 5.077132701873779 3.0615346431732178 -4.307696342468262
v 6.591578960418701 1.2763617038726807 -6.426096439361572
v 6.615601062774658 1.5278351306915283 -6.176571369171143
v 6.1365556716918945 1.3168363571166992 -6.7176737785339355
v 6.158451557159424 1.6152219772338867 -6.398751735687256
v 6.500608921051025 0.6559320092201233 -7.015386581420898
v 6.564409255981445 1.0415019989013672 -6.652879238128662
v 6.116002082824707 1.1266710758209229 -6.911695957183838
v 5.698480129241943 1.3638931512832642 -6.948430061340332
v 5.718989372253418 1.6625862121582031 -6.60186767578125
v 5.271008014678955 1.4178441762924194 -7.137388229370117
v 5.29109001159668 1.6938356161117554 -6.806061744689941
v 5.761402130126953 0.7707129120826721 -7.506222724914551
v 5.678457260131836 1.1854934692382812 -7.144029140472412
v 5.1724934577941895 0.8297392129898071 -7.771056175231934
v 5.247996807098389 1.2265944480895996 -7.351849555969238
v 4.844429969787598 1.521324872970581 -7.347004413604736
v 4.865075588226318 1.7710598707199097 -7.03439998626709
v 4.409389495849609 1.6653188467025757 -7.574926376342773
v 4.430899143218994 1.906527042388916 -7.250533580780029
v 4.818008899688721 1.3180197477340698 -7.5833210945129395
v 4.382650375366211 1.4705981016159058 -7.817671775817871
v 3.982166290283203 2.0065054893493652 -7.374027252197266
v 3.488292932510376 1.6643980741500854 -7.955217361450195
v 3.947498321533203 1.6505489349365234 -7.85538911819458
v 2.7374629974365234 2.842585563659668 -5.0598530769348145
v 2.2739155292510986 2.8247172832489014 -5.175508499145508
v 2.8719053268432617 2.620614767074585 -5.800906181335449
v 1.812286138534546 2.8525445461273193 -5.2827982902526855
v 2.2976982593536377 2.570970058441162 -5.9577412605285645
v 1.8952580690383911 2.6541459560394287 -5.804411888122559
v 1.472995400428772 2.6348822116851807 -6.14740514755249
v 1.3986949920654297 2.8276515007019043 -5.657557487487793
v 2.8189733028411865 2.0827555656433105 -7.359372615814209
v 2.5573689937591553 2.092766523361206 -7.383880138397217
v 2.0716280937194824 2.194443464279175 -7.276699542999268
v 1.6313525438308716 2.2450387477874756 -7.659564018249512
v 1.598703145980835 2.318834066390991 -7.233577251434326
v 2.9813504219055176 2.390791654586792 -6.544439315795898
v 2.934539556503296 2.50370454788208 -6.192076206207275
v 2.504507303237915 2.3368446826934814 -6.682131767272949
v 2.0300421714782715 2.324739694595337 -6.811519145965576
v 0.7135099172592163 3.2223944664001465 -5.453866958618164
v 0.4186931252479553 3.4565911293029785 -5.3229899406433105
v 1.018669605255127 2.787820816040039 -6.2097907066345215
v 0.5633902549743652 3.0336081981658936 -6.242511749267578
v -0.025734107941389084 3.6937031745910645 -5.511394500732422
v -0.14284254610538483 3.9427363872528076 -4.88401985168457
v -0.5154638886451721 3.9558053016662598 -5.578805446624756
v 0.0960574597120285 3.3001556396484375 -6.271411418914795
v 1.184438705444336 2.4614531993865967 -7.718384265899658
v 1.1373956203460693 2.49664568901062 -7.194951057434082
v 0.7350850701332092 2.6813480854034424 -7.743019104003906
v 0.6715651154518127 2.6871190071105957 -7.107617378234863
v 0.40139222145080566 2.8025879859924316 -7.018376350402832
v -0.2891838848590851 3.3023133277893066 -7.0630364418029785
v -0.3517134189605713 3.4854583740234375 -6.592262268066406
v 0.2727915644645691 2.9565045833587646 -7.759284496307373
v 2.7110676765441895 1.7557634115219116 -8.11214542388916
v 3.0261945724487305 1.7208456993103027 -8.020551681518555
v 2.1075761318206787 1.9497175216674805 -8.175603866577148
v 1.6597520112991333 2.1714165210723877 -8.226602554321289
v 1.2226486206054688 2.442354440689087 -8.344809532165527
v 0.7773218154907227 2.729226589202881 -8.34630012512207
v 0.3235371708869934 3.0794272422790527 -8.466898918151855
v 0.30451372265815735 3.027632713317871 -8.13831615447998
v -0.16282328963279724 3.4538116455078125 -8.499232292175293
v -5.768069744110107 2.214695692062378 -4.8692803382873535
v -6.107715606689453 2.0852181911468506 -5.133802890777588
v -4.88881778717041 2.5694594383239746 -4.171818256378174
v -5.645218849182129 2.435702323913574 -6.036960124969482
v -5.849568843841553 2.3794875144958496 -6.196784019470215
v -4.791106224060059 2.674297571182251 -5.3647260665893555
v -3.2968249320983887 3.397761344909668 -2.585232973098755
v -3.0937209129333496 3.69352126121521 -3.551521062850952
v -4.035528182983398 3.0000803470611572 -3.354551076889038
v -4.519057750701904 2.7408108711242676 -3.8324222564697266
v -3.956052780151367 3.1135597229003906 -4.600861072540283
v -4.309689998626709 2.9008679389953613 -4.939748764038086
v -5.681174278259277 2.7956106662750244 -7.228246688842773
v -4.80071496963501 2.988527536392212 -6.569178104400635
v -5.631129264831543 3.0584027767181396 -7.734408378601074
v -5.391252040863037 3.3813557624816895 -8.076425552368164
v -5.602612018585205 3.337834358215332 -8.241721153259277
v -5.135693073272705 2.909609794616699 -6.82234525680542
v -5.081334590911865 3.1463375091552734 -7.322854518890381
v -4.839142799377441 3.1935715675354004 -7.138760566711426
v -5.011908054351807 3.445314645767212 -7.789610385894775
v -4.612078666687012 3.5202455520629883 -7.486504554748535
v -4.808229923248291 3.480422019958496 -7.63654899597168
v -3.887375593185425 3.3620872497558594 -5.774302005767822
v -4.178927898406982 3.2044665813446045 -6.049228668212891
v -3.5411839485168457 3.4198009967803955 -4.1685261726379395
v -3.589468002319336 3.4715652465820312 -4.866158962249756
v -3.918977737426758 3.2216975688934326 -5.204301357269287
v -3.531863212585449 3.611112594604492 -5.4095330238342285
v -3.852487802505493 3.545701503753662 -6.30574893951416
v -4.258278846740723 3.351322889328003 -6.674927711486816
v -3.792271137237549 3.804283857345581 -6.799957275390625
v -4.19730806350708 3.622100591659546 -7.160513877868652
v -3.4495928287506104 3.8242387771606445 -5.895950794219971
v -3.4587562084198 4.029536724090576 -6.4700703620910645
v -5.926804542541504 2.7511484622955322 -7.409248352050781
v -5.852973937988281 3.0365405082702637 -7.896803855895996
v -2.5903079509735107 3.3982813358306885 -0.7139860391616821
v -2.165545701980591 3.2831156253814697 -0.23348215222358704
v -2.5084776878356934 3.534355878829956 -1.1746673583984375
v -1.9064995050430298 3.6516664028167725 -0.9158282279968262
v -2.2612111568450928 3.7197182178497314 -1.6296446323394775
v -2.921623706817627 3.4384326934814453 -1.5514600276947021
v -3.141648769378662 3.3691320419311523 -1.7665901184082031
v -2.5798685550689697 3.663926839828491 -1.8922911882400513
v -1.5283037424087524 3.6296544075012207 -0.4262802004814148
v -1.8891370296478271 3.747488260269165 -1.356606364250183
v -1.8689202070236206 3.9034383296966553 -2.0182578563690186
v -2.1237051486968994 3.887418746948242 -2.1968181133270264
v -1.8484522104263306 4.079322814941406 -2.677767515182495
v -2.6301558017730713 3.783569574356079 -2.606734275817871
v -3.1101415157318115 3.593158721923828 -3.056414842605591
v -2.5374884605407715 3.934671401977539 -3.1203370094299316
v -1.6479369401931763 3.913374185562134 -1.8694499731063843
v -1.5275253057479858 4.092922687530518 -2.4696900844573975
v -1.8222931623458862 4.245421409606934 -3.3214612007141113
v -1.7816743850708008 4.377059459686279 -3.941006898880005
v -2.996100664138794 3.9021902084350586 -4.25167179107666
v -2.444772243499756 4.121906280517578 -3.7806317806243896
v -3.0333540439605713 3.96191668510437 -4.901695251464844
v -2.4243576526641846 4.211660385131836 -4.396918773651123
v -1.4302237033843994 4.263883590698242 -3.0782151222229004
v -1.3531945943832397 4.389638900756836 -3.694253444671631
v -1.711870551109314 4.462935447692871 -4.536746025085449
v -1.638418197631836 4.5034565925598145 -5.161516189575195
v -2.9980032444000244 4.121546268463135 -5.452395915985107
v -2.3773374557495117 4.34019136428833 -4.967106342315674
v -2.8958582878112793 4.387032508850098 -5.93596887588501
v -2.343615770339966 4.536306381225586 -5.5316481590271
v -1.2931710481643677 4.467285633087158 -4.322287082672119
v -1.18186354637146 4.3981804847717285 -4.9881391525268555
v -5.2725443840026855 3.7422471046447754 -8.508072853088379
v -5.425820350646973 4.0452165603637695 -9.184260368347168
v -5.658276557922363 3.9699153900146484 -9.393486976623535
v -5.604300498962402 3.6593096256256104 -8.780322074890137
v -5.105588436126709 4.136434555053711 -8.913435935974121
v -4.508383274078369 3.8761959075927734 -7.929965496063232
v -4.7952704429626465 3.8267369270324707 -8.14489459991455
v -4.799864292144775 4.07248592376709 -8.508212089538574
v -4.342144012451172 4.242938995361328 -8.3478422164917
v -5.185878276824951 4.41929817199707 -9.569849014282227
v -4.933736324310303 4.70621395111084 -9.971492767333984
v -4.538159370422363 4.781147480010986 -9.681761741638184
v -4.116700649261475 4.522507190704346 -8.744162559509277
v -4.118697166442871 4.6668219566345215 -9.431408882141113
v -3.6157474517822266 4.532670497894287 -9.185225486755371
v -4.504558563232422 4.548389434814453 -9.028855323791504
v -4.854778289794922 4.5086588859558105 -9.316681861877441
v -2.808044672012329 4.571653366088867 -6.423393249511719
v -2.421234369277954 4.570408821105957 -6.98841667175293
v -2.6745898723602295 4.553668975830078 -7.14744758605957
v -2.58010196685791 4.505923748016357 -7.84682559967041
v -2.596153497695923 4.4365410804748535 -8.64055347442627
v -1.3527618646621704 4.212635040283203 -8.01168155670166
v -1.9803372621536255 4.46046257019043 -7.512665748596191
v -4.09290075302124 3.955077648162842 -7.6099042892456055
v -3.6824214458465576 4.132117748260498 -7.261435031890869
v -4.0080132484436035 4.2885613441467285 -8.10668659210205
v -3.278094530105591 4.404804229736328 -6.866436958312988
v -2.9861204624176025 4.515869140625 -7.354456424713135
v -3.587249517440796 4.460364818572998 -8.477677345275879
v -3.0996086597442627 4.474374294281006 -8.173726081848145
v -3.349358081817627 4.454881191253662 -8.334083557128906
v -3.394102096557617 4.439981460571289 -7.74529504776001
v -3.12534499168396 4.457540988922119 -8.921382904052734
v -3.348606586456299 4.483758926391602 -9.04334831237793
v -3.3431849479675293 4.4635138511657715 -8.721691131591797
v -2.4175591468811035 4.277375221252441 -10.017269134521484
v -2.7762041091918945 4.412494659423828 -10.17343521118164
v -2.716472625732422 4.375497817993164 -9.840731620788574
v -1.5386016368865967 3.6498641967773438 -11.201481819152832
v -2.0041677951812744 3.933265209197998 -11.415924072265625
v -1.8272178173065186 3.861571788787842 -11.134726524353027
v -2.6311352252960205 4.363787651062012 -10.85559368133545
v -3.0633902549743652 4.5923171043396 -11.076904296875
v -2.9177961349487305 4.520259857177734 -10.730765342712402
v -2.5058796405792236 4.2887187004089355 -11.314214706420898
v -2.3590686321258545 4.216878414154053 -10.964838027954102
v -1.2257850170135498 3.505075693130493 -11.065596580505371
v -0.9953615665435791 3.409135580062866 -10.971181869506836
v -1.6820030212402344 3.858273983001709 -10.796860694885254
v -1.0191419124603271 3.5839104652404785 -10.606732368469238
v -2.1814796924591064 4.156106948852539 -10.612432479858398
v -2.1146061420440674 4.168110370635986 -10.180166244506836
v -4.2271647453308105 4.839752197265625 -10.202423095703125
v -4.098679065704346 4.786954402923584 -10.02323055267334
v -3.826768636703491 4.847081184387207 -10.708388328552246
v -3.5619425773620605 4.743129253387451 -10.554668426513672
v -4.3507208824157715 4.888117790222168 -10.371590614318848
v -3.0671780109405518 4.4531402587890625 -9.607035636901855
v -3.4959287643432617 4.602600574493408 -9.888202667236328
v -3.3702950477600098 4.506977558135986 -9.384204864501953
v -1.3361748456954956 4.040720462799072 -9.538314819335938
v -2.6567211151123047 4.368600368499756 -9.404704093933105
v -2.04614520072937 4.177732944488525 -9.852851867675781
v -0.6643844842910767 3.8216946125030518 -8.573677062988281
v -0.6225019693374634 3.7774500846862793 -9.304924011230469
v -1.2735387086868286 4.139099597930908 -8.844486236572266
v -1.9872876405715942 4.301272392272949 -9.064176559448242
v -2.0827887058258057 4.418158054351807 -8.334565162658691
v -1.5683592557907104 3.898610830307007 -10.400494575500488
v -1.437662124633789 3.9533276557922363 -10.016834259033203
v -0.3094445765018463 3.4778504371643066 -9.96792984008789
v -0.9408453106880188 3.705322265625 -10.164205551147461
v -0.7848539352416992 3.7646048069000244 -9.802267074584961
v -1.5760093927383423 4.420200347900391 -5.867249965667725
v -0.6294945478439331 3.776205539703369 -6.357256889343262
v -0.9028397798538208 3.962953567504883 -6.411044120788574
v -0.9762549996376038 4.102952480316162 -5.984894752502441
v -1.4446591138839722 4.286849498748779 -6.556854724884033
v -2.1589269638061523 4.557234764099121 -6.122278690338135
v -2.2359366416931152 4.573276996612549 -5.8061323165893555
v -1.6940569877624512 4.400208950042725 -6.644694805145264
v -2.027533531188965 4.508435249328613 -6.785867691040039
v -1.3742201328277588 4.217350006103516 -7.013246059417725
v -0.7995344996452332 3.776460647583008 -7.134435176849365
v -0.3042960464954376 3.4256205558776855 -7.866839408874512
v -0.7494165301322937 3.7563557624816895 -7.571355819702148
v 5.305865287780762 3.062730550765991 2.3189921379089355
v 5.830560207366943 2.7946009635925293 2.5060861110687256
v 5.461709976196289 3.197755813598633 1.8031659126281738
v 5.872570514678955 2.982858180999756 1.9564332962036133
v 4.770305633544922 3.3225011825561523 2.1188836097717285
v 4.42777681350708 3.450512409210205 2.0003890991210938
v 4.931490898132324 3.4712281227111816 1.605724811553955
v 6.280684947967529 2.9885849952697754 1.5130845308303833
v 6.058191776275635 2.989654541015625 1.7442671060562134
v 5.603023052215576 3.326737642288208 1.2641164064407349
v 6.272457599639893 3.26812744140625 0.920639157295227
v 5.0322957038879395 3.6222496032714844 1.2569363117218018
v 3.449340343475342 -0.13747607171535492 -9.752325057983398
v 2.6226563453674316 0.14766111969947815 -10.109240531921387
v 1.8019728660583496 0.6561370491981506 -10.543472290039062
v 0.9859516024589539 1.4617334604263306 -11.01097583770752
v 1.9671629667282104 0.7001160979270935 -10.288064956665039
v 1.3971432447433472 1.030017614364624 -10.788008689880371
v 1.5641272068023682 1.0811845064163208 -10.541123390197754
v 1.1565115451812744 1.5304526090621948 -10.773503303527832
v 1.769778847694397 1.196769118309021 -10.168618202209473
v 1.3063232898712158 1.6102544069290161 -10.516071319580078
v 0.12206844985485077 2.4030158519744873 -11.306607246398926
v -0.08991343528032303 2.3561344146728516 -11.596506118774414
v -0.5141452550888062 2.793064832687378 -11.617626190185547
v -0.9860599637031555 3.18501877784729 -11.617149353027344
v -0.337513267993927 2.7959558963775635 -11.344472885131836
v -0.8179189562797546 3.1598546504974365 -11.322530746459961
v 0.5620258450508118 1.92825448513031 -11.188738822937012
v 0.7340269088745117 2.010040760040283 -10.950296401977539
v 0.2921021580696106 2.4565670490264893 -11.049216270446777
v 0.8857313394546509 2.0995256900787354 -10.688666343688965
v 0.44395965337753296 2.5219645500183105 -10.77069091796875
v -0.17292915284633636 2.8341517448425293 -11.068713188171387
v -0.6605542302131653 3.177257537841797 -11.025118827819824
v -0.022739747539162636 2.8992631435394287 -10.776632308959961
v -1.474238395690918 3.5632596015930176 -11.567639350891113
f 5 7 6
f 4 6 7
f 7 2 4
f 6 4 3
f 8 9 10
f 9 724 11
f 11 12 10
f 10 9 11
f 14 1544 13
f 15 17 16
f 13 19 18
f 15 18 19
f 19 8 17
f 19 17 15
f 16 20 21
f 21 15 16
f 20 16 1
f 14 13 18
f 14 18 21
f 14 21 20
f 15 21 18
f 13 22 23
f 22 2 24
f 24 724 23
f 23 22 24
f 3 4 22
f 3 22 1544
f 22 13 1544
f 22 4 2
f 23 9 19
f 19 13 23
f 8 19 9
f 724 9 23
f 28 30 29
f 26 29 30
f 27 30 25
f 30 27 26
f 32 31 33
f 34 36 35
f 37 39 38
f 40 34 37
f 34 35 39
f 34 39 37
f 41 43 42
f 42 43 26
f 42 26 27
f 31 42 27
f 29 35 36
f 36 28 29
f 41 35 29
f 29 43 41
f 26 43 29
f 42 38 39
f 39 41 42
f 38 42 32
f 31 32 42
f 41 39 35
f 44 46 45
f 47 49 48
f 50 52 51
f 50 45 46
f 50 46 47
f 48 52 50
f 48 50 47
f 57 48 49
f 49 53 57
f 57 53 54
f 57 54 58
f 59 51 52
f 52 57 59
f 60 59 57
f 57 58 60
f 57 52 48
f 61 58 54
f 54 55 61
f 62 61 55
f 55 56 62
f 60 58 61
f 60 61 63
f 63 61 64
f 62 64 61
f 65 67 66
f 70 66 67
f 67 68 70
f 70 68 69
f 70 69 71
f 72 45 73
f 72 25 44
f 44 45 72
f 27 72 65
f 72 73 65
f 73 67 65
f 72 27 25
f 73 45 50
f 68 73 50
f 68 50 51
f 51 69 68
f 68 67 73
f 31 65 74
f 74 65 66
f 74 66 78
f 76 78 77
f 33 31 74
f 75 33 74
f 74 76 75
f 78 76 74
f 79 71 80
f 66 70 79
f 66 79 78
f 71 79 70
f 77 78 79
f 77 79 81
f 81 79 80
f 81 80 82
f 65 31 27
f 69 84 83
f 83 84 85
f 71 69 83
f 71 83 86
f 87 86 83
f 83 85 87
f 89 87 85
f 85 88 89
f 90 89 88
f 88 91 90
f 51 59 84
f 84 69 51
f 60 85 84
f 60 84 59
f 63 88 85
f 63 85 60
f 88 63 64
f 88 64 91
f 92 80 71
f 71 86 92
f 92 86 94
f 92 94 93
f 87 94 86
f 82 80 92
f 82 92 95
f 96 95 92
f 92 93 96
f 93 94 97
f 89 97 94
f 89 94 87
f 98 97 89
f 98 89 90
f 98 90 99
f 100 96 93
f 93 97 100
f 100 97 98
f 101 100 98
f 98 99 101
f 62 56 102
f 102 104 64
f 64 62 102
f 105 104 102
f 102 103 105
f 103 106 105
f 105 106 112
f 90 91 107
f 108 91 64
f 64 104 108
f 108 104 110
f 105 110 104
f 108 107 91
f 109 107 108
f 108 110 109
f 111 110 105
f 111 105 112
f 111 112 113
f 109 110 114
f 111 114 110
f 114 111 115
f 111 113 116
f 111 116 115
f 117 99 90
f 90 107 117
f 117 107 118
f 101 99 119
f 117 119 99
f 120 119 117
f 117 118 120
f 120 118 121
f 120 121 123
f 120 123 122
f 109 118 107
f 121 118 109
f 124 121 109
f 109 114 124
f 124 114 125
f 115 125 114
f 124 123 121
f 126 122 123
f 123 124 126
f 124 125 126
f 115 116 127
f 128 125 115
f 115 127 128
f 126 125 1858
f 1858 125 128
f 1858 128 1861
f 133 134 129
f 133 140 135
f 135 132 134
f 134 133 135
f 132 138 136
f 136 138 143
f 143 137 136
f 134 136 130
f 134 130 129
f 136 137 131
f 131 130 136
f 136 134 132
f 139 318 141
f 142 225 163
f 318 142 163
f 163 141 318
f 146 144 143
f 145 147 146
f 144 146 147
f 147 148 144
f 151 155 153
f 145 150 154
f 154 147 145
f 152 148 147
f 152 147 154
f 152 154 151
f 150 149 155
f 150 155 154
f 155 151 154
f 132 159 156
f 159 157 158
f 158 156 159
f 140 139 159
f 140 159 135
f 159 132 135
f 141 157 159
f 159 139 141
f 156 146 138
f 138 132 156
f 146 143 138
f 145 146 156
f 156 158 145
f 157 160 161
f 161 150 158
f 158 157 161
f 160 225 162
f 162 161 160
f 150 161 162
f 150 162 149
f 160 157 141
f 141 163 160
f 225 160 163
f 150 145 158
f 209 169 178
f 178 164 209
f 165 167 166
f 168 170 169
f 168 183 171
f 171 170 168
f 172 174 173
f 176 175 177
f 172 176 177
f 177 174 172
f 178 169 170
f 170 179 178
f 173 164 178
f 172 173 178
f 178 179 172
f 176 179 170
f 176 170 171
f 176 171 175
f 172 179 176
f 171 183 182
f 182 180 171
f 182 184 185
f 181 180 182
f 182 185 181
f 175 180 186
f 186 166 177
f 177 175 186
f 186 180 181
f 181 165 186
f 165 166 186
f 180 175 171
f 187 224 189
f 190 196 189
f 190 189 224
f 191 192 193
f 195 197 196
f 195 203 198
f 198 197 195
f 190 199 200
f 195 196 190
f 190 200 195
f 194 203 200
f 194 200 199
f 203 195 200
f 201 1127 205
f 194 201 205
f 198 203 202
f 202 191 198
f 202 1127 204
f 192 191 202
f 202 204 192
f 203 194 205
f 203 205 202
f 1127 202 205
f 206 208 207
f 142 209 210
f 226 225 142
f 210 211 226
f 226 142 210
f 209 164 236
f 236 212 210
f 236 210 209
f 207 211 210
f 207 210 212
f 207 212 206
f 149 227 213
f 227 214 215
f 215 213 227
f 216 188 153
f 216 153 155
f 216 217 218
f 188 216 218
f 188 218 187
f 216 155 149
f 216 149 213
f 217 216 213
f 213 215 217
f 219 220 221
f 214 207 222
f 222 219 215
f 215 214 222
f 207 208 223
f 207 223 222
f 220 219 222
f 222 223 220
f 217 219 224
f 224 218 217
f 224 187 218
f 221 190 224
f 224 219 221
f 217 215 219
f 162 225 226
f 226 227 162
f 227 149 162
f 211 214 227
f 227 226 211
f 207 214 211
f 228 230 229
f 229 230 231
f 206 229 231
f 231 208 206
f 166 233 228
f 233 234 230
f 233 230 228
f 233 166 167
f 167 235 233
f 234 233 235
f 234 235 232
f 234 201 231
f 231 230 234
f 201 234 232
f 173 174 237
f 236 173 237
f 237 229 212
f 212 236 237
f 177 228 237
f 237 174 177
f 228 229 237
f 236 164 173
f 206 212 229
f 166 228 177
f 194 221 220
f 231 194 220
f 220 223 231
f 223 208 231
f 199 190 221
f 199 221 194
f 201 194 231
f 244 239 238
f 241 246 242
f 243 245 244
f 239 244 245
f 245 241 239
f 243 240 246
f 246 245 243
f 246 241 245
f 248 250 249
f 248 330 251
f 251 250 248
f 290 252 253
f 253 240 290
f 249 242 246
f 248 249 246
f 246 240 253
f 246 253 248
f 252 247 338
f 338 330 253
f 338 253 252
f 330 248 253
f 254 256 255
f 258 273 257
f 254 1929 257
f 257 256 254
f 259 258 257
f 259 257 1929
f 267 263 260
f 261 238 25
f 261 263 244
f 244 238 261
f 260 261 30
f 260 30 28
f 25 30 261
f 263 261 260
f 262 264 263
f 265 240 264
f 265 264 262
f 266 268 267
f 267 268 262
f 267 262 263
f 266 273 265
f 265 268 266
f 262 268 265
f 244 263 264
f 264 243 244
f 243 264 240
f 34 269 260
f 260 36 34
f 270 267 269
f 260 269 267
f 255 269 40
f 34 40 269
f 269 255 256
f 256 270 269
f 28 36 260
f 270 257 266
f 266 267 270
f 266 257 273
f 270 256 257
f 272 274 273
f 275 271 274
f 275 274 272
f 276 277 271
f 276 362 247
f 247 277 276
f 275 278 276
f 276 271 275
f 279 362 278
f 276 278 362
f 258 281 272
f 272 273 258
f 280 282 281
f 272 281 282
f 282 275 272
f 283 281 259
f 258 259 281
f 283 284 280
f 280 281 283
f 286 370 285
f 287 278 282
f 287 282 280
f 275 282 278
f 287 370 279
f 279 278 287
f 284 285 287
f 287 280 284
f 287 285 370
f 288 289 265
f 290 240 265
f 265 289 290
f 288 271 252
f 252 289 288
f 290 289 252
f 265 273 274
f 274 288 265
f 288 274 271
f 252 271 277
f 252 277 247
f 291 293 292
f 295 294 291
f 294 299 293
f 294 293 291
f 309 296 295
f 297 298 296
f 297 296 309
f 302 300 299
f 301 303 302
f 300 302 303
f 303 140 300
f 294 295 296
f 296 302 294
f 302 299 294
f 301 302 296
f 296 298 301
f 307 306 295
f 304 307 295
f 295 305 304
f 238 308 44
f 305 44 308
f 308 304 305
f 44 305 46
f 308 238 239
f 239 306 307
f 239 307 308
f 304 308 307
f 47 305 291
f 291 292 49
f 291 49 47
f 295 291 305
f 47 46 305
f 306 241 309
f 309 295 306
f 242 297 309
f 309 241 242
f 306 239 241
f 299 312 310
f 312 129 311
f 312 311 310
f 292 293 310
f 53 292 310
f 310 311 54
f 310 54 53
f 299 310 293
f 130 313 311
f 129 130 311
f 131 314 313
f 131 313 130
f 313 55 54
f 313 54 311
f 56 55 313
f 56 313 314
f 312 299 300
f 300 133 312
f 129 312 133
f 140 133 300
f 53 49 292
f 316 249 250
f 250 315 316
f 297 249 316
f 316 298 297
f 301 316 317
f 317 303 301
f 140 303 317
f 140 317 139
f 315 318 317
f 317 316 315
f 318 139 317
f 301 298 316
f 315 250 251
f 315 251 142
f 318 315 142
f 297 242 249
f 238 44 25
f 319 321 320
f 324 323 247
f 324 325 322
f 322 323 324
f 329 320 322
f 327 326 319
f 327 319 320
f 329 327 320
f 328 329 325
f 322 325 329
f 367 326 327
f 328 367 327
f 327 329 328
f 339 331 330
f 331 333 332
f 332 334 331
f 333 331 339
f 331 334 209
f 331 209 251
f 331 251 330
f 337 335 334
f 336 169 335
f 336 335 337
f 332 320 337
f 337 334 332
f 337 320 321
f 321 336 337
f 209 334 335
f 169 209 335
f 338 323 339
f 339 330 338
f 333 323 322
f 322 332 333
f 323 333 339
f 338 247 323
f 320 332 322
f 351 341 321
f 351 321 319
f 351 346 340
f 340 341 351
f 343 344 342
f 346 345 342
f 346 342 340
f 343 342 345
f 345 347 343
f 350 351 326
f 319 326 351
f 352 346 351
f 352 351 350
f 367 348 350
f 350 326 367
f 350 348 349
f 350 349 352
f 353 354 349
f 355 354 353
f 356 345 346
f 352 356 346
f 356 357 347
f 347 345 356
f 352 349 354
f 352 354 356
f 357 356 354
f 354 355 357
f 336 341 358
f 169 336 358
f 169 358 168
f 340 183 358
f 340 358 341
f 183 168 358
f 341 336 321
f 183 340 342
f 183 342 182
f 184 182 342
f 342 344 184
f 361 363 362
f 362 363 324
f 362 324 247
f 364 325 363
f 364 363 361
f 324 363 325
f 279 371 361
f 361 362 279
f 360 359 364
f 360 364 361
f 360 361 371
f 366 367 365
f 368 365 359
f 368 379 366
f 366 365 368
f 364 365 328
f 328 325 364
f 328 365 367
f 364 359 365
f 369 371 370
f 372 359 360
f 372 360 371
f 372 371 369
f 373 369 370
f 286 373 370
f 373 1988 372
f 372 369 373
f 279 370 371
f 372 376 368
f 368 359 372
f 374 379 376
f 368 376 379
f 375 376 1988
f 372 1988 376
f 1 374 375
f 374 376 375
f 377 348 367
f 377 367 366
f 377 382 349
f 349 348 377
f 378 380 379
f 366 379 380
f 380 377 366
f 8 382 380
f 8 380 378
f 377 380 382
f 382 381 353
f 382 353 349
f 353 381 383
f 353 383 355
f 382 8 10
f 382 10 381
f 381 10 12
f 381 12 383
f 374 16 17
f 17 378 374
f 378 379 374
f 378 17 8
f 374 1 16
f 209 142 251
f 388 137 143
f 388 143 400
f 389 388 400
f 400 390 389
f 388 387 131
f 131 137 388
f 391 387 388
f 388 392 391
f 388 389 392
f 389 390 393
f 391 392 394
f 393 394 392
f 392 389 393
f 395 394 393
f 393 396 395
f 395 396 397
f 400 143 144
f 144 401 400
f 402 400 401
f 398 401 144
f 144 148 398
f 399 402 401
f 399 401 398
f 402 399 404
f 402 404 403
f 403 404 405
f 152 151 406
f 398 152 406
f 399 398 406
f 399 406 407
f 406 151 153
f 406 153 384
f 385 407 406
f 385 406 384
f 398 148 152
f 408 399 407
f 386 408 407
f 386 407 385
f 408 386 469
f 399 408 404
f 408 405 404
f 409 405 408
f 469 409 408
f 400 402 390
f 402 393 390
f 393 402 411
f 393 411 410
f 410 411 412
f 403 411 402
f 412 411 403
f 412 403 405
f 413 412 405
f 410 396 393
f 397 396 410
f 397 410 412
f 414 397 412
f 412 415 414
f 413 415 412
f 409 413 405
f 409 469 416
f 414 415 417
f 417 415 413
f 417 413 421
f 413 409 418
f 418 409 416
f 416 419 418
f 418 419 420
f 413 418 421
f 421 418 422
f 422 418 420
f 422 420 423
f 424 426 425
f 427 425 426
f 437 429 428
f 384 188 430
f 430 431 385
f 385 384 430
f 430 188 187
f 187 437 430
f 428 431 430
f 437 428 430
f 432 428 429
f 386 385 431
f 386 431 433
f 386 433 434
f 428 432 433
f 433 431 428
f 435 434 433
f 435 433 432
f 436 438 437
f 429 437 438
f 438 439 429
f 436 196 424
f 424 438 436
f 425 439 438
f 424 425 438
f 436 437 187
f 187 189 436
f 196 436 189
f 440 432 429
f 440 429 439
f 432 440 441
f 425 427 440
f 440 439 425
f 442 440 427
f 440 442 441
f 441 435 432
f 435 441 443
f 444 443 441
f 441 442 444
f 424 445 446
f 446 426 424
f 445 198 447
f 447 451 446
f 446 445 447
f 448 427 426
f 448 426 446
f 427 448 449
f 456 448 446
f 456 446 451
f 450 449 448
f 450 448 456
f 455 452 451
f 455 453 454
f 454 452 455
f 198 191 455
f 455 447 198
f 455 451 447
f 193 453 455
f 455 191 193
f 456 451 452
f 452 457 456
f 458 457 452
f 458 452 454
f 456 457 459
f 456 459 450
f 458 460 459
f 458 459 457
f 424 196 197
f 197 445 424
f 198 445 197
f 449 442 427
f 442 449 461
f 461 449 450
f 462 461 450
f 444 442 461
f 444 461 463
f 463 461 462
f 463 462 464
f 462 450 459
f 462 459 465
f 466 465 459
f 459 460 466
f 467 464 462
f 462 465 467
f 468 467 465
f 465 466 468
f 188 384 153
f 386 434 470
f 386 470 469
f 435 470 434
f 469 470 471
f 471 470 435
f 472 471 435
f 416 469 471
f 473 416 471
f 471 472 474
f 474 473 471
f 473 474 475
f 472 435 443
f 472 443 476
f 476 443 444
f 444 477 476
f 476 474 472
f 478 475 474
f 474 476 478
f 479 478 476
f 476 477 479
f 473 419 416
f 480 420 419
f 419 473 480
f 480 473 475
f 480 475 481
f 482 423 420
f 420 480 482
f 481 482 480
f 482 481 483
f 481 475 478
f 481 478 484
f 484 478 479
f 484 479 485
f 483 481 484
f 486 483 484
f 484 485 486
f 444 463 487
f 487 477 444
f 464 488 487
f 464 487 463
f 479 477 487
f 479 487 489
f 490 489 487
f 487 488 490
f 467 492 488
f 467 488 464
f 491 492 467
f 467 468 491
f 493 490 488
f 488 492 493
f 493 492 491
f 493 491 494
f 489 490 495
f 495 485 489
f 485 479 489
f 486 485 495
f 486 495 496
f 493 498 495
f 495 490 493
f 498 493 494
f 498 494 497
f 496 495 498
f 499 314 131
f 499 131 387
f 499 387 502
f 500 56 314
f 314 499 500
f 500 499 501
f 502 501 499
f 503 501 502
f 391 502 387
f 504 502 391
f 391 394 504
f 394 505 504
f 504 505 506
f 395 505 394
f 507 506 505
f 505 395 397
f 505 397 508
f 505 508 507
f 504 503 502
f 509 503 504
f 504 506 509
f 507 509 506
f 500 102 56
f 103 102 500
f 510 103 500
f 510 500 501
f 510 106 103
f 510 501 512
f 503 512 501
f 511 512 503
f 112 106 510
f 510 512 112
f 112 512 539
f 511 539 512
f 509 511 503
f 507 508 513
f 509 507 513
f 509 513 514
f 539 511 540
f 515 511 509
f 514 515 509
f 515 514 527
f 511 515 540
f 516 540 515
f 516 515 527
f 516 527 517
f 414 508 397
f 513 508 414
f 513 414 417
f 518 513 417
f 421 518 417
f 518 421 519
f 518 514 513
f 520 514 518
f 520 518 519
f 521 520 519
f 519 522 521
f 519 421 422
f 523 519 422
f 423 523 422
f 523 522 519
f 523 423 524
f 522 523 525
f 525 523 524
f 525 524 526
f 514 520 527
f 520 528 527
f 521 528 520
f 527 528 529
f 529 528 521
f 530 529 521
f 521 522 530
f 517 527 529
f 517 529 531
f 529 530 531
f 531 530 532
f 533 530 522
f 522 525 533
f 525 534 533
f 526 534 525
f 534 526 535
f 536 532 530
f 530 533 536
f 533 534 536
f 536 534 535
f 536 535 537
f 539 113 112
f 113 539 538
f 538 116 113
f 538 539 542
f 540 542 539
f 542 540 545
f 541 127 116
f 541 116 538
f 538 542 541
f 541 542 543
f 544 543 542
f 542 545 544
f 544 545 546
f 516 545 540
f 545 516 547
f 547 516 517
f 548 547 517
f 547 546 545
f 546 547 549
f 548 549 547
f 550 549 548
f 541 128 127
f 551 128 541
f 541 543 551
f 544 551 543
f 1861 128 551
f 551 544 546
f 551 546 553
f 552 1861 551
f 551 553 552
f 552 553 554
f 546 549 553
f 555 553 549
f 555 549 550
f 556 555 550
f 555 554 553
f 554 555 2196
f 555 556 2196
f 531 548 517
f 548 531 557
f 557 531 532
f 557 532 558
f 550 548 557
f 550 557 559
f 557 558 559
f 560 558 532
f 532 536 560
f 537 560 536
f 559 556 550
f 561 2196 556
f 559 558 562
f 568 562 558
f 568 558 560
f 563 568 560
f 560 537 563
f 556 559 564
f 564 559 562
f 564 562 565
f 561 556 564
f 561 564 566
f 566 564 565
f 567 566 565
f 565 562 568
f 565 568 569
f 569 568 563
f 563 570 569
f 569 567 565
f 567 569 571
f 572 571 569
f 569 570 572
f 573 526 524
f 524 423 482
f 573 524 482
f 482 483 573
f 573 483 486
f 573 486 574
f 575 537 535
f 535 526 573
f 575 535 573
f 573 576 575
f 574 580 576
f 574 576 573
f 577 574 486
f 486 496 577
f 577 496 498
f 578 577 498
f 498 497 578
f 580 574 577
f 580 577 579
f 581 579 577
f 577 578 581
f 579 582 580
f 581 584 582
f 582 579 581
f 584 581 583
f 583 585 584
f 588 563 537
f 588 537 575
f 588 575 576
f 588 576 586
f 594 586 576
f 594 576 580
f 594 580 587
f 563 588 589
f 589 570 563
f 570 589 590
f 586 589 588
f 591 590 589
f 589 586 591
f 572 570 590
f 572 590 592
f 592 590 591
f 592 591 593
f 594 595 586
f 591 586 595
f 591 595 596
f 587 597 595
f 587 595 594
f 596 595 597
f 598 593 591
f 591 596 598
f 599 598 596
f 596 597 599
f 587 580 582
f 587 582 600
f 600 582 584
f 601 599 597
f 597 587 600
f 597 600 601
f 585 601 600
f 600 584 585
f 601 585 602
f 603 605 604
f 608 609 606
f 609 611 607
f 609 607 606
f 611 613 612
f 612 613 614
f 610 612 614
f 607 615 603
f 615 610 605
f 615 605 603
f 612 615 607
f 611 612 607
f 610 615 612
f 616 618 617
f 619 621 620
f 622 624 623
f 625 627 626
f 628 626 622
f 628 617 618
f 628 618 625
f 626 628 625
f 626 627 619
f 626 619 620
f 626 620 624
f 626 624 622
f 640 630 629
f 640 632 631
f 631 630 640
f 636 629 635
f 634 637 616
f 618 637 635
f 637 618 616
f 637 634 633
f 633 636 637
f 635 637 636
f 639 640 636
f 640 629 636
f 641 640 639
f 632 640 641
f 639 636 633
f 639 633 638
f 642 641 639
f 642 639 638
f 643 645 644
f 646 648 647
f 629 643 646
f 646 643 644
f 644 648 646
f 649 651 650
f 644 645 603
f 644 603 649
f 603 604 651
f 603 651 649
f 619 647 648
f 619 648 649
f 650 621 619
f 649 650 619
f 649 648 644
f 630 606 643
f 606 607 645
f 606 645 643
f 606 630 631
f 631 608 606
f 643 629 630
f 603 645 607
f 635 646 625
f 646 647 627
f 646 627 625
f 646 635 629
f 625 618 635
f 619 627 647
f 652 653 853
f 652 656 654
f 654 655 653
f 653 652 654
f 878 657 656
f 878 658 659
f 659 657 878
f 654 656 657
f 657 660 654
f 660 661 655
f 655 654 660
f 659 662 660
f 660 657 659
f 662 667 661
f 661 660 662
f 664 663 659
f 659 658 664
f 665 666 663
f 664 665 663
f 671 668 667
f 671 669 670
f 670 668 671
f 663 671 662
f 662 659 663
f 671 667 662
f 669 671 663
f 669 663 666
f 2877 675 674
f 676 678 677
f 680 682 681
f 679 674 675
f 679 675 676
f 676 680 679
f 677 682 680
f 677 680 676
f 684 686 685
f 687 689 688
f 672 692 693
f 688 689 696
f 692 688 696
f 690 691 693
f 693 692 696
f 693 696 690
f 677 678 816
f 677 816 694
f 816 683 695
f 816 695 694
f 681 682 694
f 687 681 694
f 694 695 689
f 694 689 687
f 694 682 677
f 695 697 696
f 690 696 697
f 697 685 690
f 685 691 690
f 684 697 695
f 684 695 683
f 685 697 684
f 696 689 695
f 700 702 701
f 702 854 703
f 703 854 698
f 1310 703 698
f 698 699 1310
f 704 1310 705
f 701 702 703
f 701 703 704
f 703 1310 704
f 706 707 708
f 2 711 709
f 710 712 711
f 709 711 712
f 712 713 709
f 706 711 7
f 706 7 5
f 711 2 7
f 710 711 706
f 706 708 710
f 714 716 715
f 707 2847 717
f 717 715 708
f 708 707 717
f 673 672 718
f 673 718 717
f 673 717 2847
f 714 715 717
f 717 718 714
f 710 715 719
f 719 712 710
f 719 720 713
f 713 712 719
f 719 715 716
f 716 721 719
f 721 722 720
f 720 719 721
f 715 710 708
f 724 723 726
f 724 726 11
f 726 727 12
f 12 11 726
f 728 726 725
f 726 723 725
f 729 727 726
f 729 726 728
f 730 731 728
f 730 728 725
f 732 729 728
f 732 728 731
f 733 731 730
f 733 734 732
f 732 731 733
f 709 735 24
f 24 2 709
f 723 724 24
f 24 735 723
f 713 736 735
f 735 709 713
f 723 735 736
f 725 723 736
f 737 736 713
f 737 713 720
f 738 725 736
f 738 736 737
f 739 737 720
f 739 720 722
f 740 738 737
f 740 737 739
f 725 738 730
f 730 738 740
f 730 740 733
f 685 686 880
f 685 880 741
f 741 880 743
f 743 742 741
f 744 746 745
f 747 749 748
f 743 744 747
f 743 747 742
f 745 749 747
f 745 747 744
f 714 750 751
f 751 716 714
f 750 691 752
f 752 753 751
f 751 750 752
f 693 750 718
f 718 672 693
f 714 718 750
f 750 693 691
f 751 754 721
f 721 716 751
f 754 755 722
f 722 721 754
f 753 756 754
f 754 751 753
f 756 748 755
f 755 754 756
f 685 741 752
f 752 691 685
f 741 742 753
f 753 752 741
f 747 756 753
f 747 753 742
f 748 756 747
f 757 758 760
f 733 760 761
f 761 762 734
f 734 733 761
f 758 765 761
f 758 761 760
f 762 761 765
f 762 765 759
f 764 745 746
f 746 700 764
f 764 700 701
f 763 764 701
f 757 748 749
f 749 764 757
f 758 757 764
f 758 764 763
f 764 749 745
f 763 704 765
f 765 704 705
f 759 765 705
f 704 763 701
f 765 758 763
f 755 766 739
f 739 722 755
f 766 760 740
f 740 739 766
f 766 755 757
f 755 748 757
f 760 766 757
f 760 733 740
f 767 769 768
f 768 769 801
f 771 768 801
f 801 803 771
f 844 771 803
f 803 792 844
f 820 771 844
f 844 770 820
f 772 773 776
f 777 778 788
f 773 774 777
f 773 777 776
f 775 778 777
f 774 775 777
f 780 782 781
f 604 605 786
f 604 786 780
f 786 779 782
f 786 782 780
f 779 785 784
f 783 784 785
f 783 785 788
f 781 782 784
f 781 784 767
f 769 767 784
f 769 784 783
f 784 782 779
f 610 787 786
f 779 786 787
f 787 776 779
f 787 610 614
f 787 614 772
f 776 787 772
f 786 605 610
f 779 776 777
f 777 785 779
f 788 785 777
f 789 791 790
f 790 791 800
f 864 790 800
f 800 798 864
f 790 864 792
f 775 795 794
f 793 794 795
f 795 796 793
f 778 794 789
f 778 789 788
f 793 791 789
f 789 794 793
f 794 778 775
f 797 799 798
f 796 918 797
f 797 793 796
f 918 920 799
f 799 797 918
f 797 800 791
f 797 791 793
f 798 800 797
f 783 802 801
f 803 801 802
f 803 802 790
f 788 789 802
f 788 802 783
f 790 802 789
f 801 769 783
f 792 803 790
f 804 808 807
f 805 807 808
f 808 809 806
f 808 806 805
f 620 621 821
f 804 620 821
f 821 810 804
f 768 809 808
f 767 768 808
f 808 804 810
f 808 810 767
f 812 623 624
f 624 804 812
f 623 812 811
f 2877 623 811
f 811 675 2877
f 811 812 807
f 676 811 807
f 805 806 678
f 805 678 676
f 676 807 805
f 807 812 804
f 676 675 811
f 804 624 620
f 813 815 814
f 806 817 816
f 816 817 814
f 683 816 814
f 809 813 817
f 817 806 809
f 814 817 813
f 818 814 815
f 818 815 820
f 820 770 819
f 820 819 818
f 684 683 814
f 684 814 818
f 819 686 684
f 819 684 818
f 771 815 813
f 768 771 813
f 813 809 768
f 820 815 771
f 816 678 806
f 821 650 651
f 821 651 780
f 781 810 821
f 780 781 821
f 780 651 604
f 821 621 650
f 767 810 781
f 823 824 828
f 825 827 826
f 828 830 829
f 829 830 831
f 822 829 831
f 824 832 830
f 824 830 828
f 826 831 830
f 825 826 830
f 830 832 825
f 770 835 834
f 834 835 833
f 839 834 833
f 833 838 837
f 837 838 822
f 836 837 822
f 839 841 840
f 842 840 841
f 841 836 842
f 833 837 841
f 833 841 839
f 836 841 837
f 844 845 843
f 833 843 845
f 833 845 828
f 823 845 844
f 844 792 823
f 828 845 823
f 843 835 770
f 843 770 844
f 833 835 843
f 828 829 838
f 828 838 833
f 822 838 829
f 822 849 847
f 847 849 846
f 846 848 847
f 846 852 850
f 850 852 853
f 853 851 850
f 848 850 854
f 698 854 850
f 698 850 851
f 851 699 698
f 850 848 846
f 855 857 856
f 856 857 858
f 846 856 858
f 826 827 859
f 855 826 859
f 859 857 855
f 859 656 858
f 858 857 859
f 855 856 849
f 855 849 822
f 822 831 855
f 846 849 856
f 855 831 826
f 852 846 858
f 852 858 652
f 853 852 652
f 656 652 858
f 836 847 860
f 860 847 848
f 860 848 702
f 847 836 822
f 842 836 860
f 700 842 860
f 702 700 860
f 848 854 702
f 861 863 862
f 823 792 864
f 864 865 823
f 865 862 824
f 824 823 865
f 861 865 864
f 864 798 861
f 862 865 861
f 866 868 867
f 867 868 869
f 825 867 869
f 869 827 825
f 862 863 870
f 866 862 870
f 870 868 866
f 870 871 869
f 869 868 870
f 867 832 824
f 866 867 824
f 824 862 866
f 825 832 867
f 798 799 872
f 861 798 872
f 872 873 863
f 863 861 872
f 920 928 872
f 872 799 920
f 928 930 873
f 873 872 928
f 873 874 870
f 870 863 873
f 874 875 871
f 871 870 874
f 876 874 873
f 876 873 930
f 876 877 875
f 875 874 876
f 869 878 859
f 859 827 869
f 878 656 859
f 658 878 869
f 658 869 871
f 664 658 871
f 871 875 664
f 875 877 664
f 877 879 664
f 664 879 665
f 819 881 880
f 743 880 881
f 881 839 743
f 834 881 819
f 834 819 770
f 839 881 834
f 880 686 819
f 839 840 743
f 840 744 743
f 840 842 746
f 746 744 840
f 700 746 842
f 882 609 608
f 883 611 609
f 883 609 882
f 884 883 882
f 611 883 885
f 885 613 611
f 885 886 614
f 614 613 885
f 887 885 883
f 885 888 889
f 889 886 885
f 888 885 887
f 884 890 887
f 887 883 884
f 887 890 888
f 891 889 888
f 892 891 888
f 892 888 890
f 894 893 631
f 894 631 632
f 895 894 632
f 895 632 641
f 896 895 641
f 896 641 642
f 893 882 608
f 893 608 631
f 897 882 893
f 897 898 884
f 884 882 897
f 899 897 893
f 899 893 894
f 900 898 897
f 900 897 899
f 901 890 884
f 901 884 898
f 900 902 903
f 903 901 898
f 903 898 900
f 904 903 902
f 905 892 890
f 905 890 901
f 904 912 905
f 905 901 903
f 905 903 904
f 895 906 894
f 899 894 906
f 907 900 899
f 907 899 906
f 896 908 906
f 906 895 896
f 908 909 907
f 907 906 908
f 910 902 900
f 910 900 907
f 910 911 912
f 912 904 910
f 904 902 910
f 913 910 907
f 913 907 909
f 914 911 910
f 914 910 913
f 915 947 924
f 924 917 916
f 916 915 924
f 916 919 918
f 918 919 921
f 918 921 920
f 917 922 919
f 919 916 917
f 923 921 919
f 923 919 922
f 924 925 917
f 925 926 922
f 922 917 925
f 927 923 922
f 927 922 926
f 920 921 929
f 920 929 928
f 930 928 929
f 929 931 930
f 933 929 921
f 933 921 923
f 932 931 929
f 932 929 933
f 933 923 927
f 934 666 665
f 937 670 669
f 934 935 936
f 936 669 666
f 936 666 934
f 937 669 936
f 938 936 935
f 939 937 936
f 939 936 938
f 772 886 942
f 942 940 773
f 773 772 942
f 943 948 942
f 943 942 886
f 941 940 942
f 942 948 941
f 940 944 774
f 944 945 775
f 944 775 774
f 941 946 944
f 944 940 941
f 946 947 945
f 945 944 946
f 774 773 940
f 949 941 948
f 941 950 946
f 951 947 946
f 951 946 950
f 949 952 950
f 950 941 949
f 952 953 951
f 951 950 952
f 886 772 614
f 886 889 943
f 954 948 943
f 954 943 889
f 954 889 891
f 954 955 949
f 949 948 954
f 892 956 954
f 954 891 892
f 957 955 954
f 957 954 956
f 955 958 952
f 952 949 955
f 958 959 953
f 953 952 958
f 960 958 955
f 960 955 957
f 961 959 958
f 961 958 960
f 795 775 945
f 795 945 915
f 916 796 795
f 916 795 915
f 947 915 945
f 918 796 916
f 951 962 924
f 924 947 951
f 962 963 925
f 925 924 962
f 953 964 962
f 962 951 953
f 964 965 963
f 963 962 964
f 925 963 966
f 966 926 925
f 927 926 966
f 927 966 967
f 965 968 966
f 966 963 965
f 969 967 966
f 969 966 968
f 970 964 953
f 970 953 959
f 971 965 964
f 971 964 970
f 972 970 959
f 972 959 961
f 972 973 971
f 971 970 972
f 971 974 968
f 968 965 971
f 974 975 969
f 969 968 974
f 973 976 974
f 974 971 973
f 976 977 975
f 975 974 976
f 978 956 892
f 978 892 905
f 979 957 956
f 979 956 978
f 980 978 905
f 980 905 912
f 981 979 978
f 981 978 980
f 982 960 957
f 982 957 979
f 983 961 960
f 983 960 982
f 984 982 979
f 984 979 981
f 985 983 982
f 985 982 984
f 986 912 911
f 914 987 986
f 986 911 914
f 988 986 987
f 980 912 986
f 989 981 980
f 989 980 986
f 989 986 988
f 990 984 981
f 990 981 989
f 991 985 984
f 991 984 990
f 992 990 989
f 992 989 988
f 993 991 990
f 993 990 992
f 994 972 961
f 994 961 983
f 994 995 973
f 973 972 994
f 996 994 983
f 996 983 985
f 997 995 994
f 997 994 996
f 998 977 976
f 995 998 976
f 976 973 995
f 998 995 997
f 999 997 996
f 991 999 996
f 996 985 991
f 999 991 993
f 1000 998 997
f 1000 997 999
f 930 931 1001
f 1001 876 930
f 1001 1002 877
f 877 876 1001
f 932 1003 1001
f 932 1001 931
f 1004 1002 1001
f 1003 1004 1001
f 1003 1005 1004
f 1006 933 927
f 1006 927 967
f 1007 932 933
f 1007 933 1006
f 969 1008 1006
f 1006 967 969
f 1009 1007 1006
f 1009 1006 1008
f 1003 932 1007
f 1010 1003 1007
f 1010 1007 1009
f 1010 1011 1005
f 1005 1003 1010
f 975 1012 1008
f 1008 969 975
f 1012 1013 1009
f 1009 1008 1012
f 977 1014 1012
f 1012 975 977
f 1014 1015 1013
f 1013 1012 1014
f 1016 1010 1009
f 1016 1009 1013
f 1017 1011 1010
f 1017 1010 1016
f 1015 1018 1016
f 1016 1013 1015
f 1019 1017 1016
f 1019 1016 1018
f 1021 879 877
f 1021 877 1002
f 934 665 879
f 934 879 1021
f 1021 1020 934
f 1021 1002 1004
f 1022 1020 1021
f 1021 1004 1005
f 1005 1025 1021
f 1022 1021 1025
f 1025 1026 1022
f 934 1020 935
f 1022 1024 938
f 1022 938 935
f 935 1020 1022
f 1023 939 938
f 1023 938 1024
f 1022 1026 1024
f 1025 1005 1011
f 1027 1024 1026
f 1028 1023 1024
f 1028 1024 1027
f 1029 1025 1011
f 1029 1011 1017
f 1030 1026 1025
f 1030 1025 1029
f 1031 1029 1017
f 1031 1017 1019
f 1032 1030 1029
f 1032 1029 1031
f 1033 1027 1026
f 1033 1026 1030
f 1034 1028 1027
f 1034 1027 1033
f 1035 1033 1030
f 1035 1030 1032
f 1036 1034 1033
f 1036 1033 1035
f 998 1037 1038
f 1038 1015 1014
f 1038 1014 998
f 1014 977 998
f 1038 1039 1018
f 1018 1015 1038
f 1040 1019 1018
f 1040 1018 1039
f 1041 1039 1038
f 1041 1038 1037
f 1042 1040 1039
f 1042 1039 1041
f 3218 1043 1044
f 1044 1037 998
f 3218 1044 998
f 998 1000 3218
f 1044 1045 1041
f 1041 1037 1044
f 1045 1046 1042
f 1042 1041 1045
f 1043 1047 1045
f 1045 1044 1043
f 1047 1048 1046
f 1046 1045 1047
f 1050 1031 1019
f 1050 1019 1040
f 1051 1032 1031
f 1051 1031 1050
f 1042 1052 1050
f 1050 1040 1042
f 1052 1053 1051
f 1051 1050 1052
f 1054 1035 1032
f 1054 1032 1051
f 1054 1055 1036
f 1036 1035 1054
f 1053 1056 1054
f 1054 1051 1053
f 1049 1055 1054
f 1049 1054 1056
f 1058 1057 1064
f 1046 1059 1052
f 1052 1042 1046
f 1059 1060 1053
f 1053 1052 1059
f 1048 1061 1059
f 1059 1046 1048
f 1061 1062 1060
f 1060 1059 1061
f 1060 1063 1056
f 1056 1053 1060
f 1057 1049 1056
f 1057 1056 1063
f 1062 1064 1063
f 1063 1060 1062
f 1064 1057 1063
f 1069 1068 1070
f 1069 1070 167
f 1069 167 165
f 1068 1080 1071
f 1071 1074 1070
f 1070 1068 1071
f 1078 1075 1074
f 1078 1076 1077
f 1077 1075 1078
f 1080 1073 1078
f 1078 1071 1080
f 1078 1074 1071
f 1078 1073 1072
f 1072 1076 1078
f 181 1081 1079
f 1081 1082 1080
f 1080 1079 1081
f 1272 1081 185
f 1272 185 184
f 1081 181 185
f 1274 1082 1081
f 1274 1081 1272
f 1069 165 181
f 1069 181 1079
f 1069 1079 1068
f 1080 1068 1079
f 1084 1073 1080
f 1084 1080 1082
f 1084 1083 1072
f 1084 1072 1073
f 1278 1084 1082
f 1278 1082 1274
f 1280 1083 1084
f 1278 1280 1084
f 1087 1066 1077
f 1077 1076 1087
f 1088 1089 1087
f 1065 1066 1087
f 1087 1089 1065
f 1087 1076 1072
f 1072 1085 1087
f 1088 1087 1085
f 1085 1086 1088
f 1091 1089 1088
f 1067 1065 1089
f 1089 1091 1067
f 1093 1067 1092
f 1067 1091 1092
f 1091 1088 1086
f 1086 1090 1091
f 1094 1092 1091
f 1094 1091 1090
f 1085 1072 1083
f 1083 1095 1085
f 1095 1097 1086
f 1095 1086 1085
f 1291 1095 1083
f 1291 1083 1280
f 1096 1097 1095
f 1291 1096 1095
f 1098 1090 1086
f 1098 1086 1097
f 1098 1099 1100
f 1100 1090 1098
f 1096 1101 1102
f 1102 1097 1096
f 1097 1102 1098
f 1103 1102 1101
f 1099 1098 1102
f 1102 1103 1099
f 1090 1100 1094
f 1105 1104 1113
f 1113 1106 1105
f 1167 1107 1104
f 1109 1108 1110
f 1167 1109 1110
f 1110 1107 1167
f 1111 1137 1112
f 1104 1107 1114
f 1114 1113 1104
f 1114 1111 1106
f 1106 1113 1114
f 1110 1137 1114
f 1114 1107 1110
f 1137 1111 1114
f 192 1117 1115
f 1115 193 192
f 1116 1118 1117
f 1115 1117 1118
f 1118 1119 1115
f 1116 1121 1122
f 1122 1118 1116
f 1122 1123 1119
f 1119 1118 1122
f 1122 1121 1120
f 1120 1124 1122
f 1124 1125 1123
f 1123 1122 1124
f 201 1105 1106
f 1106 1129 201
f 1129 1126 1128
f 1128 1127 201
f 201 1129 1128
f 204 1127 1128
f 1128 1117 204
f 1117 192 204
f 1116 1117 1128
f 1128 1126 1116
f 1129 1111 1130
f 1130 1121 1126
f 1126 1129 1130
f 1112 1131 1130
f 1130 1111 1112
f 1120 1121 1130
f 1130 1131 1120
f 1129 1106 1111
f 1121 1116 1126
f 1108 1066 1132
f 1132 1133 1110
f 1110 1108 1132
f 1066 1065 1134
f 1066 1134 1132
f 1134 1135 1133
f 1133 1132 1134
f 1136 1138 1137
f 1112 1137 1138
f 1138 1139 1112
f 1136 1135 1140
f 1140 1138 1136
f 1140 1141 1139
f 1139 1138 1140
f 1136 1137 1110
f 1110 1133 1136
f 1135 1136 1133
f 1142 1134 1065
f 1142 1065 1067
f 1143 1135 1134
f 1143 1134 1142
f 1067 1093 1144
f 1144 1142 1067
f 1145 1143 1142
f 1145 1142 1144
f 1143 1146 1140
f 1143 1140 1135
f 1147 1141 1140
f 1147 1140 1146
f 1225 1146 1143
f 1148 1147 1146
f 1148 1146 1225
f 1143 1145 1225
f 1120 1156 1149
f 1150 1154 1149
f 1150 1149 1156
f 1151 1124 1120
f 1151 1120 1149
f 1152 1125 1124
f 1152 1124 1151
f 1153 1151 1149
f 1153 1149 1154
f 1155 1152 1151
f 1155 1151 1153
f 1154 1161 1153
f 1155 1153 1161
f 1139 1156 1131
f 1131 1112 1139
f 1156 1120 1131
f 1141 1157 1156
f 1156 1139 1141
f 1156 1157 1150
f 1158 1157 1141
f 1158 1141 1147
f 1150 1157 1158
f 1154 1150 1158
f 1158 1159 1154
f 1160 1158 1147
f 1160 1147 1148
f 1230 1159 1158
f 1230 1158 1160
f 1161 1154 1159
f 1161 1418 1155
f 1161 1159 1230
f 1161 1230 1162
f 1418 1161 1162
f 1418 1162 1163
f 232 1164 1165
f 1164 1074 1166
f 1166 1104 1165
f 1165 1164 1166
f 235 167 1070
f 235 1070 1164
f 232 235 1164
f 1074 1164 1070
f 1165 1105 201
f 201 232 1165
f 1104 1105 1165
f 1166 1074 1075
f 1075 1167 1166
f 1104 1166 1167
f 1109 1167 1075
f 1108 1109 1075
f 1075 1077 1108
f 1066 1108 1077
f 853 653 1170
f 853 1170 1169
f 1169 1170 1172
f 1169 1172 1171
f 655 1173 1170
f 1170 653 655
f 1173 1174 1172
f 1172 1170 1173
f 1175 1171 1172
f 1172 1176 1175
f 1175 1176 1177
f 1175 1177 1187
f 1178 1176 1172
f 1178 1172 1174
f 1179 1177 1176
f 1179 1176 1178
f 1180 1093 1092
f 1181 1092 1094
f 1092 1181 1180
f 1182 1183 1180
f 1181 1182 1180
f 1184 1183 1182
f 1185 1100 1099
f 1099 1103 1186
f 1099 1186 1185
f 1186 1187 1188
f 1186 1188 1189
f 1186 1189 1185
f 1181 1094 1100
f 1100 1185 1181
f 1189 1190 1181
f 1185 1189 1181
f 1181 1190 1182
f 1177 1191 1187
f 1191 1188 1187
f 1191 1192 1189
f 1189 1188 1191
f 1179 1193 1191
f 1191 1177 1179
f 1193 1194 1192
f 1192 1191 1193
f 1195 1190 1189
f 1184 1182 1190
f 1190 1195 1196
f 1190 1196 1184
f 1198 1197 1196
f 1196 1195 1198
f 1189 1192 1195
f 1195 1192 1194
f 1198 1195 1194
f 667 1200 1199
f 1199 1200 1202
f 1199 1202 1201
f 661 1199 1173
f 1173 655 661
f 1199 1201 1174
f 1174 1173 1199
f 667 1199 661
f 1203 1201 1202
f 1202 1204 1203
f 1203 1178 1174
f 1203 1174 1201
f 1205 1179 1178
f 1205 1178 1203
f 1204 1206 1205
f 1203 1204 1205
f 667 668 1207
f 667 1207 1200
f 1207 1208 1202
f 1202 1200 1207
f 670 1209 1207
f 1207 668 670
f 1209 1469 1208
f 1208 1207 1209
f 1211 1204 1202
f 1211 1202 1208
f 1210 1211 1208
f 1208 1469 1210
f 1204 1211 1212
f 1212 1206 1204
f 1210 1213 1211
f 1212 1211 1213
f 1212 1213 1325
f 1214 1193 1179
f 1214 1179 1205
f 1214 1215 1194
f 1194 1193 1214
f 1206 1216 1214
f 1214 1205 1206
f 1216 1217 1215
f 1215 1214 1216
f 1218 1198 1194
f 1218 1194 1215
f 1197 1198 1218
f 1197 1218 1220
f 1218 1215 1217
f 1218 1217 1219
f 1220 1218 1219
f 1212 1221 1216
f 1216 1206 1212
f 1222 1217 1216
f 1221 1222 1216
f 1221 1212 1325
f 1219 1217 1222
f 1223 1144 1093
f 1224 1145 1144
f 1224 1144 1223
f 1223 1236 1224
f 1225 1227 1148
f 1145 1224 1226
f 1145 1226 1225
f 1227 1225 1226
f 1228 1226 1224
f 1228 1224 1236
f 1227 1226 1229
f 1226 1228 1229
f 1231 1160 1148
f 1231 1148 1227
f 1230 1160 1231
f 1231 1233 1230
f 1232 1231 1227
f 1232 1227 1229
f 1233 1231 1232
f 1234 1162 1230
f 1233 1234 1230
f 1163 1162 1234
f 1093 1180 1223
f 1235 1223 1180
f 1236 1223 1235
f 1180 1183 1235
f 1237 1236 1235
f 1184 1238 1235
f 1235 1183 1184
f 1235 1238 1239
f 1235 1239 1237
f 1240 1228 1236
f 1240 1236 1237
f 1240 1241 1229
f 1229 1228 1240
f 1240 1237 1239
f 1239 1244 1240
f 1242 1243 1241
f 1241 1240 1244
f 1241 1244 1242
f 1184 1196 1238
f 1245 1238 1196
f 1196 1197 1245
f 1245 1246 1239
f 1239 1238 1245
f 1243 1242 1248
f 1247 1244 1239
f 1247 1239 1246
f 1247 1248 1242
f 1242 1244 1247
f 1249 1250 1247
f 1247 1246 1249
f 1247 1251 1248
f 1251 1247 1250
f 1229 1252 1232
f 1253 1233 1232
f 1253 1232 1252
f 1254 1255 1253
f 1253 1252 1254
f 1234 1233 1256
f 1168 1163 1234
f 1168 1234 1256
f 1253 1256 1233
f 1258 1168 1256
f 1258 1256 1257
f 1255 1257 1256
f 1256 1253 1255
f 1252 1229 1241
f 1259 1252 1241
f 1259 1241 1243
f 1259 1254 1252
f 1260 1261 1255
f 1255 1254 1260
f 1261 1260 1262
f 1263 1258 1257
f 1263 1257 1264
f 1261 1264 1257
f 1257 1255 1261
f 1264 1265 1263
f 1265 1264 1266
f 1262 1266 1264
f 1264 1261 1262
f 1267 1259 1243
f 1267 1243 1248
f 1267 1260 1254
f 1254 1259 1267
f 1251 1268 1267
f 1267 1248 1251
f 1268 1262 1260
f 1260 1267 1268
f 1245 1197 1220
f 1245 1220 1269
f 1269 1270 1246
f 1246 1245 1269
f 1249 1246 1270
f 1271 1272 344
f 1271 344 343
f 1273 1274 1272
f 1273 1272 1271
f 1271 343 347
f 347 1275 1271
f 1273 1271 1275
f 1275 1276 1273
f 1277 1278 1274
f 1277 1274 1273
f 1277 1279 1280
f 1280 1278 1277
f 1277 1273 1276
f 1276 1281 1277
f 1277 1281 1282
f 1277 1282 1279
f 1284 1275 347
f 1284 347 357
f 1285 1276 1275
f 1285 1275 1284
f 1284 357 355
f 355 1283 1284
f 1285 1284 1283
f 1283 1286 1285
f 1288 1281 1276
f 1288 1276 1285
f 1288 1289 1282
f 1282 1281 1288
f 1286 1315 1288
f 1286 1288 1285
f 1287 1289 1288
f 1287 1288 1315
f 1272 184 344
f 1279 1290 1291
f 1291 1280 1279
f 1290 1292 1293
f 1293 1291 1290
f 1279 1282 1294
f 1279 1294 1290
f 1294 1295 1296
f 1290 1294 1296
f 1290 1296 1292
f 699 1299 1298
f 1298 1299 1321
f 1297 1298 1321
f 1292 1300 1301
f 1301 1293 1292
f 1300 1302 1303
f 1303 1301 1300
f 1295 1297 1304
f 1304 1296 1295
f 1292 1296 1304
f 1292 1304 1300
f 1304 1297 1321
f 1304 1321 1302
f 1300 1304 1302
f 1306 1307 1287
f 1306 1308 1305
f 1305 1307 1306
f 1289 1309 1294
f 1294 1282 1289
f 1309 1305 1295
f 1295 1294 1309
f 1289 1287 1307
f 1289 1307 1309
f 1309 1307 1305
f 1310 1312 1311
f 1305 1311 1312
f 1312 1297 1305
f 1310 699 1298
f 1298 1312 1310
f 1297 1312 1298
f 705 1310 1311
f 705 1311 1308
f 1305 1308 1311
f 1295 1305 1297
f 1291 1293 1096
f 1096 1293 1301
f 1096 1301 1101
f 1101 1301 1303
f 1101 1303 1103
f 355 383 1313
f 355 1313 1283
f 1286 1283 1314
f 1283 1313 1314
f 383 12 727
f 383 727 1313
f 1314 1313 727
f 1314 727 729
f 1316 1315 1286
f 1314 1316 1286
f 1316 1318 1287
f 1287 1315 1316
f 1316 1314 729
f 1316 729 732
f 734 1318 1316
f 1316 732 734
f 1318 1317 1306
f 1318 1306 1287
f 759 1308 1317
f 1306 1317 1308
f 1318 734 762
f 1318 762 1317
f 1317 762 759
f 1308 759 705
f 851 1320 1319
f 1319 1320 1322
f 1319 1322 1321
f 853 1169 1320
f 1320 851 853
f 1169 1171 1322
f 1322 1320 1169
f 851 1319 1299
f 1299 699 851
f 1321 1299 1319
f 1321 1322 1323
f 1302 1321 1323
f 1323 1324 1303
f 1303 1302 1323
f 1171 1175 1323
f 1323 1322 1171
f 1175 1187 1324
f 1324 1323 1175
f 1103 1303 1324
f 1103 1324 1186
f 1187 1186 1324
f 1220 1219 1326
f 1221 1328 1222
f 1221 1325 1329
f 1329 1328 1221
f 1331 1328 1329
f 1331 1329 1330
f 1332 1219 1222
f 1332 1222 1328
f 1326 1219 1332
f 1333 1334 1332
f 1332 1328 1333
f 1327 1326 1332
f 1327 1332 1334
f 1331 1333 1328
f 1335 1336 1331
f 1331 1330 1335
f 1337 1338 1336
f 1336 1335 1337
f 1340 1334 1333
f 1340 1333 1339
f 1341 1327 1334
f 1341 1334 1340
f 1336 1339 1333
f 1333 1331 1336
f 1342 1340 1339
f 1342 1339 1338
f 1342 1343 1341
f 1341 1340 1342
f 1338 1339 1336
f 1345 1338 1337
f 1499 1345 1337
f 1346 1343 1342
f 1345 1346 1342
f 1342 1338 1345
f 1344 1347 1345
f 1345 1499 1344
f 1347 1348 1346
f 1346 1345 1347
f 1250 1249 1349
f 1350 1251 1250
f 1350 1250 1349
f 1351 1352 1350
f 1350 1349 1351
f 1352 1351 1353
f 1355 1265 1266
f 1354 1355 1266
f 1266 1262 1354
f 1355 1354 1356
f 1350 1356 1354
f 1354 1262 1268
f 1354 1268 1350
f 1268 1251 1350
f 1356 1350 1352
f 1357 1358 1355
f 1355 1356 1357
f 1359 1356 1352
f 1359 1352 1353
f 1359 1357 1356
f 1360 1361 1270
f 1270 1269 1360
f 1361 1360 1362
f 1326 1362 1360
f 1360 1269 1220
f 1360 1220 1326
f 1363 1364 1361
f 1361 1362 1363
f 1327 1365 1362
f 1362 1326 1327
f 1365 1363 1362
f 1361 1349 1249
f 1249 1270 1361
f 1351 1349 1361
f 1351 1361 1364
f 1364 1363 1366
f 1341 1367 1365
f 1365 1327 1341
f 1367 1366 1363
f 1363 1365 1367
f 1369 1367 1341
f 1369 1341 1343
f 1369 1368 1366
f 1366 1367 1369
f 1366 1353 1351
f 1351 1364 1366
f 1353 1366 1368
f 1358 1357 1371
f 1370 1373 1359
f 1359 1353 1370
f 1373 1370 1372
f 1373 1371 1357
f 1357 1359 1373
f 1375 1376 1373
f 1373 1372 1375
f 1376 1377 1374
f 1374 1371 1373
f 1374 1373 1376
f 1378 1368 1369
f 1346 1378 1369
f 1369 1343 1346
f 1378 1379 1370
f 1370 1353 1368
f 1370 1368 1378
f 1348 1380 1378
f 1378 1346 1348
f 1381 1379 1378
f 1381 1378 1380
f 1372 1370 1379
f 1381 1375 1372
f 1372 1379 1381
f 453 1382 1383
f 1383 1384 454
f 454 453 1383
f 1382 1119 1385
f 1385 1383 1382
f 1385 1386 1384
f 1384 1383 1385
f 1382 453 193
f 193 1115 1382
f 1119 1382 1115
f 1387 458 454
f 1387 454 1384
f 1388 1387 1384
f 1388 1384 1386
f 1389 460 458
f 1389 458 1387
f 1390 1389 1387
f 1387 1388 1390
f 1119 1123 1391
f 1391 1385 1119
f 1392 1386 1385
f 1392 1385 1391
f 1125 1408 1391
f 1125 1391 1123
f 1394 1392 1391
f 1393 1394 1391
f 1391 1408 1393
f 1395 1388 1386
f 1386 1392 1395
f 1395 1392 1394
f 1395 1396 1388
f 1390 1388 1396
f 1390 1396 1397
f 1399 1396 1395
f 1399 1395 1394
f 1398 1399 1394
f 1397 1396 1399
f 1390 1400 1389
f 1401 1400 1390
f 1390 1397 1401
f 1398 1402 1399
f 1401 1397 1399
f 1401 1399 1402
f 1401 1404 1400
f 1404 1401 1403
f 1405 1403 1401
f 1401 1402 1405
f 466 460 1389
f 1406 466 1389
f 1406 1389 1400
f 1407 468 466
f 466 1406 1407
f 1407 1406 1400
f 1407 1400 1404
f 1408 1125 1152
f 1152 1409 1408
f 1393 1408 1409
f 1409 1410 1394
f 1409 1394 1393
f 1409 1152 1411
f 1152 1155 1411
f 1410 1409 1411
f 1398 1394 1410
f 1413 1410 1411
f 1412 1413 1411
f 1414 1413 1412
f 1415 1402 1398
f 1398 1410 1415
f 1415 1410 1413
f 1417 1402 1415
f 1417 1415 1416
f 1405 1402 1417
f 1416 1415 1413
f 1416 1413 1414
f 1419 1411 1155
f 1419 1155 1418
f 1412 1411 1419
f 1419 1418 1420
f 1414 1412 1419
f 1414 1419 1420
f 1163 1420 1418
f 1422 1404 1403
f 1421 1422 1403
f 1403 1405 1421
f 1421 1424 1422
f 1424 1421 1423
f 1423 1425 1424
f 1426 491 468
f 468 1407 1426
f 1427 1426 1407
f 1407 1404 1427
f 1426 1428 491
f 494 491 1428
f 1429 1428 1426
f 1426 1427 1429
f 1427 1404 1422
f 1424 1429 1427
f 1427 1422 1424
f 497 494 1428
f 1430 497 1428
f 1428 1429 1430
f 1430 1429 1424
f 1425 1430 1424
f 1430 1425 1438
f 1432 1417 1416
f 1421 1405 1417
f 1421 1417 1432
f 1431 1432 1416
f 1416 1414 1431
f 1423 1421 1432
f 1423 1432 1433
f 1435 1433 1432
f 1432 1431 1435
f 1434 1431 1414
f 1414 1420 1434
f 1434 1420 1163
f 1434 1163 1168
f 1435 1431 1434
f 1435 1434 1436
f 1436 1434 1168
f 1436 1168 1258
f 1433 1438 1425
f 1425 1423 1433
f 1437 1438 1433
f 1433 1435 1437
f 1440 1435 1436
f 1439 1440 1436
f 1436 1258 1439
f 1437 1435 1440
f 1263 1439 1258
f 1439 1263 1265
f 1430 1441 497
f 578 497 1441
f 1442 1441 1430
f 1430 1438 1442
f 1443 581 578
f 578 1441 1443
f 581 1443 1444
f 1445 1446 1443
f 1443 1441 1442
f 1443 1442 1445
f 1444 1443 1446
f 1448 1438 1437
f 1448 1437 1447
f 1449 1450 1440
f 1440 1439 1449
f 1447 1437 1440
f 1447 1440 1450
f 1452 1448 1447
f 1452 1447 1451
f 1453 1454 1450
f 1450 1449 1453
f 1451 1447 1450
f 1451 1450 1454
f 1442 1438 1448
f 1445 1442 1448
f 1445 1448 1452
f 1455 583 581
f 581 1444 1455
f 1457 1446 1445
f 1457 1445 1456
f 1455 1444 1446
f 1455 1446 1457
f 1455 1459 585
f 585 583 1455
f 1459 1455 1458
f 1456 1460 1457
f 1460 1458 1455
f 1455 1457 1460
f 1458 1460 1461
f 1451 1462 1452
f 1453 1463 1454
f 1463 1462 1451
f 1451 1454 1463
f 1462 1463 1467
f 1465 1462 1467
f 1465 1467 1464
f 1462 1456 1445
f 1445 1452 1462
f 1466 1461 1460
f 1460 1456 1462
f 1460 1462 1466
f 1466 1462 1465
f 602 585 1459
f 1355 1449 1439
f 1439 1265 1355
f 1358 1453 1449
f 1449 1355 1358
f 1371 1467 1463
f 1463 1453 1358
f 1463 1358 1371
f 3577 3576 1467
f 1467 1371 1374
f 1467 1374 3577
f 1374 1468 3577
f 1467 3576 1464
f 1468 1374 1377
f 1470 1209 670
f 1470 670 937
f 1469 1209 1470
f 1470 1472 1469
f 1471 1470 937
f 1471 937 939
f 1472 1470 1471
f 1474 1213 1210
f 1473 1474 1210
f 1210 1469 1472
f 1210 1472 1473
f 1325 1213 1474
f 1023 1475 1471
f 1471 939 1023
f 1476 1472 1471
f 1476 1471 1475
f 1475 1023 1477
f 1478 1476 1475
f 1478 1475 1477
f 1480 1474 1473
f 1479 1325 1474
f 1479 1474 1480
f 1476 1480 1473
f 1473 1472 1476
f 1482 1481 1479
f 1479 1480 1482
f 1476 1482 1480
f 1482 1476 1478
f 1028 1477 1023
f 1483 1484 1478
f 1478 1477 1483
f 1485 1483 1036
f 1485 1486 1484
f 1484 1483 1485
f 1487 1481 1482
f 1487 1482 1488
f 1484 1488 1482
f 1482 1478 1484
f 1489 1490 1487
f 1487 1488 1489
f 1489 1488 1484
f 1489 1484 1486
f 1483 1477 1028
f 1483 1028 1034
f 1036 1483 1034
f 1329 1325 1479
f 1481 1330 1329
f 1329 1479 1481
f 1335 1330 1481
f 1335 1481 1487
f 1337 1335 1487
f 1337 1487 1490
f 1491 1485 1036
f 1491 1036 1055
f 1491 1492 1486
f 1486 1485 1491
f 1493 1491 1055
f 1493 1055 1049
f 1493 1494 1492
f 1492 1491 1493
f 1495 1496 1490
f 1490 1489 1495
f 1495 1489 1486
f 1495 1486 1492
f 1498 1495 1497
f 1498 1499 1496
f 1496 1495 1498
f 1497 1495 1492
f 1497 1492 1494
f 1057 1500 1493
f 1493 1049 1057
f 1500 1502 1494
f 1494 1493 1500
f 1058 1503 1500
f 1500 1057 1058
f 1503 1501 1502
f 1502 1500 1503
f 1504 1498 1497
f 1504 1497 1502
f 1504 1505 1499
f 1499 1498 1504
f 1502 1497 1494
f 1501 1506 1504
f 1504 1502 1501
f 1344 1505 1504
f 1344 1504 1506
f 1496 1499 1337
f 1337 1490 1496
f 1505 1344 1499
f 1510 1512 1511
f 1585 1513 1510
f 1510 1511 1585
f 1516 1515 1513
f 1516 1513 1585
f 1516 1585 1514
f 1517 1 1520
f 1518 1520 1519
f 1520 1521 1517
f 1521 1520 1518
f 1524 1522 1523
f 1525 1518 1519
f 1525 1519 1522
f 1526 1521 1525
f 1525 1521 1518
f 1527 1525 1522
f 1527 1522 1524
f 1527 1528 1526
f 1526 1525 1527
f 1532 1531 3
f 1531 1530 5
f 5 6 1531
f 6 3 1531
f 1533 1531 1532
f 1533 1532 1547
f 1533 1529 1530
f 1530 1531 1533
f 1536 1538 1529
f 1540 1537 1538
f 1538 1536 1540
f 1539 1533 1547
f 1539 1547 1535
f 1539 1536 1529
f 1529 1533 1539
f 1541 1540 1539
f 1535 1541 1539
f 1541 1535 1534
f 1536 1539 1540
f 1542 1544 1543
f 14 1543 1544
f 1543 14 1546
f 1548 1547 1542
f 1542 1543 1548
f 1546 1548 1543
f 1548 1546 1545
f 1517 1546 20
f 20 1 1517
f 14 20 1546
f 1517 1545 1546
f 1545 1517 1521
f 1542 1532 3
f 3 1544 1542
f 1532 1542 1547
f 1550 1549 1545
f 1551 1535 1547
f 1547 1548 1551
f 1549 1551 1548
f 1548 1545 1549
f 1552 1549 1550
f 1552 1550 1528
f 1551 1534 1535
f 1534 1551 1552
f 1551 1549 1552
f 1526 1550 1545
f 1545 1521 1526
f 1528 1550 1526
f 1553 1523 1978
f 1553 1554 1524
f 1524 1523 1553
f 1507 1555 1553
f 1553 1978 1507
f 1555 1563 1554
f 1554 1553 1555
f 1557 1556 1558
f 1559 1527 1554
f 1554 1527 1524
f 1556 1528 1527
f 1556 1527 1559
f 1560 1559 1554
f 1560 1554 1563
f 1558 1556 1559
f 1558 1559 1560
f 1508 1561 1555
f 1555 1507 1508
f 1555 1562 1563
f 1562 1555 1561
f 1509 1564 1561
f 1561 1508 1509
f 1565 1562 1561
f 1565 1561 1564
f 1566 1557 1558
f 1566 1558 1568
f 1569 1567 1566
f 1566 1568 1569
f 1562 1568 1560
f 1560 1563 1562
f 1568 1558 1560
f 1565 1569 1568
f 1568 1562 1565
f 1571 1570 1534
f 1573 1572 1570
f 1570 1571 1573
f 1576 1512 1537
f 1575 1576 1537
f 1537 1540 1575
f 1576 1575 1574
f 1577 1587 1574
f 1576 1511 1512
f 1511 1576 1587
f 1576 1574 1587
f 1570 1574 1575
f 1575 1540 1541
f 1575 1541 1570
f 1541 1534 1570
f 1577 1574 1570
f 1577 1570 1572
f 1578 1580 1579
f 1581 1580 1572
f 1581 1572 1573
f 1581 1573 1584
f 1582 1584 1583
f 1581 1579 1580
f 1579 1581 1582
f 1581 1584 1582
f 1585 1587 1586
f 1577 1586 1587
f 1586 1577 1580
f 1511 1587 1585
f 1514 1585 1586
f 1514 1586 1578
f 1586 1580 1578
f 1577 1572 1580
f 1588 1552 1528
f 1588 1528 1556
f 1588 1571 1534
f 1534 1552 1588
f 1590 1589 1588
f 1590 1588 1556
f 1590 1556 1557
f 1589 1573 1571
f 1571 1588 1589
f 1591 1584 1589
f 1589 1590 1591
f 1566 1591 1590
f 1590 1557 1566
f 1573 1589 1584
f 1591 1583 1584
f 1583 1591 1567
f 1591 1566 1567
f 1592 1509 1593
f 1592 1593 1594
f 1596 1595 1514
f 1595 1597 1515
f 1515 1516 1595
f 1516 1514 1595
f 1599 1598 1595
f 1595 1596 1599
f 1600 1597 1595
f 1600 1595 1598
f 1601 1598 1599
f 1601 1599 1602
f 1603 1600 1598
f 1603 1598 1601
f 1604 1601 1602
f 1603 1601 1605
f 1604 1605 1601
f 1604 1606 1605
f 1592 1607 1564
f 1564 1509 1592
f 1608 1565 1609
f 1609 1565 1564
f 1609 1564 1607
f 1610 1607 1592
f 1610 1592 1594
f 1608 1609 1611
f 1610 1611 1609
f 1609 1607 1610
f 1612 1567 1569
f 1612 1569 1614
f 1615 1613 1612
f 1612 1614 1615
f 1608 1614 1569
f 1569 1565 1608
f 1615 1614 1608
f 1615 1608 1611
f 1610 1594 1616
f 1617 1611 1610
f 1617 1610 1616
f 1617 1616 1618
f 1619 1613 1615
f 1619 1615 1620
f 1620 1621 1619
f 1617 1622 1615
f 1615 1611 1617
f 1622 1620 1615
f 1617 1623 1622
f 1623 1617 1618
f 1621 1620 1622
f 1623 1621 1622
f 1624 1578 1579
f 1624 1579 1625
f 1627 1626 1624
f 1627 1624 1625
f 1627 1625 1628
f 1630 1629 1582
f 1582 1583 1630
f 1629 1625 1579
f 1579 1582 1629
f 1631 1629 1630
f 1631 1630 1632
f 1631 1628 1625
f 1625 1629 1631
f 1624 1596 1514
f 1514 1578 1624
f 1626 1599 1596
f 1596 1624 1626
f 1633 1626 1627
f 1634 1633 1627
f 1627 1628 1634
f 1634 1636 1635
f 1635 1633 1634
f 1636 1634 1637
f 1639 1638 1631
f 1631 1632 1639
f 1634 1628 1631
f 1634 1631 1638
f 1639 1641 1638
f 1640 1637 1634
f 1634 1638 1640
f 1640 1638 1641
f 1602 1599 1626
f 1602 1626 1633
f 1635 1604 1602
f 1602 1633 1635
f 1604 1635 1636
f 1630 1583 1567
f 1630 1567 1612
f 1612 1632 1630
f 1632 1612 1613
f 1619 1639 1632
f 1632 1613 1619
f 1642 1641 1639
f 1639 1619 1642
f 1642 1619 1621
f 1618 1643 1623
f 1623 1661 1621
f 1643 1661 1623
f 1643 1644 1661
f 1640 1645 1637
f 1645 1640 1641
f 1645 1641 1646
f 1636 1647 1604
f 1648 1647 1636
f 1636 1637 1648
f 1606 1604 1647
f 1647 1648 1649
f 1606 1647 1650
f 1649 1651 1650
f 1650 1647 1649
f 1651 1649 1652
f 1648 1637 1645
f 1648 1645 1653
f 1653 1649 1648
f 1645 1654 1653
f 1654 1645 1646
f 1653 1652 1649
f 1652 1653 1655
f 1653 1654 1656
f 1656 1655 1653
f 1642 1657 1641
f 1621 1658 1657
f 1657 1642 1621
f 1659 1646 1641
f 1641 1657 1659
f 1659 1657 1658
f 1646 1659 1660
f 1659 1658 1664
f 1664 1660 1659
f 1621 1661 1658
f 1658 1661 1662
f 1644 1663 1662
f 1644 1662 1661
f 1664 1658 1662
f 1664 1662 1665
f 1665 1662 1663
f 1666 1654 1646
f 1646 1660 1666
f 1664 1666 1660
f 1665 1663 1667
f 1666 1664 1668
f 1656 1654 1666
f 1656 1666 1669
f 1669 1666 1668
f 1669 1668 1671
f 1664 1665 1670
f 1664 1670 1668
f 1670 1665 1667
f 1670 1667 1673
f 1671 1668 1670
f 1671 1670 1672
f 1673 1672 1670
f 1672 1673 1674
f 1677 1675 1678
f 1679 1677 1678
f 1679 1678 1702
f 1682 1681 1680
f 1683 1685 1684
f 1686 1680 32
f 1683 1686 32
f 32 33 1685
f 32 1685 1683
f 1688 1687 1683
f 1683 1684 1688
f 1682 1680 1686
f 1682 1686 1687
f 1683 1687 1686
f 1680 1689 37
f 37 38 1680
f 1690 40 1689
f 37 1689 40
f 1691 1689 1692
f 1681 1692 1689
f 1689 1680 1681
f 1691 1675 1676
f 1691 1676 1690
f 1690 1689 1691
f 32 1680 38
f 1694 1693 1681
f 1681 1682 1694
f 1696 1695 1693
f 1693 1694 1696
f 1697 1687 1688
f 1697 1688 1698
f 1697 1694 1682
f 1682 1687 1697
f 1700 1699 1697
f 1697 1698 1700
f 1696 1694 1697
f 1696 1697 1699
f 1701 1691 1692
f 1701 1692 1693
f 1693 1692 1681
f 1678 1675 1691
f 1678 1691 1701
f 1695 1702 1701
f 1701 1693 1695
f 1702 1678 1701
f 1715 1703 1679
f 1679 1702 1715
f 1705 1704 1703
f 1703 1715 1705
f 1704 1705 1706
f 1708 1695 1696
f 1708 1696 1709
f 1710 1708 1709
f 1711 1712 1699
f 1699 1700 1711
f 1709 1696 1699
f 1709 1699 1712
f 1711 1713 1712
f 1713 1711 1714
f 1712 1710 1709
f 1710 1712 1713
f 1708 1715 1702
f 1702 1695 1708
f 1717 1716 1715
f 1715 1708 1717
f 1717 1708 1710
f 1716 1705 1715
f 1714 1719 1713
f 1720 1718 1710
f 1710 1713 1720
f 1720 1713 1719
f 1793 1718 1720
f 1721 1793 1720
f 1720 1719 1721
f 1722 1716 1717
f 1722 1717 1710
f 1722 1710 1718
f 1706 1705 1716
f 1706 1716 1722
f 1724 1726 1723
f 1723 1722 1718
f 1723 1718 1724
f 1726 1725 1707
f 1707 1706 1722
f 1707 1722 1723
f 1707 1723 1726
f 1724 1718 1793
f 1728 1755 1729
f 1732 1730 1727
f 1727 1728 1732
f 1732 1728 1729
f 1732 1729 1733
f 1735 1734 1731
f 1731 1730 1732
f 1731 1732 1735
f 1735 1732 1733
f 1735 1733 1736
f 1737 1729 1755
f 1755 1758 1737
f 1737 1758 1759
f 1737 1759 1738
f 1738 1759 1739
f 1733 1729 1737
f 1733 1737 1741
f 1742 1741 1737
f 1737 1738 1742
f 1736 1733 1741
f 1736 1741 1743
f 1743 1741 1742
f 1743 1742 1744
f 1745 1742 1738
f 1738 1739 1745
f 1745 1739 1740
f 1745 1740 1747
f 1745 1747 1746
f 1748 1744 1742
f 1742 1745 1748
f 1749 1748 1745
f 1745 1746 1749
f 1750 1684 1685
f 1685 75 1750
f 75 76 1750
f 1750 76 77
f 1750 77 1751
f 75 1685 33
f 1688 1684 1750
f 1688 1750 1752
f 1752 1750 1751
f 1752 1751 1753
f 1751 77 81
f 1751 81 1754
f 1754 81 82
f 1754 82 1755
f 1727 1753 1751
f 1751 1754 1728
f 1751 1728 1727
f 1755 1728 1754
f 1698 1688 1752
f 1698 1752 1756
f 1730 1756 1752
f 1752 1753 1730
f 1757 1700 1698
f 1698 1756 1757
f 1731 1757 1756
f 1756 1730 1731
f 1757 1731 1734
f 1727 1730 1753
f 1755 82 95
f 1755 95 1758
f 1759 1758 95
f 95 96 1759
f 1760 1759 96
f 96 100 1760
f 1761 1760 100
f 100 101 1761
f 1760 1739 1759
f 1761 1740 1739
f 1739 1760 1761
f 1740 1761 1747
f 1763 1734 1735
f 1762 1763 1735
f 1735 1736 1762
f 1762 1766 1763
f 1764 1762 1736
f 1736 1743 1764
f 1765 1764 1743
f 1743 1744 1765
f 1766 1762 1764
f 1766 1764 1767
f 1768 1767 1764
f 1764 1765 1768
f 1765 1744 1748
f 1765 1748 1769
f 1769 1748 1749
f 1769 1749 1770
f 1768 1765 1769
f 1768 1769 1771
f 1771 1769 1770
f 1771 1770 1871
f 1772 1711 1700
f 1700 1757 1772
f 1773 1772 1757
f 1757 1734 1773
f 1774 1714 1711
f 1711 1772 1774
f 1775 1774 1772
f 1772 1773 1775
f 1773 1734 1763
f 1775 1773 1763
f 1775 1763 1776
f 1776 1763 1766
f 1777 1719 1714
f 1714 1774 1777
f 1778 1777 1774
f 1774 1775 1778
f 1777 1779 1719
f 1780 1779 1777
f 1780 1777 1778
f 1721 1719 1779
f 1781 1778 1775
f 1775 1776 1781
f 1782 1781 1776
f 1776 1766 1782
f 1783 1780 1778
f 1778 1781 1783
f 1784 1783 1781
f 1781 1782 1784
f 1782 1766 1767
f 1782 1767 1785
f 1785 1767 1768
f 1785 1768 1786
f 1787 1784 1782
f 1782 1785 1787
f 1788 1787 1785
f 1785 1786 1788
f 1789 1786 1768
f 1768 1771 1789
f 1790 1789 1771
f 1771 1871 1790
f 1788 1786 1789
f 1788 1789 1791
f 1791 1789 1790
f 1791 1790 1792
f 1721 1794 1793
f 1796 1726 1724
f 1795 1725 1726
f 1795 1726 1796
f 1799 1798 1797
f 1797 1795 1799
f 1795 1796 1799
f 1800 1796 1724
f 1724 1793 1800
f 1800 1793 1794
f 1800 1801 1796
f 1802 1801 1800
f 1800 1794 1802
f 1799 1796 1801
f 1799 1803 1798
f 1801 1804 1803
f 1801 1803 1799
f 1804 1801 1802
f 1804 1802 1805
f 1806 1794 1721
f 1721 1779 1806
f 1806 1779 1780
f 1807 1806 1780
f 1806 1808 1794
f 1807 1809 1808
f 1807 1808 1806
f 1784 1810 1783
f 1807 1780 1783
f 1807 1783 1811
f 1811 1783 1810
f 1811 1812 1809
f 1811 1809 1807
f 1812 1811 1810
f 1812 1810 1813
f 1802 1794 1808
f 1802 1808 1814
f 1814 1808 1809
f 1814 1815 1802
f 1809 1816 1815
f 1809 1815 1814
f 1817 1805 1802
f 1802 1815 1817
f 1816 1817 1815
f 1805 1817 1818
f 1817 1816 1819
f 1819 1818 1817
f 1820 1816 1809
f 1820 1809 1812
f 1821 1820 1812
f 1812 1813 1821
f 1816 1820 1822
f 1822 1819 1816
f 1833 1822 1820
f 1820 1821 1833
f 1787 1823 1810
f 1787 1810 1784
f 1788 1824 1823
f 1788 1823 1787
f 1825 1813 1810
f 1810 1823 1825
f 1826 1825 1823
f 1823 1824 1826
f 1791 1827 1824
f 1791 1824 1788
f 1791 1792 1828
f 1828 1827 1791
f 1829 1826 1824
f 1824 1827 1829
f 1829 1827 1828
f 1829 1828 1830
f 1821 1813 1825
f 1821 1825 1831
f 1831 1825 1826
f 1831 1826 1832
f 1833 1821 1831
f 1833 1831 1834
f 1835 1834 1831
f 1831 1832 1835
f 1836 1832 1826
f 1826 1829 1836
f 1837 1836 1829
f 1829 1830 1837
f 1838 1835 1832
f 1832 1836 1838
f 1838 1836 1837
f 1838 1837 1839
f 1835 2087 1834
f 1746 1747 1848
f 1749 1746 1848
f 1749 1848 1850
f 1840 1761 101
f 101 119 1840
f 1840 119 1841
f 120 1841 119
f 1842 1747 1761
f 1761 1840 1842
f 1843 1842 1840
f 1840 1841 1843
f 1844 1841 120
f 120 122 1844
f 1844 122 1845
f 1843 1841 1846
f 1844 1846 1841
f 1846 1844 1847
f 1844 1845 1847
f 126 1845 122
f 1842 1848 1747
f 1849 1848 1842
f 1842 1843 1849
f 1851 1850 1848
f 1848 1849 1851
f 1852 1849 1843
f 1843 1846 1852
f 1852 1846 1847
f 1852 1847 1853
f 1854 1851 1849
f 1849 1852 1854
f 1854 1852 1855
f 1855 1852 1853
f 1855 1853 1856
f 1847 1845 1857
f 1859 1845 126
f 1859 126 1858
f 1860 1859 1858
f 1858 1861 1860
f 1857 1845 1859
f 1857 1859 1862
f 1862 1859 1863
f 1863 1859 1860
f 1860 1861 1864
f 1865 1863 1860
f 1860 1864 1865
f 1853 1847 1857
f 1853 1857 1867
f 1866 1856 1853
f 1853 1867 1866
f 1867 1857 1862
f 1867 1862 1863
f 1867 1863 1868
f 1869 1866 1867
f 1867 1868 1869
f 2197 1868 1863
f 1863 1865 2197
f 1870 1869 1868
f 1868 2197 1870
f 1872 1770 1749
f 1749 1850 1872
f 1770 1872 1871
f 1872 1850 1851
f 1872 1851 1873
f 1874 1871 1872
f 1874 1872 1873
f 1874 1873 1875
f 1873 1851 1854
f 1873 1854 1876
f 1877 1876 1854
f 1854 1855 1877
f 1878 1877 1855
f 1855 1856 1878
f 1875 1873 1876
f 1875 1876 1879
f 1876 1877 1879
f 1880 1879 1877
f 1877 1878 1880
f 1790 1871 1874
f 1790 1874 1881
f 1881 1874 1875
f 1881 1875 1882
f 1792 1790 1881
f 1792 1881 1883
f 1884 1883 1881
f 1884 1881 1882
f 1885 1882 1875
f 1875 1879 1885
f 1886 1885 1879
f 1879 1880 1886
f 1885 1884 1882
f 1887 1884 1885
f 1887 1885 1886
f 1887 1886 1905
f 1888 1878 1856
f 1856 1866 1888
f 1880 1878 1888
f 1880 1888 1893
f 1889 1888 1866
f 1866 1869 1889
f 1891 1893 1888
f 1888 1889 1891
f 1890 1889 1869
f 1869 1870 1890
f 1892 1891 1889
f 1889 1890 1892
f 1893 1886 1880
f 1886 1893 1894
f 1886 1894 1905
f 1891 1894 1893
f 1894 1891 1897
f 1895 1905 1894
f 1895 1894 1897
f 1895 1897 1896
f 1898 1897 1891
f 1891 1892 1898
f 1896 1897 1898
f 1896 1898 1899
f 1883 1828 1792
f 1828 1883 1900
f 1901 1900 1883
f 1883 1884 1901
f 1830 1828 1900
f 1902 1830 1900
f 1900 1901 1903
f 1903 1902 1900
f 1901 1884 1887
f 1901 1887 1904
f 1887 1905 1904
f 1904 1903 1901
f 1904 1905 1906
f 1903 1904 1907
f 1907 1904 1906
f 1907 1906 1916
f 1837 1830 1902
f 1908 1837 1902
f 1902 1903 1908
f 1903 1909 1908
f 1910 1839 1837
f 1910 1837 1908
f 1908 1909 1911
f 1908 1911 1910
f 1903 1907 1912
f 1912 1909 1903
f 1916 1912 1907
f 1909 1912 1913
f 1921 1913 1912
f 1912 1916 1921
f 1913 1914 1911
f 1913 1911 1909
f 1921 1914 1913
f 1895 1906 1905
f 1906 1895 1917
f 1895 1896 1917
f 1915 1917 1896
f 1906 1917 1916
f 1916 1917 1918
f 1915 1918 1917
f 1918 1915 1919
f 1920 1915 1896
f 1896 1899 1920
f 1920 1919 1915
f 1916 1918 1921
f 1918 2316 1921
f 1919 2316 1918
f 1922 255 1690
f 1922 1923 254
f 1922 254 255
f 1676 1924 1922
f 1922 1690 1676
f 1924 1676 1675
f 1925 1927 1926
f 1922 1926 1927
f 1927 1923 1922
f 1926 1922 1924
f 1928 1929 1923
f 254 1923 1929
f 1930 259 1929
f 1930 1929 1928
f 1931 1928 1923
f 1931 1923 1927
f 1931 1927 1925
f 1931 1943 1930
f 1930 1928 1931
f 1677 1934 1924
f 1924 1675 1677
f 1932 1925 1926
f 1932 1926 1934
f 1934 1926 1924
f 1677 1933 1934
f 1933 1677 1679
f 1933 1935 1932
f 1932 1934 1933
f 1936 1943 1939
f 1938 1936 1939
f 1938 1939 1937
f 1932 1939 1931
f 1931 1925 1932
f 1931 1939 1943
f 1937 1939 1932
f 1937 1932 1935
f 40 1690 255
f 1942 1944 1943
f 1945 1940 1941
f 1945 1941 1944
f 1945 1944 1942
f 1930 1944 283
f 283 259 1930
f 283 1941 1940
f 1940 284 283
f 1941 283 1944
f 1930 1943 1944
f 1946 285 1940
f 1946 1947 286
f 286 285 1946
f 1945 1948 1946
f 1946 1940 1945
f 1948 1949 1947
f 1947 1946 1948
f 284 1940 285
f 1950 1942 1943
f 1950 1943 1936
f 1950 1951 1945
f 1945 1942 1950
f 1938 1952 1950
f 1950 1936 1938
f 1953 1951 1950
f 1953 1950 1952
f 1954 1948 1945
f 1954 1945 1951
f 1955 1949 1954
f 1948 1954 1949
f 1956 1954 1953
f 1951 1953 1954
f 1956 1957 1955
f 1955 1954 1956
f 1958 1933 1679
f 1958 1679 1703
f 1958 1959 1935
f 1935 1933 1958
f 1704 1965 1958
f 1958 1703 1704
f 1960 1959 1958
f 1960 1958 1965
f 1961 1962 1938
f 1938 1937 1961
f 1963 1964 1962
f 1962 1961 1963
f 1961 1937 1935
f 1961 1935 1959
f 1963 1961 1959
f 1963 1959 1960
f 1706 1966 1965
f 1965 1704 1706
f 1965 1967 1960
f 1967 1965 1966
f 1707 1968 1966
f 1966 1706 1707
f 1968 1707 1725
f 1968 1969 1967
f 1967 1966 1968
f 1971 1964 1963
f 1971 1963 1970
f 1972 1971 1970
f 1972 1970 1997
f 1967 1970 1963
f 1963 1960 1967
f 1969 1997 1970
f 1970 1967 1969
f 1962 1973 1952
f 1952 1938 1962
f 1974 1953 1973
f 1973 1953 1952
f 1975 1973 1962
f 1975 1962 1964
f 1975 1976 1974
f 1974 1973 1975
f 1974 1977 1956
f 1956 1953 1974
f 1977 1978 1957
f 1957 1956 1977
f 1976 1979 1977
f 1977 1974 1976
f 1507 1978 1977
f 1507 1977 1979
f 1971 1981 1975
f 1975 1964 1971
f 1980 1976 1975
f 1980 1975 1981
f 1972 1982 1981
f 1981 1971 1972
f 1982 1983 1980
f 1980 1981 1982
f 1980 1984 1979
f 1979 1976 1980
f 1508 1507 1979
f 1508 1979 1984
f 1985 1984 1980
f 1985 1980 1983
f 1509 1508 1984
f 1509 1984 1985
f 1947 1987 373
f 373 286 1947
f 1986 1988 1987
f 373 1987 1988
f 1989 1987 1949
f 1947 1949 1987
f 1989 1990 1986
f 1989 1986 1987
f 1986 1520 375
f 375 1988 1986
f 1520 1 375
f 1986 1519 1520
f 1519 1986 1990
f 1955 1991 1989
f 1989 1949 1955
f 1522 1990 1989
f 1522 1989 1991
f 1957 1523 1991
f 1991 1955 1957
f 1991 1523 1522
f 1990 1522 1519
f 1978 1523 1957
f 1993 1992 1968
f 1968 1725 1993
f 1969 1968 1994
f 1992 1994 1968
f 1993 1995 1992
f 1996 1994 1992
f 1996 1992 1995
f 1999 1998 1972
f 1972 1997 1999
f 1998 1999 2001
f 1969 1999 1997
f 1999 1969 1994
f 2000 1999 1994
f 2000 1994 1996
f 2000 2001 1999
f 1995 2010 1996
f 1996 2003 2000
f 2010 2003 1996
f 2000 2002 2001
f 2003 2002 2000
f 2010 2004 2003
f 2003 2005 2002
f 2004 2006 2005
f 2004 2005 2003
f 1993 1725 1795
f 2007 1995 1993
f 1993 1795 1797
f 1993 1797 2007
f 2007 1797 1798
f 2007 2008 1995
f 2008 2007 1798
f 2009 2008 1798
f 1798 1803 2009
f 2008 2010 1995
f 2009 2011 2008
f 2008 2012 2010
f 2011 2013 2012
f 2012 2008 2011
f 1804 2009 1803
f 2009 1804 2014
f 2014 2011 2009
f 1805 2015 2014
f 2014 1804 1805
f 2014 2013 2011
f 2012 2016 2004
f 2012 2004 2010
f 2016 2012 2017
f 2017 2012 2013
f 2019 1982 1972
f 2019 1972 1998
f 2019 2018 1983
f 1983 1982 2019
f 2020 2019 1998
f 2020 1998 2001
f 2018 2019 2021
f 2020 2021 2019
f 2022 1985 1983
f 2022 1983 2018
f 1593 1509 1985
f 1593 1985 2022
f 2023 2022 2018
f 2023 2018 2021
f 2023 1594 1593
f 1593 2022 2023
f 2020 2001 2024
f 2020 2026 2025
f 2025 2021 2020
f 2026 2020 2024
f 2024 2031 2026
f 2024 2001 2002
f 2024 2002 2027
f 2002 2005 2027
f 2027 2005 2006
f 2031 2024 2027
f 2023 2021 2025
f 2023 2025 2028
f 2028 2025 2026
f 2023 2029 1594
f 2029 2023 2028
f 2030 2028 2026
f 2031 2030 2026
f 2028 2137 2029
f 2137 2028 2030
f 2004 2032 2006
f 2013 2014 2033
f 2015 2034 2014
f 2034 2033 2014
f 2017 2035 2016
f 2017 2013 2036
f 2036 2035 2017
f 2032 2016 2035
f 2035 2037 2032
f 2016 2032 2004
f 2038 2037 2035
f 2035 2036 2038
f 2038 2039 2037
f 2033 2040 2036
f 2036 2013 2033
f 2041 2040 2033
f 2033 2034 2041
f 2038 2036 2040
f 2040 2041 2042
f 2038 2040 2043
f 2043 2039 2038
f 2043 2040 2042
f 2043 2042 2044
f 2027 2006 2032
f 2032 2047 2027
f 2027 2045 2031
f 2046 2045 2027
f 2047 2046 2027
f 2047 2048 2046
f 2031 2049 2030
f 2030 2049 2140
f 2030 2140 2137
f 2050 2051 2049
f 2049 2031 2045
f 2049 2045 2050
f 2050 2045 2046
f 2140 2049 2051
f 2046 2048 2052
f 2050 2046 2052
f 2052 2051 2050
f 2051 2053 2140
f 2053 2051 2052
f 2053 2052 2054
f 2037 2047 2032
f 2037 2055 2047
f 2055 2037 2039
f 2039 2056 2055
f 2055 2057 2048
f 2055 2048 2047
f 2056 2058 2057
f 2057 2055 2056
f 2056 2039 2043
f 2056 2043 2059
f 2060 2059 2043
f 2043 2044 2060
f 2059 2058 2056
f 2061 2052 2048
f 2048 2057 2061
f 2061 2057 2058
f 2054 2052 2061
f 2060 2062 2059
f 2058 2059 2063
f 2063 2059 2062
f 2062 2064 2063
f 2061 2058 2065
f 2054 2061 2066
f 2066 2061 2065
f 2066 2065 2067
f 2065 2058 2063
f 2065 2063 2068
f 2068 2063 2064
f 2068 2064 2109
f 2068 2069 2067
f 2067 2065 2068
f 2069 2068 2109
f 2069 2109 2070
f 2071 2015 1805
f 1805 1818 2071
f 2072 2071 1818
f 1818 1819 2072
f 1822 2072 1819
f 2071 2072 2073
f 2034 2015 2071
f 2034 2071 2074
f 2075 2074 2071
f 2075 2071 2073
f 1822 1833 2076
f 2076 2081 1822
f 2081 2075 2073
f 2081 2073 1822
f 2073 2072 1822
f 2074 2041 2034
f 2041 2074 2077
f 2077 2042 2041
f 2075 2078 2077
f 2075 2077 2074
f 2044 2042 2077
f 2044 2077 2079
f 2079 2077 2078
f 2079 2078 2080
f 2078 2075 2081
f 2078 2081 2082
f 2082 2081 2076
f 2082 2076 2083
f 2084 2080 2078
f 2078 2082 2084
f 2083 2084 2082
f 2084 2083 2085
f 1833 1834 2087
f 2092 1833 2087
f 2087 2086 2092
f 1833 2092 2076
f 2087 1835 1838
f 2087 1838 2088
f 2089 2088 1838
f 1838 1839 2089
f 2087 2088 2090
f 2090 2086 2087
f 2089 2091 2090
f 2089 2090 2088
f 2083 2076 2092
f 2083 2092 2093
f 2093 2092 2086
f 2093 2086 2094
f 2095 2094 2086
f 2086 2090 2095
f 2096 2095 2090
f 2090 2091 2096
f 2083 2093 2097
f 2097 2085 2083
f 2093 2094 2098
f 2098 2097 2093
f 2095 2099 2098
f 2095 2098 2094
f 2096 2100 2099
f 2096 2099 2095
f 2079 2060 2044
f 2060 2079 2101
f 2101 2062 2060
f 2079 2080 2102
f 2079 2102 2101
f 2064 2062 2101
f 2064 2101 2103
f 2103 2101 2102
f 2103 2102 2106
f 2102 2080 2084
f 2102 2084 2104
f 2104 2084 2085
f 2104 2085 2105
f 2106 2102 2104
f 2106 2104 2107
f 2108 2107 2104
f 2104 2105 2108
f 2110 2109 2064
f 2064 2103 2110
f 2106 2110 2103
f 2110 2106 2111
f 2109 2110 2112
f 2109 2112 2070
f 2112 2110 2111
f 2112 2111 2113
f 2106 2107 2114
f 2106 2114 2111
f 2114 2107 2108
f 2114 2108 2115
f 2113 2111 2114
f 2113 2114 2116
f 2116 2114 2115
f 2116 2115 2117
f 2105 2085 2097
f 2105 2097 2118
f 2118 2097 2098
f 2118 2098 2119
f 2120 2108 2105
f 2105 2118 2120
f 2120 2118 2119
f 2120 2119 2121
f 2108 2120 2122
f 2121 2123 2122
f 2121 2122 2120
f 2124 2119 2098
f 2098 2099 2124
f 2125 2124 2099
f 2099 2100 2125
f 2121 2119 2124
f 2121 2124 2126
f 2126 2124 2125
f 2126 2125 2127
f 2126 2123 2121
f 2115 2108 2122
f 2115 2122 2128
f 2129 2128 2122
f 2122 2123 2129
f 2117 2115 2128
f 2117 2128 2130
f 2131 2130 2128
f 2128 2129 2131
f 2132 2129 2123
f 2123 2126 2132
f 2133 2132 2126
f 2133 2126 2127
f 2134 2131 2129
f 2129 2132 2134
f 2135 2134 2132
f 2132 2133 2135
f 1616 1594 2029
f 2136 1616 2029
f 2137 2136 2029
f 1618 1616 2136
f 2137 2138 2136
f 2140 2139 2138
f 2140 2138 2137
f 1618 2136 2141
f 2136 2138 2141
f 2141 2138 2139
f 2140 2142 2139
f 2141 2139 2142
f 2141 2142 2146
f 2053 2142 2140
f 2142 2053 2143
f 2143 2053 2054
f 2146 2142 2143
f 1643 1618 2141
f 2141 2144 1643
f 2145 2144 2141
f 2146 2145 2141
f 2144 1644 1643
f 1644 2144 2147
f 2147 2144 2145
f 2143 2054 2148
f 2143 2149 2146
f 2149 2143 2148
f 2149 2148 2150
f 2145 2146 2152
f 2145 2152 2151
f 2147 2145 2151
f 2149 2153 2152
f 2149 2152 2146
f 2154 2153 2149
f 2149 2150 2154
f 2151 2152 2153
f 2151 2153 2155
f 2155 2153 2154
f 2155 2154 2156
f 2148 2054 2066
f 2148 2066 2157
f 2158 2157 2066
f 2066 2067 2158
f 2159 2150 2148
f 2148 2157 2159
f 2159 2157 2158
f 2159 2158 2160
f 2158 2067 2069
f 2158 2069 2161
f 2161 2069 2070
f 2161 2070 2162
f 2160 2158 2161
f 2160 2161 2163
f 2163 2161 2162
f 2163 2162 2164
f 2154 2150 2159
f 2154 2159 2165
f 2165 2159 2160
f 2165 2160 2166
f 2156 2154 2165
f 2156 2165 2167
f 2167 2165 2166
f 2167 2166 2168
f 2166 2160 2163
f 2166 2163 2169
f 2169 2163 2164
f 2169 2164 2185
f 2169 2170 2168
f 2168 2166 2169
f 2185 2170 2169
f 1663 1644 2147
f 1663 2147 2151
f 2151 2171 1663
f 2171 1667 1663
f 2171 2151 2155
f 2174 2171 2155
f 2155 2156 2174
f 2171 2174 2172
f 2173 1674 1673
f 1673 1667 2171
f 1673 2171 2173
f 2173 2171 2172
f 2173 2172 2178
f 2174 2156 2167
f 2174 2167 2175
f 2175 2167 2168
f 2175 2168 2177
f 2172 2174 2175
f 2172 2175 2176
f 2177 2176 2175
f 2177 2168 2170
f 2178 2172 2176
f 2162 2070 2112
f 2162 2112 2179
f 2179 2112 2113
f 2179 2113 2180
f 2164 2162 2179
f 2164 2179 2181
f 2182 2181 2179
f 2179 2180 2182
f 2180 2113 2116
f 2180 2116 2183
f 2184 2183 2116
f 2184 2116 2117
f 2183 2182 2180
f 2181 2185 2164
f 2186 2184 2117
f 2117 2130 2186
f 2186 2130 2131
f 2186 2131 2187
f 2188 2187 2131
f 2131 2134 2188
f 2189 2188 2134
f 2134 2135 2189
f 2188 2189 2190
f 2191 1864 1861
f 1861 552 2191
f 2191 552 554
f 2191 554 2195
f 2192 1865 1864
f 1864 2191 2192
f 2193 2192 2191
f 2193 2191 2195
f 2193 2195 2194
f 554 2196 2195
f 2197 1865 2192
f 2198 2197 2192
f 2192 2193 2198
f 2207 2198 2193
f 2193 2194 2207
f 1870 2197 2198
f 1870 2198 2199
f 2198 2207 2199
f 1890 1870 2199
f 1890 2199 2200
f 1892 1890 2200
f 1892 2200 2201
f 2202 1898 1892
f 1892 2201 2202
f 2203 1899 1898
f 1898 2202 2203
f 2195 2196 2204
f 561 2204 2196
f 2204 561 2205
f 2194 2195 2204
f 2194 2204 2206
f 2206 2204 2205
f 2206 2205 2216
f 2208 2199 2207
f 2207 2194 2206
f 2207 2206 2209
f 2210 2209 2206
f 2206 2216 2210
f 2209 2210 2211
f 2208 2207 2209
f 2208 2209 2212
f 2209 2211 2212
f 2213 2212 2211
f 2205 561 566
f 2205 566 2214
f 567 2214 566
f 2215 2214 567
f 2205 2214 2216
f 2217 2216 2214
f 2217 2214 2215
f 2217 2215 2218
f 2215 567 571
f 2215 571 2219
f 2219 571 572
f 2219 572 2220
f 2218 2215 2219
f 2218 2219 2221
f 2221 2219 2220
f 2221 2220 2222
f 2223 2211 2210
f 2210 2216 2217
f 2210 2217 2223
f 2223 2217 2218
f 2223 2218 2224
f 2213 2211 2223
f 2213 2223 2225
f 2225 2223 2224
f 2225 2224 2226
f 2224 2218 2221
f 2224 2221 2227
f 2227 2221 2222
f 2227 2222 2228
f 2226 2224 2227
f 2226 2227 2229
f 2229 2227 2228
f 2229 2228 2230
f 2231 2200 2199
f 2199 2208 2231
f 2232 2201 2200
f 2200 2231 2232
f 2231 2208 2212
f 2231 2212 2233
f 2234 2233 2212
f 2212 2213 2234
f 2235 2232 2231
f 2231 2233 2235
f 2235 2233 2234
f 2235 2234 2236
f 2237 2202 2201
f 2201 2232 2237
f 2203 2202 2237
f 2203 2237 2238
f 2237 2232 2235
f 2237 2235 2239
f 2240 2239 2235
f 2235 2236 2240
f 2241 2238 2237
f 2237 2239 2241
f 2238 2241 2242
f 2240 2242 2241
f 2241 2239 2240
f 2242 2240 2243
f 2234 2213 2225
f 2234 2225 2244
f 2244 2225 2226
f 2244 2226 2245
f 2236 2234 2244
f 2236 2244 2246
f 2246 2244 2245
f 2246 2245 2247
f 2245 2226 2229
f 2245 2229 2248
f 2248 2229 2230
f 2248 2230 2249
f 2250 2247 2245
f 2245 2248 2250
f 2251 2250 2248
f 2248 2249 2251
f 2252 2240 2236
f 2236 2246 2252
f 2253 2252 2246
f 2246 2247 2253
f 2254 2243 2240
f 2240 2252 2254
f 2255 2254 2252
f 2252 2253 2255
f 2256 2253 2247
f 2247 2250 2256
f 2257 2256 2250
f 2250 2251 2257
f 2258 2255 2253
f 2253 2256 2258
f 2259 2258 2256
f 2256 2257 2259
f 2220 572 592
f 2220 592 2260
f 2261 2260 592
f 592 593 2261
f 2222 2220 2260
f 2222 2260 2262
f 2263 2262 2260
f 2260 2261 2263
f 2264 2261 593
f 593 598 2264
f 2265 2264 598
f 598 599 2265
f 2266 2263 2261
f 2261 2264 2266
f 2267 2266 2264
f 2264 2265 2267
f 2228 2222 2262
f 2228 2262 2268
f 2269 2268 2262
f 2262 2263 2269
f 2230 2228 2268
f 2230 2268 2270
f 2271 2270 2268
f 2268 2269 2271
f 2272 2269 2263
f 2263 2266 2272
f 2273 2272 2266
f 2266 2267 2273
f 2274 2271 2269
f 2269 2272 2274
f 2275 2274 2272
f 2272 2273 2275
f 2276 2267 2265
f 2265 599 601
f 2265 601 2276
f 2277 2276 601
f 601 602 2277
f 2278 2275 2273
f 2273 2267 2276
f 2273 2276 2278
f 2279 2278 2276
f 2276 2277 2279
f 2280 2249 2230
f 2230 2270 2280
f 2280 2270 2271
f 2280 2271 2281
f 2282 2251 2249
f 2249 2280 2282
f 2282 2280 2281
f 2282 2281 2283
f 2281 2271 2274
f 2281 2274 2284
f 2284 2274 2275
f 2284 2275 2285
f 2283 2281 2284
f 2283 2284 2286
f 2286 2284 2285
f 2286 2285 2287
f 2257 2251 2282
f 2257 2282 2288
f 2288 2282 2283
f 2288 2283 2289
f 2259 2257 2288
f 2259 2288 2290
f 2290 2288 2289
f 2290 2289 2291
f 2289 2283 2286
f 2289 2286 2292
f 2292 2286 2287
f 2292 2287 2293
f 2291 2289 2292
f 2291 2292 2294
f 2294 2292 2293
f 2294 2293 2295
f 2298 2287 2285
f 2278 2298 2285
f 2285 2275 2278
f 2298 2278 2296
f 2303 2296 2278
f 2303 2278 2279
f 2303 2279 2297
f 2293 2287 2298
f 2293 2298 2299
f 2299 2298 2296
f 2299 2296 2300
f 2295 2293 2299
f 2295 2299 2301
f 2302 2301 2299
f 2302 2299 2300
f 2304 2300 2296
f 2296 2303 2304
f 2304 2303 2297
f 2304 2297 2305
f 2306 2302 2304
f 2304 2302 2300
f 2306 2304 2305
f 2306 2305 2307
f 1911 1914 2308
f 2309 2308 1914
f 1914 1921 2309
f 1920 1899 2310
f 2310 1899 2203
f 2310 2203 2311
f 2311 2203 2314
f 2312 1919 1920
f 1920 2310 2312
f 2311 2312 2310
f 2312 2311 2313
f 2311 2314 2313
f 2313 2314 2315
f 2316 1919 2317
f 1921 2316 2318
f 1921 2318 2309
f 2317 2318 2316
f 2309 2318 2319
f 2320 2319 2318
f 2318 2317 2320
f 2312 2317 1919
f 2317 2312 2322
f 2317 2322 2321
f 2313 2322 2312
f 2321 2320 2317
f 2323 2319 2320
f 2321 2322 2324
f 2324 2322 2313
f 2324 2313 2315
f 2324 2315 2326
f 2324 2326 2325
f 2324 2323 2320
f 2324 2320 2321
f 2323 2324 2328
f 2323 2328 2327
f 2324 2325 2328
f 2325 2326 2330
f 2325 2330 2329
f 2329 2330 2331
f 2332 2327 2328
f 2328 2333 2332
f 2329 2333 2328
f 2329 2328 2325
f 2334 2332 2333
f 2331 2334 2333
f 2331 2333 2329
f 2335 2337 2334
f 2335 2334 2331
f 2338 2337 2335
f 2338 2335 2336
f 1910 2339 2089
f 2089 1839 1910
f 1911 2340 2339
f 1911 2339 1910
f 2089 2339 2341
f 2341 2339 2340
f 2341 2340 2342
f 2341 2343 2091
f 2341 2091 2089
f 2342 2343 2341
f 2308 2340 1911
f 2344 2342 2340
f 2344 2340 2308
f 2308 2345 2344
f 2346 2345 2308
f 2346 2308 2309
f 2347 2096 2091
f 2091 2343 2347
f 2348 2347 2343
f 2343 2342 2348
f 2096 2347 2349
f 2350 2349 2347
f 2347 2348 2350
f 2348 2351 2350
f 2352 2345 2346
f 2345 2353 2348
f 2344 2345 2348
f 2348 2342 2344
f 2352 2353 2345
f 2354 2351 2348
f 2348 2353 2354
f 2355 2354 2353
f 2355 2353 2352
f 2349 2100 2096
f 2319 2346 2309
f 2356 2352 2346
f 2346 2319 2356
f 2319 2323 2356
f 2357 2352 2356
f 2356 2323 2327
f 2327 2357 2356
f 2357 2355 2352
f 2359 2351 2354
f 2358 2359 2354
f 2354 2355 2358
f 2360 2359 2358
f 2362 2125 2100
f 2100 2349 2362
f 2350 2351 2363
f 2363 2362 2350
f 2362 2349 2350
f 2364 2127 2125
f 2125 2362 2364
f 2365 2364 2362
f 2362 2363 2365
f 2359 2363 2351
f 2359 2366 2365
f 2359 2365 2363
f 2360 2366 2359
f 2405 2135 2133
f 2368 2405 2133
f 2133 2127 2364
f 2133 2364 2368
f 2364 2365 2368
f 2405 2368 2367
f 2369 2368 2365
f 2365 2366 2369
f 2360 2361 2369
f 2369 2366 2360
f 2370 2368 2369
f 2369 2371 2370
f 2372 2371 2369
f 2369 2361 2372
f 2370 2367 2368
f 2373 2357 2327
f 2373 2327 2374
f 2375 2373 2374
f 2374 2376 2375
f 2373 2358 2355
f 2373 2355 2357
f 2377 2360 2358
f 2358 2373 2377
f 2373 2375 2377
f 2327 2332 2374
f 2332 2334 2376
f 2376 2374 2332
f 2378 2375 2376
f 2361 2360 2377
f 2361 2377 2379
f 2375 2378 2379
f 2379 2377 2375
f 2380 2361 2379
f 2379 2381 2380
f 2378 2419 2381
f 2381 2379 2378
f 2334 2337 2378
f 2378 2376 2334
f 2338 2419 2378
f 2338 2378 2337
f 2361 2380 2372
f 2314 2203 2238
f 2382 2314 2238
f 2238 2242 2382
f 2382 2242 2383
f 2243 2383 2242
f 2382 2315 2314
f 2315 2382 2326
f 2382 2383 2326
f 2254 2384 2383
f 2254 2383 2243
f 2385 2384 2254
f 2254 2255 2385
f 2386 2326 2383
f 2383 2384 2386
f 2386 2384 2385
f 2386 2385 2387
f 2388 2385 2255
f 2255 2258 2388
f 2389 2388 2258
f 2258 2259 2389
f 2387 2385 2388
f 2387 2388 2390
f 2390 2388 2389
f 2390 2389 2391
f 2386 2330 2326
f 2387 2331 2330
f 2387 2330 2386
f 2390 2335 2331
f 2390 2331 2387
f 2391 2336 2335
f 2391 2335 2390
f 2393 2338 2336
f 2336 2392 2393
f 2394 2393 2392
f 2392 2395 2394
f 2396 2394 2395
f 2395 2466 2396
f 2397 2396 2466
f 2466 2467 2397
f 2400 2397 2467
f 2467 2398 2400
f 2401 2400 2398
f 2398 2399 2401
f 2402 3612 2403
f 2401 2399 2402
f 2401 2402 2404
f 2404 2402 2403
f 2404 2403 2452
f 2406 2189 2135
f 2135 2405 2406
f 2407 2406 2405
f 2405 2367 2407
f 2190 2189 2406
f 2408 2190 2406
f 2409 2408 2406
f 2406 2407 2409
f 2370 2371 2410
f 2410 2371 2372
f 2410 2372 2411
f 2412 2410 2411
f 2370 2410 2407
f 2407 2367 2370
f 2413 2409 2407
f 2407 2410 2413
f 2410 2412 2413
f 2414 2408 2409
f 2416 2414 2409
f 2409 2413 2416
f 2412 2415 2416
f 2416 2413 2412
f 2417 2414 2416
f 2416 2418 2417
f 2432 2418 2416
f 2416 2415 2432
f 2420 2380 2381
f 2419 2422 2420
f 2419 2420 2381
f 2420 2422 2423
f 2420 2423 2421
f 2419 2338 2393
f 2419 2393 2422
f 2423 2422 2393
f 2393 2394 2423
f 2424 2421 2423
f 2423 2425 2424
f 2426 2424 2425
f 2427 2423 2394
f 2394 2428 2427
f 2396 2428 2394
f 2427 2428 2430
f 2427 2430 2429
f 2397 2430 2428
f 2397 2428 2396
f 2427 2425 2423
f 2429 2426 2425
f 2429 2425 2427
f 2380 2420 2411
f 2411 2372 2380
f 2420 2421 2412
f 2420 2412 2411
f 2415 2412 2421
f 2415 2421 2431
f 2421 2424 2431
f 2432 2415 2431
f 2431 2433 2432
f 2424 2426 2433
f 2433 2431 2424
f 2434 2417 2418
f 2435 2434 2418
f 2418 2432 2435
f 2437 2436 2434
f 2434 2435 2437
f 2438 2436 2437
f 2438 2437 2439
f 2440 2438 2439
f 2440 2439 2441
f 2429 2430 2444
f 2400 2444 2430
f 2400 2430 2397
f 2401 2445 2444
f 2401 2444 2400
f 2444 2442 2426
f 2444 2426 2429
f 2445 2443 2442
f 2445 2442 2444
f 2446 2448 2447
f 2445 2450 2449
f 2401 2404 2450
f 2450 2445 2401
f 2451 2449 2450
f 2450 2452 2451
f 2452 2450 2404
f 2449 2446 2443
f 2449 2443 2445
f 2449 2451 2448
f 2448 2446 2449
f 2453 2432 2433
f 2426 2442 2453
f 2453 2433 2426
f 2442 2443 2454
f 2454 2453 2442
f 2432 2453 2435
f 2453 2454 2437
f 2437 2435 2453
f 2446 2455 2454
f 2446 2454 2443
f 2455 2457 2456
f 2447 2457 2455
f 2447 2455 2446
f 2455 2439 2437
f 2455 2437 2454
f 2456 2441 2439
f 2456 2439 2455
f 2389 2259 2290
f 2389 2290 2458
f 2458 2290 2291
f 2458 2291 2459
f 2460 2391 2389
f 2389 2458 2460
f 2461 2460 2458
f 2458 2459 2461
f 2459 2291 2294
f 2459 2294 2462
f 2463 2462 2294
f 2463 2294 2295
f 2464 2461 2459
f 2459 2462 2464
f 2464 2462 2463
f 2465 2464 2463
f 2460 2392 2336
f 2460 2336 2391
f 2461 2395 2392
f 2461 2392 2460
f 2395 2461 2464
f 2395 2464 2466
f 2466 2464 2465
f 2466 2465 2467
f 2295 2301 2468
f 2468 2463 2295
f 2468 2302 2469
f 2302 2468 2301
f 2465 2463 2468
f 2465 2468 2470
f 2470 2468 2469
f 2470 2469 2471
f 2469 2302 2306
f 2469 2306 2472
f 2472 2306 2307
f 2472 2307 2473
f 2471 2469 2472
f 2471 2472 2474
f 2474 2472 2473
f 2474 2473 3612
f 2467 2465 2470
f 2467 2470 2398
f 2470 2471 2398
f 2471 2399 2398
f 2471 2474 2402
f 2402 2399 2471
f 3612 2402 2474
f 2170 2185 2475
f 2177 2476 2176
f 2170 2477 2177
f 2477 2170 2475
f 2477 2475 2478
f 2177 2477 2479
f 2177 2479 2476
f 2479 2477 2478
f 2479 2478 2480
f 2176 2476 2481
f 2176 2481 2178
f 2481 2476 2479
f 2482 2481 2479
f 2479 2480 2482
f 2182 2183 2483
f 2183 2184 2484
f 2484 2483 2183
f 2181 2485 2185
f 2181 2182 2486
f 2181 2486 2485
f 2475 2185 2485
f 2485 2487 2475
f 2487 2485 2486
f 2487 2486 2488
f 2486 2182 2483
f 2486 2483 2489
f 2489 2483 2484
f 2489 2484 2490
f 2488 2486 2489
f 2488 2489 2491
f 2491 2489 2490
f 2491 2490 2492
f 2484 2184 2186
f 2484 2186 2493
f 2494 2493 2186
f 2186 2187 2494
f 2188 2190 2497
f 2188 2497 2494
f 2494 2187 2188
f 2496 2492 2490
f 2490 2484 2493
f 2496 2490 2493
f 2493 2494 2496
f 2492 2496 2495
f 2498 2496 2494
f 2494 2497 2498
f 2499 2498 2497
f 2497 2190 2499
f 2500 2495 2496
f 2496 2498 2500
f 2501 2500 2498
f 2498 2499 2501
f 2478 2475 2487
f 2478 2487 2502
f 2502 2487 2488
f 2502 2488 2503
f 2480 2478 2502
f 2480 2502 2504
f 2504 2502 2503
f 2504 2503 2505
f 2506 2505 2503
f 2503 2488 2491
f 2506 2503 2491
f 2491 2492 2506
f 2482 2480 2504
f 2507 2482 2504
f 2504 2505 2507
f 2507 2505 2506
f 2507 2506 2508
f 2510 2506 2492
f 2492 2495 2510
f 2506 2510 2509
f 2511 2510 2495
f 2495 2500 2511
f 2512 2511 2500
f 2500 2501 2512
f 2513 2509 2510
f 2510 2511 2513
f 2514 2513 2511
f 2511 2512 2514
f 2520 2508 2506
f 2506 2509 2520
f 2508 2520 2515
f 2513 2514 2517
f 2513 2517 2516
f 2516 2517 2519
f 2518 2516 2519
f 2513 2516 2520
f 2513 2520 2509
f 2515 2520 2518
f 2520 2516 2518
f 2408 2521 2499
f 2499 2190 2408
f 2414 2521 2408
f 2522 2501 2499
f 2499 2521 2522
f 2414 2417 2522
f 2414 2522 2521
f 2523 2512 2501
f 2501 2522 2523
f 2524 2523 2522
f 2522 2417 2524
f 2525 2514 2512
f 2512 2523 2525
f 2526 2525 2523
f 2523 2524 2526
f 2417 2434 2524
f 2434 2436 2526
f 2526 2524 2434
f 2527 2517 2514
f 2514 2525 2527
f 2527 2525 2526
f 2527 2526 2528
f 2519 2517 2527
f 2519 2527 2529
f 2529 2527 2528
f 2529 2528 2530
f 2438 2528 2526
f 2438 2526 2436
f 2440 2530 2528
f 2440 2528 2438
f 2532 2531 2601
f 2533 2532 2601
f 2533 2601 2534
f 2534 2535 2533
f 2537 2539 2538
f 2541 2542 2546
f 2543 2545 2544
f 2546 2548 2547
f 2540 2547 2548
f 2548 2544 2540
f 2542 2543 2548
f 2542 2548 2546
f 2544 2548 2543
f 2550 2551 2554
f 2552 2553 2874
f 2554 2556 2555
f 2549 2555 2556
f 2556 2874 2549
f 2556 2551 2552
f 2551 2556 2554
f 2874 2556 2552
f 2558 2610 2540
f 2610 2558 2563
f 2563 2557 2610
f 2559 2561 2560
f 2559 2558 2562
f 2561 2559 2562
f 2561 2562 2549
f 2536 2557 2563
f 2563 2559 2537
f 2563 2537 2536
f 2560 2539 2537
f 2560 2537 2559
f 2559 2563 2558
f 2544 2554 2558
f 2558 2540 2544
f 2554 2544 2550
f 2544 2545 2550
f 2555 2562 2558
f 2554 2555 2558
f 2549 2562 2555
f 2566 2569 2567
f 2569 2571 2570
f 2570 2571 2564
f 2570 2564 2565
f 2568 2570 2565
f 2572 2568 2573
f 2567 2569 2570
f 2572 2567 2570
f 2568 2572 2570
f 2576 2557 2577
f 2578 2577 2579
f 2565 2576 2578
f 2576 2577 2578
f 2580 2582 2581
f 2577 2557 2536
f 2580 2577 2536
f 2580 2536 2537
f 2537 2538 2582
f 2582 2580 2537
f 2579 2577 2580
f 2574 2579 2580
f 2580 2581 2574
f 2581 2575 2574
f 2585 2583 2586
f 2583 2574 2587
f 2588 2587 2574
f 2574 2575 2588
f 2586 2583 2587
f 2586 2587 2589
f 2589 2587 2588
f 2589 2588 2590
f 2568 2578 2591
f 2591 2578 2579
f 2583 2591 2579
f 2578 2568 2565
f 2573 2568 2591
f 2584 2573 2591
f 2591 2585 2584
f 2583 2585 2591
f 2574 2583 2579
f 2603 2594 2597
f 2594 2596 2595
f 2592 2595 2596
f 2596 2540 2593
f 2596 2593 2592
f 2597 2599 2598
f 2598 2599 2592
f 2564 2598 2592
f 2564 2592 2593
f 2593 2565 2564
f 2594 2595 2597
f 2595 2599 2597
f 2592 2599 2595
f 2600 2546 2594
f 2600 2531 2541
f 2541 2546 2600
f 2601 2600 2603
f 2603 2600 2594
f 2601 2531 2600
f 2546 2547 2596
f 2546 2596 2594
f 2540 2596 2547
f 2606 2597 2569
f 2602 2603 2606
f 2597 2606 2603
f 2604 2606 2605
f 2566 2605 2606
f 2606 2569 2566
f 2606 2607 2602
f 2607 2606 2604
f 2569 2597 2598
f 2598 2571 2569
f 2564 2571 2598
f 2602 2534 2601
f 2601 2603 2602
f 2607 2608 2534
f 2534 2602 2607
f 2608 2609 2535
f 2535 2534 2608
f 2593 2610 2576
f 2610 2557 2576
f 2610 2593 2540
f 2576 2565 2593
f 2612 2614 2611
f 2613 2615 2614
f 2616 2615 2613
f 2617 2613 2614
f 2612 2617 2614
f 2624 2616 2613
f 2624 2613 2617
f 2618 2611 2531
f 2618 2619 2612
f 2612 2611 2618
f 2532 2620 2618
f 2618 2531 2532
f 2620 2621 2619
f 2619 2618 2620
f 2622 2617 2612
f 2622 2612 2619
f 2617 2623 2624
f 2623 2617 2622
f 2621 2625 2622
f 2622 2619 2621
f 2622 2625 2623
f 2627 2620 2532
f 2627 2532 2533
f 2626 2678 2621
f 2626 2621 2620
f 2626 2620 2627
f 2533 2535 2627
f 2621 2678 2625
f 2628 2632 2631
f 2629 2631 2632
f 2629 2632 2645
f 2645 2630 2629
f 2637 2634 2633
f 2628 2635 2633
f 2636 2637 2635
f 2637 2633 2635
f 2639 2640 2645
f 2638 2633 2634
f 2634 616 2639
f 2634 2639 2638
f 617 2640 2639
f 616 617 2639
f 2638 2639 2632
f 2632 2628 2633
f 2632 2633 2638
f 2645 2632 2639
f 2641 2643 2642
f 2614 2644 2641
f 2644 2628 2643
f 2644 2643 2641
f 2611 2641 2541
f 2641 2642 2542
f 2641 2542 2541
f 2641 2611 2614
f 2642 2643 2631
f 2543 2642 2631
f 2629 2630 2545
f 2545 2543 2631
f 2545 2631 2629
f 2631 2643 2628
f 2543 2542 2642
f 2644 2614 2615
f 2615 2635 2644
f 2628 2644 2635
f 2636 2635 2615
f 2615 2616 2636
f 2630 2645 2646
f 2550 2630 2646
f 2646 622 2551
f 2646 2551 2550
f 623 2553 2552
f 622 623 2552
f 2552 2551 622
f 2646 2645 2640
f 2640 628 2646
f 622 2646 628
f 628 2640 617
f 2550 2545 2630
f 2649 634 2634
f 2649 2634 2637
f 2647 633 634
f 2649 2647 634
f 2648 2649 2637
f 2648 2637 2636
f 2650 2649 2648
f 2647 2649 2650
f 634 616 2634
f 2651 638 633
f 2651 633 2647
f 2652 2651 2647
f 2652 2647 2650
f 2653 642 638
f 2653 638 2651
f 2653 2654 642
f 2652 2655 2651
f 2653 2651 2655
f 2655 2656 2657
f 2657 2654 2653
f 2657 2653 2655
f 2616 2658 2648
f 2648 2636 2616
f 2659 2650 2648
f 2659 2648 2658
f 2659 2662 2650
f 2624 2660 2658
f 2658 2616 2624
f 2658 2660 2659
f 2659 2661 2662
f 2661 2659 2660
f 2694 2662 2661
f 2652 2650 2662
f 2662 2663 2664
f 2664 2655 2652
f 2664 2652 2662
f 2665 2664 2663
f 2665 2666 2656
f 2656 2655 2664
f 2656 2664 2665
f 2662 2694 2663
f 2667 2665 2694
f 2665 2663 2694
f 2665 2667 2666
f 2668 2657 2656
f 2666 2669 2670
f 2666 2670 2668
f 2668 2656 2666
f 2667 2671 2669
f 2669 2666 2667
f 2671 2672 2673
f 2671 2673 2669
f 2541 2531 2611
f 2674 2624 2623
f 2623 2675 2676
f 2676 2674 2623
f 2675 2623 2625
f 2677 2676 2675
f 2609 2679 2627
f 2627 2535 2609
f 2626 2679 2680
f 2680 2678 2626
f 2679 2626 2627
f 2681 2680 2679
f 2682 2625 2678
f 2625 2682 2675
f 2683 2684 2685
f 2685 2677 2683
f 2683 2677 2675
f 2675 2682 2683
f 2678 2680 2682
f 2680 2686 2683
f 2683 2682 2680
f 2686 2680 2681
f 2683 2686 2684
f 2687 2685 2684
f 2688 2686 2681
f 2687 2684 2686
f 2687 2686 2688
f 2689 2687 2688
f 2624 2690 2660
f 2690 2624 2674
f 2690 2691 2660
f 2661 2660 2691
f 2674 2676 2690
f 2676 2692 2691
f 2691 2690 2676
f 2692 2676 2677
f 2661 2693 2694
f 2693 2661 2691
f 2695 2694 2693
f 2696 2691 2692
f 2691 2696 2693
f 2697 2698 2695
f 2697 2695 2693
f 2696 2697 2693
f 2695 2698 2667
f 2667 2694 2695
f 2677 2685 2692
f 2696 2692 2687
f 2692 2685 2687
f 2704 2696 2687
f 2696 2704 2697
f 2687 2689 2704
f 2699 2698 2697
f 2667 2698 2700
f 2667 2700 2671
f 2701 2672 2671
f 2701 2671 2700
f 2699 2706 2700
f 2700 2698 2699
f 2706 2712 2700
f 2700 2712 2701
f 2715 2702 2703
f 2703 2672 2701
f 2715 2703 2701
f 2701 2712 2715
f 2705 2706 2699
f 2705 2699 2697
f 2704 2705 2697
f 2707 2706 2705
f 2708 2709 2704
f 2689 2708 2704
f 2710 2709 2708
f 2704 2709 2705
f 2710 2828 2707
f 2707 2705 2710
f 2705 2709 2710
f 2711 2707 2828
f 2712 2706 2707
f 2713 2712 2707
f 2712 2713 2715
f 2714 2717 2702
f 2714 2702 2715
f 2715 2713 2714
f 2707 2711 2713
f 2716 2717 2714
f 2716 2714 2713
f 2711 2716 2713
f 2721 2573 2718
f 2718 2720 2721
f 2720 2718 2719
f 2722 2723 2566
f 2566 2567 2722
f 2724 2727 2723
f 2723 2722 2724
f 2721 2722 2572
f 2572 2573 2721
f 2572 2722 2567
f 2721 2724 2722
f 2724 2721 2720
f 2726 2725 2720
f 2720 2719 2726
f 2726 2731 2725
f 2724 2729 2727
f 2728 2729 2724
f 2728 2724 2720
f 2728 2720 2725
f 2725 2730 2728
f 2731 2774 2730
f 2731 2730 2725
f 2730 2732 2729
f 2730 2729 2728
f 2732 2730 2774
f 2733 2735 2734
f 2718 2573 2584
f 2585 2733 2718
f 2718 2584 2585
f 2585 2586 2735
f 2735 2733 2585
f 2719 2733 2736
f 2736 2733 2734
f 2736 2734 2737
f 2733 2719 2718
f 2738 2734 2735
f 2735 2589 2738
f 2739 2738 2589
f 2589 2590 2739
f 2589 2735 2586
f 2737 2734 2738
f 2737 2738 2740
f 2741 2740 2738
f 2738 2739 2741
f 2726 2719 2736
f 2726 2736 2742
f 2742 2736 2737
f 2742 2737 2743
f 2742 2744 2726
f 2744 2742 2743
f 2744 2743 2745
f 2744 2731 2726
f 2743 2737 2740
f 2743 2740 2746
f 2746 2740 2741
f 2746 2741 2747
f 2745 2743 2746
f 2745 2746 2748
f 2746 2747 2749
f 2746 2749 2748
f 2750 2604 2605
f 2750 2605 2723
f 2566 2723 2605
f 2750 2751 2607
f 2607 2604 2750
f 2752 2750 2723
f 2752 2723 2727
f 2753 2751 2750
f 2753 2750 2752
f 2751 2754 2608
f 2608 2607 2751
f 2755 2609 2754
f 2609 2608 2754
f 2753 2756 2754
f 2754 2751 2753
f 2754 2756 2755
f 2765 2755 2756
f 2727 2757 2752
f 2757 2727 2729
f 2752 2757 2758
f 2752 2758 2753
f 2757 2759 2758
f 2729 2760 2757
f 2759 2757 2760
f 2760 2761 2759
f 2760 2729 2732
f 2760 2732 2762
f 2763 2761 2760
f 2760 2762 2763
f 2762 2768 2763
f 2753 2758 2756
f 2759 2764 2756
f 2756 2758 2759
f 2756 2764 2765
f 2759 2761 2764
f 2764 2766 2765
f 2767 2764 2761
f 2761 2763 2767
f 2763 2768 2769
f 2769 2767 2763
f 2766 2764 2767
f 2770 2766 2767
f 2767 2769 2770
f 2771 2769 2768
f 2772 2770 2769
f 2772 2769 2771
f 2773 2772 2771
f 2774 2775 2732
f 2744 2776 2731
f 2744 2745 2777
f 2744 2777 2776
f 2778 2777 2745
f 2745 2748 2778
f 2749 2779 2778
f 2748 2749 2778
f 2776 2780 2774
f 2776 2774 2731
f 2780 2776 2777
f 2780 2777 2781
f 2782 2775 2774
f 2774 2780 2782
f 2783 2782 2780
f 2780 2781 2783
f 2781 2777 2778
f 2781 2778 2784
f 2785 2784 2778
f 2778 2779 2785
f 2786 2783 2781
f 2781 2784 2786
f 2786 2784 2785
f 2786 2785 2787
f 2762 2732 2775
f 2775 2788 2762
f 2768 2762 2788
f 2789 2788 2775
f 2775 2782 2789
f 2790 2789 2782
f 2782 2783 2790
f 2791 2768 2788
f 2788 2789 2791
f 2792 2791 2789
f 2789 2790 2792
f 2793 2790 2783
f 2783 2786 2793
f 2794 2793 2786
f 2786 2787 2794
f 2795 2792 2790
f 2790 2793 2795
f 2796 2795 2793
f 2793 2794 2796
f 2771 2768 2791
f 2797 2771 2791
f 2791 2792 2797
f 2771 2797 2773
f 2798 2797 2792
f 2792 2795 2798
f 2799 2798 2795
f 2795 2796 2799
f 2773 2797 2798
f 2798 2800 2773
f 2801 2800 2798
f 2798 2799 2801
f 2609 2755 2679
f 2802 2679 2755
f 2681 2679 2802
f 2765 2802 2755
f 2803 2681 2802
f 2804 2802 2765
f 2803 2802 2804
f 2804 2806 2803
f 2688 2681 2803
f 2807 2688 2803
f 2688 2807 2689
f 2803 2806 2807
f 2804 2765 2766
f 2805 2804 2766
f 2804 2805 2806
f 2766 2770 2805
f 2807 2808 2809
f 2807 2809 2689
f 2810 2809 2808
f 2807 2806 2811
f 2811 2812 2807
f 2813 2812 2811
f 2807 2812 2808
f 2810 2808 2812
f 2810 2812 2813
f 2814 2810 2813
f 2815 2817 2816
f 2815 2816 2806
f 2806 2805 2815
f 2819 2816 2817
f 2815 2805 2770
f 2770 2772 2815
f 2772 2817 2815
f 2818 2817 2772
f 2772 2773 2818
f 2817 2818 2819
f 2800 2820 2818
f 2773 2800 2818
f 2821 2820 2800
f 2818 2820 2822
f 2818 2822 2819
f 2823 2822 2820
f 2823 2820 2821
f 2806 2816 2811
f 2813 2811 2816
f 2816 2819 2813
f 2819 2824 2825
f 2825 2813 2819
f 2826 2825 2824
f 2813 2825 2814
f 2825 2827 2814
f 2827 2825 2826
f 2819 2822 2824
f 2824 2822 2823
f 2826 2824 2823
f 2689 2809 2708
f 2828 2710 2810
f 2710 2708 2810
f 2708 2809 2810
f 2829 2828 2810
f 2828 2829 2711
f 2829 2830 2711
f 2810 2814 2829
f 2814 2831 2832
f 2814 2832 2829
f 2829 2832 2830
f 2711 2830 2716
f 2814 2827 2831
f 2821 2800 2801
f 2834 2538 2539
f 2539 2878 2834
f 2834 2878 2833
f 2835 2834 2833
f 2836 2838 2837
f 2835 2833 2836
f 2835 2836 2839
f 2836 2837 2839
f 2837 2840 2839
f 2841 2843 2842
f 2844 2846 2845
f 2853 2847 2843
f 2848 2850 2849
f 673 2849 2850
f 2850 672 673
f 2853 2849 673
f 673 2847 2853
f 2851 2853 2852
f 2841 2852 2853
f 2853 2843 2841
f 2845 2846 2848
f 2851 2845 2848
f 2848 2849 2851
f 2849 2853 2851
f 2855 2841 2842
f 2855 2842 2854
f 2857 2856 2854
f 2858 2901 2855
f 2856 2858 2855
f 2855 2854 2856
f 2861 2837 2838
f 2838 2844 2861
f 2861 2844 2845
f 2859 2861 2845
f 2845 2860 2859
f 2840 2863 2862
f 2862 2863 2859
f 2901 2862 2859
f 2859 2860 2901
f 2837 2861 2863
f 2863 2840 2837
f 2859 2863 2861
f 2860 2851 2852
f 2860 2852 2855
f 2841 2855 2852
f 2851 2860 2845
f 2860 2855 2901
f 2549 2866 2865
f 2865 2866 2867
f 2864 2865 2867
f 2868 2870 2869
f 2871 2873 2872
f 2867 2868 2871
f 2867 2871 2864
f 2869 2873 2871
f 2869 2871 2868
f 2874 2876 2875
f 2875 2876 674
f 2875 674 2867
f 2553 2877 2876
f 2553 2876 2874
f 674 2876 2877
f 2874 2875 2866
f 2866 2549 2874
f 2867 2866 2875
f 674 679 2867
f 679 680 2868
f 679 2868 2867
f 681 2870 2868
f 681 2868 680
f 2560 2561 2865
f 2560 2865 2878
f 2833 2878 2865
f 2833 2865 2864
f 2865 2561 2549
f 2878 2539 2560
f 2871 2836 2833
f 2871 2833 2864
f 2872 2838 2836
f 2872 2836 2871
f 2879 2881 2880
f 2879 2869 2870
f 2870 687 2879
f 687 688 2879
f 688 2881 2879
f 2844 2872 2873
f 2873 2879 2844
f 2879 2880 2844
f 2880 2846 2844
f 2879 2873 2869
f 2848 2880 2881
f 2850 2881 692
f 2881 2850 2848
f 672 2850 692
f 692 2881 688
f 2848 2846 2880
f 687 2870 681
f 2844 2838 2872
f 2884 2886 2885
f 2887 2581 2582
f 2582 2834 2887
f 2888 2887 2834
f 2834 2835 2888
f 2834 2582 2538
f 2581 2887 2882
f 2882 2575 2581
f 2887 2888 2883
f 2883 2882 2887
f 2889 2888 2835
f 2835 2839 2889
f 2890 2889 2839
f 2839 2840 2890
f 2889 2884 2883
f 2889 2883 2888
f 2889 2890 2886
f 2886 2884 2889
f 2588 2575 2882
f 2588 2882 2891
f 2892 2891 2882
f 2882 2883 2892
f 2590 2588 2891
f 2590 2891 2893
f 2894 2893 2891
f 2891 2892 2894
f 2895 2892 2883
f 2883 2884 2895
f 2895 2884 2885
f 2895 2885 2896
f 2897 2894 2892
f 2892 2895 2897
f 2897 2895 2896
f 2897 2896 2898
f 2899 2901 2900
f 2902 2885 2886
f 2886 2899 2902
f 2902 2899 2900
f 2902 2900 2906
f 2903 2856 2857
f 2903 2857 1512
f 2858 2900 2901
f 2900 2858 2903
f 2856 2903 2858
f 2904 2906 2903
f 1512 2904 2903
f 2904 1512 1510
f 2900 2903 2906
f 2890 2840 2862
f 2890 2862 2899
f 2862 2901 2899
f 2899 2886 2890
f 2908 2906 2905
f 2896 2885 2902
f 2896 2902 2908
f 2902 2906 2908
f 2909 2907 2908
f 2908 2905 2909
f 2907 2898 2896
f 2896 2908 2907
f 2904 2905 2906
f 2905 2904 1513
f 1510 1513 2904
f 1515 2909 2905
f 2905 1513 1515
f 1530 2912 706
f 2843 707 2912
f 2912 707 706
f 2910 2912 2911
f 1530 2911 2912
f 2911 1530 1529
f 2910 2842 2843
f 2843 2912 2910
f 1530 706 5
f 2843 2847 707
f 1538 2854 2910
f 2910 2911 1538
f 2911 1529 1538
f 2910 2854 2842
f 1538 2857 2854
f 2857 1538 1537
f 2857 1537 1512
f 2877 2553 623
f 2913 2703 2702
f 2717 2914 2913
f 2913 2702 2717
f 2917 2913 2914
f 2915 2717 2716
f 2914 2717 2915
f 2916 2917 2914
f 2916 2914 2915
f 2916 2918 2919
f 2919 2917 2916
f 2920 2919 2918
f 2923 2924 2922
f 2926 3287 2925
f 2923 2927 2925
f 2925 2924 2923
f 2927 2928 2926
f 2927 2926 2925
f 2739 2590 2893
f 2739 2893 2929
f 2929 2893 2930
f 2894 2930 2893
f 2931 2741 2739
f 2739 2929 2931
f 2932 2931 2929
f 2929 2930 2932
f 2930 2894 2897
f 2930 2897 2933
f 2933 2897 2898
f 2933 2898 2943
f 2932 2930 2933
f 2932 2933 2934
f 2935 2934 2933
f 2933 2943 2935
f 2747 2741 2931
f 2936 2747 2931
f 2932 2936 2931
f 2936 2932 2937
f 2936 2749 2747
f 2749 2936 2938
f 2938 2936 2937
f 2938 2937 2941
f 2937 2932 2934
f 2937 2934 2939
f 2940 2939 2934
f 2934 2935 2940
f 2941 2937 2939
f 2939 2942 2941
f 2940 2950 2942
f 2940 2942 2939
f 2944 2943 2907
f 2944 2907 2909
f 2944 2909 1597
f 2898 2907 2943
f 2945 2943 2944
f 1600 2945 2944
f 2944 1597 1600
f 2935 2943 2945
f 2909 1515 1597
f 2948 2947 2946
f 2946 2945 1600
f 2946 1600 2948
f 2940 2935 2945
f 2940 2945 2946
f 2940 2946 2947
f 2948 2949 2947
f 2951 2950 2940
f 2940 2947 2951
f 2951 2947 2949
f 1603 2948 1600
f 1605 2949 2948
f 2948 1603 1605
f 2938 2779 2749
f 2952 2785 2779
f 2779 2938 2952
f 2953 2952 2938
f 2938 2941 2953
f 2954 2787 2785
f 2785 2952 2954
f 2955 2954 2952
f 2952 2953 2955
f 2942 2956 2953
f 2941 2942 2953
f 2950 2957 2956
f 2950 2956 2942
f 2956 2958 2955
f 2955 2953 2956
f 2959 2958 2956
f 2956 2957 2959
f 2958 2959 2960
f 2951 2949 2966
f 2949 1605 2961
f 2961 1605 1606
f 2966 2949 2961
f 2961 1606 2962
f 2961 2963 2966
f 2963 2961 2962
f 2963 2962 2964
f 2951 2965 2957
f 2957 2950 2951
f 2966 2965 2951
f 2959 2957 2965
f 2965 2966 2967
f 2959 2965 2968
f 2968 2960 2959
f 2968 2965 2967
f 2968 2967 2969
f 2963 2970 2967
f 2963 2967 2966
f 2970 2963 2964
f 2971 2969 2967
f 2967 2970 2971
f 2964 2972 2970
f 2970 2972 2973
f 2971 2970 2973
f 2794 2787 2954
f 2794 2954 2974
f 2975 2974 2954
f 2954 2955 2975
f 2976 2796 2794
f 2794 2974 2976
f 2975 2977 2976
f 2976 2974 2975
f 2975 2955 2958
f 2975 2958 2978
f 2978 2958 2960
f 2978 2960 2979
f 2977 2975 2978
f 2977 2978 2980
f 2980 2978 2979
f 2980 2979 2981
f 2982 2801 2799
f 2799 2796 2976
f 2982 2799 2976
f 2976 2977 2982
f 2982 2977 2980
f 2988 2982 2980
f 2980 2981 2988
f 2982 2988 2983
f 2979 2960 2968
f 2979 2968 2984
f 2984 2968 2969
f 2984 2969 2985
f 2981 2979 2984
f 2981 2984 2986
f 2986 2984 2985
f 2986 2985 2987
f 2995 2985 2969
f 2995 2969 2971
f 2995 2997 2987
f 2987 2985 2995
f 2989 2988 2981
f 2981 2986 2989
f 2990 2989 2986
f 2986 2987 2990
f 2991 2983 2988
f 2988 2989 2991
f 2992 2991 2989
f 2989 2990 2992
f 2997 2993 2990
f 2990 2987 2997
f 2994 2992 2990
f 2990 2993 2994
f 2993 3025 2994
f 2995 2971 2973
f 2995 2973 2996
f 2998 2997 2995
f 2995 2996 2998
f 2999 2993 2997
f 2997 2998 2999
f 2993 2999 3025
f 3000 2962 1606
f 1650 3000 1606
f 2964 2962 3000
f 1650 3001 3000
f 1651 1652 3002
f 1650 1651 3002
f 3002 3001 1650
f 3000 3001 3003
f 2964 3000 3003
f 3003 3001 3002
f 3003 3002 3004
f 3002 1652 1655
f 3002 1655 3005
f 1656 3006 3005
f 3005 1655 1656
f 3004 3002 3007
f 3002 3005 3007
f 3007 3005 3006
f 3007 3006 3008
f 2972 2964 3003
f 2972 3003 3009
f 3009 3003 3004
f 3009 3004 3010
f 2973 2972 3009
f 2973 3009 3011
f 3011 3009 3010
f 3011 3010 3012
f 3013 3010 3004
f 3013 3004 3007
f 3013 3016 3012
f 3012 3010 3013
f 3007 3014 3013
f 3014 3007 3008
f 3014 3008 3015
f 3016 3013 3014
f 3017 3016 3014
f 3014 3015 3017
f 3018 3006 1656
f 1656 1669 3018
f 1671 3018 1669
f 3018 1671 3019
f 3008 3006 3018
f 3008 3018 3020
f 3020 3018 3019
f 3020 3019 3021
f 3022 3021 3019
f 3019 1671 1672
f 3022 3019 1672
f 1672 1674 3022
f 3023 3017 3015
f 3015 3008 3020
f 3015 3020 3023
f 3020 3021 3023
f 3024 3023 3021
f 3021 3022 3024
f 3026 2996 2973
f 2973 3011 3026
f 3027 3026 3011
f 3011 3012 3027
f 3028 2998 2996
f 2996 3026 3028
f 3029 3028 3026
f 3026 3027 3029
f 3016 3030 3027
f 3027 3012 3016
f 3031 3029 3027
f 3027 3030 3031
f 3030 3032 3031
f 3030 3016 3017
f 3017 3033 3030
f 3030 3033 3032
f 3034 2999 2998
f 2998 3028 3034
f 3035 3034 3028
f 3028 3029 3035
f 2999 3034 3025
f 3034 3036 3025
f 3037 3036 3034
f 3034 3035 3037
f 3038 3035 3029
f 3029 3031 3038
f 3039 3038 3031
f 3031 3032 3039
f 3040 3037 3035
f 3035 3038 3040
f 3041 3040 3038
f 3038 3039 3041
f 3044 3032 3033
f 3023 3044 3033
f 3033 3017 3023
f 3044 3023 3042
f 3053 3042 3023
f 3053 3023 3024
f 3053 3024 3043
f 3045 3039 3044
f 3039 3032 3044
f 3042 3046 3045
f 3042 3045 3044
f 3047 3041 3039
f 3039 3045 3047
f 3047 3045 3046
f 3047 3046 3048
f 3042 3053 3049
f 3049 3046 3042
f 3053 3043 3050
f 3050 3049 3053
f 3048 3046 3049
f 3048 3049 3051
f 3051 3049 3050
f 3051 3050 3052
f 3054 2823 2821
f 3055 2827 2826
f 3056 2826 2823
f 2823 3054 3056
f 3054 3057 3056
f 2826 3056 3055
f 3056 3057 3058
f 3056 3058 3055
f 3099 3060 3058
f 3059 3099 3058
f 3058 3057 3059
f 3061 3060 3099
f 3063 2832 2831
f 3062 2830 2832
f 3062 2832 3063
f 3064 3062 3063
f 3062 2915 2716
f 2716 2830 3062
f 3062 3065 3066
f 3066 2915 3062
f 2915 3066 2916
f 3062 3064 3065
f 3067 3066 3065
f 2918 2916 3066
f 2918 3066 3067
f 3068 2920 2918
f 3068 2918 3067
f 3064 3074 3067
f 3067 3065 3064
f 3074 3069 3070
f 3070 3067 3074
f 3067 3070 3068
f 3063 2831 2827
f 3063 2827 3055
f 3071 3072 3063
f 3055 3071 3063
f 3063 3072 3064
f 3055 3058 3071
f 3073 3072 3071
f 3073 3074 3064
f 3064 3072 3073
f 3075 3076 3074
f 3075 3074 3073
f 3071 3058 3060
f 3073 3071 3060
f 3077 3073 3060
f 3077 3060 3061
f 3073 3077 3075
f 3074 3076 3069
f 3068 3078 2921
f 2921 2920 3068
f 3078 3079 3080
f 3080 2921 3078
f 3081 3070 3069
f 3078 3068 3070
f 3070 3081 3078
f 3082 3079 3078
f 3078 3081 3082
f 3083 3080 3079
f 3094 3083 3079
f 3094 3079 3082
f 3095 3084 3083
f 3095 3083 3094
f 3085 3076 3075
f 3086 3087 3077
f 3086 3077 3061
f 3088 3087 3086
f 3075 3077 3087
f 3075 3087 3085
f 3085 3087 3088
f 3088 3089 3085
f 3092 3089 3088
f 3088 3090 3092
f 3093 3092 3090
f 3090 3091 3093
f 3081 3069 3076
f 3076 3085 3081
f 3085 3089 3082
f 3082 3081 3085
f 3089 3092 3094
f 3094 3082 3089
f 3092 3093 3095
f 3095 3094 3092
f 2982 3054 2821
f 2821 2801 2982
f 3054 2982 3096
f 3098 3096 2982
f 3098 2982 2983
f 3098 2983 3097
f 3054 3096 3057
f 3059 3057 3096
f 3096 3098 3059
f 3098 3099 3059
f 3100 3099 3098
f 3098 3097 3100
f 3061 3099 3100
f 3107 3097 2983
f 3107 2983 2991
f 3102 3107 2991
f 2991 2992 3102
f 3107 3102 3101
f 3103 3102 2992
f 2992 2994 3103
f 3104 3103 2994
f 2994 3025 3104
f 3105 3101 3102
f 3102 3103 3105
f 3106 3105 3103
f 3103 3104 3106
f 3108 3100 3107
f 3100 3097 3107
f 3109 3108 3107
f 3110 3061 3100
f 3100 3108 3110
f 3111 3110 3108
f 3108 3109 3111
f 3107 3101 3109
f 3112 3113 3111
f 3111 3109 3112
f 3115 3114 3113
f 3115 3113 3112
f 3109 3101 3105
f 3112 3109 3105
f 3115 3112 3105
f 3105 3106 3115
f 3061 3110 3086
f 3086 3110 3111
f 3086 3111 3088
f 3088 3111 3113
f 3088 3113 3090
f 3091 3090 3113
f 3113 3114 3091
f 3117 3180 3119
f 3118 3436 3119
f 3118 3119 3180
f 3121 3122 3120
f 3095 3140 3120
f 3120 3084 3095
f 3123 3121 3120
f 3123 3120 3140
f 3124 3125 3122
f 3124 3122 3121
f 3126 3127 3125
f 3126 3125 3124
f 3129 3130 3128
f 3121 3123 3128
f 3121 3128 3124
f 3124 3128 3130
f 3124 3130 3126
f 3093 3091 3131
f 3093 3131 3133
f 3133 3131 3132
f 3133 3132 3134
f 3135 3136 3137
f 3138 3167 3139
f 3134 3132 3138
f 3134 3138 3135
f 3136 3135 3138
f 3138 3139 3136
f 3133 3140 3095
f 3133 3095 3093
f 3133 3134 3123
f 3123 3140 3133
f 3134 3135 3128
f 3134 3128 3123
f 3129 3128 3135
f 3135 3137 3129
f 3143 3144 3141
f 3466 3142 3144
f 3466 3144 3143
f 3126 3145 2922
f 2922 3127 3126
f 3145 3146 2923
f 3145 2923 2922
f 3149 3145 3130
f 3149 3130 3129
f 3141 3146 3145
f 3149 3141 3145
f 3126 3130 3145
f 3147 2927 3146
f 3147 3142 2928
f 2928 2927 3147
f 2923 3146 2927
f 3146 3141 3144
f 3146 3144 3147
f 3147 3144 3142
f 3136 3150 3149
f 3149 3137 3136
f 3148 3141 3149
f 3148 3149 3150
f 3167 3116 3150
f 3150 3139 3167
f 3148 3116 3117
f 3116 3148 3150
f 3150 3136 3139
f 3148 3151 3152
f 3151 3436 3466
f 3466 3152 3151
f 3143 3141 3148
f 3148 3152 3143
f 3143 3152 3466
f 3151 3148 3117
f 3117 3119 3151
f 3436 3151 3119
f 3149 3129 3137
f 3036 3153 3104
f 3025 3036 3104
f 3154 3153 3036
f 3155 3106 3104
f 3104 3153 3155
f 3156 3155 3153
f 3153 3154 3156
f 3159 3156 3154
f 3154 3157 3159
f 3159 3157 3158
f 3159 3158 3160
f 3163 3161 3114
f 3163 3114 3115
f 3163 3164 3162
f 3162 3161 3163
f 3163 3115 3106
f 3106 3155 3163
f 3164 3163 3155
f 3155 3156 3164
f 3164 3168 3166
f 3166 3162 3164
f 3165 3167 3166
f 3165 3166 3168
f 3164 3156 3159
f 3164 3159 3168
f 3165 3168 3159
f 3165 3159 3160
f 3036 3037 3154
f 3154 3037 3040
f 3154 3040 3157
f 3158 3157 3040
f 3040 3041 3158
f 3169 3170 3171
f 3160 3158 3169
f 3160 3169 3172
f 3172 3169 3171
f 3172 3171 3173
f 3170 3051 3176
f 3176 3171 3170
f 3051 3052 3177
f 3177 3176 3051
f 3174 3173 3171
f 3174 3171 3176
f 3175 3174 3176
f 3176 3177 3175
f 3178 3173 3179
f 3167 3165 3178
f 3167 3178 3116
f 3116 3178 3179
f 3116 3179 3117
f 3178 3165 3160
f 3160 3172 3178
f 3173 3178 3172
f 3174 3180 3179
f 3174 3179 3173
f 3175 3118 3180
f 3180 3174 3175
f 3180 3117 3179
f 3169 3158 3041
f 3041 3047 3169
f 3170 3169 3047
f 3047 3048 3170
f 3051 3170 3048
f 3131 3091 3114
f 3114 3161 3131
f 3132 3131 3161
f 3161 3162 3132
f 3138 3132 3162
f 3162 3166 3138
f 3167 3138 3166
f 896 642 2654
f 3181 908 896
f 3181 896 2654
f 3182 908 3181
f 908 3182 909
f 2668 3183 3181
f 3181 2654 2657
f 3181 2657 2668
f 3184 3182 3181
f 3184 3181 3183
f 3185 3186 913
f 913 909 3182
f 913 3182 3185
f 3187 914 913
f 3187 913 3186
f 3184 3188 3185
f 3185 3182 3184
f 3185 3188 3186
f 3188 3189 3187
f 3187 3186 3188
f 2668 2670 3183
f 2669 3190 3184
f 3184 3183 2670
f 3184 2670 2669
f 2669 2673 3190
f 3191 3189 3188
f 3190 3191 3188
f 3188 3184 3190
f 2672 3191 3190
f 3190 2673 2672
f 2672 2703 3191
f 3192 987 914
f 3192 914 3187
f 3192 3193 988
f 988 987 3192
f 3194 3192 3187
f 3194 3187 3189
f 3195 3193 3192
f 3195 3192 3194
f 3196 988 3193
f 3196 3193 3195
f 992 988 3196
f 992 3196 993
f 3197 3195 3194
f 3191 3197 3194
f 3194 3189 3191
f 3198 3196 3195
f 3198 3195 3197
f 3199 3202 999
f 3199 999 993
f 993 3196 3199
f 3202 3200 3217
f 3217 1000 999
f 3217 999 3202
f 3201 3202 3199
f 3198 3201 3199
f 3199 3196 3198
f 3201 3203 3204
f 3204 3202 3201
f 3202 3204 3200
f 2913 3205 3197
f 2913 3197 3191
f 2913 3191 2703
f 3207 3206 3198
f 3198 3197 3207
f 3197 3205 3207
f 2913 2917 3205
f 2917 2919 3207
f 3207 3205 2917
f 3208 3206 3207
f 3208 3207 2919
f 2919 2920 3208
f 3209 3201 3198
f 3209 3198 3206
f 3212 3214 3253
f 3253 3203 3201
f 3212 3253 3201
f 3201 3209 3212
f 2921 3080 3210
f 3210 3209 3206
f 3210 3206 3208
f 2921 3210 3208
f 3208 2920 2921
f 3211 3212 3209
f 3210 3211 3209
f 3211 3213 3214
f 3214 3212 3211
f 3215 3211 3210
f 3215 3210 3080
f 3216 3213 3211
f 3216 3211 3215
f 3219 3218 1000
f 3219 1000 3217
f 3220 1043 3218
f 3220 3218 3219
f 3221 3219 3217
f 3221 3217 3200
f 3222 3220 3219
f 3222 3219 3221
f 3220 3223 1047
f 1047 1043 3220
f 3223 3224 1048
f 1048 1047 3223
f 3225 3223 3220
f 3225 3220 3222
f 3225 3226 3224
f 3224 3223 3225
f 3203 3227 3228
f 3228 3204 3203
f 3229 3228 3227
f 3231 3232 3230
f 3228 3221 3200
f 3228 3200 3204
f 3233 3222 3221
f 3233 3221 3228
f 3228 3229 3233
f 3234 3225 3222
f 3234 3222 3233
f 3234 3235 3226
f 3226 3225 3234
f 3234 3233 3229
f 3229 3230 3234
f 3234 3230 3232
f 3234 3232 3235
f 3237 1058 1064
f 3237 1064 3236
f 3238 3236 3243
f 3238 3239 3237
f 3237 3236 3238
f 3224 3240 1061
f 1061 1048 3224
f 3240 3241 1062
f 1062 1061 3240
f 3226 3242 3240
f 3240 3224 3226
f 3242 3243 3241
f 3241 3240 3242
f 3241 3236 1064
f 1064 1062 3241
f 3243 3236 3241
f 3245 3246 3244
f 3247 3244 3232
f 3247 3232 3231
f 3248 3245 3244
f 3247 3248 3244
f 3249 3238 3243
f 3249 3243 3246
f 3249 3246 3245
f 3249 3250 3239
f 3239 3238 3249
f 3248 3252 3249
f 3249 3245 3248
f 3251 3250 3252
f 3250 3249 3252
f 3235 3244 3242
f 3242 3226 3235
f 3242 3244 3246
f 3246 3243 3242
f 3235 3232 3244
f 3254 3227 3203
f 3254 3203 3253
f 3255 3229 3227
f 3255 3227 3254
f 3256 3254 3253
f 3256 3253 3214
f 3257 3255 3254
f 3257 3254 3256
f 3258 3230 3229
f 3258 3229 3255
f 3258 3259 3231
f 3231 3230 3258
f 3260 3258 3255
f 3260 3255 3257
f 3260 3269 3259
f 3259 3258 3260
f 3213 3261 3262
f 3262 3214 3213
f 3263 3262 3261
f 3214 3262 3256
f 3257 3256 3262
f 3262 3263 3257
f 3264 3261 3213
f 3264 3213 3216
f 3264 3265 3263
f 3263 3261 3264
f 3266 3267 3263
f 3268 3269 3267
f 3268 3267 3266
f 3257 3263 3267
f 3257 3267 3260
f 3260 3267 3269
f 3265 3125 3266
f 3266 3263 3265
f 3125 3127 3268
f 3268 3266 3125
f 3259 3270 3247
f 3247 3231 3259
f 3270 3271 3248
f 3248 3247 3270
f 3269 3272 3270
f 3270 3259 3269
f 3270 3272 3273
f 3273 3271 3270
f 3275 3251 3274
f 3271 3274 3252
f 3252 3248 3271
f 3252 3274 3251
f 3276 3274 3273
f 3276 3287 3275
f 3275 3274 3276
f 3271 3273 3274
f 3277 3272 3269
f 3277 3269 3268
f 3277 2924 3273
f 3273 3272 3277
f 2922 3277 3268
f 2922 3268 3127
f 3277 2922 2924
f 2924 2925 3276
f 3276 3273 2924
f 3276 2925 3287
f 3080 3083 3215
f 3216 3215 3083
f 3083 3084 3216
f 3216 3084 3120
f 3216 3120 3264
f 3264 3120 3122
f 3264 3122 3265
f 3265 3122 3125
f 3702 3278 1344
f 3278 3702 3703
f 3708 3291 3278
f 3278 3703 3708
f 3292 3291 3708
f 3708 3286 3292
f 3278 3280 1347
f 1347 1344 3278
f 3279 1348 1347
f 3279 1347 3280
f 3310 3282 3279
f 3279 3281 3310
f 3278 3291 3315
f 3315 3283 3280
f 3315 3280 3278
f 3281 3279 3280
f 3281 3280 3283
f 3285 3286 3289
f 3288 3289 3287
f 3288 3293 3285
f 3288 3285 3289
f 3290 3291 3295
f 3285 3295 3292
f 3292 3286 3285
f 3292 3295 3291
f 3294 3295 3293
f 3294 3306 3290
f 3290 3295 3294
f 3285 3293 3295
f 3298 3306 3297
f 3300 3297 3296
f 3300 3299 3298
f 3298 3297 3300
f 3302 3293 3301
f 2926 3301 3288
f 2926 3288 3287
f 3288 3301 3293
f 3465 3301 2928
f 3465 3296 3302
f 3302 3301 3465
f 2926 2928 3301
f 3302 3297 3294
f 3302 3294 3293
f 3294 3297 3306
f 3302 3296 3297
f 3304 3305 3303
f 3307 3308 3306
f 3309 3304 3303
f 3307 3309 3303
f 3303 3308 3307
f 3311 3310 3281
f 3311 3281 3305
f 3311 3305 3304
f 3311 3314 3282
f 3282 3310 3311
f 3313 3314 3312
f 3309 3312 3311
f 3311 3304 3309
f 3311 3312 3314
f 3290 3308 3315
f 3315 3291 3290
f 3315 3303 3305
f 3305 3283 3315
f 3303 3315 3308
f 3290 3306 3308
f 3283 3305 3281
f 3298 3316 3307
f 3307 3306 3298
f 3307 3316 3317
f 3317 3309 3307
f 3318 3316 3299
f 3319 3317 3316
f 3318 3319 3316
f 3298 3299 3316
f 3320 3312 3317
f 3320 3321 3313
f 3313 3312 3320
f 3309 3317 3312
f 3319 3452 3320
f 3320 3317 3319
f 3284 3321 3320
f 3284 3320 3452
f 3322 3323 1376
f 1376 1375 3322
f 3329 3324 3584
f 3584 1377 1376
f 3584 1376 3329
f 1376 3323 3329
f 3367 3325 3328
f 3328 3323 3322
f 3328 3322 3367
f 3326 3327 3324
f 3324 3329 3326
f 3330 3329 3323
f 3330 3323 3328
f 3330 3326 3329
f 3327 3326 3331
f 3332 3330 3328
f 3332 3328 3325
f 3332 3331 3326
f 3326 3330 3332
f 3333 1380 1348
f 3333 1348 3279
f 3333 3334 1381
f 1381 1380 3333
f 3360 3358 3333
f 3360 3333 3279
f 3279 3282 3360
f 3358 3335 3334
f 3334 3333 3358
f 3334 3322 1375
f 1375 1381 3334
f 3367 3322 3334
f 3334 3335 3367
f 3337 3338 3336
f 3341 3339 3338
f 3341 3338 3337
f 3341 3342 3340
f 3340 3339 3341
f 3343 3325 3367
f 3343 3367 3368
f 3345 3343 3368
f 3345 3368 3344
f 3347 3332 3325
f 3347 3325 3343
f 3347 3346 3331
f 3331 3332 3347
f 3345 3349 3347
f 3347 3343 3345
f 3349 3348 3346
f 3346 3347 3349
f 3350 3344 3340
f 3350 3351 3345
f 3345 3344 3350
f 3342 3352 3350
f 3350 3340 3342
f 3352 3353 3351
f 3351 3350 3352
f 3351 3355 3349
f 3349 3345 3351
f 3354 3348 3349
f 3354 3349 3355
f 3356 3354 3519
f 3353 3519 3355
f 3355 3351 3353
f 3519 3354 3355
f 3359 3358 3357
f 3357 3360 3282
f 3357 3282 3314
f 3360 3357 3358
f 3361 3357 3314
f 3361 3314 3313
f 3361 3362 3359
f 3359 3357 3361
f 3365 3363 3366
f 3359 3366 3335
f 3335 3358 3359
f 3365 3366 3359
f 3359 3362 3365
f 3321 3364 3361
f 3361 3313 3321
f 3364 3338 3362
f 3362 3361 3364
f 3321 3284 3336
f 3321 3336 3364
f 3364 3336 3338
f 3338 3339 3365
f 3365 3362 3338
f 3365 3339 3340
f 3340 3363 3365
f 3366 3368 3367
f 3367 3335 3366
f 3344 3368 3366
f 3344 3366 3363
f 3363 3340 3344
f 3022 1674 2173
f 3022 2173 3369
f 3370 3369 2173
f 2173 2178 3370
f 3371 3024 3022
f 3022 3369 3371
f 3372 3371 3369
f 3369 3370 3372
f 2178 3373 3370
f 3374 3375 3372
f 3373 3374 3372
f 3372 3370 3373
f 3376 3377 3375
f 3376 3375 3374
f 3043 3024 3371
f 3043 3371 3378
f 3379 3378 3371
f 3371 3372 3379
f 3380 3477 3050
f 3050 3043 3378
f 3050 3378 3380
f 3385 3380 3378
f 3378 3379 3385
f 3484 3385 3486
f 3386 3379 3372
f 3386 3372 3375
f 3386 3375 3390
f 3375 3393 3390
f 3400 3393 3375
f 3375 3377 3400
f 3393 3400 3384
f 3387 3385 3379
f 3379 3386 3387
f 3388 3387 3386
f 3386 3390 3388
f 3389 3486 3385
f 3385 3387 3389
f 3381 3389 3387
f 3387 3388 3381
f 3390 3393 3391
f 3391 3388 3390
f 3384 3392 3391
f 3384 3391 3393
f 3381 3388 3391
f 3381 3391 3382
f 3383 3382 3391
f 3391 3392 3383
f 3376 3394 3401
f 3401 3377 3376
f 3402 3400 3377
f 3377 3401 3402
f 3403 3402 3401
f 3403 3401 3394
f 3404 3384 3400
f 3400 3402 3404
f 3405 3404 3402
f 3402 3403 3405
f 3717 3406 3403
f 3717 3403 3394
f 3407 3406 3717
f 3408 3405 3403
f 3403 3406 3408
f 3409 3408 3406
f 3406 3407 3409
f 3404 3410 3392
f 3404 3392 3384
f 3405 3411 3410
f 3405 3410 3404
f 3396 3383 3392
f 3392 3410 3396
f 3397 3396 3410
f 3410 3411 3397
f 3412 3413 3411
f 3412 3411 3405
f 3414 3413 3412
f 3398 3397 3411
f 3411 3413 3398
f 3399 3398 3413
f 3413 3414 3399
f 3405 3408 3412
f 3412 3408 3409
f 3412 3409 3414
f 3417 3418 3419
f 3422 3409 3407
f 3407 3420 3422
f 3422 3420 3421
f 3422 3421 3423
f 3421 3424 3425
f 3424 3395 3426
f 3426 3425 3424
f 3423 3421 3425
f 3423 3425 3427
f 3427 3425 3426
f 3427 3426 3681
f 3415 3399 3414
f 3414 3428 3415
f 3415 3428 3429
f 3415 3429 3416
f 3414 3409 3422
f 3414 3422 3428
f 3429 3428 3422
f 3422 3423 3429
f 3429 3430 3431
f 3430 3681 3432
f 3432 3431 3430
f 3417 3416 3429
f 3429 3431 3417
f 3418 3417 3431
f 3431 3432 3418
f 3430 3429 3423
f 3423 3427 3430
f 3681 3430 3427
f 3434 3435 3433
f 3438 3439 3437
f 3441 3442 3440
f 3436 3118 3440
f 3436 3440 3437
f 3438 3437 3440
f 3440 3442 3438
f 3444 3433 3439
f 3444 3439 3438
f 3444 3446 3434
f 3434 3433 3444
f 3443 3444 3442
f 3443 3442 3441
f 3445 3446 3444
f 3445 3444 3443
f 3444 3438 3442
f 3449 3447 3435
f 3449 3435 3434
f 3450 3448 3447
f 3449 3450 3447
f 3451 3452 3448
f 3453 3284 3452
f 3453 3452 3451
f 3450 3454 3451
f 3451 3448 3450
f 3454 3455 3453
f 3453 3451 3454
f 3446 3457 3449
f 3449 3434 3446
f 3457 3459 3450
f 3450 3449 3457
f 3456 3457 3446
f 3456 3446 3445
f 3458 3459 3457
f 3458 3457 3456
f 3459 3462 3454
f 3454 3450 3459
f 3460 3455 3454
f 3460 3454 3462
f 3461 3462 3459
f 3461 3459 3458
f 3463 3460 3462
f 3463 3462 3461
f 3464 3465 3142
f 3464 3469 3296
f 3296 3465 3464
f 3468 3469 3467
f 3466 3467 3464
f 3466 3464 3142
f 3464 3467 3469
f 3470 3471 3469
f 3472 3299 3471
f 3472 3471 3470
f 3296 3469 3471
f 3471 3300 3296
f 3300 3471 3299
f 3468 3433 3470
f 3470 3469 3468
f 3470 3433 3435
f 3470 3435 3472
f 2928 3142 3465
f 3436 3437 3467
f 3436 3467 3466
f 3467 3437 3439
f 3467 3439 3468
f 3468 3439 3433
f 3472 3447 3318
f 3318 3299 3472
f 3447 3448 3319
f 3447 3319 3318
f 3472 3435 3447
f 3319 3448 3452
f 3175 3473 3474
f 3473 3475 3476
f 3476 3474 3473
f 3052 3477 3478
f 3478 3177 3052
f 3477 3380 3479
f 3479 3478 3477
f 3473 3175 3177
f 3177 3478 3473
f 3475 3473 3478
f 3478 3479 3475
f 3480 3481 3476
f 3480 3476 3475
f 3482 3483 3481
f 3482 3481 3480
f 3484 3485 3479
f 3484 3479 3380
f 3486 3487 3485
f 3485 3484 3486
f 3480 3475 3479
f 3479 3485 3480
f 3480 3485 3487
f 3480 3487 3482
f 3440 3118 3175
f 3175 3474 3440
f 3441 3440 3474
f 3474 3476 3441
f 3443 3441 3476
f 3476 3481 3443
f 3445 3443 3481
f 3481 3483 3445
f 3477 3052 3050
f 3484 3380 3385
f 3482 3488 3489
f 3489 3483 3482
f 3488 3490 3491
f 3491 3489 3488
f 3486 3389 3492
f 3492 3487 3486
f 3389 3381 3493
f 3493 3492 3389
f 3482 3487 3492
f 3482 3492 3488
f 3488 3492 3493
f 3488 3493 3490
f 3490 3496 3494
f 3494 3491 3490
f 3496 3495 3463
f 3463 3494 3496
f 3381 3382 3496
f 3381 3496 3493
f 3496 3382 3383
f 3496 3383 3495
f 3496 3490 3493
f 3456 3445 3483
f 3483 3489 3456
f 3456 3489 3491
f 3456 3491 3458
f 3458 3491 3494
f 3458 3494 3461
f 3461 3494 3463
f 3453 3497 3336
f 3336 3284 3453
f 3497 3498 3337
f 3337 3336 3497
f 3455 3499 3497
f 3497 3453 3455
f 3499 3501 3498
f 3498 3497 3499
f 3498 3500 3341
f 3341 3337 3498
f 3500 3504 3342
f 3342 3341 3500
f 3503 3504 3502
f 3498 3501 3502
f 3502 3500 3498
f 3500 3502 3504
f 3508 3509 3507
f 3510 3511 3460
f 3512 3501 3511
f 3512 3511 3510
f 3455 3460 3511
f 3455 3511 3499
f 3499 3511 3501
f 3463 3505 3510
f 3510 3460 3463
f 3505 3506 3512
f 3505 3512 3510
f 3513 3502 3501
f 3512 3513 3501
f 3513 3509 3503
f 3503 3502 3513
f 3512 3506 3507
f 3512 3507 3513
f 3513 3507 3509
f 3504 3514 3352
f 3352 3342 3504
f 3514 3515 3353
f 3514 3353 3352
f 3516 3514 3504
f 3516 3504 3503
f 3517 3515 3514
f 3516 3517 3514
f 3518 3519 3515
f 3519 3520 3356
f 3520 3519 3518
f 3353 3515 3519
f 3517 3521 3518
f 3518 3515 3517
f 3521 3528 3520
f 3520 3518 3521
f 3522 3523 3509
f 3522 3509 3508
f 3524 3525 3523
f 3524 3523 3522
f 3527 3528 3526
f 3524 3529 3526
f 3526 3525 3524
f 3529 3695 3527
f 3527 3526 3529
f 3509 3523 3516
f 3516 3503 3509
f 3523 3525 3517
f 3517 3516 3523
f 3526 3521 3517
f 3526 3517 3525
f 3521 3526 3528
f 3531 3505 3463
f 3531 3463 3495
f 3530 3506 3505
f 3531 3530 3505
f 3495 3383 3396
f 3495 3396 3531
f 3530 3531 3396
f 3530 3396 3397
f 3507 3506 3530
f 3530 3532 3507
f 3508 3507 3532
f 3532 3533 3508
f 3532 3530 3397
f 3397 3398 3532
f 3533 3532 3398
f 3398 3399 3533
f 3522 3508 3533
f 3533 3534 3522
f 3522 3534 3535
f 3522 3535 3524
f 3534 3533 3399
f 3399 3415 3534
f 3535 3534 3415
f 3415 3416 3535
f 3536 3537 3535
f 3538 3695 3537
f 3538 3537 3536
f 3524 3535 3537
f 3524 3537 3529
f 3529 3537 3695
f 3535 3416 3417
f 3535 3417 3536
f 3536 3417 3419
f 3536 3419 3538
f 3540 1459 1458
f 3540 1458 3539
f 3541 3539 1458
f 1458 1461 3541
f 3543 3540 3539
f 3543 3539 3542
f 3544 3542 3539
f 3539 3541 3544
f 3582 3545 1465
f 1465 1464 3582
f 3590 3546 3545
f 3548 1461 1466
f 3548 1466 3547
f 3541 1461 3548
f 3547 1466 1465
f 3547 1465 3545
f 3550 3548 3547
f 3550 3547 3549
f 3544 3541 3548
f 3544 3548 3550
f 3564 3549 3547
f 3564 3547 3545
f 3564 3545 3546
f 3551 3543 3542
f 3556 3551 3542
f 3556 3542 3544
f 3552 3556 3544
f 3554 3555 3553
f 3553 3551 3556
f 3553 3556 3557
f 3557 3556 3552
f 3557 3552 3558
f 3554 3553 3557
f 3554 3557 3559
f 3560 3561 3558
f 3561 3559 3557
f 3557 3558 3561
f 3566 3563 3550
f 3550 3549 3566
f 3563 3566 3562
f 3563 3552 3544
f 3563 3544 3550
f 3566 3549 3564
f 3566 3564 3565
f 3596 3565 3564
f 3564 3546 3596
f 3562 3566 3565
f 3562 3565 3567
f 3598 3567 3565
f 3565 3596 3598
f 3568 3569 3563
f 3563 3562 3568
f 3570 3571 3569
f 3569 3568 3570
f 3569 3558 3552
f 3552 3563 3569
f 3560 3558 3569
f 3560 3569 3571
f 3568 3562 3567
f 3568 3567 3572
f 3604 3572 3567
f 3567 3598 3604
f 3573 3570 3568
f 3568 3572 3573
f 3573 3572 3604
f 3573 3604 3606
f 2277 602 1459
f 2277 1459 3540
f 2279 2277 3540
f 2279 3540 3543
f 3574 2297 2279
f 3574 2279 3543
f 3574 3543 3551
f 2305 2297 3574
f 2305 3574 3575
f 3553 3575 3574
f 3574 3551 3553
f 2307 2305 3575
f 2307 3575 3555
f 3575 3553 3555
f 3577 1468 3579
f 3577 3578 3576
f 3578 3577 3579
f 3579 3580 3578
f 3580 3579 3585
f 3576 3581 1464
f 3581 3576 3578
f 3581 3582 1464
f 3581 3578 3583
f 3581 3583 3545
f 3545 3582 3581
f 3580 3583 3578
f 3584 3579 1468
f 1468 1377 3584
f 3324 3585 3579
f 3579 3584 3324
f 3586 3587 3580
f 3580 3585 3586
f 3587 3586 3588
f 3589 3590 3545
f 3545 3583 3589
f 3587 3589 3583
f 3583 3580 3587
f 3546 3590 3589
f 3546 3589 3591
f 3591 3589 3587
f 3591 3587 3588
f 3592 3585 3324
f 3592 3324 3327
f 3592 3586 3585
f 3593 3592 3327
f 3593 3327 3331
f 3593 3588 3586
f 3586 3592 3593
f 3596 3546 3591
f 3596 3591 3597
f 3597 3591 3588
f 3597 3588 3594
f 3598 3596 3597
f 3598 3597 3599
f 3599 3597 3594
f 3599 3594 3595
f 3600 3593 3331
f 3600 3331 3346
f 3600 3594 3588
f 3588 3593 3600
f 3601 3600 3346
f 3601 3346 3348
f 3601 3595 3594
f 3594 3600 3601
f 3604 3598 3599
f 3604 3599 3605
f 3602 3605 3599
f 3599 3595 3602
f 3606 3604 3605
f 3606 3605 3607
f 3603 3607 3605
f 3605 3602 3603
f 3354 3608 3601
f 3601 3348 3354
f 3602 3595 3601
f 3602 3601 3608
f 3356 3609 3608
f 3608 3354 3356
f 3603 3602 3608
f 3603 3608 3609
f 3610 3613 3555
f 3555 3554 3610
f 3612 3613 3611
f 3610 3611 3613
f 3611 3610 3614
f 3610 3554 3559
f 3610 3559 3616
f 3615 3616 3561
f 3561 3560 3615
f 3559 3561 3616
f 3617 3614 3610
f 3610 3616 3617
f 3617 3616 3615
f 3617 3615 3618
f 3619 2403 3612
f 3612 3611 3619
f 3619 3611 3614
f 3619 3614 3626
f 3620 2452 2403
f 2403 3619 3620
f 3620 3626 3621
f 3626 3620 3619
f 3623 3622 3624
f 3625 3626 3617
f 3614 3617 3626
f 3625 3617 3618
f 3625 3618 3622
f 3625 3621 3626
f 3623 3621 3625
f 3622 3623 3625
f 3628 3629 3627
f 3633 3630 3629
f 3629 3628 3633
f 3631 3630 3678
f 3678 3633 3632
f 3633 3678 3630
f 3635 3634 3571
f 3571 3570 3635
f 3636 3634 3635
f 3636 3635 3642
f 3615 3560 3571
f 3615 3571 3634
f 3636 3618 3615
f 3615 3634 3636
f 3635 3570 3573
f 3635 3573 3637
f 3637 3573 3606
f 3637 3606 3627
f 3638 3642 3637
f 3635 3637 3642
f 3629 3638 3637
f 3637 3627 3629
f 3639 3622 3636
f 3641 3642 3640
f 3641 3639 3636
f 3636 3642 3641
f 3644 3645 3643
f 3624 3622 3639
f 3624 3639 3645
f 3624 3645 3644
f 3640 3643 3645
f 3645 3641 3640
f 3643 3640 3631
f 3641 3645 3639
f 3636 3622 3618
f 3638 3640 3642
f 3640 3638 3630
f 3629 3630 3638
f 3640 3630 3631
f 3647 3648 3646
f 3650 3651 3649
f 3653 3654 3652
f 2440 3655 3650
f 3655 2440 2441
f 3655 2441 3653
f 3655 3656 3651
f 3655 3651 3650
f 3652 3656 3655
f 3653 3652 3655
f 3649 3651 3659
f 3657 3649 3659
f 3659 3658 3657
f 3395 3658 3660
f 3660 3658 3659
f 3660 3659 3679
f 3652 3654 3647
f 3661 3652 3647
f 3661 3662 3679
f 3647 3646 3662
f 3647 3662 3661
f 3659 3651 3656
f 3659 3656 3661
f 3661 3656 3652
f 3679 3659 3661
f 3665 2447 2448
f 2448 3667 3665
f 3665 3667 3663
f 3666 3665 3663
f 3666 3663 3664
f 2451 2452 3620
f 3667 2451 3620
f 3663 3667 3620
f 3620 3621 3663
f 3621 3664 3663
f 3667 2448 2451
f 3664 3623 3669
f 3669 3670 3668
f 3669 3623 3624
f 3624 3670 3669
f 3666 3669 3647
f 3669 3666 3664
f 3647 3669 3668
f 3668 3648 3647
f 3623 3664 3621
f 2456 2457 3665
f 2456 3665 3653
f 3665 2457 2447
f 3665 3666 3654
f 3665 3654 3653
f 3653 2441 2456
f 3647 3654 3666
f 3672 3631 3677
f 3673 3646 3648
f 3673 3648 3672
f 3671 3673 3677
f 3677 3673 3672
f 3676 3632 3674
f 3675 3671 3676
f 3675 3674 3419
f 3675 3419 3418
f 3676 3674 3675
f 3677 3678 3676
f 3677 3631 3678
f 3632 3676 3678
f 3677 3676 3671
f 3679 3680 3682
f 3682 3683 3681
f 3683 3680 3671
f 3680 3683 3682
f 3426 3395 3660
f 3426 3660 3682
f 3679 3682 3660
f 3682 3681 3426
f 3680 3662 3673
f 3662 3680 3679
f 3673 3662 3646
f 3671 3680 3673
f 3675 3681 3683
f 3681 3675 3432
f 3675 3683 3671
f 3418 3432 3675
f 3668 3670 3644
f 3668 3644 3643
f 3672 3668 3643
f 3644 3670 3624
f 3631 3672 3643
f 3672 3648 3668
f 2473 2307 3555
f 2473 3555 3613
f 2473 3613 3612
f 3684 3603 3687
f 3686 3687 3685
f 3687 3688 3684
f 3688 3687 3686
f 3690 3627 3606
f 3606 3607 3690
f 3627 3690 3689
f 3684 3689 3690
f 3690 3607 3603
f 3690 3603 3684
f 3692 3689 3691
f 3628 3627 3689
f 3628 3689 3692
f 3691 3689 3684
f 3691 3684 3688
f 3520 3687 3609
f 3609 3356 3520
f 3687 3603 3609
f 3520 3685 3687
f 3685 3520 3528
f 3694 3686 3685
f 3694 3685 3528
f 3694 3528 3527
f 3694 3693 3688
f 3688 3686 3694
f 3632 3693 3696
f 3527 3695 3696
f 3696 3694 3527
f 3694 3696 3693
f 3692 3691 3693
f 3633 3692 3693
f 3633 3628 3692
f 3688 3693 3691
f 3693 3632 3633
f 3538 3674 3696
f 3696 3695 3538
f 3696 3674 3632
f 3538 3419 3674
f 3237 3698 1503
f 1503 1058 3237
f 3697 1501 1503
f 3697 1503 3698
f 3700 3699 3697
f 3239 3700 3698
f 3698 3237 3239
f 3700 3697 3698
f 3697 3701 1506
f 1506 1501 3697
f 3702 1344 1506
f 3702 1506 3701
f 3699 3703 3701
f 3701 3697 3699
f 3702 3701 3703
f 3705 3706 3699
f 3699 3700 3705
f 3706 3705 3704
f 3250 3704 3705
f 3705 3700 3239
f 3705 3239 3250
f 3707 3704 3251
f 3707 3286 3706
f 3706 3704 3707
f 3250 3251 3704
f 3708 3703 3699
f 3708 3699 3706
f 3708 3706 3286
f 3275 3289 3707
f 3707 3251 3275
f 3707 3289 3286
f 3275 3287 3289
f 3373 2178 2481
f 2481 3709 3373
f 3710 3709 2481
f 2481 2482 3710
f 3373 3709 3374
f 3374 3709 3710
f 3374 3710 3376
f 3711 3710 2482
f 2482 2507 3711
f 3714 3711 2507
f 3714 2507 2508
f 3714 2508 3712
f 3713 3376 3710
f 3710 3711 3713
f 3394 3376 3713
f 3715 3713 3711
f 3711 3714 3715
f 3716 3715 3714
f 3714 3712 3716
f 3717 3394 3713
f 3713 3715 3717
f 3718 3717 3715
f 3715 3716 3718
f 3725 3712 2508
f 3720 3725 2508
f 2508 2515 3720
f 3725 3720 3719
f 3720 2518 3721
f 3721 2518 2519
f 3721 2519 3722
f 3719 3720 3721
f 3719 3721 3723
f 3723 3721 3722
f 3723 3722 3724
f 3720 2515 2518
f 3726 3716 3712
f 3712 3725 3726
f 3726 3725 3719
f 3726 3719 3727
f 3728 3718 3716
f 3716 3726 3728
f 3728 3726 3727
f 3728 3727 3729
f 3727 3719 3723
f 3727 3723 3730
f 3730 3723 3724
f 3730 3724 3731
f 3729 3727 3730
f 3729 3730 3732
f 3395 3732 3730
f 3730 3731 3395
f 3717 3718 3407
f 3407 3718 3728
f 3407 3728 3420
f 3421 3420 3728
f 3728 3729 3421
f 3424 3421 3729
f 3729 3732 3424
f 3424 3732 3395
f 3722 2519 2529
f 3722 2529 3733
f 3733 2529 2530
f 3733 2530 3650
f 3724 3722 3733
f 3724 3733 3649
f 3650 3649 3733
f 3650 2530 2440
f 3658 3731 3724
f 3657 3658 3724
f 3724 3649 3657
f 3395 3731 3658
