# Created by meshio v5.3.5, 2026-07-28T10:20:19.299960
v -25.958961486816406 -335.9527282714844 -1602.562255859375
v -21.277156829833984 -341.2109680175781 -1607.9573974609375
v -21.861242294311523 -326.75225830078125 -1608.2874755859375
v -22.73992919921875 -337.3822937011719 -1604.63525390625
v -24.64537239074707 -323.7364807128906 -1604.6834716796875
v -28.865571975708008 -337.8235168457031 -1602.42236328125
v -26.32488441467285 -327.48028564453125 -1603.11572265625
v -27.902244567871094 -328.65728759765625 -1602.813720703125
v -21.713348388671875 -327.5145263671875 -1610.063720703125
v -22.41826629638672 -319.07269287109375 -1609.78466796875
v -22.69530487060547 -320.4617004394531 -1607.4471435546875
v -23.415042877197266 -319.5197448730469 -1606.0648193359375
v -25.625110626220703 -312.03009033203125 -1605.0726318359375
v -27.516742706298828 -319.60626220703125 -1604.0675048828125
v -33.36088562011719 -327.1307678222656 -1608.63818359375
v -32.98468017578125 -328.1058044433594 -1606.480224609375
v -31.93490982055664 -333.5094909667969 -1604.489013671875
v -29.978057861328125 -329.26904296875 -1603.3519287109375
v -23.752025604248047 -325.8276062011719 -1613.7049560546875
v -22.763952255249023 -319.0869445800781 -1612.2398681640625
v -22.431236267089844 -298.1640625 -1611.6668701171875
v -22.954030990600586 -299.6968078613281 -1608.8118896484375
v -23.845829010009766 -303.0863037109375 -1607.1278076171875
v -26.044387817382812 -302.596435546875 -1605.8018798828125
v -28.581188201904297 -311.36407470703125 -1604.802490234375
v -31.393646240234375 -321.33929443359375 -1604.687255859375
v -30.326364517211914 -313.995849609375 -1604.932861328125
v -32.43739700317383 -335.568603515625 -1611.658203125
v -33.24106979370117 -318.5790100097656 -1612.1842041015625
v -33.264686584472656 -284.7485656738281 -1612.389892578125
v -32.91952133178711 -303.03302001953125 -1608.744873046875
v -33.09538650512695 -313.686279296875 -1607.8623046875
v -24.750978469848633 -334.791748046875 -1613.94384765625
v -27.718332290649414 -326.5914306640625 -1615.1697998046875
v -26.322830200195312 -332.17608642578125 -1614.7686767578125
v -24.804637908935547 -317.01800537109375 -1614.9090576171875
v -23.08506965637207 -310.87261962890625 -1613.80419921875
v -23.318735122680664 -287.7117614746094 -1615.0869140625
v -23.28415870666504 -301.1332092285156 -1614.1416015625
v -22.4172306060791 -286.8895263671875 -1612.6435546875
v -23.567453384399414 -285.677490234375 -1609.11328125
v -24.327960968017578 -296.2734069824219 -1607.3013916015625
v -23.204259872436523 -298.6580505371094 -1607.5072021484375
v -23.416339874267578 -300.9705810546875 -1606.9371337890625
v -22.943130493164062 -300.1880187988281 -1607.4580078125
v -24.062761306762695 -300.1718444824219 -1606.5640869140625
v -25.381568908691406 -299.6484680175781 -1605.6756591796875
v -29.48335075378418 -306.3178405761719 -1605.16162109375
v -27.239160537719727 -300.52276611328125 -1605.6259765625
v -32.116058349609375 -306.88641357421875 -1606.9969482421875
v -31.11077117919922 -336.2116394042969 -1612.910400390625
v -31.870004653930664 -320.01788330078125 -1614.10009765625
v -32.83680725097656 -313.10589599609375 -1613.2208251953125
v -32.93095779418945 -302.9100646972656 -1613.6700439453125
v -32.363807678222656 -284.42169189453125 -1616.0941162109375
v -33.20194625854492 -283.03173828125 -1615.7884521484375
v -33.12281799316406 -283.3022155761719 -1611.0823974609375
v -32.09172821044922 -291.3193054199219 -1608.19091796875
v -30.881427764892578 -303.6535949707031 -1606.414306640625
v -29.11394500732422 -336.32049560546875 -1613.8919677734375
v -27.737632751464844 -315.9566345214844 -1615.749755859375
v -30.415151596069336 -316.5749206542969 -1615.1727294921875
v -29.510129928588867 -327.7589111328125 -1614.8165283203125
v -25.578235626220703 -309.46722412109375 -1615.8333740234375
v -25.552541732788086 -285.9353942871094 -1617.5848388671875
v -25.857358932495117 -287.46258544921875 -1617.155029296875
v -24.72047233581543 -296.4647216796875 -1615.9761962890625
v -22.998640060424805 -286.2852478027344 -1615.8145751953125
v -25.891338348388672 -304.1625671386719 -1615.9993896484375
v -21.897565841674805 -286.2845458984375 -1614.06005859375
v -22.34667205810547 -286.2506408691406 -1611.49951171875
v -21.873249053955078 -285.6780700683594 -1611.2891845703125
v -22.555315017700195 -284.80950927734375 -1609.299560546875
v -23.18272590637207 -284.27056884765625 -1608.392578125
v -25.95426368713379 -285.58203125 -1607.3564453125
v -23.81766128540039 -298.27227783203125 -1606.87939453125
v -25.644088745117188 -299.20098876953125 -1605.7017822265625
v -27.42912483215332 -295.1956481933594 -1606.13525390625
v -22.35153579711914 -298.3167724609375 -1607.794189453125
v -21.40803337097168 -302.470458984375 -1607.2772216796875
v -24.098974227905273 -299.66162109375 -1606.1151123046875
v -25.979982376098633 -299.1634826660156 -1605.0269775390625
v -23.93263053894043 -302.42822265625 -1604.8463134765625
v -29.767845153808594 -297.11688232421875 -1606.34619140625
v -31.044679641723633 -310.18353271484375 -1615.4683837890625
v -32.281578063964844 -295.7627868652344 -1615.267333984375
v -31.212759017944336 -303.1361999511719 -1615.63232421875
v -30.15410041809082 -294.1877136230469 -1616.95751953125
v -28.888404846191406 -286.6611633300781 -1617.726318359375
v -29.592018127441406 -284.8033752441406 -1618.3336181640625
v -32.38898849487305 -283.8975830078125 -1617.4029541015625
v -33.95289611816406 -282.4792785644531 -1614.7811279296875
v -34.005897521972656 -281.5373840332031 -1611.280029296875
v -31.356613159179688 -284.3293151855469 -1608.3427734375
v -31.377914428710938 -281.2264404296875 -1607.791259765625
v -29.1922550201416 -289.7508850097656 -1606.64111328125
v -28.721355438232422 -305.6763610839844 -1616.2598876953125
v -23.5213565826416 -286.21099853515625 -1617.0343017578125
v -27.266101837158203 -285.5237731933594 -1618.45654296875
v -27.822803497314453 -293.6009216308594 -1617.3123779296875
v -26.51306915283203 -296.00909423828125 -1616.7933349609375
v -20.82099151611328 -289.0660095214844 -1613.4613037109375
v -28.502775192260742 -303.10784912109375 -1616.711181640625
v -20.410158157348633 -290.7135925292969 -1610.9525146484375
v -21.220182418823242 -290.5882263183594 -1608.5321044921875
v -22.21584129333496 -290.56658935546875 -1607.1329345703125
v -27.046287536621094 -282.91009521484375 -1606.8662109375
v -24.96932601928711 -283.3123779296875 -1606.8603515625
v -28.754182815551758 -285.2162780761719 -1607.2916259765625
v -23.558563232421875 -297.1849060058594 -1606.635498046875
v -26.192768096923828 -295.2925109863281 -1605.119873046875
v -21.24677085876465 -299.3300476074219 -1610.69482421875
v -21.64222526550293 -297.0994873046875 -1609.293701171875
v -20.599802017211914 -307.9095764160156 -1608.6390380859375
v -20.209943771362305 -302.8340759277344 -1609.9744873046875
v -21.34737205505371 -317.19708251953125 -1606.3109130859375
v -27.922157287597656 -300.91754150390625 -1603.7841796875
v -29.410398483276367 -296.86749267578125 -1605.0184326171875
v -22.69206428527832 -318.4095764160156 -1604.49609375
v -24.56422996520996 -318.5230407714844 -1603.1875
v -26.914026260375977 -308.1102294921875 -1603.3609619140625
v -30.183452606201172 -285.7054443359375 -1618.9329833984375
v -32.686458587646484 -288.5091857910156 -1617.691650390625
v -34.98853302001953 -284.02301025390625 -1613.94140625
v -34.797027587890625 -281.97021484375 -1610.843017578125
v -32.866920471191406 -281.2189025878906 -1608.3131103515625
v -30.453277587890625 -282.0746154785156 -1607.629150390625
v -29.180797576904297 -282.57135009765625 -1606.2261962890625
v -27.243982315063477 -282.7995300292969 -1606.3104248046875
v -25.33881187438965 -286.4980163574219 -1618.3428955078125
v -23.90262794494629 -292.5716247558594 -1618.0396728515625
v -21.114713668823242 -293.1136474609375 -1614.593994140625
v -24.298831939697266 -291.3076477050781 -1605.3980712890625
v -26.713010787963867 -291.4509582519531 -1604.4788818359375
v -22.145061492919922 -297.6709289550781 -1614.9161376953125
v -20.401491165161133 -302.5127258300781 -1611.9139404296875
v -20.579002380371094 -317.9217834472656 -1611.44287109375
v -20.623844146728516 -318.4241638183594 -1607.63525390625
v -30.015422821044922 -301.7773132324219 -1603.8399658203125
v -29.671768188476562 -307.8753967285156 -1603.3994140625
v -32.043949127197266 -298.282958984375 -1606.11181640625
v -32.72412872314453 -291.5625305175781 -1606.1683349609375
v -29.059101104736328 -291.70062255859375 -1604.7108154296875
v -21.161617279052734 -321.8011474609375 -1603.6688232421875
v -28.184612274169922 -314.7442932128906 -1602.78759765625
v -26.073774337768555 -321.2012023925781 -1601.2574462890625
v -27.986703872680664 -319.50927734375 -1601.736328125
v -28.061748504638672 -294.0101623535156 -1619.12109375
v -30.33978843688965 -294.8608703613281 -1619.0450439453125
v -33.939697265625 -293.5861511230469 -1616.1068115234375
v -35.30289077758789 -293.0240783691406 -1612.5084228515625
v -34.40216064453125 -286.8084411621094 -1609.2608642578125
v -31.449068069458008 -284.6160888671875 -1606.5487060546875
v -24.77455711364746 -297.6114501953125 -1617.3121337890625
v -23.521034240722656 -305.0108642578125 -1616.989990234375
v -21.089691162109375 -303.7701416015625 -1614.071044921875
v -21.293344497680664 -317.1324768066406 -1613.7647705078125
v -20.96149444580078 -319.9007263183594 -1614.06884765625
v -19.69174575805664 -320.3810729980469 -1611.408935546875
v -19.159992218017578 -320.6522521972656 -1608.807861328125
v -32.3144645690918 -303.115966796875 -1604.98291015625
v -31.137453079223633 -307.3706970214844 -1603.9644775390625
v -31.267915725708008 -318.66326904296875 -1602.693115234375
v -34.34976577758789 -303.259765625 -1607.416015625
v -33.46116638183594 -298.3443603515625 -1607.595458984375
v -34.81694412231445 -291.7344665527344 -1609.019775390625
v -18.219852447509766 -323.1936950683594 -1604.2452392578125
v -22.67229461669922 -323.18768310546875 -1600.5902099609375
v -26.664234161376953 -322.43792724609375 -1599.70703125
v -30.35604476928711 -321.08367919921875 -1601.0091552734375
v -27.588542938232422 -296.9674072265625 -1618.2353515625
v -30.872339248657227 -296.92523193359375 -1617.923828125
v -33.57141876220703 -299.0751037597656 -1615.373046875
v -35.18666458129883 -298.8161315917969 -1611.4212646484375
v -34.75797653198242 -297.6143493652344 -1610.215087890625
v -25.825439453125 -303.28656005859375 -1618.216064453125
v -25.62112045288086 -318.23858642578125 -1616.9368896484375
v -23.147403717041016 -319.188720703125 -1615.73681640625
v -22.48855972290039 -321.0223083496094 -1617.4229736328125
v -20.20126724243164 -321.69256591796875 -1616.179931640625
v -16.105091094970703 -323.8009033203125 -1614.125244140625
v -13.965810775756836 -325.3078918457031 -1609.1710205078125
v -33.0177001953125 -309.87530517578125 -1605.390625
v -35.039791107177734 -320.0676574707031 -1603.955322265625
v -34.18148422241211 -318.4867858886719 -1605.21826171875
v -34.706642150878906 -311.0723876953125 -1607.4945068359375
v -9.86179256439209 -329.959716796875 -1603.8935546875
v -12.828662872314453 -329.3458251953125 -1598.118408203125
v -25.100677490234375 -325.880126953125 -1592.966064453125
v -16.467235565185547 -328.90234375 -1592.2427978515625
v -32.74546432495117 -321.61029052734375 -1600.2667236328125
v -30.31517791748047 -300.569091796875 -1617.7728271484375
v -33.48096466064453 -304.9397888183594 -1616.1005859375
v -34.82536697387695 -303.82476806640625 -1613.9703369140625
v -35.08887481689453 -317.2333679199219 -1610.8712158203125
v -27.372282028198242 -310.3212585449219 -1617.867919921875
v -28.993566513061523 -303.62139892578125 -1618.548583984375
v -28.184280395507812 -318.1072692871094 -1617.4571533203125
v -28.36649513244629 -319.4036560058594 -1618.2874755859375
v -26.260547637939453 -319.82806396484375 -1622.230224609375
v -28.824657440185547 -319.60870361328125 -1619.36865234375
v -21.88094711303711 -321.19818115234375 -1621.994140625
v -16.77663230895996 -323.32080078125 -1619.6314697265625
v -9.553140640258789 -328.1715087890625 -1621.6793212890625
v -10.787315368652344 -328.24786376953125 -1616.30029296875
v -8.170870780944824 -329.3335266113281 -1611.6483154296875
v -38.41196060180664 -319.5968322753906 -1607.9000244140625
v -46.03255844116211 -319.2142028808594 -1608.841796875
v -35.98208236694336 -319.25567626953125 -1607.094482421875
v -43.87675857543945 -321.0691223144531 -1602.9105224609375
v -35.054813385009766 -317.5638732910156 -1607.3953857421875
v -7.224075794219971 -330.55035400390625 -1608.46875
v -6.968242168426514 -331.4054260253906 -1604.5042724609375
v -7.289059162139893 -332.8069152832031 -1601.7322998046875
v -7.3932695388793945 -333.64105224609375 -1598.215576171875
v -8.827862739562988 -332.505615234375 -1595.9716796875
v -10.707372665405273 -332.32733154296875 -1589.5987548828125
v -34.81169891357422 -323.134033203125 -1593.6226806640625
v -27.749956130981445 -327.5278625488281 -1585.1251220703125
v -14.906087875366211 -332.2048645019531 -1584.05419921875
v -21.485157012939453 -329.96881103515625 -1581.9876708984375
v -44.512413024902344 -321.7409362792969 -1597.6431884765625
v -31.421247482299805 -304.2354736328125 -1617.78173828125
v -32.00886917114258 -316.7789001464844 -1616.2901611328125
v -34.60903549194336 -316.39813232421875 -1613.4742431640625
v -34.19284439086914 -318.90069580078125 -1615.206787109375
v -35.2570686340332 -319.36358642578125 -1612.80126953125
v -32.110084533691406 -318.45135498046875 -1616.439208984375
v -33.86570739746094 -319.5626525878906 -1618.156982421875
v -34.95522689819336 -319.5821838378906 -1616.5970458984375
v -20.988906860351562 -322.50531005859375 -1629.481201171875
v -29.59531021118164 -319.8970947265625 -1634.1080322265625
v -32.869876861572266 -319.56365966796875 -1633.644775390625
v -40.4734992980957 -319.59747314453125 -1623.6695556640625
v -9.592547416687012 -327.6769104003906 -1625.7421875
v -9.346870422363281 -327.87054443359375 -1622.6900634765625
v -6.704268455505371 -328.1363220214844 -1622.4979248046875
v -8.101785659790039 -328.6888122558594 -1618.281005859375
v -7.256858825683594 -329.4725646972656 -1614.6053466796875
v -37.962764739990234 -320.17913818359375 -1609.70703125
v -46.2479248046875 -320.3658752441406 -1615.6253662109375
v -56.11222457885742 -317.6380920410156 -1615.8001708984375
v -57.45284652709961 -317.265869140625 -1610.2412109375
v -56.19695281982422 -319.6131591796875 -1602.021240234375
v -5.448128700256348 -329.7466735839844 -1610.7230224609375
v -6.490503787994385 -330.5813293457031 -1608.406005859375
v -3.7021484375 -330.7424011230469 -1602.3076171875
v -4.039989948272705 -331.3595275878906 -1597.1063232421875
v -7.218643665313721 -332.3541564941406 -1595.4630126953125
v -5.468935012817383 -333.2150573730469 -1587.9501953125
v -47.13013458251953 -322.8367004394531 -1589.3087158203125
v -40.058387756347656 -326.2499694824219 -1581.6536865234375
v -7.607501029968262 -333.3562927246094 -1582.552978515625
v -17.880216598510742 -331.0915832519531 -1581.666259765625
v -11.682317733764648 -332.0262145996094 -1577.936279296875
v -36.1888542175293 -326.70166015625 -1577.2353515625
v -23.755128860473633 -330.50872802734375 -1569.9267578125
v -37.27836608886719 -320.288330078125 -1620.2452392578125
v -37.8092155456543 -320.5491943359375 -1619.154296875
v -40.571922302246094 -320.645751953125 -1619.3104248046875
v -41.114192962646484 -321.22552490234375 -1615.3665771484375
v -23.734539031982422 -320.9145812988281 -1637.7530517578125
v -16.61520004272461 -324.0970153808594 -1632.013427734375
v -24.466251373291016 -319.4252624511719 -1643.956298828125
v -38.69277572631836 -318.08734130859375 -1636.607421875
v -45.69864273071289 -319.4434509277344 -1623.472900390625
v -40.66856002807617 -320.1993408203125 -1622.0753173828125
v -37.49760055541992 -320.54559326171875 -1620.89013671875
v -10.460305213928223 -326.62353515625 -1631.8841552734375
v -8.001469612121582 -327.26220703125 -1630.729248046875
v -1.9052164554595947 -327.1505432128906 -1621.812744140625
v 1.9626370668411255 -328.38519287109375 -1612.2874755859375
v -61.82435989379883 -315.2524108886719 -1622.0374755859375
v -67.86572265625 -314.6097412109375 -1610.339111328125
v -66.33502197265625 -315.95037841796875 -1601.205078125
v -58.12648010253906 -319.59979248046875 -1591.03857421875
v 3.266714572906494 -329.4961853027344 -1604.13623046875
v 1.499456524848938 -330.693603515625 -1597.6695556640625
v 2.1973750591278076 -331.1178894042969 -1591.07958984375
v -3.896946907043457 -333.3459167480469 -1587.1983642578125
v -52.48999786376953 -322.2135925292969 -1582.82275390625
v -2.8288633823394775 -333.3580627441406 -1573.6287841796875
v -8.083364486694336 -333.28411865234375 -1577.009033203125
v -15.104820251464844 -331.2596740722656 -1575.8641357421875
v -10.514310836791992 -334.0726623535156 -1574.571044921875
v -16.437450408935547 -332.46270751953125 -1570.6632080078125
v -56.2066535949707 -320.8374328613281 -1577.0045166015625
v -39.07720947265625 -326.9026794433594 -1559.925537109375
v -50.204891204833984 -323.34295654296875 -1568.3499755859375
v -26.780187606811523 -330.2226257324219 -1556.619873046875
v -35.38937759399414 -321.095703125 -1621.723876953125
v -36.812339782714844 -321.57366943359375 -1621.0582275390625
v -38.84618377685547 -322.1196594238281 -1620.6700439453125
v -40.917022705078125 -320.8327331542969 -1621.0369873046875
v -12.486605644226074 -323.6454772949219 -1639.26708984375
v -9.701489448547363 -325.46356201171875 -1638.0885009765625
v -28.257905960083008 -315.98443603515625 -1652.631591796875
v -13.817063331604004 -321.2736511230469 -1644.6357421875
v -39.87018585205078 -313.9701843261719 -1651.2786865234375
v -47.5915412902832 -312.7359313964844 -1648.6160888671875
v -52.22888946533203 -315.4967041015625 -1634.8076171875
v -64.85004425048828 -312.081787109375 -1633.255615234375
v -36.417259216308594 -320.9895935058594 -1621.7205810546875
v -3.4392120838165283 -326.88909912109375 -1633.885009765625
v -4.74180269241333 -326.28778076171875 -1636.566650390625
v 1.1720906496047974 -327.00079345703125 -1627.5550537109375
v 1.8053128719329834 -327.9862060546875 -1616.796875
v 15.424072265625 -325.8711853027344 -1610.5604248046875
v -72.06749725341797 -310.0123291015625 -1629.86767578125
v -71.98107147216797 -312.16229248046875 -1614.275146484375
v -78.43204498291016 -308.48504638671875 -1608.27734375
v -74.66143798828125 -312.0415344238281 -1600.1917724609375
v -69.1720962524414 -315.4595642089844 -1593.0064697265625
v -67.0406723022461 -316.3930358886719 -1589.2415771484375
v 23.186965942382812 -325.2127990722656 -1601.626708984375
v 22.207963943481445 -325.69866943359375 -1595.994384765625
v 9.07518482208252 -330.61480712890625 -1588.557373046875
v 0.9732407331466675 -331.96087646484375 -1588.7000732421875
v 2.1218814849853516 -331.9439392089844 -1580.770751953125
v -0.016478491947054863 -332.9162902832031 -1578.3306884765625
v 1.2623655796051025 -332.1221008300781 -1569.4718017578125
v -6.40789270401001 -334.3194274902344 -1571.139892578125
v -1.8950576782226562 -333.5657653808594 -1566.6466064453125
v -11.059661865234375 -334.298583984375 -1572.429443359375
v -14.629640579223633 -333.0652770996094 -1566.4661865234375
v -61.65580749511719 -319.1318359375 -1573.91748046875
v -55.27998733520508 -321.9600524902344 -1562.485595703125
v -48.49853515625 -324.63958740234375 -1548.744384765625
v -40.06695556640625 -326.8740539550781 -1553.1497802734375
v -34.46413803100586 -328.364013671875 -1549.7042236328125
v -22.483829498291016 -332.0615539550781 -1555.4326171875
v -28.537700653076172 -330.5242004394531 -1548.1448974609375
v -35.74077606201172 -321.00128173828125 -1623.0224609375
v -29.40704917907715 -320.9845275878906 -1622.489990234375
v -9.981993675231934 -321.8646240234375 -1645.9102783203125
v -6.9320597648620605 -324.3653869628906 -1643.988037109375
v -6.404745101928711 -325.9007873535156 -1640.28173828125
v -36.40966796875 -310.70892333984375 -1662.72998046875
v -21.841869354248047 -316.8464660644531 -1653.088623046875
v -9.112637519836426 -319.59173583984375 -1649.8115234375
v -47.26933288574219 -308.1339111328125 -1663.0977783203125
v -63.90243911743164 -302.6910705566406 -1666.4486083984375
v -62.33075714111328 -306.2435302734375 -1656.1466064453125
v -60.57280731201172 -309.2123718261719 -1648.8192138671875
v -70.52980041503906 -307.2369384765625 -1641.603759765625
v 4.327601909637451 -325.7092590332031 -1634.0174560546875
v 4.173247337341309 -326.40771484375 -1627.79345703125
v -0.9220035076141357 -324.6852111816406 -1639.195556640625
v 32.78420639038086 -320.7865295410156 -1617.933837890625
v 32.401512145996094 -322.634521484375 -1603.5584716796875
v -77.51021575927734 -301.5793762207031 -1646.4129638671875
v -81.0247802734375 -303.8242492675781 -1629.0909423828125
v -78.54247283935547 -307.7286376953125 -1614.5579833984375
v -86.01322937011719 -301.6163330078125 -1615.43505859375
v -87.48066711425781 -300.82049560546875 -1610.988037109375
v -83.65910339355469 -305.5555419921875 -1599.5098876953125
v -77.9037094116211 -310.1912841796875 -1591.4952392578125
v -72.63085174560547 -313.2644958496094 -1583.9713134765625
v 40.49186706542969 -320.18994140625 -1597.9482421875
v 27.688051223754883 -324.73760986328125 -1590.9324951171875
v 6.904203414916992 -331.4726257324219 -1585.52001953125
v 7.8379669189453125 -330.919677734375 -1578.504150390625
v 4.704214096069336 -331.9244384765625 -1575.468505859375
v 6.499453544616699 -331.8549499511719 -1567.60595703125
v 4.254064559936523 -332.74090576171875 -1565.1053466796875
v -5.982204914093018 -334.4063720703125 -1561.6781005859375
v -0.9228624105453491 -333.4307556152344 -1562.6082763671875
v -11.132986068725586 -334.0391845703125 -1564.8629150390625
v -14.439453125 -333.8320617675781 -1562.3011474609375
v -16.533363342285156 -333.97442626953125 -1559.8878173828125
v -75.81983947753906 -312.2104187011719 -1572.522216796875
v -61.02472686767578 -320.23468017578125 -1561.1431884765625
v -76.80748748779297 -314.0160217285156 -1557.92919921875
v -70.01285552978516 -318.00091552734375 -1546.625
v -40.80380630493164 -327.0467834472656 -1543.8359375
v -58.0211181640625 -321.62286376953125 -1539.0550537109375
v -49.48326110839844 -324.5029602050781 -1535.04833984375
v -13.918272018432617 -334.8001403808594 -1555.5634765625
v -19.54405403137207 -333.01666259765625 -1552.762939453125
v -19.936504364013672 -331.84796142578125 -1544.650146484375
v -26.217498779296875 -329.7764587402344 -1537.1575927734375
v -4.700965404510498 -321.8429260253906 -1650.784912109375
v -5.262395858764648 -323.8544921875 -1645.7913818359375
v -44.07466125488281 -306.0389099121094 -1672.157958984375
v -28.38238525390625 -306.8750915527344 -1678.0816650390625
v -23.915081024169922 -311.1513671875 -1668.2371826171875
v -11.258538246154785 -316.29241943359375 -1657.1905517578125
v -7.553610801696777 -318.5381164550781 -1654.737548828125
v -59.14341735839844 -303.58758544921875 -1668.6627197265625
v -74.87897491455078 -291.974609375 -1683.748046875
v -65.20675659179688 -295.1506652832031 -1686.29443359375
v -72.14820861816406 -299.5474853515625 -1664.39404296875
v -67.75321197509766 -303.5119323730469 -1658.5263671875
v -74.6888656616211 -301.6140441894531 -1652.7147216796875
v 4.813104152679443 -322.6060791015625 -1643.7535400390625
v 17.115503311157227 -321.1964416503906 -1636.6632080078125
v 19.376070022583008 -322.5462646484375 -1625.705810546875
v -0.17250049114227295 -321.761474609375 -1649.249755859375
v 28.3710880279541 -318.3175354003906 -1633.8221435546875
v 47.38119125366211 -315.8569641113281 -1621.4327392578125
v 50.0689582824707 -315.46893310546875 -1614.57275390625
v 46.20805740356445 -318.30853271484375 -1602.12939453125
v -84.86156463623047 -293.2894287109375 -1655.6207275390625
v -91.25843811035156 -290.8298034667969 -1645.02392578125
v -82.05016326904297 -299.6577453613281 -1641.7498779296875
v -87.56639862060547 -298.373291015625 -1625.8328857421875
v -92.62757110595703 -294.6337585449219 -1621.2025146484375
v -94.28429412841797 -293.6422119140625 -1617.3331298828125
v -93.16925811767578 -296.45062255859375 -1608.9224853515625
v -94.34501647949219 -296.9061584472656 -1601.5322265625
v -89.54331970214844 -302.552490234375 -1588.866455078125
v -82.35572814941406 -308.14239501953125 -1580.586181640625
v 52.465087890625 -316.52215576171875 -1597.2607421875
v 45.07719039916992 -320.5476989746094 -1586.726318359375
v 36.20330047607422 -322.9620666503906 -1581.933349609375
v 31.162334442138672 -325.3828430175781 -1570.1484375
v 16.10602378845215 -329.446044921875 -1570.7431640625
v 12.961325645446777 -329.4115295410156 -1561.316650390625
v 5.255764484405518 -332.4371032714844 -1558.960205078125
v 10.475348472595215 -332.2125549316406 -1551.0555419921875
v -10.051149368286133 -333.4057312011719 -1561.2666015625
v -4.8924055099487305 -334.20904541015625 -1560.2955322265625
v -7.029624938964844 -335.2209167480469 -1557.814697265625
v -10.804719924926758 -333.8498840332031 -1558.0606689453125
v -0.9420273900032043 -332.3238830566406 -1558.13671875
v -84.40989685058594 -308.0950012207031 -1574.3741455078125
v -88.23800659179688 -307.514404296875 -1560.739501953125
v -77.69354248046875 -314.0527038574219 -1551.8719482421875
v -78.70182800292969 -314.1104431152344 -1545.443359375
v -68.22590637207031 -317.7243957519531 -1530.737060546875
v -38.600162506103516 -327.5748291015625 -1529.14697265625
v -50.77684020996094 -322.8844909667969 -1525.80517578125
v -59.338478088378906 -320.7802429199219 -1529.3414306640625
v -10.69771957397461 -333.4848327636719 -1555.957763671875
v -9.580540657043457 -334.2471008300781 -1552.8978271484375
v -16.038087844848633 -333.66619873046875 -1550.854736328125
v -14.861801147460938 -333.76666259765625 -1549.214111328125
v -12.639944076538086 -333.62744140625 -1545.826416015625
v -16.637409210205078 -333.40057373046875 -1544.1422119140625
v -22.656755447387695 -331.6083068847656 -1539.834716796875
v -18.148500442504883 -332.497314453125 -1540.293701171875
v -22.199872970581055 -331.0052490234375 -1532.7572021484375
v -30.759000778198242 -329.41571044921875 -1530.3309326171875
v -3.8756184577941895 -321.5460510253906 -1654.3773193359375
v -3.4155056476593018 -322.2126159667969 -1650.73193359375
v -45.561763763427734 -300.726806640625 -1687.025146484375
v -54.1519889831543 -301.3078918457031 -1679.6370849609375
v -15.862691879272461 -307.71038818359375 -1680.7218017578125
v -33.48359298706055 -300.1039123535156 -1695.2274169921875
v -15.688874244689941 -311.77178955078125 -1668.367919921875
v -6.399531364440918 -314.3799133300781 -1661.2635498046875
v -4.980185031890869 -315.575439453125 -1659.5015869140625
v -4.117541313171387 -317.1694641113281 -1658.0682373046875
v -77.65889739990234 -282.3619689941406 -1707.28759765625
v -83.94183349609375 -283.01177978515625 -1694.7313232421875
v -72.4526138305664 -288.04193115234375 -1698.5166015625
v -82.95028686523438 -287.04754638671875 -1685.1671142578125
v -79.44403839111328 -293.037109375 -1672.0926513671875
v -59.53797912597656 -293.0995178222656 -1697.3275146484375
v -1.4424669742584229 -319.7346496582031 -1656.0089111328125
v 0.5490376949310303 -318.39154052734375 -1658.3675537109375
v 16.63214683532715 -317.9145202636719 -1648.4193115234375
v 31.28976058959961 -315.2225036621094 -1643.36865234375
v 43.23915481567383 -314.6780700683594 -1634.3892822265625
v 51.495323181152344 -313.4881286621094 -1623.5045166015625
v 59.3081169128418 -312.00091552734375 -1611.952392578125
v 56.2861328125 -314.6611328125 -1602.6627197265625
v -88.41699981689453 -287.8882141113281 -1669.584716796875
v -94.79212188720703 -284.49859619140625 -1662.0977783203125
v -95.08943176269531 -286.0582275390625 -1650.4490966796875
v -98.1618423461914 -284.50775146484375 -1642.7967529296875
v -90.83595275878906 -292.7962951660156 -1637.6710205078125
v -90.93586730957031 -294.25921630859375 -1631.4163818359375
v -101.41791534423828 -284.7116394042969 -1625.8458251953125
v -108.90324401855469 -278.7317810058594 -1620.9287109375
v -101.66708374023438 -286.35516357421875 -1616.94921875
v -104.5165786743164 -284.97930908203125 -1611.077880859375
v -104.1836166381836 -285.61309814453125 -1607.62109375
v -102.3871841430664 -290.05426025390625 -1596.3865966796875
v -98.00627899169922 -294.53173828125 -1595.6834716796875
v -100.96339416503906 -294.7306823730469 -1581.889892578125
v -95.46627807617188 -299.5606384277344 -1580.0196533203125
v 62.54947280883789 -311.72943115234375 -1597.804931640625
v 56.4887809753418 -316.0819396972656 -1587.9212646484375
v 48.94306564331055 -319.2120666503906 -1583.5216064453125
v 42.8426628112793 -321.340087890625 -1573.1842041015625
v 29.226755142211914 -326.39471435546875 -1565.13134765625
v 40.589317321777344 -321.6999816894531 -1563.9593505859375
v 22.190631866455078 -328.844482421875 -1554.8370361328125
v 0.3998924493789673 -332.3455505371094 -1554.684814453125
v 6.79163932800293 -332.38397216796875 -1547.006103515625
v 15.505640029907227 -330.90460205078125 -1545.3515625
v -5.455991268157959 -335.01019287109375 -1558.36474609375
v -3.4161314964294434 -333.64349365234375 -1555.4691162109375
v -7.487243175506592 -334.1767578125 -1554.7021484375
v -100.43255615234375 -297.7081604003906 -1566.8397216796875
v -93.56045532226562 -305.591552734375 -1551.745361328125
v -85.74647521972656 -310.88690185546875 -1547.5830078125
v -86.55953979492188 -310.3726501464844 -1531.773193359375
v -84.00074005126953 -312.48272705078125 -1526.0804443359375
v -78.75051879882812 -314.1745300292969 -1525.7088623046875
v -66.48979949951172 -317.9319152832031 -1521.348876953125
v -37.50199890136719 -326.67694091796875 -1520.764404296875
v -44.133094787597656 -324.3410949707031 -1512.0462646484375
v -57.55952453613281 -318.8889465332031 -1513.1763916015625
v -5.364961624145508 -333.32904052734375 -1550.0533447265625
v -5.663291931152344 -333.6236877441406 -1546.9857177734375
v -6.8731560707092285 -333.8626708984375 -1545.4822998046875
v -12.22607707977295 -334.34222412109375 -1542.86767578125
v -12.919157981872559 -334.063720703125 -1538.9874267578125
v -18.719860076904297 -331.37615966796875 -1537.92578125
v -16.549165725708008 -331.13385009765625 -1533.2208251953125
v -17.169755935668945 -331.7425537109375 -1524.7188720703125
v -24.078981399536133 -330.3191223144531 -1525.3197021484375
v -48.33429718017578 -297.0904235839844 -1695.065185546875
v -13.296327590942383 -304.8423156738281 -1688.868896484375
v -16.923357009887695 -300.2141418457031 -1700.6435546875
v -12.626205444335938 -306.1834716796875 -1684.7142333984375
v -7.883347511291504 -310.8676452636719 -1673.7659912109375
v -8.461625099182129 -312.6015319824219 -1670.193115234375
v -32.40797424316406 -291.84149169921875 -1713.5098876953125
v -46.58048629760742 -294.2529602050781 -1703.1412353515625
v -5.1047139167785645 -314.285400390625 -1666.7744140625
v -4.488903045654297 -315.0364990234375 -1661.442138671875
v -1.7945350408554077 -317.652099609375 -1659.182861328125
v -74.28137969970703 -279.2297668457031 -1720.2054443359375
v -81.1884765625 -276.7580871582031 -1714.7626953125
v -72.40489959716797 -282.94451904296875 -1712.8040771484375
v -85.0539321899414 -279.0437316894531 -1702.7362060546875
v -67.9003677368164 -286.8660583496094 -1706.2403564453125
v -90.83775329589844 -277.77410888671875 -1693.3408203125
v -89.23834991455078 -284.7143249511719 -1678.2733154296875
v -62.9326171875 -290.0756530761719 -1702.5906982421875
v -0.07219303399324417 -317.8698425292969 -1662.195068359375
v 5.7652716636657715 -316.95013427734375 -1658.64404296875
v 18.832496643066406 -314.7225036621094 -1655.4815673828125
v 26.19063377380371 -314.418701171875 -1650.5811767578125
v 41.21598434448242 -311.2377624511719 -1649.239501953125
v 51.92444610595703 -308.90020751953125 -1644.53515625
v 55.175453186035156 -310.087158203125 -1631.943115234375
v 61.43146896362305 -309.8169250488281 -1619.4891357421875
v 68.32380676269531 -306.7553405761719 -1613.5501708984375
v 63.8804817199707 -310.8116149902344 -1603.5712890625
v -93.90585327148438 -282.3935546875 -1672.3087158203125
v -100.23822784423828 -280.0181884765625 -1659.064697265625
v -104.50580596923828 -277.9466552734375 -1648.8909912109375
v -106.89298248291016 -276.15997314453125 -1644.7786865234375
v -100.10662078857422 -283.9196472167969 -1635.25830078125
v -106.09895324707031 -279.0136413574219 -1635.20556640625
v -109.58861541748047 -275.9388122558594 -1633.6409912109375
v -110.08067321777344 -276.4992980957031 -1628.5606689453125
v -110.87247467041016 -275.9443664550781 -1624.139404296875
v -112.88712310791016 -274.76519775390625 -1615.1009521484375
v -107.07330322265625 -281.5735778808594 -1613.5467529296875
v -111.06642150878906 -277.509033203125 -1606.7764892578125
v -107.59444427490234 -284.407470703125 -1594.580322265625
v -102.68994903564453 -291.76025390625 -1587.6220703125
v -106.65959930419922 -289.85498046875 -1576.5970458984375
v -100.76045989990234 -295.8189392089844 -1576.171875
v 69.3196792602539 -306.84405517578125 -1595.594482421875
v 63.69811248779297 -311.4766540527344 -1592.8189697265625
v 60.83094024658203 -313.65771484375 -1582.56396484375
v 53.94363784790039 -316.7865905761719 -1569.3968505859375
v 46.1370735168457 -319.99322509765625 -1566.8116455078125
v 37.685787200927734 -322.815185546875 -1554.0428466796875
v 30.622936248779297 -326.0836181640625 -1556.6888427734375
v 47.40180587768555 -318.70672607421875 -1558.135498046875
v 29.892236709594727 -325.5594177246094 -1538.8397216796875
v 24.31441307067871 -327.75732421875 -1542.6363525390625
v -1.7779836654663086 -333.4754943847656 -1553.7691650390625
v -1.6727888584136963 -333.75738525390625 -1552.168701171875
v 3.4082655906677246 -331.9902038574219 -1548.7166748046875
v 5.703915596008301 -333.01263427734375 -1542.8543701171875
v 12.186190605163574 -330.9909362792969 -1540.6331787109375
v 20.888277053833008 -328.69036865234375 -1535.214111328125
v 15.119174003601074 -329.4950866699219 -1532.3167724609375
v -105.17818450927734 -292.7203674316406 -1570.529052734375
v -105.31200408935547 -293.05413818359375 -1566.5572509765625
v -105.8939437866211 -293.2033996582031 -1563.9404296875
v -102.82392883300781 -297.4413146972656 -1558.1220703125
v -100.14449310302734 -300.7713928222656 -1547.866455078125
v -89.95783996582031 -306.9761047363281 -1542.36279296875
v -96.89802551269531 -304.1839599609375 -1533.9031982421875
v -89.51083374023438 -309.21160888671875 -1519.1832275390625
v -94.89582824707031 -305.6072998046875 -1525.8387451171875
v -78.5092544555664 -315.3315734863281 -1513.2490234375
v -72.64728546142578 -315.5559997558594 -1517.8326416015625
v -32.93482971191406 -327.27947998046875 -1517.61328125
v -37.83514404296875 -325.224609375 -1508.30224609375
v -67.24236297607422 -318.5470275878906 -1500.4122314453125
v -47.861656188964844 -321.9352722167969 -1495.9739990234375
v -73.68524169921875 -316.56884765625 -1509.549072265625
v -2.6323816776275635 -334.4112548828125 -1548.237548828125
v -2.707366466522217 -335.2116394042969 -1546.688720703125
v -3.9146883487701416 -334.7043762207031 -1545.6954345703125
v -1.9210243225097656 -333.3918762207031 -1543.6094970703125
v -7.330541610717773 -334.8634033203125 -1540.379150390625
v -9.985257148742676 -332.62384033203125 -1539.254150390625
v -13.347750663757324 -333.6340637207031 -1526.8021240234375
v -17.97688865661621 -331.5888366699219 -1517.7269287109375
v -9.514629364013672 -333.823486328125 -1517.80908203125
v -13.173048973083496 -332.43255615234375 -1514.1668701171875
v -11.2890043258667 -304.2593078613281 -1691.812255859375
v -7.7656402587890625 -305.41265869140625 -1689.181396484375
v -7.107133865356445 -305.27252197265625 -1685.9940185546875
v -17.878948211669922 -294.0028991699219 -1712.5911865234375
v -15.269966125488281 -298.8175964355469 -1703.3067626953125
v -13.502821922302246 -301.4152526855469 -1697.4969482421875
v 0.011415018700063229 -305.35174560546875 -1681.2677001953125
v -3.8735177516937256 -308.78021240234375 -1675.5655517578125
v -1.5148952007293701 -309.3198547363281 -1674.4979248046875
v -3.9822542667388916 -314.1391906738281 -1668.032470703125
v -25.282487869262695 -285.45001220703125 -1727.5010986328125
v -32.226341247558594 -286.4577331542969 -1722.812255859375
v -43.38565444946289 -289.29827880859375 -1714.7711181640625
v -57.93073272705078 -287.62420654296875 -1711.7747802734375
v -1.5540716648101807 -317.03997802734375 -1665.263427734375
v -65.13422393798828 -277.31817626953125 -1731.474853515625
v -71.45702362060547 -274.8120422363281 -1730.8861083984375
v -76.3829574584961 -272.45880126953125 -1728.9754638671875
v -68.66655731201172 -280.1486511230469 -1723.9781494140625
v -84.00260925292969 -269.81427001953125 -1722.43701171875
v -85.9602279663086 -270.5531311035156 -1717.84521484375
v -87.81407165527344 -272.45672607421875 -1711.362060546875
v -66.20184326171875 -283.9595947265625 -1714.59375
v -94.8137435913086 -267.7729797363281 -1703.8486328125
v -93.67163848876953 -274.9596862792969 -1692.6002197265625
v -97.41146850585938 -274.4606628417969 -1683.29296875
v 2.306633234024048 -315.6017761230469 -1666.6824951171875
v 8.692708015441895 -314.3926086425781 -1662.849609375
v 27.251602172851562 -311.0899658203125 -1659.4710693359375
v 38.515193939208984 -308.34649658203125 -1659.6322021484375
v 49.26845169067383 -306.619873046875 -1654.3333740234375
v 65.61943054199219 -299.42376708984375 -1651.4049072265625
v 60.21809768676758 -304.47503662109375 -1644.021728515625
v 62.00800323486328 -306.45623779296875 -1632.76025390625
v 65.93916320800781 -306.85992431640625 -1622.140380859375
v 73.0930404663086 -300.81658935546875 -1624.69091796875
v 77.44288635253906 -298.4509582519531 -1617.20654296875
v 71.11688995361328 -305.23370361328125 -1606.420166015625
v -101.65007019042969 -274.1966247558594 -1671.57373046875
v -104.5728530883789 -273.90692138671875 -1662.271728515625
v -105.21041870117188 -275.80731201171875 -1654.684814453125
v -111.434814453125 -270.6686706542969 -1643.216796875
v -113.27372741699219 -271.8161926269531 -1630.7347412109375
v -115.51129913330078 -270.4331359863281 -1619.6201171875
v -116.86260986328125 -268.9512634277344 -1613.0869140625
v -115.41899108886719 -272.43023681640625 -1609.3291015625
v -115.92057800292969 -271.4225158691406 -1606.54296875
v -113.1311264038086 -275.899658203125 -1600.9368896484375
v -112.17158508300781 -278.7085266113281 -1594.872802734375
v -115.00558471679688 -274.4969787597656 -1592.91552734375
v -108.47697448730469 -285.4954833984375 -1585.6031494140625
v -114.50420379638672 -283.0054016113281 -1568.072509765625
v 74.45026397705078 -302.73883056640625 -1595.1759033203125
v 67.7983627319336 -308.9971008300781 -1587.868896484375
v 68.3650894165039 -308.5523986816406 -1581.231689453125
v 62.4165153503418 -312.4485168457031 -1571.0721435546875
v 58.044776916503906 -314.25531005859375 -1564.5823974609375
v 39.62938690185547 -321.5425720214844 -1542.7518310546875
v 59.624752044677734 -313.42852783203125 -1559.553466796875
v 52.17779541015625 -316.73675537109375 -1549.9891357421875
v 36.332763671875 -321.47601318359375 -1528.0218505859375
v 26.40706443786621 -326.30267333984375 -1524.859130859375
v -0.7908765077590942 -333.83154296875 -1542.41943359375
v 11.247237205505371 -332.22491455078125 -1529.35009765625
v 5.0075483322143555 -333.0154113769531 -1530.10302734375
v 13.223783493041992 -331.41143798828125 -1524.2646484375
v 20.20744514465332 -328.4696044921875 -1522.5220947265625
v 16.470155715942383 -329.0300598144531 -1521.84619140625
v -111.92070770263672 -287.9590148925781 -1556.027587890625
v -107.41768646240234 -293.60443115234375 -1555.16943359375
v -104.451171875 -296.51593017578125 -1549.8773193359375
v -107.7445297241211 -294.6169128417969 -1545.4334716796875
v -102.73663330078125 -299.47869873046875 -1539.6920166015625
v -99.24446868896484 -303.8149719238281 -1514.5159912109375
v -91.86210632324219 -308.65875244140625 -1510.19091796875
v -84.38274383544922 -312.7695007324219 -1508.9757080078125
v -21.57748031616211 -331.01226806640625 -1508.64794921875
v -28.49354362487793 -327.1012268066406 -1506.7930908203125
v -35.37300109863281 -325.1313171386719 -1495.418212890625
v -78.57337188720703 -315.0648193359375 -1501.3074951171875
v -80.05493927001953 -313.35809326171875 -1494.54296875
v -64.03961181640625 -318.09417724609375 -1487.8662109375
v -73.20065307617188 -315.4595031738281 -1487.662841796875
v -5.1990647315979 -335.1372375488281 -1540.406005859375
v -1.926922082901001 -334.9306335449219 -1538.3065185546875
v -5.992242336273193 -332.7764587402344 -1540.6256103515625
v -6.020923614501953 -332.568603515625 -1536.7071533203125
v -7.482453346252441 -333.64227294921875 -1529.996826171875
v -4.983039379119873 -333.2491149902344 -1520.470458984375
v -6.01902437210083 -333.3460998535156 -1516.5955810546875
v -8.21882152557373 -333.51580810546875 -1512.8878173828125
v -5.576341152191162 -332.8073425292969 -1508.36865234375
v -12.442797660827637 -331.1294250488281 -1501.142333984375
v -10.820838928222656 -333.293701171875 -1501.9857177734375
v -8.829687118530273 -301.9124450683594 -1693.2420654296875
v -4.0750412940979 -303.512451171875 -1690.5633544921875
v -1.317889928817749 -303.7037048339844 -1688.2698974609375
v 2.389727830886841 -304.4588317871094 -1683.3455810546875
v -18.65450668334961 -291.6549072265625 -1716.6639404296875
v -14.328495025634766 -291.4923095703125 -1714.6939697265625
v -12.5403413772583 -295.10870361328125 -1708.5511474609375
v -11.247852325439453 -298.0969543457031 -1702.3289794921875
v -8.867727279663086 -300.2222595214844 -1696.4403076171875
v 2.302901029586792 -305.94775390625 -1680.3270263671875
v -0.48806270956993103 -307.3356018066406 -1678.3111572265625
v 0.31960105895996094 -310.1091003417969 -1674.156982421875
v -1.735236406326294 -312.5025634765625 -1670.3740234375
v -25.337961196899414 -282.3886413574219 -1732.054931640625
v -23.330965042114258 -285.0513916015625 -1727.962158203125
v -21.50867462158203 -287.7992858886719 -1723.228515625
v -29.037086486816406 -280.7137145996094 -1732.153564453125
v -30.166427612304688 -278.7467041015625 -1734.445068359375
v -40.929195404052734 -281.1271057128906 -1728.680419921875
v -48.38224792480469 -282.6424865722656 -1724.609130859375
v -60.070838928222656 -282.9127502441406 -1720.509521484375
v -59.3392219543457 -271.97467041015625 -1743.5030517578125
v -64.65106201171875 -272.2713928222656 -1740.5623779296875
v -63.11711502075195 -277.9233703613281 -1731.1636962890625
v -65.7012939453125 -267.5086669921875 -1745.7557373046875
v -75.37712097167969 -268.27581787109375 -1735.460693359375
v -84.90807342529297 -262.8169250488281 -1730.3505859375
v -58.40143966674805 -281.5341796875 -1724.1336669921875
v -88.85468292236328 -262.6127014160156 -1724.128662109375
v -92.56661224365234 -261.9945983886719 -1717.0660400390625
v -92.52086639404297 -266.6493225097656 -1711.3328857421875
v -96.48881530761719 -260.363525390625 -1709.8929443359375
v -100.32077026367188 -261.0174865722656 -1698.0755615234375
v -100.00376892089844 -268.9213562011719 -1687.226318359375
v 2.169722318649292 -314.5111999511719 -1669.5958251953125
v 10.876798629760742 -312.5382080078125 -1666.8189697265625
v 13.544574737548828 -309.7301025390625 -1672.4603271484375
v 24.691205978393555 -308.23736572265625 -1668.0849609375
v 39.78831100463867 -303.6078796386719 -1668.7755126953125
v 45.82302474975586 -303.85540771484375 -1664.4456787109375
v 48.6334114074707 -301.06646728515625 -1669.4461669921875
v 61.469635009765625 -299.2425842285156 -1659.6529541015625
v 72.33663177490234 -292.86639404296875 -1662.971435546875
v 74.39068603515625 -294.2138977050781 -1652.1419677734375
v 75.01460266113281 -295.0582275390625 -1643.365966796875
v 69.36036682128906 -301.1154479980469 -1635.876953125
v 81.97764587402344 -291.1434326171875 -1632.2440185546875
v 78.17881774902344 -293.65911865234375 -1637.4561767578125
v 80.93917083740234 -293.4627685546875 -1625.853271484375
v 83.40296173095703 -292.2046203613281 -1618.38623046875
v 92.06937408447266 -283.78509521484375 -1606.55908203125
v 79.09342193603516 -297.764892578125 -1611.622802734375
v 81.05596160888672 -296.58514404296875 -1607.06396484375
v 75.20870971679688 -302.2847595214844 -1604.013916015625
v -104.19832611083984 -265.5561828613281 -1679.5062255859375
v -107.40360260009766 -269.697509765625 -1661.597412109375
v -111.86236572265625 -263.3160705566406 -1656.0142822265625
v -114.81836700439453 -259.9884338378906 -1649.153076171875
v -117.07748413085938 -260.5812683105469 -1641.586669921875
v -116.38806915283203 -265.3378601074219 -1634.13427734375
v -119.35972595214844 -261.8683776855469 -1626.291748046875
v -121.04241180419922 -258.7065734863281 -1619.0748291015625
v -120.61078643798828 -260.33197021484375 -1611.8939208984375
v -116.22274017333984 -268.5804138183594 -1609.4915771484375
v -120.06838989257812 -263.0231018066406 -1607.6328125
v -117.07281494140625 -270.12933349609375 -1598.89453125
v -114.82113647460938 -273.56109619140625 -1598.698974609375
v -114.2249984741211 -276.42694091796875 -1596.131591796875
v -114.54619598388672 -273.2268981933594 -1596.2103271484375
v -116.18819427490234 -270.2054443359375 -1595.8084716796875
v -118.9986801147461 -266.9411315917969 -1593.17626953125
v -116.35508728027344 -273.06658935546875 -1587.600830078125
v -114.84672546386719 -279.3581237792969 -1575.534912109375
v -119.11021423339844 -275.3951416015625 -1567.633544921875
v -118.53610229492188 -279.17291259765625 -1555.3798828125
v 80.6610107421875 -297.10980224609375 -1603.3563232421875
v 81.1984634399414 -297.248291015625 -1599.58154296875
v 78.22228240966797 -299.9782409667969 -1592.5699462890625
v 77.0559310913086 -301.6908874511719 -1581.3333740234375
v 77.02558135986328 -303.50970458984375 -1566.714111328125
v 72.21676635742188 -306.00543212890625 -1560.650390625
v 66.7181396484375 -309.33489990234375 -1557.01171875
v 54.693016052246094 -315.58306884765625 -1541.70849609375
v 51.14518737792969 -317.2436218261719 -1536.7318115234375
v 47.138641357421875 -319.07171630859375 -1528.0858154296875
v 66.66962432861328 -309.4085693359375 -1544.8616943359375
v 57.59471893310547 -314.3171081542969 -1547.9256591796875
v 37.486080169677734 -321.747802734375 -1519.168212890625
v 0.6114705204963684 -334.3645324707031 -1534.3583984375
v 5.43839693069458 -332.2223205566406 -1526.3458251953125
v 2.4827520847320557 -332.7965393066406 -1530.1839599609375
v 1.4377307891845703 -332.9416198730469 -1527.489013671875
v 6.487081527709961 -332.155517578125 -1523.1201171875
v 15.56361198425293 -328.4605712890625 -1513.994873046875
v 7.050539493560791 -332.02142333984375 -1517.2886962890625
v 39.9587516784668 -320.0825500488281 -1508.7916259765625
v 25.367664337158203 -324.6758117675781 -1508.228515625
v -115.70877075195312 -283.4662780761719 -1541.080078125
v -112.7222900390625 -287.6112976074219 -1539.765625
v -109.96715545654297 -291.40191650390625 -1546.9974365234375
v -109.15693664550781 -292.1094970703125 -1532.4248046875
v -101.69527435302734 -301.07305908203125 -1503.8392333984375
v -96.78350830078125 -304.9709167480469 -1505.005615234375
v -88.45755767822266 -309.97802734375 -1500.2652587890625
v -23.41385269165039 -329.5655822753906 -1504.663330078125
v -26.252443313598633 -328.0785827636719 -1497.9931640625
v -23.495752334594727 -329.4801025390625 -1493.739990234375
v -30.235443115234375 -327.6153869628906 -1484.931884765625
v -87.06214141845703 -308.7448425292969 -1489.1689453125
v -54.77833938598633 -320.1559143066406 -1482.8935546875
v -71.67271423339844 -314.94110107421875 -1475.466064453125
v -58.96297836303711 -319.1761474609375 -1474.0867919921875
v -78.61239624023438 -312.40631103515625 -1480.07763671875
v -7.287078857421875 -336.8866882324219 -1538.85595703125
v -6.248397350311279 -336.62677001953125 -1539.756591796875
v -3.8697876930236816 -336.0650939941406 -1539.673583984375
v -0.711138129234314 -336.438720703125 -1534.9903564453125
v -6.031277656555176 -333.00537109375 -1539.250244140625
v -5.551746845245361 -334.6236267089844 -1537.67822265625
v -4.704255104064941 -335.47900390625 -1536.9725341796875
v -2.762282609939575 -335.6675720214844 -1535.216064453125
v -3.3682701587677 -334.6234436035156 -1532.182373046875
v -4.885167121887207 -333.700439453125 -1531.1697998046875
v -5.116337776184082 -333.2761535644531 -1528.9993896484375
v -6.393275737762451 -333.7266540527344 -1525.6102294921875
v -3.6384437084198 -333.9821472167969 -1521.6268310546875
v -2.4221444129943848 -335.1656494140625 -1520.140869140625
v -1.8331290483474731 -335.2292175292969 -1518.5113525390625
v 0.2198794037103653 -333.7265625 -1514.6654052734375
v -2.8857061862945557 -333.0050048828125 -1512.442626953125
v -4.941479682922363 -333.5706787109375 -1510.548828125
v 1.3341511487960815 -330.4034729003906 -1504.94921875
v -3.6274611949920654 -331.5647277832031 -1499.2186279296875
v -16.918163299560547 -330.6568603515625 -1492.93603515625
v -8.859700202941895 -331.2459716796875 -1499.9354248046875
v -10.00516414642334 -332.0362854003906 -1490.8353271484375
v -5.2211713790893555 -302.0926208496094 -1692.9281005859375
v -3.0330536365509033 -301.689453125 -1692.6407470703125
v -0.09869593381881714 -301.27423095703125 -1690.0252685546875
v 1.0379438400268555 -303.8924255371094 -1687.8646240234375
v 7.636904239654541 -305.82086181640625 -1684.26611328125
v -16.08946990966797 -289.189697265625 -1718.71630859375
v -9.176953315734863 -291.9967956542969 -1715.939208984375
v -11.705618858337402 -293.7729187011719 -1710.7930908203125
v -9.117803573608398 -296.2723083496094 -1706.1829833984375
v -3.3459110260009766 -300.1939392089844 -1699.419189453125
v -3.607832193374634 -301.343505859375 -1695.9796142578125
v 6.781064510345459 -307.6663513183594 -1681.1580810546875
v 5.33493709564209 -309.7906188964844 -1679.3175048828125
v 0.9684594869613647 -308.2626647949219 -1677.899169921875
v 3.202744960784912 -312.14422607421875 -1675.9044189453125
v 2.4418442249298096 -312.3878479003906 -1673.9417724609375
v 2.26214599609375 -314.0358581542969 -1671.825439453125
v -26.857574462890625 -279.5417175292969 -1733.665283203125
v -25.097118377685547 -280.8634033203125 -1733.0455322265625
v -21.414335250854492 -282.21551513671875 -1729.733642578125
v -20.1336669921875 -284.22686767578125 -1726.861572265625
v -18.07415199279785 -286.26263427734375 -1723.5494384765625
v -36.791507720947266 -270.9620666503906 -1744.3819580078125
v -41.835479736328125 -274.8251953125 -1738.4156494140625
v -28.412967681884766 -274.564453125 -1739.6795654296875
v -23.209407806396484 -279.52276611328125 -1733.3758544921875
v -51.24629592895508 -275.5819091796875 -1736.3441162109375
v -57.181148529052734 -267.4751892089844 -1750.576904296875
v -54.615318298339844 -267.9777526855469 -1750.2060546875
v -62.17381286621094 -269.3192443847656 -1746.2855224609375
v -50.09823226928711 -271.9935302734375 -1742.299072265625
v -60.36217498779297 -263.5556945800781 -1752.928466796875
v -69.71574401855469 -261.68768310546875 -1747.857421875
v -73.83586883544922 -262.6113586425781 -1743.1256103515625
v -78.81214141845703 -261.1190490722656 -1739.173828125
v -84.69959259033203 -259.54534912109375 -1733.6109619140625
v -91.03855895996094 -254.6509552001953 -1725.9398193359375
v -93.18138885498047 -257.7446594238281 -1720.0677490234375
v -96.77356719970703 -253.00070190429688 -1715.3863525390625
v -98.87813568115234 -256.08917236328125 -1707.662353515625
v -102.23762512207031 -253.29837036132812 -1699.277587890625
v -101.96129608154297 -264.24884033203125 -1688.947998046875
v -104.71916961669922 -255.79080200195312 -1689.9503173828125
v 7.8088059425354 -311.7055358886719 -1671.7796630859375
v 5.46025276184082 -311.1193542480469 -1677.847412109375
v 10.21225357055664 -307.64959716796875 -1679.908203125
v 26.4639892578125 -305.2797546386719 -1672.6578369140625
v 27.77474594116211 -301.5304870605469 -1677.62890625
v 34.274410247802734 -300.92559814453125 -1674.8543701171875
v 42.981109619140625 -298.69061279296875 -1677.6114501953125
v 51.90779495239258 -297.549560546875 -1675.138427734375
v 55.74508285522461 -299.60076904296875 -1667.1566162109375
v 64.63706970214844 -294.38385009765625 -1670.697021484375
v 78.80077362060547 -289.0420227050781 -1662.06201171875
v 69.98991394042969 -291.3436279296875 -1672.849609375
v 81.62085723876953 -289.61004638671875 -1649.665283203125
v 84.6274185180664 -287.6965637207031 -1645.099609375
v 87.1356201171875 -285.4326171875 -1642.1507568359375
v 89.4411392211914 -284.073486328125 -1638.6998291015625
v 92.1266860961914 -281.28857421875 -1625.333984375
v 91.60863494873047 -282.49737548828125 -1618.4644775390625
v 90.0195541381836 -284.8858947753906 -1614.8714599609375
v 82.88946533203125 -294.0137023925781 -1609.3656005859375
v 98.38001251220703 -277.9833679199219 -1606.341064453125
v 93.30796813964844 -283.1980285644531 -1600.49853515625
v 99.66534423828125 -277.1313171386719 -1598.3289794921875
v 91.96114349365234 -284.8289489746094 -1597.6357421875
v -106.2317123413086 -259.9567565917969 -1680.371826171875
v -109.2691879272461 -261.65283203125 -1667.481689453125
v -113.65552520751953 -255.61920166015625 -1659.9359130859375
v -116.6328353881836 -250.56936645507812 -1652.531005859375
v -119.36011505126953 -254.2938232421875 -1640.3389892578125
v -120.87731170654297 -256.351318359375 -1630.0445556640625
v -122.42416381835938 -250.69737243652344 -1628.122802734375
v -123.1107177734375 -251.561279296875 -1619.16064453125
v -122.96691131591797 -256.00079345703125 -1607.281982421875
v -120.72876739501953 -263.88836669921875 -1596.9752197265625
v -123.479248046875 -257.8579406738281 -1598.701904296875
v -123.91053771972656 -257.2222595214844 -1589.2822265625
v -124.12640380859375 -258.41021728515625 -1581.0982666015625
v -122.4156265258789 -270.27239990234375 -1563.095947265625
v -123.98278045654297 -269.3677978515625 -1551.5474853515625
v -119.65216064453125 -276.90252685546875 -1546.6956787109375
v 84.32659912109375 -293.9753112792969 -1595.76513671875
v 83.75406646728516 -295.505615234375 -1590.873291015625
v 84.97738647460938 -294.0893249511719 -1585.423583984375
v 83.9356918334961 -296.5890197753906 -1580.7750244140625
v 83.14324951171875 -297.307861328125 -1576.156982421875
v 85.68314361572266 -295.99859619140625 -1573.218994140625
v 82.67890930175781 -297.97296142578125 -1568.185791015625
v 77.40270233154297 -302.892578125 -1556.74951171875
v 65.76309967041016 -310.7669982910156 -1536.8355712890625
v 59.35068893432617 -314.10400390625 -1534.601806640625
v 57.66289520263672 -314.6293029785156 -1526.8629150390625
v 51.08810043334961 -317.2709045410156 -1522.636962890625
v 73.95010375976562 -306.719970703125 -1540.267578125
v 55.838443756103516 -316.236328125 -1512.8328857421875
v 0.26777637004852295 -335.4413757324219 -1531.4749755859375
v 1.988044261932373 -333.9284973144531 -1525.6114501953125
v -1.3843752145767212 -335.4631042480469 -1528.4124755859375
v -0.22493073344230652 -332.76654052734375 -1526.677978515625
v 2.8241634368896484 -334.2461242675781 -1522.340576171875
v 7.478379726409912 -331.5496826171875 -1512.7908935546875
v 7.555914402008057 -330.21917724609375 -1506.68603515625
v 9.675402641296387 -329.565673828125 -1502.3736572265625
v 13.2372407913208 -327.48028564453125 -1494.3192138671875
v 3.691232204437256 -332.4466552734375 -1515.0684814453125
v 49.544273376464844 -317.5512390136719 -1503.804931640625
v 46.229393005371094 -316.88140869140625 -1493.6112060546875
v 39.579315185546875 -317.6651916503906 -1482.3201904296875
v 21.9050235748291 -324.3434753417969 -1487.43798828125
v -121.70792388916016 -274.49761962890625 -1529.53271484375
v -116.0189437866211 -283.5816650390625 -1524.5711669921875
v -110.22175598144531 -291.8056945800781 -1523.17041015625
v -108.5979232788086 -294.3218078613281 -1515.1065673828125
v -104.84967041015625 -298.0873718261719 -1501.1729736328125
v -102.8453598022461 -298.9248352050781 -1495.7833251953125
v -98.26605224609375 -301.7806091308594 -1490.5975341796875
v -102.9758529663086 -297.99749755859375 -1491.616455078125
v -9.963579177856445 -332.3528747558594 -1479.275634765625
v -15.667259216308594 -330.5452880859375 -1476.763916015625
v -44.98243713378906 -321.5423278808594 -1477.3348388671875
v -28.939157485961914 -326.1917419433594 -1468.4053955078125
v -41.33076858520508 -322.8633117675781 -1469.05712890625
v -94.46878814697266 -303.1173095703125 -1479.57763671875
v -87.53579711914062 -307.398681640625 -1479.2579345703125
v -81.19485473632812 -310.46624755859375 -1470.981689453125
v -73.63861083984375 -313.4425964355469 -1465.6373291015625
v -65.85323333740234 -316.54925537109375 -1464.8717041015625
v -54.630584716796875 -319.7001953125 -1458.2862548828125
v -6.119350433349609 -337.4926452636719 -1538.489501953125
v -7.031915664672852 -336.4841613769531 -1538.2728271484375
v -4.841264247894287 -337.5995788574219 -1536.101806640625
v -5.595803737640381 -336.3869934082031 -1537.19580078125
v -0.48447632789611816 -335.7928771972656 -1532.115234375
v -5.138030052185059 -334.76031494140625 -1531.1773681640625
v -3.6832435131073 -335.4347229003906 -1530.0765380859375
v -5.373626708984375 -334.2365417480469 -1529.985107421875
v -4.516606330871582 -334.8716735839844 -1528.956298828125
v -3.134303331375122 -333.33563232421875 -1526.5445556640625
v 3.0630030632019043 -333.0149841308594 -1511.75830078125
v 3.4199819564819336 -331.25787353515625 -1508.89453125
v 3.2238333225250244 -328.78826904296875 -1499.2540283203125
v -1.1392499208450317 -331.64971923828125 -1495.8929443359375
v -9.780871391296387 -332.0342102050781 -1485.9573974609375
v -1.0968823432922363 -299.71636962890625 -1693.089599609375
v 0.9225901365280151 -298.3505859375 -1692.3096923828125
v 2.344357967376709 -296.6481018066406 -1693.188232421875
v 4.473211765289307 -304.6105041503906 -1688.1912841796875
v 6.214227199554443 -301.2117919921875 -1691.5731201171875
v 7.425798416137695 -304.5111999511719 -1688.235107421875
v 12.687932014465332 -303.6983642578125 -1685.804443359375
v 18.15398406982422 -304.2792663574219 -1680.4075927734375
v -12.403443336486816 -288.30084228515625 -1721.80126953125
v -2.2818074226379395 -292.453125 -1715.2830810546875
v -7.386995315551758 -289.5426025390625 -1719.7724609375
v -5.695062160491943 -295.6692810058594 -1710.2891845703125
v -2.310861110687256 -299.0009460449219 -1704.981689453125
v -0.9274728894233704 -299.7906494140625 -1703.1329345703125
v -1.1944607496261597 -299.654541015625 -1702.542236328125
v -2.180736541748047 -299.8731384277344 -1699.25
v 3.4392271041870117 -311.0414733886719 -1678.06201171875
v 3.800636053085327 -312.73065185546875 -1673.5577392578125
v -19.2613468170166 -280.0299072265625 -1733.58740234375
v -42.05171203613281 -263.8631591796875 -1753.318603515625
v -48.11699676513672 -266.69976806640625 -1750.1842041015625
v -32.59592819213867 -267.48712158203125 -1748.3048095703125
v -23.068742752075195 -275.18798828125 -1739.7308349609375
v -53.41682815551758 -263.46917724609375 -1755.278564453125
v -58.897438049316406 -259.3410949707031 -1757.2503662109375
v -61.84915542602539 -258.16632080078125 -1756.5003662109375
v -66.49515533447266 -257.9801025390625 -1753.3896484375
v -71.12564086914062 -256.9803161621094 -1749.8084716796875
v -77.41281127929688 -254.7503662109375 -1744.2664794921875
v -86.35528564453125 -254.14198303222656 -1733.9320068359375
v -88.95548248291016 -243.44776916503906 -1732.7423095703125
v -94.74349975585938 -245.99290466308594 -1722.9298095703125
v -98.77977752685547 -244.92172241210938 -1713.586669921875
v -102.39151763916016 -239.42330932617188 -1704.6043701171875
v -104.48783874511719 -244.85751342773438 -1694.2667236328125
v -108.63810729980469 -248.697021484375 -1682.517578125
v -106.66171264648438 -253.7683868408203 -1685.5274658203125
v 27.851036071777344 -300.1336669921875 -1683.17578125
v 30.805627822875977 -299.284423828125 -1678.3905029296875
v 30.953170776367188 -297.285400390625 -1680.417724609375
v 34.84972381591797 -298.3465270996094 -1679.3944091796875
v 53.75175476074219 -292.68133544921875 -1685.4617919921875
v 36.79904556274414 -296.15692138671875 -1687.3328857421875
v 35.551307678222656 -298.086181640625 -1681.8167724609375
v 62.08683395385742 -293.5238037109375 -1677.0391845703125
v 75.27740478515625 -288.12750244140625 -1674.6099853515625
v 79.4523696899414 -284.484619140625 -1677.258544921875
v 84.9281997680664 -283.31341552734375 -1664.0594482421875
v 68.40398406982422 -288.09771728515625 -1687.2723388671875
v 88.31024932861328 -283.6307067871094 -1647.451416015625
v 93.27227783203125 -278.8748474121094 -1640.895263671875
v 100.24142456054688 -271.3462219238281 -1628.216552734375
v 96.8963851928711 -276.5464782714844 -1625.9071044921875
v 96.82147216796875 -277.5516052246094 -1621.0460205078125
v 97.67523956298828 -276.7441711425781 -1617.226318359375
v 96.07598114013672 -279.1703796386719 -1614.0225830078125
v 101.89976501464844 -273.6350402832031 -1607.2166748046875
v 100.19255065917969 -277.2209777832031 -1588.558349609375
v 106.29679107666016 -267.5517272949219 -1595.5267333984375
v -110.92327880859375 -252.30101013183594 -1673.5859375
v -112.17471313476562 -248.21546936035156 -1671.9515380859375
v -114.29842376708984 -248.45323181152344 -1663.0880126953125
v -115.49571228027344 -243.78512573242188 -1660.219970703125
v -117.5522232055664 -237.5384063720703 -1654.3660888671875
v -118.88996887207031 -246.10235595703125 -1648.3084716796875
v -120.25852966308594 -246.84124755859375 -1641.8782958984375
v -121.17100524902344 -242.8158416748047 -1639.9990234375
v -121.31987762451172 -251.60414123535156 -1633.2923583984375
v -122.26364135742188 -243.86346435546875 -1633.20166015625
v -122.36283874511719 -241.12672424316406 -1629.461181640625
v -123.24412536621094 -247.85580444335938 -1625.982421875
v -123.25672912597656 -244.2700958251953 -1618.942626953125
v -123.39820098876953 -249.1488037109375 -1615.428466796875
v -124.40152740478516 -247.98875427246094 -1608.46240234375
v -124.13139343261719 -252.85479736328125 -1602.8948974609375
v -125.77265167236328 -248.45187377929688 -1598.966796875
v -125.70622253417969 -251.36154174804688 -1596.148681640625
v -126.38626861572266 -248.5969696044922 -1593.4620361328125
v -125.95586395263672 -252.39959716796875 -1583.0224609375
v -129.76202392578125 -240.03500366210938 -1579.109375
v -125.08097076416016 -262.7471008300781 -1565.6082763671875
v -128.1678009033203 -253.47203063964844 -1565.725341796875
v -128.74635314941406 -254.58807373046875 -1559.287353515625
v -125.7258071899414 -263.34686279296875 -1547.2723388671875
v -124.94660186767578 -267.474853515625 -1534.873046875
v 90.42144775390625 -289.22552490234375 -1582.7947998046875
v 90.07160949707031 -290.8899841308594 -1575.4749755859375
v 90.69308471679688 -291.02880859375 -1568.24365234375
v 86.53427124023438 -295.9551086425781 -1565.7501220703125
v 81.61811828613281 -300.5378723144531 -1555.3319091796875
v 77.33856964111328 -306.0661926269531 -1528.0050048828125
v 65.10507202148438 -312.7480163574219 -1522.7479248046875
v 80.2607192993164 -303.0348815917969 -1541.2821044921875
v 64.66944885253906 -312.1077575683594 -1513.68310546875
v 57.754337310791016 -315.0475769042969 -1505.055419921875
v 9.95055866241455 -327.5666198730469 -1489.3319091796875
v 12.231633186340332 -323.7935485839844 -1479.202880859375
v 59.66786193847656 -311.9012756347656 -1498.0777587890625
v 53.227821350097656 -314.3284606933594 -1491.681640625
v 52.34062957763672 -311.3338928222656 -1475.9482421875
v 23.989803314208984 -322.4618835449219 -1477.5574951171875
v 42.81135940551758 -312.5111083984375 -1469.72802734375
v -127.30062103271484 -259.4428405761719 -1525.2330322265625
v -124.2566909790039 -268.2185363769531 -1525.99609375
v -118.948974609375 -278.845947265625 -1525.6368408203125
v -112.39522552490234 -289.58770751953125 -1517.586181640625
v -109.05398559570312 -292.45623779296875 -1503.74462890625
v -108.66510772705078 -292.8953552246094 -1495.6656494140625
v -108.68352508544922 -290.8385925292969 -1490.10205078125
v -99.33972930908203 -299.88214111328125 -1485.6331787109375
v -103.49058532714844 -295.6722106933594 -1482.4041748046875
v -2.9690897464752197 -330.9250793457031 -1486.46533203125
v -8.766098022460938 -330.6365051269531 -1474.7576904296875
v -14.616636276245117 -330.5121154785156 -1470.62939453125
v -10.945501327514648 -328.5528869628906 -1471.452880859375
v -12.76265811920166 -328.67156982421875 -1463.655517578125
v -15.675833702087402 -327.3514404296875 -1459.3031005859375
v -38.90035629272461 -321.611328125 -1458.18505859375
v -21.219017028808594 -326.0126037597656 -1454.417236328125
v -101.97406005859375 -297.38232421875 -1476.4288330078125
v -96.02664184570312 -301.0345764160156 -1473.32568359375
v -88.14348602294922 -306.2049865722656 -1468.638427734375
v -79.1397476196289 -309.8711853027344 -1453.4697265625
v -74.2981185913086 -312.3384704589844 -1454.202880859375
v -55.83761978149414 -317.1278381347656 -1439.7008056640625
v -42.801517486572266 -321.5309143066406 -1448.306884765625
v -7.601219654083252 -337.4363098144531 -1532.5364990234375
v -9.598592758178711 -337.2320251464844 -1530.6826171875
v -5.378901958465576 -335.6654357910156 -1531.7757568359375
v -7.238398551940918 -336.3087463378906 -1527.916259765625
v -4.891599655151367 -336.31658935546875 -1530.1649169921875
v -6.119426250457764 -337.19464111328125 -1527.6341552734375
v -1.010552167892456 -328.28167724609375 -1482.6632080078125
v 5.947712421417236 -323.9468994140625 -1471.0384521484375
v -0.6636825799942017 -296.1756286621094 -1697.4447021484375
v 0.12871918082237244 -295.19329833984375 -1697.1337890625
v 0.7263693809509277 -293.713623046875 -1698.4727783203125
v 3.97339129447937 -295.3133850097656 -1694.7879638671875
v 4.514636516571045 -297.2149353027344 -1693.2022705078125
v 7.040197372436523 -298.67999267578125 -1694.0679931640625
v 10.084894180297852 -298.6362609863281 -1694.81103515625
v 8.213653564453125 -301.97589111328125 -1690.66796875
v 16.450105667114258 -301.71038818359375 -1687.3509521484375
v -13.00140380859375 -282.1440124511719 -1730.216796875
v -5.3184356689453125 -289.690185546875 -1720.57421875
v -1.38679838180542 -290.9376220703125 -1718.324951171875
v 1.5639002323150635 -293.62835693359375 -1716.226806640625
v -0.6961005330085754 -293.0292053222656 -1714.4136962890625
v -0.22730861604213715 -292.7191162109375 -1713.32275390625
v -2.5351407527923584 -294.6152648925781 -1710.53076171875
v -8.824769973754883 -285.3648986816406 -1726.4759521484375
v -3.74474835395813 -296.4814453125 -1708.710205078125
v -1.9264932870864868 -298.07958984375 -1705.75146484375
v -1.5338116884231567 -296.9136047363281 -1705.3699951171875
v -1.5365735292434692 -295.1805419921875 -1702.525634765625
v -1.3943099975585938 -298.7784423828125 -1700.4796142578125
v -15.20608901977539 -278.4248352050781 -1734.9691162109375
v -47.5299186706543 -256.81732177734375 -1762.5494384765625
v -49.530845642089844 -259.8417053222656 -1759.879150390625
v -35.247314453125 -260.7212829589844 -1756.3890380859375
v -26.79924201965332 -258.37701416015625 -1758.4202880859375
v -21.93777084350586 -266.2591857910156 -1749.8968505859375
v -20.998281478881836 -270.0259094238281 -1745.2945556640625
v -17.90179443359375 -274.5653381347656 -1739.9517822265625
v -52.74348831176758 -258.7668151855469 -1760.55078125
v -57.7016487121582 -256.0174865722656 -1760.4412841796875
v -60.09098815917969 -249.60519409179688 -1762.55224609375
v -64.61016082763672 -249.16416931152344 -1759.3314208984375
v -69.76110076904297 -248.05758666992188 -1754.7703857421875
v -77.02611541748047 -246.5732879638672 -1746.6676025390625
v -83.24915313720703 -249.49191284179688 -1738.9942626953125
v -83.70654296875 -239.93411254882812 -1738.6641845703125
v -87.57573699951172 -237.36117553710938 -1733.832763671875
v -93.72917938232422 -240.9772491455078 -1725.0908203125
v -98.49354553222656 -238.66319274902344 -1715.078369140625
v -102.87893676757812 -227.88839721679688 -1701.9583740234375
v -104.16582489013672 -236.31155395507812 -1698.29296875
v -108.34693145751953 -232.99009704589844 -1687.75146484375
v -110.86548614501953 -237.82400512695312 -1678.4222412109375
v 26.687564849853516 -298.4515380859375 -1689.428955078125
v 30.93480110168457 -298.748046875 -1685.1990966796875
v 29.9349308013916 -299.0053405761719 -1683.8922119140625
v 29.311939239501953 -298.87420654296875 -1681.61767578125
v 29.043041229248047 -295.14996337890625 -1682.5849609375
v 30.321401596069336 -294.560302734375 -1682.674072265625
v 32.065956115722656 -296.80487060546875 -1681.0052490234375
v 32.99486541748047 -297.9643249511719 -1683.5321044921875
v 31.98016357421875 -296.2930603027344 -1683.3079833984375
v 66.3308334350586 -287.1964416503906 -1691.853515625
v 50.93942642211914 -287.8142395019531 -1696.9456787109375
v 34.36493682861328 -293.2674255371094 -1694.6488037109375
v 60.967533111572266 -292.4603271484375 -1681.0169677734375
v 73.9366226196289 -284.1195373535156 -1690.86328125
v 80.01056671142578 -279.3038635253906 -1690.8656005859375
v 86.63105773925781 -276.696533203125 -1678.636474609375
v 88.24947357177734 -280.9214782714844 -1659.269775390625
v 66.78304290771484 -285.4831237792969 -1697.144287109375
v 93.49195098876953 -276.8443603515625 -1647.111083984375
v 97.62137603759766 -271.36578369140625 -1642.693115234375
v 102.28690338134766 -266.1367492675781 -1632.260009765625
v 103.79000854492188 -264.27655029296875 -1627.0123291015625
v 102.08505249023438 -270.2877197265625 -1619.8101806640625
v 106.66272735595703 -262.6767578125 -1617.3187255859375
v 104.73573303222656 -268.71649169921875 -1609.27587890625
v 105.29283142089844 -268.80560302734375 -1601.4002685546875
v 103.2010498046875 -273.4882507324219 -1584.77978515625
v 100.74043273925781 -277.06829833984375 -1578.0213623046875
v 95.94140625 -283.7365417480469 -1575.07177734375
v 109.93746948242188 -255.89927673339844 -1605.318115234375
v 110.5003433227539 -257.1210632324219 -1591.8897705078125
v 108.66221618652344 -263.43658447265625 -1587.670654296875
v -113.87752532958984 -238.8720245361328 -1668.9085693359375
v -117.09612274169922 -232.49539184570312 -1660.6429443359375
v -118.29248809814453 -226.55076599121094 -1658.0716552734375
v -118.94438171386719 -226.46624755859375 -1653.9044189453125
v -119.28012084960938 -234.68190002441406 -1648.052490234375
v -120.3064956665039 -242.0204315185547 -1643.560546875
v -120.3382568359375 -229.61920166015625 -1641.1107177734375
v -121.18006134033203 -231.5275115966797 -1638.1661376953125
v -121.33341217041016 -239.68475341796875 -1636.428466796875
v -121.67509460449219 -227.89199829101562 -1629.66552734375
v -123.19775390625 -242.3020477294922 -1626.201416015625
v -122.33797454833984 -230.4061279296875 -1621.6527099609375
v -123.0792007446289 -232.4871063232422 -1618.9879150390625
v -123.24848937988281 -235.66896057128906 -1614.7225341796875
v -124.24119567871094 -245.0511016845703 -1614.7977294921875
v -124.38232421875 -237.80172729492188 -1611.339599609375
v -124.48345947265625 -241.37538146972656 -1607.47216796875
v -125.32363891601562 -232.68943786621094 -1605.892578125
v -125.62931823730469 -231.3771514892578 -1603.5794677734375
v -126.75035095214844 -243.34808349609375 -1596.0982666015625
v -127.14546966552734 -243.8838348388672 -1591.140869140625
v -128.23818969726562 -240.80050659179688 -1586.50927734375
v -130.34852600097656 -232.3243408203125 -1583.2742919921875
v -129.6046142578125 -242.25689697265625 -1570.831787109375
v -129.69183349609375 -251.17332458496094 -1555.2310791015625
v -128.7121124267578 -252.34156799316406 -1542.56396484375
v -128.53956604003906 -256.0368347167969 -1534.999267578125
v 90.73750305175781 -291.18011474609375 -1559.7177734375
v 88.29102325439453 -294.5008850097656 -1555.8826904296875
v 81.25092315673828 -302.86334228515625 -1527.32763671875
v 72.93636322021484 -308.82733154296875 -1520.4664306640625
v 79.88945770263672 -299.7011413574219 -1512.8167724609375
v 89.04568481445312 -293.8401184082031 -1541.013427734375
v 81.88967895507812 -301.1036376953125 -1536.7958984375
v 66.48458099365234 -308.8296203613281 -1505.913818359375
v 18.297077178955078 -318.9233703613281 -1456.8953857421875
v 72.76807403564453 -304.6227722167969 -1488.53466796875
v 65.78520202636719 -308.5553283691406 -1486.956787109375
v 69.87928771972656 -304.78912353515625 -1477.53076171875
v 59.99644470214844 -306.2071533203125 -1459.576171875
v 50.947288513183594 -309.10955810546875 -1459.8907470703125
v 39.76827621459961 -312.8136291503906 -1461.8800048828125
v 24.554550170898438 -316.57611083984375 -1462.5408935546875
v -128.62196350097656 -250.78994750976562 -1526.352294921875
v -127.6675796508789 -251.8212432861328 -1523.1279296875
v -125.06301879882812 -265.3204650878906 -1516.4991455078125
v -127.21807098388672 -255.2561798095703 -1519.1265869140625
v -125.22123718261719 -262.4777526855469 -1513.0040283203125
v -121.29017639160156 -275.579833984375 -1514.3809814453125
v -115.45597839355469 -283.8354187011719 -1503.995361328125
v -119.21167755126953 -277.2173767089844 -1508.22412109375
v -112.77586364746094 -285.1932373046875 -1491.054931640625
v -108.14237976074219 -289.49127197265625 -1479.366455078125
v -5.512901782989502 -327.68267822265625 -1474.38330078125
v -8.206766128540039 -327.6100158691406 -1467.0264892578125
v -10.6089448928833 -327.8001708984375 -1460.17822265625
v -12.204225540161133 -328.0543212890625 -1454.68017578125
v -12.846463203430176 -326.9800109863281 -1450.2440185546875
v -11.617838859558105 -325.94793701171875 -1447.91357421875
v -18.808731079101562 -325.0419921875 -1445.4302978515625
v -103.93415832519531 -293.16973876953125 -1472.334228515625
v -99.80338287353516 -297.4053649902344 -1469.670654296875
v -94.61348724365234 -300.94293212890625 -1464.1754150390625
v -88.14506530761719 -304.41473388671875 -1456.452392578125
v -82.51175689697266 -305.9752502441406 -1441.8848876953125
v -67.59696197509766 -313.60797119140625 -1442.487060546875
v -70.52285766601562 -310.6601867675781 -1436.544921875
v -44.199615478515625 -320.3387145996094 -1430.818603515625
v -58.10813522338867 -312.9870910644531 -1418.2255859375
v -24.903587341308594 -323.2626647949219 -1434.6005859375
v -24.937271118164062 -322.1686706542969 -1425.582275390625
v -5.7498321533203125 -337.45062255859375 -1534.0367431640625
v -9.0330810546875 -338.0406494140625 -1532.4732666015625
v -10.431222915649414 -338.11773681640625 -1530.2763671875
v -9.07634449005127 -336.9947204589844 -1527.9495849609375
v -7.237809181213379 -336.51171875 -1526.1507568359375
v -7.394512176513672 -339.48345947265625 -1528.436279296875
v -7.2897772789001465 -338.6609191894531 -1525.473876953125
v -4.4641594886779785 -326.8190612792969 -1457.03564453125
v -2.166172981262207 -324.688720703125 -1449.4329833984375
v 0.7306347489356995 -292.6611328125 -1702.2540283203125
v 2.7973029613494873 -292.44268798828125 -1701.0948486328125
v 5.35487174987793 -294.6547546386719 -1697.1290283203125
v 8.890256881713867 -296.79229736328125 -1696.96630859375
v 13.283273696899414 -297.05401611328125 -1698.490478515625
v 12.469358444213867 -298.66314697265625 -1694.71337890625
v -12.55900764465332 -280.54229736328125 -1733.048828125
v -3.0860671997070312 -289.7123107910156 -1724.3885498046875
v 0.7069309949874878 -290.5870056152344 -1720.067138671875
v 3.4648478031158447 -291.73358154296875 -1718.918212890625
v 4.898072719573975 -291.8934326171875 -1715.2164306640625
v 3.10435152053833 -290.6202087402344 -1712.782470703125
v 2.4579596519470215 -290.5548095703125 -1711.1905517578125
v -0.7414394617080688 -294.047119140625 -1707.24853515625
v -4.613430023193359 -286.1968994140625 -1732.072509765625
v -6.055635929107666 -282.3695983886719 -1737.484619140625
v -16.438228607177734 -274.222412109375 -1741.2030029296875
v -46.5086784362793 -252.72706604003906 -1767.359619140625
v -42.54586410522461 -249.87538146972656 -1769.9298095703125
v -51.67205047607422 -253.59153747558594 -1764.5594482421875
v -36.994842529296875 -251.50698852539062 -1766.839599609375
v -26.097055435180664 -250.17440795898438 -1766.6732177734375
v -20.902563095092773 -258.0412292480469 -1759.4810791015625
v -10.788351058959961 -270.1125793457031 -1749.728515625
v -57.407379150390625 -250.48068237304688 -1764.012451171875
v -55.961090087890625 -244.874267578125 -1767.30322265625
v -60.265357971191406 -241.03269958496094 -1764.692626953125
v -63.92177963256836 -241.1118927001953 -1761.302001953125
v -72.84255981445312 -242.2286834716797 -1751.4991455078125
v -76.91063690185547 -229.67547607421875 -1742.845703125
v -78.16228485107422 -215.8670654296875 -1734.5029296875
v -89.53690338134766 -225.13192749023438 -1724.92236328125
v -94.39957427978516 -232.74246215820312 -1721.36083984375
v -97.57322692871094 -231.43223571777344 -1714.809814453125
v -100.51102447509766 -221.34762573242188 -1704.892333984375
v -103.70191192626953 -222.36468505859375 -1698.9815673828125
v -106.40191650390625 -226.4843292236328 -1693.2080078125
v -108.07424926757812 -226.8668670654297 -1689.387451171875
v -110.63057708740234 -227.2238006591797 -1683.0645751953125
v -112.59478759765625 -230.1088409423828 -1676.9910888671875
v 30.021106719970703 -298.3917541503906 -1683.412109375
v 29.35280990600586 -297.8603210449219 -1683.210693359375
v 28.03399658203125 -294.7796936035156 -1683.990478515625
v 28.337282180786133 -292.4300842285156 -1684.9630126953125
v 30.666587829589844 -293.1986083984375 -1684.896484375
v 28.820951461791992 -289.9526672363281 -1687.63427734375
v 31.226991653442383 -297.6117858886719 -1683.789794921875
v 30.93086814880371 -296.62103271484375 -1684.5556640625
v 30.469642639160156 -293.6301574707031 -1686.7745361328125
v 55.35064697265625 -285.4013671875 -1701.9248046875
v 37.21017074584961 -284.1860046386719 -1710.0413818359375
v 49.334449768066406 -282.10308837890625 -1711.7445068359375
v 39.75353240966797 -287.93341064453125 -1701.753173828125
v 25.645767211914062 -293.65130615234375 -1698.733642578125
v 76.08187866210938 -276.2320556640625 -1707.749755859375
v 69.63848876953125 -278.6538391113281 -1712.8023681640625
v 82.77960968017578 -275.127685546875 -1693.7471923828125
v 88.98774719238281 -271.1529235839844 -1683.459228515625
v 92.43865966796875 -273.94024658203125 -1662.5606689453125
v 65.59528350830078 -281.3005676269531 -1710.4111328125
v 60.41521453857422 -283.39202880859375 -1707.4615478515625
v 96.80078125 -268.2610168457031 -1654.497314453125
v 99.87234497070312 -257.9111022949219 -1656.888671875
v 102.65699768066406 -258.5396728515625 -1642.6798095703125
v 105.68878936767578 -255.68380737304688 -1631.9617919921875
v 108.87187194824219 -254.46873474121094 -1619.5206298828125
v 107.85260772705078 -261.38116455078125 -1612.398193359375
v 106.01834869384766 -267.8515930175781 -1581.4161376953125
v 104.3766860961914 -269.98846435546875 -1572.7281494140625
v 96.13671112060547 -283.7921142578125 -1564.9071044921875
v 109.82953643798828 -255.15347290039062 -1612.880859375
v 111.03351593017578 -249.5686492919922 -1610.928955078125
v 111.78107452392578 -247.41500854492188 -1609.447998046875
v 111.62327575683594 -245.48016357421875 -1606.411376953125
v 112.3128890991211 -247.96682739257812 -1598.2254638671875
v 111.81246185302734 -251.42884826660156 -1586.5628662109375
v 109.55215454101562 -259.3377990722656 -1578.279296875
v -115.71739959716797 -224.12069702148438 -1669.248291015625
v -117.14009857177734 -223.74583435058594 -1663.6917724609375
v -117.75175476074219 -223.05015563964844 -1660.505126953125
v -118.40904998779297 -224.99569702148438 -1655.123779296875
v -118.95172119140625 -225.71913146972656 -1648.494873046875
v -119.4650650024414 -227.07347106933594 -1649.19970703125
v -120.27227020263672 -228.09442138671875 -1645.7861328125
v -119.8213882446289 -228.10047912597656 -1642.42041015625
v -119.98613739013672 -228.908447265625 -1638.9599609375
v -120.72695922851562 -228.70068359375 -1635.5029296875
v -121.14057922363281 -229.2789764404297 -1631.6036376953125
v -121.00228118896484 -227.38475036621094 -1629.9892578125
v -121.53488159179688 -226.41587829589844 -1627.589599609375
v -122.17688751220703 -228.39132690429688 -1627.43994140625
v -122.39004516601562 -225.18626403808594 -1619.2791748046875
v -122.95506286621094 -225.3159637451172 -1616.862548828125
v -123.44326782226562 -229.48175048828125 -1614.1383056640625
v -124.41199493408203 -231.21420288085938 -1611.5745849609375
v -124.68023681640625 -230.69024658203125 -1607.9808349609375
v -124.28897857666016 -230.2648468017578 -1603.9783935546875
v -124.88742065429688 -229.40415954589844 -1598.8887939453125
v -126.11972045898438 -230.48117065429688 -1599.7828369140625
v -127.88331604003906 -231.32241821289062 -1594.35888671875
v -127.50807189941406 -238.5846710205078 -1593.6715087890625
v -128.57577514648438 -228.61534118652344 -1592.6370849609375
v -129.5283660888672 -228.2935333251953 -1588.6522216796875
v -129.4745635986328 -227.1388702392578 -1587.24951171875
v -129.75131225585938 -229.01699829101562 -1583.5164794921875
v -131.164794921875 -229.59341430664062 -1580.977783203125
v -131.12380981445312 -232.6978302001953 -1572.7427978515625
v -131.2826385498047 -237.09263610839844 -1566.6309814453125
v -131.18038940429688 -241.76889038085938 -1559.44287109375
v -129.95883178710938 -246.31309509277344 -1549.300048828125
v -130.6549530029297 -242.0345458984375 -1539.13037109375
v -129.764892578125 -245.84408569335938 -1533.29541015625
v -130.01210021972656 -242.12582397460938 -1535.693359375
v -128.90805053710938 -250.97531127929688 -1531.6060791015625
v 95.50497436523438 -286.5718688964844 -1551.6448974609375
v 92.45537567138672 -290.3651428222656 -1527.902587890625
v 86.68869018554688 -298.5792541503906 -1534.81005859375
v 85.82278442382812 -299.5137939453125 -1523.4725341796875
v 82.6119155883789 -299.4685363769531 -1518.785888671875
v 75.69791412353516 -302.61676025390625 -1511.95458984375
v 86.2463150024414 -295.0333251953125 -1507.38623046875
v 80.9859390258789 -299.01116943359375 -1504.4862060546875
v 88.66133880615234 -293.954345703125 -1521.25634765625
v 73.88313293457031 -303.1876525878906 -1501.6402587890625
v 32.42787170410156 -314.07135009765625 -1439.5057373046875
v 19.42096710205078 -317.6189880371094 -1436.61962890625
v 77.46458435058594 -301.6748046875 -1489.9500732421875
v 82.61087799072266 -297.59539794921875 -1485.03759765625
v 78.29060363769531 -300.5339660644531 -1481.3365478515625
v 76.90208435058594 -302.6431884765625 -1473.2327880859375
v 69.9449462890625 -304.5030517578125 -1462.7821044921875
v 54.55332565307617 -305.0414123535156 -1444.0855712890625
v 65.3207015991211 -299.5963439941406 -1441.57568359375
v 42.032405853271484 -309.6321716308594 -1441.2987060546875
v -128.60145568847656 -241.7827911376953 -1526.7862548828125
v -127.48876190185547 -243.70399475097656 -1523.1068115234375
v -120.91751098632812 -273.0002136230469 -1506.846435546875
v -127.18627166748047 -246.23851013183594 -1518.863525390625
v -126.70767211914062 -245.0653839111328 -1513.24560546875
v -123.61251068115234 -254.7739715576172 -1504.0906982421875
v -121.12495422363281 -270.02288818359375 -1500.8968505859375
v -118.298828125 -278.1495666503906 -1499.2161865234375
v -111.81758117675781 -283.1759033203125 -1478.9757080078125
v -104.60787963867188 -290.3179931640625 -1464.971923828125
v -12.36608600616455 -325.5948791503906 -1443.744384765625
v -7.571906566619873 -324.7139892578125 -1443.0108642578125
v -12.947929382324219 -325.3937072753906 -1437.90234375
v -13.511072158813477 -324.03271484375 -1432.6331787109375
v -13.038778305053711 -324.7091064453125 -1435.3665771484375
v -99.8541030883789 -296.08148193359375 -1464.802978515625
v -95.0713119506836 -298.6219482421875 -1452.9544677734375
v -90.51007843017578 -301.58123779296875 -1447.5263671875
v -85.79989624023438 -301.42333984375 -1436.2874755859375
v -76.4064712524414 -305.7222595214844 -1428.39794921875
v -63.799560546875 -311.6847839355469 -1424.064453125
v -25.565845489501953 -322.8638916015625 -1417.3450927734375
v -42.295005798339844 -316.91851806640625 -1410.8253173828125
v -68.54440307617188 -307.74853515625 -1417.596923828125
v -61.19588088989258 -309.4679260253906 -1406.6810302734375
v -52.06919479370117 -312.8323669433594 -1404.7236328125
v -14.183740615844727 -323.3116455078125 -1429.0234375
v -13.181272506713867 -323.2120056152344 -1425.3265380859375
v -13.014030456542969 -322.583984375 -1422.6492919921875
v -10.9464750289917 -324.3087463378906 -1417.9049072265625
v -12.340150833129883 -323.5921630859375 -1415.8115234375
v -11.147723197937012 -323.7525939941406 -1412.5035400390625
v -9.108199119567871 -340.0547180175781 -1528.968017578125
v -9.242863655090332 -339.8052673339844 -1524.8436279296875
v -9.922637939453125 -338.6087951660156 -1528.2213134765625
v -8.945374488830566 -336.2610168457031 -1523.5885009765625
v -8.125038146972656 -335.7776794433594 -1524.920166015625
v -8.055331230163574 -336.2684020996094 -1523.742431640625
v -8.65532112121582 -339.3671569824219 -1524.21826171875
v 0.24371401965618134 -322.4175109863281 -1432.4779052734375
v 2.03946852684021 -291.6280212402344 -1704.0753173828125
v 5.766302108764648 -290.7178649902344 -1706.619384765625
v 5.054928779602051 -292.2467041015625 -1703.1180419921875
v 8.926334381103516 -295.6861572265625 -1701.6953125
v 15.918632507324219 -293.47894287109375 -1705.8087158203125
v 14.264570236206055 -294.67730712890625 -1703.9384765625
v -5.72418737411499 -279.43939208984375 -1741.806640625
v -2.788283586502075 -287.6762390136719 -1729.761962890625
v -1.401639461517334 -287.0574645996094 -1730.952880859375
v 2.6379997730255127 -289.62261962890625 -1721.1982421875
v 6.308287620544434 -286.1118469238281 -1723.6195068359375
v 7.436670303344727 -288.6756286621094 -1720.4791259765625
v 8.23627758026123 -288.7237854003906 -1717.9776611328125
v 15.565424919128418 -284.193115234375 -1719.7691650390625
v 5.758889198303223 -291.390869140625 -1713.925537109375
v 7.822290897369385 -291.442138671875 -1712.3656005859375
v 13.74462890625 -287.9555969238281 -1715.1375732421875
v 5.209043502807617 -290.2839660644531 -1710.94189453125
v 3.7635610103607178 -290.61248779296875 -1706.5374755859375
v -3.0726096630096436 -284.3099365234375 -1736.074951171875
v -3.1460342407226562 -280.3931579589844 -1741.747314453125
v -45.597068786621094 -248.769287109375 -1770.7899169921875
v -48.95197296142578 -248.3686065673828 -1769.82958984375
v -41.71707534790039 -245.05426025390625 -1774.179931640625
v -26.641223907470703 -244.28427124023438 -1771.8443603515625
v -23.051795959472656 -244.53314208984375 -1772.24462890625
v -16.336999893188477 -253.01605224609375 -1765.6832275390625
v -8.74014949798584 -256.7084045410156 -1763.873291015625
v -3.4269373416900635 -268.7523193359375 -1754.581298828125
v -4.4202046394348145 -274.0797119140625 -1748.8494873046875
v -44.64458465576172 -243.71957397460938 -1774.309814453125
v -45.65121841430664 -241.60804748535156 -1774.6497802734375
v -44.70197296142578 -237.0428466796875 -1775.9696044921875
v -46.84505081176758 -226.86753845214844 -1772.1990966796875
v -61.322933197021484 -227.54759216308594 -1760.4810791015625
v -70.98741149902344 -237.36956787109375 -1752.799560546875
v -71.25038146972656 -229.6075897216797 -1749.748291015625
v -73.62921142578125 -214.7859344482422 -1739.3048095703125
v -75.35781860351562 -213.64569091796875 -1736.34375
v -77.48997497558594 -214.45867919921875 -1733.8326416015625
v -79.75144958496094 -213.2112274169922 -1730.8516845703125
v -82.953369140625 -214.33108520507812 -1727.434326171875
v -87.91922760009766 -214.64520263671875 -1721.5946044921875
v -91.06539916992188 -217.0961456298828 -1718.6839599609375
v -93.3193359375 -218.5899658203125 -1715.66357421875
v -95.96403503417969 -220.37648010253906 -1712.73291015625
v -97.20362091064453 -220.49510192871094 -1710.052734375
v -99.95588684082031 -220.19671630859375 -1704.102783203125
v -100.79206085205078 -219.44017028808594 -1702.9732666015625
v -102.74237060546875 -219.88107299804688 -1698.4130859375
v -103.98091888427734 -221.60447692871094 -1696.9619140625
v -104.71519470214844 -224.0448760986328 -1695.8800048828125
v -105.4625473022461 -225.9451904296875 -1693.078125
v -107.42436218261719 -226.2652587890625 -1689.7578125
v -109.05069732666016 -223.93402099609375 -1687.1103515625
v -109.7767105102539 -225.65438842773438 -1683.818115234375
v -110.9699478149414 -225.55848693847656 -1681.562744140625
v -114.02266693115234 -222.3526153564453 -1674.6905517578125
v 29.354509353637695 -295.9588928222656 -1685.860595703125
v 28.184568405151367 -295.731689453125 -1684.9510498046875
v 27.00038719177246 -292.82476806640625 -1686.361083984375
v 27.491079330444336 -289.7083740234375 -1687.792724609375
v 29.740400314331055 -290.533203125 -1688.28564453125
v 28.849416732788086 -287.07244873046875 -1691.5662841796875
v 27.349706649780273 -285.71380615234375 -1691.8626708984375
v 29.635149002075195 -290.49383544921875 -1689.8741455078125
v 38.672916412353516 -276.89788818359375 -1723.86474609375
v 29.710098266601562 -279.35546875 -1721.8223876953125
v 25.32281494140625 -282.6588134765625 -1718.520751953125
v 26.966167449951172 -287.6269226074219 -1708.2193603515625
v 49.31714630126953 -276.5475158691406 -1723.8671875
v 58.18239212036133 -278.7477111816406 -1721.2440185546875
v 62.544681549072266 -279.9934387207031 -1717.037841796875
v 72.03673553466797 -273.72381591796875 -1717.5992431640625
v 79.47236633300781 -267.81353759765625 -1715.0699462890625
v 80.67403411865234 -270.70361328125 -1708.0662841796875
v 61.49661636352539 -278.7706298828125 -1720.4659423828125
v 65.1588134765625 -275.7657775878906 -1722.2230224609375
v 85.89337921142578 -267.3359375 -1699.5570068359375
v 90.18097686767578 -263.0307312011719 -1691.623779296875
v 92.76091766357422 -266.081787109375 -1678.0865478515625
v 96.46256256103516 -265.7713317871094 -1661.8416748046875
v 99.32780456542969 -253.0094451904297 -1664.302734375
v 102.08546447753906 -250.0185089111328 -1654.1334228515625
v 103.77208709716797 -249.75625610351562 -1645.56689453125
v 104.84771728515625 -252.5615997314453 -1637.9241943359375
v 107.27200317382812 -248.9024200439453 -1631.90478515625
v 107.36746215820312 -252.2982940673828 -1629.3167724609375
v 108.2486343383789 -248.65118408203125 -1625.4940185546875
v 109.78588104248047 -248.4913787841797 -1618.55322265625
v 107.2542953491211 -262.7086181640625 -1565.9688720703125
v 100.2235336303711 -277.64007568359375 -1563.0958251953125
v 105.32044982910156 -268.1124572753906 -1561.0518798828125
v 100.87416076660156 -277.4925537109375 -1558.69677734375
v 110.6987533569336 -248.10336303710938 -1614.94482421875
v 110.56525421142578 -236.1874237060547 -1617.709716796875
v 111.50564575195312 -234.92343139648438 -1612.4288330078125
v 111.74649810791016 -231.86634826660156 -1606.9290771484375
v 112.52864074707031 -236.03201293945312 -1604.4449462890625
v 112.53356170654297 -243.2913360595703 -1603.78369140625
v 112.29851531982422 -245.8245086669922 -1591.166259765625
v 111.93354797363281 -249.51968383789062 -1576.189697265625
v 109.67473602294922 -255.45286560058594 -1567.4249267578125
v -114.33470916748047 -221.5389862060547 -1672.0535888671875
v -115.27980041503906 -222.7496337890625 -1669.6326904296875
v -116.31425476074219 -222.85096740722656 -1664.6021728515625
v -116.59902954101562 -222.0491943359375 -1662.9471435546875
v -117.28620910644531 -222.34518432617188 -1660.4794921875
v -117.78898620605469 -223.5594024658203 -1656.7327880859375
v -118.21206665039062 -224.9031219482422 -1652.9205322265625
v -117.89436340332031 -225.453857421875 -1650.2332763671875
v -119.57228088378906 -226.2179412841797 -1646.2060546875
v -119.05799865722656 -227.59115600585938 -1643.3162841796875
v -118.72953796386719 -229.0911865234375 -1640.1549072265625
v -120.21878051757812 -229.01492309570312 -1633.5694580078125
v -120.36290740966797 -228.20811462402344 -1631.4991455078125
v -119.44491577148438 -227.51776123046875 -1627.70849609375
v -120.62138366699219 -225.9181365966797 -1626.7021484375
v -121.94841003417969 -225.0398712158203 -1624.093994140625
v -121.70587921142578 -224.04498291015625 -1619.5941162109375
v -121.73997497558594 -224.7059326171875 -1618.192626953125
v -122.5224838256836 -225.09474182128906 -1615.515625
v -122.7816390991211 -227.81851196289062 -1614.3946533203125
v -122.96215057373047 -228.82772827148438 -1613.1424560546875
v -123.7171401977539 -229.49266052246094 -1609.198974609375
v -123.91378784179688 -230.1501922607422 -1607.343505859375
v -120.15963745117188 -232.3459014892578 -1604.1146240234375
v -123.25497436523438 -229.66944885253906 -1602.273193359375
v -121.189697265625 -231.29684448242188 -1598.3680419921875
v -125.7924575805664 -229.0473175048828 -1597.9295654296875
v -126.1314468383789 -228.30902099609375 -1595.3804931640625
v -127.19345092773438 -229.62757873535156 -1596.3416748046875
v -127.05099487304688 -228.04164123535156 -1594.7994384765625
v -127.8001480102539 -226.69943237304688 -1591.9493408203125
v -128.3750457763672 -227.08932495117188 -1586.233642578125
v -128.77175903320312 -229.07217407226562 -1583.137451171875
v -130.40005493164062 -228.62417602539062 -1577.564453125
v -131.0925750732422 -229.28273010253906 -1577.9002685546875
v -130.3182830810547 -230.78172302246094 -1571.4664306640625
v -131.280517578125 -231.75059509277344 -1571.373046875
v -132.33253479003906 -232.60244750976562 -1560.236083984375
v -131.4808807373047 -236.4835968017578 -1556.961181640625
v -131.01441955566406 -240.65406799316406 -1550.6458740234375
v -130.09066772460938 -241.15481567382812 -1544.88623046875
v -129.74464416503906 -239.89254760742188 -1541.3956298828125
v -129.6787109375 -239.61805725097656 -1536.3927001953125
v -129.44479370117188 -239.4505157470703 -1531.261474609375
v -128.66317749023438 -239.97366333007812 -1528.591796875
v 101.33056640625 -277.7013244628906 -1553.3031005859375
v 99.08966064453125 -281.8683166503906 -1543.9560546875
v 97.91234588623047 -283.1013488769531 -1537.886962890625
v 99.58426666259766 -280.6075439453125 -1534.4869384765625
v 95.69624328613281 -285.7727355957031 -1522.257568359375
v 94.96575927734375 -284.133544921875 -1507.9765625
v 82.02108764648438 -298.5028381347656 -1496.4178466796875
v 89.360107421875 -291.21307373046875 -1505.4217529296875
v 79.82959747314453 -299.6473693847656 -1493.4532470703125
v 20.088394165039062 -316.0877380371094 -1418.2401123046875
v 46.229156494140625 -306.1348571777344 -1425.870361328125
v 36.67599868774414 -311.1332702636719 -1421.1319580078125
v 10.190104484558105 -322.0674133300781 -1424.0986328125
v 89.0596923828125 -291.60589599609375 -1494.123046875
v 86.7729721069336 -293.1321105957031 -1483.0999755859375
v 83.63084411621094 -296.6666564941406 -1477.0762939453125
v 85.24034881591797 -293.42218017578125 -1470.686767578125
v 77.02666473388672 -299.7104797363281 -1463.3011474609375
v 70.82855987548828 -297.1180114746094 -1441.7847900390625
v 54.68325424194336 -304.4872741699219 -1434.5037841796875
v 58.499900817871094 -300.89373779296875 -1425.8736572265625
v -128.47862243652344 -237.02581787109375 -1521.8150634765625
v -127.46160888671875 -241.76156616210938 -1517.5296630859375
v -129.3525848388672 -234.06741333007812 -1519.1990966796875
v -126.46055603027344 -240.9635009765625 -1505.756591796875
v -124.57131958007812 -249.0196533203125 -1502.277587890625
v -120.08180236816406 -261.9455871582031 -1489.99609375
v -118.08220672607422 -275.0467834472656 -1491.3226318359375
v -116.88490295410156 -271.37841796875 -1483.197021484375
v -117.4142837524414 -267.1427307128906 -1479.6217041015625
v -110.83819580078125 -277.80419921875 -1465.75537109375
v -107.28887939453125 -285.7883605957031 -1465.143798828125
v -96.33662414550781 -295.3470764160156 -1447.5894775390625
v -101.58406066894531 -290.1536865234375 -1454.490234375
v -7.056938171386719 -323.25927734375 -1434.7418212890625
v -6.643357753753662 -322.7119140625 -1426.1890869140625
v -89.45986938476562 -298.9643249511719 -1437.0860595703125
v -79.5968246459961 -301.1963806152344 -1420.5235595703125
v -71.79347229003906 -304.0146484375 -1411.0855712890625
v -30.082828521728516 -319.27471923828125 -1404.8153076171875
v -12.86276626586914 -323.002197265625 -1410.467529296875
v -14.234509468078613 -322.2696228027344 -1406.4302978515625
v -16.38427734375 -321.7423400878906 -1401.7611083984375
v -33.08302688598633 -316.5465393066406 -1394.1419677734375
v -64.65971374511719 -306.433349609375 -1401.7501220703125
v -45.096107482910156 -312.1264953613281 -1389.8321533203125
v -53.92304229736328 -309.0106201171875 -1390.65185546875
v 2.78865647315979 -321.8604736328125 -1411.4312744140625
v -3.0410282611846924 -322.61163330078125 -1409.7366943359375
v -9.54866886138916 -339.0903625488281 -1524.4127197265625
v 9.030472755432129 -291.8938293457031 -1708.163818359375
v 12.1361665725708 -293.7008972167969 -1705.5465087890625
v 14.344270706176758 -291.8271789550781 -1710.3883056640625
v 13.099955558776855 -293.0636901855469 -1707.3673095703125
v 0.3183671832084656 -284.9963073730469 -1733.6644287109375
v 3.830150604248047 -285.8736572265625 -1727.2413330078125
v 13.924339294433594 -283.02947998046875 -1726.2823486328125
v 8.418793678283691 -283.05224609375 -1727.161376953125
v 10.395392417907715 -287.1192626953125 -1722.4505615234375
v 12.540375709533691 -285.0395812988281 -1720.6090087890625
v 22.343944549560547 -280.28985595703125 -1721.210205078125
v 17.07453727722168 -281.092529296875 -1723.650634765625
v 19.383455276489258 -282.861083984375 -1718.44873046875
v 21.308324813842773 -285.41265869140625 -1716.0894775390625
v 16.709300994873047 -289.6379089355469 -1712.5986328125
v -0.17595461010932922 -282.8255310058594 -1737.495849609375
v -1.4304734468460083 -277.1063232421875 -1745.9190673828125
v 0.1865415871143341 -280.32342529296875 -1741.427490234375
v -34.45109558105469 -237.5288848876953 -1778.9696044921875
v -38.03584671020508 -237.5819854736328 -1778.9595947265625
v -42.72705078125 -240.4384765625 -1776.48974609375
v -28.85015869140625 -237.52999877929688 -1777.225341796875
v -27.164722442626953 -236.3943328857422 -1777.8453369140625
v -21.98716163635254 -238.34263610839844 -1777.7254638671875
v -10.788813591003418 -239.57618713378906 -1777.5556640625
v -17.68223762512207 -245.6905517578125 -1771.8046875
v -7.0664963722229 -249.04156494140625 -1770.6748046875
v -2.275298595428467 -259.83343505859375 -1763.0736083984375
v -0.9968257546424866 -264.54193115234375 -1758.6326904296875
v -0.9827601909637451 -269.4290771484375 -1754.111572265625
v -40.51964569091797 -235.72032165527344 -1779.0897216796875
v -41.09193420410156 -232.35202026367188 -1778.7796630859375
v -37.1002197265625 -214.83566284179688 -1776.708984375
v -41.701751708984375 -216.84909057617188 -1773.1890869140625
v -46.633094787597656 -216.9295196533203 -1769.458984375
v -50.321388244628906 -217.5800018310547 -1766.9290771484375
v -52.74435043334961 -218.86483764648438 -1765.0987548828125
v -59.0953483581543 -217.35848999023438 -1758.48046875
v -66.94402313232422 -224.7347869873047 -1753.3392333984375
v -66.69580078125 -217.2045440673828 -1748.9879150390625
v -67.69950866699219 -215.71588134765625 -1746.977294921875
v -70.77328491210938 -214.6741180419922 -1742.475830078125
v -70.7423324584961 -212.51783752441406 -1740.8955078125
v -72.69622039794922 -213.1458740234375 -1739.375
v -73.62928009033203 -213.51657104492188 -1737.7843017578125
v -72.47833251953125 -213.66836547851562 -1736.7432861328125
v -76.75504302978516 -214.48451232910156 -1733.382080078125
v -78.21643829345703 -212.5155487060547 -1731.291748046875
v -78.58097076416016 -212.46636962890625 -1729.970947265625
v -80.8690414428711 -213.63125610351562 -1728.9404296875
v -84.62471008300781 -213.6498260498047 -1724.154541015625
v -86.5513687133789 -212.8260955810547 -1720.8548583984375
v -88.28233337402344 -214.35577392578125 -1719.8046875
v -89.6712417602539 -216.26046752929688 -1718.6939697265625
v -91.64942169189453 -217.2474822998047 -1716.8638916015625
v -92.50102996826172 -218.44007873535156 -1714.9432373046875
v -95.38340759277344 -218.83990478515625 -1711.9532470703125
v -96.50038146972656 -220.030029296875 -1709.6328125
v -97.94506072998047 -220.31277465820312 -1705.972412109375
v -99.29253387451172 -220.11231994628906 -1703.152587890625
v -100.56829833984375 -219.48379516601562 -1700.8631591796875
v -101.5901870727539 -219.29139709472656 -1698.7734375
v -104.02127838134766 -223.964111328125 -1695.889892578125
v -101.289306640625 -228.6785125732422 -1695.6851806640625
v -102.61226654052734 -230.7100067138672 -1690.531982421875
v -107.03240203857422 -226.31130981445312 -1688.9373779296875
v -105.41707611083984 -229.85731506347656 -1686.0020751953125
v -108.53890991210938 -222.61090087890625 -1687.01171875
v -108.781982421875 -225.2223663330078 -1684.4085693359375
v -110.11978149414062 -225.63124084472656 -1681.6617431640625
v -111.58625030517578 -223.7283172607422 -1679.5504150390625
v -112.75609588623047 -223.28823852539062 -1677.8775634765625
v -112.93226623535156 -220.71653747558594 -1676.6590576171875
v -113.14434051513672 -221.4487762451172 -1674.61083984375
v 28.365917205810547 -291.6116638183594 -1690.10546875
v 28.267343521118164 -294.6071472167969 -1687.184814453125
v 26.593290328979492 -291.089111328125 -1689.9833984375
v 26.098859786987305 -290.0815734863281 -1689.9010009765625
v 26.105566024780273 -289.2492980957031 -1689.4696044921875
v 26.053613662719727 -285.75579833984375 -1692.1617431640625
v 28.812318801879883 -287.0168151855469 -1693.1259765625
v 27.3425235748291 -282.68536376953125 -1695.6484375
v 25.135295867919922 -284.3612060546875 -1693.64892578125
v 27.939414978027344 -289.1824035644531 -1692.789306640625
v 38.61724090576172 -269.7626953125 -1736.35888671875
v 47.881107330322266 -272.52252197265625 -1731.56884765625
v 28.950674057006836 -274.44256591796875 -1730.4954833984375
v 23.8591365814209 -277.36309814453125 -1726.712890625
v 22.057661056518555 -286.3065490722656 -1714.45947265625
v 55.23936080932617 -276.3914794921875 -1725.9290771484375
v 59.622440338134766 -276.4367980957031 -1725.10498046875
v 71.60453033447266 -272.1595764160156 -1721.523681640625
v 73.07886505126953 -266.8901672363281 -1726.4185791015625
v 76.21320343017578 -264.5731506347656 -1724.1976318359375
v 79.38433837890625 -263.0740661621094 -1719.5340576171875
v 83.56218719482422 -262.28125 -1711.0263671875
v 59.3023567199707 -273.78961181640625 -1731.5709228515625
v 88.05772399902344 -262.0653991699219 -1698.9061279296875
v 89.94485473632812 -256.8145751953125 -1696.1641845703125
v 93.46939086914062 -256.20831298828125 -1684.522705078125
v 95.05441284179688 -259.9328918457031 -1676.26416015625
v 97.29054260253906 -257.862548828125 -1668.8577880859375
v 96.6086196899414 -251.89083862304688 -1674.753662109375
v 99.45606994628906 -240.4240264892578 -1662.1080322265625
v 100.64826965332031 -246.27188110351562 -1660.3890380859375
v 100.65394592285156 -243.60919189453125 -1658.0333251953125
v 102.7835693359375 -246.6347198486328 -1651.0208740234375
v 104.60041046142578 -246.93161010742188 -1642.257568359375
v 105.85929870605469 -245.9944610595703 -1635.7117919921875
v 106.31731414794922 -243.1790313720703 -1632.1995849609375
v 108.66275024414062 -243.07827758789062 -1622.935791015625
v 110.8705825805664 -251.44171142578125 -1558.7667236328125
v 107.618408203125 -264.1239013671875 -1552.3564453125
v 105.61075592041016 -269.8556213378906 -1547.693115234375
v 108.55150604248047 -237.46083068847656 -1625.953369140625
v 107.3237075805664 -225.01148986816406 -1630.2967529296875
v 108.7049560546875 -222.73570251464844 -1623.0362548828125
v 109.79690551757812 -220.26194763183594 -1615.111572265625
v 110.49922180175781 -219.166748046875 -1607.6768798828125
v 110.98945617675781 -224.18284606933594 -1606.24365234375
v 112.200439453125 -229.14529418945312 -1590.0191650390625
v 111.40141296386719 -225.0216827392578 -1598.8961181640625
v 112.56378173828125 -239.03224182128906 -1595.7061767578125
v 113.41608428955078 -240.51939392089844 -1589.767578125
v 112.39817810058594 -245.33303833007812 -1576.2921142578125
v 112.32410430908203 -242.9268035888672 -1569.243408203125
v 111.26158905029297 -248.1253662109375 -1564.6873779296875
v -114.5164794921875 -222.5286102294922 -1669.7017822265625
v -115.18465423583984 -222.8660125732422 -1664.961181640625
v -111.72813415527344 -226.26979064941406 -1667.714599609375
v -116.59525299072266 -222.99371337890625 -1658.9609375
v -117.02699279785156 -223.81637573242188 -1655.4049072265625
v -115.14598846435547 -228.63653564453125 -1651.2335205078125
v -113.16571044921875 -233.28514099121094 -1642.692626953125
v -116.93910217285156 -233.41659545898438 -1633.6806640625
v -118.28369903564453 -231.75070190429688 -1630.427734375
v -116.82582092285156 -231.94827270507812 -1628.486572265625
v -115.54463195800781 -228.46250915527344 -1625.6888427734375
v -120.5910873413086 -223.92916870117188 -1624.2989501953125
v -114.431396484375 -227.52920532226562 -1624.2830810546875
v -120.26249694824219 -223.00523376464844 -1621.6461181640625
v -118.83798217773438 -222.99656677246094 -1620.1375732421875
v -120.38660430908203 -225.2444305419922 -1618.55859375
v -119.20426940917969 -228.4693145751953 -1617.44384765625
v -121.53713989257812 -228.03436279296875 -1614.5220947265625
v -121.07015228271484 -229.05343627929688 -1613.1593017578125
v -118.77734375 -229.33604431152344 -1610.8494873046875
v -119.7103271484375 -229.6161651611328 -1610.0308837890625
v -119.31145477294922 -231.16754150390625 -1608.0374755859375
v -118.7027359008789 -232.4038848876953 -1603.3328857421875
v -119.22884368896484 -231.9619903564453 -1598.8646240234375
v -118.52660369873047 -231.32765197753906 -1596.965576171875
v -119.10661315917969 -231.60198974609375 -1594.947998046875
v -122.96802520751953 -229.96128845214844 -1591.17724609375
v -126.9909439086914 -226.79226684570312 -1590.526123046875
v -125.59674835205078 -232.29710388183594 -1578.7608642578125
v -129.86843872070312 -229.62557983398438 -1575.153076171875
v -128.54415893554688 -230.4150390625 -1572.5224609375
v -128.14846801757812 -230.27101135253906 -1567.2255859375
v -131.53033447265625 -231.16819763183594 -1567.158447265625
v -129.38539123535156 -229.60643005371094 -1565.6949462890625
v -131.5714569091797 -231.08612060546875 -1559.2501220703125
v -130.60195922851562 -234.67471313476562 -1556.0054931640625
v -130.5126190185547 -237.95089721679688 -1551.704345703125
v -129.94268798828125 -239.242431640625 -1546.1729736328125
v -125.70648193359375 -236.48727416992188 -1544.0423583984375
v -124.87352752685547 -237.6595916748047 -1540.369140625
v -128.29876708984375 -238.3674774169922 -1535.6627197265625
v -127.71917724609375 -237.9696807861328 -1529.427734375
v -127.24879455566406 -235.18576049804688 -1522.7625732421875
v 106.9893798828125 -266.1581726074219 -1540.2974853515625
v 103.1982192993164 -274.61920166015625 -1538.9639892578125
v 105.03641510009766 -269.28192138671875 -1535.8175048828125
v 100.97830963134766 -276.3164367675781 -1523.7564697265625
v 100.66229248046875 -277.7737121582031 -1517.1689453125
v 99.23867797851562 -277.4626159667969 -1513.7261962890625
v 98.88104248046875 -277.58453369140625 -1507.6474609375
v 88.5114974975586 -292.0558166503906 -1498.225830078125
v 96.95144653320312 -281.18475341796875 -1498.054931640625
v 28.067707061767578 -312.64581298828125 -1405.802978515625
v 10.890084266662598 -316.63934326171875 -1393.440185546875
v 36.95298767089844 -309.98541259765625 -1407.8839111328125
v 94.79133605957031 -285.3117370605469 -1487.6429443359375
v 92.03543090820312 -286.9160461425781 -1476.2401123046875
v 89.02291870117188 -287.5924987792969 -1464.3704833984375
v 79.54613494873047 -296.21405029296875 -1457.3543701171875
v 77.00971221923828 -292.7048034667969 -1443.4774169921875
v 71.04751586914062 -294.2953796386719 -1436.933349609375
v 60.24845886230469 -298.02783203125 -1416.47802734375
v 50.342933654785156 -302.40032958984375 -1409.8216552734375
v -128.75466918945312 -233.3909912109375 -1519.7877197265625
v -129.9810028076172 -231.84652709960938 -1518.24365234375
v -129.0018768310547 -232.29629516601562 -1507.7135009765625
v -128.51397705078125 -231.7332000732422 -1501.1490478515625
v -126.2762222290039 -239.89244079589844 -1494.424560546875
v -123.76251983642578 -245.6643829345703 -1486.4808349609375
v -122.41820526123047 -249.88494873046875 -1478.38720703125
v -120.3350601196289 -253.06788635253906 -1471.2789306640625
v -116.97991943359375 -262.2789306640625 -1467.2403564453125
v -112.09164428710938 -268.85247802734375 -1453.9229736328125
v -108.58670806884766 -275.29779052734375 -1451.4656982421875
v -97.81214141845703 -291.7277526855469 -1444.6390380859375
v -91.56492614746094 -294.2478942871094 -1432.3868408203125
v -102.15497589111328 -284.1762390136719 -1446.814208984375
v -86.4504165649414 -295.0158386230469 -1421.3328857421875
v -77.19664001464844 -298.39886474609375 -1407.18701171875
v -66.79291534423828 -302.09161376953125 -1393.136474609375
v -16.747602462768555 -319.4118957519531 -1392.0849609375
v -7.513467788696289 -322.2984313964844 -1405.5281982421875
v -9.25225830078125 -321.1949462890625 -1398.762939453125
v -16.007213592529297 -320.5147399902344 -1396.92724609375
v -26.155914306640625 -316.6583251953125 -1389.025634765625
v -37.02509307861328 -312.8592224121094 -1383.436279296875
v -62.43411636352539 -304.5541687011719 -1391.7049560546875
v -41.54379653930664 -310.12811279296875 -1379.58056640625
v -44.90434646606445 -307.2518310546875 -1376.7960205078125
v -59.463478088378906 -302.6628723144531 -1382.89892578125
v -0.9875297546386719 -319.9109802246094 -1397.0863037109375
v 2.1242775917053223 -282.4981384277344 -1735.7852783203125
v 4.794723033905029 -281.4227600097656 -1733.0137939453125
v 11.528324127197266 -279.13409423828125 -1730.93310546875
v 16.67436408996582 -280.8569641113281 -1728.0433349609375
v 15.455927848815918 -282.4076843261719 -1725.8021240234375
v 12.47979736328125 -285.36199951171875 -1723.7313232421875
v 5.9229207038879395 -276.5598449707031 -1738.4859619140625
v 19.564773559570312 -279.01019287109375 -1728.6236572265625
v 0.7219906449317932 -272.31756591796875 -1750.8507080078125
v 1.8129264116287231 -275.63311767578125 -1746.689453125
v 2.2901525497436523 -277.7494201660156 -1743.5384521484375
v -29.20224952697754 -232.1934814453125 -1780.3057861328125
v -33.96343231201172 -232.95848083496094 -1781.1895751953125
v -24.43182945251465 -235.33059692382812 -1779.7957763671875
v -27.130739212036133 -230.70980834960938 -1781.5859375
v -21.3544979095459 -231.29298400878906 -1784.40625
v -15.31917953491211 -235.8637237548828 -1780.166015625
v -9.098011016845703 -231.24058532714844 -1783.54638671875
v -2.5911760330200195 -237.49974060058594 -1780.4560546875
v -4.440723419189453 -235.08218383789062 -1781.546142578125
v -3.4065916538238525 -245.7068634033203 -1773.5352783203125
v -0.5656493306159973 -252.36061096191406 -1768.5546875
v 0.3002360463142395 -261.1855773925781 -1761.743408203125
v 3.056835889816284 -262.212890625 -1759.3829345703125
v 1.6335235834121704 -268.2787780761719 -1754.481689453125
v -33.65886306762695 -227.9912567138672 -1782.009521484375
v -31.564266204833984 -218.85140991210938 -1781.7890625
v -37.141056060791016 -217.21865844726562 -1777.84912109375
v -30.77637481689453 -211.86961364746094 -1779.7689208984375
v -33.09346389770508 -212.704345703125 -1777.9990234375
v -38.48500061035156 -215.10272216796875 -1774.3092041015625
v -41.754451751708984 -216.25035095214844 -1772.0091552734375
v -49.21974182128906 -216.34242248535156 -1766.2889404296875
v -51.39133834838867 -217.21141052246094 -1764.678955078125
v -54.436981201171875 -217.347900390625 -1762.268798828125
v -55.303245544433594 -216.39881896972656 -1760.4505615234375
v -58.87533187866211 -216.2928466796875 -1757.5201416015625
v -62.76789474487305 -216.88809204101562 -1754.2393798828125
v -66.02297973632812 -216.35508728027344 -1748.3675537109375
v -67.38673400878906 -214.74160766601562 -1745.726806640625
v -69.04129028320312 -214.56919860839844 -1743.51611328125
v -69.65148162841797 -214.0170440673828 -1741.885498046875
v -69.7831802368164 -212.66461181640625 -1739.07421875
v -70.95012664794922 -212.23153686523438 -1739.4447021484375
v -68.22065734863281 -214.7439422607422 -1738.1827392578125
v -63.63887405395508 -218.8813934326172 -1735.21826171875
v -67.95075988769531 -219.7436065673828 -1733.2279052734375
v -74.24225616455078 -216.51113891601562 -1733.0306396484375
v -75.64866638183594 -215.6765594482422 -1729.0582275390625
v -79.67268371582031 -213.64959716796875 -1728.1895751953125
v -82.79846954345703 -213.52691650390625 -1725.0042724609375
v -84.44237518310547 -213.6748504638672 -1722.494384765625
v -86.18225860595703 -213.80360412597656 -1719.704345703125
v -88.62680053710938 -217.65765380859375 -1718.7633056640625
v -87.7877426147461 -221.28733825683594 -1718.5616455078125
v -91.02069091796875 -222.78639221191406 -1713.5108642578125
v -94.10609436035156 -218.79054260253906 -1712.3431396484375
v -95.21997833251953 -220.3329620361328 -1709.67236328125
v -93.81159210205078 -222.01023864746094 -1709.39111328125
v -96.42597198486328 -223.11154174804688 -1703.0198974609375
v -99.09709167480469 -221.647216796875 -1701.601318359375
v -100.08665466308594 -226.15834045410156 -1699.6180419921875
v -101.84540557861328 -224.97804260253906 -1697.438720703125
v -98.10171508789062 -231.1739501953125 -1697.69287109375
v -99.4942398071289 -231.84153747558594 -1692.3402099609375
v -102.86067199707031 -232.20297241210938 -1685.207763671875
v -106.93081665039062 -227.60499572753906 -1684.3148193359375
v -105.74205017089844 -229.9034423828125 -1681.5804443359375
v -108.51947021484375 -229.09454345703125 -1678.1495361328125
v -112.25627899169922 -222.80325317382812 -1677.877685546875
v -110.88878631591797 -226.5297393798828 -1674.202880859375
v -111.95108032226562 -225.2051239013672 -1670.572265625
v 26.285602569580078 -289.568603515625 -1692.13916015625
v 25.037010192871094 -286.31927490234375 -1693.5921630859375
v 27.427719116210938 -285.1855773925781 -1696.292236328125
v 27.58490753173828 -283.21270751953125 -1697.119873046875
v 26.5722713470459 -280.0462341308594 -1697.975341796875
v 25.17058563232422 -282.23358154296875 -1695.7762451171875
v 24.540197372436523 -284.135986328125 -1696.2789306640625
v 26.543903350830078 -286.6802673339844 -1695.2640380859375
v 42.446807861328125 -266.743408203125 -1741.20068359375
v 38.50307846069336 -263.9601135253906 -1744.6810302734375
v 28.885379791259766 -271.14141845703125 -1735.9473876953125
v 47.334285736083984 -268.0859680175781 -1739.680908203125
v 55.13108825683594 -274.02288818359375 -1732.5108642578125
v 21.46194839477539 -273.5866394042969 -1735.556396484375
v 19.178939819335938 -278.0516662597656 -1730.5643310546875
v 64.41839599609375 -268.6759033203125 -1733.7742919921875
v 71.26429748535156 -261.5601501464844 -1732.5029296875
v 62.68068313598633 -265.6409606933594 -1738.6322021484375
v 75.26703643798828 -257.0182189941406 -1729.51123046875
v 78.40263366699219 -256.3905944824219 -1724.5477294921875
v 83.00394439697266 -257.2561950683594 -1715.2303466796875
v 86.76129913330078 -255.2252960205078 -1706.4793701171875
v 59.371742248535156 -270.31915283203125 -1735.961669921875
v 56.159446716308594 -272.0057678222656 -1735.42138671875
v 88.24138641357422 -245.94940185546875 -1702.19580078125
v 90.31963348388672 -252.48342895507812 -1695.252685546875
v 92.7427978515625 -252.2104949951172 -1687.550048828125
v 96.4400405883789 -240.971923828125 -1672.8638916015625
v 99.03754425048828 -235.3608856201172 -1664.2432861328125
v 100.32707214355469 -237.704345703125 -1660.42333984375
v 100.17842864990234 -242.82481384277344 -1660.5589599609375
v 99.21299743652344 -240.85560607910156 -1658.52099609375
v 100.94925689697266 -241.10826110839844 -1654.3216552734375
v 102.48200988769531 -241.75469970703125 -1648.4468994140625
v 103.06012725830078 -242.0301971435547 -1644.52783203125
v 103.96595001220703 -243.90989685058594 -1642.1160888671875
v 104.96707153320312 -244.03041076660156 -1636.187255859375
v 103.39346313476562 -241.87339782714844 -1635.5546875
v 104.27223205566406 -240.8091278076172 -1632.6181640625
v 106.12921142578125 -241.55125427246094 -1631.720947265625
v 107.12120056152344 -241.7229766845703 -1629.490966796875
v 112.41992950439453 -241.8994598388672 -1558.42138671875
v 111.71089935302734 -248.46937561035156 -1540.1693115234375
v 109.57460021972656 -258.4938659667969 -1540.245361328125
v 107.53263092041016 -237.2204132080078 -1632.0758056640625
v 106.12332153320312 -237.8867950439453 -1636.184814453125
v 106.92060852050781 -224.48695373535156 -1634.435791015625
v 106.59967041015625 -222.7008819580078 -1632.8638916015625
v 107.6059341430664 -223.37237548828125 -1627.442626953125
v 107.75328826904297 -222.0499725341797 -1625.0360107421875
v 108.27223205566406 -221.2101593017578 -1621.6942138671875
v 108.49881744384766 -220.2191619873047 -1618.7308349609375
v 109.21707153320312 -219.34677124023438 -1614.674072265625
v 109.31243896484375 -217.55809020996094 -1611.493896484375
v 110.22889709472656 -217.57147216796875 -1604.0355224609375
v 112.35134887695312 -234.16563415527344 -1589.6717529296875
v 111.25594329833984 -224.14500427246094 -1585.5833740234375
v 112.3193588256836 -235.6375274658203 -1585.3372802734375
v 112.17414093017578 -232.19818115234375 -1580.7623291015625
v 110.71131134033203 -216.88182067871094 -1594.5504150390625
v 113.2637710571289 -240.47816467285156 -1584.48046875
v 113.28632354736328 -241.1339569091797 -1577.4385986328125
v 113.22238159179688 -237.74911499023438 -1572.353271484375
v 112.44678497314453 -235.32276916503906 -1567.1859130859375
v -107.56641387939453 -229.28683471679688 -1671.495361328125
v -107.21318054199219 -231.00747680664062 -1663.5584716796875
v -112.86689758300781 -228.57032775878906 -1655.5440673828125
v -107.63396453857422 -235.7823028564453 -1648.1414794921875
v -108.29560089111328 -236.8382568359375 -1644.424560546875
v -110.44611358642578 -235.5012969970703 -1639.807373046875
v -112.90775299072266 -235.26974487304688 -1635.1383056640625
v -115.931640625 -234.1174774169922 -1631.3961181640625
v -113.55851745605469 -233.26654052734375 -1628.8695068359375
v -110.73180389404297 -229.6400146484375 -1626.1854248046875
v -115.41171264648438 -226.54502868652344 -1622.6734619140625
v -117.95704650878906 -222.91259765625 -1620.8271484375
v -108.69295501708984 -230.2652130126953 -1624.0736083984375
v -118.11497497558594 -228.51364135742188 -1618.1719970703125
v -116.26947784423828 -226.97943115234375 -1618.9976806640625
v -116.11144256591797 -224.37667846679688 -1619.4505615234375
v -118.06138610839844 -230.27609252929688 -1614.89794921875
v -114.55425262451172 -228.9532012939453 -1614.991455078125
v -115.1380386352539 -228.60874938964844 -1610.6395263671875
v -115.33900451660156 -229.01864624023438 -1607.0543212890625
v -114.92708587646484 -228.90899658203125 -1605.1783447265625
v -115.5295639038086 -229.4929962158203 -1601.8433837890625
v -116.244873046875 -230.18763732910156 -1597.7803955078125
v -113.37706756591797 -230.99542236328125 -1595.3564453125
v -115.55391693115234 -231.9818115234375 -1595.250244140625
v -115.49978637695312 -233.06033325195312 -1592.669677734375
v -118.01051330566406 -232.64234924316406 -1588.7884521484375
v -120.26109313964844 -233.02267456054688 -1579.701904296875
v -120.59291076660156 -233.8058319091797 -1569.0888671875
v -124.68038940429688 -232.49441528320312 -1565.4659423828125
v -128.52476501464844 -229.57083129882812 -1563.9302978515625
v -129.4084930419922 -229.95785522460938 -1562.3446044921875
v -129.9600830078125 -230.14817810058594 -1559.669189453125
v -128.48297119140625 -230.42628479003906 -1558.14111328125
v -127.01597595214844 -231.70933532714844 -1555.5894775390625
v -127.21495056152344 -236.18035888671875 -1550.2952880859375
v -123.85415649414062 -233.8390350341797 -1543.471435546875
v -122.84214782714844 -235.31607055664062 -1537.5677490234375
v -122.06847381591797 -235.4578094482422 -1535.3385009765625
v -124.5636978149414 -236.0492401123047 -1531.3441162109375
v -125.63919830322266 -235.43557739257812 -1526.838623046875
v -123.92146301269531 -232.08261108398438 -1523.6986083984375
v -126.65770721435547 -233.34291076660156 -1520.5379638671875
v 104.86366271972656 -267.97381591796875 -1523.09765625
v 102.07275390625 -272.56634521484375 -1504.6903076171875
v 101.83757781982422 -273.68359375 -1490.8001708984375
v 29.448062896728516 -309.6983642578125 -1394.1484375
v 21.785947799682617 -310.9089660644531 -1385.5421142578125
v -0.5318137407302856 -316.5604248046875 -1385.502197265625
v 13.424419403076172 -312.80499267578125 -1383.5189208984375
v 39.784664154052734 -306.6466979980469 -1400.8865966796875
v 97.25621795654297 -279.1998291015625 -1475.8067626953125
v 93.96398162841797 -280.68463134765625 -1466.7677001953125
v 87.84563446044922 -284.906494140625 -1455.84521484375
v 83.88726806640625 -290.4158935546875 -1455.187744140625
v 85.56401062011719 -284.5352478027344 -1449.6217041015625
v 84.45342254638672 -285.1069641113281 -1447.3043212890625
v 76.34017181396484 -288.8555908203125 -1435.903564453125
v 71.98448181152344 -292.4220886230469 -1431.822265625
v 61.88603591918945 -293.7987060546875 -1412.4488525390625
v 56.48870849609375 -299.0134582519531 -1413.636962890625
v 56.72608947753906 -297.3262023925781 -1406.8272705078125
v 49.5787353515625 -300.26910400390625 -1397.97216796875
v 41.80976486206055 -301.4302062988281 -1386.8751220703125
v -127.61106872558594 -232.40065002441406 -1518.745849609375
v -129.52098083496094 -230.7473602294922 -1518.036376953125
v -129.02955627441406 -229.67257690429688 -1515.817626953125
v -130.15516662597656 -230.2058563232422 -1512.2020263671875
v -128.7914276123047 -230.57534790039062 -1503.508056640625
v -128.11947631835938 -229.4978790283203 -1502.405517578125
v -127.88278198242188 -228.5355224609375 -1498.2039794921875
v -128.32794189453125 -228.37698364257812 -1497.00732421875
v -128.0375518798828 -228.57293701171875 -1492.607177734375
v -127.9209976196289 -225.115966796875 -1489.427001953125
v -125.15652465820312 -234.80006408691406 -1482.536865234375
v -122.72103118896484 -239.0238800048828 -1471.6707763671875
v -121.51649475097656 -240.73597717285156 -1466.5972900390625
v -115.75284576416016 -254.84300231933594 -1456.9697265625
v -112.78240203857422 -261.3054504394531 -1446.997314453125
v -104.69672393798828 -270.62286376953125 -1430.3480224609375
v -100.71113586425781 -282.9062194824219 -1438.7003173828125
v -96.28302764892578 -286.188720703125 -1430.460205078125
v -94.90594482421875 -283.1374816894531 -1420.6968994140625
v -85.8033218383789 -288.86517333984375 -1408.3828125
v -75.95384216308594 -295.2848205566406 -1397.6815185546875
v -70.9083023071289 -294.3934020996094 -1385.2384033203125
v -8.291842460632324 -318.419189453125 -1387.4818115234375
v -17.926546096801758 -318.2124328613281 -1386.512939453125
v -20.41792869567871 -315.1935729980469 -1378.672607421875
v -28.439577102661133 -312.48004150390625 -1377.873291015625
v -33.611412048339844 -305.87261962890625 -1365.9730224609375
v -47.94090270996094 -302.5013427734375 -1369.2059326171875
v -45.8520622253418 -299.8719482421875 -1361.2032470703125
v -65.07527923583984 -295.5783996582031 -1378.5509033203125
v -55.753562927246094 -299.1222229003906 -1372.7364501953125
v 4.401404857635498 -275.09979248046875 -1744.6588134765625
v 7.197431564331055 -272.0846862792969 -1742.58740234375
v 9.118695259094238 -270.79730224609375 -1742.98779296875
v 19.680644989013672 -267.4221496582031 -1742.82861328125
v 3.125560998916626 -269.7139892578125 -1752.091064453125
v -29.431734085083008 -228.2540283203125 -1782.075927734375
v -22.1962890625 -227.4381866455078 -1787.4166259765625
v -24.608718872070312 -226.6937713623047 -1786.1763916015625
v -27.597761154174805 -227.3585205078125 -1782.885986328125
v -20.710277557373047 -228.49952697753906 -1786.986572265625
v -6.928232192993164 -224.88856506347656 -1789.7666015625
v -13.541945457458496 -225.3319549560547 -1789.3165283203125
v -2.195389986038208 -230.04290771484375 -1786.426513671875
v -0.16640380024909973 -239.1735382080078 -1779.14599609375
v -0.6863884329795837 -233.22181701660156 -1783.4661865234375
v 1.278501033782959 -247.0863037109375 -1771.80517578125
v 2.1614131927490234 -255.4579620361328 -1765.6541748046875
v 8.37051773071289 -258.0834045410156 -1758.5325927734375
v 9.694840431213379 -261.5185241699219 -1753.0511474609375
v -28.12087059020996 -223.65899658203125 -1783.1058349609375
v -27.09373664855957 -219.22634887695312 -1783.2857666015625
v -24.11206817626953 -210.75465393066406 -1782.2353515625
v -23.539400100708008 -209.47984313964844 -1781.495361328125
v -27.858442306518555 -209.45945739746094 -1778.308837890625
v -27.18426513671875 -210.7516632080078 -1773.279052734375
v -33.466304779052734 -213.64244079589844 -1772.2191162109375
v -38.566551208496094 -215.4917755126953 -1769.3291015625
v -43.81056594848633 -215.46218872070312 -1763.7891845703125
v -51.07485580444336 -216.1182403564453 -1759.2789306640625
v -59.11428451538086 -216.26438903808594 -1756.3397216796875
v -65.67780303955078 -216.26568603515625 -1747.47705078125
v -66.89173126220703 -217.62110900878906 -1742.4744873046875
v -65.44627380371094 -217.06277465820312 -1737.861328125
v -61.09839630126953 -219.06410217285156 -1739.200439453125
v -59.10652542114258 -220.25267028808594 -1734.8861083984375
v -61.43689727783203 -223.15000915527344 -1732.4637451171875
v -71.47804260253906 -218.43789672851562 -1730.0267333984375
v -63.28257751464844 -223.51361083984375 -1729.421142578125
v -67.9867935180664 -221.08609008789062 -1729.804443359375
v -74.7572250366211 -216.95594787597656 -1728.0167236328125
v -79.28993225097656 -215.8097381591797 -1726.30712890625
v -83.4495620727539 -215.26795959472656 -1722.33349609375
v -83.785400390625 -224.3990478515625 -1721.540283203125
v -80.27520751953125 -220.30560302734375 -1725.131591796875
v -86.81440734863281 -224.40907287597656 -1716.3997802734375
v -89.91777038574219 -225.61322021484375 -1711.8187255859375
v -92.0801010131836 -224.50503540039062 -1707.6988525390625
v -90.4008560180664 -226.71351623535156 -1704.8861083984375
v -91.66549682617188 -230.08563232421875 -1701.9630126953125
v -98.06017303466797 -228.1683807373047 -1700.586181640625
v -95.39362335205078 -232.25193786621094 -1698.511474609375
v -95.42807006835938 -234.6890106201172 -1692.2557373046875
v -97.82215881347656 -233.7020721435547 -1686.80419921875
v -100.43289947509766 -233.12173461914062 -1682.4935302734375
v -104.17803192138672 -231.32948303222656 -1676.8953857421875
v 25.370681762695312 -285.0454406738281 -1696.540771484375
v 25.399463653564453 -283.0592956542969 -1699.249267578125
v 26.283992767333984 -281.65093994140625 -1700.2786865234375
v 26.933317184448242 -279.5426330566406 -1701.2471923828125
v 26.914981842041016 -278.9211730957031 -1700.4158935546875
v 25.23162078857422 -276.9494934082031 -1700.943115234375
v 24.394237518310547 -279.64892578125 -1698.18359375
v 23.736074447631836 -282.6971130371094 -1697.5667724609375
v 48.2030143737793 -264.81549072265625 -1744.9822998046875
v 39.6851692199707 -259.8199157714844 -1751.682861328125
v 32.74320983886719 -262.671875 -1747.6214599609375
v 26.27538299560547 -268.0200500488281 -1741.4788818359375
v 51.504600524902344 -266.3951416015625 -1742.1219482421875
v 52.6246452331543 -269.59429931640625 -1739.1717529296875
v 67.61692810058594 -254.49534606933594 -1739.6767578125
v 63.99855041503906 -260.9440002441406 -1740.55224609375
v 56.292030334472656 -268.7163391113281 -1740.0821533203125
v 59.44078063964844 -263.1850280761719 -1742.1424560546875
v 74.83394622802734 -253.5701446533203 -1730.2813720703125
v 77.31051635742188 -248.41268920898438 -1725.1968994140625
v 81.81681060791016 -253.21078491210938 -1718.492919921875
v 84.37350463867188 -241.17579650878906 -1709.9134521484375
v 87.23619842529297 -232.66476440429688 -1696.672119140625
v 90.09012603759766 -239.0817108154297 -1691.6693115234375
v 92.71622467041016 -233.65676879882812 -1683.431396484375
v 94.7714614868164 -229.0536651611328 -1675.32470703125
v 96.25753784179688 -231.5137176513672 -1671.0611572265625
v 97.98135375976562 -233.38059997558594 -1665.489501953125
v 98.9640884399414 -234.572021484375 -1663.2716064453125
v 100.57537078857422 -235.25494384765625 -1660.027099609375
v 100.34303283691406 -237.9877166748047 -1656.9384765625
v 101.98104858398438 -235.70542907714844 -1654.109619140625
v 103.86369323730469 -236.59478759765625 -1647.776611328125
v 104.12408447265625 -241.96969604492188 -1641.0701904296875
v 103.83924102783203 -242.152587890625 -1636.96142578125
v 103.31073760986328 -240.12893676757812 -1634.38916015625
v 103.40028381347656 -239.74151611328125 -1632.446533203125
v 106.36695098876953 -239.78256225585938 -1632.5296630859375
v 106.05138397216797 -238.34039306640625 -1634.3702392578125
v 112.629638671875 -243.8284454345703 -1541.0982666015625
v 111.21959686279297 -251.9334259033203 -1539.7254638671875
v 110.94229888916016 -246.15382385253906 -1527.6138916015625
v 111.25618743896484 -239.140869140625 -1529.0382080078125
v 113.04960632324219 -235.96685791015625 -1532.32177734375
v 108.41990661621094 -258.65155029296875 -1528.4560546875
v 105.33737182617188 -239.4752960205078 -1640.138427734375
v 105.34829711914062 -229.69166564941406 -1640.3212890625
v 104.83476257324219 -239.8988494873047 -1636.567626953125
v 105.4949722290039 -226.29209899902344 -1637.70703125
v 105.19232177734375 -222.737548828125 -1637.884521484375
v 106.02299499511719 -223.2753448486328 -1635.3638916015625
v 105.68262481689453 -222.24176025390625 -1632.7034912109375
v 106.47112274169922 -222.548095703125 -1627.779296875
v 107.4227523803711 -222.17791748046875 -1622.5758056640625
v 106.8661117553711 -220.99937438964844 -1617.2117919921875
v 106.7344741821289 -219.9113311767578 -1615.213623046875
v 107.3291244506836 -219.2455596923828 -1613.08740234375
v 107.02020263671875 -218.27163696289062 -1611.3055419921875
v 109.04256439208984 -217.1112823486328 -1604.187744140625
v 109.48907470703125 -216.51077270507812 -1602.770263671875
v 109.87855529785156 -216.0622100830078 -1598.0479736328125
v 109.0355453491211 -212.1082305908203 -1587.3677978515625
v 111.4858169555664 -228.4954376220703 -1580.9388427734375
v 110.7176742553711 -220.46255493164062 -1579.92724609375
v 112.529296875 -233.78253173828125 -1572.3482666015625
v 112.54402160644531 -223.67562866210938 -1568.4368896484375
v 109.61980438232422 -215.0832061767578 -1595.323974609375
v 109.4736099243164 -214.37588500976562 -1591.980712890625
v 112.47227478027344 -226.1546173095703 -1541.3541259765625
v -103.67960357666016 -231.3071746826172 -1671.17822265625
v -101.07331848144531 -233.70167541503906 -1665.64794921875
v -103.7708740234375 -232.7777099609375 -1660.238037109375
v -107.97308349609375 -232.0813446044922 -1657.5958251953125
v -104.10465240478516 -236.72804260253906 -1652.2862548828125
v -102.8543930053711 -237.80029296875 -1648.794677734375
v -103.67447662353516 -237.14834594726562 -1645.978515625
v -106.39942169189453 -237.5373077392578 -1642.825439453125
v -105.7359390258789 -237.31646728515625 -1641.153564453125
v -108.59624481201172 -235.5822296142578 -1637.035888671875
v -111.5337142944336 -235.3502655029297 -1633.2071533203125
v -110.0603256225586 -234.7092742919922 -1632.05078125
v -106.96159362792969 -232.3448944091797 -1629.913818359375
v -108.61839294433594 -231.53221130371094 -1628.2578125
v -105.9052734375 -232.54791259765625 -1627.951416015625
v -115.18048858642578 -227.1698455810547 -1619.5360107421875
v -115.02840423583984 -226.7030487060547 -1620.6309814453125
v -105.8792953491211 -235.71316528320312 -1619.9400634765625
v -110.51569366455078 -230.75338745117188 -1619.619140625
v -115.07844543457031 -228.47113037109375 -1617.970947265625
v -112.74698638916016 -229.24366760253906 -1617.5770263671875
v -112.99351501464844 -229.63174438476562 -1608.406005859375
v -111.19999694824219 -229.91067504882812 -1605.1085205078125
v -114.57451629638672 -229.80650329589844 -1600.79296875
v -112.83992004394531 -231.07833862304688 -1596.011962890625
v -112.17633056640625 -230.94842529296875 -1591.2958984375
v -113.84598541259766 -232.2367401123047 -1589.189453125
v -117.45934295654297 -233.0076904296875 -1586.024658203125
v -113.12281799316406 -233.60122680664062 -1580.942138671875
v -114.9522476196289 -234.0482940673828 -1576.253173828125
v -119.23612213134766 -233.6344757080078 -1572.78466796875
v -116.27989959716797 -233.430419921875 -1571.4791259765625
v -112.54904174804688 -234.7136688232422 -1568.6087646484375
v -115.25133514404297 -235.4813995361328 -1565.205322265625
v -124.32981872558594 -233.81297302246094 -1559.2823486328125
v -126.67064666748047 -231.4644775390625 -1557.0164794921875
v -125.18368530273438 -231.70968627929688 -1553.221923828125
v -123.25923156738281 -231.01808166503906 -1551.43994140625
v -122.48934936523438 -232.45140075683594 -1544.094970703125
v -122.78728485107422 -233.01736450195312 -1541.43896484375
v -119.40837860107422 -230.8767547607422 -1540.0887451171875
v -115.69515991210938 -228.27432250976562 -1536.94384765625
v -117.57496643066406 -230.6450653076172 -1534.759521484375
v -118.2220687866211 -232.11480712890625 -1532.13134765625
v -121.75497436523438 -234.57489013671875 -1532.2625732421875
v -120.15001678466797 -232.44583129882812 -1530.4742431640625
v -123.5254135131836 -232.1363067626953 -1527.8511962890625
v -122.39212036132812 -230.96983337402344 -1525.640869140625
v -122.77247619628906 -232.08204650878906 -1523.2227783203125
v -125.21776580810547 -232.8583526611328 -1519.188720703125
v 108.34510040283203 -254.69732666015625 -1516.2313232421875
v 104.8201904296875 -265.27032470703125 -1503.1065673828125
v 103.93135070800781 -267.5181884765625 -1489.4608154296875
v 99.12720489501953 -274.2536926269531 -1475.3065185546875
v 35.872432708740234 -305.2601013183594 -1391.1397705078125
v 32.29411697387695 -304.9413146972656 -1382.843017578125
v 18.16799545288086 -307.9522399902344 -1375.80126953125
v -6.848247528076172 -316.4802551269531 -1382.0423583984375
v 1.1102875471115112 -312.3069763183594 -1376.8021240234375
v 15.68077278137207 -306.0729675292969 -1369.5394287109375
v 96.13532257080078 -274.4696960449219 -1467.28173828125
v 92.22864532470703 -278.5958251953125 -1460.1502685546875
v 90.7429428100586 -269.03790283203125 -1449.1968994140625
v 88.07665252685547 -265.5873107910156 -1441.786865234375
v 85.6268310546875 -269.9354248046875 -1439.0894775390625
v 77.5929183959961 -282.5255432128906 -1432.59716796875
v 70.86466217041016 -287.58306884765625 -1421.798095703125
v 63.93976593017578 -288.1886901855469 -1406.9736328125
v 61.03849792480469 -285.86199951171875 -1395.9781494140625
v 54.41952133178711 -294.5442199707031 -1396.3380126953125
v 47.379058837890625 -295.36016845703125 -1384.3775634765625
v 40.641300201416016 -296.0914306640625 -1376.235595703125
v -124.1302490234375 -231.3652801513672 -1514.1749267578125
v -129.37127685546875 -229.81948852539062 -1513.556884765625
v -126.99852752685547 -230.479248046875 -1508.6727294921875
v -129.41592407226562 -229.13108825683594 -1511.3577880859375
v -127.77972412109375 -229.83975219726562 -1504.635009765625
v -126.92526245117188 -228.51736450195312 -1501.194091796875
v -127.04714965820312 -228.05519104003906 -1497.2794189453125
v -127.78544616699219 -227.30384826660156 -1493.24609375
v -126.29167938232422 -225.30780029296875 -1489.9461669921875
v -127.57563781738281 -223.9636688232422 -1489.103271484375
v -126.94573211669922 -223.77847290039062 -1488.7176513671875
v -125.7123794555664 -226.71751403808594 -1482.9744873046875
v -126.47384643554688 -224.98081970214844 -1485.234375
v -125.16531372070312 -227.54527282714844 -1478.9346923828125
v -122.96122741699219 -228.3431396484375 -1470.629150390625
v -122.1629638671875 -227.2023162841797 -1466.422607421875
v -121.85025024414062 -227.34788513183594 -1463.09130859375
v -120.03140258789062 -236.6064453125 -1458.535400390625
v -116.7347183227539 -245.40060424804688 -1454.6099853515625
v -114.70345306396484 -252.22781372070312 -1449.728515625
v -113.65569305419922 -249.44737243652344 -1439.07421875
v -111.30547332763672 -257.7615661621094 -1438.1837158203125
v -101.38501739501953 -277.9101867675781 -1430.3851318359375
v -106.70391082763672 -261.6383361816406 -1427.7406005859375
v -103.33394622802734 -269.1513977050781 -1423.39013671875
v -96.03816986083984 -276.95562744140625 -1414.8670654296875
v -92.40325164794922 -277.6097412109375 -1406.240234375
v -88.05924224853516 -277.66998291015625 -1394.0511474609375
v -79.5943374633789 -287.8428649902344 -1391.1754150390625
v -77.32354736328125 -283.84149169921875 -1381.6246337890625
v -70.48123168945312 -287.56011962890625 -1372.075927734375
v -12.290931701660156 -317.48565673828125 -1385.400146484375
v -17.48694610595703 -315.35955810546875 -1377.5169677734375
v -20.44239044189453 -310.96331787109375 -1366.8701171875
v -28.856487274169922 -309.070556640625 -1370.1641845703125
v -24.89220428466797 -304.8846435546875 -1357.48388671875
v -53.4752082824707 -296.6614990234375 -1362.7696533203125
v -49.9937858581543 -294.7775573730469 -1356.6195068359375
v -26.788352966308594 -302.0033874511719 -1352.1807861328125
v -66.63949584960938 -287.83978271484375 -1365.1832275390625
v -56.452362060546875 -292.3855895996094 -1358.51611328125
v 8.18974781036377 -264.722900390625 -1750.8304443359375
v 9.071388244628906 -264.15386962890625 -1748.98974609375
v 8.396086692810059 -266.905517578125 -1746.6988525390625
v 11.027091026306152 -267.20159912109375 -1746.1090087890625
v 14.331478118896484 -264.7587585449219 -1748.3299560546875
v 23.778322219848633 -262.0325927734375 -1748.3707275390625
v -9.494983673095703 -222.2847137451172 -1791.1666259765625
v -17.375228881835938 -220.74986267089844 -1790.2564697265625
v -23.433998107910156 -222.6527862548828 -1787.7164306640625
v -2.0028035640716553 -223.81170654296875 -1789.9864501953125
v -1.7789368629455566 -226.34664916992188 -1788.9365234375
v 0.5068284273147583 -229.99977111816406 -1785.7763671875
v 5.390514850616455 -241.22573852539062 -1775.53564453125
v 3.7637622356414795 -234.51138305664062 -1780.365966796875
v 8.326929092407227 -249.1459197998047 -1767.424560546875
v 11.642312049865723 -255.99432373046875 -1758.172607421875
v 10.092641830444336 -263.5536193847656 -1750.3802490234375
v -19.822223663330078 -211.13461303710938 -1786.27587890625
v -17.66120719909668 -209.56195068359375 -1786.5758056640625
v -17.815847396850586 -208.53897094726562 -1784.485595703125
v -19.64653968811035 -208.31771850585938 -1781.565185546875
v -21.088016510009766 -209.11260986328125 -1777.36474609375
v -22.68726348876953 -209.1112823486328 -1776.694580078125
v -26.330707550048828 -209.86936950683594 -1775.448974609375
v -25.112009048461914 -209.16781616210938 -1774.6444091796875
v -29.906063079833984 -212.0081329345703 -1771.9891357421875
v -25.482280731201172 -209.12901306152344 -1773.6290283203125
v -24.72543716430664 -209.12705993652344 -1773.083984375
v -27.386777877807617 -211.968994140625 -1772.0291748046875
v -31.88019561767578 -213.060302734375 -1769.2591552734375
v -34.068756103515625 -213.4539337158203 -1767.6492919921875
v -36.20237731933594 -214.2528839111328 -1765.9293212890625
v -38.88544845581055 -214.0538787841797 -1762.49951171875
v -47.577301025390625 -215.3191375732422 -1759.919189453125
v -44.08666229248047 -214.70407104492188 -1760.1492919921875
v -44.04146194458008 -216.9381866455078 -1756.4193115234375
v -49.84840774536133 -217.6948699951172 -1755.2489013671875
v -56.1569938659668 -217.58676147460938 -1755.15869140625
v -59.324440002441406 -217.7932586669922 -1750.6971435546875
v -63.513389587402344 -218.648681640625 -1745.725341796875
v -65.36793518066406 -218.51780700683594 -1742.7542724609375
v -60.62875747680664 -219.15333557128906 -1741.2718505859375
v -53.70337677001953 -218.70570373535156 -1741.2999267578125
v -52.22867965698242 -220.3600616455078 -1736.0146484375
v -51.8718147277832 -221.47462463378906 -1733.331298828125
v -54.481082916259766 -223.9916534423828 -1731.1590576171875
v -60.267520904541016 -224.2283172607422 -1728.488525390625
v -50.69749450683594 -225.37965393066406 -1728.54345703125
v -73.73330688476562 -218.98248291015625 -1728.11572265625
v -72.24884033203125 -223.1855010986328 -1728.0635986328125
v -66.31299591064453 -225.8611602783203 -1727.780029296875
v -60.95384216308594 -227.17953491210938 -1726.3050537109375
v -76.68413543701172 -217.59970092773438 -1726.115478515625
v -79.321533203125 -217.57716369628906 -1725.6759033203125
v -80.6588363647461 -226.2208251953125 -1722.8092041015625
v -79.34374237060547 -222.80856323242188 -1725.2637939453125
v -83.01839447021484 -227.4239959716797 -1719.2784423828125
v -82.23937225341797 -228.72122192382812 -1716.7867431640625
v -84.32225036621094 -227.1391143798828 -1713.3568115234375
v -88.72713470458984 -226.7621612548828 -1710.357421875
v -88.27692413330078 -227.1378631591797 -1706.595703125
v -87.87642669677734 -228.0525665283203 -1705.324462890625
v -86.16535186767578 -231.80612182617188 -1703.270263671875
v -90.67881774902344 -233.65390014648438 -1698.5782470703125
v -87.6610107421875 -235.2642822265625 -1695.803466796875
v -86.50410461425781 -236.45875549316406 -1689.8968505859375
v -89.53147888183594 -236.1884307861328 -1688.20751953125
v -94.60150909423828 -235.06446838378906 -1687.821533203125
v -87.3509750366211 -235.24044799804688 -1683.9635009765625
v -92.34957885742188 -233.70516967773438 -1682.52783203125
v -94.63369750976562 -233.50021362304688 -1677.92578125
v -98.37828826904297 -232.76339721679688 -1674.577392578125
v 24.786666870117188 -279.3437805175781 -1703.01708984375
v 26.385108947753906 -278.87945556640625 -1702.2769775390625
v 25.8917179107666 -275.0036315917969 -1703.754150390625
v 23.56522560119629 -275.14117431640625 -1702.601806640625
v 23.927120208740234 -277.4365234375 -1700.892822265625
v 23.359750747680664 -278.7594909667969 -1700.993896484375
v 23.43266487121582 -278.29296875 -1703.49560546875
v 47.94416046142578 -259.3782043457031 -1753.3338623046875
v 51.57065963745117 -263.3932189941406 -1746.9129638671875
v 54.692222595214844 -265.0535888671875 -1742.7022705078125
v 35.157955169677734 -251.1067657470703 -1761.144287109375
v 27.5860595703125 -256.5030517578125 -1754.5625
v 44.509971618652344 -252.32711791992188 -1761.374755859375
v 63.0952262878418 -253.3203887939453 -1746.1029052734375
v 64.8971939086914 -249.5094451904297 -1744.672607421875
v 67.59983825683594 -245.20751953125 -1739.796142578125
v 60.660770416259766 -257.04248046875 -1746.7230224609375
v 57.60322952270508 -260.5370178222656 -1746.4329833984375
v 71.39270782470703 -245.9867401123047 -1734.0526123046875
v 70.208740234375 -239.10211181640625 -1733.03125
v 75.74531555175781 -238.852294921875 -1723.564208984375
v 81.05352020263672 -243.1434326171875 -1717.2801513671875
v 79.82260131835938 -233.51686096191406 -1714.4166259765625
v 81.18889617919922 -222.869873046875 -1703.77783203125
v 84.92675018310547 -225.234619140625 -1697.839111328125
v 87.66488647460938 -225.7783203125 -1691.803466796875
v 88.601806640625 -221.4044952392578 -1687.1771240234375
v 90.54971313476562 -224.54632568359375 -1684.2161865234375
v 93.27029418945312 -225.1676025390625 -1677.6807861328125
v 93.14192962646484 -225.73094177246094 -1675.859375
v 93.50326538085938 -227.32086181640625 -1674.513671875
v 95.21582794189453 -230.23948669433594 -1671.5025634765625
v 96.55783081054688 -232.3268280029297 -1668.445068359375
v 92.85811614990234 -234.67774963378906 -1664.54541015625
v 97.9115219116211 -234.06459045410156 -1663.68212890625
v 99.68278503417969 -234.1062469482422 -1658.339599609375
v 100.93278503417969 -234.9339141845703 -1657.6121826171875
v 101.88541412353516 -233.54995727539062 -1652.255859375
v 103.24048614501953 -234.21238708496094 -1650.0328369140625
v 104.3758316040039 -231.97372436523438 -1645.0611572265625
v 112.41753387451172 -241.57144165039062 -1522.6634521484375
v 110.04531860351562 -244.1317901611328 -1515.8074951171875
v 112.13472747802734 -225.46690368652344 -1533.35498046875
v 112.98017120361328 -229.38722229003906 -1534.718017578125
v 103.94146728515625 -230.0396270751953 -1642.7794189453125
v 104.46858978271484 -228.21096801757812 -1639.962646484375
v 104.82335662841797 -226.56704711914062 -1638.1629638671875
v 104.23419189453125 -225.70628356933594 -1637.45556640625
v 104.95159912109375 -224.14991760253906 -1635.569091796875
v 104.05322265625 -222.64552307128906 -1631.4630126953125
v 105.21327209472656 -222.2009735107422 -1630.4097900390625
v 105.56037139892578 -223.37306213378906 -1627.5257568359375
v 105.71403503417969 -225.80674743652344 -1621.7967529296875
v 105.53468322753906 -225.6939239501953 -1619.337890625
v 104.66423034667969 -224.52896118164062 -1616.7200927734375
v 105.8923110961914 -220.38790893554688 -1615.7376708984375
v 104.5239028930664 -216.21539306640625 -1614.50048828125
v 104.78549194335938 -215.86338806152344 -1613.3380126953125
v 105.28302764892578 -216.696044921875 -1611.2479248046875
v 105.95589447021484 -218.30172729492188 -1611.235595703125
v 105.35449981689453 -219.53897094726562 -1610.883056640625
v 106.29324340820312 -219.31283569335938 -1609.79736328125
v 106.93171691894531 -219.01919555664062 -1607.691162109375
v 105.33927917480469 -220.15774536132812 -1602.1724853515625
v 106.53646850585938 -218.33181762695312 -1596.86376953125
v 109.10677337646484 -216.14532470703125 -1598.3988037109375
v 108.57537078857422 -212.40296936035156 -1588.3587646484375
v 107.66178894042969 -208.2382049560547 -1584.6314697265625
v 107.72367858886719 -206.32061767578125 -1581.93408203125
v 108.3353271484375 -207.36898803710938 -1580.7513427734375
v 111.38948822021484 -215.6968231201172 -1566.734130859375
v 109.17842864990234 -214.6150360107422 -1594.08740234375
v 111.6689224243164 -218.36134338378906 -1550.9808349609375
v 111.58389282226562 -218.74819946289062 -1540.9302978515625
v -94.12840270996094 -236.0461883544922 -1671.8145751953125
v -94.00589752197266 -237.20838928222656 -1663.4256591796875
v -96.88855743408203 -237.4080047607422 -1659.5238037109375
v -100.69581604003906 -236.0021514892578 -1656.6424560546875
v -100.51775360107422 -236.9286651611328 -1652.650146484375
v -101.40392303466797 -237.82766723632812 -1648.04638671875
v -98.57012939453125 -236.33934020996094 -1646.5345458984375
v -98.9444808959961 -235.9094696044922 -1644.0555419921875
v -101.79203796386719 -235.55935668945312 -1640.393798828125
v -104.54547119140625 -233.74652099609375 -1634.6402587890625
v -105.64039611816406 -232.95635986328125 -1632.5029296875
v -103.63715362548828 -233.6145782470703 -1631.605224609375
v -98.01850128173828 -238.9590606689453 -1630.417236328125
v -101.71994018554688 -237.5912322998047 -1624.277099609375
v -105.1921615600586 -238.3331756591797 -1615.4727783203125
v -109.34883880615234 -232.56443786621094 -1614.8660888671875
v -106.7178726196289 -236.9114532470703 -1614.3525390625
v -108.1893310546875 -233.36129760742188 -1610.631591796875
v -107.87596893310547 -232.5362091064453 -1605.43115234375
v -109.18672943115234 -232.70883178710938 -1601.399169921875
v -108.48332214355469 -232.67453002929688 -1592.0362548828125
v -111.53833770751953 -232.7032012939453 -1587.99462890625
v -108.2416000366211 -234.1742401123047 -1581.76708984375
v -103.4859390258789 -235.78778076171875 -1578.182861328125
v -111.16800689697266 -235.1229705810547 -1574.0594482421875
v -105.48499298095703 -235.31150817871094 -1567.4122314453125
v -109.02708435058594 -235.09230041503906 -1565.408447265625
v -110.720458984375 -235.8787841796875 -1563.0740966796875
v -115.13798522949219 -235.84999084472656 -1559.7811279296875
v -115.65931701660156 -235.62594604492188 -1555.494140625
v -121.67867279052734 -234.3607635498047 -1555.7537841796875
v -123.10357666015625 -231.3960418701172 -1553.21337890625
v -120.50321197509766 -230.8642578125 -1548.9385986328125
v -118.04761505126953 -230.7902374267578 -1543.3397216796875
v -116.71222686767578 -229.2410125732422 -1540.0155029296875
v -114.51678466796875 -228.3353271484375 -1537.724853515625
v -114.4543228149414 -228.37289428710938 -1536.152587890625
v -115.57006072998047 -230.49635314941406 -1534.4964599609375
v -116.66767120361328 -232.4781494140625 -1531.5716552734375
v -119.09166717529297 -231.87640380859375 -1529.127685546875
v -122.12176513671875 -231.3692626953125 -1527.072509765625
v -118.66371154785156 -233.87002563476562 -1526.269775390625
v -120.42578125 -234.21339416503906 -1523.15234375
v -121.88287353515625 -233.4098358154297 -1519.773193359375
v -116.32861328125 -234.11526489257812 -1516.47607421875
v -117.71856689453125 -233.5247344970703 -1514.7198486328125
v 109.39308166503906 -244.63766479492188 -1513.362548828125
v 108.92112731933594 -248.29457092285156 -1510.260498046875
v 107.00537872314453 -256.5339050292969 -1504.9515380859375
v 107.39171600341797 -254.1904754638672 -1497.0401611328125
v 104.37981414794922 -261.0466003417969 -1486.3892822265625
v 102.05984497070312 -265.7547912597656 -1480.4525146484375
v 98.66001892089844 -269.4667053222656 -1471.73388671875
v 30.360395431518555 -300.7929382324219 -1372.117919921875
v 21.57097053527832 -302.51641845703125 -1367.1627197265625
v -7.544414520263672 -314.4015808105469 -1374.9405517578125
v 6.392088413238525 -306.89312744140625 -1367.58984375
v -6.207028388977051 -310.8866882324219 -1364.9422607421875
v -0.2892571687698364 -309.47344970703125 -1368.2943115234375
v 15.465200424194336 -301.7882385253906 -1362.111328125
v 94.85035705566406 -267.4822998046875 -1459.8394775390625
v 91.9364013671875 -260.8907470703125 -1447.822021484375
v 89.14348602294922 -256.48193359375 -1440.5750732421875
v 86.5841293334961 -254.98240661621094 -1432.27392578125
v 83.7297134399414 -259.9053955078125 -1426.35693359375
v 81.02167510986328 -271.7544250488281 -1429.196533203125
v 75.7265625 -274.4387512207031 -1417.8604736328125
v 69.61674499511719 -280.2113037109375 -1408.989013671875
v 67.8565444946289 -272.0069274902344 -1395.5623779296875
v 63.17312240600586 -277.7030029296875 -1390.714111328125
v 55.09943389892578 -286.4443054199219 -1384.9776611328125
v 48.577476501464844 -288.9898681640625 -1377.681884765625
v 42.47332000732422 -292.6023254394531 -1372.9091796875
v 33.56325912475586 -293.4898986816406 -1362.936279296875
v -122.12445068359375 -232.47080993652344 -1506.23779296875
v -113.28971862792969 -233.98629760742188 -1507.4110107421875
v -115.04878997802734 -233.7894287109375 -1503.4617919921875
v -122.92772674560547 -230.8013153076172 -1503.5015869140625
v -121.85417938232422 -230.1147918701172 -1497.330078125
v -120.10852813720703 -228.63641357421875 -1493.3919677734375
v -124.46919250488281 -226.2554931640625 -1492.1768798828125
v -126.88040924072266 -226.61318969726562 -1492.659912109375
v -125.58369445800781 -224.29222106933594 -1487.1734619140625
v -124.3414077758789 -225.3972930908203 -1483.5491943359375
v -124.80287170410156 -225.92160034179688 -1479.877685546875
v -125.0028305053711 -226.1006622314453 -1478.11767578125
v -124.01908111572266 -226.35182189941406 -1475.4154052734375
v -122.6549072265625 -225.90455627441406 -1471.35693359375
v -122.95686340332031 -222.69229125976562 -1467.862060546875
v -122.10018157958984 -221.46913146972656 -1466.5572509765625
v -121.85285186767578 -224.87310791015625 -1466.314208984375
v -121.39501953125 -225.7053680419922 -1464.7921142578125
v -121.23965454101562 -225.59103393554688 -1460.4759521484375
v -120.68965911865234 -224.88949584960938 -1456.5458984375
v -118.76824188232422 -229.3753204345703 -1450.324951171875
v -120.41044616699219 -228.62130737304688 -1454.9259033203125
v -115.17727661132812 -241.4640350341797 -1448.2109375
v -114.16727447509766 -241.57725524902344 -1440.717041015625
v -110.64836120605469 -254.2557373046875 -1433.613525390625
v -113.9442138671875 -237.0133819580078 -1427.5174560546875
v -112.3615951538086 -242.22837829589844 -1426.795166015625
v -107.57044982910156 -251.51031494140625 -1425.1331787109375
v -105.2617416381836 -255.67030334472656 -1416.4559326171875
v -103.69116973876953 -262.1835632324219 -1416.5152587890625
v -98.65594482421875 -266.7083435058594 -1411.1839599609375
v -95.0373306274414 -269.75830078125 -1404.234375
v -92.69425201416016 -275.27044677734375 -1403.3885498046875
v -91.67644500732422 -264.7099914550781 -1388.0078125
v -86.86629486083984 -274.1775207519531 -1387.7286376953125
v -82.22262573242188 -277.1983337402344 -1383.4622802734375
v -77.31133270263672 -280.701171875 -1377.417724609375
v -75.28448486328125 -280.4279479980469 -1371.3345947265625
v -70.24198150634766 -281.500732421875 -1361.5577392578125
v -16.343599319458008 -311.5068054199219 -1366.802490234375
v -13.577378273010254 -305.8411560058594 -1356.1964111328125
v -20.795658111572266 -302.930908203125 -1351.18603515625
v -54.03987503051758 -290.20172119140625 -1353.7576904296875
v -26.277339935302734 -300.15020751953125 -1349.4400634765625
v -42.37135314941406 -293.23193359375 -1349.395751953125
v -63.529415130615234 -286.7285461425781 -1359.41259765625
v -58.26613235473633 -285.0442810058594 -1351.825439453125
v 10.26020622253418 -264.1922607421875 -1748.9296875
v 9.823551177978516 -262.2613220214844 -1748.2191162109375
v 9.720257759094238 -262.0296325683594 -1747.64892578125
v 9.665243148803711 -265.27789306640625 -1747.149169921875
v 12.724769592285156 -252.82772827148438 -1761.083251953125
v 21.40248680114746 -254.950439453125 -1756.9927978515625
v -5.516538143157959 -219.39361572265625 -1791.2864990234375
v -10.902090072631836 -218.94723510742188 -1791.4664306640625
v -14.45521068572998 -215.24354553222656 -1790.3663330078125
v -19.745336532592773 -217.5585479736328 -1788.8663330078125
v -2.3769171237945557 -220.85231018066406 -1790.3162841796875
v 1.884451150894165 -224.1337127685547 -1788.056396484375
v 4.538679122924805 -226.78659057617188 -1785.376220703125
v 6.623340606689453 -235.10939025878906 -1777.2855224609375
v 8.663592338562012 -238.2263946533203 -1774.9954833984375
v 12.486283302307129 -243.58131408691406 -1769.884765625
v 7.886199474334717 -227.82188415527344 -1781.7559814453125
v 7.260201930999756 -230.72802734375 -1779.57568359375
v 12.571187973022461 -247.752197265625 -1766.414306640625
v -15.317508697509766 -211.0814208984375 -1788.5860595703125
v -10.56065559387207 -209.86734008789062 -1788.2459716796875
v -12.778229713439941 -208.39584350585938 -1786.5057373046875
v -11.936747550964355 -208.09645080566406 -1784.2855224609375
v -11.947606086730957 -208.08050537109375 -1780.92529296875
v -16.565759658813477 -208.91049194335938 -1778.3248291015625
v -18.471580505371094 -208.46119689941406 -1777.5748291015625
v -22.270313262939453 -204.67428588867188 -1775.7144775390625
v -23.110698699951172 -204.57107543945312 -1774.82421875
v -24.6768741607666 -207.02609252929688 -1773.68896484375
v -21.901165008544922 -205.21145629882812 -1774.1942138671875
v -16.400951385498047 -207.0918426513672 -1774.8643798828125
v -22.321983337402344 -214.80796813964844 -1771.86376953125
v -27.243696212768555 -216.2479705810547 -1768.7293701171875
v -30.418792724609375 -213.76776123046875 -1768.6092529296875
v -32.933189392089844 -214.056640625 -1766.4693603515625
v -34.74610900878906 -214.63856506347656 -1764.6993408203125
v -41.037269592285156 -213.29278564453125 -1759.299560546875
v -39.17631912231445 -213.46603393554688 -1761.0194091796875
v -37.80202102661133 -214.32749938964844 -1761.1195068359375
v -44.587486267089844 -215.37924194335938 -1758.4293212890625
v -40.84929275512695 -213.81048583984375 -1757.129638671875
v -47.234127044677734 -218.40199279785156 -1753.888916015625
v -40.13507843017578 -216.2764129638672 -1755.2996826171875
v -44.80706787109375 -220.3225860595703 -1752.0291748046875
v -42.445838928222656 -220.8596954345703 -1751.289306640625
v -53.216888427734375 -218.85726928710938 -1749.9453125
v -50.04754638671875 -218.4634552001953 -1749.1187744140625
v -48.74458694458008 -218.6756591796875 -1749.9788818359375
v -58.98122787475586 -218.84005737304688 -1747.30517578125
v -58.99282455444336 -219.75802612304688 -1743.9830322265625
v -54.561790466308594 -218.512451171875 -1742.15087890625
v -47.64775085449219 -220.3365020751953 -1743.37890625
v -51.17814636230469 -217.23727416992188 -1744.3187255859375
v -49.745689392089844 -220.5646209716797 -1741.28857421875
v -46.15140914916992 -220.8740997314453 -1733.319580078125
v -45.65888214111328 -221.5464630126953 -1731.8397216796875
v -44.63831329345703 -224.91123962402344 -1729.7391357421875
v -48.726741790771484 -225.08187866210938 -1730.0146484375
v -57.34758377075195 -224.5773468017578 -1727.3656005859375
v -43.60321044921875 -226.18858337402344 -1726.4295654296875
v -51.85713577270508 -225.11863708496094 -1726.31103515625
v -72.54852294921875 -225.67591857910156 -1726.681396484375
v -69.46004486083984 -228.8134765625 -1724.5362548828125
v -52.7232551574707 -225.73341369628906 -1725.5902099609375
v -59.49666976928711 -228.2370147705078 -1724.0806884765625
v -50.73186492919922 -229.75527954101562 -1720.6885986328125
v -79.16873168945312 -228.11451721191406 -1721.837890625
v -77.86511993408203 -229.94482421875 -1719.693603515625
v -77.93111419677734 -230.58042907714844 -1717.4246826171875
v -78.90193176269531 -230.51710510253906 -1713.9334716796875
v -83.6022720336914 -227.66476440429688 -1711.6357421875
v -81.97496032714844 -228.2841033935547 -1706.692626953125
v -79.97115325927734 -232.44508361816406 -1703.77734375
v -82.740234375 -235.0731658935547 -1696.8316650390625
v -82.25814056396484 -235.5976104736328 -1692.1971435546875
v -80.6802978515625 -235.42135620117188 -1687.942626953125
v -80.5605239868164 -235.98028564453125 -1683.5374755859375
v -87.38040161132812 -235.2734832763672 -1681.2008056640625
v 25.330230712890625 -276.45849609375 -1705.52685546875
v 25.65544891357422 -274.3002014160156 -1705.87548828125
v 24.745559692382812 -273.086181640625 -1705.33349609375
v 23.435911178588867 -273.9290466308594 -1704.3524169921875
v 22.18548583984375 -274.23309326171875 -1705.1126708984375
v 22.209001541137695 -274.6029357910156 -1706.754638671875
v 52.76076126098633 -256.7682800292969 -1755.59423828125
v 51.505218505859375 -259.5102233886719 -1752.50390625
v 55.16568374633789 -258.26641845703125 -1751.8638916015625
v 42.424686431884766 -248.4272918701172 -1765.0150146484375
v 36.60137176513672 -245.0592498779297 -1767.1949462890625
v 21.1992130279541 -250.4177703857422 -1761.7637939453125
v 46.53826141357422 -247.78038024902344 -1764.9951171875
v 50.497798919677734 -252.17601013183594 -1759.8446044921875
v 59.29671859741211 -253.8635711669922 -1751.673828125
v 62.31169128417969 -248.34518432617188 -1749.1231689453125
v 62.54926300048828 -243.2544403076172 -1748.27294921875
v 64.71473693847656 -239.66470336914062 -1742.8919677734375
v 62.931983947753906 -230.46202087402344 -1741.101806640625
v 66.2812271118164 -222.6088409423828 -1731.029541015625
v 68.82095336914062 -224.2154083251953 -1727.32666015625
v 74.04544830322266 -227.29747009277344 -1719.940673828125
v 76.4872817993164 -222.048583984375 -1712.2349853515625
v 79.00907897949219 -219.73548889160156 -1705.64013671875
v 80.28938293457031 -222.02200317382812 -1702.5653076171875
v 81.89693450927734 -222.89700317382812 -1701.7857666015625
v 84.07765197753906 -224.47900390625 -1698.32958984375
v 86.06964874267578 -223.9438018798828 -1692.6265869140625
v 87.5020980834961 -222.6294708251953 -1689.625
v 87.39470672607422 -218.96710205078125 -1686.8682861328125
v 88.31685638427734 -221.62802124023438 -1685.1859130859375
v 89.51325988769531 -224.0403289794922 -1683.254638671875
v 91.5633316040039 -224.77835083007812 -1680.337646484375
v 91.96688079833984 -224.6853485107422 -1678.81884765625
v 92.60415649414062 -223.70558166503906 -1677.582275390625
v 91.53817749023438 -227.70474243164062 -1674.8865966796875
v 90.63383483886719 -229.60646057128906 -1672.38134765625
v 91.99383544921875 -233.1289520263672 -1668.21875
v 89.29643249511719 -232.71145629882812 -1666.1990966796875
v 88.4241943359375 -232.97044372558594 -1661.056884765625
v 95.33228302001953 -235.42872619628906 -1658.760986328125
v 93.50886535644531 -235.22918701171875 -1658.3193359375
v 100.91681671142578 -233.9026336669922 -1653.6903076171875
v 102.58609008789062 -232.69813537597656 -1649.414794921875
v 103.5089340209961 -231.61386108398438 -1646.176513671875
v 112.40593719482422 -231.3517303466797 -1525.9681396484375
v 111.51336669921875 -232.21533203125 -1521.5513916015625
v 111.52760314941406 -242.41885375976562 -1519.541015625
v 110.55381774902344 -229.8842010498047 -1518.4979248046875
v 109.94903564453125 -220.00595092773438 -1527.1419677734375
v 99.25605010986328 -232.77157592773438 -1646.462646484375
v 98.14067840576172 -231.8690643310547 -1643.97705078125
v 103.93275451660156 -227.3145294189453 -1638.5673828125
v 102.53166961669922 -226.7168731689453 -1636.3116455078125
v 101.73756408691406 -226.48385620117188 -1633.389404296875
v 103.27737426757812 -228.0412139892578 -1628.5384521484375
v 101.87940979003906 -228.5492401123047 -1624.4580078125
v 104.53196716308594 -227.16758728027344 -1621.1033935546875
v 103.37649536132812 -226.73536682128906 -1617.7166748046875
v 100.83336639404297 -225.0904998779297 -1615.0147705078125
v 101.5208969116211 -223.09356689453125 -1614.3052978515625
v 102.19156646728516 -218.86752319335938 -1613.6512451171875
v 104.09024810791016 -216.142333984375 -1611.614501953125
v 101.80628967285156 -221.62069702148438 -1612.9268798828125
v 105.07180786132812 -223.16305541992188 -1609.4818115234375
v 104.67777252197266 -223.57382202148438 -1605.9803466796875
v 103.11827850341797 -224.2643280029297 -1603.8157958984375
v 102.02470397949219 -221.5598602294922 -1600.46826171875
v 102.57807159423828 -221.57041931152344 -1598.681884765625
v 101.53917694091797 -223.96168518066406 -1596.904541015625
v 102.31179809570312 -223.70359802246094 -1595.3577880859375
v 106.26581573486328 -218.79638671875 -1593.570068359375
v 108.04478454589844 -212.73646545410156 -1588.3367919921875
v 106.6279067993164 -206.1865234375 -1582.7171630859375
v 106.75505065917969 -204.85757446289062 -1580.088134765625
v 107.99065399169922 -204.31443786621094 -1572.6270751953125
v 109.41831970214844 -206.8047637939453 -1567.8408203125
v 110.44459533691406 -211.14186096191406 -1560.6220703125
v 106.30350494384766 -217.6158905029297 -1589.1866455078125
v 105.89799499511719 -215.80165100097656 -1585.0911865234375
v 109.93595123291016 -212.14239501953125 -1551.319580078125
v 109.49595642089844 -211.2606658935547 -1547.3739013671875
v 108.34535217285156 -211.72276306152344 -1538.463134765625
v -85.80462646484375 -236.8516387939453 -1678.0235595703125
v -87.21715545654297 -237.22494506835938 -1673.468994140625
v -89.36924743652344 -238.35897827148438 -1666.4417724609375
v -86.94448852539062 -238.3915557861328 -1661.5367431640625
v -95.16571044921875 -237.9402313232422 -1655.985107421875
v -89.98822784423828 -237.344970703125 -1659.7794189453125
v -97.82807159423828 -236.94769287109375 -1654.6339111328125
v -98.54756164550781 -236.49188232421875 -1651.76416015625
v -96.51720428466797 -235.30653381347656 -1649.1409912109375
v -95.51081848144531 -236.12747192382812 -1645.369873046875
v -95.5859146118164 -236.41104125976562 -1640.6085205078125
v -99.22789764404297 -235.4790496826172 -1638.871337890625
v -102.80435943603516 -234.3146209716797 -1636.0596923828125
v -98.44319152832031 -236.28155517578125 -1637.0665283203125
v -95.63771057128906 -239.51710510253906 -1632.53466796875
v -90.13029479980469 -242.31106567382812 -1625.3486328125
v -97.1804428100586 -239.80186462402344 -1621.9195556640625
v -99.94715881347656 -239.2349853515625 -1621.1685791015625
v -100.55366516113281 -240.40530395507812 -1616.5501708984375
v -96.93132781982422 -241.22203063964844 -1612.858154296875
v -101.54815673828125 -239.29327392578125 -1608.332275390625
v -103.78996276855469 -238.11383056640625 -1609.304443359375
v -104.51705169677734 -234.4789581298828 -1606.35791015625
v -105.39572143554688 -235.1350555419922 -1602.1611328125
v -101.33440399169922 -235.0652618408203 -1597.783203125
v -102.91449737548828 -234.65240478515625 -1592.3009033203125
v -105.26527404785156 -234.0838623046875 -1589.966552734375
v -102.97554016113281 -235.88980102539062 -1586.3084716796875
v -98.8056869506836 -237.27810668945312 -1583.6280517578125
v -98.3598861694336 -237.21572875976562 -1579.9320068359375
v -107.32656860351562 -235.25811767578125 -1575.799560546875
v -93.10099792480469 -237.2989501953125 -1575.4571533203125
v -98.28683471679688 -236.46018981933594 -1570.7508544921875
v -101.4698257446289 -235.47686767578125 -1568.9476318359375
v -99.27525329589844 -236.1793975830078 -1565.21630859375
v -105.30581665039062 -235.4178466796875 -1564.22705078125
v -108.3248519897461 -236.7117462158203 -1559.493896484375
v -108.56580352783203 -235.980224609375 -1555.7911376953125
v -111.16658782958984 -236.58082580566406 -1552.6881103515625
v -117.78380584716797 -233.9530487060547 -1552.5081787109375
v -113.38809967041016 -235.5297088623047 -1549.909912109375
v -114.79425048828125 -232.02224731445312 -1546.280517578125
v -116.79029846191406 -230.8926544189453 -1545.69482421875
v -115.17993927001953 -230.45407104492188 -1541.6116943359375
v -113.9181900024414 -231.11402893066406 -1540.1988525390625
v -113.70380401611328 -228.7696533203125 -1536.51806640625
v -113.70299530029297 -231.98915100097656 -1534.846923828125
v -112.9441146850586 -233.7863006591797 -1534.07958984375
v -114.29802703857422 -235.1935272216797 -1530.710693359375
v -116.5836410522461 -234.92401123046875 -1526.1800537109375
v -112.91954803466797 -235.33653259277344 -1516.6756591796875
v -111.06873321533203 -233.95252990722656 -1512.7406005859375
v 108.77127838134766 -244.62217712402344 -1508.665771484375
v 107.77782440185547 -248.37689208984375 -1504.0107421875
v 107.55604553222656 -246.19766235351562 -1499.7528076171875
v 105.22285461425781 -243.7683563232422 -1490.963134765625
v 101.0657730102539 -259.26629638671875 -1476.159423828125
v 25.668455123901367 -297.5979919433594 -1362.0367431640625
v -8.692676544189453 -312.1231689453125 -1366.751220703125
v -0.10944297164678574 -305.2128601074219 -1361.506103515625
v 6.733621120452881 -303.0016174316406 -1362.1568603515625
v -5.8334832191467285 -307.11053466796875 -1359.350341796875
v 14.416421890258789 -298.29510498046875 -1356.53466796875
v 18.035255432128906 -295.82525634765625 -1356.308837890625
v 97.76514434814453 -252.85842895507812 -1464.8763427734375
v 94.12783813476562 -250.96055603027344 -1452.89794921875
v 90.83427429199219 -249.73399353027344 -1444.3570556640625
v 87.38536834716797 -246.4202880859375 -1433.9873046875
v 86.97245025634766 -243.05711364746094 -1430.3460693359375
v 86.0807113647461 -242.76100158691406 -1427.6768798828125
v 85.47254180908203 -247.46690368652344 -1426.708251953125
v 80.57544708251953 -267.4543151855469 -1422.6685791015625
v 79.85426330566406 -258.7697448730469 -1413.82470703125
v 81.37421417236328 -246.14840698242188 -1416.5662841796875
v 74.19338989257812 -265.6830139160156 -1406.9993896484375
v 72.82242584228516 -273.7484130859375 -1410.058837890625
v 71.15239715576172 -268.9393005371094 -1401.545654296875
v 68.6256103515625 -265.66436767578125 -1392.3511962890625
v 69.32798767089844 -255.1809539794922 -1383.4560546875
v 58.5765495300293 -277.2970275878906 -1383.1527099609375
v 51.52465057373047 -282.4044494628906 -1374.3104248046875
v 42.4279899597168 -287.8381652832031 -1365.9661865234375
v 28.04570198059082 -292.53887939453125 -1357.53955078125
v 33.66816711425781 -288.14227294921875 -1357.1331787109375
v -106.74829864501953 -234.30091857910156 -1506.1497802734375
v -111.27571105957031 -232.78717041015625 -1499.0029296875
v -116.86672973632812 -231.88392639160156 -1500.072509765625
v -114.19709777832031 -231.40887451171875 -1496.6219482421875
v -113.15335845947266 -231.66033935546875 -1493.2728271484375
v -120.32040405273438 -227.29107666015625 -1490.0672607421875
v -121.1396484375 -227.32415771484375 -1486.336181640625
v -118.59870910644531 -228.4657440185547 -1480.682861328125
v -124.30738830566406 -225.11517333984375 -1478.240234375
v -122.88372802734375 -226.3765106201172 -1475.2630615234375
v -122.3292465209961 -226.296142578125 -1472.587646484375
v -121.71353912353516 -222.83999633789062 -1469.68115234375
v -121.8126449584961 -221.4291534423828 -1468.4561767578125
v -120.39218139648438 -221.04324340820312 -1467.084716796875
v -120.68632507324219 -221.81224060058594 -1465.6612548828125
v -120.65958404541016 -225.57582092285156 -1465.390869140625
v -120.43531036376953 -224.55564880371094 -1465.9766845703125
v -119.92745208740234 -224.81533813476562 -1460.3436279296875
v -120.56201171875 -224.8416290283203 -1459.937255859375
v -120.40641784667969 -224.345458984375 -1457.495849609375
v -118.6259536743164 -226.8939666748047 -1454.27490234375
v -119.93939971923828 -227.19723510742188 -1453.9576416015625
v -119.56356811523438 -227.45022583007812 -1451.36962890625
v -118.09989929199219 -227.7963104248047 -1450.3115234375
v -116.92131042480469 -230.96629333496094 -1443.825927734375
v -117.79413604736328 -228.5082550048828 -1447.27001953125
v -117.28246307373047 -228.63450622558594 -1444.53564453125
v -115.87104797363281 -230.3214569091797 -1438.4739990234375
v -115.28338623046875 -230.81980895996094 -1432.9432373046875
v -115.2383804321289 -227.91213989257812 -1427.630126953125
v -113.47471618652344 -231.06326293945312 -1419.819091796875
v -109.59358215332031 -243.03701782226562 -1419.57861328125
v -107.94458770751953 -243.84295654296875 -1414.2178955078125
v -104.3765869140625 -254.88162231445312 -1411.8448486328125
v -102.5705337524414 -256.6564636230469 -1410.0697021484375
v -98.70697021484375 -256.9306945800781 -1403.999267578125
v -96.6086654663086 -261.01593017578125 -1403.81884765625
v -92.2955093383789 -268.4701232910156 -1395.9356689453125
v -96.19783782958984 -259.3614196777344 -1400.981689453125
v -94.48690032958984 -259.99920654296875 -1392.315673828125
v -94.15591430664062 -255.57183837890625 -1383.5013427734375
v -89.04176330566406 -267.35406494140625 -1385.3685302734375
v -91.0192642211914 -259.61590576171875 -1380.13818359375
v -82.366943359375 -270.9241027832031 -1379.030029296875
v -80.36141967773438 -270.70037841796875 -1374.5953369140625
v -76.83052062988281 -272.165771484375 -1363.4918212890625
v -73.98027038574219 -271.70477294921875 -1357.701171875
v -67.73841857910156 -280.09820556640625 -1356.7147216796875
v -12.71323013305664 -302.7374267578125 -1352.1353759765625
v -19.423458099365234 -297.84539794921875 -1346.1549072265625
v -27.116275787353516 -296.8222351074219 -1345.9815673828125
v -52.179603576660156 -287.099853515625 -1348.450927734375
v -38.93162536621094 -288.5584411621094 -1343.338623046875
v -60.96952438354492 -283.2940368652344 -1353.2740478515625
v -55.485687255859375 -281.12554931640625 -1346.432861328125
v -59.667388916015625 -277.8506164550781 -1347.8551025390625
v 10.308028221130371 -259.66754150390625 -1747.9287109375
v -2.595747232437134 -217.65228271484375 -1789.336181640625
v -11.290740013122559 -212.67906188964844 -1790.0362548828125
v -8.516067504882812 -213.64486694335938 -1790.126220703125
v 0.4970785677433014 -220.88633728027344 -1788.5362548828125
v 4.06095552444458 -223.0623321533203 -1785.2159423828125
v 5.39285945892334 -224.68997192382812 -1784.5960693359375
v 7.9982709884643555 -226.01568603515625 -1781.8558349609375
v 11.149502754211426 -231.9072265625 -1778.7257080078125
v 14.085494041442871 -236.63079833984375 -1774.1953125
v 18.350309371948242 -240.0404815673828 -1771.8150634765625
v 9.407593727111816 -227.75527954101562 -1781.5758056640625
v 11.967331886291504 -228.745849609375 -1782.075927734375
v -6.212038516998291 -213.67449951171875 -1788.7060546875
v -8.36085033416748 -210.77198791503906 -1786.915771484375
v -8.881880760192871 -209.13775634765625 -1786.7958984375
v -10.942676544189453 -208.1653289794922 -1787.73583984375
v -9.697673797607422 -208.40646362304688 -1788.3157958984375
v -11.864880561828613 -207.13729858398438 -1786.3455810546875
v -11.482218742370605 -207.58035278320312 -1784.9554443359375
v -9.888387680053711 -208.5268096923828 -1783.7054443359375
v -7.995832920074463 -210.41107177734375 -1774.4945068359375
v -13.146017074584961 -209.38668823242188 -1775.0245361328125
v -14.644440650939941 -208.6060028076172 -1776.414794921875
v -16.65743637084961 -206.22752380371094 -1775.9344482421875
v -19.31578254699707 -204.5061492919922 -1775.6844482421875
v -12.777620315551758 -210.7220001220703 -1773.724365234375
v -15.21753978729248 -214.7526397705078 -1772.093994140625
v -18.029197692871094 -216.96218872070312 -1770.363525390625
v -23.674842834472656 -217.55909729003906 -1768.85302734375
v -27.7189884185791 -218.54183959960938 -1766.12939453125
v -31.86698341369629 -217.60287475585938 -1764.1795654296875
v -34.579444885253906 -219.9048614501953 -1759.1395263671875
v -37.116878509521484 -218.8514404296875 -1757.0596923828125
v -39.53334426879883 -218.3807373046875 -1752.9395751953125
v -45.26322937011719 -221.7178497314453 -1748.8089599609375
v -39.26436996459961 -219.0002899169922 -1751.6297607421875
v -39.42179489135742 -221.4070587158203 -1747.5997314453125
v -40.27259063720703 -222.4400634765625 -1746.9296875
v -55.17472839355469 -218.81285095214844 -1745.3731689453125
v -49.53057861328125 -217.5603485107422 -1745.62890625
v -45.98287582397461 -221.7281036376953 -1747.0389404296875
v -40.52410125732422 -224.41519165039062 -1738.90966796875
v -46.369205474853516 -221.1247100830078 -1741.708984375
v -43.933738708496094 -220.7112274169922 -1737.010009765625
v -42.81893539428711 -220.209228515625 -1731.28125
v -41.417510986328125 -224.30369567871094 -1729.310791015625
v -39.19580841064453 -225.66802978515625 -1728.5711669921875
v -37.08401107788086 -227.67750549316406 -1724.162353515625
v -45.72163391113281 -225.02346801757812 -1723.999267578125
v -40.78729248046875 -227.3293914794922 -1722.48095703125
v -45.977203369140625 -225.25314331054688 -1722.8192138671875
v -67.28823852539062 -230.5467987060547 -1721.6004638671875
v -74.31958770751953 -229.37344360351562 -1720.953857421875
v -45.35698699951172 -228.9630889892578 -1719.7779541015625
v -60.4177131652832 -229.5037384033203 -1720.144287109375
v -55.052940368652344 -231.03321838378906 -1717.85546875
v -43.034000396728516 -230.275146484375 -1716.819091796875
v -49.21814727783203 -231.88046264648438 -1713.610107421875
v -70.86112213134766 -230.55284118652344 -1716.263916015625
v -74.05024719238281 -230.5412139892578 -1708.5684814453125
v -78.07373046875 -229.5620880126953 -1708.7310791015625
v -76.54521942138672 -230.55850219726562 -1706.8687744140625
v -75.55237579345703 -233.72872924804688 -1703.864013671875
v -67.87267303466797 -236.3005828857422 -1700.10546875
v -71.65774536132812 -236.54330444335938 -1695.081298828125
v -76.50054168701172 -236.53634643554688 -1693.8037109375
v -77.45963287353516 -236.11558532714844 -1688.98046875
v -74.20401763916016 -235.4939422607422 -1685.36572265625
v -73.740234375 -237.33761596679688 -1681.417724609375
v -75.87654113769531 -239.12774658203125 -1675.455810546875
v 23.390047073364258 -274.1162109375 -1708.5067138671875
v 24.84943199157715 -273.1457214355469 -1708.636962890625
v 24.941987991333008 -271.0072937011719 -1708.90576171875
v 23.53607940673828 -268.3807678222656 -1709.9046630859375
v 22.915145874023438 -269.7848815917969 -1708.203369140625
v 21.25345802307129 -269.7226257324219 -1709.72412109375
v 21.148683547973633 -270.1792297363281 -1711.0157470703125
v 54.970703125 -254.46957397460938 -1756.00439453125
v 38.350521087646484 -241.36184692382812 -1770.17529296875
v 32.363365173339844 -238.3462371826172 -1774.185546875
v 30.98695182800293 -242.4359893798828 -1770.17529296875
v 23.155296325683594 -243.60043334960938 -1768.11474609375
v 43.96372604370117 -243.0217742919922 -1768.4952392578125
v 47.12250900268555 -245.69410705566406 -1765.84521484375
v 52.58169174194336 -248.38824462890625 -1760.4345703125
v 58.9074821472168 -251.2086639404297 -1753.433837890625
v 58.056861877441406 -242.8001708984375 -1755.1739501953125
v 59.91181564331055 -235.20619201660156 -1750.2430419921875
v 57.828731536865234 -226.27125549316406 -1749.052978515625
v 58.30574417114258 -219.52749633789062 -1743.9527587890625
v 62.97456359863281 -219.20057678222656 -1734.998779296875
v 63.91706466674805 -219.16334533691406 -1732.5706787109375
v 66.86539459228516 -222.5468292236328 -1729.1878662109375
v 67.5129623413086 -223.16384887695312 -1727.54638671875
v 72.22732543945312 -224.0957794189453 -1720.9315185546875
v 67.59458923339844 -223.16844177246094 -1726.7054443359375
v 72.13092041015625 -220.5620574951172 -1717.9190673828125
v 73.92454528808594 -220.73721313476562 -1714.796630859375
v 75.94011688232422 -221.26670837402344 -1711.4638671875
v 77.65702056884766 -220.19894409179688 -1708.071533203125
v 77.73380279541016 -218.94439697265625 -1706.009765625
v 78.26958465576172 -219.12960815429688 -1705.1090087890625
v 76.32614135742188 -222.0535430908203 -1703.75146484375
v 75.92025756835938 -224.759521484375 -1700.8826904296875
v 82.67900085449219 -223.8636474609375 -1699.0994873046875
v 84.0675277709961 -224.18927001953125 -1695.4332275390625
v 84.46805572509766 -223.8507080078125 -1692.148193359375
v 85.65676879882812 -222.50645446777344 -1689.742919921875
v 84.55884552001953 -220.5197296142578 -1686.642333984375
v 86.19693756103516 -219.74542236328125 -1686.2451171875
v 83.86744689941406 -220.0331573486328 -1684.798095703125
v 85.34613037109375 -225.5602264404297 -1682.113037109375
v 88.18616485595703 -226.86679077148438 -1680.6370849609375
v 89.94004821777344 -228.3119659423828 -1677.2987060546875
v 87.169921875 -231.4569854736328 -1674.3748779296875
v 87.93307495117188 -230.6260528564453 -1670.4007568359375
v 89.57942199707031 -230.684326171875 -1670.3309326171875
v 87.02606201171875 -230.11624145507812 -1668.452880859375
v 85.54967498779297 -229.9031219482422 -1664.833984375
v 86.10499572753906 -231.4802703857422 -1662.331298828125
v 88.76158142089844 -233.01722717285156 -1659.31787109375
v 92.93323516845703 -233.6687774658203 -1651.8575439453125
v 96.73887634277344 -234.62586975097656 -1651.693603515625
v 98.23774719238281 -233.9445037841797 -1649.941162109375
v 106.7372817993164 -221.74871826171875 -1512.357421875
v 106.5527114868164 -227.29454040527344 -1507.998779296875
v 106.04869842529297 -210.3123321533203 -1530.1336669921875
v 104.81412506103516 -209.0636444091797 -1528.45751953125
v 102.8239517211914 -208.8428497314453 -1518.96923828125
v 103.88626861572266 -216.31564331054688 -1510.51123046875
v 92.88988494873047 -233.53184509277344 -1650.9383544921875
v 95.60505676269531 -233.19361877441406 -1646.552734375
v 97.30490112304688 -232.0574188232422 -1643.0267333984375
v 98.59977722167969 -229.7501220703125 -1639.2244873046875
v 100.6799087524414 -228.10145568847656 -1636.601806640625
v 99.5554428100586 -230.45887756347656 -1632.595947265625
v 97.19613647460938 -231.8745880126953 -1631.1500244140625
v 98.21293640136719 -230.35504150390625 -1627.89794921875
v 98.05949401855469 -229.0171356201172 -1623.30078125
v 100.09589385986328 -228.68951416015625 -1619.562255859375
v 99.082763671875 -226.7239227294922 -1616.0697021484375
v 98.44140625 -226.76052856445312 -1615.191650390625
v 100.0216064453125 -225.67276000976562 -1613.826904296875
v 101.41614532470703 -224.9963836669922 -1611.426025390625
v 100.98270416259766 -226.5151824951172 -1609.9793701171875
v 100.34239196777344 -226.91380310058594 -1607.570068359375
v 97.5049057006836 -227.04791259765625 -1605.4622802734375
v 101.19488525390625 -224.62521362304688 -1603.1082763671875
v 98.89000701904297 -223.44813537597656 -1601.02685546875
v 98.4721450805664 -223.2960968017578 -1600.10986328125
v 99.0025634765625 -225.2338104248047 -1596.6962890625
v 98.90599060058594 -225.30154418945312 -1594.35302734375
v 103.33345794677734 -221.177734375 -1593.0445556640625
v 100.9016342163086 -221.8767852783203 -1586.4644775390625
v 103.3313217163086 -211.42758178710938 -1577.74072265625
v 104.20325469970703 -206.1351318359375 -1579.159912109375
v 105.8167495727539 -205.38327026367188 -1580.8111572265625
v 105.55724334716797 -203.75274658203125 -1577.655517578125
v 104.87108612060547 -203.2370147705078 -1574.3778076171875
v 106.02879333496094 -203.718505859375 -1570.8984375
v 107.58222961425781 -204.96847534179688 -1569.0269775390625
v 108.92942810058594 -207.22421264648438 -1564.80615234375
v 109.86339569091797 -210.0989532470703 -1560.4334716796875
v 109.58660125732422 -210.98928833007812 -1557.0462646484375
v 109.2735824584961 -210.70074462890625 -1553.9224853515625
v 104.06150817871094 -217.20603942871094 -1583.1300048828125
v 108.6977310180664 -211.41317749023438 -1551.334716796875
v 108.40642547607422 -212.16786193847656 -1549.5992431640625
v 108.31298828125 -210.78427124023438 -1545.5079345703125
v 108.63754272460938 -211.13040161132812 -1542.2012939453125
v 107.47090148925781 -210.02578735351562 -1539.4801025390625
v -79.87060546875 -239.31829833984375 -1671.0389404296875
v -84.27940368652344 -238.51864624023438 -1667.772216796875
v -81.62752532958984 -238.25364685058594 -1663.617919921875
v -84.09558868408203 -237.44232177734375 -1658.7230224609375
v -87.10885620117188 -236.3787078857422 -1657.025634765625
v -92.20587921142578 -236.99949645996094 -1652.8929443359375
v -90.16117858886719 -236.39981079101562 -1651.228759765625
v -90.32852172851562 -237.15365600585938 -1648.4559326171875
v -88.69464111328125 -240.05984497070312 -1643.5601806640625
v -89.24183654785156 -240.5352325439453 -1640.22705078125
v -89.67935943603516 -240.1315155029297 -1636.37646484375
v -92.19622039794922 -239.40402221679688 -1635.4339599609375
v -89.7726821899414 -241.26437377929688 -1630.8359375
v -86.4883804321289 -242.36703491210938 -1627.1080322265625
v -86.87677001953125 -242.37667846679688 -1620.647705078125
v -88.25244903564453 -241.9022674560547 -1617.488037109375
v -91.6495590209961 -241.254638671875 -1616.73046875
v -97.00787353515625 -241.3588104248047 -1615.776123046875
v -93.30150604248047 -241.19131469726562 -1612.5693359375
v -95.60213470458984 -240.06375122070312 -1608.162353515625
v -98.16844177246094 -240.12551879882812 -1607.6146240234375
v -101.21180725097656 -236.95469665527344 -1605.216064453125
v -102.829833984375 -235.8727264404297 -1604.7320556640625
v -102.92969512939453 -235.96510314941406 -1601.425537109375
v -95.33928680419922 -236.0690155029297 -1599.200439453125
v -98.21142578125 -236.05332946777344 -1593.681396484375
v -100.59278106689453 -237.41403198242188 -1589.0321044921875
v -97.53043365478516 -238.3491668701172 -1585.863037109375
v -94.55487823486328 -237.31402587890625 -1580.447021484375
v -89.85591125488281 -237.26235961914062 -1575.9041748046875
v -81.55804443359375 -237.0848388671875 -1569.6351318359375
v -93.39933013916016 -237.41738891601562 -1569.3382568359375
v -80.21150207519531 -237.12722778320312 -1563.895263671875
v -91.38900756835938 -238.16473388671875 -1564.81396484375
v -89.14466094970703 -237.70477294921875 -1557.0875244140625
v -102.9546127319336 -236.77809143066406 -1556.25
v -94.10578918457031 -237.18284606933594 -1559.8128662109375
v -97.87974548339844 -236.48484802246094 -1557.0037841796875
v -104.2254867553711 -235.98313903808594 -1552.8414306640625
v -99.934326171875 -236.76429748535156 -1548.5489501953125
v -108.48995208740234 -236.66993713378906 -1547.2674560546875
v -102.20590209960938 -236.71205139160156 -1546.2392578125
v -111.18989562988281 -234.6929168701172 -1545.163330078125
v -113.20851135253906 -231.02227783203125 -1543.41064453125
v -111.32879638671875 -234.1869354248047 -1543.010498046875
v -112.93590545654297 -233.2281951904297 -1539.73779296875
v -111.42864990234375 -235.162353515625 -1537.0025634765625
v -112.0728759765625 -234.5546112060547 -1533.12841796875
v -108.6473159790039 -234.88943481445312 -1532.1629638671875
v -104.5265121459961 -236.37103271484375 -1527.3701171875
v -108.02477264404297 -236.3529052734375 -1522.658935546875
v -106.07355499267578 -236.286865234375 -1514.622802734375
v -102.06686401367188 -236.610107421875 -1510.26806640625
v 105.124267578125 -231.10983276367188 -1499.6405029296875
v 104.7426528930664 -236.88699340820312 -1490.83203125
v 103.71761322021484 -241.8291015625 -1485.4249267578125
v 101.29398345947266 -249.24342346191406 -1475.863525390625
v 1.0210126638412476 -298.9640197753906 -1355.6099853515625
v -6.465190887451172 -303.21368408203125 -1354.583251953125
v 7.307431221008301 -297.2349853515625 -1355.2652587890625
v 1.2756268978118896 -290.65411376953125 -1347.77197265625
v 13.445734977722168 -290.98211669921875 -1349.8746337890625
v 20.968299865722656 -289.4366149902344 -1351.5384521484375
v 99.2457504272461 -240.518310546875 -1471.6143798828125
v 96.45689392089844 -244.23443603515625 -1462.041015625
v 92.0893783569336 -235.97959899902344 -1450.05029296875
v 89.72329711914062 -241.96617126464844 -1443.6612548828125
v 86.9120101928711 -237.62249755859375 -1438.9677734375
v 86.4939956665039 -236.98806762695312 -1436.7379150390625
v 85.99751281738281 -233.8613739013672 -1434.6243896484375
v 85.9067153930664 -233.86346435546875 -1429.4805908203125
v 86.00144958496094 -236.6604766845703 -1423.5982666015625
v 85.038818359375 -236.4247589111328 -1420.0498046875
v 84.69725036621094 -240.69129943847656 -1420.9503173828125
v 79.02430725097656 -252.61378479003906 -1408.8375244140625
v 77.7371826171875 -259.1279602050781 -1409.7252197265625
v 80.84970092773438 -238.68983459472656 -1406.517822265625
v 72.7502670288086 -258.2941589355469 -1400.1204833984375
v 72.73873138427734 -253.39292907714844 -1391.497802734375
v 73.08587646484375 -247.59669494628906 -1386.421142578125
v 63.53191375732422 -264.1302490234375 -1381.3614501953125
v 67.45907592773438 -251.32432556152344 -1375.7908935546875
v 57.11812973022461 -271.4413757324219 -1374.3880615234375
v 53.58442306518555 -271.3765563964844 -1367.389892578125
v 47.79175567626953 -280.5350036621094 -1366.5643310546875
v 43.032188415527344 -280.05731201171875 -1359.37158203125
v 28.950572967529297 -284.7498779296875 -1351.50439453125
v 37.27810287475586 -279.5306396484375 -1353.2685546875
v -101.90188598632812 -235.58265686035156 -1506.50146484375
v -101.86494445800781 -234.3577880859375 -1502.6224365234375
v -103.84502410888672 -233.9825897216797 -1495.7867431640625
v -105.64570617675781 -230.52215576171875 -1492.32177734375
v -110.3857650756836 -230.3071746826172 -1490.351318359375
v -114.26123809814453 -228.29811096191406 -1488.714111328125
v -116.3569107055664 -226.6562042236328 -1487.4542236328125
v -119.3297348022461 -227.41592407226562 -1486.975830078125
v -116.90393829345703 -228.3116455078125 -1482.42431640625
v -114.07376098632812 -230.37191772460938 -1480.3336181640625
v -117.00482177734375 -230.0171356201172 -1474.6031494140625
v -119.97379302978516 -229.0851593017578 -1474.6607666015625
v -118.3978042602539 -229.40614318847656 -1472.3643798828125
v -119.15425872802734 -228.14981079101562 -1471.220703125
v -119.218505859375 -222.9656219482422 -1468.4473876953125
v -118.64918518066406 -222.93031311035156 -1466.56787109375
v -119.61880493164062 -221.81771850585938 -1465.778076171875
v -118.49694061279297 -226.36209106445312 -1466.325927734375
v -118.76466369628906 -225.31863403320312 -1466.833251953125
v -112.67032623291016 -229.0107421875 -1464.2391357421875
v -116.70723724365234 -227.14151000976562 -1460.4920654296875
v -115.65575408935547 -229.14895629882812 -1456.736328125
v -113.31140899658203 -231.14476013183594 -1446.909423828125
v -115.66452026367188 -229.1798095703125 -1443.779052734375
v -116.34619903564453 -229.38856506347656 -1443.0643310546875
v -116.17180633544922 -229.4451904296875 -1440.2462158203125
v -114.59614562988281 -229.22756958007812 -1438.5115966796875
v -115.40080261230469 -229.192138671875 -1438.0118408203125
v -115.52142333984375 -228.43942260742188 -1435.55126953125
v -114.8419418334961 -228.87167358398438 -1432.9725341796875
v -114.6199722290039 -227.71548461914062 -1429.9156494140625
v -114.552978515625 -225.3083953857422 -1424.9708251953125
v -114.45999908447266 -224.24916076660156 -1421.941162109375
v -114.03195190429688 -223.28213500976562 -1416.10107421875
v -109.43549346923828 -230.55572509765625 -1405.3056640625
v -106.23674011230469 -244.96383666992188 -1405.608642578125
v -103.215576171875 -245.92922973632812 -1396.8779296875
v -102.01225280761719 -251.7747039794922 -1402.3499755859375
v -98.54270935058594 -251.93495178222656 -1393.21826171875
v -98.93148040771484 -245.01625061035156 -1385.7286376953125
v -92.95645141601562 -250.58004760742188 -1374.2176513671875
v -83.30792999267578 -267.717529296875 -1377.1038818359375
v -89.63886260986328 -256.8974914550781 -1373.3240966796875
v -82.84468078613281 -261.9102478027344 -1366.086669921875
v -81.85043334960938 -259.6076354980469 -1361.5787353515625
v -76.96875 -264.5369567871094 -1356.6982421875
v -72.67195129394531 -268.04937744140625 -1353.50390625
v -68.29743957519531 -274.6961975097656 -1353.09326171875
v -63.50693893432617 -278.1303405761719 -1351.096923828125
v -7.2228288650512695 -298.6380310058594 -1349.9454345703125
v -13.653156280517578 -298.5025939941406 -1347.724853515625
v -21.295269012451172 -291.37921142578125 -1342.453369140625
v -27.788673400878906 -291.4590148925781 -1342.278076171875
v -45.98357391357422 -283.22845458984375 -1342.70751953125
v -33.28097915649414 -283.0362243652344 -1338.6280517578125
v -51.99591064453125 -277.696044921875 -1342.8046875
v -67.09503173828125 -267.2967834472656 -1347.9189453125
v -52.485595703125 -272.1342468261719 -1340.981689453125
v -0.5985010862350464 -218.64813232421875 -1786.615966796875
v 3.70367431640625 -222.47467041015625 -1782.2857666015625
v 7.623667240142822 -225.18899536132812 -1780.3355712890625
v 9.248151779174805 -225.7742462158203 -1781.2056884765625
v 16.637794494628906 -231.08636474609375 -1778.6856689453125
v 22.24755859375 -232.8108367919922 -1778.7457275390625
v 27.51645278930664 -231.64476013183594 -1780.4359130859375
v 12.057890892028809 -225.54443359375 -1783.7559814453125
v 14.54967212677002 -225.1130828857422 -1785.26611328125
v 18.099964141845703 -228.81851196289062 -1781.4259033203125
v -2.9957094192504883 -216.24119567871094 -1778.025146484375
v -8.507746696472168 -209.8650665283203 -1784.515625
v -9.375085830688477 -204.76239013671875 -1789.8358154296875
v -7.656211853027344 -202.0506591796875 -1790.2657470703125
v -7.696005821228027 -204.552978515625 -1786.8355712890625
v -9.06265926361084 -207.90487670898438 -1784.445556640625
v -11.118182182312012 -201.94100952148438 -1789.9857177734375
v -12.671026229858398 -203.86676025390625 -1786.735595703125
v -12.357316970825195 -204.4329376220703 -1785.0455322265625
v -9.31839656829834 -206.28497314453125 -1783.1153564453125
v -5.855652809143066 -212.3096923828125 -1775.24462890625
v -8.13831901550293 -210.95509338378906 -1773.4144287109375
v -2.4394240379333496 -216.8871612548828 -1769.303955078125
v -5.253091335296631 -214.01222229003906 -1770.674072265625
v -9.151734352111816 -213.3602294921875 -1770.6038818359375
v -6.799441814422607 -215.99928283691406 -1766.01318359375
v -11.439257621765137 -217.95323181152344 -1766.032958984375
v -21.07705307006836 -218.14260864257812 -1767.883056640625
v -24.32417869567871 -219.481201171875 -1765.372314453125
v -25.946090698242188 -220.9521484375 -1763.1114501953125
v -25.906391143798828 -222.30953979492188 -1759.900390625
v -31.140605926513672 -223.18798828125 -1753.4498291015625
v -35.18070983886719 -221.40902709960938 -1754.3297119140625
v -36.907894134521484 -219.1340789794922 -1748.460205078125
v -40.89308547973633 -223.4209442138672 -1745.08935546875
v -38.4547119140625 -219.33424377441406 -1749.60986328125
v -36.984947204589844 -219.36474609375 -1746.7203369140625
v -34.532981872558594 -222.80108642578125 -1744.9403076171875
v -35.33625411987305 -223.9813995361328 -1744.3702392578125
v -38.040252685546875 -225.6181182861328 -1739.429931640625
v -43.17325973510742 -221.5993194580078 -1738.52978515625
v -37.477516174316406 -223.7678680419922 -1735.531005859375
v -41.10647964477539 -219.29222106933594 -1734.681396484375
v -39.44837188720703 -222.69244384765625 -1735.9207763671875
v -40.86173629760742 -221.07205200195312 -1730.581787109375
v -39.823204040527344 -224.0879669189453 -1730.211181640625
v -37.88198471069336 -225.45462036132812 -1731.6209716796875
v -37.09967041015625 -226.43447875976562 -1727.112060546875
v -33.66325759887695 -226.21817016601562 -1725.084228515625
v -29.742300033569336 -227.61080932617188 -1721.5272216796875
v -33.65691375732422 -228.55772399902344 -1721.394775390625
v -39.94341278076172 -228.54930114746094 -1719.3917236328125
v -42.88764572143555 -227.5448760986328 -1720.820068359375
v -63.425086975097656 -230.73646545410156 -1715.8177490234375
v -56.51454162597656 -231.93783569335938 -1714.5889892578125
v -38.32969284057617 -229.18820190429688 -1716.0936279296875
v -45.269989013671875 -232.91004943847656 -1710.576416015625
v -39.97978973388672 -231.94215393066406 -1710.9521484375
v -53.004478454589844 -231.85009765625 -1712.159912109375
v -49.66794967651367 -233.52984619140625 -1707.952880859375
v -57.268768310546875 -231.79335021972656 -1708.5142822265625
v -64.40888977050781 -231.71621704101562 -1708.781982421875
v -64.9199447631836 -232.21458435058594 -1707.5989990234375
v -68.06736755371094 -234.6644744873047 -1703.739013671875
v -63.419185638427734 -235.78392028808594 -1698.6951904296875
v -67.10877227783203 -237.2089385986328 -1694.621826171875
v -65.04674530029297 -236.6128387451172 -1689.6553955078125
v -67.39029693603516 -236.3679656982422 -1686.13916015625
v -72.71019744873047 -235.59803771972656 -1689.27783203125
v -62.355037689208984 -237.91958618164062 -1681.6397705078125
v -67.40353393554688 -237.63487243652344 -1680.293701171875
v -70.40687561035156 -238.4077606201172 -1678.0750732421875
v -72.22473907470703 -239.47979736328125 -1671.5709228515625
v 23.226224899291992 -272.14898681640625 -1710.22705078125
v 24.326257705688477 -270.8657531738281 -1710.6072998046875
v 23.76133918762207 -266.62762451171875 -1712.1365966796875
v 22.497377395629883 -263.6789245605469 -1714.517578125
v 21.429269790649414 -265.5687255859375 -1712.7657470703125
v 20.39097023010254 -266.32098388671875 -1713.9066162109375
v 21.68007469177246 -269.2767639160156 -1713.03759765625
v 39.72134780883789 -234.82330322265625 -1772.4154052734375
v 42.80451583862305 -236.947509765625 -1770.8953857421875
v 33.157779693603516 -234.88604736328125 -1776.0755615234375
v 28.450437545776367 -235.3577423095703 -1776.595703125
v 46.5598030090332 -240.98941040039062 -1767.795166015625
v 51.406070709228516 -242.68069458007812 -1763.644775390625
v 55.2204475402832 -246.3314971923828 -1758.334228515625
v 55.6713752746582 -240.52357482910156 -1757.8240966796875
v 52.5663948059082 -239.57835388183594 -1762.1944580078125
v 52.775333404541016 -230.91290283203125 -1758.3739013671875
v 52.98270797729492 -219.81668090820312 -1752.683349609375
v 56.31698226928711 -220.2482147216797 -1748.2130126953125
v 57.04402160644531 -218.41847229003906 -1744.8729248046875
v 58.183990478515625 -216.93670654296875 -1742.1429443359375
v 59.28731918334961 -214.19248962402344 -1739.47314453125
v 62.61309051513672 -217.4875946044922 -1733.6893310546875
v 63.156002044677734 -217.96694946289062 -1732.8909912109375
v 64.88528442382812 -221.2745361328125 -1730.088134765625
v 70.84351348876953 -223.4087371826172 -1721.471435546875
v 71.20936584472656 -223.10638427734375 -1720.18017578125
v 63.08434295654297 -223.50967407226562 -1729.4957275390625
v 65.86204528808594 -225.4824676513672 -1724.6009521484375
v 69.12692260742188 -225.14517211914062 -1719.346435546875
v 70.10848236083984 -222.97171020507812 -1715.4725341796875
v 72.37470245361328 -220.44921875 -1716.6278076171875
v 75.49522399902344 -221.12904357910156 -1710.6021728515625
v 75.00778198242188 -221.8260955810547 -1705.442626953125
v 73.11566925048828 -223.50936889648438 -1702.88330078125
v 75.31842041015625 -226.03555297851562 -1700.4093017578125
v 78.25806427001953 -225.51565551757812 -1697.5391845703125
v 81.03939819335938 -225.52964782714844 -1693.376708984375
v 84.28719329833984 -223.61569213867188 -1689.622802734375
v 83.50103759765625 -223.8676300048828 -1687.19775390625
v 84.3447036743164 -224.7162628173828 -1683.1026611328125
v 83.46658325195312 -226.6389617919922 -1682.076904296875
v 82.18611907958984 -227.46090698242188 -1679.2694091796875
v 87.33177947998047 -228.5593719482422 -1678.1214599609375
v 85.49571228027344 -230.33975219726562 -1676.75244140625
v 80.22980499267578 -232.1811065673828 -1677.152587890625
v 84.71050262451172 -232.44102478027344 -1672.92333984375
v 81.79573059082031 -231.7989044189453 -1670.146484375
v 85.34017181396484 -229.75421142578125 -1668.8131103515625
v 83.34720611572266 -227.36312866210938 -1667.2060546875
v 84.93281555175781 -228.3272705078125 -1667.2982177734375
v 82.23148345947266 -231.64505004882812 -1663.9603271484375
v 85.46941375732422 -233.70343017578125 -1657.9278564453125
v 87.09427642822266 -233.03109741210938 -1659.0767822265625
v 90.90470123291016 -233.347900390625 -1653.2237548828125
v 103.70525360107422 -223.70901489257812 -1497.8182373046875
v 106.32052612304688 -209.45761108398438 -1537.00048828125
v 105.71273803710938 -209.40130615234375 -1531.582275390625
v 104.71009063720703 -208.60867309570312 -1530.485595703125
v 104.04869842529297 -208.9410858154297 -1529.178466796875
v 103.30838012695312 -208.35206604003906 -1525.0625
v 101.62434387207031 -209.10287475585938 -1520.5413818359375
v 101.28240203857422 -208.0742950439453 -1518.3131103515625
v 101.7769546508789 -208.29690551757812 -1515.9449462890625
v 99.28820037841797 -208.17642211914062 -1508.3394775390625
v 99.4749984741211 -213.77915954589844 -1496.9093017578125
v 87.66742706298828 -236.36737060546875 -1652.095458984375
v 92.00321197509766 -236.0694580078125 -1647.458251953125
v 93.9121322631836 -235.7945098876953 -1643.3109130859375
v 95.29581451416016 -234.7559356689453 -1640.901611328125
v 96.68050384521484 -232.45689392089844 -1636.8997802734375
v 94.74540710449219 -233.11996459960938 -1634.808349609375
v 91.98795318603516 -232.78428649902344 -1631.779052734375
v 92.87944793701172 -231.04652404785156 -1628.5557861328125
v 95.8705062866211 -230.30409240722656 -1627.2821044921875
v 91.98982238769531 -228.41439819335938 -1626.297119140625
v 92.57166290283203 -227.20343017578125 -1624.349609375
v 93.86576843261719 -227.65206909179688 -1623.0679931640625
v 96.34818267822266 -228.0697784423828 -1620.119873046875
v 95.9342041015625 -227.4418487548828 -1617.89892578125
v 93.48265075683594 -229.6798858642578 -1615.9342041015625
v 97.62411499023438 -228.98602294921875 -1611.61328125
v 96.48957061767578 -229.16952514648438 -1609.0030517578125
v 94.73753356933594 -228.89260864257812 -1608.0919189453125
v 92.77851104736328 -227.27618408203125 -1606.3480224609375
v 92.94139862060547 -226.5349884033203 -1604.4224853515625
v 94.29161071777344 -224.79721069335938 -1603.1700439453125
v 94.16645812988281 -224.68328857421875 -1601.153076171875
v 94.52271270751953 -226.52296447753906 -1597.6832275390625
v 90.87074279785156 -225.87814331054688 -1592.833740234375
v 100.08882904052734 -222.64520263671875 -1592.11083984375
v 94.82738494873047 -225.00588989257812 -1591.626220703125
v 97.09138488769531 -223.2223663330078 -1586.2523193359375
v 98.77374267578125 -222.1709442138672 -1584.2850341796875
v 100.72811889648438 -215.42581176757812 -1576.2723388671875
v 100.5433578491211 -205.40472412109375 -1574.7105712890625
v 96.5242691040039 -211.60330200195312 -1570.07470703125
v 103.02039337158203 -203.92576599121094 -1576.2435302734375
v 100.23514556884766 -203.86708068847656 -1572.5885009765625
v 101.17180633544922 -203.51019287109375 -1571.4964599609375
v 99.19828033447266 -204.3713836669922 -1569.896728515625
v 104.32926177978516 -205.23959350585938 -1568.8299560546875
v 107.86412811279297 -206.83428955078125 -1565.613525390625
v 108.88562774658203 -209.7510223388672 -1560.2060546875
v 109.03817749023438 -210.44741821289062 -1558.013916015625
v 99.21004486083984 -218.5360565185547 -1578.6634521484375
v 94.3388442993164 -219.3670196533203 -1572.537841796875
v 106.14433288574219 -214.78871154785156 -1553.947509765625
v 106.1077651977539 -214.678955078125 -1545.1707763671875
v 106.54944610595703 -210.8953094482422 -1540.1976318359375
v 107.5316390991211 -210.8253936767578 -1542.0565185546875
v -79.20856475830078 -239.341064453125 -1665.4749755859375
v -78.13628387451172 -237.4691162109375 -1661.9837646484375
v -81.2854995727539 -237.71475219726562 -1657.4652099609375
v -85.1222915649414 -236.77598571777344 -1655.2171630859375
v -84.4403305053711 -239.27651977539062 -1646.4979248046875
v -85.50433349609375 -241.74600219726562 -1639.8116455078125
v -84.06465911865234 -241.78488159179688 -1637.5743408203125
v -86.36962127685547 -240.6677703857422 -1634.891357421875
v -87.57074737548828 -240.8811492919922 -1632.7176513671875
v -84.45336151123047 -242.1080780029297 -1627.12890625
v -84.83763122558594 -241.78114318847656 -1623.5445556640625
v -85.60639953613281 -241.21624755859375 -1618.840576171875
v -88.90398406982422 -240.24465942382812 -1614.91943359375
v -90.47622680664062 -239.71395874023438 -1611.58154296875
v -93.65205383300781 -237.417236328125 -1606.001708984375
v -96.81175231933594 -237.75143432617188 -1605.1805419921875
v -99.12816619873047 -236.93177795410156 -1603.8857421875
v -90.38212585449219 -236.8704833984375 -1604.3291015625
v -90.30792999267578 -236.6383819580078 -1600.0587158203125
v -95.14972686767578 -236.2670440673828 -1594.4844970703125
v -98.31908416748047 -238.06497192382812 -1589.7015380859375
v -93.88109588623047 -238.2233123779297 -1589.4022216796875
v -92.40482330322266 -238.13345336914062 -1582.8173828125
v -89.5055160522461 -236.62342834472656 -1580.35546875
v -81.86222076416016 -237.12548828125 -1578.6181640625
v -77.60275268554688 -237.33514404296875 -1573.4512939453125
v -77.1658706665039 -237.64437866210938 -1568.1339111328125
v -80.7791748046875 -236.75816345214844 -1567.3935546875
v -84.76958465576172 -237.35757446289062 -1561.8875732421875
v -74.55725860595703 -239.22552490234375 -1560.4735107421875
v -78.619140625 -238.32986450195312 -1558.891357421875
v -81.58975219726562 -238.20196533203125 -1555.351318359375
v -90.89065551757812 -236.63255310058594 -1553.0462646484375
v -83.28040313720703 -237.56869506835938 -1548.860107421875
v -94.56065368652344 -237.48597717285156 -1546.40673828125
v -90.37130737304688 -237.64627075195312 -1542.8763427734375
v -98.06330871582031 -237.86598205566406 -1541.0382080078125
v -109.08255767822266 -235.81813049316406 -1544.033935546875
v -103.98934936523438 -236.0982666015625 -1543.50390625
v -102.0131607055664 -236.22776794433594 -1539.829833984375
v -104.83414459228516 -236.15139770507812 -1538.6302490234375
v -104.1031494140625 -236.38816833496094 -1534.5830078125
v -99.48961639404297 -237.22967529296875 -1528.8916015625
v -97.87295532226562 -237.48178100585938 -1516.91748046875
v -99.3746109008789 -236.8011474609375 -1514.0595703125
v -92.91236114501953 -236.32437133789062 -1509.9576416015625
v -97.10420227050781 -235.44573974609375 -1505.79638671875
v 101.78945922851562 -228.9552764892578 -1485.1427001953125
v 101.93645477294922 -237.36952209472656 -1480.4373779296875
v -0.9445464611053467 -294.4064636230469 -1349.9755859375
v 10.536593437194824 -285.4249267578125 -1345.5430908203125
v -5.207187175750732 -290.6053466796875 -1346.1932373046875
v -1.8133807182312012 -285.9429016113281 -1344.42919921875
v 18.96196174621582 -283.2584228515625 -1346.273681640625
v 97.4090347290039 -225.9926300048828 -1475.2413330078125
v 96.23938751220703 -238.08038330078125 -1465.18701171875
v 91.81510925292969 -232.0221710205078 -1453.111572265625
v 90.68569946289062 -226.43800354003906 -1448.6290283203125
v 89.66776275634766 -232.79922485351562 -1444.8602294921875
v 89.35079193115234 -224.91656494140625 -1443.5059814453125
v 88.53865814208984 -223.46182250976562 -1440.381103515625
v 86.91407012939453 -224.20962524414062 -1437.8800048828125
v 86.02627563476562 -227.7409210205078 -1433.873291015625
v 85.50508880615234 -227.05213928222656 -1430.2132568359375
v 84.78433990478516 -227.42184448242188 -1427.6868896484375
v 85.01161193847656 -230.62034606933594 -1427.0367431640625
v 85.114501953125 -228.3129425048828 -1417.123779296875
v 84.66424560546875 -233.58055114746094 -1414.9833984375
v 77.75334167480469 -250.41502380371094 -1402.8116455078125
v 82.29907989501953 -229.26040649414062 -1405.830322265625
v 75.54096221923828 -243.89205932617188 -1391.1387939453125
v 77.53179931640625 -230.6751708984375 -1393.2076416015625
v 73.37300109863281 -238.19586181640625 -1381.778076171875
v 59.27180099487305 -261.9120788574219 -1368.0177001953125
v 68.04348754882812 -242.82313537597656 -1372.4515380859375
v 62.65597915649414 -254.74417114257812 -1368.7989501953125
v 56.48356246948242 -262.8204650878906 -1364.4530029296875
v 49.19384002685547 -271.806884765625 -1361.4495849609375
v 42.623069763183594 -272.9655456542969 -1354.5225830078125
v 27.007280349731445 -279.10650634765625 -1347.77001953125
v 35.652164459228516 -274.136474609375 -1349.65576171875
v -96.5467300415039 -233.4357147216797 -1501.957763671875
v -97.74517822265625 -233.88299560546875 -1497.08984375
v -99.67818450927734 -232.7439422607422 -1492.752685546875
v -102.87580871582031 -232.31729125976562 -1486.2047119140625
v -109.0609130859375 -230.93731689453125 -1485.4432373046875
v -114.32868957519531 -226.638427734375 -1484.4853515625
v -113.3871841430664 -227.303466796875 -1483.5391845703125
v -111.12873840332031 -229.47723388671875 -1481.864990234375
v -108.8255844116211 -230.0441436767578 -1480.3575439453125
v -110.36062622070312 -230.9352264404297 -1474.468994140625
v -109.89946746826172 -230.4302215576172 -1470.53173828125
v -117.92852020263672 -226.4379425048828 -1468.41943359375
v -113.5788803100586 -228.7190704345703 -1466.467529296875
v -116.05241394042969 -228.14077758789062 -1467.637451171875
v -107.29900360107422 -228.91680908203125 -1467.6744384765625
v -102.06652069091797 -230.96762084960938 -1463.9053955078125
v -106.35877990722656 -232.44180297851562 -1457.2161865234375
v -112.26282501220703 -231.26634216308594 -1454.8480224609375
v -104.32007598876953 -235.33445739746094 -1441.7984619140625
v -110.61959838867188 -232.44052124023438 -1439.1414794921875
v -115.24729919433594 -228.2344970703125 -1436.4163818359375
v -113.92303466796875 -228.83616638183594 -1432.8353271484375
v -113.89676666259766 -226.87429809570312 -1427.607666015625
v -114.2898178100586 -223.81942749023438 -1423.087646484375
v -113.70755004882812 -223.44834899902344 -1420.81494140625
v -113.97282409667969 -220.54281616210938 -1417.2684326171875
v -112.8473892211914 -218.0012664794922 -1411.6846923828125
v -110.61175537109375 -220.64552307128906 -1404.344482421875
v -105.614013671875 -239.2873992919922 -1397.0419921875
v -109.76866912841797 -217.48806762695312 -1399.681640625
v -106.26856231689453 -227.94949340820312 -1392.64501953125
v -103.9295883178711 -236.28265380859375 -1389.2706298828125
v -99.99809265136719 -237.59262084960938 -1381.7103271484375
v -96.52931213378906 -238.82643127441406 -1374.9166259765625
v -90.41124725341797 -245.97982788085938 -1366.3095703125
v -86.11790466308594 -253.81475830078125 -1363.7740478515625
v -80.90596008300781 -254.16064453125 -1356.8150634765625
v -71.71996307373047 -259.545654296875 -1348.839599609375
v -13.903569221496582 -278.5038757324219 -1339.3326416015625
v -26.996864318847656 -278.98565673828125 -1336.9937744140625
v -42.89449691772461 -274.379638671875 -1337.685791015625
v -35.12249755859375 -280.1179504394531 -1337.683349609375
v -64.58995056152344 -260.1623229980469 -1344.089599609375
v -58.379302978515625 -257.7988586425781 -1340.6396484375
v -46.63280487060547 -262.9459533691406 -1336.901123046875
v 6.757371425628662 -226.17337036132812 -1774.48486328125
v 7.933494567871094 -226.6417694091797 -1775.215087890625
v 9.28567123413086 -225.4383544921875 -1779.2354736328125
v 11.233658790588379 -223.4943084716797 -1783.0458984375
v 10.14470386505127 -224.66542053222656 -1780.545654296875
v 23.506723403930664 -228.602294921875 -1784.5660400390625
v 26.18226432800293 -229.01300048828125 -1783.696044921875
v 31.477697372436523 -230.5170135498047 -1779.1558837890625
v 14.287781715393066 -221.82766723632812 -1786.06591796875
v 21.672691345214844 -225.94961547851562 -1786.0860595703125
v 17.2745304107666 -222.06837463378906 -1787.1761474609375
v -8.564355850219727 -202.44935607910156 -1791.6759033203125
v -7.536836624145508 -201.0926055908203 -1791.9356689453125
v -7.975171089172363 -200.1785888671875 -1790.875732421875
v -7.895341873168945 -202.46881103515625 -1787.0155029296875
v -8.57855224609375 -205.29518127441406 -1784.175537109375
v -8.709118843078613 -201.27029418945312 -1792.3558349609375
v -8.973686218261719 -200.059326171875 -1791.5457763671875
v -11.526362419128418 -201.19284057617188 -1788.5855712890625
v -12.018186569213867 -203.43502807617188 -1784.9254150390625
v 2.6281137466430664 -223.06842041015625 -1765.803466796875
v -4.110486030578613 -216.52015686035156 -1765.72314453125
v -0.8705989122390747 -220.33740234375 -1763.86279296875
v -1.9834109544754028 -218.4779510498047 -1763.522705078125
v -4.668297290802002 -216.73812866210938 -1762.2724609375
v -19.936920166015625 -219.17637634277344 -1763.5618896484375
v -11.400458335876465 -219.38368225097656 -1762.64208984375
v -20.084980010986328 -222.2249755859375 -1757.93994140625
v -23.482524871826172 -223.71473693847656 -1754.34814453125
v -26.99933433532715 -223.8966522216797 -1753.5201416015625
v -24.261402130126953 -223.72979736328125 -1748.1248779296875
v -27.752689361572266 -223.103759765625 -1747.6807861328125
v -32.29822540283203 -220.72592163085938 -1746.460693359375
v -34.109886169433594 -219.64962768554688 -1744.890869140625
v -33.362674713134766 -224.85154724121094 -1744.13037109375
v -30.602210998535156 -223.663818359375 -1745.310791015625
v -31.963132858276367 -221.34756469726562 -1745.4808349609375
v -31.848169326782227 -225.71592712402344 -1743.0205078125
v -36.07492446899414 -225.66217041015625 -1739.0103759765625
v -33.27445983886719 -224.00888061523438 -1735.6917724609375
v -36.753761291503906 -224.15188598632812 -1734.4912109375
v -39.35028076171875 -223.18472290039062 -1733.9808349609375
v -34.317256927490234 -226.48439025878906 -1729.3624267578125
v -30.545976638793945 -226.540771484375 -1725.6351318359375
v -23.217058181762695 -228.3306427001953 -1721.7764892578125
v -26.95335578918457 -228.08221435546875 -1717.970947265625
v -33.77164840698242 -228.89930725097656 -1717.0567626953125
v -34.18785858154297 -228.9947967529297 -1711.880126953125
v -34.843326568603516 -230.2403106689453 -1708.8109130859375
v -41.91657257080078 -234.04547119140625 -1703.96044921875
v -46.104881286621094 -235.05941772460938 -1702.8680419921875
v -35.18010330200195 -231.46530151367188 -1704.6934814453125
v -51.390174865722656 -235.6075439453125 -1703.376953125
v -57.3289909362793 -233.42599487304688 -1704.9522705078125
v -62.723262786865234 -234.1685333251953 -1704.6265869140625
v -60.479530334472656 -235.18577575683594 -1701.8035888671875
v -58.434303283691406 -236.5200653076172 -1696.89990234375
v -61.05650329589844 -235.9490966796875 -1692.142578125
v -57.251731872558594 -236.60467529296875 -1693.662841796875
v -60.198829650878906 -235.77322387695312 -1688.180419921875
v -62.09507751464844 -236.6721954345703 -1685.5565185546875
v -55.48689651489258 -235.3659210205078 -1689.228515625
v -53.86301040649414 -237.535888671875 -1682.4920654296875
v -51.104793548583984 -237.89744567871094 -1675.73291015625
v -64.78804779052734 -237.8605499267578 -1675.42041015625
v -60.72926330566406 -238.77212524414062 -1678.313232421875
v -66.88275146484375 -238.49668884277344 -1671.9140625
v -64.40272521972656 -237.34642028808594 -1667.0252685546875
v -74.29220581054688 -238.88296508789062 -1668.4052734375
v -68.30382537841797 -237.63876342773438 -1666.4036865234375
v 22.847126007080078 -268.0300598144531 -1714.3289794921875
v 24.128467559814453 -266.5190734863281 -1713.898681640625
v 22.992582321166992 -262.131591796875 -1717.2000732421875
v 21.550199508666992 -259.7239990234375 -1718.300048828125
v 20.45230484008789 -261.1015625 -1717.168701171875
v 19.92262077331543 -264.99737548828125 -1714.8370361328125
v 20.10961151123047 -264.2608642578125 -1717.479736328125
v 21.57573127746582 -266.7082214355469 -1715.7393798828125
v 36.391719818115234 -233.587158203125 -1774.2755126953125
v 38.41800308227539 -227.8556365966797 -1773.1051025390625
v 35.55146789550781 -231.06768798828125 -1775.2755126953125
v 46.214202880859375 -236.1848907470703 -1768.1551513671875
v 44.833213806152344 -218.27560424804688 -1762.7943115234375
v 49.737369537353516 -219.7864532470703 -1757.2637939453125
v 47.4384765625 -218.44424438476562 -1758.9139404296875
v 47.41301345825195 -218.17669677734375 -1756.68359375
v 54.23207092285156 -219.04100036621094 -1749.17333984375
v 50.817386627197266 -218.47442626953125 -1748.3330078125
v 56.137813568115234 -217.77149963378906 -1744.1329345703125
v 57.15892791748047 -216.26739501953125 -1741.7227783203125
v 57.79091262817383 -213.54641723632812 -1740.203125
v 57.213531494140625 -213.20689392089844 -1738.9132080078125
v 59.8944206237793 -214.0546875 -1737.0731201171875
v 62.027896881103516 -214.9549560546875 -1733.199951171875
v 61.27812194824219 -221.64500427246094 -1734.251708984375
v 60.67395782470703 -217.50924682617188 -1734.9224853515625
v 60.12311553955078 -224.56845092773438 -1732.2308349609375
v 58.012210845947266 -226.5672607421875 -1729.8597412109375
v 61.438690185546875 -225.54559326171875 -1727.379150390625
v 63.27193069458008 -226.34893798828125 -1722.785888671875
v 67.1805191040039 -225.4755096435547 -1716.900634765625
v 68.12408447265625 -223.78990173339844 -1714.72900390625
v 72.5716323852539 -223.45445251464844 -1710.216552734375
v 71.95437622070312 -223.5610809326172 -1705.7572021484375
v 73.84127807617188 -229.57012939453125 -1700.38330078125
v 71.13711547851562 -224.42877197265625 -1705.33447265625
v 74.25409698486328 -228.3738250732422 -1700.76611328125
v 75.79204559326172 -229.9165802001953 -1697.208984375
v 78.18146514892578 -226.43089294433594 -1695.774169921875
v 80.20391082763672 -229.66807556152344 -1691.95556640625
v 83.05449676513672 -225.1012420654297 -1689.87158203125
v 82.0843276977539 -229.482421875 -1688.1806640625
v 83.289306640625 -226.6711883544922 -1685.05908203125
v 80.45831298828125 -231.2012176513672 -1685.6942138671875
v 79.91888427734375 -230.00839233398438 -1681.9638671875
v 78.73001861572266 -230.53883361816406 -1680.3878173828125
v 79.86223602294922 -230.84417724609375 -1679.026611328125
v 72.81378173828125 -232.27102661132812 -1679.6424560546875
v 76.61900329589844 -232.69253540039062 -1677.4241943359375
v 73.12519836425781 -232.76576232910156 -1673.681884765625
v 75.90254974365234 -232.80767822265625 -1670.47900390625
v 76.8782958984375 -231.987060546875 -1667.7978515625
v 81.35517120361328 -230.877197265625 -1668.610107421875
v 82.16399383544922 -228.93389892578125 -1667.438720703125
v 80.05126953125 -230.7818145751953 -1667.059814453125
v 74.00364685058594 -233.63433837890625 -1665.9110107421875
v 80.43087768554688 -232.5120086669922 -1661.5567626953125
v 82.76701354980469 -233.15663146972656 -1659.33642578125
v 85.01002502441406 -235.05763244628906 -1655.435791015625
v 98.6331787109375 -221.2778778076172 -1484.8568115234375
v 103.88339233398438 -209.98684692382812 -1531.186767578125
v 105.0087661743164 -209.3942413330078 -1532.6820068359375
v 102.8497543334961 -208.76235961914062 -1526.123046875
v 100.60771179199219 -214.7596435546875 -1524.7906494140625
v 96.57617950439453 -213.76126098632812 -1510.8255615234375
v 100.08731842041016 -208.31341552734375 -1515.40185546875
v 98.24236297607422 -207.4286651611328 -1509.758544921875
v 97.5939712524414 -207.16009521484375 -1505.4227294921875
v 96.94945526123047 -209.2113037109375 -1496.054931640625
v 96.63848114013672 -206.49942016601562 -1502.424072265625
v 83.44107818603516 -236.13490295410156 -1651.0645751953125
v 87.64281463623047 -237.38441467285156 -1645.6295166015625
v 89.1094741821289 -237.38565063476562 -1645.472412109375
v 92.95703887939453 -235.8897705078125 -1639.4765625
v 90.05329895019531 -234.96739196777344 -1635.8382568359375
v 91.23220825195312 -232.58607482910156 -1629.9124755859375
v 91.42481994628906 -231.02536010742188 -1627.6837158203125
v 90.15240478515625 -230.27163696289062 -1623.4757080078125
v 89.9985122680664 -230.37403869628906 -1622.4088134765625
v 94.09513854980469 -228.25540161132812 -1620.736572265625
v 90.58150482177734 -231.25436401367188 -1619.2015380859375
v 88.73283386230469 -231.40310668945312 -1617.819580078125
v 90.79679107666016 -229.82131958007812 -1614.21875
v 88.76840209960938 -228.55416870117188 -1611.49755859375
v 91.2843246459961 -227.71961975097656 -1608.247314453125
v 91.09017181396484 -228.25030517578125 -1606.4281005859375
v 91.47994995117188 -230.78627014160156 -1601.306884765625
v 93.02935028076172 -227.3434600830078 -1598.40087890625
v 91.76029205322266 -227.09124755859375 -1594.4351806640625
v 88.07051849365234 -228.88356018066406 -1592.788818359375
v 88.86609649658203 -224.9547576904297 -1590.256591796875
v 95.34574127197266 -223.18479919433594 -1589.70458984375
v 92.18987274169922 -223.01795959472656 -1588.045166015625
v 94.21951293945312 -223.04855346679688 -1585.7896728515625
v 93.74024200439453 -221.43222045898438 -1579.63330078125
v 95.07933807373047 -219.54998779296875 -1577.1143798828125
v 95.368896484375 -216.0674285888672 -1570.503662109375
v 96.94833374023438 -205.78941345214844 -1570.32177734375
v 92.91542053222656 -207.65951538085938 -1567.342529296875
v 91.51522827148438 -214.13584899902344 -1566.54931640625
v 96.74163055419922 -205.05372619628906 -1568.6256103515625
v 97.52201080322266 -206.1023712158203 -1567.4224853515625
v 99.5952377319336 -209.76829528808594 -1565.5899658203125
v 103.68563842773438 -210.15805053710938 -1565.12939453125
v 105.69892120361328 -212.21604919433594 -1561.3868408203125
v 94.84788513183594 -219.47576904296875 -1575.390869140625
v 91.16199493408203 -220.64495849609375 -1571.597900390625
v 85.91283416748047 -222.0991668701172 -1567.5377197265625
v 88.8283920288086 -218.7024383544922 -1566.7381591796875
v 104.27233123779297 -214.9391326904297 -1557.637939453125
v 102.45357513427734 -217.45465087890625 -1549.996337890625
v 103.9625015258789 -216.30001831054688 -1545.6309814453125
v 102.95669555664062 -217.1932830810547 -1539.18115234375
v 102.97004699707031 -214.97645568847656 -1535.533203125
v -73.77404022216797 -237.4856414794922 -1664.86328125
v -73.61524200439453 -237.861083984375 -1662.82470703125
v -69.82341003417969 -240.75938415527344 -1659.394775390625
v -76.86144256591797 -240.7449493408203 -1652.446044921875
v -80.93283081054688 -239.8758544921875 -1647.338623046875
v -78.86968994140625 -241.1699981689453 -1641.3619384765625
v -77.50888061523438 -241.10208129882812 -1640.194580078125
v -76.9022445678711 -239.8661346435547 -1638.1898193359375
v -82.9428939819336 -239.48667907714844 -1633.2928466796875
v -84.28304290771484 -239.8955535888672 -1632.3878173828125
v -83.93425750732422 -239.75784301757812 -1631.1387939453125
v -81.40827178955078 -236.6182861328125 -1631.08642578125
v -81.7753677368164 -239.2479248046875 -1626.9046630859375
v -83.04197692871094 -238.96246337890625 -1622.591064453125
v -83.9889144897461 -239.0791778564453 -1618.998046875
v -85.06934356689453 -238.45425415039062 -1616.9847412109375
v -86.53173828125 -237.24839782714844 -1614.3199462890625
v -88.27957916259766 -237.08360290527344 -1611.1495361328125
v -89.41380310058594 -236.5023651123047 -1609.380615234375
v -88.50431823730469 -236.680419921875 -1607.3968505859375
v -86.37989807128906 -237.9805450439453 -1605.8848876953125
v -83.38212585449219 -238.78897094726562 -1598.5372314453125
v -82.64940643310547 -238.0917510986328 -1592.53271484375
v -88.52543640136719 -236.24002075195312 -1594.7091064453125
v -90.5108413696289 -235.48443603515625 -1592.4061279296875
v -93.80018615722656 -236.29473876953125 -1593.5439453125
v -89.63204193115234 -236.4380340576172 -1589.2442626953125
v -89.0135726928711 -236.69654846191406 -1586.93603515625
v -86.61795806884766 -236.10040283203125 -1581.9561767578125
v -80.92770385742188 -237.17564392089844 -1581.3101806640625
v -74.6216812133789 -238.27142333984375 -1577.3504638671875
v -70.53053283691406 -239.3248748779297 -1573.2733154296875
v -69.18119049072266 -239.05654907226562 -1569.3785400390625
v -71.2995376586914 -239.24765014648438 -1559.821044921875
v -73.26702117919922 -239.1119384765625 -1553.44775390625
v -67.45672607421875 -239.2906951904297 -1554.6175537109375
v -76.50829315185547 -239.29376220703125 -1550.085693359375
v -83.347412109375 -237.13327026367188 -1544.85693359375
v -77.80671691894531 -237.48971557617188 -1543.4832763671875
v -87.10379791259766 -238.6244659423828 -1539.655029296875
v -95.6377944946289 -238.7735595703125 -1537.193359375
v -100.1764144897461 -236.8510284423828 -1536.6722412109375
v -96.30152130126953 -237.67825317382812 -1533.9554443359375
v -96.94771575927734 -238.37196350097656 -1530.8135986328125
v -89.75733184814453 -237.29078674316406 -1527.2763671875
v -88.09555053710938 -236.99575805664062 -1521.1868896484375
v -90.42977905273438 -237.2368927001953 -1516.2283935546875
v -87.4886703491211 -237.3355712890625 -1511.431396484375
v -85.82769775390625 -236.7130126953125 -1507.7987060546875
v -86.03390502929688 -236.75184631347656 -1504.4971923828125
v -89.83454895019531 -234.54515075683594 -1502.3358154296875
v -92.91505432128906 -234.18853759765625 -1501.625244140625
v 7.142742156982422 -277.8851013183594 -1341.1107177734375
v -5.86487340927124 -276.80584716796875 -1339.7445068359375
v 21.784305572509766 -273.5139465332031 -1343.1956787109375
v 17.498153686523438 -271.69183349609375 -1341.2864990234375
v 94.13677215576172 -218.62351989746094 -1472.4761962890625
v 91.29360961914062 -223.94708251953125 -1464.2049560546875
v 94.15269470214844 -232.99383544921875 -1463.1719970703125
v 89.92829895019531 -223.38919067382812 -1459.759033203125
v 88.33392333984375 -218.45086669921875 -1453.69287109375
v 90.05598449707031 -221.7490692138672 -1447.0775146484375
v 89.16361999511719 -221.3237762451172 -1445.609375
v 88.4522476196289 -221.51724243164062 -1441.8975830078125
v 84.7951431274414 -227.1557159423828 -1435.056640625
v 86.2437973022461 -225.81398010253906 -1435.512451171875
v 85.33039093017578 -227.15695190429688 -1433.8773193359375
v 84.33061981201172 -226.9702911376953 -1428.400390625
v 84.5741958618164 -226.5093231201172 -1421.4520263671875
v 84.4845962524414 -225.6199951171875 -1417.15869140625
v 84.1939697265625 -227.8746795654297 -1413.6202392578125
v 84.0118637084961 -225.99903869628906 -1410.9913330078125
v 82.67562103271484 -223.7861785888672 -1406.6917724609375
v 80.30538177490234 -223.98553466796875 -1399.7850341796875
v 76.46662902832031 -221.70065307617188 -1388.7457275390625
v 75.18242645263672 -220.16485595703125 -1385.26123046875
v 69.9293441772461 -233.20555114746094 -1373.5458984375
v 65.35659790039062 -239.38040161132812 -1367.7171630859375
v 60.388763427734375 -251.8939971923828 -1364.191162109375
v 53.35018539428711 -255.3727569580078 -1357.7799072265625
v 42.83591842651367 -266.9586486816406 -1352.4051513671875
v 30.334680557250977 -270.80853271484375 -1345.9310302734375
v 37.768592834472656 -264.6210632324219 -1348.3199462890625
v -91.93814849853516 -234.00115966796875 -1497.1690673828125
v -92.30464172363281 -234.40086364746094 -1494.9510498046875
v -92.5578842163086 -233.3824462890625 -1492.5369873046875
v -90.94639587402344 -234.1568603515625 -1489.04638671875
v -97.49275207519531 -234.1692352294922 -1486.5650634765625
v -97.96089172363281 -233.7106170654297 -1485.3846435546875
v -99.81986999511719 -232.6686248779297 -1481.591796875
v -108.90580749511719 -229.66810607910156 -1482.2421875
v -103.15994262695312 -229.6459197998047 -1477.0943603515625
v -103.83890533447266 -230.14370727539062 -1474.1781005859375
v -105.6325454711914 -229.3511962890625 -1469.1727294921875
v -102.92108917236328 -229.5306854248047 -1470.9498291015625
v -97.310546875 -231.33938598632812 -1470.7220458984375
v -91.76325988769531 -233.17359924316406 -1460.935546875
v -104.3661117553711 -233.93612670898438 -1451.92724609375
v -84.98678588867188 -239.5512237548828 -1441.8763427734375
v -83.40492248535156 -241.04542541503906 -1432.4361572265625
v -102.14643096923828 -236.04698181152344 -1433.773681640625
v -91.34526062011719 -238.5563201904297 -1425.9180908203125
v -108.06712341308594 -232.91253662109375 -1430.91552734375
v -110.0846176147461 -230.0926513671875 -1426.12841796875
v -113.02865600585938 -223.42141723632812 -1420.7880859375
v -105.32115173339844 -229.40284729003906 -1416.41796875
v -109.3480224609375 -222.44381713867188 -1413.4306640625
v -113.27437591552734 -219.15992736816406 -1415.2464599609375
v -112.35315704345703 -218.11891174316406 -1411.75048828125
v -111.80017852783203 -217.59268188476562 -1409.4093017578125
v -111.45421600341797 -218.65151977539062 -1407.2879638671875
v -109.9350357055664 -218.399169921875 -1402.396484375
v -108.49459838867188 -216.8503875732422 -1399.6866455078125
v -108.06957244873047 -216.06813049316406 -1397.2733154296875
v -107.9478988647461 -216.4920196533203 -1395.9681396484375
v -106.05361938476562 -214.75906372070312 -1390.1640625
v -103.28611755371094 -228.1235809326172 -1384.2171630859375
v -99.70854949951172 -227.63685607910156 -1377.1473388671875
v -95.16389465332031 -228.49771118164062 -1369.814697265625
v -88.26766967773438 -243.8878173828125 -1362.411376953125
v -82.50216674804688 -241.3216094970703 -1355.453369140625
v -76.64567565917969 -251.57681274414062 -1351.4197998046875
v -69.36985778808594 -252.3604278564453 -1345.739990234375
v -7.2379655838012695 -270.4558410644531 -1335.37548828125
v -22.761714935302734 -270.9425354003906 -1333.4176025390625
v -33.46157455444336 -267.1455078125 -1333.0823974609375
v -61.252262115478516 -248.96319580078125 -1341.1591796875
v -55.59886932373047 -249.2493133544922 -1338.910400390625
v -44.53219985961914 -249.9924774169922 -1335.5736083984375
v -33.529151916503906 -258.75439453125 -1332.4093017578125
v 9.014891624450684 -229.7822265625 -1767.6539306640625
v 10.392698287963867 -227.52549743652344 -1773.9049072265625
v 13.516070365905762 -220.87661743164062 -1784.845947265625
v 16.03352165222168 -216.24835205078125 -1782.8255615234375
v 14.189796447753906 -219.70013427734375 -1781.185546875
v 13.071290016174316 -225.70220947265625 -1772.914794921875
v 25.345640182495117 -225.77044677734375 -1785.74609375
v 27.381669998168945 -225.07521057128906 -1784.4459228515625
v 18.654268264770508 -218.4007110595703 -1786.4659423828125
v 17.432621002197266 -216.0945587158203 -1784.625732421875
v 22.283851623535156 -221.9645538330078 -1787.0960693359375
v -8.860885620117188 -201.06954956054688 -1787.4854736328125
v -10.188965797424316 -200.49423217773438 -1788.3455810546875
v 5.697982311248779 -226.12921142578125 -1765.8333740234375
v 1.2550365924835205 -224.1747283935547 -1760.9022216796875
v 8.441276550292969 -231.45602416992188 -1757.1114501953125
v -2.2704339027404785 -217.4898681640625 -1761.7724609375
v 1.1322016716003418 -224.10386657714844 -1758.6416015625
v -0.26787301898002625 -218.45870971679688 -1759.9520263671875
v -1.2328821420669556 -217.66041564941406 -1758.7017822265625
v -6.743062973022461 -218.1862335205078 -1756.6207275390625
v -4.775809288024902 -217.66354370117188 -1759.291748046875
v -5.584744453430176 -218.08065795898438 -1756.2008056640625
v -14.074814796447754 -220.1232147216797 -1760.601318359375
v -9.237265586853027 -219.0106964111328 -1755.9302978515625
v -17.585201263427734 -221.99984741210938 -1756.2294921875
v -18.429323196411133 -222.71888732910156 -1751.0372314453125
v -16.32382583618164 -224.462890625 -1748.1058349609375
v -22.465389251708984 -225.52569580078125 -1745.7235107421875
v -29.074073791503906 -222.64659118652344 -1746.4608154296875
v -26.415061950683594 -225.2602081298828 -1744.760986328125
v -22.551912307739258 -225.66168212890625 -1744.222412109375
v -30.650197982788086 -225.54833984375 -1741.1611328125
v -30.15544319152832 -223.77853393554688 -1736.762451171875
v -24.433462142944336 -224.14474487304688 -1732.6549072265625
v -24.16210174560547 -225.93023681640625 -1726.0576171875
v -19.2418155670166 -227.69203186035156 -1723.87255859375
v -21.54708480834961 -229.46871948242188 -1715.7159423828125
v -23.749652862548828 -229.20953369140625 -1714.7252197265625
v -27.836498260498047 -230.1896514892578 -1710.8359375
v -33.36268997192383 -231.25050354003906 -1705.614990234375
v -37.17538070678711 -232.59860229492188 -1701.51220703125
v -45.453887939453125 -235.39588928222656 -1698.1558837890625
v -39.298004150390625 -232.76429748535156 -1692.8389892578125
v -34.36555099487305 -232.62794494628906 -1700.1890869140625
v -56.77265930175781 -234.82424926757812 -1701.197021484375
v -53.74939727783203 -235.6435546875 -1696.0399169921875
v -48.31578063964844 -235.56146240234375 -1694.9752197265625
v -52.49227523803711 -234.7272186279297 -1690.993896484375
v -48.104888916015625 -234.35928344726562 -1690.251708984375
v -48.29256057739258 -235.8710479736328 -1685.499267578125
v -46.91455841064453 -236.12942504882812 -1680.846923828125
v -44.2243537902832 -236.7681121826172 -1677.03173828125
v -54.118751525878906 -239.37669372558594 -1673.7821044921875
v -44.63051986694336 -237.57928466796875 -1673.4774169921875
v -46.38702392578125 -237.556640625 -1670.02490234375
v -52.50220489501953 -239.55191040039062 -1669.8291015625
v -64.42523193359375 -238.566650390625 -1672.1739501953125
v -59.15507125854492 -239.64508056640625 -1675.2066650390625
v -58.94905090332031 -239.7343292236328 -1670.99267578125
v -58.35293197631836 -238.1573944091797 -1666.255859375
v -59.47983932495117 -238.74244689941406 -1664.337646484375
v -66.66739654541016 -238.1234588623047 -1664.7457275390625
v 20.893844604492188 -263.1080322265625 -1719.431640625
v 21.611347198486328 -261.2698669433594 -1720.903076171875
v 22.8574161529541 -262.670654296875 -1718.4814453125
v 23.462764739990234 -266.15374755859375 -1715.059326171875
v 21.860618591308594 -256.660888671875 -1721.4630126953125
v 20.623289108276367 -257.1962585449219 -1720.4515380859375
v 19.4409236907959 -261.2611999511719 -1719.1204833984375
v 19.266761779785156 -258.2085876464844 -1720.37109375
v 34.741756439208984 -226.06320190429688 -1775.685302734375
v 33.52553176879883 -219.7996368408203 -1774.80517578125
v 36.588748931884766 -216.19189453125 -1770.7047119140625
v 40.61907196044922 -218.06484985351562 -1767.1143798828125
v 32.585182189941406 -224.95016479492188 -1778.5556640625
v 42.99542236328125 -216.43190002441406 -1763.3140869140625
v 45.64020919799805 -218.1450958251953 -1761.444091796875
v 44.445735931396484 -217.44766235351562 -1757.7838134765625
v 42.050201416015625 -216.15760803222656 -1755.3333740234375
v 44.60965347290039 -216.41229248046875 -1751.453125
v 45.143775939941406 -215.47511291503906 -1748.572998046875
v 47.67037582397461 -216.53843688964844 -1746.912841796875
v 50.264278411865234 -217.22024536132812 -1744.982666015625
v 54.263427734375 -217.15945434570312 -1742.3326416015625
v 53.638160705566406 -216.1212615966797 -1739.66259765625
v 53.895591735839844 -214.93580627441406 -1737.892578125
v 60.1182746887207 -214.21685791015625 -1734.883056640625
v 58.26336669921875 -215.35134887695312 -1735.3726806640625
v 59.3184700012207 -219.87203979492188 -1735.77197265625
v 58.39947509765625 -223.80157470703125 -1733.6109619140625
v 53.778385162353516 -224.3962860107422 -1732.2401123046875
v 52.77442932128906 -225.01943969726562 -1729.439208984375
v 56.56657028198242 -226.79150390625 -1727.308837890625
v 60.149959564208984 -226.0552215576172 -1724.809814453125
v 63.47506332397461 -224.96397399902344 -1715.3642578125
v 65.19488525390625 -223.36798095703125 -1713.0928955078125
v 66.97810363769531 -223.3876190185547 -1711.421875
v 68.69297790527344 -223.83551025390625 -1708.588134765625
v 67.9427261352539 -227.83963012695312 -1705.8778076171875
v 64.88451385498047 -229.7379150390625 -1704.6478271484375
v 66.81834411621094 -231.2983856201172 -1701.70166015625
v 74.06082916259766 -233.3556365966797 -1692.9990234375
v 79.54580688476562 -231.2820281982422 -1690.9659423828125
v 79.14307403564453 -232.23902893066406 -1688.7486572265625
v 77.086181640625 -233.3161163330078 -1687.19140625
v 75.74019622802734 -233.19776916503906 -1684.91650390625
v 77.23312377929688 -231.05044555664062 -1682.0042724609375
v 73.72367858886719 -231.13845825195312 -1681.0955810546875
v 72.40079498291016 -231.5240478515625 -1682.525634765625
v 67.64225769042969 -232.4532012939453 -1682.1209716796875
v 69.8792724609375 -232.19264221191406 -1673.41455078125
v 73.74993896484375 -232.17515563964844 -1668.4288330078125
v 68.7830810546875 -233.5918731689453 -1665.53466796875
v 70.90072631835938 -234.60739135742188 -1663.9951171875
v 78.64159393310547 -232.58863830566406 -1659.6868896484375
v 79.61653137207031 -232.5989990234375 -1657.626953125
v 81.84520721435547 -234.89881896972656 -1655.0933837890625
v 94.38421630859375 -211.5802764892578 -1484.5416259765625
v 93.11370849609375 -212.464111328125 -1477.629638671875
v 99.86178588867188 -217.79176330566406 -1529.2135009765625
v 96.97952270507812 -220.2544708251953 -1524.44580078125
v 94.09722900390625 -219.1746826171875 -1511.7166748046875
v 96.87262725830078 -208.52713012695312 -1508.8756103515625
v 94.87547302246094 -206.8251953125 -1502.49267578125
v 93.40978240966797 -212.39476013183594 -1502.763916015625
v 96.78166961669922 -207.02706909179688 -1505.951171875
v 95.7129898071289 -208.197021484375 -1496.4818115234375
v 95.39346313476562 -210.00035095214844 -1489.8765869140625
v 95.32659149169922 -206.53939819335938 -1501.453125
v 79.75341796875 -234.28367614746094 -1653.8238525390625
v 80.94065856933594 -235.35499572753906 -1649.564208984375
v 81.83338165283203 -235.4527587890625 -1645.8948974609375
v 84.26618957519531 -236.08169555664062 -1642.53955078125
v 87.68037414550781 -235.9015350341797 -1638.7640380859375
v 89.0959701538086 -235.46630859375 -1634.587646484375
v 88.68731689453125 -236.32835388183594 -1630.1065673828125
v 89.55653381347656 -233.9807586669922 -1626.474609375
v 88.20501708984375 -231.32180786132812 -1622.5692138671875
v 87.44635772705078 -230.90762329101562 -1620.7640380859375
v 86.97859954833984 -230.6414031982422 -1616.539794921875
v 85.66111755371094 -230.6446533203125 -1615.7677001953125
v 86.7348403930664 -230.3643341064453 -1613.9013671875
v 88.43647766113281 -228.82383728027344 -1610.9281005859375
v 88.6527328491211 -233.59024047851562 -1606.7415771484375
v 88.47190856933594 -234.0856170654297 -1602.5426025390625
v 89.9300537109375 -231.5373992919922 -1597.862548828125
v 87.2883529663086 -233.24876403808594 -1597.3306884765625
v 84.61097717285156 -233.1728973388672 -1596.5753173828125
v 81.53821563720703 -232.91697692871094 -1596.125244140625
v 84.21286010742188 -229.50650024414062 -1593.067138671875
v 85.97948455810547 -226.51202392578125 -1589.6522216796875
v 88.67788696289062 -222.81199645996094 -1587.8509521484375
v 86.93260192871094 -220.9344940185547 -1585.6571044921875
v 91.40233612060547 -222.37332153320312 -1582.697509765625
v 89.89727783203125 -220.92770385742188 -1578.00146484375
v 89.45999145507812 -219.55104064941406 -1574.667236328125
v 94.12158203125 -206.075927734375 -1567.334716796875
v 89.70458984375 -208.4409637451172 -1564.7740478515625
v 90.6007308959961 -207.67343139648438 -1564.6259765625
v 81.26396942138672 -219.0725555419922 -1562.081787109375
v 84.20197296142578 -212.56590270996094 -1561.7481689453125
v 78.4085464477539 -215.22901916503906 -1559.2337646484375
v 93.89384460449219 -206.81211853027344 -1565.646728515625
v 92.95014190673828 -210.77687072753906 -1562.665771484375
v 97.68866729736328 -214.61990356445312 -1560.3448486328125
v 92.67621612548828 -214.0217742919922 -1559.696533203125
v 102.04025268554688 -213.58560180664062 -1561.4520263671875
v 89.27681732177734 -221.0364227294922 -1571.117431640625
v 89.09426879882812 -220.3827362060547 -1571.94873046875
v 85.79788208007812 -221.86178588867188 -1568.8026123046875
v 82.89125061035156 -222.9661407470703 -1567.2608642578125
v 81.2218017578125 -223.5777130126953 -1565.76416015625
v 82.11188507080078 -222.7425537109375 -1564.870361328125
v 100.74905395507812 -216.04298400878906 -1557.814697265625
v 97.64797973632812 -219.90162658691406 -1550.102294921875
v 97.74478149414062 -220.30673217773438 -1544.1168212890625
v 98.62431335449219 -219.8848114013672 -1537.030029296875
v 97.26947021484375 -221.18373107910156 -1532.3653564453125
v -64.3395767211914 -240.97940063476562 -1662.14404296875
v -61.15175247192383 -242.17481994628906 -1656.3023681640625
v -65.68881225585938 -242.24322509765625 -1652.024658203125
v -70.3746109008789 -242.17942810058594 -1653.727783203125
v -70.51670837402344 -242.2608642578125 -1648.4532470703125
v -75.51506805419922 -242.14126586914062 -1646.6395263671875
v -75.24351501464844 -242.31558227539062 -1642.642578125
v -72.71988677978516 -241.91567993164062 -1640.5985107421875
v -70.74308013916016 -241.021240234375 -1639.6744384765625
v -70.1585693359375 -239.73199462890625 -1638.969482421875
v -71.48553466796875 -236.8785400390625 -1637.0675048828125
v -76.05352783203125 -236.10073852539062 -1636.1937255859375
v -79.26368713378906 -235.33433532714844 -1633.3743896484375
v -80.7834701538086 -236.60549926757812 -1629.77783203125
v -80.18030548095703 -239.40003967285156 -1626.3682861328125
v -81.8974838256836 -238.89051818847656 -1621.92626953125
v -82.92986297607422 -239.26536560058594 -1617.73876953125
v -86.00706481933594 -237.45826721191406 -1613.4383544921875
v -88.2865219116211 -235.98779296875 -1609.4478759765625
v -83.77008819580078 -240.6752166748047 -1607.9656982421875
v -82.3470458984375 -241.61366271972656 -1605.1983642578125
v -78.5238265991211 -241.81625366210938 -1597.8253173828125
v -77.46273040771484 -239.40821838378906 -1593.9627685546875
v -88.09508514404297 -235.5774688720703 -1591.64453125
v -83.5182876586914 -237.34994506835938 -1589.7738037109375
v -74.26622009277344 -240.46652221679688 -1589.635009765625
v -78.35830688476562 -239.2364044189453 -1588.698974609375
v -78.8754653930664 -237.70431518554688 -1585.9864501953125
v -74.66687774658203 -238.34759521484375 -1584.210693359375
v -69.6707763671875 -238.6023712158203 -1582.9166259765625
v -68.11528778076172 -239.4398651123047 -1576.9718017578125
v -60.53779602050781 -239.5232391357422 -1571.2825927734375
v -63.057796478271484 -238.3276824951172 -1566.7977294921875
v -65.53096008300781 -238.2587432861328 -1564.6734619140625
v -67.65682220458984 -238.2193603515625 -1559.8551025390625
v -64.98534393310547 -238.4847412109375 -1557.4259033203125
v -66.75470733642578 -238.93173217773438 -1550.0556640625
v -70.32212829589844 -238.45672607421875 -1549.849853515625
v -62.86134719848633 -238.3882598876953 -1552.79248046875
v -68.18376922607422 -238.1785430908203 -1545.140380859375
v -71.18451690673828 -237.9643096923828 -1543.189697265625
v -68.6667251586914 -237.05218505859375 -1535.6767578125
v -75.53795623779297 -237.7925262451172 -1532.6767578125
v -87.8234634399414 -238.5308380126953 -1534.684814453125
v -90.27421569824219 -237.203125 -1532.07177734375
v -83.85215759277344 -238.22998046875 -1524.0325927734375
v -87.57252502441406 -236.44155883789062 -1523.7413330078125
v -86.71630859375 -237.3292694091797 -1517.513427734375
v -83.6923828125 -237.20909118652344 -1514.423583984375
v -79.22867584228516 -236.19154357910156 -1511.0775146484375
v -77.36908721923828 -236.91864013671875 -1504.032470703125
v -76.22686004638672 -235.9900665283203 -1500.6915283203125
v -80.7010498046875 -235.08792114257812 -1499.7452392578125
v -83.86465454101562 -233.47987365722656 -1498.70166015625
v 3.5570216178894043 -271.9794006347656 -1338.6884765625
v 4.081075191497803 -268.6692199707031 -1337.5335693359375
v 29.405305862426758 -263.7195739746094 -1343.454833984375
v 24.28438949584961 -254.4342041015625 -1340.2191162109375
v 14.598326683044434 -259.95819091796875 -1338.28076171875
v 91.33657836914062 -212.22879028320312 -1468.1932373046875
v 92.03182220458984 -217.0065460205078 -1466.7633056640625
v 88.61260986328125 -215.10671997070312 -1459.39794921875
v 89.27992248535156 -220.50439453125 -1456.8663330078125
v 87.96600341796875 -215.02980041503906 -1456.3604736328125
v 87.55715942382812 -218.66265869140625 -1453.8607177734375
v 88.95645904541016 -219.65032958984375 -1449.221923828125
v 87.88135528564453 -221.09254455566406 -1444.97412109375
v 85.49578857421875 -224.91854858398438 -1445.6893310546875
v 83.08309936523438 -228.53150939941406 -1440.1812744140625
v 81.39562225341797 -230.29991149902344 -1428.2152099609375
v 84.20115661621094 -225.91946411132812 -1422.42822265625
v 83.41781616210938 -225.8393096923828 -1420.428955078125
v 83.89684295654297 -225.17079162597656 -1419.1131591796875
v 83.73664855957031 -225.09043884277344 -1416.1644287109375
v 83.26701354980469 -224.29002380371094 -1414.6636962890625
v 83.13239288330078 -224.14520263671875 -1409.976318359375
v 82.17797088623047 -223.27110290527344 -1408.23193359375
v 81.28012084960938 -223.18109130859375 -1403.998046875
v 79.4727783203125 -223.0404510498047 -1399.6939697265625
v 79.1429672241211 -223.10464477539062 -1396.9501953125
v 79.52099609375 -222.50685119628906 -1398.57177734375
v 77.52997589111328 -221.19674682617188 -1392.9150390625
v 77.03308868408203 -221.0220947265625 -1391.685791015625
v 76.0879135131836 -220.25308227539062 -1389.537353515625
v 75.62826538085938 -218.83067321777344 -1387.7662353515625
v 73.58451080322266 -217.47772216796875 -1382.072509765625
v 69.99540710449219 -216.63307189941406 -1375.417724609375
v 65.56653594970703 -228.71531677246094 -1367.112060546875
v 60.562889099121094 -233.25511169433594 -1361.5941162109375
v 56.45400619506836 -247.29043579101562 -1358.6944580078125
v 47.378318786621094 -248.9944610595703 -1352.0299072265625
v 44.066619873046875 -255.3505859375 -1350.846435546875
v 35.81514358520508 -253.75717163085938 -1345.619873046875
v -87.46226501464844 -233.81655883789062 -1496.424072265625
v -85.34851837158203 -233.70509338378906 -1493.40625
v -86.07767486572266 -232.17550659179688 -1490.542724609375
v -87.9139175415039 -232.4319610595703 -1490.1729736328125
v -86.97776794433594 -233.72581481933594 -1485.64697265625
v -90.81204986572266 -233.99728393554688 -1483.6414794921875
v -94.24895477294922 -232.8782196044922 -1482.39990234375
v -92.38558959960938 -231.96861267089844 -1476.4954833984375
v -98.46072387695312 -232.04629516601562 -1477.35107421875
v -99.25849151611328 -231.11697387695312 -1474.5889892578125
v -88.32872772216797 -232.935302734375 -1474.322265625
v -81.01983642578125 -235.4585418701172 -1470.2705078125
v -82.82054138183594 -236.1097869873047 -1458.9114990234375
v -86.1937255859375 -237.56275939941406 -1450.889404296875
v -75.9389877319336 -241.10523986816406 -1446.8138427734375
v -72.5303955078125 -243.48086547851562 -1437.7281494140625
v -70.10043334960938 -244.18917846679688 -1428.162353515625
v -66.44235229492188 -244.04733276367188 -1422.8648681640625
v -100.67622375488281 -234.3072967529297 -1422.117919921875
v -78.99983215332031 -239.87306213378906 -1415.160888671875
v -93.08098602294922 -235.17288208007812 -1413.93701171875
v -112.36427307128906 -218.4190673828125 -1413.4346923828125
v -92.97989654541016 -232.30079650878906 -1405.7000732421875
v -102.79856872558594 -227.40194702148438 -1409.0721435546875
v -110.75604248046875 -218.3606414794922 -1408.4498291015625
v -106.8179702758789 -220.70172119140625 -1402.3067626953125
v -110.38075256347656 -218.43209838867188 -1405.89306640625
v -109.44689178466797 -218.2462158203125 -1402.7684326171875
v -106.33535766601562 -215.44424438476562 -1394.8470458984375
v -106.96610260009766 -214.74615478515625 -1394.020751953125
v -106.06761932373047 -213.24908447265625 -1391.666748046875
v -104.52704620361328 -211.66546630859375 -1387.739501953125
v -103.1384506225586 -211.62828063964844 -1384.1563720703125
v -101.39311218261719 -220.40476989746094 -1379.8543701171875
v -96.80411529541016 -218.49404907226562 -1373.2255859375
v -91.3806381225586 -224.79513549804688 -1365.443359375
v -88.5529556274414 -237.64764404296875 -1361.6346435546875
v -87.4861831665039 -228.02444458007812 -1360.7437744140625
v -76.62879943847656 -229.15045166015625 -1351.7943115234375
v -75.80973815917969 -242.0826416015625 -1349.50927734375
v -72.54876708984375 -249.0707244873047 -1347.9228515625
v -66.993408203125 -240.7852783203125 -1344.3603515625
v -9.006979942321777 -266.9874267578125 -1333.9422607421875
v -17.816307067871094 -268.4893798828125 -1332.6865234375
v -25.505271911621094 -266.10247802734375 -1331.7762451171875
v -59.871009826660156 -239.9938201904297 -1341.1705322265625
v -53.54978561401367 -241.46107482910156 -1338.95849609375
v -42.22352600097656 -239.15847778320312 -1336.751220703125
v -36.144676208496094 -249.25181579589844 -1333.6976318359375
v -25.27069854736328 -249.10501098632812 -1332.6923828125
v -24.54627227783203 -259.1695251464844 -1331.232421875
v 10.585859298706055 -229.54920959472656 -1769.5443115234375
v 10.818342208862305 -231.4980010986328 -1766.3038330078125
v 10.637968063354492 -233.93380737304688 -1761.8328857421875
v 11.695740699768066 -228.3172607421875 -1771.2545166015625
v 19.198989868164062 -211.0731201171875 -1781.63525390625
v 18.193389892578125 -211.8898468017578 -1780.6153564453125
v 18.7948055267334 -216.29737854003906 -1771.4046630859375
v 12.906851768493652 -230.3614044189453 -1766.5238037109375
v 19.631710052490234 -219.81484985351562 -1763.3836669921875
v 15.357196807861328 -231.47747802734375 -1759.87255859375
v 18.539836883544922 -226.50245666503906 -1756.7520751953125
v 24.52690887451172 -220.85211181640625 -1785.9859619140625
v 29.912139892578125 -222.02508544921875 -1780.70556640625
v 22.39602279663086 -217.61070251464844 -1785.6558837890625
v 21.544857025146484 -214.52552795410156 -1783.4754638671875
v 20.281005859375 -210.78228759765625 -1781.46533203125
v 4.217820167541504 -228.3434600830078 -1756.301025390625
v 10.048924446105957 -234.56956481933594 -1753.9205322265625
v 6.2904438972473145 -232.0723114013672 -1752.44970703125
v 1.0157421827316284 -220.3554229736328 -1758.9617919921875
v 3.154616594314575 -225.48402404785156 -1755.4107666015625
v 3.5192017555236816 -227.53240966796875 -1755.230712890625
v 2.2176461219787598 -218.3675079345703 -1758.511962890625
v 2.8023290634155273 -217.6625518798828 -1757.5118408203125
v -5.603603839874268 -218.51148986816406 -1755.640625
v 1.994905948638916 -218.78701782226562 -1754.3009033203125
v -6.408052444458008 -217.51132202148438 -1755.7606201171875
v -8.893034934997559 -218.35964965820312 -1754.3199462890625
v -6.5232439041137695 -218.8814697265625 -1754.330078125
v -11.418780326843262 -219.4843292236328 -1752.4388427734375
v -15.616354942321777 -221.71456909179688 -1751.5079345703125
v -12.09823226928711 -223.104736328125 -1749.147216796875
v -13.31405258178711 -223.75778198242188 -1746.515625
v -16.489700317382812 -222.98980712890625 -1740.42138671875
v -22.837501525878906 -224.0452117919922 -1739.218994140625
v -23.02975845336914 -224.47117614746094 -1735.5555419921875
v -19.287538528442383 -224.95721435546875 -1732.5037841796875
v -15.612852096557617 -226.3155059814453 -1728.090087890625
v -15.821622848510742 -227.52557373046875 -1725.606689453125
v -16.144794464111328 -228.14178466796875 -1718.3359375
v -12.701886177062988 -228.9341583251953 -1712.0177001953125
v -18.5562801361084 -228.37445068359375 -1710.2984619140625
v -16.318443298339844 -228.98455810546875 -1709.5888671875
v -23.45146942138672 -229.9818572998047 -1710.6201171875
v -21.10235023498535 -231.0017852783203 -1708.5784912109375
v -18.742515563964844 -234.16448974609375 -1703.11279296875
v -27.875139236450195 -232.606689453125 -1705.909912109375
v -37.0030632019043 -232.8826141357422 -1693.4144287109375
v -42.06027603149414 -233.4619140625 -1691.6380615234375
v -41.43626022338867 -234.20008850097656 -1688.0628662109375
v -27.932174682617188 -234.50599670410156 -1699.0499267578125
v -30.524995803833008 -234.3482208251953 -1695.3438720703125
v -44.67417907714844 -233.9305419921875 -1689.1182861328125
v -42.035545349121094 -235.60421752929688 -1684.95654296875
v -37.91145706176758 -236.71348571777344 -1682.8236083984375
v -39.981388092041016 -236.7309112548828 -1671.8505859375
v -38.669639587402344 -236.61705017089844 -1670.1339111328125
v -46.57759094238281 -236.6913299560547 -1665.2869873046875
v -42.37525939941406 -234.99874877929688 -1666.2196044921875
v -55.047611236572266 -239.48760986328125 -1668.21044921875
v -51.33741760253906 -237.92030334472656 -1665.3917236328125
v -52.52278137207031 -237.97303771972656 -1663.9732666015625
v -52.00932693481445 -240.11859130859375 -1660.2452392578125
v 18.988801956176758 -258.9887390136719 -1721.99267578125
v 19.76396942138672 -258.0530090332031 -1723.9647216796875
v 18.961299896240234 -260.3077087402344 -1720.361328125
v 21.302490234375 -257.9252624511719 -1723.775146484375
v 22.131324768066406 -257.84332275390625 -1722.4140625
v 22.872821807861328 -256.1919860839844 -1722.974609375
v 22.630592346191406 -255.39833068847656 -1721.4832763671875
v 20.26215934753418 -254.2797393798828 -1719.420166015625
v 18.514568328857422 -257.4902038574219 -1721.08154296875
v 17.821290969848633 -256.1408386230469 -1719.829833984375
v 29.97288703918457 -212.30259704589844 -1774.044921875
v 32.12294387817383 -211.0843505859375 -1771.5546875
v 36.69480514526367 -214.2022247314453 -1768.9344482421875
v 40.99936294555664 -215.8600616455078 -1764.8543701171875
v 37.58086395263672 -215.3244171142578 -1762.484130859375
v 35.53965759277344 -214.11331176757812 -1759.8338623046875
v 33.947818756103516 -216.52374267578125 -1756.993408203125
v 34.03110885620117 -214.27001953125 -1759.3836669921875
v 36.218544006347656 -217.12908935546875 -1754.8331298828125
v 40.68345642089844 -216.7071533203125 -1751.4229736328125
v 40.7235221862793 -214.992919921875 -1747.232666015625
v 40.25373458862305 -215.0653533935547 -1745.472412109375
v 41.91206741333008 -216.88211059570312 -1743.4420166015625
v 47.18435287475586 -217.88429260253906 -1742.9921875
v 51.07316207885742 -217.75831604003906 -1740.9422607421875
v 48.72694778442383 -216.86325073242188 -1738.681884765625
v 49.67796325683594 -215.61077880859375 -1737.542236328125
v 54.557804107666016 -215.5809326171875 -1736.4024658203125
v 54.57050704956055 -219.8916015625 -1736.0015869140625
v 54.22825622558594 -222.46800231933594 -1734.801025390625
v 50.23291778564453 -224.6300506591797 -1732.6397705078125
v 50.33328628540039 -224.5489959716797 -1727.6787109375
v 52.472232818603516 -224.8118133544922 -1726.6986083984375
v 55.01486587524414 -225.83851623535156 -1724.2783203125
v 58.21792221069336 -225.3523406982422 -1722.1505126953125
v 59.26638412475586 -224.86427307128906 -1718.2825927734375
v 59.14333724975586 -225.32614135742188 -1717.0830078125
v 62.83870315551758 -225.2607879638672 -1714.3214111328125
v 64.94721984863281 -222.86949157714844 -1712.421630859375
v 65.40250396728516 -227.6944580078125 -1708.670654296875
v 61.02128601074219 -229.97860717773438 -1706.466064453125
v 61.85841369628906 -230.16802978515625 -1702.9365234375
v 68.90853118896484 -233.04005432128906 -1696.1064453125
v 71.68050384521484 -234.34735107421875 -1691.204833984375
v 70.85281372070312 -234.43145751953125 -1690.318603515625
v 69.48792266845703 -233.5478515625 -1688.9295654296875
v 69.44225311279297 -231.58761596679688 -1684.6331787109375
v 65.56468963623047 -232.06605529785156 -1682.7861328125
v 64.09064483642578 -230.5014190673828 -1677.7086181640625
v 66.6275405883789 -230.9510040283203 -1673.849609375
v 68.91192626953125 -230.25564575195312 -1670.9814453125
v 71.91087341308594 -231.3621368408203 -1669.2674560546875
v 69.2955093383789 -229.69752502441406 -1669.052490234375
v 67.66263580322266 -230.24839782714844 -1668.1240234375
v 65.47633361816406 -232.11456298828125 -1665.060302734375
v 67.26335144042969 -235.58705139160156 -1662.132080078125
v 70.28748321533203 -236.3314971923828 -1660.9459228515625
v 74.48448944091797 -233.69488525390625 -1661.0306396484375
v 77.1530532836914 -231.50650024414062 -1656.890625
v 76.85880279541016 -231.38839721679688 -1654.650146484375
v 94.43260955810547 -210.46298217773438 -1487.8831787109375
v 93.21794891357422 -210.74298095703125 -1484.3621826171875
v 93.10004425048828 -211.3866729736328 -1482.05078125
v 91.9605484008789 -211.46095275878906 -1474.052490234375
v 94.45594787597656 -223.01528930664062 -1529.928466796875
v 93.33776092529297 -223.91680908203125 -1526.9010009765625
v 89.35391998291016 -224.07569885253906 -1514.4688720703125
v 89.5377197265625 -221.3801727294922 -1507.5899658203125
v 90.88546752929688 -217.4774627685547 -1503.5194091796875
v 94.51177978515625 -208.5555419921875 -1496.7413330078125
v 90.76052856445312 -217.62579345703125 -1498.3404541015625
v 92.44917297363281 -214.4447021484375 -1491.4085693359375
v 93.70394897460938 -210.55313110351562 -1489.5169677734375
v 94.90221405029297 -208.65638732910156 -1492.9093017578125
v 94.590576171875 -209.751953125 -1489.80224609375
v 77.16400146484375 -232.2654571533203 -1652.0582275390625
v 77.25098419189453 -231.46607971191406 -1649.671142578125
v 79.51038360595703 -233.41513061523438 -1646.8189697265625
v 77.63465118408203 -232.90867614746094 -1646.0390625
v 81.17079162597656 -235.76170349121094 -1644.92431640625
v 79.76312255859375 -238.71205139160156 -1642.0107421875
v 84.28015899658203 -238.74765014648438 -1638.4998779296875
v 87.07025909423828 -237.8551788330078 -1631.5850830078125
v 88.56134033203125 -234.95318603515625 -1626.3096923828125
v 84.59003448486328 -233.0033416748047 -1622.3125
v 84.13043975830078 -230.5531463623047 -1620.025390625
v 83.61131286621094 -229.6469268798828 -1618.671142578125
v 81.88787841796875 -228.6992950439453 -1617.7015380859375
v 82.59532928466797 -231.2435760498047 -1616.072265625
v 84.97406005859375 -231.47557067871094 -1615.015625
v 84.51069641113281 -235.32835388183594 -1612.4454345703125
v 86.95269775390625 -233.87942504882812 -1610.201171875
v 83.56991577148438 -237.3592987060547 -1607.739990234375
v 82.7131118774414 -236.7862548828125 -1602.6954345703125
v 78.4437255859375 -236.98460388183594 -1602.0546875
v 76.1491470336914 -235.5527801513672 -1600.8719482421875
v 77.35814666748047 -230.05804443359375 -1595.76171875
v 79.88275146484375 -228.788330078125 -1593.8070068359375
v 81.41078186035156 -227.0159149169922 -1592.2181396484375
v 82.8097152709961 -225.43743896484375 -1589.2359619140625
v 83.35159301757812 -223.85838317871094 -1587.12255859375
v 83.69078063964844 -219.3892059326172 -1585.0694580078125
v 84.04408264160156 -219.29971313476562 -1584.810302734375
v 86.95650482177734 -220.67381286621094 -1579.6536865234375
v 85.30899810791016 -219.82740783691406 -1575.110595703125
v 86.58140563964844 -219.29049682617188 -1571.33056640625
v 85.16439056396484 -207.98870849609375 -1561.7850341796875
v 91.4508285522461 -208.1714630126953 -1563.9500732421875
v 87.25065612792969 -207.59820556640625 -1562.447509765625
v 79.06908416748047 -224.39712524414062 -1563.123046875
v 75.91525268554688 -225.79727172851562 -1560.8319091796875
v 73.43486785888672 -225.5418243408203 -1558.2227783203125
v 81.98512268066406 -207.70330810546875 -1560.0758056640625
v 76.92118835449219 -207.16583251953125 -1558.5411376953125
v 71.80933380126953 -214.03005981445312 -1555.599853515625
v 71.61726379394531 -207.0415496826172 -1555.7060546875
v 86.12053680419922 -207.86886596679688 -1560.9912109375
v 85.6440200805664 -212.7626495361328 -1557.1990966796875
v 91.05546569824219 -218.33750915527344 -1553.53369140625
v 95.33033752441406 -219.4774169921875 -1552.2098388671875
v 85.93778991699219 -218.07652282714844 -1551.9796142578125
v 85.15665435791016 -219.86734008789062 -1569.654541015625
v 81.99163818359375 -218.05816650390625 -1567.662109375
v 79.32447052001953 -218.0216064453125 -1565.915771484375
v 80.11029815673828 -221.5572967529297 -1566.42138671875
v 79.18439483642578 -223.09869384765625 -1566.303955078125
v 77.86473846435547 -225.18661499023438 -1564.0906982421875
v 90.9088134765625 -221.2820587158203 -1547.89892578125
v 94.75318145751953 -221.89820861816406 -1544.2752685546875
v 91.49491882324219 -224.07237243652344 -1536.3145751953125
v 90.12635803222656 -225.71595764160156 -1531.198486328125
v -52.33645248413086 -240.8643341064453 -1657.8873291015625
v -53.33505630493164 -241.3550567626953 -1652.306884765625
v -61.79092788696289 -243.0504913330078 -1652.5260009765625
v -64.8710708618164 -242.2804412841797 -1646.26318359375
v -60.90211486816406 -243.00755310058594 -1646.63623046875
v -64.1257553100586 -241.79295349121094 -1644.6273193359375
v -63.71170425415039 -240.59349060058594 -1642.893310546875
v -65.67536926269531 -236.31277465820312 -1639.616943359375
v -68.2369155883789 -236.0230712890625 -1637.9154052734375
v -68.72987365722656 -236.21153259277344 -1636.5950927734375
v -71.92903900146484 -236.24261474609375 -1635.860107421875
v -75.41205596923828 -235.50961303710938 -1634.5281982421875
v -77.5160140991211 -234.83401489257812 -1634.1478271484375
v -79.15113830566406 -235.8797149658203 -1631.104248046875
v -74.91891479492188 -239.96261596679688 -1630.447509765625
v -76.95606994628906 -242.6316680908203 -1624.2667236328125
v -81.01044464111328 -241.5334930419922 -1614.8409423828125
v -82.40576171875 -241.49766540527344 -1611.91845703125
v -79.90247344970703 -243.13113403320312 -1610.352294921875
v -77.73297882080078 -243.599853515625 -1606.6776123046875
v -77.60529327392578 -243.71685791015625 -1603.7735595703125
v -75.78643798828125 -242.93106079101562 -1598.5311279296875
v -72.07572937011719 -242.4052734375 -1596.4368896484375
v -72.65668487548828 -239.9225311279297 -1593.3956298828125
v -67.06393432617188 -239.7316436767578 -1593.12890625
v -67.39694213867188 -240.2086944580078 -1589.4407958984375
v -68.15006256103516 -239.26426696777344 -1585.8079833984375
v -64.97695922851562 -240.40208435058594 -1580.1514892578125
v -59.66024398803711 -241.8211669921875 -1577.1796875
v -58.952510833740234 -240.9505615234375 -1573.0693359375
v -59.141998291015625 -238.89918518066406 -1570.0291748046875
v -60.186275482177734 -237.88394165039062 -1568.1041259765625
v -58.412147521972656 -237.8992462158203 -1565.81396484375
v -57.91687774658203 -239.67138671875 -1561.384765625
v -57.67643737792969 -239.646240234375 -1557.5682373046875
v -61.19547653198242 -238.8375701904297 -1555.7637939453125
v -61.85368347167969 -238.35150146484375 -1546.353271484375
v -65.6156005859375 -238.52366638183594 -1545.3958740234375
v -59.39402389526367 -239.88235473632812 -1551.9466552734375
v -64.87065124511719 -237.2086944580078 -1541.5333251953125
v -67.50328826904297 -236.56488037109375 -1540.302001953125
v -62.80380630493164 -238.71780395507812 -1539.50830078125
v -63.602535247802734 -238.30458068847656 -1536.1614990234375
v -64.7081527709961 -237.70535278320312 -1531.5037841796875
v -70.72611999511719 -238.18060302734375 -1526.4569091796875
v -78.88518524169922 -238.28648376464844 -1528.1419677734375
v -75.7044448852539 -239.33358764648438 -1528.3167724609375
v -82.03495025634766 -238.02532958984375 -1518.39404296875
v -75.79075622558594 -236.53900146484375 -1515.04052734375
v -66.6514663696289 -235.6880340576172 -1509.792236328125
v -73.8089828491211 -235.33204650878906 -1505.87939453125
v -72.98225402832031 -235.54071044921875 -1502.326904296875
v -70.00370788574219 -234.63638305664062 -1499.9853515625
v -80.79241180419922 -234.5371856689453 -1496.142822265625
v -67.10194396972656 -232.2703094482422 -1497.1923828125
v 7.4567718505859375 -255.79434204101562 -1335.8631591796875
v 1.6902079582214355 -262.14373779296875 -1335.164306640625
v 26.415786743164062 -241.816650390625 -1341.297119140625
v 16.650650024414062 -248.7126922607422 -1337.86572265625
v 91.19622039794922 -211.27064514160156 -1470.335205078125
v 89.6248779296875 -212.53321838378906 -1466.18115234375
v 89.53555297851562 -212.82838439941406 -1463.7044677734375
v 88.96380615234375 -213.5205841064453 -1461.118896484375
v 87.40450286865234 -214.56687927246094 -1461.4202880859375
v 85.83158874511719 -221.71731567382812 -1455.2662353515625
v 82.38030242919922 -228.11720275878906 -1448.1263427734375
v 82.53372955322266 -224.97140502929688 -1455.49267578125
v 79.15194702148438 -230.72149658203125 -1447.824462890625
v 79.34231567382812 -232.49208068847656 -1433.993408203125
v 79.22630310058594 -231.28292846679688 -1422.3541259765625
v 79.22679901123047 -229.30825805664062 -1413.829345703125
v 82.40747833251953 -223.92816162109375 -1410.0084228515625
v 78.99886322021484 -227.2645721435547 -1407.2242431640625
v 80.06316375732422 -223.62982177734375 -1403.1651611328125
v 78.48711395263672 -222.84954833984375 -1397.7491455078125
v 78.41273498535156 -222.1553497314453 -1395.4583740234375
v 76.57568359375 -221.6988067626953 -1392.635498046875
v 74.65013122558594 -218.52398681640625 -1386.5052490234375
v 74.2564468383789 -217.71078491210938 -1384.8643798828125
v 73.32528686523438 -216.83766174316406 -1383.1846923828125
v 72.430419921875 -216.3942108154297 -1380.89501953125
v 71.06299591064453 -215.20619201660156 -1378.2847900390625
v 69.27355194091797 -214.28103637695312 -1375.844970703125
v 70.11599731445312 -215.10084533691406 -1377.5281982421875
v 67.5345458984375 -213.87217712402344 -1372.88916015625
v 68.2109146118164 -214.2498016357422 -1374.5477294921875
v 63.89617156982422 -213.22152709960938 -1368.4718017578125
v 63.24154281616211 -225.5548095703125 -1364.700439453125
v 55.641117095947266 -226.35345458984375 -1357.764892578125
v 55.34331512451172 -240.04681396484375 -1357.564208984375
v 52.3919677734375 -242.19065856933594 -1355.0030517578125
v 45.62749481201172 -239.78085327148438 -1350.701416015625
v 40.34440612792969 -246.0213165283203 -1348.22412109375
v 36.014404296875 -229.85023498535156 -1346.929443359375
v 29.312192916870117 -234.41934204101562 -1343.7047119140625
v -78.95970916748047 -233.1899871826172 -1493.0517578125
v -80.24185943603516 -230.6243133544922 -1489.17626953125
v -85.20120239257812 -231.74752807617188 -1488.8897705078125
v -80.60623168945312 -232.37020874023438 -1484.6583251953125
v -85.87504577636719 -232.4097442626953 -1481.2091064453125
v -79.99107360839844 -232.4901885986328 -1482.2496337890625
v -89.7847671508789 -232.34634399414062 -1478.5914306640625
v -77.85603332519531 -234.7495880126953 -1478.28271484375
v -68.90538024902344 -237.28480529785156 -1473.718505859375
v -70.75118255615234 -238.8562774658203 -1463.370849609375
v -68.55756378173828 -240.69924926757812 -1457.51513671875
v -61.44175720214844 -245.42013549804688 -1450.837890625
v -58.18602752685547 -248.20712280273438 -1440.515380859375
v -56.77460479736328 -247.2410888671875 -1429.559326171875
v -56.97146987915039 -246.5315399169922 -1424.3460693359375
v -49.17026901245117 -247.10922241210938 -1416.6021728515625
v -66.57320404052734 -242.42994689941406 -1414.4647216796875
v -66.55705261230469 -239.59471130371094 -1401.797607421875
v -78.37820434570312 -236.9652557373047 -1403.78564453125
v -97.18551635742188 -228.56544494628906 -1402.3814697265625
v -76.53839874267578 -235.62826538085938 -1397.326416015625
v -88.38145446777344 -229.9685821533203 -1394.9161376953125
v -100.10328674316406 -223.9205322265625 -1397.35400390625
v -103.94542694091797 -219.15606689453125 -1395.6068115234375
v -99.8835678100586 -215.32513427734375 -1385.988037109375
v -104.23133850097656 -212.1070556640625 -1389.091552734375
v -102.31224060058594 -210.5467071533203 -1385.48681640625
v -102.80571746826172 -210.61441040039062 -1384.69677734375
v -100.97916412353516 -209.6309051513672 -1381.9005126953125
v -98.8216323852539 -209.7530975341797 -1378.40673828125
v -92.83391571044922 -209.04525756835938 -1371.4837646484375
v -92.13470458984375 -217.09088134765625 -1367.7989501953125
v -85.39392852783203 -215.81024169921875 -1362.110107421875
v -80.25979614257812 -217.46546936035156 -1357.4356689453125
v -75.86170959472656 -214.6704559326172 -1355.477783203125
v -71.64021301269531 -237.26486206054688 -1347.4559326171875
v -69.72331237792969 -231.16290283203125 -1346.921142578125
v -4.6491875648498535 -256.42437744140625 -1334.28271484375
v -14.407906532287598 -261.5632629394531 -1331.988525390625
v -19.95833969116211 -260.2882080078125 -1331.85546875
v -60.611942291259766 -230.79335021972656 -1343.200927734375
v -48.08552932739258 -231.9466094970703 -1340.0032958984375
v -36.809329986572266 -229.62208557128906 -1339.0859375
v -28.691362380981445 -241.3773956298828 -1334.6864013671875
v -19.915903091430664 -248.41468811035156 -1332.6385498046875
v -17.017166137695312 -253.5697479248047 -1332.2203369140625
v 11.82126522064209 -232.36949157714844 -1765.0634765625
v 12.47727108001709 -234.8055419921875 -1761.2528076171875
v 11.338809967041016 -236.8983154296875 -1757.49169921875
v 19.120464324951172 -210.72732543945312 -1778.215087890625
v 21.690488815307617 -209.3197479248047 -1778.985107421875
v 20.59368896484375 -209.3406524658203 -1777.955078125
v 23.656898498535156 -209.76551818847656 -1767.9144287109375
v 21.88298988342285 -214.66970825195312 -1766.2740478515625
v 15.194365501403809 -234.74716186523438 -1757.962158203125
v 22.242570877075195 -215.40162658691406 -1761.4635009765625
v 21.201656341552734 -219.78753662109375 -1757.40283203125
v 16.595983505249023 -240.56808471679688 -1750.8399658203125
v 17.508081436157227 -236.70814514160156 -1750.1600341796875
v 21.332275390625 -230.15675354003906 -1746.5394287109375
v 20.09714698791504 -235.63040161132812 -1745.7086181640625
v 25.410005569458008 -215.89666748046875 -1780.765380859375
v 24.56284523010254 -209.8306427001953 -1777.8651123046875
v 11.40284252166748 -238.30661010742188 -1749.2989501953125
v 9.124348640441895 -237.37850952148438 -1746.717529296875
v 6.682863235473633 -233.1593475341797 -1749.0985107421875
v 2.4193286895751953 -219.5126953125 -1758.2418212890625
v 3.746253728866577 -224.55014038085938 -1755.20068359375
v 4.620553016662598 -228.93450927734375 -1752.7598876953125
v 5.592959880828857 -227.7977294921875 -1751.5296630859375
v 3.783115863800049 -218.77577209472656 -1758.7220458984375
v 3.453296661376953 -217.6267852783203 -1758.8021240234375
v 3.9268717765808105 -216.3445281982422 -1760.5625
v 6.976902484893799 -216.40403747558594 -1754.7716064453125
v 3.1083028316497803 -218.86390686035156 -1749.9097900390625
v -5.628864765167236 -216.62745666503906 -1754.8704833984375
v -7.801130294799805 -216.7127685546875 -1753.14990234375
v -6.997237682342529 -217.48532104492188 -1754.650390625
v -7.047285556793213 -218.41827392578125 -1753.639892578125
v -6.51010799407959 -218.45950317382812 -1751.9393310546875
v -3.5685951709747314 -218.7696533203125 -1749.618896484375
v -8.783047676086426 -217.1878204345703 -1750.6187744140625
v -10.97984504699707 -219.7435302734375 -1751.4185791015625
v -10.686476707458496 -222.20794677734375 -1749.61767578125
v -5.830445766448975 -220.7853240966797 -1746.0469970703125
v -12.787050247192383 -222.19976806640625 -1741.0029296875
v -12.327086448669434 -223.96937561035156 -1737.9505615234375
v -19.83582305908203 -223.94805908203125 -1738.0887451171875
v -14.125797271728516 -224.65292358398438 -1737.69970703125
v -10.593775749206543 -224.6039581298828 -1732.536865234375
v -11.580415725708008 -226.3670654296875 -1727.961669921875
v -6.87835693359375 -225.82350158691406 -1726.25244140625
v -10.926935195922852 -227.59779357910156 -1721.3541259765625
v -7.293356418609619 -228.72994995117188 -1712.884521484375
v -11.339089393615723 -228.6891326904297 -1709.574951171875
v -11.120758056640625 -232.6992950439453 -1706.073974609375
v -9.302578926086426 -230.39759826660156 -1707.1309814453125
v -10.753820419311523 -234.3668670654297 -1702.704833984375
v -18.75653839111328 -234.6952667236328 -1695.093505859375
v -32.991451263427734 -234.55023193359375 -1691.1280517578125
v -32.96997833251953 -236.23963928222656 -1687.4705810546875
v -24.52240753173828 -235.3683624267578 -1695.1552734375
v -19.33111572265625 -235.8824462890625 -1691.00439453125
v -25.475006103515625 -234.6604766845703 -1690.47119140625
v -33.65016174316406 -237.2164306640625 -1681.6734619140625
v -36.523948669433594 -236.87301635742188 -1677.8426513671875
v -31.128257751464844 -237.88832092285156 -1669.52880859375
v -33.68209457397461 -237.38705444335938 -1666.9241943359375
v -39.112735748291016 -234.92626953125 -1666.4080810546875
v -47.226585388183594 -237.5311279296875 -1663.9376220703125
v -39.430904388427734 -235.5556640625 -1664.241943359375
v -41.47270965576172 -239.5660858154297 -1661.02001953125
v -40.544715881347656 -241.302978515625 -1656.676513671875
v -43.91725540161133 -241.52565002441406 -1654.1212158203125
v 17.45878028869629 -257.2052307128906 -1722.2421875
v 20.28352165222168 -256.8272399902344 -1728.188232421875
v 15.883795738220215 -256.9999084472656 -1729.4681396484375
v 16.79591941833496 -256.7803039550781 -1723.87353515625
v 24.082683563232422 -255.1671600341797 -1726.0574951171875
v 25.55603790283203 -254.4789581298828 -1722.445068359375
v 24.634918212890625 -252.9799041748047 -1720.152587890625
v 18.773813247680664 -250.70065307617188 -1717.85791015625
v 21.24215316772461 -249.10757446289062 -1717.48876953125
v 13.860600471496582 -256.55767822265625 -1722.2108154296875
v 16.58193016052246 -249.9171600341797 -1718.3775634765625
v 27.076494216918945 -208.3326416015625 -1773.3048095703125
v 29.771913528442383 -208.9117431640625 -1771.004638671875
v 34.366580963134766 -212.59445190429688 -1768.614501953125
v 32.608863830566406 -213.03041076660156 -1765.6942138671875
v 32.25080871582031 -212.74319458007812 -1760.9337158203125
v 29.840545654296875 -214.71604919433594 -1757.973388671875
v 34.08810806274414 -216.65249633789062 -1754.173095703125
v 33.8415412902832 -214.5611114501953 -1749.6025390625
v 37.92179489135742 -213.60101318359375 -1746.362548828125
v 36.9598274230957 -212.27818298339844 -1744.132568359375
v 37.982215881347656 -215.5140380859375 -1741.7918701171875
v 43.287200927734375 -217.9272003173828 -1740.171630859375
v 46.94943618774414 -217.84857177734375 -1739.811767578125
v 47.75996017456055 -218.3618621826172 -1738.0216064453125
v 45.477787017822266 -223.8666534423828 -1736.2099609375
v 45.53833770751953 -222.04132080078125 -1737.7506103515625
v 44.110694885253906 -226.32081604003906 -1733.1588134765625
v 46.53629684448242 -225.8693084716797 -1732.2489013671875
v 48.415340423583984 -225.19842529296875 -1727.748291015625
v 49.35869598388672 -222.36770629882812 -1723.99853515625
v 52.09245681762695 -223.43447875976562 -1724.0185546875
v 53.67289352416992 -222.98902893066406 -1721.12841796875
v 55.5120964050293 -222.509765625 -1719.188720703125
v 57.03330993652344 -224.02462768554688 -1718.5626220703125
v 55.42884063720703 -225.1403350830078 -1717.84716796875
v 56.981224060058594 -227.2158660888672 -1715.892333984375
v 61.201927185058594 -227.64529418945312 -1712.8746337890625
v 63.25417709350586 -227.45408630371094 -1710.6724853515625
v 55.096195220947266 -228.4393310546875 -1714.234619140625
v 50.170841217041016 -228.2721710205078 -1714.603515625
v 58.504459381103516 -229.75479125976562 -1706.873046875
v 57.26620101928711 -228.41110229492188 -1703.5211181640625
v 61.644554138183594 -229.82456970214844 -1698.7216796875
v 65.19488525390625 -231.91702270507812 -1696.0780029296875
v 63.82654571533203 -230.82814025878906 -1694.07763671875
v 66.69344329833984 -231.83201599121094 -1691.6243896484375
v 66.53069305419922 -230.56932067871094 -1687.6883544921875
v 68.81654357910156 -231.6280059814453 -1686.22802734375
v 60.73604965209961 -228.5937957763672 -1688.3648681640625
v 63.15203094482422 -228.57351684570312 -1689.719970703125
v 60.41953659057617 -228.38174438476562 -1684.572998046875
v 61.87881851196289 -229.5799102783203 -1681.5277099609375
v 55.9244499206543 -229.5458984375 -1680.4703369140625
v 58.534175872802734 -230.99752807617188 -1672.9349365234375
v 65.24240112304688 -231.0705108642578 -1667.328125
v 63.84443664550781 -231.93963623046875 -1663.3204345703125
v 63.13734436035156 -232.76507568359375 -1660.4522705078125
v 69.10771942138672 -237.81887817382812 -1657.257080078125
v 65.83194732666016 -236.6614990234375 -1657.6319580078125
v 71.63044738769531 -237.3011932373047 -1657.6533203125
v 74.99542236328125 -233.65615844726562 -1658.6966552734375
v 76.21890258789062 -232.55239868164062 -1651.9771728515625
v 92.31541442871094 -211.71951293945312 -1482.237548828125
v 90.71967315673828 -211.82667541503906 -1470.87109375
v 86.84123229980469 -227.36782836914062 -1526.374755859375
v 85.42192077636719 -227.54513549804688 -1518.8966064453125
v 80.9800796508789 -227.12721252441406 -1505.5491943359375
v 86.66020965576172 -221.94723510742188 -1502.6319580078125
v 84.2947006225586 -224.02711486816406 -1496.681640625
v 87.74821472167969 -220.92352294921875 -1489.1583251953125
v 90.009765625 -216.27381896972656 -1481.833984375
v 75.45787811279297 -230.58473205566406 -1648.853271484375
v 76.52313232421875 -229.8518524169922 -1648.7559814453125
v 77.6928939819336 -230.52523803710938 -1647.485107421875
v 74.86417388916016 -232.6576385498047 -1646.6776123046875
v 76.48348999023438 -227.3941650390625 -1647.704833984375
v 73.8123779296875 -235.5841064453125 -1644.7198486328125
v 77.9368896484375 -237.6378936767578 -1643.7891845703125
v 74.6104736328125 -238.97352600097656 -1641.4140625
v 78.7409896850586 -240.3076629638672 -1637.939697265625
v 83.34640502929688 -239.71824645996094 -1634.60205078125
v 85.38550567626953 -237.61708068847656 -1629.0965576171875
v 83.93603515625 -234.8628692626953 -1624.140380859375
v 82.115234375 -235.95712280273438 -1620.1439208984375
v 80.05146026611328 -234.16741943359375 -1617.1600341796875
v 80.80241394042969 -232.7462158203125 -1616.628662109375
v 79.98519897460938 -235.08993530273438 -1614.9654541015625
v 81.82133483886719 -237.0811767578125 -1611.1353759765625
v 79.4267349243164 -238.49363708496094 -1609.46875
v 78.38803100585938 -238.51242065429688 -1605.50244140625
v 75.09290313720703 -238.25152587890625 -1605.7742919921875
v 73.33732604980469 -237.008544921875 -1604.4041748046875
v 72.8509292602539 -233.32154846191406 -1601.546875
v 75.16301727294922 -231.06895446777344 -1597.7310791015625
v 78.31381225585938 -229.58460998535156 -1593.0623779296875
v 80.75992584228516 -226.7716522216797 -1591.47216796875
v 82.29252624511719 -224.73716735839844 -1586.3819580078125
v 82.2088623046875 -219.27099609375 -1578.5848388671875
v 83.67979431152344 -219.08352661132812 -1580.3428955078125
v 82.8060302734375 -219.4976348876953 -1576.1546630859375
v 81.43302154541016 -219.68048095703125 -1574.5867919921875
v 84.39183807373047 -218.72805786132812 -1570.5562744140625
v 74.4797592163086 -226.800537109375 -1561.5540771484375
v 71.09133911132812 -227.9000244140625 -1558.1015625
v 69.67306518554688 -228.34202575683594 -1556.6737060546875
v 82.28377532958984 -207.40087890625 -1559.3428955078125
v 78.56436920166016 -206.39608764648438 -1558.212890625
v 74.08264923095703 -206.4255828857422 -1556.53125
v 69.32747650146484 -221.17201232910156 -1555.159912109375
v 67.56253814697266 -214.34930419921875 -1553.7733154296875
v 68.74134826660156 -208.0539093017578 -1554.2125244140625
v 73.45189666748047 -206.2958526611328 -1555.5244140625
v 69.93392944335938 -206.44679260253906 -1554.339111328125
v 80.06405639648438 -207.1995086669922 -1557.5841064453125
v 80.27501678466797 -212.91015625 -1554.624755859375
v 76.38148498535156 -218.31063842773438 -1548.08984375
v 81.20850372314453 -223.54306030273438 -1543.1361083984375
v 77.6392822265625 -220.69476318359375 -1546.0133056640625
v 82.41102600097656 -217.70321655273438 -1568.9949951171875
v 79.35006713867188 -215.88778686523438 -1567.7520751953125
v 78.71730041503906 -216.3522491455078 -1566.4012451171875
v 76.9146957397461 -217.81053161621094 -1566.4874267578125
v 76.77049255371094 -215.93031311035156 -1566.5833740234375
v 79.05703735351562 -221.00355529785156 -1567.1937255859375
v 77.7772445678711 -222.8507537841797 -1567.761962890625
v 72.78878784179688 -225.93089294433594 -1565.6890869140625
v 88.54045104980469 -223.77215576171875 -1542.2364501953125
v 88.81497955322266 -224.47703552246094 -1538.216796875
v 83.30924987792969 -228.15769958496094 -1534.281005859375
v -48.015865325927734 -241.89657592773438 -1648.528564453125
v -54.76255798339844 -241.36622619628906 -1644.3021240234375
v -50.78068923950195 -241.87767028808594 -1647.4180908203125
v -59.69773483276367 -241.32925415039062 -1642.7479248046875
v -54.053958892822266 -240.53451538085938 -1642.1195068359375
v -58.26484298706055 -237.75265502929688 -1640.3145751953125
v -61.44694519042969 -236.78761291503906 -1640.591552734375
v -64.74129486083984 -235.56956481933594 -1638.7122802734375
v -63.1022834777832 -238.3928985595703 -1635.4105224609375
v -65.97942352294922 -239.57814025878906 -1632.7037353515625
v -70.54830169677734 -242.9915313720703 -1627.6192626953125
v -72.55229949951172 -244.10641479492188 -1622.175537109375
v -77.83053588867188 -242.97767639160156 -1615.8651123046875
v -76.61775970458984 -244.22775268554688 -1609.267333984375
v -72.6507339477539 -244.38441467285156 -1602.4307861328125
v -69.8001937866211 -244.0758819580078 -1601.641357421875
v -63.91280746459961 -242.26956176757812 -1599.50341796875
v -66.33512878417969 -241.14218139648438 -1595.756591796875
v -63.479549407958984 -241.15232849121094 -1594.5084228515625
v -60.7767448425293 -240.69815063476562 -1586.6346435546875
v -60.38444137573242 -241.5277099609375 -1580.51904296875
v -55.890724182128906 -245.22756958007812 -1577.6683349609375
v -56.57465362548828 -244.7555389404297 -1575.4307861328125
v -55.99638366699219 -243.57684326171875 -1571.4456787109375
v -57.73828887939453 -239.9785919189453 -1570.49658203125
v -57.65511703491211 -236.7714385986328 -1568.1778564453125
v -52.595054626464844 -236.9921875 -1565.2454833984375
v -46.42750930786133 -237.58572387695312 -1562.1011962890625
v -47.99838638305664 -240.22525024414062 -1558.810546875
v -53.13121795654297 -240.67417907714844 -1555.6597900390625
v -56.37389373779297 -240.37530517578125 -1547.574951171875
v -58.05455017089844 -238.06875610351562 -1542.3515625
v -61.80590057373047 -236.74932861328125 -1542.473876953125
v -58.98441696166992 -239.8900909423828 -1538.9742431640625
v -55.901756286621094 -238.80947875976562 -1533.13671875
v -53.90481185913086 -237.6990966796875 -1529.322998046875
v -57.03957748413086 -236.7664031982422 -1526.998046875
v -66.31532287597656 -237.92129516601562 -1526.826904296875
v -73.24528503417969 -237.94674682617188 -1524.09912109375
v -66.7749252319336 -237.20729064941406 -1519.6619873046875
v -62.255069732666016 -236.1842498779297 -1516.5694580078125
v -58.44158172607422 -235.53530883789062 -1513.7081298828125
v -57.55373001098633 -234.13507080078125 -1511.84375
v -57.890445709228516 -233.58778381347656 -1505.13525390625
v -65.50458526611328 -234.96963500976562 -1505.68603515625
v -68.31217193603516 -234.872802734375 -1501.409423828125
v -69.92488861083984 -232.1329803466797 -1494.849853515625
v -64.06380462646484 -232.5906524658203 -1500.2738037109375
v -64.78532409667969 -231.56497192382812 -1498.4437255859375
v -63.652889251708984 -232.91751098632812 -1495.9122314453125
v -66.74656677246094 -233.79754638671875 -1492.3062744140625
v 13.231070518493652 -240.4624786376953 -1338.2264404296875
v 23.57731056213379 -228.1852264404297 -1343.1884765625
v 20.388181686401367 -238.55784606933594 -1339.79443359375
v 88.7435302734375 -212.94239807128906 -1466.0294189453125
v 86.6355972290039 -215.67062377929688 -1466.6815185546875
v 84.94914245605469 -218.7361297607422 -1463.677734375
v 81.2735595703125 -221.53631591796875 -1469.060302734375
v 75.46405792236328 -226.01715087890625 -1466.4959716796875
v 74.03511047363281 -232.8097686767578 -1449.7867431640625
v 74.94913482666016 -234.22354125976562 -1439.9739990234375
v 68.98583221435547 -236.3899688720703 -1435.3516845703125
v 74.20902252197266 -234.82713317871094 -1429.5023193359375
v 71.67023468017578 -235.6059112548828 -1422.569580078125
v 74.69902038574219 -232.85382080078125 -1413.76953125
v 71.17108154296875 -232.72689819335938 -1404.0723876953125
v 74.94982147216797 -227.479736328125 -1398.8759765625
v 72.20178985595703 -222.0366668701172 -1386.3031005859375
v 71.26586151123047 -216.47293090820312 -1380.3333740234375
v 67.33885955810547 -213.8509979248047 -1374.074951171875
v 64.94915771484375 -213.68531799316406 -1371.782470703125
v 65.88938903808594 -213.545166015625 -1371.3292236328125
v 64.38988494873047 -212.59585571289062 -1370.3150634765625
v 61.3257942199707 -212.669677734375 -1367.616943359375
v 59.331787109375 -212.345703125 -1364.446044921875
v 57.45915222167969 -220.24343872070312 -1360.203369140625
v 50.90125274658203 -218.9602813720703 -1355.818359375
v 50.0504150390625 -234.2134246826172 -1353.8553466796875
v 45.316078186035156 -224.1501922607422 -1352.702880859375
v 39.971885681152344 -223.7915496826172 -1349.6512451171875
v 35.44874954223633 -214.12564086914062 -1350.0018310546875
v 31.36574935913086 -216.09510803222656 -1348.380126953125
v -76.88572692871094 -232.22073364257812 -1490.34765625
v -78.52217102050781 -232.36756896972656 -1485.4237060546875
v -75.22362518310547 -233.84962463378906 -1484.126220703125
v -60.62205123901367 -236.156982421875 -1487.7264404296875
v -68.0598373413086 -234.61337280273438 -1485.345947265625
v -55.405860900878906 -241.15956115722656 -1470.807373046875
v -61.33713150024414 -242.84059143066406 -1457.7501220703125
v -48.799278259277344 -250.19198608398438 -1448.0975341796875
v -46.69792938232422 -251.59657287597656 -1441.8338623046875
v -45.6138801574707 -251.46127319335938 -1433.3570556640625
v -43.273338317871094 -252.19570922851562 -1428.6937255859375
v -46.172725677490234 -250.23284912109375 -1423.5836181640625
v -37.9722900390625 -248.1464385986328 -1414.5421142578125
v -55.02913284301758 -242.85032653808594 -1406.4425048828125
v -35.58699035644531 -244.8112335205078 -1405.0784912109375
v -43.73933410644531 -242.9465789794922 -1401.786865234375
v -53.916969299316406 -240.96011352539062 -1398.4095458984375
v -54.37751770019531 -240.57333374023438 -1393.6826171875
v -64.10639953613281 -237.52371215820312 -1389.7679443359375
v -66.40897369384766 -234.99786376953125 -1383.6212158203125
v -88.24432373046875 -226.8965606689453 -1388.1839599609375
v -67.24302673339844 -231.95245361328125 -1376.65576171875
v -94.88152313232422 -219.97674560546875 -1385.197265625
v -94.61639404296875 -214.125 -1379.824951171875
v -101.782958984375 -210.1782684326172 -1384.19384765625
v -95.039306640625 -208.86233520507812 -1377.1002197265625
v -98.23748016357422 -208.9189453125 -1380.325439453125
v -98.66079711914062 -208.607177734375 -1379.70654296875
v -96.5868911743164 -208.61886596679688 -1376.6456298828125
v -93.61683654785156 -207.4402618408203 -1374.1484375
v -91.98916625976562 -207.60104370117188 -1371.894287109375
v -86.66954040527344 -207.9058837890625 -1366.7816162109375
v -80.35118865966797 -207.86231994628906 -1361.3221435546875
v -73.82979583740234 -207.8316650390625 -1357.8507080078125
v -72.941650390625 -213.06419372558594 -1354.4627685546875
v -68.00896453857422 -222.33364868164062 -1348.578125
v -4.91152286529541 -245.93795776367188 -1335.370849609375
v -61.425716400146484 -221.83590698242188 -1346.5098876953125
v -48.455875396728516 -220.98619079589844 -1344.199462890625
v -32.69855499267578 -221.17721557617188 -1342.1251220703125
v -24.579364776611328 -230.5354461669922 -1338.033447265625
v -19.863130569458008 -236.14840698242188 -1335.98779296875
v -3.3871870040893555 -236.72450256347656 -1337.800048828125
v 14.111462593078613 -237.0780487060547 -1757.2918701171875
v 12.715668678283691 -237.8569793701172 -1757.181640625
v 12.643305778503418 -239.9759521484375 -1753.58056640625
v 12.457609176635742 -241.09893798828125 -1750.37939453125
v 23.20885467529297 -208.70790100097656 -1771.5546875
v 23.26179313659668 -208.34445190429688 -1776.39501953125
v 25.361156463623047 -208.7020721435547 -1767.32421875
v 25.584806442260742 -209.43963623046875 -1762.6138916015625
v 23.83567237854004 -210.73712158203125 -1763.654052734375
v 25.05574607849121 -211.23504638671875 -1760.4736328125
v 26.01201820373535 -214.84320068359375 -1756.81298828125
v 22.433502197265625 -222.73916625976562 -1752.431640625
v 16.421222686767578 -243.60813903808594 -1748.3890380859375
v 19.279996871948242 -247.4713134765625 -1740.4658203125
v 25.60690689086914 -223.9123077392578 -1748.680908203125
v 25.821537017822266 -228.4647674560547 -1744.0692138671875
v 22.40935516357422 -236.1032257080078 -1741.2772216796875
v 26.893953323364258 -233.7032928466797 -1739.5672607421875
v 21.241762161254883 -241.830810546875 -1741.06640625
v 20.583240509033203 -246.16493225097656 -1739.5755615234375
v 13.187021255493164 -243.99891662597656 -1743.8265380859375
v 12.707951545715332 -242.8988037109375 -1743.15625
v 9.264741897583008 -237.65243530273438 -1743.8763427734375
v 10.70138168334961 -241.30955505371094 -1741.1448974609375
v 6.9676513671875 -232.4956512451172 -1748.09814453125
v 5.95741081237793 -221.1774444580078 -1755.5413818359375
v 7.827498912811279 -224.6577606201172 -1753.8707275390625
v 7.9046196937561035 -229.1820831298828 -1749.609130859375
v 7.747268199920654 -230.6966552734375 -1748.4085693359375
v 4.19922399520874 -216.44235229492188 -1762.0128173828125
v 6.7198686599731445 -220.03697204589844 -1759.2623291015625
v 6.1109700202941895 -220.47216796875 -1756.6915283203125
v 6.435563087463379 -216.50440979003906 -1759.3624267578125
v 8.213913917541504 -216.6485595703125 -1754.421630859375
v 7.741089344024658 -216.14065551757812 -1750.1104736328125
v 4.591203212738037 -217.2191162109375 -1746.7191162109375
v 2.6332950592041016 -217.9837188720703 -1746.688720703125
v -6.0365495681762695 -215.31927490234375 -1750.3092041015625
v -5.459335803985596 -215.63038635253906 -1751.189453125
v -5.522101402282715 -216.2565460205078 -1751.0694580078125
v -6.4332804679870605 -214.8672332763672 -1748.8887939453125
v -7.377023696899414 -218.3023223876953 -1750.9288330078125
v -5.4339375495910645 -219.13308715820312 -1749.238525390625
v -1.1156039237976074 -217.3574676513672 -1745.5279541015625
v -8.555999755859375 -219.29220581054688 -1750.478515625
v -3.0347394943237305 -219.92129516601562 -1743.3763427734375
v -4.360103607177734 -220.2930908203125 -1740.4547119140625
v -7.767743110656738 -220.28578186035156 -1738.3228759765625
v -10.432310104370117 -221.75540161132812 -1739.3724365234375
v -9.098986625671387 -223.27931213378906 -1734.6993408203125
v -5.840830326080322 -223.21644592285156 -1733.1392822265625
v -2.7900168895721436 -226.2427978515625 -1725.8134765625
v -0.8536304831504822 -224.25299072265625 -1730.7589111328125
v -5.497721195220947 -226.78346252441406 -1723.0394287109375
v -3.688725471496582 -227.01931762695312 -1720.8179931640625
v -0.9493657946586609 -227.08267211914062 -1717.2259521484375
v 0.1121528148651123 -229.20150756835938 -1713.611083984375
v -4.206601619720459 -230.5100555419922 -1710.8427734375
v -7.465141773223877 -230.0738067626953 -1707.4141845703125
v -4.733902931213379 -234.1109161376953 -1700.48974609375
v -2.11824369430542 -232.93023681640625 -1700.284912109375
v -2.7530457973480225 -230.88035583496094 -1702.9215087890625
v -9.018465995788574 -235.26235961914062 -1698.5460205078125
v -11.462611198425293 -235.97821044921875 -1693.7354736328125
v -24.577791213989258 -236.40078735351562 -1684.458251953125
v -15.107850074768066 -238.452880859375 -1685.883056640625
v -21.435457229614258 -236.81944274902344 -1684.073974609375
v -25.303756713867188 -237.78976440429688 -1677.864013671875
v -30.80567741394043 -237.70571899414062 -1677.5078125
v -29.708120346069336 -238.46282958984375 -1672.35791015625
v -24.69886589050293 -238.75303649902344 -1669.388916015625
v -23.432052612304688 -236.94024658203125 -1663.7698974609375
v -33.73790740966797 -236.41958618164062 -1664.17138671875
v -28.31275177001953 -236.269287109375 -1661.1104736328125
v -33.83674621582031 -236.86126708984375 -1662.12939453125
v -36.18783950805664 -238.10052490234375 -1660.8419189453125
v -34.06761169433594 -240.7112579345703 -1654.0731201171875
v -37.50807571411133 -242.63294982910156 -1650.6597900390625
v -43.88611602783203 -242.51077270507812 -1647.2952880859375
v 14.938720703125 -256.4591979980469 -1724.813720703125
v 19.40008544921875 -256.22796630859375 -1731.6005859375
v 22.939014434814453 -253.7572021484375 -1729.479736328125
v 17.141016006469727 -256.8162841796875 -1731.2098388671875
v 13.051179885864258 -255.05331420898438 -1732.0992431640625
v 13.605297088623047 -253.88229370117188 -1735.7020263671875
v 13.960935592651367 -255.44091796875 -1726.554931640625
v 27.250762939453125 -252.60647583007812 -1728.119873046875
v 28.944705963134766 -250.6910858154297 -1728.13037109375
v 27.987455368041992 -251.21063232421875 -1724.3472900390625
v 26.155202865600586 -253.16598510742188 -1721.804443359375
v 25.801645278930664 -247.44554138183594 -1720.033203125
v 19.016023635864258 -246.58816528320312 -1717.1478271484375
v 27.09935760498047 -242.64645385742188 -1720.174560546875
v 22.262615203857422 -241.49542236328125 -1718.0411376953125
v 13.158222198486328 -253.54666137695312 -1725.9639892578125
v 13.238031387329102 -254.78118896484375 -1723.221435546875
v 14.555628776550293 -252.9152374267578 -1721.2698974609375
v 14.046401023864746 -247.8869171142578 -1719.768310546875
v 14.83830738067627 -242.12059020996094 -1719.2291259765625
v 26.285762786865234 -207.963623046875 -1770.9246826171875
v 26.655302047729492 -208.9595184326172 -1766.814208984375
v 27.992259979248047 -210.17745971679688 -1761.7939453125
v 26.515047073364258 -210.94735717773438 -1759.9237060546875
v 27.092147827148438 -213.57122802734375 -1757.853271484375
v 28.87892723083496 -214.2672119140625 -1755.9931640625
v 30.123533248901367 -212.31509399414062 -1751.2828369140625
v 34.3704948425293 -210.26197814941406 -1746.2628173828125
v 36.167850494384766 -210.98910522460938 -1745.4326171875
v 34.459102630615234 -209.71603393554688 -1741.4224853515625
v 35.909488677978516 -212.0178680419922 -1739.221923828125
v 38.637046813964844 -215.75062561035156 -1740.291748046875
v 44.78586959838867 -218.61322021484375 -1739.301513671875
v 41.451576232910156 -216.79641723632812 -1739.4615478515625
v 42.000572204589844 -217.86729431152344 -1738.72119140625
v 42.881309509277344 -224.604248046875 -1735.7095947265625
v 42.6102180480957 -221.98606872558594 -1737.9005126953125
v 40.55308151245117 -225.80055236816406 -1733.0582275390625
v 43.84284591674805 -227.46730041503906 -1729.0872802734375
v 46.14037322998047 -226.12716674804688 -1726.357177734375
v 46.28168869018555 -224.17803955078125 -1723.457275390625
v 45.9697265625 -222.83074951171875 -1721.5972900390625
v 49.15385818481445 -220.30848693847656 -1721.93896484375
v 51.17310333251953 -220.17047119140625 -1721.789306640625
v 49.993247985839844 -217.51219177246094 -1720.5303955078125
v 52.126827239990234 -221.99520874023438 -1721.5587158203125
v 52.47407531738281 -223.40269470214844 -1720.31787109375
v 50.1419563293457 -225.7169952392578 -1719.6263427734375
v 48.34747314453125 -226.5547332763672 -1718.8153076171875
v 42.653751373291016 -225.71820068359375 -1718.50439453125
v 45.20219039916992 -227.06637573242188 -1714.4329833984375
v 49.515869140625 -228.5581817626953 -1711.152099609375
v 47.49515914916992 -226.8343963623047 -1708.2818603515625
v 52.301387786865234 -225.32046508789062 -1702.994140625
v 55.5621452331543 -225.43231201171875 -1701.7662353515625
v 57.664730072021484 -226.6269073486328 -1698.42529296875
v 60.242889404296875 -226.2013397216797 -1693.090576171875
v 63.353912353515625 -228.51913452148438 -1691.0869140625
v 56.077030181884766 -227.49635314941406 -1688.4407958984375
v 56.52583694458008 -228.97747802734375 -1685.08837890625
v 59.91493225097656 -228.6126251220703 -1687.094970703125
v 60.41292190551758 -226.344482421875 -1691.272705078125
v 54.88285446166992 -228.75331115722656 -1684.61865234375
v 52.90769958496094 -228.24462890625 -1678.9307861328125
v 53.60659408569336 -229.2569580078125 -1675.2958984375
v 56.05668640136719 -230.00149536132812 -1669.4091796875
v 57.145477294921875 -230.63050842285156 -1668.1219482421875
v 59.69623947143555 -231.6372528076172 -1664.380859375
v 57.54046630859375 -231.89364624023438 -1658.60693359375
v 62.3111572265625 -232.50547790527344 -1658.9539794921875
v 62.55521011352539 -233.249267578125 -1656.4173583984375
v 63.79365158081055 -235.95704650878906 -1653.9058837890625
v 64.90731048583984 -237.3661651611328 -1651.98681640625
v 72.67086029052734 -237.27244567871094 -1653.424072265625
v 68.61827087402344 -237.72293090820312 -1651.2066650390625
v 74.4610366821289 -236.0368194580078 -1655.167724609375
v 74.27693939208984 -235.69149780273438 -1652.629150390625
v 86.96443176269531 -217.44406127929688 -1471.9259033203125
v 78.5477523803711 -230.6542205810547 -1521.301513671875
v 78.6617660522461 -230.59474182128906 -1517.869384765625
v 71.4937744140625 -231.34681701660156 -1508.3924560546875
v 69.9408187866211 -231.8118896484375 -1504.63427734375
v 80.68943786621094 -225.0272216796875 -1501.4849853515625
v 75.06751251220703 -228.02902221679688 -1498.4737548828125
v 80.00809478759766 -226.6898651123047 -1493.1217041015625
v 83.40546417236328 -222.77996826171875 -1482.3968505859375
v 86.2872543334961 -220.95346069335938 -1484.2841796875
v 87.87841796875 -217.9276885986328 -1477.8023681640625
v 72.44764709472656 -234.33677673339844 -1648.7423095703125
v 74.90243530273438 -231.5221710205078 -1647.8504638671875
v 75.99883270263672 -227.34426879882812 -1648.134521484375
v 72.50306701660156 -234.08656311035156 -1646.43310546875
v 71.00188446044922 -234.9356689453125 -1645.460693359375
v 70.5287857055664 -235.9337921142578 -1642.2681884765625
v 72.50460815429688 -238.51812744140625 -1639.34375
v 75.02974700927734 -239.5005645751953 -1636.3961181640625
v 77.89306640625 -240.22622680664062 -1636.70947265625
v 79.81971740722656 -239.297119140625 -1632.2681884765625
v 79.50305938720703 -238.0579071044922 -1630.2520751953125
v 82.65910339355469 -236.58644104003906 -1627.164306640625
v 82.05587768554688 -236.705322265625 -1626.094970703125
v 80.57685089111328 -238.7037353515625 -1624.4610595703125
v 79.96757507324219 -239.1516571044922 -1622.912353515625
v 76.47615814208984 -240.1805877685547 -1620.9873046875
v 78.26810455322266 -235.93429565429688 -1616.869873046875
v 76.3619613647461 -236.52406311035156 -1613.960693359375
v 74.90113830566406 -236.71484375 -1612.818115234375
v 75.62752532958984 -238.27825927734375 -1609.759521484375
v 73.021484375 -237.99940490722656 -1608.443115234375
v 70.57518768310547 -236.53103637695312 -1608.8441162109375
v 69.2047348022461 -234.17514038085938 -1606.2244873046875
v 69.63618469238281 -233.27134704589844 -1603.5509033203125
v 72.43033599853516 -232.4640350341797 -1600.543212890625
v 74.48506927490234 -232.46194458007812 -1590.0693359375
v 79.25982666015625 -229.0289306640625 -1582.906982421875
v 81.35057830810547 -224.58522033691406 -1581.315673828125
v 80.59302520751953 -220.94418334960938 -1575.739013671875
v 79.95465850830078 -218.87648010253906 -1572.54541015625
v 78.98641967773438 -217.05899047851562 -1570.5660400390625
v 70.92052459716797 -228.0386199951172 -1560.0543212890625
v 68.82713317871094 -229.485107421875 -1557.6383056640625
v 67.20596313476562 -230.49786376953125 -1555.066162109375
v 63.76371383666992 -231.595458984375 -1551.329833984375
v 62.93501663208008 -223.75428771972656 -1550.75390625
v 65.03340911865234 -210.95497131347656 -1551.317138671875
v 62.26128387451172 -213.67349243164062 -1549.029052734375
v 66.76444244384766 -207.9844207763672 -1552.3623046875
v 75.0550537109375 -206.85354614257812 -1555.291015625
v 70.86604309082031 -206.9039306640625 -1553.3958740234375
v 75.72681427001953 -211.89840698242188 -1552.599853515625
v 66.4235610961914 -212.0813446044922 -1549.5242919921875
v 59.1185302734375 -216.70050048828125 -1544.7073974609375
v 63.94655227661133 -223.11114501953125 -1540.7891845703125
v 80.45771789550781 -226.13941955566406 -1538.716064453125
v 66.43546295166016 -226.32220458984375 -1536.9881591796875
v 77.75521850585938 -215.8984832763672 -1569.2034912109375
v 75.74339294433594 -217.04295349121094 -1567.778564453125
v 75.58221435546875 -216.40499877929688 -1567.2548828125
v 78.37152099609375 -221.72000122070312 -1570.52490234375
v 78.13755798339844 -219.92735290527344 -1570.6405029296875
v 74.43087005615234 -225.20013427734375 -1568.19482421875
v 77.6988296508789 -223.03372192382812 -1570.9608154296875
v 68.10295104980469 -228.5953369140625 -1564.6148681640625
v 68.43266296386719 -228.1541748046875 -1563.2113037109375
v 72.10189819335938 -229.1437225341797 -1532.0576171875
v 75.3458480834961 -230.3706817626953 -1527.595947265625
v -50.178836822509766 -241.21861267089844 -1641.713623046875
v -55.43250274658203 -237.79867553710938 -1639.8599853515625
v -51.040164947509766 -238.76565551757812 -1639.3353271484375
v -58.55314254760742 -237.7315673828125 -1639.18603515625
v -55.408538818359375 -240.38919067382812 -1635.6402587890625
v -58.193180084228516 -240.96449279785156 -1630.0614013671875
v -60.49978256225586 -241.09080505371094 -1629.3360595703125
v -68.43428039550781 -243.61007690429688 -1626.0133056640625
v -66.2068862915039 -244.1814727783203 -1623.838623046875
v -66.18668365478516 -244.37034606933594 -1619.61083984375
v -69.2412338256836 -245.16220092773438 -1617.562255859375
v -71.3575668334961 -244.9036865234375 -1615.144775390625
v -65.64202880859375 -243.93307495117188 -1611.88623046875
v -62.893150329589844 -242.26039123535156 -1603.74072265625
v -60.529293060302734 -242.3544921875 -1600.2099609375
v -60.75809860229492 -242.2551727294922 -1597.1759033203125
v -56.525718688964844 -243.41885375976562 -1587.0230712890625
v -51.53349685668945 -244.64317321777344 -1583.759521484375
v -49.61172866821289 -245.8052978515625 -1579.8199462890625
v -51.29241943359375 -246.22293090820312 -1576.9830322265625
v -54.38271713256836 -245.0210418701172 -1573.713623046875
v -49.33695983886719 -244.35775756835938 -1571.515869140625
v -49.61762619018555 -242.8450927734375 -1569.15869140625
v -55.039180755615234 -241.24343872070312 -1568.8326416015625
v -56.26785659790039 -237.32943725585938 -1568.224853515625
v -52.9781608581543 -237.4087677001953 -1566.5474853515625
v -47.84209060668945 -235.9897918701172 -1565.2686767578125
v -47.96788787841797 -235.75917053222656 -1564.41015625
v -46.689781188964844 -236.03707885742188 -1564.6363525390625
v -45.80641174316406 -239.01039123535156 -1562.2503662109375
v -44.81931686401367 -239.03439331054688 -1560.1771240234375
v -42.29155349731445 -241.10171508789062 -1556.6177978515625
v -41.110870361328125 -241.87803649902344 -1553.746826171875
v -46.80111312866211 -241.8594207763672 -1551.0682373046875
v -49.53622817993164 -241.26856994628906 -1550.9771728515625
v -45.56538391113281 -240.95166015625 -1542.06201171875
v -53.824180603027344 -238.56686401367188 -1542.420654296875
v -54.278343200683594 -239.7589569091797 -1538.981689453125
v -48.42225646972656 -238.27638244628906 -1532.154052734375
v -49.158172607421875 -235.3548126220703 -1527.7138671875
v -57.77130889892578 -236.41738891601562 -1524.473876953125
v -52.084228515625 -234.89700317382812 -1523.531494140625
v -57.842201232910156 -235.75628662109375 -1519.1895751953125
v -53.93661117553711 -235.10174560546875 -1518.931640625
v -49.958980560302734 -233.10372924804688 -1520.1920166015625
v -50.59461212158203 -232.76654052734375 -1515.5689697265625
v -56.64603042602539 -233.74510192871094 -1508.83251953125
v -63.1875114440918 -234.10540771484375 -1503.2913818359375
v -54.287601470947266 -234.0343475341797 -1506.59765625
v -52.67808151245117 -236.58560180664062 -1503.421875
v -58.3902587890625 -234.05770874023438 -1502.2515869140625
v -71.61968231201172 -232.35821533203125 -1490.676513671875
v -68.92337799072266 -233.3434295654297 -1488.5179443359375
v -60.536312103271484 -233.41966247558594 -1498.9039306640625
v -57.729576110839844 -233.97386169433594 -1497.073974609375
v -59.029659271240234 -234.8630828857422 -1491.81103515625
v -64.19137573242188 -233.6554412841797 -1490.2237548828125
v 11.55306339263916 -229.9032440185547 -1340.6031494140625
v 21.1844482421875 -215.71194458007812 -1347.03125
v 82.6423568725586 -221.84437561035156 -1475.197021484375
v 78.52272033691406 -223.2597198486328 -1472.4422607421875
v 72.40802001953125 -226.55059814453125 -1472.7462158203125
v 65.4549331665039 -231.5953369140625 -1458.1717529296875
v 67.58660125732422 -234.11083984375 -1451.705322265625
v 67.08086395263672 -237.2765655517578 -1442.5343017578125
v 59.41415786743164 -237.3199005126953 -1440.8984375
v 59.16352081298828 -238.33567810058594 -1432.703857421875
v 64.3146743774414 -238.0155029296875 -1423.51806640625
v 67.32005310058594 -236.73507690429688 -1410.98828125
v 63.20343017578125 -235.49827575683594 -1399.9345703125
v 68.93102264404297 -230.27516174316406 -1394.7884521484375
v 68.765380859375 -226.84654235839844 -1388.21826171875
v 67.02301788330078 -219.6775360107422 -1377.58544921875
v 59.0841064453125 -225.19837951660156 -1375.1732177734375
v 60.49209976196289 -218.07345581054688 -1369.9107666015625
v 58.57912826538086 -211.94528198242188 -1364.7103271484375
v 50.46620178222656 -221.70338439941406 -1363.9713134765625
v 48.17594909667969 -218.5487518310547 -1360.3792724609375
v 46.48884963989258 -212.2232208251953 -1356.7186279296875
v 55.503055572509766 -211.5325469970703 -1362.2947998046875
v 54.427947998046875 -212.45379638671875 -1359.79638671875
v 50.03424072265625 -211.94178771972656 -1357.2523193359375
v 44.38291931152344 -212.56546020507812 -1354.43603515625
v 39.821537017822266 -214.34463500976562 -1352.0838623046875
v 36.45600128173828 -213.40975952148438 -1351.5091552734375
v 31.871475219726562 -213.6120147705078 -1349.7371826171875
v 27.130460739135742 -215.33712768554688 -1348.16357421875
v -56.08180236816406 -236.5564422607422 -1486.5645751953125
v -58.20376205444336 -237.2984619140625 -1483.792236328125
v -51.76680374145508 -240.83798217773438 -1472.7288818359375
v -47.62678527832031 -243.97927856445312 -1464.5186767578125
v -50.844635009765625 -245.29808044433594 -1459.7313232421875
v -45.030494689941406 -244.70787048339844 -1461.067138671875
v -46.97093200683594 -246.92434692382812 -1454.97998046875
v -42.38216018676758 -250.56488037109375 -1446.59521484375
v -42.15436935424805 -252.49749755859375 -1444.062255859375
v -42.739192962646484 -253.14828491210938 -1441.86181640625
v -41.99859619140625 -254.4512176513672 -1435.5048828125
v -42.2509765625 -253.3157196044922 -1432.198486328125
v -41.30592346191406 -251.785400390625 -1427.37841796875
v -38.70245361328125 -250.61407470703125 -1423.169677734375
v -31.92579460144043 -250.26971435546875 -1418.5494384765625
v -26.019044876098633 -247.40081787109375 -1413.842529296875
v -25.763946533203125 -246.7684326171875 -1412.271728515625
v -29.597904205322266 -245.31053161621094 -1406.446044921875
v -29.02833366394043 -245.24496459960938 -1401.2935791015625
v -31.021432876586914 -244.2346649169922 -1398.5501708984375
v -27.374385833740234 -244.48416137695312 -1390.5439453125
v -41.69825744628906 -242.67225646972656 -1393.25048828125
v -36.01361846923828 -242.53594970703125 -1388.91845703125
v -48.6828498840332 -239.71543884277344 -1384.5174560546875
v -55.539527893066406 -235.4897003173828 -1376.0927734375
v -77.12580108642578 -226.35171508789062 -1376.2642822265625
v -67.35547637939453 -229.49832153320312 -1372.6844482421875
v -53.195674896240234 -232.21200561523438 -1367.6044921875
v -88.11437225341797 -214.57379150390625 -1374.0101318359375
v -82.54891967773438 -220.7200164794922 -1374.4764404296875
v -95.5107650756836 -208.20249938964844 -1376.3729248046875
v -92.24014282226562 -207.51339721679688 -1373.9788818359375
v -84.52165222167969 -207.85968017578125 -1368.478515625
v -85.24654388427734 -206.88905334472656 -1367.5106201171875
v -84.25224304199219 -206.61590576171875 -1366.5206298828125
v -79.7514877319336 -206.5382537841797 -1362.0897216796875
v -74.17679595947266 -206.831298828125 -1359.7003173828125
v -69.29630279541016 -207.6565399169922 -1356.0247802734375
v -62.46409225463867 -213.20306396484375 -1350.818603515625
v -56.10599899291992 -209.74423217773438 -1351.3076171875
v -45.44795608520508 -211.13400268554688 -1348.869140625
v -29.921648025512695 -213.39340209960938 -1346.2303466796875
v -35.322261810302734 -212.13818359375 -1347.4957275390625
v -23.30270767211914 -217.39952087402344 -1344.15869140625
v -18.729515075683594 -226.7087860107422 -1339.707763671875
v -10.21003246307373 -229.23135375976562 -1339.7791748046875
v -2.639683485031128 -224.59347534179688 -1342.186767578125
v 14.365766525268555 -240.3976287841797 -1753.3505859375
v 14.425251007080078 -243.1869354248047 -1750.1195068359375
v 13.469918251037598 -244.40151977539062 -1748.2086181640625
v 13.031306266784668 -247.12623596191406 -1743.9765625
v 27.103303909301758 -214.4437255859375 -1755.7430419921875
v 25.59143829345703 -219.7276611328125 -1752.02197265625
v 26.64118194580078 -214.89712524414062 -1753.5126953125
v 15.598917961120605 -245.29469299316406 -1747.1983642578125
v 16.65266990661621 -247.88775634765625 -1743.5169677734375
v 18.021860122680664 -250.7066650390625 -1739.3349609375
v 21.3872127532959 -251.87998962402344 -1734.9429931640625
v 26.292905807495117 -219.1122589111328 -1750.6519775390625
v 27.09956932067871 -222.38038635253906 -1745.7105712890625
v 27.666614532470703 -230.45901489257812 -1739.337646484375
v 26.675914764404297 -240.71917724609375 -1738.59619140625
v 29.92024040222168 -237.8425750732422 -1735.875732421875
v 29.600399017333984 -233.76348876953125 -1735.8663330078125
v 25.331533432006836 -244.29049682617188 -1738.2357177734375
v 12.480134963989258 -248.647705078125 -1742.5958251953125
v 13.37448501586914 -245.9990692138672 -1739.71435546875
v 10.15287971496582 -236.69493103027344 -1742.9161376953125
v 11.328457832336426 -239.22300720214844 -1740.0145263671875
v 11.695730209350586 -244.26754760742188 -1736.4521484375
v 11.266355514526367 -242.2616424560547 -1736.8624267578125
v 8.781092643737793 -222.9595947265625 -1753.380859375
v 9.179296493530273 -223.937744140625 -1754.56103515625
v 10.733321189880371 -225.52264404296875 -1754.14111328125
v 12.075244903564453 -228.39991760253906 -1751.2000732421875
v 12.92201042175293 -229.6259002685547 -1749.3695068359375
v 11.432095527648926 -232.73301696777344 -1744.987548828125
v 6.471441745758057 -218.25051879882812 -1760.6727294921875
v 9.65516471862793 -220.565673828125 -1759.71240234375
v 10.480447769165039 -223.95266723632812 -1757.7921142578125
v 10.040931701660156 -224.16177368164062 -1756.6717529296875
v 9.235262870788574 -218.6494140625 -1758.5023193359375
v 12.927276611328125 -220.51121520996094 -1749.6004638671875
v 9.946440696716309 -216.3336181640625 -1749.2705078125
v 8.706877708435059 -214.3919219970703 -1745.4197998046875
v 6.89354133605957 -215.1893310546875 -1746.769775390625
v 5.374300003051758 -216.61734008789062 -1745.9190673828125
v 2.989572286605835 -218.51792907714844 -1745.5484619140625
v -0.4042718708515167 -217.7236328125 -1744.8377685546875
v -1.8007789850234985 -220.08274841308594 -1742.6162109375
v -1.7097322940826416 -221.97259521484375 -1739.0841064453125
v -6.077066421508789 -219.98936462402344 -1736.7525634765625
v -7.566654682159424 -220.38792419433594 -1736.5218505859375
v -2.2231688499450684 -222.444580078125 -1734.5714111328125
v -0.5618634819984436 -225.43052673339844 -1728.416748046875
v 0.7683899998664856 -222.92503356933594 -1733.0711669921875
v 2.345170021057129 -223.16000366210938 -1730.51025390625
v 2.304966449737549 -224.38153076171875 -1722.303955078125
v 7.155655860900879 -225.90399169921875 -1720.5040283203125
v 4.137371063232422 -227.75193786621094 -1715.246826171875
v -1.7354772090911865 -230.33543395996094 -1711.3057861328125
v 4.756196022033691 -227.99234008789062 -1712.1240234375
v -3.2128865718841553 -230.864013671875 -1707.6085205078125
v -3.261850595474243 -230.51559448242188 -1704.8043212890625
v -4.889191150665283 -234.90000915527344 -1694.17431640625
v -0.17865855991840363 -228.9580841064453 -1702.38671875
v 2.0794565677642822 -229.30458068847656 -1697.8133544921875
v 0.09524516761302948 -232.5843963623047 -1694.3790283203125
v -2.8421950340270996 -235.1459503173828 -1691.525146484375
v -5.302628993988037 -236.82244873046875 -1689.439697265625
v -8.115240097045898 -238.31809997558594 -1684.218505859375
v -18.212800979614258 -238.34710693359375 -1678.87255859375
v -15.77396297454834 -238.17123413085938 -1679.9508056640625
v -5.454713344573975 -238.43258666992188 -1675.541748046875
v -19.800846099853516 -238.94085693359375 -1673.6334228515625
v -21.01192283630371 -239.41378784179688 -1669.1279296875
v -19.008914947509766 -237.57440185546875 -1665.324951171875
v -11.351175308227539 -236.53001403808594 -1662.0667724609375
v -22.628292083740234 -235.46923828125 -1659.357421875
v -15.94665813446045 -236.39141845703125 -1659.474365234375
v -28.270315170288086 -236.89918518066406 -1658.7236328125
v -22.59334945678711 -235.4063262939453 -1658.330322265625
v -31.93146324157715 -238.24288940429688 -1658.8699951171875
v -31.56775665283203 -240.3500518798828 -1653.4190673828125
v -33.42856979370117 -241.19007873535156 -1646.634765625
v -34.56523513793945 -241.88768005371094 -1644.7294921875
v -37.3421516418457 -242.57611083984375 -1642.5440673828125
v -45.64729309082031 -242.36717224121094 -1640.6685791015625
v 17.592288970947266 -253.0482177734375 -1736.783447265625
v 16.875625610351562 -255.07073974609375 -1734.2718505859375
v 23.223464965820312 -251.9463348388672 -1732.982177734375
v 11.588698387145996 -253.22323608398438 -1734.1204833984375
v 10.940069198608398 -253.384765625 -1729.346435546875
v 12.26567268371582 -250.8704376220703 -1739.6541748046875
v 14.089658737182617 -251.3218231201172 -1740.0947265625
v 25.65691566467285 -249.10577392578125 -1734.6236572265625
v 27.875749588012695 -250.70143127441406 -1730.5716552734375
v 29.03382110595703 -245.19793701171875 -1734.394287109375
v 31.254499435424805 -238.85232543945312 -1731.803955078125
v 31.30351448059082 -240.6704864501953 -1727.5712890625
v 28.335966110229492 -243.79141235351562 -1721.355712890625
v 18.370588302612305 -241.53311157226562 -1718.0496826171875
v 28.32662010192871 -239.92320251464844 -1721.89697265625
v 24.58904457092285 -235.2024688720703 -1720.516357421875
v 21.37582015991211 -234.727294921875 -1719.8248291015625
v 9.867180824279785 -249.4349822998047 -1725.532470703125
v 12.415229797363281 -248.74745178222656 -1722.9207763671875
v 13.387462615966797 -252.0591583251953 -1723.6617431640625
v 9.314316749572754 -245.88502502441406 -1725.0120849609375
v 10.729609489440918 -243.03114318847656 -1722.8609619140625
v 12.3458890914917 -236.48440551757812 -1722.703125
v 15.323904991149902 -235.83555603027344 -1720.6627197265625
v 27.79900360107422 -212.65115356445312 -1752.3829345703125
v 29.985912322998047 -210.20912170410156 -1748.70263671875
v 31.617116928100586 -209.0085906982422 -1742.1624755859375
v 29.140928268432617 -211.27191162109375 -1738.8714599609375
v 36.4408073425293 -212.32550048828125 -1738.48193359375
v 40.73457717895508 -214.90011596679688 -1737.9716796875
v 39.290008544921875 -220.60891723632812 -1736.93017578125
v 40.27051544189453 -215.75350952148438 -1737.361328125
v 36.66997146606445 -217.6373291015625 -1735.4202880859375
v 39.126468658447266 -223.53077697753906 -1734.9791259765625
v 36.94526290893555 -223.8176727294922 -1730.357666015625
v 35.264747619628906 -221.4947052001953 -1732.49853515625
v 41.17669677734375 -226.72055053710938 -1729.6171875
v 42.35697937011719 -226.3545379638672 -1726.466552734375
v 44.53519058227539 -225.76702880859375 -1724.486572265625
v 44.563297271728516 -222.61683654785156 -1721.5970458984375
v 47.948753356933594 -221.8773651123047 -1721.43798828125
v 43.211830139160156 -222.00173950195312 -1720.5870361328125
v 46.475093841552734 -223.4453887939453 -1720.7269287109375
v 49.39118957519531 -220.64073181152344 -1720.978759765625
v 50.75291442871094 -221.48403930664062 -1720.8685302734375
v 42.936317443847656 -224.70654296875 -1719.4552001953125
v 40.06707763671875 -225.25173950195312 -1721.0350341796875
v 39.52180862426758 -225.63943481445312 -1718.2437744140625
v 40.22632598876953 -226.58834838867188 -1713.7518310546875
v 43.116966247558594 -226.2616729736328 -1710.8017578125
v 45.813453674316406 -226.78285217285156 -1706.36083984375
v 43.644073486328125 -227.68011474609375 -1704.36865234375
v 46.063316345214844 -226.99264526367188 -1701.799560546875
v 51.13496780395508 -226.70254516601562 -1699.46728515625
v 55.09817123413086 -225.052001953125 -1700.0892333984375
v 55.709529876708984 -225.6387939453125 -1697.929931640625
v 56.00260925292969 -224.89625549316406 -1690.68896484375
v 52.39591598510742 -224.57101440429688 -1686.7540283203125
v 53.99298095703125 -227.47328186035156 -1686.289794921875
v 52.68465805053711 -227.43048095703125 -1680.509521484375
v 51.29907989501953 -227.26919555664062 -1679.2796630859375
v 45.40514373779297 -228.2861785888672 -1679.037841796875
v 51.735557556152344 -230.55593872070312 -1671.5462646484375
v 54.83250427246094 -230.86175537109375 -1667.23876953125
v 56.00059127807617 -230.99778747558594 -1663.317626953125
v 56.014644622802734 -231.6802520751953 -1661.14990234375
v 61.247291564941406 -232.30218505859375 -1657.0859375
v 61.204376220703125 -231.28549194335938 -1652.8670654296875
v 60.50349426269531 -231.49261474609375 -1652.6953125
v 62.04709243774414 -233.14012145996094 -1651.6649169921875
v 62.38557815551758 -233.84764099121094 -1649.3739013671875
v 66.41255950927734 -236.94924926757812 -1649.4853515625
v 70.65970611572266 -236.9095001220703 -1650.015625
v 74.92662811279297 -231.1792449951172 -1523.4320068359375
v 67.15621185302734 -233.29808044433594 -1517.588134765625
v 64.1560287475586 -234.26821899414062 -1513.6884765625
v 60.220611572265625 -233.61729431152344 -1510.385009765625
v 60.68479919433594 -234.0218505859375 -1504.927490234375
v 63.68723678588867 -232.67599487304688 -1501.423095703125
v 67.68189239501953 -229.79110717773438 -1495.2412109375
v 72.08121490478516 -227.82489013671875 -1494.49951171875
v 77.69928741455078 -226.63278198242188 -1488.500732421875
v 76.52651977539062 -226.10308837890625 -1481.048095703125
v 69.32035064697266 -235.39453125 -1647.3897705078125
v 67.70841217041016 -235.0139923095703 -1646.2086181640625
v 65.93809509277344 -234.0126953125 -1645.13818359375
v 68.82637023925781 -234.99319458007812 -1641.470458984375
v 69.39727020263672 -236.12205505371094 -1637.5078125
v 72.81420135498047 -237.81805419921875 -1635.207275390625
v 76.4102783203125 -238.3769989013672 -1631.3043212890625
v 79.24311065673828 -238.08116149902344 -1628.7938232421875
v 76.96672821044922 -240.66561889648438 -1626.9276123046875
v 75.31468200683594 -241.3232421875 -1622.5196533203125
v 72.94282531738281 -240.6638641357422 -1619.9384765625
v 74.68498992919922 -237.21356201171875 -1616.865966796875
v 72.06121826171875 -236.5064697265625 -1616.071044921875
v 72.22827911376953 -235.8346710205078 -1612.85107421875
v 70.45526123046875 -234.50726318359375 -1612.5499267578125
v 68.41879272460938 -231.5823516845703 -1613.1136474609375
v 68.29122161865234 -233.57257080078125 -1607.3497314453125
v 66.96617126464844 -234.11077880859375 -1606.51513671875
v 61.750816345214844 -236.42884826660156 -1609.315185546875
v 59.9742431640625 -237.2193603515625 -1603.7161865234375
v 67.99710083007812 -235.1586151123047 -1597.783447265625
v 68.24349975585938 -235.5255889892578 -1590.0443115234375
v 69.49097442626953 -234.83641052246094 -1583.0111083984375
v 71.5196533203125 -233.3653106689453 -1574.60693359375
v 75.70030975341797 -228.64048767089844 -1573.809326171875
v 79.269775390625 -224.70094299316406 -1575.453125
v 78.73204040527344 -219.0237274169922 -1571.833740234375
v 76.86881256103516 -217.3238525390625 -1570.217041015625
v 63.9430046081543 -229.64923095703125 -1561.4490966796875
v 65.0926513671875 -229.21961975097656 -1559.829833984375
v 65.06462860107422 -229.46932983398438 -1556.997314453125
v 64.74700927734375 -230.97523498535156 -1554.677734375
v 65.08001708984375 -231.5597381591797 -1553.3917236328125
v 63.41358947753906 -232.38267517089844 -1552.161376953125
v 61.18272018432617 -232.7149200439453 -1549.353759765625
v 60.3646354675293 -232.25196838378906 -1547.6290283203125
v 59.57309341430664 -223.51361083984375 -1547.6842041015625
v 65.45091247558594 -210.5302734375 -1550.6361083984375
v 63.23867416381836 -212.73648071289062 -1549.0457763671875
v 59.48432159423828 -215.18038940429688 -1546.34765625
v 58.71888732910156 -217.5787811279297 -1546.26806640625
v 67.75140380859375 -208.8623046875 -1551.517333984375
v 57.60176086425781 -217.91006469726562 -1544.46240234375
v 57.05148696899414 -219.00563049316406 -1542.7000732421875
v 57.428253173828125 -220.25140380859375 -1541.2137451171875
v 54.92277526855469 -222.9104461669922 -1538.2398681640625
v 55.4550895690918 -225.82583618164062 -1535.0887451171875
v 54.17958450317383 -230.0579071044922 -1527.794189453125
v 69.37339782714844 -230.42276000976562 -1567.614990234375
v 63.07435607910156 -232.0213623046875 -1564.2789306640625
v 64.0092544555664 -232.87954711914062 -1523.21728515625
v -47.396728515625 -239.88812255859375 -1637.5712890625
v -48.7567138671875 -239.4799346923828 -1636.712890625
v -51.315982818603516 -242.1913604736328 -1628.7481689453125
v -55.839202880859375 -241.275634765625 -1625.8133544921875
v -57.1953010559082 -242.31085205078125 -1621.931640625
v -59.092350006103516 -243.3052978515625 -1616.84765625
v -55.15126037597656 -242.1251220703125 -1609.4139404296875
v -52.451717376708984 -242.46568298339844 -1604.15185546875
v -53.545799255371094 -243.24749755859375 -1600.9749755859375
v -55.43669128417969 -243.32000732421875 -1596.593505859375
v -54.044944763183594 -243.69700622558594 -1587.9140625
v -46.99119567871094 -245.13858032226562 -1584.7164306640625
v -47.36042404174805 -245.27978515625 -1582.5908203125
v -43.730281829833984 -244.0214385986328 -1578.4794921875
v -47.59713363647461 -245.2290496826172 -1573.9266357421875
v -44.1770133972168 -244.43679809570312 -1568.489501953125
v -46.42329788208008 -243.83221435546875 -1565.489501953125
v -50.25820541381836 -239.96168518066406 -1567.3023681640625
v -48.82461929321289 -240.57028198242188 -1566.5555419921875
v -46.81546401977539 -241.3537139892578 -1563.8084716796875
v -45.048770904541016 -242.27154541015625 -1562.599853515625
v -44.13823699951172 -239.1581268310547 -1560.80224609375
v -39.54157638549805 -238.3344268798828 -1560.966552734375
v -39.72069549560547 -237.57601928710938 -1560.0772705078125
v -36.27762985229492 -239.0704803466797 -1556.0594482421875
v -35.97520065307617 -240.35415649414062 -1552.171142578125
v -36.56760787963867 -241.0543212890625 -1549.310546875
v -43.03266143798828 -242.03736877441406 -1547.2742919921875
v -50.48997497558594 -239.29025268554688 -1541.2088623046875
v -38.656612396240234 -240.72509765625 -1542.5167236328125
v -39.20552062988281 -239.90586853027344 -1539.72900390625
v -44.69236755371094 -239.37374877929688 -1538.82958984375
v -46.673095703125 -239.91128540039062 -1536.146728515625
v -41.292076110839844 -237.35910034179688 -1532.2515869140625
v -41.71074295043945 -235.26597595214844 -1527.576171875
v -41.69411087036133 -234.8981170654297 -1524.8184814453125
v -47.11157989501953 -234.28256225585938 -1522.8525390625
v -44.3009033203125 -233.05780029296875 -1521.105712890625
v -47.419090270996094 -232.75196838378906 -1517.5921630859375
v -49.166038513183594 -234.0019073486328 -1510.57861328125
v -49.118927001953125 -234.64895629882812 -1507.072021484375
v -48.14167404174805 -233.99624633789062 -1503.888671875
v -48.932395935058594 -235.02186584472656 -1502.05419921875
v -53.13100814819336 -235.968017578125 -1501.722412109375
v -53.94800567626953 -234.15792846679688 -1492.5885009765625
v 14.038715362548828 -218.66250610351562 -1344.92236328125
v 7.1306233406066895 -217.0513153076172 -1345.3388671875
v 18.75917625427246 -216.39910888671875 -1347.1185302734375
v 23.944704055786133 -215.77867126464844 -1348.2330322265625
v 25.780855178833008 -215.49002075195312 -1348.255126953125
v 14.403664588928223 -217.1061248779297 -1346.1124267578125
v 74.45380401611328 -224.7896270751953 -1475.1934814453125
v 68.82233428955078 -227.21231079101562 -1478.3304443359375
v 66.04107666015625 -228.2871551513672 -1472.6630859375
v 57.24787521362305 -229.5396728515625 -1469.601318359375
v 50.26797103881836 -228.91925048828125 -1464.808837890625
v 55.37332534790039 -233.52804565429688 -1452.78271484375
v 52.9007682800293 -232.95347595214844 -1451.331787109375
v 50.24549865722656 -233.1367645263672 -1449.6656494140625
v 50.766544342041016 -234.72373962402344 -1446.1873779296875
v 47.28706741333008 -235.00552368164062 -1440.9798583984375
v 48.5958137512207 -233.87757873535156 -1443.6512451171875
v 52.24481201171875 -236.91893005371094 -1432.498779296875
v 52.250362396240234 -239.0787811279297 -1424.0689697265625
v 49.55570602416992 -240.65206909179688 -1410.97900390625
v 59.294097900390625 -239.63848876953125 -1410.22412109375
v 53.00401306152344 -237.79827880859375 -1396.771728515625
v 56.110870361328125 -234.1774444580078 -1388.255126953125
v 61.62589645385742 -230.2970733642578 -1385.3587646484375
v 44.24884796142578 -230.98825073242188 -1369.0701904296875
v 50.58205032348633 -226.0489044189453 -1368.260986328125
v 39.80722427368164 -226.0352783203125 -1360.7646484375
v 39.82228469848633 -219.03860473632812 -1355.4765625
v 48.170589447021484 -211.57601928710938 -1357.16064453125
v 45.551204681396484 -212.14598083496094 -1355.7216796875
v 39.59420394897461 -213.58297729492188 -1353.27685546875
v 41.4044075012207 -212.89073181152344 -1353.70166015625
v 32.105316162109375 -213.9748992919922 -1350.447509765625
v -52.15848922729492 -233.7072296142578 -1490.4656982421875
v -54.542274475097656 -237.80999755859375 -1483.5892333984375
v -51.79549026489258 -238.4480438232422 -1479.1378173828125
v -49.867008209228516 -239.4203338623047 -1474.628662109375
v -48.14491653442383 -240.49588012695312 -1470.5867919921875
v -45.993568420410156 -241.68728637695312 -1465.7437744140625
v -45.6759147644043 -244.53582763671875 -1462.447021484375
v -43.844791412353516 -243.5579833984375 -1460.7318115234375
v -43.21536636352539 -246.00320434570312 -1455.7025146484375
v -41.77421951293945 -247.19732666015625 -1452.78662109375
v -40.1086540222168 -248.43722534179688 -1448.990966796875
v -40.54231643676758 -249.71444702148438 -1445.60498046875
v -41.676979064941406 -253.06016540527344 -1442.348876953125
v -40.83915328979492 -253.76417541503906 -1438.785400390625
v -38.89139938354492 -251.8974609375 -1436.3927001953125
v -38.85538864135742 -251.33633422851562 -1429.6798095703125
v -35.85789108276367 -250.7429656982422 -1431.444091796875
v -34.30387878417969 -251.15760803222656 -1422.673828125
v -29.023921966552734 -252.48268127441406 -1421.082763671875
v -27.352588653564453 -251.01170349121094 -1418.927734375
v -26.158451080322266 -249.39132690429688 -1417.440673828125
v -23.964136123657227 -246.38650512695312 -1414.79443359375
v -22.115846633911133 -246.55274963378906 -1412.0982666015625
v -23.01572036743164 -246.31295776367188 -1407.2740478515625
v -24.48009490966797 -245.84515380859375 -1400.870361328125
v -14.156912803649902 -246.61495971679688 -1383.462890625
v -17.640432357788086 -245.70765686035156 -1381.61376953125
v -23.971786499023438 -243.88272094726562 -1378.112548828125
v -35.380859375 -240.14443969726562 -1373.5224609375
v -30.417551040649414 -238.2339324951172 -1364.78759765625
v -66.83168029785156 -225.57785034179688 -1366.802734375
v -57.49692153930664 -228.57334899902344 -1364.6146240234375
v -37.173187255859375 -233.78173828125 -1360.5863037109375
v -81.2801513671875 -217.87892150878906 -1370.875244140625
v -77.99577331542969 -212.58187866210938 -1365.2235107421875
v -73.42924499511719 -221.49082946777344 -1367.8575439453125
v -79.12716674804688 -206.52655029296875 -1363.5634765625
v -73.53728485107422 -207.99844360351562 -1360.8594970703125
v -68.637939453125 -207.70785522460938 -1357.8358154296875
v -66.9469223022461 -207.42391967773438 -1355.981201171875
v -64.41436767578125 -208.1929931640625 -1355.144775390625
v -60.53415298461914 -208.53298950195312 -1353.236328125
v -56.179622650146484 -209.14895629882812 -1352.4925537109375
v -50.109622955322266 -209.5915069580078 -1350.93359375
v -48.10760498046875 -210.28677368164062 -1350.399658203125
v -43.45844268798828 -210.48431396484375 -1349.505859375
v -39.27052307128906 -211.30299377441406 -1348.8026123046875
v -30.026704788208008 -212.62860107421875 -1347.2071533203125
v -24.627145767211914 -214.2416229248047 -1346.6051025390625
v -35.1173095703125 -211.59954833984375 -1348.4293212890625
v -33.96134948730469 -212.4508819580078 -1348.3526611328125
v -18.554250717163086 -215.52940368652344 -1345.61865234375
v -12.733133316040039 -217.5345458984375 -1345.2181396484375
v -5.712299823760986 -218.7038116455078 -1345.0760498046875
v 13.794671058654785 -248.41864013671875 -1743.5965576171875
v 26.522001266479492 -212.5822296142578 -1749.992431640625
v 12.95022964477539 -250.8243865966797 -1742.065673828125
v 26.24172019958496 -216.65243530273438 -1747.1414794921875
v 27.286766052246094 -222.96363830566406 -1742.689697265625
v 27.693655014038086 -229.81231689453125 -1738.0673828125
v 26.719985961914062 -228.83189392089844 -1735.4564208984375
v 28.829484939575195 -230.9498748779297 -1728.333251953125
v 11.354703903198242 -251.3134765625 -1742.4755859375
v 11.859951972961426 -249.629150390625 -1741.155029296875
v 12.940335273742676 -247.78897094726562 -1735.9119873046875
v 12.116092681884766 -247.49586486816406 -1733.489990234375
v 12.843022346496582 -235.57818603515625 -1741.6661376953125
v 13.174012184143066 -235.07640075683594 -1741.0958251953125
v 12.162469863891602 -236.83920288085938 -1738.8642578125
v 10.347585678100586 -237.26954650878906 -1735.97216796875
v 8.94192123413086 -243.80892944335938 -1730.747314453125
v 12.795428276062012 -225.2848663330078 -1755.0714111328125
v 12.569964408874512 -226.08740234375 -1752.90087890625
v 13.44135856628418 -225.75299072265625 -1751.1004638671875
v 13.32481575012207 -227.18739318847656 -1750.4901123046875
v 13.68522834777832 -230.09487915039062 -1746.45849609375
v 12.828569412231445 -232.6719970703125 -1743.4169921875
v 12.118390083312988 -221.5647735595703 -1758.7724609375
v 13.016712188720703 -223.95640563964844 -1757.08203125
v 13.420589447021484 -221.3104248046875 -1756.2919921875
v 14.436197280883789 -222.5816650390625 -1746.679443359375
v 11.197796821594238 -216.98316955566406 -1748.100341796875
v 13.166973114013672 -219.59083557128906 -1745.8095703125
v 12.542564392089844 -215.5357666015625 -1744.919921875
v 7.096094608306885 -213.93743896484375 -1744.8494873046875
v 7.606524467468262 -214.95175170898438 -1744.83935546875
v 5.164443016052246 -220.86441040039062 -1744.0777587890625
v 11.215753555297852 -218.3479461669922 -1744.4390869140625
v 1.5073449611663818 -222.7329864501953 -1739.44482421875
v 2.8099944591522217 -224.126953125 -1725.5067138671875
v 4.909954071044922 -222.582763671875 -1733.3026123046875
v 8.389652252197266 -221.13539123535156 -1727.47119140625
v 4.032573223114014 -223.2089080810547 -1727.3087158203125
v 6.941646575927734 -225.27903747558594 -1723.9866943359375
v 10.976903915405273 -225.57635498046875 -1720.595947265625
v 10.009002685546875 -227.91107177734375 -1717.4617919921875
v 12.781462669372559 -227.26853942871094 -1718.4642333984375
v 6.646148204803467 -228.26768493652344 -1714.8175048828125
v 3.1675198078155518 -229.41143798828125 -1708.1771240234375
v 8.692572593688965 -230.22706604003906 -1708.501220703125
v 2.409184217453003 -229.63070678710938 -1705.2825927734375
v 1.3533107042312622 -232.76573181152344 -1692.568359375
v 3.344539165496826 -229.18603515625 -1703.071533203125
v 2.617727041244507 -228.13253784179688 -1699.9688720703125
v 3.3645777702331543 -229.0165252685547 -1697.26513671875
v 4.685593128204346 -230.21237182617188 -1692.209716796875
v 2.8527586460113525 -236.16334533691406 -1687.7113037109375
v -1.816502571105957 -238.43104553222656 -1685.21240234375
v -11.921070098876953 -238.23939514160156 -1668.6363525390625
v -12.414793014526367 -237.66748046875 -1676.669677734375
v 1.7080209255218506 -238.27658081054688 -1678.2427978515625
v -1.2840850353240967 -236.8537139892578 -1670.03662109375
v -3.891935348510742 -237.45004272460938 -1671.6956787109375
v -16.24958610534668 -238.24606323242188 -1670.6455078125
v -6.310646057128906 -236.049072265625 -1666.214599609375
v -1.7108368873596191 -234.3660888671875 -1664.454345703125
v -1.2880735397338867 -234.28750610351562 -1663.3681640625
v -9.86445426940918 -236.5654296875 -1660.3863525390625
v -8.597526550292969 -239.23875427246094 -1651.0302734375
v -18.97124481201172 -237.69500732421875 -1652.6591796875
v -22.516708374023438 -238.15975952148438 -1653.10498046875
v -26.49106788635254 -240.07899475097656 -1653.822021484375
v -27.579830169677734 -241.3695068359375 -1649.30419921875
v -29.938720703125 -241.389892578125 -1644.734375
v -29.25611114501953 -242.1605224609375 -1641.3941650390625
v -39.8286018371582 -241.82034301757812 -1640.23046875
v -30.7333927154541 -242.8375244140625 -1636.8148193359375
v -35.673118591308594 -242.6164093017578 -1639.504638671875
v -44.792476654052734 -241.50930786132812 -1638.876708984375
v 11.749122619628906 -250.85171508789062 -1736.4420166015625
v 10.64846420288086 -251.48585510253906 -1731.9383544921875
v 9.62469482421875 -250.54624938964844 -1730.026611328125
v 9.052318572998047 -249.50238037109375 -1727.1937255859375
v 31.18161964416504 -238.07315063476562 -1728.192138671875
v 28.796483993530273 -231.4601593017578 -1726.7724609375
v 24.837568283081055 -230.9576873779297 -1722.30908203125
v 21.204570770263672 -226.98390197753906 -1723.66064453125
v 19.431581497192383 -231.10107421875 -1721.8670654296875
v 8.616595268249512 -246.5290069580078 -1727.87451171875
v 8.828733444213867 -236.50372314453125 -1730.4381103515625
v 10.474945068359375 -234.42752075195312 -1726.2760009765625
v 14.1343412399292 -232.70654296875 -1723.0654296875
v 27.385055541992188 -211.592041015625 -1750.5726318359375
v 28.765005111694336 -210.33084106445312 -1748.6326904296875
v 28.49156379699707 -210.4551239013672 -1745.6822509765625
v 29.28169822692871 -209.5558319091797 -1742.05224609375
v 27.210460662841797 -211.12396240234375 -1739.801513671875
v 22.74632453918457 -211.04946899414062 -1737.8006591796875
v 22.889528274536133 -210.5772247314453 -1737.3408203125
v 33.15824508666992 -213.0662078857422 -1735.2210693359375
v 40.169837951660156 -213.08181762695312 -1736.671875
v 38.83027648925781 -212.44039916992188 -1735.32177734375
v 35.197608947753906 -213.3995819091797 -1733.921142578125
v 33.30268859863281 -218.558837890625 -1731.5589599609375
v 39.40366744995117 -213.0139617919922 -1735.1116943359375
v 35.20320510864258 -214.3914337158203 -1732.9107666015625
v 33.415618896484375 -213.93296813964844 -1731.48046875
v 32.98168182373047 -220.44442749023438 -1727.83740234375
v 40.275142669677734 -223.86184692382812 -1725.5667724609375
v 38.72574234008789 -222.94895935058594 -1725.0767822265625
v 35.88447189331055 -222.4061279296875 -1724.7664794921875
v 33.54753494262695 -220.86717224121094 -1724.146484375
v 43.23216247558594 -225.37220764160156 -1724.2965087890625
v 42.15504837036133 -221.39401245117188 -1722.347412109375
v 43.21550369262695 -220.769287109375 -1721.1578369140625
v 42.88047790527344 -220.39584350585938 -1721.0478515625
v 40.54395294189453 -222.23692321777344 -1723.31689453125
v 35.475425720214844 -224.5768280029297 -1721.3143310546875
v 37.71243667602539 -223.0083770751953 -1723.9661865234375
v 35.69817352294922 -225.28594970703125 -1713.03125
v 39.86384963989258 -226.6452178955078 -1708.9599609375
v 37.86667251586914 -227.05577087402344 -1705.1876220703125
v 38.87596130371094 -227.0731658935547 -1703.12744140625
v 44.60023498535156 -226.5060272216797 -1696.89892578125
v 49.234642028808594 -226.69480895996094 -1696.2825927734375
v 55.092376708984375 -225.48326110839844 -1693.8001708984375
v 53.52125549316406 -223.9748992919922 -1689.11474609375
v 50.33404541015625 -223.94090270996094 -1685.1724853515625
v 51.694732666015625 -224.95932006835938 -1684.0740966796875
v 51.026607513427734 -223.93673706054688 -1681.5721435546875
v 44.545169830322266 -227.29603576660156 -1680.15869140625
v 36.741943359375 -229.5893096923828 -1675.5958251953125
v 39.97455978393555 -230.7856903076172 -1672.4576416015625
v 43.62736511230469 -231.10499572753906 -1670.251953125
v 48.99818801879883 -232.1383514404297 -1668.303466796875
v 51.38323211669922 -232.16551208496094 -1667.2694091796875
v 51.61362075805664 -232.82510375976562 -1663.455078125
v 53.13407897949219 -234.36801147460938 -1656.4366455078125
v 56.05889129638672 -234.4504852294922 -1651.1612548828125
v 60.7159423828125 -233.49276733398438 -1650.1854248046875
v 63.47710037231445 -233.39422607421875 -1646.391357421875
v 61.86390686035156 -233.80776977539062 -1647.28515625
v 60.66917037963867 -234.24801635742188 -1516.9439697265625
v 52.70954513549805 -234.2811279296875 -1517.735107421875
v 53.543827056884766 -236.3710479736328 -1512.870849609375
v 53.9718132019043 -234.5039825439453 -1509.296142578125
v 51.0131950378418 -234.6400909423828 -1506.3887939453125
v 51.39271545410156 -233.8096923828125 -1504.2535400390625
v 57.089481353759766 -232.70260620117188 -1499.0721435546875
v 65.67521667480469 -230.13009643554688 -1494.298095703125
v 69.90161895751953 -229.10447692871094 -1490.9893798828125
v 69.52947235107422 -228.61660766601562 -1485.4169921875
v 68.79389190673828 -227.29222106933594 -1480.2987060546875
v 64.19485473632812 -233.07760620117188 -1643.698974609375
v 65.737548828125 -232.06385803222656 -1640.840087890625
v 65.98133087158203 -238.02764892578125 -1634.9122314453125
v 63.22637939453125 -234.36984252929688 -1637.1734619140625
v 70.87444305419922 -237.58673095703125 -1635.15576171875
v 74.1356430053711 -240.72781372070312 -1629.208740234375
v 70.9145278930664 -241.5883026123047 -1627.382568359375
v 69.55638122558594 -241.3968963623047 -1622.3548583984375
v 68.55754089355469 -238.92784118652344 -1618.5623779296875
v 70.26535034179688 -235.29733276367188 -1615.849853515625
v 67.72340393066406 -231.66256713867188 -1615.8665771484375
v 67.11566162109375 -231.51022338867188 -1613.6796875
v 67.64752960205078 -231.48387145996094 -1610.5777587890625
v 66.91271209716797 -232.27767944335938 -1608.626953125
v 61.151023864746094 -236.76625061035156 -1617.105712890625
v 64.5615005493164 -234.7375030517578 -1613.842041015625
v 63.25168991088867 -235.2875213623047 -1610.122314453125
v 56.023765563964844 -237.84352111816406 -1623.4627685546875
v 54.30805587768555 -238.4199981689453 -1605.406982421875
v 55.60842514038086 -237.48106384277344 -1601.5855712890625
v 59.75259017944336 -237.2786102294922 -1599.7440185546875
v 57.55339431762695 -237.9931182861328 -1597.397705078125
v 54.04514694213867 -238.8194580078125 -1590.785888671875
v 59.92258834838867 -238.046630859375 -1584.9510498046875
v 63.41158676147461 -236.1035614013672 -1573.53125
v 57.26141357421875 -232.90875244140625 -1560.9244384765625
v 61.60205078125 -228.95223999023438 -1558.7967529296875
v 63.304298400878906 -228.5898895263672 -1556.2987060546875
v 59.106285095214844 -227.83181762695312 -1553.6790771484375
v 61.89141082763672 -232.14503479003906 -1552.1539306640625
v 60.220829010009766 -232.60476684570312 -1550.0328369140625
v 59.177215576171875 -233.6641387939453 -1547.427978515625
v 58.03410720825195 -233.76327514648438 -1544.1270751953125
v 55.34440994262695 -222.47850036621094 -1542.0301513671875
v 55.6351203918457 -221.07144165039062 -1540.60498046875
v 53.77466583251953 -224.35995483398438 -1537.306884765625
v 52.725341796875 -226.83311462402344 -1534.283447265625
v 53.18220138549805 -227.5159149169922 -1531.8944091796875
v 51.96794128417969 -229.618408203125 -1529.501708984375
v 51.660152435302734 -231.30360412597656 -1526.5447998046875
v 53.268836975097656 -231.70631408691406 -1524.394775390625
v 63.126773834228516 -234.4036102294922 -1567.753662109375
v 58.31268310546875 -233.89610290527344 -1565.7083740234375
v -45.5682487487793 -239.85133361816406 -1637.0140380859375
v -45.64373779296875 -240.0585479736328 -1635.5767822265625
v -40.88359832763672 -242.40914916992188 -1629.2193603515625
v -50.38396453857422 -242.28591918945312 -1623.8310546875
v -43.18357467651367 -242.36203002929688 -1622.37646484375
v -50.32075881958008 -242.25828552246094 -1620.46826171875
v -53.86088180541992 -242.64854431152344 -1617.5286865234375
v -49.14080047607422 -240.76109313964844 -1612.75341796875
v -45.793697357177734 -241.0443572998047 -1605.625732421875
v -45.95377731323242 -243.1129913330078 -1597.12353515625
v -48.629173278808594 -244.24497985839844 -1593.671142578125
v -48.345367431640625 -244.3720703125 -1588.624755859375
v -42.74168395996094 -243.6668243408203 -1588.696044921875
v -30.818632125854492 -245.15663146972656 -1581.433837890625
v -34.795501708984375 -245.08154296875 -1579.242431640625
v -33.1086311340332 -245.04747009277344 -1569.5985107421875
v -34.09394836425781 -241.61297607421875 -1563.575927734375
v -42.32347106933594 -242.59823608398438 -1563.9166259765625
v -37.443424224853516 -240.64212036132812 -1562.2158203125
v -32.65564727783203 -239.83287048339844 -1562.5218505859375
v -30.93425178527832 -236.25193786621094 -1562.26953125
v -34.23611068725586 -235.31483459472656 -1561.238037109375
v -35.51386260986328 -235.36892700195312 -1560.258056640625
v -33.582366943359375 -239.22373962402344 -1555.9283447265625
v -31.90118408203125 -241.7657012939453 -1548.2760009765625
v -32.49825668334961 -242.0791778564453 -1541.632568359375
v -35.03386306762695 -240.55862426757812 -1536.552001953125
v -40.30297088623047 -238.21934509277344 -1537.101806640625
v -40.00871276855469 -237.78919982910156 -1534.59814453125
v -36.9857292175293 -237.32650756835938 -1532.123291015625
v -37.97807312011719 -236.59986877441406 -1528.8486328125
v -36.5278205871582 -237.01051330566406 -1527.5582275390625
v -38.76445388793945 -237.31898498535156 -1523.9970703125
v -41.61262130737305 -234.52943420410156 -1523.1602783203125
v -42.66584777832031 -233.8772430419922 -1522.1583251953125
v -44.53766632080078 -233.4510040283203 -1518.8070068359375
v -46.48837661743164 -233.82666015625 -1514.69677734375
v -47.441314697265625 -234.77952575683594 -1510.1024169921875
v -47.29233169555664 -236.1320343017578 -1505.4295654296875
v -47.60038375854492 -235.2037353515625 -1499.682861328125
v -48.85606002807617 -234.29034423828125 -1498.3681640625
v -49.751556396484375 -233.08831787109375 -1491.92041015625
v 12.2471284866333 -216.90748596191406 -1346.0029296875
v 5.958730697631836 -216.8613739013672 -1346.0904541015625
v -6.044956684112549 -217.78831481933594 -1345.97900390625
v 17.00538444519043 -221.3832244873047 -1348.2652587890625
v 13.866957664489746 -217.4774627685547 -1346.586181640625
v 28.357666015625 -221.36012268066406 -1351.2659912109375
v 59.20475387573242 -227.6461639404297 -1483.0318603515625
v 57.107513427734375 -228.9009552001953 -1480.551025390625
v 48.77311325073242 -229.83547973632812 -1475.2431640625
v 39.1529426574707 -229.9854278564453 -1466.7764892578125
v 45.384029388427734 -229.31312561035156 -1460.3165283203125
v 38.98612594604492 -229.62989807128906 -1458.086669921875
v 39.84880447387695 -230.72885131835938 -1451.623779296875
v 39.50819396972656 -233.4646453857422 -1444.9149169921875
v 37.77972412109375 -231.47691345214844 -1448.831787109375
v 33.02001953125 -233.0679168701172 -1442.32861328125
v 44.6155891418457 -235.28660583496094 -1437.303955078125
v 41.975860595703125 -236.02928161621094 -1435.356201171875
v 45.777557373046875 -238.42543029785156 -1426.647705078125
v 42.303688049316406 -239.5581817626953 -1421.66455078125
v 40.76416778564453 -241.5293731689453 -1413.027099609375
v 37.15583038330078 -241.86399841308594 -1408.6912841796875
v 38.482337951660156 -242.59939575195312 -1401.5421142578125
v 42.65730667114258 -240.9064178466797 -1394.663818359375
v 41.49978256225586 -239.94044494628906 -1386.5126953125
v 46.21136474609375 -234.58335876464844 -1377.14453125
v 35.65928649902344 -235.96617126464844 -1370.849365234375
v 27.702049255371094 -232.6614532470703 -1360.2119140625
v 29.751935958862305 -225.16246032714844 -1354.47802734375
v -49.20075225830078 -231.330322265625 -1489.1195068359375
v -50.917564392089844 -234.16297912597656 -1484.8382568359375
v -49.642669677734375 -236.62144470214844 -1480.8414306640625
v -48.67265319824219 -236.5684814453125 -1477.897216796875
v -47.228389739990234 -237.54119873046875 -1472.448974609375
v -46.224388122558594 -234.7759552001953 -1471.726806640625
v -45.69104766845703 -231.57208251953125 -1468.228759765625
v -45.29503631591797 -239.78321838378906 -1463.8531494140625
v -42.483638763427734 -244.27125549316406 -1457.470458984375
v -41.111209869384766 -245.57427978515625 -1454.9957275390625
v -39.798274993896484 -247.39590454101562 -1452.86474609375
v -34.89128494262695 -248.17979431152344 -1455.4906005859375
v -35.74860763549805 -248.8558807373047 -1449.6732177734375
v -39.33364486694336 -249.3489532470703 -1445.8045654296875
v -38.5875129699707 -250.26881408691406 -1441.3187255859375
v -39.390907287597656 -250.54258728027344 -1439.90478515625
v -38.19839859008789 -249.30023193359375 -1437.73046875
v -34.85819625854492 -249.24757385253906 -1434.129150390625
v -30.497379302978516 -251.78944396972656 -1430.7279052734375
v -29.886117935180664 -253.6257781982422 -1425.348388671875
v -28.265113830566406 -253.66085815429688 -1424.72265625
v -27.406038284301758 -252.37974548339844 -1422.945068359375
v -27.678316116333008 -252.6172637939453 -1421.1484375
v -26.380128860473633 -250.396728515625 -1419.712890625
v -25.954357147216797 -248.8072967529297 -1420.9814453125
v -23.281335830688477 -241.97802734375 -1419.0582275390625
v -22.309722900390625 -243.6848907470703 -1417.17724609375
v -22.054141998291016 -245.49053955078125 -1414.7037353515625
v -20.23526954650879 -245.98765563964844 -1413.6998291015625
v -16.459035873413086 -246.37936401367188 -1414.271240234375
v -15.196773529052734 -246.5585479736328 -1402.93115234375
v -17.551130294799805 -246.57745361328125 -1399.2423095703125
v -12.750181198120117 -246.6719970703125 -1388.9263916015625
v -5.133559226989746 -246.7211456298828 -1384.0318603515625
v -6.215467929840088 -246.7285614013672 -1380.03515625
v -3.7353227138519287 -245.2130584716797 -1375.3287353515625
v -8.536114692687988 -245.08572387695312 -1373.8974609375
v -22.95433807373047 -241.75279235839844 -1368.7027587890625
v -16.749876022338867 -237.3163604736328 -1358.5250244140625
v -23.181734085083008 -236.4792938232422 -1357.887451171875
v -64.61183166503906 -222.778076171875 -1362.3590087890625
v -53.3607177734375 -225.63467407226562 -1359.045166015625
v -35.456424713134766 -230.53855895996094 -1355.81591796875
v -73.12012481689453 -213.52182006835938 -1362.04248046875
v -70.4144515991211 -219.17166137695312 -1363.22802734375
v -64.12374114990234 -209.05047607421875 -1356.076171875
v -57.550472259521484 -208.61306762695312 -1353.271240234375
v -56.33602523803711 -210.05572509765625 -1353.3939208984375
v -49.56962585449219 -210.3896942138672 -1351.4158935546875
v -41.00560760498047 -210.8922119140625 -1349.5672607421875
v -30.43846893310547 -213.45333862304688 -1347.846923828125
v -24.28610610961914 -215.052001953125 -1347.0682373046875
v -19.95330810546875 -214.93701171875 -1346.833740234375
v -31.101577758789062 -219.1201934814453 -1348.38623046875
v -45.6404914855957 -215.99581909179688 -1351.2431640625
v -16.779117584228516 -215.56781005859375 -1346.139892578125
v -12.713591575622559 -217.3370361328125 -1345.9276123046875
v 27.202930450439453 -211.24244689941406 -1748.5625
v 26.50929832458496 -213.5511016845703 -1745.6717529296875
v 25.63469886779785 -215.6217041015625 -1743.9210205078125
v 25.00328826904297 -218.16566467285156 -1742.1302490234375
v 26.14279556274414 -223.50355529785156 -1738.6685791015625
v 25.882699966430664 -220.3916015625 -1735.54833984375
v 27.150720596313477 -224.33335876464844 -1729.5255126953125
v 28.00023651123047 -225.4375762939453 -1727.1844482421875
v 12.738417625427246 -231.73220825195312 -1742.0865478515625
v 10.646208763122559 -233.13572692871094 -1738.1541748046875
v 9.206966400146484 -232.3520965576172 -1734.802001953125
v 14.616305351257324 -223.44435119628906 -1755.28173828125
v 14.287952423095703 -224.67384338378906 -1753.091064453125
v 12.65460205078125 -225.14697265625 -1749.699951171875
v 14.0416259765625 -223.86036682128906 -1748.2998046875
v 13.09567928314209 -224.5122528076172 -1748.519775390625
v 11.814743041992188 -224.4575653076172 -1748.8896484375
v 13.169939041137695 -225.6797332763672 -1747.3492431640625
v 13.789144515991211 -226.9663848876953 -1742.697509765625
v 14.634271621704102 -222.02667236328125 -1741.7080078125
v 12.4752197265625 -218.5755615234375 -1744.5792236328125
v 12.724474906921387 -220.19810485839844 -1743.0286865234375
v 12.083966255187988 -220.64120483398438 -1741.988037109375
v 6.906486988067627 -221.77830505371094 -1742.1871337890625
v 8.623102188110352 -222.7449493408203 -1738.67578125
v 13.823927879333496 -222.71109008789062 -1734.2249755859375
v 13.005969047546387 -222.69509887695312 -1731.6339111328125
v 9.883572578430176 -221.11416625976562 -1728.1019287109375
v 8.007133483886719 -221.21905517578125 -1729.33203125
v 10.96252727508545 -223.7717742919922 -1724.1990966796875
v 12.892660140991211 -223.58091735839844 -1724.7401123046875
v 15.44217586517334 -224.2091827392578 -1719.9281005859375
v 18.0333251953125 -226.17803955078125 -1716.7762451171875
v 10.070201873779297 -230.4779052734375 -1713.9471435546875
v 13.131646156311035 -230.56826782226562 -1713.8087158203125
v 20.289352416992188 -228.2871551513672 -1712.9833984375
v 10.259779930114746 -231.42745971679688 -1701.5640869140625
v 14.328197479248047 -230.74497985839844 -1703.6505126953125
v 7.839028835296631 -231.35218811035156 -1689.2264404296875
v 5.584403038024902 -233.89230346679688 -1688.9180908203125
v 6.927228927612305 -230.22854614257812 -1701.1319580078125
v 9.036005973815918 -231.4360809326172 -1696.7379150390625
v 7.174689769744873 -230.46548461914062 -1691.3135986328125
v 6.941399574279785 -234.82424926757812 -1685.6839599609375
v 4.5755743980407715 -237.09962463378906 -1682.9210205078125
v -7.725245952606201 -237.32168579101562 -1669.410400390625
v 5.397524833679199 -236.53634643554688 -1678.631591796875
v 2.6125781536102295 -236.8126678466797 -1674.1455078125
v 1.1266173124313354 -234.92959594726562 -1668.3594970703125
v 3.4664108753204346 -234.60592651367188 -1667.8953857421875
v 6.711041450500488 -235.73789978027344 -1663.8465576171875
v 6.767951965332031 -237.22540283203125 -1658.3868408203125
v -0.526468813419342 -235.80398559570312 -1659.1072998046875
v -1.5854203701019287 -237.9638671875 -1654.58251953125
v -2.759749174118042 -239.35850524902344 -1650.209716796875
v -10.207189559936523 -239.45542907714844 -1647.654052734375
v -2.096796751022339 -239.31607055664062 -1645.1275634765625
v -17.252336502075195 -238.9365692138672 -1647.2333984375
v -22.521528244018555 -240.23231506347656 -1648.3814697265625
v -26.35668182373047 -240.73159790039062 -1642.2607421875
v -26.266887664794922 -240.7535858154297 -1636.322509765625
v -38.18025207519531 -241.4743194580078 -1639.046875
v -40.98305892944336 -237.97451782226562 -1637.1988525390625
v -34.02534484863281 -243.34616088867188 -1636.32470703125
v -32.75463104248047 -242.23757934570312 -1632.970947265625
v -26.83268165588379 -240.13201904296875 -1632.976318359375
v -36.1719970703125 -242.25238037109375 -1634.511962890625
v 27.5718936920166 -230.27978515625 -1725.411865234375
v 26.402902603149414 -224.59652709960938 -1726.644287109375
v 23.194063186645508 -225.05270385742188 -1724.4222412109375
v 18.695341110229492 -225.68418884277344 -1724.12060546875
v 18.326847076416016 -228.06723022460938 -1724.4195556640625
v 21.9345760345459 -225.67868041992188 -1723.761474609375
v 8.923524856567383 -230.6317901611328 -1733.0911865234375
v 10.30309009552002 -229.32662963867188 -1731.05078125
v 13.338522911071777 -229.9788818359375 -1726.888916015625
v 27.927289962768555 -210.7127227783203 -1742.2117919921875
v 26.361953735351562 -211.91766357421875 -1740.9412841796875
v 21.122385025024414 -215.02175903320312 -1739.509765625
v 21.805952072143555 -211.93544006347656 -1736.8101806640625
v 28.48440933227539 -212.02804565429688 -1734.03076171875
v 23.256750106811523 -211.65106201171875 -1735.290283203125
v 32.66958999633789 -212.77967834472656 -1732.32080078125
v 31.435211181640625 -215.4338836669922 -1728.0692138671875
v 32.58646011352539 -212.25222778320312 -1729.61083984375
v 30.930831909179688 -214.94015502929688 -1725.218994140625
v 32.68318557739258 -220.78541564941406 -1722.9061279296875
v 34.206787109375 -222.72349548339844 -1723.1356201171875
v 32.303932189941406 -219.56838989257812 -1722.5965576171875
v 43.01403045654297 -219.5973358154297 -1721.068115234375
v 43.343223571777344 -218.6781768798828 -1720.748779296875
v 43.584476470947266 -218.3362274169922 -1720.6190185546875
v 43.48783493041992 -218.61541748046875 -1720.6588134765625
v 43.73603820800781 -218.10325622558594 -1720.509033203125
v 30.222238540649414 -224.9127197265625 -1720.912841796875
v 34.37522888183594 -224.91940307617188 -1719.0931396484375
v 30.72643280029297 -226.643310546875 -1717.5006103515625
v 32.17304992675781 -226.7379150390625 -1708.8372802734375
v 35.224464416503906 -228.55978393554688 -1702.283935546875
v 35.00354766845703 -229.02886962890625 -1698.191650390625
v 38.775238037109375 -227.0746307373047 -1697.305908203125
v 45.476253509521484 -225.09124755859375 -1693.62060546875
v 50.388694763183594 -224.68125915527344 -1690.5806884765625
v 42.50463104248047 -224.8141632080078 -1685.037353515625
v 43.39738082885742 -223.0546417236328 -1682.0093994140625
v 49.70988464355469 -223.1348419189453 -1682.8521728515625
v 45.69414520263672 -223.8392333984375 -1681.5489501953125
v 41.458553314208984 -223.4009552001953 -1680.888916015625
v 39.59796905517578 -225.34963989257812 -1679.752685546875
v 36.52098846435547 -225.58949279785156 -1679.072509765625
v 34.89710235595703 -227.7252960205078 -1676.7598876953125
v 34.768089294433594 -229.34347534179688 -1671.9422607421875
v 36.65736770629883 -230.65736389160156 -1670.3604736328125
v 43.68286895751953 -232.5414276123047 -1664.5966796875
v 46.734825134277344 -232.8077392578125 -1661.271484375
v 51.83014678955078 -233.6635284423828 -1659.680419921875
v 44.951377868652344 -236.17388916015625 -1654.9808349609375
v 50.51985549926758 -236.27500915527344 -1645.588134765625
v 59.71242904663086 -235.1459503173828 -1645.8734130859375
v 52.69791030883789 -232.89366149902344 -1521.8739013671875
v 51.38505935668945 -234.8275909423828 -1519.68408203125
v 50.644107818603516 -237.3577423095703 -1514.4051513671875
v 50.028038024902344 -236.2737274169922 -1509.2783203125
v 49.73330307006836 -235.00030517578125 -1507.6810302734375
v 50.509639739990234 -232.87255859375 -1506.0823974609375
v 50.26329040527344 -231.8864288330078 -1503.5528564453125
v 51.82114791870117 -232.19692993164062 -1501.4337158203125
v 53.78217697143555 -232.50485229492188 -1499.498291015625
v 59.92167663574219 -229.89308166503906 -1492.587158203125
v 64.99179077148438 -229.76211547851562 -1489.625732421875
v 61.792179107666016 -229.050537109375 -1487.7735595703125
v 61.0634651184082 -228.72622680664062 -1484.7733154296875
v 62.53200912475586 -234.4597930908203 -1638.5416259765625
v 64.95567321777344 -232.38919067382812 -1640.8685302734375
v 70.00452423095703 -240.73739624023438 -1630.9901123046875
v 64.2851333618164 -238.46182250976562 -1631.5606689453125
v 66.01400756835938 -240.5590057373047 -1628.2772216796875
v 62.22047805786133 -234.29641723632812 -1637.3934326171875
v 61.10235595703125 -233.31341552734375 -1634.297607421875
v 62.43207550048828 -236.38523864746094 -1631.146240234375
v 65.65489196777344 -240.40003967285156 -1625.028076171875
v 67.10665130615234 -239.53887939453125 -1620.20556640625
v 66.0433578491211 -234.9735870361328 -1617.84912109375
v 65.0694351196289 -234.41281127929688 -1617.1201171875
v 53.06563949584961 -238.36329650878906 -1626.5968017578125
v 61.05385971069336 -235.73538208007812 -1624.91748046875
v 61.8908805847168 -234.9546356201172 -1621.8907470703125
v 51.040164947509766 -238.61041259765625 -1617.8431396484375
v 49.237274169921875 -238.54434204101562 -1612.211181640625
v 43.68655776977539 -238.33905029296875 -1610.6854248046875
v 40.97529220581055 -237.3788604736328 -1609.1676025390625
v 42.14698791503906 -236.1205291748047 -1606.8189697265625
v 49.04374313354492 -237.14207458496094 -1603.8402099609375
v 51.63693618774414 -236.96292114257812 -1601.2310791015625
v 53.080421447753906 -238.58042907714844 -1595.9415283203125
v 47.90008544921875 -239.16171264648438 -1600.97119140625
v 45.66334915161133 -239.86927795410156 -1597.04736328125
v 47.878047943115234 -239.58888244628906 -1587.5823974609375
v 52.532997131347656 -239.1643524169922 -1584.468994140625
v 52.941463470458984 -238.84780883789062 -1578.5504150390625
v 55.3724365234375 -238.34933471679688 -1573.934326171875
v 56.19723892211914 -237.0515899658203 -1570.5517578125
v 53.664634704589844 -234.03399658203125 -1562.0262451171875
v 55.95737075805664 -232.6556854248047 -1558.721435546875
v 59.042388916015625 -229.2978515625 -1558.451416015625
v 59.07297134399414 -227.07647705078125 -1555.8741455078125
v 58.028865814208984 -227.28089904785156 -1554.90625
v 57.59368133544922 -230.06655883789062 -1551.032470703125
v 57.22695541381836 -229.91903686523438 -1551.7318115234375
v 56.68167495727539 -232.1030731201172 -1548.5369873046875
v 56.869964599609375 -234.5838165283203 -1544.71826171875
v 56.918006896972656 -234.8992919921875 -1543.5870361328125
v 55.24375534057617 -235.3385467529297 -1540.762451171875
v 55.714054107666016 -233.9878387451172 -1540.5810546875
v 53.11235809326172 -229.81483459472656 -1537.48046875
v 51.97341537475586 -229.0669403076172 -1535.0855712890625
v 51.843841552734375 -227.98204040527344 -1532.539794921875
v 51.19197463989258 -230.873046875 -1529.31103515625
v 51.156044006347656 -233.04405212402344 -1524.88623046875
v 51.00157165527344 -235.56692504882812 -1566.1785888671875
v 50.843990325927734 -237.30335998535156 -1569.225830078125
v -39.47890090942383 -240.02403259277344 -1634.1243896484375
v -38.3134651184082 -241.0101318359375 -1631.40234375
v -35.44802474975586 -242.27145385742188 -1625.406005859375
v -39.6994514465332 -242.37588500976562 -1619.921875
v -38.65443801879883 -240.58226013183594 -1614.8536376953125
v -45.64500045776367 -240.84234619140625 -1615.96142578125
v -44.29509353637695 -239.48609924316406 -1612.0833740234375
v -38.34217071533203 -237.83143615722656 -1606.0736083984375
v -35.95073318481445 -239.3407745361328 -1599.0345458984375
v -39.582332611083984 -241.74151611328125 -1594.9901123046875
v -40.86622619628906 -242.3847198486328 -1591.4053955078125
v -36.68158721923828 -243.75064086914062 -1588.239013671875
v -29.022199630737305 -244.85533142089844 -1586.536376953125
v -27.25604248046875 -245.68167114257812 -1582.2054443359375
v -30.361635208129883 -244.4895782470703 -1578.1099853515625
v -26.05907440185547 -245.32347106933594 -1575.8956298828125
v -28.432737350463867 -244.20835876464844 -1571.9781494140625
v -31.705102920532227 -244.3691864013672 -1568.3665771484375
v -28.947450637817383 -243.33099365234375 -1568.7239990234375
v -28.876724243164062 -239.17291259765625 -1565.61962890625
v -27.214982986450195 -237.26622009277344 -1563.7918701171875
v -28.07012367248535 -234.2618865966797 -1563.2794189453125
v -30.415002822875977 -235.11944580078125 -1561.13818359375
v -27.10932731628418 -238.38671875 -1556.1396484375
v -28.438337326049805 -241.63807678222656 -1549.261474609375
v -24.62491798400879 -242.489013671875 -1542.3990478515625
v -27.59220314025879 -241.43251037597656 -1536.6524658203125
v -35.6275634765625 -239.29562377929688 -1533.50244140625
v -28.94639778137207 -239.1967315673828 -1532.4329833984375
v -34.57965850830078 -236.3280487060547 -1530.0933837890625
v -35.004005432128906 -237.88192749023438 -1527.070068359375
v -40.99954605102539 -238.51171875 -1520.526123046875
v -42.127567291259766 -234.78672790527344 -1521.004638671875
v -44.21453094482422 -238.4947967529297 -1515.40771484375
v -45.15305709838867 -239.51986694335938 -1509.8311767578125
v -45.53573989868164 -239.26048278808594 -1501.89208984375
v -48.26881408691406 -237.65850830078125 -1497.0133056640625
v -47.18754196166992 -234.6162872314453 -1494.99169921875
v -47.95759201049805 -233.9122772216797 -1496.4281005859375
v -48.64411926269531 -233.15451049804688 -1491.4609375
v -8.773110389709473 -222.29490661621094 -1346.9317626953125
v 4.095797061920166 -223.7571563720703 -1347.5634765625
v -10.580402374267578 -219.5305938720703 -1346.5006103515625
v 8.070732116699219 -226.53164672851562 -1349.2548828125
v 17.221820831298828 -228.7207794189453 -1352.57861328125
v 53.96213912963867 -228.04481506347656 -1488.0458984375
v 53.75138854980469 -228.05760192871094 -1484.40576171875
v 44.77628707885742 -228.8558349609375 -1481.3631591796875
v 35.256282806396484 -228.21707153320312 -1470.336181640625
v 29.6274471282959 -227.2395477294922 -1470.251708984375
v 29.304048538208008 -226.5325927734375 -1461.983154296875
v 28.55010986328125 -228.00367736816406 -1455.8974609375
v 31.774751663208008 -229.1510009765625 -1454.3131103515625
v 27.709993362426758 -232.9412384033203 -1444.695068359375
v 33.57036209106445 -235.12344360351562 -1437.9290771484375
v 36.42369842529297 -236.1329345703125 -1432.27197265625
v 39.037506103515625 -239.33786010742188 -1424.0455322265625
v 34.26150131225586 -238.2329559326172 -1429.7637939453125
v 29.192960739135742 -238.34536743164062 -1424.7884521484375
v 27.066165924072266 -239.95407104492188 -1422.3948974609375
v 34.32831573486328 -241.3505096435547 -1414.9512939453125
v 32.22080612182617 -241.84817504882812 -1413.25537109375
v 28.758241653442383 -242.84597778320312 -1406.5091552734375
v 26.677413940429688 -244.11654663085938 -1401.8275146484375
v 29.143014907836914 -245.6245574951172 -1393.4637451171875
v 28.908281326293945 -244.10191345214844 -1387.0517578125
v 33.38648986816406 -240.10418701171875 -1377.1552734375
v 24.130830764770508 -240.3360137939453 -1369.7691650390625
v 27.259363174438477 -235.49935913085938 -1363.6571044921875
v 17.816755294799805 -237.0764617919922 -1361.1162109375
v -48.522247314453125 -232.0489044189453 -1487.9290771484375
v -49.10097885131836 -233.07183837890625 -1486.6588134765625
v -49.151283264160156 -235.61737060546875 -1483.5181884765625
v -48.37443923950195 -236.8308563232422 -1482.5845947265625
v -48.153663635253906 -236.8004608154297 -1479.3546142578125
v -47.08859634399414 -236.02554321289062 -1478.2763671875
v -45.12458801269531 -233.7686004638672 -1474.771484375
v -46.592613220214844 -234.84873962402344 -1475.1650390625
v -45.279483795166016 -233.0492706298828 -1472.4927978515625
v -44.27555847167969 -230.9730682373047 -1469.98828125
v -44.39121627807617 -229.8653106689453 -1466.506103515625
v -45.621421813964844 -232.80601501464844 -1466.40625
v -44.548160552978516 -237.45936584472656 -1460.899169921875
v -43.62356948852539 -239.55078125 -1459.0587158203125
v -42.99925994873047 -239.81997680664062 -1458.91845703125
v -40.391239166259766 -244.83990478515625 -1457.228759765625
v -34.08008575439453 -245.76695251464844 -1463.661376953125
v -32.05934524536133 -246.83682250976562 -1463.167236328125
v -30.121814727783203 -246.48049926757812 -1462.9366455078125
v -30.579322814941406 -247.40310668945312 -1454.7059326171875
v -33.239532470703125 -251.04620361328125 -1445.3690185546875
v -36.147186279296875 -250.2229461669922 -1442.7064208984375
v -32.45527267456055 -249.22402954101562 -1436.3511962890625
v -30.78736686706543 -249.55723571777344 -1435.0028076171875
v -30.016094207763672 -250.7483673095703 -1433.0845947265625
v -28.919803619384766 -251.74954223632812 -1431.111083984375
v -28.71965789794922 -251.17808532714844 -1428.43310546875
v -27.49105453491211 -248.55006408691406 -1426.772216796875
v -26.419700622558594 -247.00216674804688 -1424.1495361328125
v -24.78229331970215 -243.7030487060547 -1423.126708984375
v -20.193618774414062 -238.55714416503906 -1419.8104248046875
v -20.736433029174805 -240.39060974121094 -1418.1634521484375
v -20.212772369384766 -244.3411102294922 -1416.2841796875
v -14.923199653625488 -246.4329071044922 -1417.291259765625
v -9.240192413330078 -246.5084686279297 -1412.4073486328125
v -5.793266773223877 -246.7332305908203 -1409.2911376953125
v 5.393869876861572 -247.5006103515625 -1407.66748046875
v 1.7322922945022583 -246.88168334960938 -1403.48828125
v -7.950747489929199 -246.969970703125 -1401.6378173828125
v -12.419011116027832 -247.61798095703125 -1398.63037109375
v -7.8773674964904785 -247.7004852294922 -1389.257568359375
v 2.8074305057525635 -247.34095764160156 -1385.630615234375
v 5.795049667358398 -246.80882263183594 -1383.08837890625
v 5.2191691398620605 -246.22520446777344 -1379.1263427734375
v 11.930246353149414 -244.9711456298828 -1375.260498046875
v -0.9882348775863647 -242.61932373046875 -1366.0345458984375
v -8.081465721130371 -241.7823944091797 -1365.655029296875
v -5.605997085571289 -238.1126251220703 -1358.126708984375
v -22.616676330566406 -231.40267944335938 -1352.0985107421875
v -7.694568634033203 -234.00296020507812 -1353.3740234375
v -65.36898040771484 -217.95797729492188 -1359.5030517578125
v -57.19851303100586 -219.99893188476562 -1356.5596923828125
v -49.11013412475586 -222.30172729492188 -1354.76611328125
v -31.630578994750977 -227.040771484375 -1351.7301025390625
v -64.20293426513672 -213.8528594970703 -1357.0987548828125
v -53.05288314819336 -216.95904541015625 -1353.6710205078125
v -22.337032318115234 -221.11708068847656 -1347.4058837890625
v -30.49892807006836 -223.09756469726562 -1349.2801513671875
v 24.94546890258789 -214.1116943359375 -1741.220703125
v 25.1889591217041 -215.16990661621094 -1741.5506591796875
v 24.893281936645508 -216.74659729003906 -1740.400146484375
v 25.04490089416504 -219.2638397216797 -1735.318359375
v 25.651294708251953 -220.90084838867188 -1731.9971923828125
v 25.50351905822754 -222.66781616210938 -1729.4757080078125
v 13.428266525268555 -227.95401000976562 -1740.326416015625
v 11.618876457214355 -230.69618225097656 -1739.4952392578125
v 9.71662425994873 -230.45753479003906 -1735.4228515625
v 15.547748565673828 -223.95428466796875 -1738.5867919921875
v 14.118048667907715 -221.5570068359375 -1738.70703125
v 15.16057300567627 -222.29539489746094 -1739.2373046875
v 15.913775444030762 -222.3485870361328 -1735.7762451171875
v 16.600263595581055 -223.25640869140625 -1734.835693359375
v 15.357427597045898 -223.54820251464844 -1733.44482421875
v 15.199480056762695 -224.81903076171875 -1728.80224609375
v 14.79930305480957 -224.2160186767578 -1726.371337890625
v 19.03805923461914 -225.71690368652344 -1718.03759765625
v 22.9698429107666 -225.14141845703125 -1715.16796875
v 22.527511596679688 -225.68455505371094 -1713.6766357421875
v 16.10764503479004 -230.6168212890625 -1709.4066162109375
v 21.588764190673828 -228.54588317871094 -1710.0919189453125
v 12.977313041687012 -231.3291473388672 -1701.7469482421875
v 12.491463661193848 -231.734130859375 -1691.5772705078125
v 20.947277069091797 -229.26722717285156 -1704.42724609375
v 23.788509368896484 -228.19253540039062 -1701.8089599609375
v 19.18810272216797 -228.8091278076172 -1696.58251953125
v 9.397735595703125 -230.7400665283203 -1689.299560546875
v 9.552852630615234 -231.3220977783203 -1686.1640625
v 8.44687271118164 -233.70921325683594 -1682.24462890625
v 9.252881050109863 -231.87130737304688 -1678.0079345703125
v 5.42819356918335 -234.78570556640625 -1674.2440185546875
v 4.886915683746338 -234.58779907226562 -1670.850830078125
v 7.78605318069458 -234.32391357421875 -1669.1490478515625
v 14.724064826965332 -235.19955444335938 -1662.765869140625
v 9.460981369018555 -236.40994262695312 -1660.0767822265625
v 12.708392143249512 -236.6641082763672 -1656.5662841796875
v 5.144484996795654 -240.24545288085938 -1652.12548828125
v 10.725576400756836 -238.6552734375 -1654.575927734375
v 3.6023290157318115 -240.51486206054688 -1649.7899169921875
v -7.656896114349365 -240.71939086914062 -1643.1951904296875
v 3.5614311695098877 -240.02005004882812 -1644.2281494140625
v 3.333439350128174 -242.02113342285156 -1639.2208251953125
v -19.866552352905273 -240.38095092773438 -1645.79833984375
v -15.959704399108887 -241.6163787841797 -1641.21240234375
v -22.84038734436035 -240.45948791503906 -1644.4210205078125
v -25.297300338745117 -240.26210021972656 -1639.453857421875
v -25.137557983398438 -240.3848419189453 -1632.9593505859375
v -40.42497634887695 -238.23028564453125 -1637.2188720703125
v -37.951171875 -240.7310028076172 -1633.726318359375
v -36.24990463256836 -240.95042419433594 -1631.725341796875
v -27.76565170288086 -239.4099578857422 -1630.423095703125
v -34.00086975097656 -240.1986846923828 -1629.4891357421875
v 24.023008346557617 -224.1612548828125 -1725.7535400390625
v 23.812015533447266 -223.5494384765625 -1724.253173828125
v 22.520721435546875 -224.9618682861328 -1723.181640625
v 17.302133560180664 -226.52821350097656 -1725.750732421875
v 19.615880966186523 -225.53219604492188 -1723.320556640625
v 15.438554763793945 -225.9846649169922 -1728.4617919921875
v 10.631031036376953 -228.57286071777344 -1733.282470703125
v 11.896122932434082 -227.72605895996094 -1730.091064453125
v 21.528852462768555 -215.99501037597656 -1740.14990234375
v 20.99205780029297 -216.15695190429688 -1738.939453125
v 21.513669967651367 -214.03187561035156 -1736.839599609375
v 23.515907287597656 -216.47865295410156 -1732.888427734375
v 27.567838668823242 -212.75393676757812 -1733.0703125
v 24.472604751586914 -215.791015625 -1732.2586669921875
v 31.35745620727539 -213.83062744140625 -1729.050048828125
v 30.638534545898438 -214.65200805664062 -1727.69921875
v 30.079689025878906 -214.36444091796875 -1725.2391357421875
v 29.852619171142578 -215.4612579345703 -1723.6983642578125
v 28.829221725463867 -221.47853088378906 -1722.32470703125
v 26.25889778137207 -219.883056640625 -1723.685302734375
v 43.507747650146484 -218.4040985107422 -1720.618896484375
v 43.971134185791016 -217.63108825683594 -1720.329345703125
v 44.049705505371094 -217.5380401611328 -1720.2894287109375
v 43.668678283691406 -218.105224609375 -1720.509033203125
v 43.86079406738281 -217.81614685058594 -1720.3992919921875
v 44.18153381347656 -217.3452606201172 -1720.199462890625
v 26.115446090698242 -223.85052490234375 -1719.8017578125
v 28.283700942993164 -226.33688354492188 -1717.4100341796875
v 27.64910316467285 -226.61785888671875 -1712.3072509765625
v 30.500356674194336 -226.8767852783203 -1707.3759765625
v 25.823759078979492 -227.96922302246094 -1702.520751953125
v 33.48899459838867 -229.3505859375 -1698.280517578125
v 32.39375686645508 -228.74400329589844 -1693.7098388671875
v 37.03993606567383 -226.05020141601562 -1692.357421875
v 42.910343170166016 -225.1855926513672 -1687.6585693359375
v 37.14500427246094 -227.03125 -1684.480712890625
v 38.49932861328125 -224.94081115722656 -1680.50244140625
v 29.917762756347656 -228.09747314453125 -1680.1038818359375
v 32.589473724365234 -226.07431030273438 -1676.95458984375
v 34.97883987426758 -226.54885864257812 -1677.7318115234375
v 31.68809700012207 -225.43701171875 -1673.751953125
v 27.347515106201172 -225.1756591796875 -1672.5555419921875
v 29.00014877319336 -229.70559692382812 -1670.474853515625
v 31.34566879272461 -231.85911560058594 -1668.791015625
v 35.63037872314453 -234.233154296875 -1665.0484619140625
v 39.9805908203125 -234.33457946777344 -1663.9312744140625
v 42.3697624206543 -234.85986328125 -1659.8367919921875
v 38.10978317260742 -236.66441345214844 -1655.14892578125
v 45.0217170715332 -236.45089721679688 -1647.6064453125
v 57.78934860229492 -236.14242553710938 -1640.6640625
v 50.49886703491211 -236.3126220703125 -1523.1705322265625
v 49.55958938598633 -237.40684509277344 -1518.733642578125
v 49.69960403442383 -236.8075714111328 -1517.55322265625
v 49.10808181762695 -237.14639282226562 -1513.909912109375
v 47.93541717529297 -234.96990966796875 -1514.4061279296875
v 48.46183395385742 -234.1421661376953 -1511.101806640625
v 49.1602783203125 -232.1834259033203 -1511.031005859375
v 51.601741790771484 -230.79843139648438 -1506.7288818359375
v 50.66876983642578 -230.88819885253906 -1504.4176025390625
v 49.23366928100586 -231.7292022705078 -1503.7728271484375
v 50.61434555053711 -230.99827575683594 -1501.127685546875
v 51.44739532470703 -230.63925170898438 -1502.48291015625
v 51.57195281982422 -231.81521606445312 -1500.4481201171875
v 50.75484848022461 -230.9817657470703 -1499.1865234375
v 57.418128967285156 -228.83840942382812 -1491.225341796875
v 55.46265411376953 -236.39601135253906 -1638.250244140625
v 57.377891540527344 -235.96473693847656 -1636.100830078125
v 59.990779876708984 -233.86270141601562 -1634.3052978515625
v 60.871639251708984 -235.56076049804688 -1631.0194091796875
v 62.48017501831055 -235.96360778808594 -1624.2271728515625
v 64.79436492919922 -238.53970336914062 -1622.302490234375
v 64.08894348144531 -235.07505798339844 -1619.423828125
v 56.13690948486328 -237.14703369140625 -1632.9312744140625
v 52.43036651611328 -237.61048889160156 -1630.0015869140625
v 59.90291976928711 -235.98362731933594 -1629.3980712890625
v 48.241817474365234 -238.23236083984375 -1625.5362548828125
v 46.07765197753906 -238.74046325683594 -1624.8560791015625
v 46.376686096191406 -239.50831604003906 -1615.400634765625
v 35.42539596557617 -239.62620544433594 -1614.0185546875
v 34.276893615722656 -238.06466674804688 -1611.22216796875
v 40.011444091796875 -237.68836975097656 -1608.599609375
v 42.97693634033203 -239.38734436035156 -1602.621826171875
v 38.80123519897461 -239.85009765625 -1606.684814453125
v 38.416656494140625 -240.8304443359375 -1600.4747314453125
v 39.680816650390625 -241.48416137695312 -1590.844970703125
v 40.82667541503906 -239.5660400390625 -1583.2698974609375
v 47.04021453857422 -239.4022216796875 -1579.091552734375
v 46.11087417602539 -238.4521026611328 -1575.9947509765625
v 49.93418884277344 -238.38621520996094 -1572.7161865234375
v 47.40087890625 -236.4458770751953 -1564.74755859375
v 47.59525680541992 -236.58169555664062 -1561.73876953125
v 51.45753860473633 -235.23265075683594 -1560.4571533203125
v 57.507450103759766 -230.62332153320312 -1557.3909912109375
v 54.882118225097656 -235.56103515625 -1554.904296875
v 56.2659912109375 -233.26744079589844 -1553.9671630859375
v 55.71303176879883 -232.3093719482422 -1549.2901611328125
v 54.05289840698242 -232.5015411376953 -1545.866943359375
v 54.21453857421875 -234.93255615234375 -1541.7606201171875
v 53.73534393310547 -236.30311584472656 -1539.0089111328125
v 53.94022750854492 -235.5974578857422 -1537.015869140625
v 53.31943893432617 -234.8059844970703 -1535.6337890625
v 51.83744430541992 -234.41737365722656 -1530.4019775390625
v 51.18236541748047 -236.43804931640625 -1524.9244384765625
v 45.22404479980469 -236.65359497070312 -1564.520751953125
v 44.920166015625 -238.37232971191406 -1570.0572509765625
v -28.302013397216797 -238.6813507080078 -1623.00048828125
v -32.60301208496094 -241.0438995361328 -1618.6551513671875
v -31.513999938964844 -239.54336547851562 -1614.493896484375
v -36.90950393676758 -237.55137634277344 -1608.2127685546875
v -33.31500244140625 -237.53839111328125 -1607.8487548828125
v -32.765533447265625 -237.32421875 -1601.4029541015625
v -30.664152145385742 -238.0679473876953 -1599.6817626953125
v -33.21907043457031 -239.98292541503906 -1597.0628662109375
v -36.77724075317383 -241.79449462890625 -1593.532470703125
v -30.92143440246582 -242.6064910888672 -1593.2542724609375
v -27.233366012573242 -243.85118103027344 -1590.46044921875
v -24.366043090820312 -244.78433227539062 -1584.4962158203125
v -23.45689582824707 -244.71670532226562 -1582.382080078125
v -22.439760208129883 -245.4259796142578 -1577.35791015625
v -22.70747947692871 -245.00804138183594 -1572.200439453125
v -22.971942901611328 -243.4291229248047 -1569.479248046875
v -26.478334426879883 -240.18182373046875 -1565.0260009765625
v -22.232709884643555 -236.57156372070312 -1561.9915771484375
v -25.780601501464844 -233.74984741210938 -1562.923583984375
v -26.924524307250977 -234.181884765625 -1561.5286865234375
v -20.468151092529297 -236.18380737304688 -1559.7923583984375
v -20.304899215698242 -239.00010681152344 -1555.9393310546875
v -23.70551300048828 -242.3689422607422 -1549.5166015625
v -17.463695526123047 -242.1533966064453 -1539.563720703125
v -22.073041915893555 -241.67916870117188 -1538.7191162109375
v -24.24740982055664 -239.9899139404297 -1533.2659912109375
v -31.89715003967285 -237.03025817871094 -1530.090576171875
v -24.119138717651367 -238.82080078125 -1531.5628662109375
v -28.926305770874023 -236.43408203125 -1529.7625732421875
v -26.214370727539062 -235.07662963867188 -1529.0689697265625
v -29.67058753967285 -237.03956604003906 -1528.623779296875
v -33.14995574951172 -239.0013427734375 -1526.1497802734375
v -34.705867767333984 -241.09359741210938 -1521.882568359375
v -39.39937973022461 -240.22537231445312 -1519.8812255859375
v -41.933650970458984 -239.5210418701172 -1517.5477294921875
v -42.889434814453125 -241.34060668945312 -1509.53466796875
v -45.05917739868164 -242.4337158203125 -1498.8380126953125
v -47.634220123291016 -239.64891052246094 -1496.6025390625
v -47.79441452026367 -237.7938690185547 -1490.82080078125
v -19.237945556640625 -226.85597229003906 -1349.0074462890625
v -7.069705009460449 -226.42298889160156 -1348.333984375
v -1.5639760494232178 -230.8549346923828 -1351.03759765625
v 9.282773971557617 -232.64935302734375 -1353.6097412109375
v 53.96828079223633 -227.5368194580078 -1490.382080078125
v 51.22934341430664 -228.6658477783203 -1489.7127685546875
v 49.444515228271484 -228.63858032226562 -1483.7047119140625
v 42.59507751464844 -229.29241943359375 -1483.4622802734375
v 42.09449768066406 -228.8427734375 -1481.44384765625
v 39.29383087158203 -228.2111053466797 -1479.537109375
v 30.960214614868164 -227.02491760253906 -1475.260498046875
v 29.009031295776367 -227.49461364746094 -1472.2646484375
v 27.369415283203125 -227.29351806640625 -1471.3983154296875
v 25.867660522460938 -225.9785919189453 -1467.868896484375
v 25.271127700805664 -225.44854736328125 -1463.2320556640625
v 24.345125198364258 -225.02980041503906 -1458.9576416015625
v 21.63090705871582 -223.5108184814453 -1458.5030517578125
v 19.418407440185547 -225.26942443847656 -1454.928466796875
v 13.456806182861328 -230.56484985351562 -1446.131103515625
v 9.718835830688477 -239.9502716064453 -1429.88818359375
v 27.19805908203125 -236.15931701660156 -1434.560791015625
v 21.403121948242188 -238.73486328125 -1429.165283203125
v 13.725719451904297 -240.4735565185547 -1425.66748046875
v -3.058568000793457 -244.67181396484375 -1420.996337890625
v 22.03486442565918 -241.69076538085938 -1418.4102783203125
v 26.65046501159668 -242.75196838378906 -1413.872802734375
v 19.067157745361328 -242.9069366455078 -1413.55908203125
v 18.737646102905273 -244.2906036376953 -1409.8822021484375
v 5.738190650939941 -246.70474243164062 -1411.4979248046875
v 21.45848274230957 -246.0771026611328 -1402.0078125
v 16.925764083862305 -246.98765563964844 -1402.4801025390625
v 20.430126190185547 -246.82798767089844 -1395.4266357421875
v 19.13739013671875 -246.6874237060547 -1387.2578125
v 21.94486427307129 -244.70968627929688 -1378.3741455078125
v 11.234928131103516 -243.2582244873047 -1370.219970703125
v 11.603663444519043 -239.89073181152344 -1364.2608642578125
v 5.188154220581055 -237.6123046875 -1358.7681884765625
v -47.08711242675781 -239.8892822265625 -1481.32421875
v -43.815040588378906 -238.55433654785156 -1475.9495849609375
v -42.595306396484375 -235.89332580566406 -1472.7203369140625
v -42.0294189453125 -232.39202880859375 -1472.018310546875
v -44.4533576965332 -232.58694458007812 -1472.962158203125
v -42.65277862548828 -231.7884063720703 -1472.1285400390625
v -42.395294189453125 -231.10650634765625 -1470.052978515625
v -41.38797378540039 -230.05841064453125 -1468.5352783203125
v -39.06203079223633 -228.240966796875 -1466.7408447265625
v -43.13629150390625 -228.84120178222656 -1464.8603515625
v -44.52876663208008 -228.62112426757812 -1463.2220458984375
v -45.493751525878906 -230.98074340820312 -1462.5567626953125
v -44.510929107666016 -235.3247833251953 -1460.7869873046875
v -43.654720306396484 -235.579345703125 -1460.95361328125
v -39.14810562133789 -240.1410675048828 -1464.3970947265625
v -38.19426727294922 -243.73004150390625 -1462.019775390625
v -31.69733238220215 -242.12091064453125 -1468.7452392578125
v -29.424911499023438 -243.20208740234375 -1467.755859375
v -29.733692169189453 -244.4395751953125 -1465.5408935546875
v -26.17780113220215 -245.94711303710938 -1461.0430908203125
v -26.421110153198242 -247.8783416748047 -1452.09765625
v -28.349308013916016 -249.52745056152344 -1446.3402099609375
v -30.83241081237793 -249.09814453125 -1437.321044921875
v -28.392744064331055 -248.25839233398438 -1434.6419677734375
v -28.80549430847168 -249.11146545410156 -1432.9981689453125
v -29.113784790039062 -247.24420166015625 -1429.817626953125
v -26.430803298950195 -247.33399963378906 -1428.275146484375
v -25.909873962402344 -245.9324493408203 -1425.3209228515625
v -24.151126861572266 -244.06544494628906 -1425.1903076171875
v -21.187297821044922 -240.27041625976562 -1422.6195068359375
v -19.11605453491211 -236.71932983398438 -1420.57958984375
v -19.023019790649414 -236.36619567871094 -1419.465576171875
v -19.432960510253906 -238.08831787109375 -1419.25439453125
v -18.326152801513672 -243.4014129638672 -1417.7625732421875
v -14.936527252197266 -245.40411376953125 -1419.2371826171875
v -11.901803970336914 -245.88153076171875 -1420.4212646484375
v -6.788895130157471 -246.06121826171875 -1414.5609130859375
v 11.708609580993652 -246.97756958007812 -1400.26416015625
v 1.2524778842926025 -247.70912170410156 -1400.494384765625
v 9.831246376037598 -247.8955535888672 -1396.1453857421875
v 10.418477058410645 -247.73683166503906 -1390.4049072265625
v 14.791000366210938 -246.9762725830078 -1389.7552490234375
v -13.273961067199707 -231.01303100585938 -1350.8759765625
v 24.21140480041504 -216.2301483154297 -1740.2501220703125
v 22.746557235717773 -217.8000030517578 -1736.548828125
v 23.373722076416016 -219.4113311767578 -1734.247802734375
v 22.269428253173828 -222.43048095703125 -1729.96533203125
v 22.901168823242188 -223.00051879882812 -1728.724853515625
v 16.460371017456055 -223.30494689941406 -1736.6163330078125
v 12.451369285583496 -228.9506072998047 -1737.32470703125
v 15.986774444580078 -224.80380249023438 -1734.755126953125
v 14.865619659423828 -225.8575897216797 -1731.04296875
v 21.137527465820312 -226.07586669921875 -1718.458251953125
v 25.024124145507812 -224.52931213378906 -1716.249755859375
v 25.08546257019043 -224.84584045410156 -1714.338623046875
v 24.326679229736328 -224.2473907470703 -1711.2076416015625
v 23.74921226501465 -226.62657165527344 -1707.11328125
v 16.58837890625 -230.86880493164062 -1689.85595703125
v 16.776979446411133 -230.03321838378906 -1685.2357177734375
v 11.040908813476562 -230.41050720214844 -1686.4774169921875
v 23.6630859375 -228.48190307617188 -1696.786376953125
v 22.10036849975586 -228.78875732421875 -1692.3837890625
v 21.419689178466797 -229.03448486328125 -1687.9864501953125
v 10.537428855895996 -230.06439208984375 -1683.8424072265625
v 11.034424781799316 -228.05599975585938 -1680.3748779296875
v 11.089112281799316 -230.35598754882812 -1677.324951171875
v 8.667433738708496 -232.9217529296875 -1674.7513427734375
v 15.033442497253418 -232.85589599609375 -1669.417724609375
v 18.74510955810547 -234.06141662597656 -1661.841064453125
v 19.143558502197266 -234.95407104492188 -1655.292724609375
v 17.462060928344727 -236.22137451171875 -1652.45654296875
v 12.190290451049805 -239.0214080810547 -1651.7626953125
v 8.668601989746094 -240.1982879638672 -1649.994140625
v 7.010499000549316 -240.41921997070312 -1641.8773193359375
v 0.7416059970855713 -243.17393493652344 -1636.8841552734375
v -7.66605806350708 -243.1312255859375 -1637.520751953125
v 9.467358589172363 -240.2537841796875 -1639.8443603515625
v 9.077943801879883 -241.5980682373047 -1635.725341796875
v -11.912096977233887 -243.13250732421875 -1636.7757568359375
v -22.550004959106445 -240.4832000732422 -1636.0201416015625
v -17.162038803100586 -242.33901977539062 -1634.0230712890625
v -20.419370651245117 -241.37109375 -1632.514404296875
v -23.548433303833008 -241.2193145751953 -1629.0369873046875
v -30.714256286621094 -238.7917022705078 -1628.4697265625
v -28.272157669067383 -238.66905212402344 -1628.195556640625
v 23.059003829956055 -223.045654296875 -1726.60400390625
v 25.184667587280273 -216.7914581298828 -1726.8773193359375
v 26.504579544067383 -216.25743103027344 -1724.41748046875
v 23.406221389770508 -225.43118286132812 -1720.6004638671875
v 22.55226707458496 -217.033935546875 -1734.99853515625
v 22.877059936523438 -220.40919494628906 -1732.0567626953125
v 24.907087326049805 -216.64942932128906 -1729.6177978515625
v 28.368816375732422 -215.3963623046875 -1730.5291748046875
v 27.67194366455078 -215.17340087890625 -1724.708251953125
v 43.91146469116211 -217.69602966308594 -1720.359375
v 44.43586349487305 -216.9893035888672 -1720.039794921875
v 44.274776458740234 -217.18325805664062 -1720.129638671875
v 44.530357360839844 -216.86521911621094 -1719.9697265625
v 44.44283676147461 -216.98207092285156 -1720.02978515625
v 44.277530670166016 -217.1900177001953 -1720.129638671875
v 44.75126647949219 -216.60118103027344 -1719.820068359375
v 25.60993003845215 -224.71266174316406 -1718.33056640625
v 25.839962005615234 -225.5950164794922 -1708.265869140625
v 28.023250579833984 -229.4339141845703 -1697.6175537109375
v 27.934246063232422 -229.84713745117188 -1691.2449951171875
v 33.39175033569336 -227.79998779296875 -1689.592529296875
v 28.04081153869629 -228.7310028076172 -1687.550537109375
v 27.65265655517578 -228.7018280029297 -1680.940673828125
v 26.3870849609375 -227.02565002441406 -1677.16162109375
v 30.901596069335938 -225.06875610351562 -1674.5220947265625
v 27.22563362121582 -224.8109130859375 -1673.6546630859375
v 24.262401580810547 -222.60348510742188 -1672.155029296875
v 24.897592544555664 -226.6492919921875 -1670.295166015625
v 24.857925415039062 -229.30300903320312 -1667.3126220703125
v 24.4052791595459 -232.1890411376953 -1659.78857421875
v 34.02625274658203 -234.63641357421875 -1660.86474609375
v 27.867403030395508 -234.3753204345703 -1657.35498046875
v 31.801904678344727 -235.26319885253906 -1657.7789306640625
v 36.0472297668457 -236.5789337158203 -1649.799072265625
v 41.973228454589844 -237.6580047607422 -1645.65087890625
v 47.2640380859375 -237.28890991210938 -1639.8321533203125
v 50.16744613647461 -237.19642639160156 -1525.591796875
v 48.683876037597656 -237.37710571289062 -1519.2530517578125
v 45.61723327636719 -233.6275634765625 -1523.8162841796875
v 46.711368560791016 -231.99728393554688 -1516.72900390625
v 48.58977508544922 -230.65956115722656 -1513.78759765625
v 52.59201431274414 -229.04464721679688 -1512.3421630859375
v 57.84235382080078 -226.37559509277344 -1507.4859619140625
v 51.829620361328125 -230.3255615234375 -1504.3525390625
v 50.99509811401367 -229.77377319335938 -1504.7508544921875
v 46.31877136230469 -234.34494018554688 -1505.4906005859375
v 48.22322463989258 -232.27342224121094 -1508.8197021484375
v 51.592159271240234 -230.09835815429688 -1502.0235595703125
v 52.10247802734375 -230.3513641357422 -1501.5577392578125
v 46.954811096191406 -232.9641571044922 -1495.7462158203125
v 51.85712432861328 -230.09133911132812 -1496.8743896484375
v 52.96096420288086 -228.73977661132812 -1494.6031494140625
v 53.20929718017578 -237.31544494628906 -1636.4571533203125
v 50.838951110839844 -237.30450439453125 -1630.3944091796875
v 47.03346252441406 -236.4685516357422 -1629.1251220703125
v 41.30902099609375 -236.80148315429688 -1632.5225830078125
v 40.041011810302734 -239.23390197753906 -1629.0228271484375
v 41.39478302001953 -239.38893127441406 -1620.010986328125
v 36.569908142089844 -240.51492309570312 -1621.020263671875
v 31.44438934326172 -240.633056640625 -1619.0819091796875
v 30.560396194458008 -239.97918701171875 -1615.9432373046875
v 25.15222930908203 -237.90467834472656 -1614.3648681640625
v 29.49030876159668 -238.1031951904297 -1612.1727294921875
v 25.085521697998047 -239.76341247558594 -1610.9776611328125
v 34.99321746826172 -240.53558349609375 -1607.778564453125
v 38.54413986206055 -241.0210723876953 -1602.7197265625
v 28.52659034729004 -241.48329162597656 -1600.556884765625
v 28.315216064453125 -241.4190673828125 -1595.291015625
v 30.153413772583008 -239.1415252685547 -1588.7083740234375
v 32.72434997558594 -239.48805236816406 -1586.382568359375
v 35.63918685913086 -238.7738494873047 -1580.490478515625
v 39.50577926635742 -238.37429809570312 -1575.3961181640625
v 44.96711349487305 -236.76931762695312 -1561.8126220703125
v 50.1248893737793 -237.5975341796875 -1555.905029296875
v 54.60121536254883 -235.0207977294922 -1551.8681640625
v 51.98802947998047 -234.48800659179688 -1547.6861572265625
v 52.60392379760742 -232.8618927001953 -1544.8720703125
v 52.060237884521484 -233.0540313720703 -1542.4879150390625
v 50.20642852783203 -231.48793029785156 -1541.294921875
v 51.368553161621094 -234.53720092773438 -1538.329833984375
v 52.605308532714844 -236.38063049316406 -1535.446044921875
v 52.18489456176758 -236.93382263183594 -1533.711669921875
v 51.631629943847656 -236.53846740722656 -1530.3896484375
v 40.983577728271484 -236.4134063720703 -1566.3546142578125
v 39.68544387817383 -236.07151794433594 -1564.562744140625
v 36.89459991455078 -236.64170837402344 -1570.9515380859375
v -25.92587661743164 -238.25892639160156 -1623.49365234375
v -24.582191467285156 -237.2818603515625 -1620.6202392578125
v -24.396034240722656 -236.8348388671875 -1619.7628173828125
v -24.098752975463867 -234.0466766357422 -1615.6632080078125
v -31.227622985839844 -237.78933715820312 -1611.1546630859375
v -30.680143356323242 -236.68374633789062 -1607.60302734375
v -27.539356231689453 -237.2185821533203 -1602.869873046875
v -29.152236938476562 -236.65330505371094 -1604.5911865234375
v -25.480554580688477 -238.44578552246094 -1600.9794921875
v -26.715511322021484 -242.09320068359375 -1596.75439453125
v -18.49973487854004 -244.33059692382812 -1590.1300048828125
v -20.257810592651367 -245.25303649902344 -1584.1932373046875
v -14.94494342803955 -247.6106719970703 -1581.708251953125
v -18.861101150512695 -246.3573760986328 -1575.53466796875
v -13.026896476745605 -247.45545959472656 -1571.177001953125
v -17.762142181396484 -245.3804931640625 -1568.8868408203125
v -20.305030822753906 -240.35324096679688 -1564.217041015625
v -16.877262115478516 -242.1187286376953 -1564.3968505859375
v -14.634073257446289 -238.82650756835938 -1562.631103515625
v -19.693599700927734 -236.38858032226562 -1561.38525390625
v -19.434650421142578 -235.7743682861328 -1560.342529296875
v -15.551642417907715 -234.0963897705078 -1560.0052490234375
v -14.721083641052246 -234.72679138183594 -1558.58447265625
v -13.984399795532227 -239.01144409179688 -1554.615234375
v -12.017099380493164 -241.73558044433594 -1548.357177734375
v -17.595670700073242 -242.3163299560547 -1547.7447509765625
v -11.97536849975586 -242.9469757080078 -1544.94091796875
v -11.19245433807373 -242.3527374267578 -1536.035400390625
v -14.754382133483887 -241.81126403808594 -1534.09814453125
v -18.394861221313477 -238.9623260498047 -1530.0728759765625
v -13.59421157836914 -239.23907470703125 -1528.9049072265625
v -22.359521865844727 -233.92620849609375 -1527.5421142578125
v -21.1960391998291 -233.12887573242188 -1526.4189453125
v -16.6198787689209 -234.29835510253906 -1525.5206298828125
v -22.71052360534668 -233.85775756835938 -1526.6246337890625
v -28.682018280029297 -239.032958984375 -1525.3665771484375
v -30.505849838256836 -240.90748596191406 -1521.837890625
v -29.897287368774414 -241.03305053710938 -1518.02734375
v -34.505287170410156 -241.3769073486328 -1518.4254150390625
v -38.035743713378906 -241.57505798339844 -1514.6512451171875
v -38.50989532470703 -243.6024169921875 -1507.7601318359375
v -40.264469146728516 -244.0109405517578 -1500.710693359375
v -38.09034729003906 -243.9276885986328 -1496.8544921875
v -45.721927642822266 -241.56887817382812 -1494.417724609375
v -46.54283142089844 -239.72296142578125 -1489.4437255859375
v 49.01117706298828 -231.1492156982422 -1492.0623779296875
v 45.97600173950195 -230.94384765625 -1487.0546875
v 43.13811111450195 -232.14796447753906 -1489.791015625
v 35.36507797241211 -230.0790252685547 -1486.20458984375
v 34.858680725097656 -228.3744354248047 -1483.624755859375
v 33.97621154785156 -227.19381713867188 -1481.208984375
v 31.434602737426758 -226.0879364013672 -1479.0146484375
v 30.215030670166016 -225.61001586914062 -1477.3643798828125
v 32.3881950378418 -227.37257385253906 -1476.6129150390625
v 30.578222274780273 -226.6193389892578 -1476.94921875
v 29.38411521911621 -227.59666442871094 -1475.7222900390625
v 26.689102172851562 -229.6787872314453 -1473.16455078125
v 23.677608489990234 -227.50514221191406 -1470.3714599609375
v 19.864376068115234 -225.3009490966797 -1466.0050048828125
v 17.31429100036621 -224.48263549804688 -1465.866943359375
v 17.009471893310547 -225.41871643066406 -1463.2354736328125
v 18.33427619934082 -224.6053924560547 -1457.4710693359375
v 15.716867446899414 -225.32884216308594 -1454.0726318359375
v 11.418140411376953 -229.2090301513672 -1448.5985107421875
v 9.498247146606445 -230.2156524658203 -1446.619873046875
v 4.748903751373291 -231.83477783203125 -1444.328125
v 4.1310882568359375 -235.2606201171875 -1438.860595703125
v -0.8276917934417725 -236.8552703857422 -1434.215087890625
v -3.4955215454101562 -243.01495361328125 -1426.236572265625
v -8.324403762817383 -243.5413055419922 -1425.4443359375
v 8.645103454589844 -245.94972229003906 -1415.4412841796875
v -44.815277099609375 -241.7407989501953 -1481.835693359375
v -41.9588623046875 -240.5712890625 -1476.90576171875
v -40.59749221801758 -235.86129760742188 -1469.5323486328125
v -41.70792007446289 -235.12013244628906 -1470.2896728515625
v -41.13759231567383 -231.718017578125 -1469.0257568359375
v -37.94587707519531 -228.5001678466797 -1467.548828125
v -39.944557189941406 -229.07998657226562 -1464.925048828125
v -43.222755432128906 -228.60882568359375 -1462.979248046875
v -41.94845199584961 -229.88858032226562 -1464.3494873046875
v -44.59811782836914 -228.68507385253906 -1461.948974609375
v -39.38045883178711 -235.92176818847656 -1465.8106689453125
v -34.61732864379883 -237.7299041748047 -1469.359130859375
v -27.777786254882812 -242.3152313232422 -1469.896240234375
v -31.013568878173828 -236.9547882080078 -1472.663818359375
v -24.128807067871094 -241.08038330078125 -1472.3614501953125
v -26.87818145751953 -244.37889099121094 -1465.72802734375
v -24.414182662963867 -244.04833984375 -1464.1260986328125
v -22.453567504882812 -245.3594512939453 -1458.0040283203125
v -20.916873931884766 -245.96820068359375 -1446.71044921875
v -25.05660629272461 -248.76930236816406 -1446.8037109375
v -25.615970611572266 -248.68873596191406 -1437.9161376953125
v -22.840391159057617 -246.8868865966797 -1436.8179931640625
v -19.841083526611328 -244.2208251953125 -1430.8035888671875
v -17.7353458404541 -243.5405731201172 -1427.23974609375
v -15.630411148071289 -240.41708374023438 -1431.4404296875
v -15.031341552734375 -238.92318725585938 -1427.1453857421875
v -16.999540328979492 -237.75411987304688 -1424.30419921875
v -18.27050018310547 -237.68722534179688 -1421.20263671875
v -18.462852478027344 -236.9893035888672 -1420.031005859375
v -18.062042236328125 -235.3974609375 -1420.1375732421875
v -18.085561752319336 -231.99423217773438 -1420.888427734375
v -18.035837173461914 -235.84413146972656 -1418.6649169921875
v -19.422321319580078 -232.86325073242188 -1417.963623046875
v -18.409730911254883 -234.0952606201172 -1416.405517578125
v -13.60072135925293 -242.90679931640625 -1423.6519775390625
v -16.646970748901367 -238.32131958007812 -1422.3692626953125
v -16.01936912536621 -244.1180877685547 -1420.198486328125
v -12.811017990112305 -244.48435974121094 -1422.6192626953125
v 22.46054458618164 -228.46168518066406 -1684.7437744140625
v 11.691442489624023 -229.0425262451172 -1683.38720703125
v 20.06401824951172 -226.94766235351562 -1680.1846923828125
v 14.101248741149902 -225.9637908935547 -1679.095947265625
v 15.314399719238281 -229.5045623779297 -1674.9952392578125
v 18.58078384399414 -231.1300506591797 -1669.3037109375
v 23.334157943725586 -231.23654174804688 -1663.1651611328125
v 22.24851417541504 -232.1956787109375 -1659.5101318359375
v 23.14805793762207 -231.85165405273438 -1654.670654296875
v 21.78660011291504 -234.61239624023438 -1650.36279296875
v 15.345023155212402 -238.45037841796875 -1646.008056640625
v 13.488685607910156 -239.05633544921875 -1640.692626953125
v 11.006047248840332 -241.4636688232422 -1630.3131103515625
v 1.4877848625183105 -243.3695068359375 -1627.871826171875
v 6.505433082580566 -242.8572235107422 -1626.8580322265625
v -6.112835884094238 -244.39234924316406 -1631.129638671875
v 11.096078872680664 -239.64602661132812 -1637.64208984375
v -17.1837215423584 -241.30581665039062 -1627.1260986328125
v -5.526147842407227 -244.37049865722656 -1628.0452880859375
v -12.36113166809082 -242.79335021972656 -1625.281494140625
v -22.775041580200195 -240.69677734375 -1625.46728515625
v 44.770263671875 -216.5720977783203 -1719.820068359375
v 44.81861114501953 -216.5152130126953 -1719.780029296875
v 44.69587326049805 -216.66026306152344 -1719.8499755859375
v 44.92987060546875 -216.38523864746094 -1719.7000732421875
v 44.92611312866211 -216.3871612548828 -1719.6900634765625
v 45.03009033203125 -216.2692108154297 -1719.6202392578125
v 45.08451461791992 -216.2071990966797 -1719.5703125
v 45.18045425415039 -216.09921264648438 -1719.5003662109375
v 21.501008987426758 -227.68006896972656 -1681.261474609375
v 25.932300567626953 -225.51742553710938 -1675.189453125
v 22.5419979095459 -223.2307891845703 -1674.697509765625
v 21.864856719970703 -223.4286651611328 -1673.83837890625
v 23.733417510986328 -226.5908203125 -1670.395263671875
v 23.036500930786133 -228.81716918945312 -1667.743408203125
v 28.4215030670166 -234.80609130859375 -1652.631591796875
v 27.89002227783203 -236.1617431640625 -1648.016845703125
v 34.52638244628906 -237.55201721191406 -1645.7943115234375
v 37.007789611816406 -237.69683837890625 -1640.6318359375
v 45.134212493896484 -237.5813751220703 -1638.77099609375
v 50.653358459472656 -237.04910278320312 -1530.9110107421875
v 48.07067108154297 -236.58453369140625 -1524.416015625
v 43.01588821411133 -231.71017456054688 -1526.3299560546875
v 44.98702621459961 -232.44387817382812 -1527.166259765625
v 44.383243560791016 -232.4625244140625 -1523.9083251953125
v 44.792659759521484 -231.32273864746094 -1520.70849609375
v 45.4986686706543 -230.86175537109375 -1516.29296875
v 47.68888473510742 -230.5135040283203 -1514.36279296875
v 50.85529708862305 -229.32620239257812 -1512.75244140625
v 52.5692024230957 -226.8434600830078 -1510.7420654296875
v 55.64624786376953 -225.9054718017578 -1509.9249267578125
v 58.11724090576172 -225.09860229492188 -1508.7740478515625
v 58.34428405761719 -225.61279296875 -1506.6640625
v 57.94453430175781 -226.18263244628906 -1505.827880859375
v 57.14103698730469 -227.6231689453125 -1504.233154296875
v 52.4248046875 -227.0992431640625 -1508.6019287109375
v 53.08574676513672 -228.7018585205078 -1500.47314453125
v 38.86460876464844 -234.195068359375 -1514.1575927734375
v 42.78794479370117 -232.8920135498047 -1514.811279296875
v 42.90834426879883 -235.2815704345703 -1504.672607421875
v 48.346256256103516 -230.85179138183594 -1512.9005126953125
v 53.418643951416016 -229.30746459960938 -1500.515380859375
v 41.80827331542969 -233.69903564453125 -1497.8382568359375
v 47.10321807861328 -237.25057983398438 -1634.3326416015625
v 45.89984893798828 -235.70578002929688 -1631.212158203125
v 38.1851806640625 -237.15118408203125 -1634.1038818359375
v 32.94135665893555 -236.8511199951172 -1634.869873046875
v 31.216880798339844 -239.39173889160156 -1629.285400390625
v 36.436344146728516 -239.83555603027344 -1624.8143310546875
v 27.297746658325195 -239.72914123535156 -1622.478759765625
v 23.49260711669922 -239.12387084960938 -1617.8553466796875
v 21.840051651000977 -237.1400146484375 -1615.7662353515625
v 22.139318466186523 -237.59007263183594 -1614.53759765625
v 19.65398597717285 -238.77342224121094 -1612.8189697265625
v 19.262592315673828 -240.21942138671875 -1609.8370361328125
v 24.463258743286133 -240.49676513671875 -1607.2288818359375
v 31.33443832397461 -240.58218383789062 -1603.91357421875
v 25.444124221801758 -241.1550750732422 -1603.6510009765625
v 20.038232803344727 -239.38677978515625 -1600.834228515625
v 25.217710494995117 -239.9806365966797 -1594.2264404296875
v 19.838987350463867 -239.51351928710938 -1599.3516845703125
v 16.03626251220703 -240.28089904785156 -1598.63134765625
v 20.230730056762695 -240.53663635253906 -1592.7724609375
v 28.27736473083496 -239.99928283691406 -1586.1131591796875
v 28.868318557739258 -237.7639617919922 -1579.1473388671875
v 32.7369499206543 -237.69778442382812 -1574.55029296875
v 39.8436393737793 -237.68421936035156 -1558.6470947265625
v 43.0473518371582 -239.1034393310547 -1554.892822265625
v 45.68008804321289 -238.8231201171875 -1552.505126953125
v 51.37788391113281 -236.74526977539062 -1549.105712890625
v 47.50553894042969 -234.52232360839844 -1543.462890625
v 50.298545837402344 -232.15866088867188 -1543.4302978515625
v 49.130035400390625 -231.15423583984375 -1541.9696044921875
v 48.146419525146484 -231.263427734375 -1539.01611328125
v 48.04329299926758 -231.79205322265625 -1537.4837646484375
v 49.86954879760742 -236.68133544921875 -1532.100830078125
v 36.112552642822266 -234.5126495361328 -1567.9017333984375
v 35.72203063964844 -234.031494140625 -1566.189208984375
v 31.666967391967773 -235.85250854492188 -1564.0523681640625
v 36.98685073852539 -237.16390991210938 -1562.84765625
v 34.29154968261719 -236.9241180419922 -1571.1265869140625
v -21.86324119567871 -239.869384765625 -1622.88525390625
v -23.19524383544922 -237.84066772460938 -1621.2188720703125
v -18.336170196533203 -238.19638061523438 -1620.4803466796875
v -19.680788040161133 -233.77700805664062 -1618.7691650390625
v -21.196643829345703 -232.84341430664062 -1617.4892578125
v -19.385454177856445 -231.16775512695312 -1616.0614013671875
v -18.51430320739746 -229.39385986328125 -1613.0489501953125
v -22.879823684692383 -232.49908447265625 -1611.046875
v -27.794506072998047 -233.88047790527344 -1606.4537353515625
v -25.92157745361328 -233.59347534179688 -1603.2491455078125
v -23.974056243896484 -234.37362670898438 -1601.6768798828125
v -22.925861358642578 -238.2793731689453 -1600.725830078125
v -22.037715911865234 -240.03684997558594 -1599.8179931640625
v -17.78369140625 -242.05551147460938 -1596.811279296875
v -13.151629447937012 -245.77899169921875 -1587.810302734375
v -15.87292194366455 -246.7678680419922 -1584.66015625
v -11.45400619506836 -247.05264282226562 -1583.2381591796875
v -10.36889934539795 -247.39271545410156 -1576.75732421875
v -14.787825584411621 -247.6294403076172 -1573.6456298828125
v -9.314265251159668 -246.6292724609375 -1572.3389892578125
v -9.15159797668457 -245.4751739501953 -1569.340576171875
v -13.028223037719727 -246.02130126953125 -1568.2840576171875
v -13.147940635681152 -242.52764892578125 -1565.7139892578125
v -9.21595573425293 -239.32009887695312 -1565.4765625
v -10.99996566772461 -233.37673950195312 -1563.080810546875
v -15.52889347076416 -234.4824676513672 -1561.2177734375
v -12.713574409484863 -233.19805908203125 -1561.4375
v -8.200546264648438 -233.4069366455078 -1561.63330078125
v -10.72619342803955 -238.01377868652344 -1555.2664794921875
v -4.812225341796875 -239.31419372558594 -1550.6412353515625
v -9.443593978881836 -240.47625732421875 -1548.6102294921875
v -7.8082051277160645 -239.2995147705078 -1545.6187744140625
v -7.060008525848389 -239.7462921142578 -1542.701904296875
v -5.027705669403076 -239.09324645996094 -1540.150146484375
v -3.579847812652588 -237.74856567382812 -1535.7872314453125
v -8.460122108459473 -240.8694305419922 -1533.132080078125
v -11.980067253112793 -241.168212890625 -1532.2850341796875
v -10.810523986816406 -239.04595947265625 -1528.8206787109375
v -9.675848960876465 -236.36854553222656 -1526.6280517578125
v -11.097172737121582 -233.1174774169922 -1524.685546875
v -22.37031364440918 -233.21253967285156 -1525.6226806640625
v -19.307083129882812 -229.3572235107422 -1525.2938232421875
v -19.62944984436035 -229.21783447265625 -1525.2054443359375
v -16.325580596923828 -229.19921875 -1523.82666015625
v -24.498193740844727 -237.33815002441406 -1523.2884521484375
v -26.77437400817871 -239.92034912109375 -1521.645751953125
v -24.802278518676758 -239.2537384033203 -1518.35888671875
v -33.75139617919922 -241.2845001220703 -1516.6883544921875
v -30.640634536743164 -240.81320190429688 -1515.6531982421875
v -27.806087493896484 -239.63006591796875 -1514.146484375
v -33.769161224365234 -242.5014190673828 -1511.4053955078125
v -34.576171875 -243.51052856445312 -1508.7608642578125
v -31.23554801940918 -242.94476318359375 -1500.0711669921875
v -30.696571350097656 -243.59149169921875 -1498.2611083984375
v -42.523311614990234 -241.85633850097656 -1490.49951171875
v -36.09513854980469 -243.2389373779297 -1494.3922119140625
v -38.60321807861328 -243.2043914794922 -1490.0067138671875
v 38.61277770996094 -232.9647674560547 -1495.4832763671875
v 37.32984161376953 -231.53704833984375 -1489.7933349609375
v 34.25263214111328 -231.2046356201172 -1486.755859375
v 32.73301696777344 -228.158203125 -1481.7843017578125
v 30.331567764282227 -225.80804443359375 -1478.0020751953125
v 29.136539459228516 -228.75982666015625 -1476.5264892578125
v 29.957256317138672 -232.2439727783203 -1478.6114501953125
v 24.681779861450195 -234.68350219726562 -1473.6634521484375
v 22.208852767944336 -228.99755859375 -1470.6240234375
v 19.462467193603516 -226.7692413330078 -1468.1937255859375
v 15.992399215698242 -225.8091278076172 -1466.1094970703125
v 14.775137901306152 -226.437744140625 -1464.109130859375
v 10.717021942138672 -226.3199462890625 -1458.760009765625
v 10.059086799621582 -228.35679626464844 -1453.2740478515625
v 6.5241217613220215 -230.02951049804688 -1449.815185546875
v 3.3247296810150146 -229.66502380371094 -1450.475341796875
v 1.7407342195510864 -230.418212890625 -1444.1964111328125
v 2.790030002593994 -233.46868896484375 -1439.9029541015625
v -0.4923695921897888 -235.4314422607422 -1436.78369140625
v -2.841474771499634 -237.7562713623047 -1433.3173828125
v -3.7796621322631836 -241.0483856201172 -1428.8839111328125
v -4.653446197509766 -242.3429412841797 -1427.0167236328125
v -10.396557807922363 -235.46080017089844 -1432.281005859375
v -10.91258430480957 -241.36163330078125 -1426.88720703125
v -38.24970626831055 -242.05213928222656 -1480.1260986328125
v -35.858604431152344 -239.69183349609375 -1474.7098388671875
v -39.167747497558594 -238.9198455810547 -1472.97802734375
v -36.38751983642578 -236.4679718017578 -1470.072021484375
v -39.76228713989258 -233.5055694580078 -1466.6009521484375
v -38.893577575683594 -235.61631774902344 -1467.203857421875
v -38.88256072998047 -230.8935089111328 -1467.5006103515625
v -39.80852508544922 -231.9442596435547 -1465.201171875
v -33.5693244934082 -237.1843719482422 -1472.1346435546875
v -24.894119262695312 -237.43246459960938 -1475.56005859375
v -28.770681381225586 -235.1346893310547 -1473.87060546875
v -30.697118759155273 -236.1717071533203 -1473.7965087890625
v -21.97812271118164 -237.111083984375 -1475.45166015625
v -20.628942489624023 -239.12362670898438 -1471.97021484375
v -20.3834228515625 -242.22039794921875 -1464.05224609375
v -19.138391494750977 -242.17835998535156 -1457.59619140625
v -18.1413516998291 -242.9911346435547 -1444.468994140625
v -18.281925201416016 -243.47496032714844 -1434.6309814453125
v -14.410627365112305 -239.98660278320312 -1438.038818359375
v -13.073409080505371 -237.92189025878906 -1429.8890380859375
v -13.38484001159668 -238.361328125 -1427.988037109375
v -13.822060585021973 -238.81468200683594 -1426.3626708984375
v -16.811281204223633 -233.88479614257812 -1421.193603515625
v -15.61481761932373 -234.39871215820312 -1420.336669921875
v -15.641944885253906 -232.8025665283203 -1423.8585205078125
v -17.408504486083984 -228.87222290039062 -1421.3399658203125
v -20.187753677368164 -225.9498291015625 -1418.041748046875
v -14.090861320495605 -234.1616668701172 -1418.8118896484375
v -17.05298614501953 -234.36349487304688 -1416.567138671875
v -21.382247924804688 -226.98606872558594 -1414.5516357421875
v -19.411521911621094 -230.25315856933594 -1413.6270751953125
v -17.057735443115234 -231.23504638671875 -1413.568115234375
v 17.04210090637207 -224.42893981933594 -1678.314208984375
v 15.932022094726562 -224.93963623046875 -1677.5537109375
v 18.31057357788086 -227.7592010498047 -1673.255126953125
v 23.213600158691406 -232.3870391845703 -1653.6412353515625
v 23.868715286254883 -234.59048461914062 -1649.363037109375
v 24.080062866210938 -235.5753631591797 -1645.2686767578125
v 19.93799591064453 -237.9307403564453 -1641.7158203125
v 23.899629592895508 -235.78155517578125 -1641.8258056640625
v 18.98689079284668 -238.2135467529297 -1637.28759765625
v 13.567538261413574 -237.77085876464844 -1636.3389892578125
v 13.175312995910645 -238.04103088378906 -1632.4114990234375
v 12.063375473022461 -239.931396484375 -1627.664794921875
v 10.993647575378418 -240.24378967285156 -1624.7471923828125
v -6.703320503234863 -242.3881378173828 -1620.54296875
v 8.96373462677002 -240.23074340820312 -1622.5401611328125
v -3.9820969104766846 -241.69419860839844 -1618.942138671875
v -17.911710739135742 -239.70059204101562 -1621.786865234375
v -15.445116996765137 -239.90467834472656 -1619.259033203125
v 45.02536392211914 -216.27415466308594 -1719.6302490234375
v 45.08658981323242 -216.2053680419922 -1719.580322265625
v 45.0644416809082 -216.2293243408203 -1719.5902099609375
v 45.219886779785156 -216.05523681640625 -1719.4703369140625
v 45.264522552490234 -216.0042724609375 -1719.4302978515625
v 45.327877044677734 -215.93247985839844 -1719.3704833984375
v 45.38517761230469 -215.86941528320312 -1719.3304443359375
v 17.58390998840332 -223.5591278076172 -1676.9599609375
v 19.21529197692871 -223.55291748046875 -1675.8231201171875
v 17.413116455078125 -224.4921875 -1675.8193359375
v 35.02440643310547 -237.81517028808594 -1637.88818359375
v 41.17198944091797 -238.44203186035156 -1637.0089111328125
v 45.38898468017578 -230.72137451171875 -1532.5958251953125
v 43.658470153808594 -229.5109100341797 -1529.2486572265625
v 42.90872573852539 -227.86209106445312 -1529.889404296875
v 39.60478591918945 -230.48094177246094 -1527.4349365234375
v 42.42654037475586 -231.9985809326172 -1524.0267333984375
v 43.565589904785156 -230.86190795898438 -1519.1854248046875
v 38.704925537109375 -232.259033203125 -1521.836181640625
v 55.625877380371094 -227.21067810058594 -1502.8197021484375
v 57.12751770019531 -227.11325073242188 -1503.481201171875
v 54.53068161010742 -228.1807861328125 -1500.6273193359375
v 54.08189392089844 -228.29019165039062 -1498.63818359375
v 36.351478576660156 -234.4032440185547 -1518.46630859375
v 38.13840103149414 -236.5067901611328 -1503.756591796875
v 37.643882751464844 -236.7926025390625 -1500.2677001953125
v 40.05010986328125 -238.54946899414062 -1636.27392578125
v 28.46467399597168 -235.9555206298828 -1636.3953857421875
v 28.85894775390625 -236.25428771972656 -1634.867431640625
v 25.776670455932617 -238.075927734375 -1631.52392578125
v 24.024629592895508 -239.26504516601562 -1625.6795654296875
v 18.899913787841797 -237.6670379638672 -1622.6771240234375
v 19.672441482543945 -237.60972595214844 -1619.906005859375
v 16.731901168823242 -234.17063903808594 -1619.9390869140625
v 18.097618103027344 -233.75086975097656 -1616.93115234375
v 20.710857391357422 -236.3740997314453 -1615.1861572265625
v 17.26014518737793 -234.1906280517578 -1614.7615966796875
v 15.228049278259277 -236.69520568847656 -1611.999267578125
v 17.199111938476562 -239.3823699951172 -1610.2479248046875
v 18.65911865234375 -240.1327667236328 -1606.903076171875
v 16.399873733520508 -238.5032958984375 -1604.2159423828125
v 12.674302101135254 -238.3061981201172 -1603.6309814453125
v 11.956917762756348 -239.9867401123047 -1598.810546875
v 13.14718246459961 -239.9784698486328 -1594.3150634765625
v 16.955646514892578 -240.8259735107422 -1591.0255126953125
v 20.371824264526367 -240.28411865234375 -1583.9456787109375
v 21.19586944580078 -238.9454345703125 -1579.3837890625
v 24.36312484741211 -235.66912841796875 -1576.4315185546875
v 27.361217498779297 -236.41146850585938 -1576.1201171875
v 28.53919792175293 -236.53082275390625 -1570.7701416015625
v 31.674514770507812 -237.23141479492188 -1569.3701171875
v 32.373252868652344 -237.5959930419922 -1561.9918212890625
v 34.25065612792969 -237.5625762939453 -1556.68603515625
v 38.918270111083984 -239.308837890625 -1553.6455078125
v 43.11765670776367 -239.13160705566406 -1550.6505126953125
v 47.5155029296875 -237.0855712890625 -1546.0950927734375
v 45.159027099609375 -235.03604125976562 -1540.52783203125
v 46.90446472167969 -231.8518524169922 -1538.25927734375
v 46.22855758666992 -231.38992309570312 -1536.372802734375
v 47.25590515136719 -231.64828491210938 -1535.5140380859375
v 32.46649169921875 -235.42466735839844 -1565.726806640625
v 30.399690628051758 -235.34365844726562 -1565.6776123046875
v 26.554731369018555 -233.7044677734375 -1565.2371826171875
v 28.09915542602539 -238.08981323242188 -1561.598876953125
v -16.48652458190918 -236.9286346435547 -1616.998779296875
v -17.774564743041992 -231.6748504638672 -1616.346923828125
v -17.225379943847656 -229.96853637695312 -1614.900146484375
v -14.657855987548828 -228.5769805908203 -1611.457763671875
v -18.718536376953125 -228.74232482910156 -1608.6644287109375
v -21.610912322998047 -229.79356384277344 -1607.4461669921875
v -24.781007766723633 -232.1240234375 -1607.0843505859375
v -19.780982971191406 -229.89918518066406 -1603.7821044921875
v -19.893230438232422 -232.73663330078125 -1600.63232421875
v -14.545090675354004 -237.21192932128906 -1599.9019775390625
v -16.136335372924805 -240.0625457763672 -1598.9248046875
v -10.873006820678711 -237.72860717773438 -1599.210205078125
v -12.014236450195312 -242.22816467285156 -1597.0584716796875
v -5.7678985595703125 -245.2727508544922 -1593.021240234375
v -11.827141761779785 -244.60720825195312 -1593.2042236328125
v -9.139742851257324 -246.3589324951172 -1591.310546875
v -8.464652061462402 -247.67605590820312 -1585.7557373046875
v -6.270021438598633 -247.71534729003906 -1578.1455078125
v -7.25554084777832 -247.1248779296875 -1574.8056640625
v -5.4102911949157715 -244.90782165527344 -1568.931640625
v -9.15241813659668 -243.4414520263672 -1567.474365234375
v -5.580477714538574 -243.80441284179688 -1567.4207763671875
v -5.790455341339111 -240.51576232910156 -1565.5987548828125
v -7.646254539489746 -234.9640655517578 -1564.821044921875
v -2.847231864929199 -233.05177307128906 -1564.1492919921875
v -1.147845983505249 -232.42178344726562 -1563.09375
v -3.143832206726074 -232.49754333496094 -1562.1514892578125
v -5.256495475769043 -233.4182586669922 -1560.6771240234375
v -5.970665454864502 -235.57608032226562 -1557.93701171875
v -1.3953619003295898 -237.19577026367188 -1552.533447265625
v 1.5558602809906006 -238.00633239746094 -1547.598388671875
v -2.2932543754577637 -239.6562957763672 -1544.5986328125
v 0.5032435059547424 -239.061767578125 -1539.7281494140625
v 0.6126207709312439 -236.9171600341797 -1536.2626953125
v 0.6523800492286682 -236.8972625732422 -1532.0821533203125
v -3.513216972351074 -236.95941162109375 -1531.69384765625
v -6.965245246887207 -237.9981689453125 -1529.601806640625
v -5.527017116546631 -237.19436645507812 -1529.1739501953125
v -8.421927452087402 -235.49774169921875 -1526.0816650390625
v -9.725190162658691 -233.2467803955078 -1523.5233154296875
v -11.80034351348877 -229.3310089111328 -1523.254638671875
v -20.079484939575195 -229.4963836669922 -1524.6226806640625
v -22.22395133972168 -235.76507568359375 -1520.067138671875
v -22.233253479003906 -235.5467529296875 -1517.7552490234375
v -30.98678207397461 -242.02940368652344 -1509.733642578125
v -22.937257766723633 -234.6401824951172 -1513.4989013671875
v -25.726110458374023 -238.87106323242188 -1510.304931640625
v -26.194927215576172 -239.0055389404297 -1502.7236328125
v -27.120695114135742 -239.64053344726562 -1497.8680419921875
v -34.630699157714844 -242.42625427246094 -1490.2557373046875
v -34.00366973876953 -242.17494201660156 -1485.428466796875
v 37.585201263427734 -234.56292724609375 -1496.60693359375
v 36.259742736816406 -233.01280212402344 -1491.3876953125
v 32.95607376098633 -235.4904327392578 -1486.713623046875
v 29.424468994140625 -237.89466857910156 -1481.1630859375
v 28.021766662597656 -242.69635009765625 -1483.641357421875
v 21.350126266479492 -242.48179626464844 -1478.625732421875
v 18.220645904541016 -236.72982788085938 -1473.88916015625
v 18.298725128173828 -230.98916625976562 -1469.342529296875
v 12.748799324035645 -229.21331787109375 -1466.1839599609375
v 10.274810791015625 -226.8900604248047 -1460.7003173828125
v 6.21319055557251 -228.274169921875 -1454.9151611328125
v 0.1783897876739502 -230.5067596435547 -1457.59033203125
v -0.8090896010398865 -230.5887451171875 -1446.6917724609375
v -0.6779202222824097 -230.33724975585938 -1441.319580078125
v 1.3213268518447876 -231.70252990722656 -1439.7359619140625
v 0.364646315574646 -232.9962615966797 -1437.228759765625
v -3.9093456268310547 -238.8550567626953 -1428.1878662109375
v -0.7924922704696655 -235.57275390625 -1430.1031494140625
v -4.96436071395874 -239.26080322265625 -1428.5152587890625
v -7.503262996673584 -236.1660919189453 -1431.355224609375
v -7.462594985961914 -233.3935546875 -1435.722900390625
v -12.091822624206543 -234.77633666992188 -1433.325439453125
v -33.17583465576172 -241.38462829589844 -1482.961669921875
v -29.511348724365234 -237.94296264648438 -1479.9559326171875
v -23.503385543823242 -232.53985595703125 -1476.7706298828125
v -22.558250427246094 -229.68447875976562 -1478.3834228515625
v -27.499982833862305 -232.35842895507812 -1476.00927734375
v -29.334455490112305 -234.9492950439453 -1474.946044921875
v -27.68058967590332 -233.15992736816406 -1475.3895263671875
v -20.874744415283203 -232.46896362304688 -1477.71630859375
v -18.208383560180664 -234.349609375 -1473.882568359375
v -16.545652389526367 -234.26693725585938 -1467.406005859375
v -18.409515380859375 -239.03021240234375 -1465.5126953125
v -15.934412956237793 -238.8179168701172 -1452.4293212890625
v -14.908743858337402 -240.7853240966797 -1444.62646484375
v -12.924662590026855 -235.99032592773438 -1448.3289794921875
v -12.198001861572266 -235.64268493652344 -1440.8623046875
v -12.392682075500488 -234.58587646484375 -1434.9888916015625
v -15.37374496459961 -233.7077178955078 -1423.28125
v -9.39095687866211 -234.69374084472656 -1420.6295166015625
v -13.956169128417969 -232.86082458496094 -1425.8096923828125
v -15.3067626953125 -229.75648498535156 -1422.615478515625
v -18.286964416503906 -224.84088134765625 -1419.6385498046875
v -18.978544235229492 -223.93142700195312 -1417.816162109375
v -20.11296272277832 -224.70083618164062 -1415.5223388671875
v -9.432836532592773 -233.75390625 -1419.55615234375
v -8.685442924499512 -229.87892150878906 -1414.6697998046875
v -20.823795318603516 -225.6808319091797 -1413.5286865234375
v -20.842769622802734 -227.8973846435547 -1411.1749267578125
v -21.28459358215332 -227.00982666015625 -1411.831298828125
v -18.57118034362793 -228.56298828125 -1411.18408203125
v -15.772318840026855 -228.79859924316406 -1411.332763671875
v 17.550941467285156 -223.32232666015625 -1676.5416259765625
v 22.767086029052734 -236.15650939941406 -1640.309814453125
v 20.836078643798828 -237.43519592285156 -1636.77783203125
v 24.16294288635254 -235.30079650878906 -1639.843017578125
v 18.326833724975586 -237.0963592529297 -1633.103515625
v 14.310141563415527 -237.02857971191406 -1631.4261474609375
v 12.986584663391113 -237.38746643066406 -1629.53369140625
v 12.103593826293945 -238.14779663085938 -1624.9501953125
v 10.412246704101562 -238.40753173828125 -1622.243896484375
v -8.079026222229004 -240.1335906982422 -1616.3177490234375
v -3.128002882003784 -240.5910186767578 -1616.8692626953125
v 3.9704089164733887 -240.36769104003906 -1620.6240234375
v 6.482706069946289 -237.58154296875 -1619.1678466796875
v -6.999780178070068 -238.4896697998047 -1614.2901611328125
v -12.40523624420166 -235.486328125 -1613.8455810546875
v 45.393924713134766 -215.86044311523438 -1719.3204345703125
v 45.44552993774414 -215.8013916015625 -1719.2706298828125
v 45.46028518676758 -215.78445434570312 -1719.2606201171875
v 45.458351135253906 -215.78640747070312 -1719.2606201171875
v 43.59478759765625 -230.44383239746094 -1532.9276123046875
v 42.701847076416016 -228.261474609375 -1530.737060546875
v 38.68917465209961 -229.2154998779297 -1529.4454345703125
v 35.899085998535156 -230.72816467285156 -1529.0791015625
v 37.221229553222656 -231.3664093017578 -1526.0185546875
v 32.8086051940918 -233.6985321044922 -1522.5833740234375
v 31.379491806030273 -237.12828063964844 -1516.7584228515625
v 33.518795013427734 -236.6317138671875 -1514.4591064453125
v 36.559959411621094 -237.15560913085938 -1505.3372802734375
v 34.136024475097656 -241.32330322265625 -1499.352294921875
v 35.03118133544922 -238.79180908203125 -1495.1236572265625
v 24.21308708190918 -233.84829711914062 -1637.5052490234375
v 24.868310928344727 -234.17718505859375 -1635.4591064453125
v 21.795032501220703 -236.1033172607422 -1631.3875732421875
v 21.77422332763672 -238.17312622070312 -1627.352783203125
v 17.575836181640625 -235.49169921875 -1625.9425048828125
v 15.46316909790039 -232.8706817626953 -1623.0291748046875
v 15.128949165344238 -233.2599639892578 -1619.9671630859375
v 16.00405502319336 -233.5348663330078 -1618.1822509765625
v 17.046857833862305 -232.9200439453125 -1616.401611328125
v 15.682228088378906 -234.086669921875 -1615.045654296875
v 14.04862117767334 -236.48402404785156 -1612.7005615234375
v 13.832681655883789 -236.66241455078125 -1610.7611083984375
v 15.18448543548584 -237.0753936767578 -1610.12744140625
v 15.559771537780762 -237.69761657714844 -1605.8060302734375
v 10.53140640258789 -235.58302307128906 -1605.075439453125
v 8.719157218933105 -238.19024658203125 -1600.0775146484375
v 9.155016899108887 -238.98931884765625 -1597.9193115234375
v 9.939708709716797 -238.46192932128906 -1593.7342529296875
v 11.621200561523438 -239.1063690185547 -1588.712158203125
v 14.18381118774414 -239.01181030273438 -1585.380859375
v 15.606447219848633 -238.0874481201172 -1581.0423583984375
v 18.74578857421875 -236.7670440673828 -1577.4500732421875
v 21.876710891723633 -237.89865112304688 -1577.82861328125
v 17.85512924194336 -235.81582641601562 -1576.369873046875
v 19.67002296447754 -233.0763397216797 -1575.257568359375
v 21.72934913635254 -232.8944091796875 -1574.6300048828125
v 24.56471824645996 -234.76405334472656 -1574.942626953125
v 26.87224769592285 -233.63636779785156 -1566.8428955078125
v 30.140213012695312 -239.22914123535156 -1559.9085693359375
v 32.336551666259766 -238.17555236816406 -1560.19775390625
v 32.838104248046875 -238.1565704345703 -1555.309326171875
v 37.99702072143555 -240.16802978515625 -1550.656494140625
v 40.735687255859375 -239.89578247070312 -1548.7054443359375
v 42.671958923339844 -238.8336639404297 -1544.7139892578125
v 40.86128234863281 -236.71046447753906 -1540.0601806640625
v 40.946014404296875 -233.54441833496094 -1534.65185546875
v 23.20734214782715 -231.367431640625 -1567.6595458984375
v 23.09743309020996 -231.80087280273438 -1564.8846435546875
v 26.724340438842773 -236.83253479003906 -1562.3599853515625
v 25.100337982177734 -237.4594268798828 -1560.249755859375
v 22.573335647583008 -233.30015563964844 -1562.2786865234375
v 27.459280014038086 -239.76925659179688 -1557.197021484375
v 22.92652130126953 -239.5810089111328 -1556.1226806640625
v -12.21073055267334 -230.63502502441406 -1612.505126953125
v -8.25363540649414 -229.8474578857422 -1610.9052734375
v -10.431754112243652 -228.53900146484375 -1608.5870361328125
v -17.13125228881836 -228.49876403808594 -1605.596923828125
v -17.95524787902832 -230.541259765625 -1601.46044921875
v -14.57744026184082 -231.89134216308594 -1599.83544921875
v -6.691954135894775 -239.91209411621094 -1598.226806640625
v -9.932432174682617 -233.01048278808594 -1599.2269287109375
v -5.717682838439941 -235.1984100341797 -1599.7257080078125
v -1.9821287393569946 -240.17250061035156 -1596.0396728515625
v -0.8818914890289307 -243.90945434570312 -1591.56787109375
v -5.553158760070801 -246.6016387939453 -1590.96435546875
v -5.654052257537842 -247.70814514160156 -1586.19580078125
v 1.0362257957458496 -245.44406127929688 -1586.129150390625
v -2.33082914352417 -246.10813903808594 -1576.82373046875
v 2.1362199783325195 -245.15005493164062 -1574.830322265625
v 2.1362111568450928 -243.3268585205078 -1570.238525390625
v 3.132795572280884 -239.96661376953125 -1566.686279296875
v -0.07602779567241669 -239.86691284179688 -1565.8995361328125
v 5.265244483947754 -234.86993408203125 -1563.90625
v 2.3172154426574707 -235.7294158935547 -1564.1810302734375
v 4.766582012176514 -234.26930236816406 -1562.9002685546875
v 4.647426605224609 -232.50198364257812 -1560.6640625
v 3.8546857833862305 -232.02462768554688 -1558.1649169921875
v -1.93527090549469 -234.13214111328125 -1557.1446533203125
v 2.9740447998046875 -232.0374298095703 -1553.912109375
v 5.373967170715332 -233.91880798339844 -1549.332275390625
v 5.950636863708496 -235.02191162109375 -1546.1546630859375
v 2.873643159866333 -237.80441284179688 -1545.133544921875
v 7.081081867218018 -235.91973876953125 -1541.189697265625
v 6.380435943603516 -235.9364776611328 -1537.0177001953125
v 5.053485870361328 -236.040283203125 -1533.6383056640625
v 4.239677906036377 -236.21983337402344 -1531.80810546875
v -0.2799658179283142 -236.3343505859375 -1528.481201171875
v -3.839261531829834 -237.41793823242188 -1525.8477783203125
v -3.517566442489624 -236.24717712402344 -1523.848388671875
v -2.205594778060913 -236.38829040527344 -1521.4769287109375
v -10.915507316589355 -229.82289123535156 -1522.3819580078125
v -3.0219883918762207 -234.90447998046875 -1520.9210205078125
v -8.901348114013672 -233.34625244140625 -1521.505126953125
v -13.966925621032715 -228.98934936523438 -1523.0224609375
v -12.760738372802734 -229.28126525878906 -1521.2548828125
v -20.771203994750977 -234.6649627685547 -1519.2113037109375
v -19.38740348815918 -234.0411376953125 -1516.6678466796875
v -21.868188858032227 -235.03573608398438 -1516.3353271484375
v -20.95356559753418 -234.03851318359375 -1514.618408203125
v -21.666574478149414 -233.93896484375 -1511.5872802734375
v -23.364118576049805 -233.89573669433594 -1509.916015625
v -23.310489654541016 -234.15245056152344 -1507.19189453125
v -23.509410858154297 -234.3524932861328 -1506.1876220703125
v -24.39168930053711 -235.28578186035156 -1502.2371826171875
v -23.993671417236328 -236.2001190185547 -1499.5723876953125
v -25.583633422851562 -235.72125244140625 -1496.7744140625
v -28.45787239074707 -238.97900390625 -1494.373291015625
v -26.299476623535156 -238.26329040527344 -1489.12451171875
v 27.97861671447754 -246.30795288085938 -1493.7840576171875
v 26.27863121032715 -245.7875213623047 -1486.989501953125
v 23.075803756713867 -248.42404174804688 -1488.286865234375
v 16.058063507080078 -249.88101196289062 -1484.25390625
v 15.092988014221191 -244.36474609375 -1479.80126953125
v 14.12381649017334 -233.124755859375 -1470.1387939453125
v 9.7420015335083 -233.25759887695312 -1465.8094482421875
v 7.598326206207275 -229.66934204101562 -1463.2791748046875
v 4.248855113983154 -229.63333129882812 -1458.4144287109375
v 2.1720008850097656 -234.05767822265625 -1467.079345703125
v -14.291296005249023 -232.85186767578125 -1461.97509765625
v -3.0408995151519775 -233.0021514892578 -1462.99462890625
v -9.016790390014648 -231.91114807128906 -1452.8031005859375
v -10.594742774963379 -234.7758331298828 -1441.0338134765625
v -3.544957399368286 -231.9261016845703 -1434.125244140625
v -0.7922966480255127 -231.06143188476562 -1437.19873046875
v 0.12689538300037384 -231.6532440185547 -1435.1549072265625
v -4.8904523849487305 -238.0848846435547 -1427.4913330078125
v -4.309986114501953 -237.18072509765625 -1425.957763671875
v -0.3702040910720825 -234.87252807617188 -1431.4664306640625
v -3.474597692489624 -234.84097290039062 -1425.95751953125
v -5.982589244842529 -234.12010192871094 -1432.657958984375
v -5.9471869468688965 -235.98751831054688 -1428.796142578125
v -5.048679828643799 -232.66505432128906 -1433.8238525390625
v -24.49399757385254 -236.6116180419922 -1490.3726806640625
v -26.952550888061523 -235.51124572753906 -1481.140625
v -22.469207763671875 -229.4614715576172 -1477.9884033203125
v -19.250295639038086 -231.1388397216797 -1478.5496826171875
v -24.639673233032227 -231.7487030029297 -1483.2894287109375
v -24.10329246520996 -229.9918975830078 -1480.440185546875
v -18.400434494018555 -232.07025146484375 -1477.84765625
v -16.151512145996094 -232.43182373046875 -1475.3695068359375
v -16.252954483032227 -233.160888671875 -1470.0709228515625
v -13.104107856750488 -231.2327880859375 -1468.58837890625
v -15.966011047363281 -233.67074584960938 -1464.1278076171875
v -13.91800308227539 -233.72227478027344 -1457.2086181640625
v -11.467844009399414 -232.95416259765625 -1455.632568359375
v -11.104805946350098 -233.12725830078125 -1449.0989990234375
v -11.239473342895508 -233.782958984375 -1424.4100341796875
v -10.38504409790039 -234.7063751220703 -1422.38525390625
v -5.925724983215332 -236.74900817871094 -1424.11083984375
v -8.354012489318848 -232.84130859375 -1419.380859375
v -10.124493598937988 -232.90972900390625 -1425.07568359375
v -9.591096878051758 -230.06756591796875 -1422.5948486328125
v -14.082120895385742 -231.4622802734375 -1424.848388671875
v -13.835566520690918 -226.03500366210938 -1419.981201171875
v -17.926490783691406 -223.5244140625 -1418.344482421875
v -17.524900436401367 -223.5867156982422 -1417.2962646484375
v -19.696685791015625 -225.71681213378906 -1412.91259765625
v -6.949704170227051 -232.81732177734375 -1420.9385986328125
v -7.154022693634033 -231.10569763183594 -1420.3773193359375
v -8.285632133483887 -229.09205627441406 -1414.4237060546875
v -12.616352081298828 -228.5384521484375 -1412.98388671875
v -20.88050079345703 -228.27914428710938 -1409.8504638671875
v -19.885974884033203 -226.97216796875 -1409.9051513671875
v -17.08771324157715 -227.49034118652344 -1411.64404296875
v -19.89386749267578 -227.707763671875 -1409.42138671875
v 23.791316986083984 -233.4387664794922 -1636.2510986328125
v 22.336702346801758 -234.85960388183594 -1634.42236328125
v 20.848026275634766 -235.91796875 -1632.5633544921875
v 19.59941291809082 -235.9111328125 -1629.737060546875
v 17.705322265625 -235.7039337158203 -1628.32373046875
v 13.892420768737793 -234.5929718017578 -1627.748046875
v 12.869821548461914 -235.0484161376953 -1626.7720947265625
v 11.553369522094727 -233.9107208251953 -1623.751220703125
v 8.34652328491211 -235.94735717773438 -1619.9566650390625
v 2.8177754878997803 -238.84193420410156 -1617.6448974609375
v -1.9800924062728882 -236.56329345703125 -1614.191162109375
v 7.430319309234619 -237.04991149902344 -1618.193115234375
v 3.840055227279663 -238.48464965820312 -1616.8004150390625
v -10.56010913848877 -234.53570556640625 -1612.8369140625
v 36.721763610839844 -231.1041717529297 -1530.48779296875
v 29.53420639038086 -231.1198272705078 -1530.2642822265625
v 30.787994384765625 -232.23680114746094 -1526.686767578125
v 21.094078063964844 -235.287109375 -1528.262939453125
v 24.02469253540039 -237.42832946777344 -1521.341552734375
v 22.677093505859375 -239.59144592285156 -1517.263916015625
v 23.31869125366211 -242.8548126220703 -1511.3250732421875
v 29.13397216796875 -242.8875274658203 -1506.896728515625
v 33.81949234008789 -241.44058227539062 -1504.104248046875
v 25.638465881347656 -246.41680908203125 -1501.51220703125
v 15.85306453704834 -234.75267028808594 -1627.115478515625
v 14.581751823425293 -232.4214630126953 -1624.298583984375
v 9.562520980834961 -234.24461364746094 -1620.5084228515625
v 11.486595153808594 -232.99057006835938 -1622.381103515625
v 13.964378356933594 -234.51748657226562 -1618.1322021484375
v 11.907020568847656 -237.79946899414062 -1615.3331298828125
v 9.94638442993164 -239.04347229003906 -1614.0416259765625
v 10.035926818847656 -238.48529052734375 -1611.049072265625
v 10.312715530395508 -235.49424743652344 -1606.5760498046875
v 13.601075172424316 -235.6629180908203 -1607.6552734375
v 7.273586750030518 -233.21754455566406 -1603.8399658203125
v 6.982654094696045 -232.9269256591797 -1601.6328125
v 6.114940166473389 -233.78451538085938 -1599.5689697265625
v 7.442187309265137 -237.35989379882812 -1598.5609130859375
v 7.310446262359619 -236.6772003173828 -1595.6138916015625
v 6.520088195800781 -236.4314422607422 -1594.47119140625
v 8.93437385559082 -238.1085205078125 -1591.79296875
v 7.105194091796875 -239.17076110839844 -1590.0992431640625
v 10.810040473937988 -239.59593200683594 -1586.3126220703125
v 13.61126708984375 -238.66310119628906 -1580.4290771484375
v 16.58991813659668 -237.0819091796875 -1577.760986328125
v 16.554365158081055 -236.07057189941406 -1574.374267578125
v 18.251619338989258 -232.8483428955078 -1574.0770263671875
v 19.028430938720703 -231.50953674316406 -1572.6004638671875
v 21.88914680480957 -230.85556030273438 -1573.2706298828125
v 26.863693237304688 -240.15017700195312 -1553.0323486328125
v 31.054523468017578 -238.8946075439453 -1551.8067626953125
v 31.242021560668945 -239.21839904785156 -1545.793701171875
v 39.59583282470703 -239.67733764648438 -1545.18896484375
v 33.46588134765625 -239.65750122070312 -1544.2069091796875
v 29.408357620239258 -239.00848388671875 -1540.72998046875
v 30.40789222717285 -235.99929809570312 -1534.359619140625
v 33.6049919128418 -234.03277587890625 -1532.9005126953125
v 21.792003631591797 -230.29449462890625 -1568.145751953125
v 21.090375900268555 -230.7666015625 -1565.8587646484375
v 21.97414207458496 -235.65699768066406 -1560.0213623046875
v 18.696945190429688 -235.64817810058594 -1558.21240234375
v 19.25571632385254 -234.37391662597656 -1561.1519775390625
v 18.00476837158203 -237.2513427734375 -1555.367431640625
v 20.037200927734375 -239.6416015625 -1553.4224853515625
v 25.436655044555664 -241.0441436767578 -1548.9481201171875
v -4.100773811340332 -233.44053649902344 -1612.7198486328125
v -6.687618255615234 -231.68431091308594 -1612.0345458984375
v -5.702962398529053 -231.745849609375 -1610.8765869140625
v -7.160182476043701 -230.81405639648438 -1608.3353271484375
v -8.2227201461792 -229.6135711669922 -1603.697021484375
v -10.58527660369873 -228.83999633789062 -1603.3338623046875
v -9.894668579101562 -230.3006134033203 -1600.7412109375
v -4.453862190246582 -236.2425079345703 -1599.3187255859375
v -3.4216408729553223 -239.504150390625 -1597.485595703125
v -7.596583366394043 -231.5416717529297 -1600.2916259765625
v -5.96799898147583 -233.94419860839844 -1600.6124267578125
v -3.9419727325439453 -235.52377319335938 -1599.976806640625
v 5.249529838562012 -237.08619689941406 -1593.8006591796875
v 2.509652853012085 -241.01332092285156 -1590.76611328125
v 3.9617106914520264 -242.2600555419922 -1585.367431640625
v 2.293151378631592 -245.2447052001953 -1581.370849609375
v 5.309367656707764 -242.07127380371094 -1572.8863525390625
v 5.15402364730835 -241.23599243164062 -1570.1181640625
v 10.589713096618652 -237.5295867919922 -1568.9764404296875
v 13.750840187072754 -232.94068908691406 -1565.9749755859375
v 16.65363311767578 -232.0299530029297 -1565.4678955078125
v 7.134374141693115 -234.13031005859375 -1561.600341796875
v 8.8770170211792 -233.4693603515625 -1560.032958984375
v 5.788177490234375 -231.67669677734375 -1557.035888671875
v 4.258232116699219 -231.5274200439453 -1554.0155029296875
v 5.050693511962891 -232.95498657226562 -1551.05615234375
v 7.076708793640137 -234.26016235351562 -1546.67626953125
v 8.904129028320312 -235.09906005859375 -1544.874267578125
v 8.12039852142334 -235.21737670898438 -1542.5008544921875
v 8.3667573928833 -235.79559326171875 -1541.1715087890625
v 7.380172252655029 -235.53912353515625 -1537.8895263671875
v 9.82612133026123 -236.6533966064453 -1536.3841552734375
v 8.46851921081543 -236.6270751953125 -1533.42529296875
v 4.96232795715332 -236.4896240234375 -1531.39892578125
v 2.6320114135742188 -236.3887176513672 -1528.40576171875
v 0.0013987051788717508 -235.3191680908203 -1526.5833740234375
v 2.557258367538452 -236.6285400390625 -1526.920166015625
v -0.5283689498901367 -235.4252166748047 -1523.4031982421875
v -0.9726424217224121 -236.9298095703125 -1521.4560546875
v 2.0649361610412598 -239.37954711914062 -1522.967041015625
v 1.0008846521377563 -239.9821014404297 -1518.464111328125
v -11.630953788757324 -231.6228790283203 -1518.607177734375
v -5.564779281616211 -234.7819061279297 -1517.9971923828125
v -10.74744987487793 -233.1090545654297 -1517.1728515625
v -16.567901611328125 -232.61329650878906 -1520.037109375
v -12.881884574890137 -230.81112670898438 -1518.7437744140625
v -16.18669319152832 -233.01605224609375 -1517.2626953125
v -16.215984344482422 -234.75938415527344 -1515.318603515625
v -16.506887435913086 -235.07579040527344 -1512.8131103515625
v -17.72246551513672 -233.69915771484375 -1511.661865234375
v -22.002775192260742 -233.46836853027344 -1507.936767578125
v -21.716773986816406 -233.9350128173828 -1505.0919189453125
v -20.261051177978516 -234.08660888671875 -1502.693115234375
v -21.291732788085938 -233.7298583984375 -1497.823486328125
v -26.476436614990234 -236.80467224121094 -1494.920654296875
v -23.687641143798828 -233.03945922851562 -1494.378173828125
v 20.314542770385742 -249.38111877441406 -1495.9957275390625
v 15.03199291229248 -250.14779663085938 -1495.0054931640625
v 11.674018859863281 -251.13587951660156 -1487.0755615234375
v 10.664758682250977 -246.80711364746094 -1480.8963623046875
v 10.356294631958008 -240.07321166992188 -1477.5185546875
v 4.962260723114014 -237.41094970703125 -1471.0179443359375
v -1.057502031326294 -235.2027587890625 -1470.5372314453125
v -10.784642219543457 -230.58615112304688 -1470.80615234375
v -9.574712753295898 -233.55880737304688 -1474.4630126953125
v -6.592803955078125 -233.7840576171875 -1427.8538818359375
v -2.857546329498291 -233.38088989257812 -1430.259033203125
v -6.813040733337402 -236.69497680664062 -1425.37646484375
v -4.970510005950928 -235.6750946044922 -1423.965576171875
v -5.148550033569336 -233.67396545410156 -1424.9215087890625
v -7.390994548797607 -234.63821411132812 -1427.4840087890625
v -9.246076583862305 -234.22695922851562 -1424.9388427734375
v -23.257410049438477 -233.20004272460938 -1491.3499755859375
v -18.77330207824707 -230.66050720214844 -1484.809326171875
v -20.363740921020508 -229.31236267089844 -1481.674072265625
v -18.205963134765625 -232.22023010253906 -1479.7694091796875
v -21.69464111328125 -232.08642578125 -1492.664794921875
v -20.697643280029297 -230.88619995117188 -1488.4852294921875
v -6.673930644989014 -232.90655517578125 -1426.0955810546875
v -6.618137836456299 -232.1840362548828 -1422.923828125
v -7.845256328582764 -230.219482421875 -1421.6583251953125
v -9.331948280334473 -225.97991943359375 -1419.471923828125
v -13.528486251831055 -225.2865447998047 -1418.893798828125
v -14.072667121887207 -224.9734649658203 -1417.0501708984375
v -15.838263511657715 -226.5424041748047 -1414.4173583984375
v -7.746718883514404 -227.2721405029297 -1418.8077392578125
v -9.298736572265625 -227.3710174560547 -1414.8690185546875
v 13.102899551391602 -232.8692169189453 -1625.086669921875
v 1.4092772006988525 -238.2140655517578 -1616.0166015625
v -0.8133096098899841 -237.0386505126953 -1613.96240234375
v 4.344274520874023 -239.27284240722656 -1614.0931396484375
v 27.514957427978516 -233.4020538330078 -1531.999267578125
v 24.920433044433594 -233.433837890625 -1531.8055419921875
v 18.664648056030273 -235.21119689941406 -1531.7900390625
v 16.800729751586914 -235.2823944091797 -1533.03369140625
v 20.768325805664062 -233.7223358154297 -1533.7164306640625
v 14.6229829788208 -235.99221801757812 -1529.919921875
v 18.885486602783203 -237.06735229492188 -1525.9193115234375
v 18.372163772583008 -238.26376342773438 -1521.9217529296875
v 13.346692085266113 -241.63345336914062 -1517.5985107421875
v 7.525169372558594 -244.18118286132812 -1513.8638916015625
v 14.920025825500488 -244.7602081298828 -1511.751708984375
v 14.15430736541748 -247.21267700195312 -1505.470947265625
v 20.609638214111328 -244.98541259765625 -1506.607666015625
v 4.805952072143555 -239.1463165283203 -1611.0513916015625
v 8.825406074523926 -237.31069946289062 -1608.4031982421875
v 2.986297369003296 -235.60775756835938 -1606.52978515625
v 3.6331663131713867 -234.39224243164062 -1603.8751220703125
v 6.371777057647705 -232.54049682617188 -1602.2615966796875
v 4.947279930114746 -233.6292724609375 -1599.9881591796875
v 4.262850284576416 -233.54318237304688 -1596.5771484375
v 5.646310806274414 -233.73582458496094 -1596.4625244140625
v 8.743420600891113 -241.5063934326172 -1582.089111328125
v 9.437131881713867 -241.2722930908203 -1576.0076904296875
v 12.260997772216797 -239.05519104003906 -1574.9783935546875
v 15.331226348876953 -235.66741943359375 -1571.0440673828125
v 16.089479446411133 -232.2760009765625 -1567.8929443359375
v 18.39136505126953 -230.61195373535156 -1567.366943359375
v 27.280845642089844 -240.04942321777344 -1546.6314697265625
v 25.093515396118164 -239.3978729248047 -1543.996337890625
v 27.738460540771484 -237.3744354248047 -1537.4034423828125
v 22.578445434570312 -236.40969848632812 -1538.169921875
v 11.366508483886719 -234.1273193359375 -1560.3424072265625
v 13.180645942687988 -235.33724975585938 -1554.90185546875
v 15.951207160949707 -239.1071319580078 -1552.55078125
v 14.496233940124512 -236.28421020507812 -1554.140380859375
v 17.475902557373047 -239.64846801757812 -1550.9996337890625
v 20.828842163085938 -239.38461303710938 -1544.329345703125
v -2.5320374965667725 -233.906005859375 -1611.7877197265625
v -1.9189989566802979 -234.4376220703125 -1609.88037109375
v -3.8434152603149414 -234.26327514648438 -1608.131103515625
v -3.709752082824707 -236.39527893066406 -1605.0472412109375
v -5.524652004241943 -235.1358184814453 -1604.0760498046875
v 1.4289301633834839 -235.29367065429688 -1596.869384765625
v -1.9301406145095825 -237.0637664794922 -1602.409912109375
v 1.1386451721191406 -235.25721740722656 -1598.5731201171875
v 4.603499412536621 -242.54690551757812 -1582.0418701171875
v 9.020598411560059 -240.56419372558594 -1572.2852783203125
v 8.472685813903809 -234.41114807128906 -1554.105712890625
v 12.067668914794922 -236.21131896972656 -1551.3521728515625
v 9.258286476135254 -235.2675018310547 -1548.114990234375
v 11.1575288772583 -237.95932006835938 -1544.116943359375
v 11.260571479797363 -238.18914794921875 -1541.382080078125
v 10.362190246582031 -237.25091552734375 -1539.38916015625
v 18.017833709716797 -237.72476196289062 -1539.400390625
v 12.780851364135742 -235.33251953125 -1532.4085693359375
v 7.755797386169434 -237.02430725097656 -1531.25146484375
v 10.403797149658203 -235.4367218017578 -1529.9530029296875
v 6.766637802124023 -237.35867309570312 -1530.0433349609375
v 7.041659355163574 -238.8192596435547 -1528.052978515625
v 4.977877616882324 -239.08367919921875 -1526.90185546875
v 0.23915249109268188 -235.74221801757812 -1524.13525390625
v 1.6009255647659302 -238.0928955078125 -1524.13037109375
v 7.258777141571045 -240.5647430419922 -1522.6031494140625
v 4.483364582061768 -240.35293579101562 -1521.3587646484375
v 2.45695161819458 -241.3399658203125 -1518.4921875
v 4.312712669372559 -244.38414001464844 -1515.68310546875
v 1.5716198682785034 -241.4051513671875 -1516.109130859375
v -0.9464263916015625 -238.9412384033203 -1516.258056640625
v -4.8983845710754395 -236.25607299804688 -1514.8841552734375
v -12.865172386169434 -231.43756103515625 -1517.2354736328125
v -11.326764106750488 -234.64173889160156 -1514.921630859375
v -8.709590911865234 -235.0462188720703 -1513.53125
v -10.976532936096191 -234.92579650878906 -1511.0609130859375
v -11.219355583190918 -234.52584838867188 -1507.5601806640625
v -13.196767807006836 -233.54019165039062 -1505.8826904296875
v -15.670437812805176 -233.49945068359375 -1502.6463623046875
v -16.762819290161133 -232.68960571289062 -1500.8648681640625
v -18.28514289855957 -232.37619018554688 -1495.3765869140625
v 13.441309928894043 -249.0878143310547 -1502.4501953125
v 10.729450225830078 -248.65989685058594 -1501.2098388671875
v 10.116147994995117 -250.84793090820312 -1494.9505615234375
v 7.053598403930664 -250.02557373046875 -1489.143310546875
v 7.623717784881592 -248.41668701171875 -1484.3271484375
v 7.402259349822998 -243.4898681640625 -1483.4036865234375
v 2.5374739170074463 -240.86935424804688 -1481.279296875
v -2.070711851119995 -235.07720947265625 -1475.6707763671875
v -7.278069972991943 -236.8274383544922 -1480.3018798828125
v -11.139720916748047 -234.91502380371094 -1483.0146484375
v -18.22417640686035 -232.2706756591797 -1490.20361328125
v -16.58795928955078 -233.77073669433594 -1490.1429443359375
v -15.195865631103516 -233.62535095214844 -1489.7734375
v -20.490123748779297 -231.5920867919922 -1491.1878662109375
v -10.148638725280762 -225.64129638671875 -1417.152587890625
v 1.9481711387634277 -238.9653778076172 -1612.3668212890625
v 0.5751425623893738 -237.6234130859375 -1610.2957763671875
v 22.636274337768555 -233.6536102294922 -1534.3709716796875
v 17.52120590209961 -235.39373779296875 -1534.67041015625
v 9.748516082763672 -236.37734985351562 -1528.4864501953125
v 11.308694839477539 -238.52426147460938 -1526.2047119140625
v 14.461193084716797 -238.24838256835938 -1526.0997314453125
v 11.795500755310059 -239.47682189941406 -1523.9102783203125
v 8.365211486816406 -241.48703002929688 -1520.531982421875
v 5.0428466796875 -244.011474609375 -1516.465087890625
v 9.229484558105469 -246.7077178955078 -1508.7825927734375
v 0.06264898180961609 -235.43954467773438 -1608.1405029296875
v 1.5384641885757446 -235.17282104492188 -1605.8587646484375
v -0.6186932921409607 -236.9318084716797 -1604.1260986328125
v 0.8876097202301025 -236.56141662597656 -1601.628662109375
v 14.963276863098145 -239.3837127685547 -1547.68115234375
v 12.753308296203613 -238.44374084472656 -1547.052734375
v 14.048873901367188 -239.3594207763672 -1545.837646484375
v -0.9977592825889587 -235.01927185058594 -1607.47705078125
v 1.5908540487289429 -243.10693359375 -1514.16259765625
v 7.887392997741699 -246.9344024658203 -1509.155029296875
v 3.7559452056884766 -245.101318359375 -1510.419677734375
v 0.9276456832885742 -243.35195922851562 -1513.59423828125
v -2.8198964595794678 -238.43270874023438 -1514.2001953125
v -5.7020440101623535 -239.10855102539062 -1510.359130859375
v -6.938426971435547 -237.10931396484375 -1509.5643310546875
v -9.212051391601562 -236.45083618164062 -1506.1446533203125
v -13.219281196594238 -235.20896911621094 -1502.8660888671875
v -16.052433013916016 -233.64015197753906 -1496.9173583984375
v 7.392583847045898 -247.8274688720703 -1505.4322509765625
v 9.955803871154785 -249.88197326660156 -1499.0496826171875
v 4.734103202819824 -248.01156616210938 -1502.0823974609375
v 1.9875799417495728 -248.4995574951172 -1494.36669921875
v 5.320542335510254 -249.30892944335938 -1491.6685791015625
v 6.641914367675781 -248.3607177734375 -1487.355712890625
v 0.7938935160636902 -246.34454345703125 -1491.8863525390625
v -6.045024871826172 -240.9720458984375 -1490.40966796875
v -13.364044189453125 -236.87518310546875 -1493.859619140625
v -10.891916275024414 -239.57058715820312 -1495.8651123046875
v 3.607483148574829 -245.90870666503906 -1508.7642822265625
v -2.035869836807251 -242.49134826660156 -1511.677001953125
v -1.5535494089126587 -243.41497802734375 -1509.875732421875
v -4.737438678741455 -242.27223205566406 -1506.18359375
v -5.155519962310791 -242.80999755859375 -1504.380126953125
v -7.478229522705078 -241.02207946777344 -1504.0411376953125
v -11.279837608337402 -239.02664184570312 -1499.8446044921875
v -2.015390157699585 -244.0369415283203 -1506.404296875
v 0.6222671270370483 -245.30648803710938 -1502.805908203125
v 0.5557147860527039 -245.0540008544922 -1499.6729736328125
v -6.078400611877441 -240.88314819335938 -1502.55078125
v -4.808358669281006 -243.16310119628906 -1502.3204345703125
v -81.1613540649414 -216.045166015625 -1337.36376953125
v -81.7199478149414 -216.1688995361328 -1338.1290283203125
v -81.60942077636719 -216.24313354492188 -1338.0797119140625
v -81.46613311767578 -216.21533203125 -1337.9906005859375
v -81.79947662353516 -216.2129364013672 -1338.3380126953125
v -82.09764862060547 -216.33094787597656 -1338.7354736328125
v -82.06307983398438 -216.29986572265625 -1338.685791015625
v -82.18866729736328 -216.38201904296875 -1338.8946533203125
v -81.93421173095703 -216.3241729736328 -1338.57666015625
v -82.10078430175781 -216.3397674560547 -1338.795166015625
v -82.31623840332031 -216.3737030029297 -1339.0533447265625
v 52.672210693359375 -207.5322723388672 -1343.433349609375
v -82.61526489257812 -216.45269775390625 -1339.440673828125
v -82.3724365234375 -216.3966522216797 -1339.123046875
v -82.56893157958984 -216.46055603027344 -1339.4010009765625
v -82.31326293945312 -216.40989685058594 -1339.0833740234375
v -82.79784393310547 -216.4723358154297 -1339.6790771484375
v -82.77920532226562 -216.46937561035156 -1339.649169921875
v 53.97022247314453 -206.8723907470703 -1344.491455078125
v 53.735931396484375 -206.96652221679688 -1344.2117919921875
v 53.74699020385742 -206.9165496826172 -1344.15185546875
v -83.36598205566406 -216.5206756591797 -1340.384033203125
v -82.947509765625 -216.50111389160156 -1339.8677978515625
v -83.21986389160156 -216.51687622070312 -1340.1953125
v -83.55936431884766 -216.52737426757812 -1340.6220703125
v -83.396728515625 -216.52452087402344 -1340.423583984375
v 54.65135192871094 -206.7867889404297 -1345.2159423828125
v 54.28400421142578 -206.75970458984375 -1344.85107421875
v 54.456459045410156 -206.70245361328125 -1345.07080078125
v 54.13862609863281 -206.7760772705078 -1344.621337890625
v 54.27158737182617 -206.74673461914062 -1344.8011474609375
v 53.978912353515625 -206.82017517089844 -1344.401611328125
v -83.59168243408203 -216.53330993652344 -1340.6517333984375
v -83.91291809082031 -216.53184509277344 -1341.0687255859375
v -84.0234375 -216.5286102294922 -1341.2275390625
v -83.77666473388672 -216.532958984375 -1340.89990234375
v -83.87290954589844 -216.53382873535156 -1341.0091552734375
v -84.08458709716797 -216.5275115966797 -1341.296875
v -83.91008758544922 -216.53074645996094 -1341.0687255859375
v 54.92851257324219 -206.73468017578125 -1345.615966796875
v 55.183353424072266 -206.722900390625 -1346.015869140625
v 54.80237579345703 -206.7552947998047 -1345.4259033203125
v 54.67401885986328 -206.76646423339844 -1345.2259521484375
v -84.39502716064453 -216.51974487304688 -1341.74365234375
v -84.16435241699219 -216.5262908935547 -1341.4061279296875
v -84.46958923339844 -216.51766967773438 -1341.86279296875
v -84.1388931274414 -216.5283203125 -1341.37646484375
v -84.48225402832031 -216.51666259765625 -1341.8726806640625
v -84.43443298339844 -216.51858520507812 -1341.813232421875
v 55.27919387817383 -206.7145233154297 -1346.166015625
v 55.169700622558594 -206.71983337402344 -1345.9859619140625
v 55.53386306762695 -206.7245635986328 -1346.5660400390625
v 55.60380935668945 -206.72940063476562 -1346.676025390625
v 55.35276794433594 -206.71517944335938 -1346.27587890625
v 55.14508819580078 -206.71604919433594 -1345.9459228515625
v -84.7881851196289 -216.48056030273438 -1342.464599609375
v -84.75658416748047 -216.5079803466797 -1342.299560546875
v -84.91171264648438 -216.47802734375 -1342.6834716796875
v -84.8407211303711 -216.4783935546875 -1342.5640869140625
v 55.47269821166992 -206.7189178466797 -1346.47607421875
v 55.54435348510742 -206.72463989257812 -1346.5859375
v 55.696258544921875 -206.73397827148438 -1346.8260498046875
v 55.78443145751953 -206.74278259277344 -1346.966064453125
v 55.801971435546875 -206.74449157714844 -1346.99609375
v 55.78615188598633 -206.74281311035156 -1346.966064453125
v -85.16443634033203 -216.4691925048828 -1343.10107421875
v -84.9963150024414 -216.47482299804688 -1342.8126220703125
v -85.13512420654297 -216.4713134765625 -1343.05126953125
v -85.26382446289062 -216.46890258789062 -1343.2799072265625
v -85.2170181274414 -216.4701385498047 -1343.1905517578125
v 55.82844161987305 -206.7466583251953 -1347.0360107421875
v 55.86220169067383 -206.75045776367188 -1347.0860595703125
v 55.85676193237305 -206.74948120117188 -1347.0760498046875
v -85.37059020996094 -216.46560668945312 -1343.4688720703125
v -85.30696105957031 -216.4668731689453 -1343.349609375
v -85.35206604003906 -216.46661376953125 -1343.42919921875
v -85.39056396484375 -216.4654541015625 -1343.4986572265625
v -85.37210083007812 -216.46658325195312 -1343.4688720703125
v -85.41692352294922 -216.4652862548828 -1343.548583984375
v 22.883752822875977 -287.58251953125 -1336.024658203125
v 22.925186157226562 -287.5505676269531 -1336.03466796875
v 22.792156219482422 -287.66351318359375 -1336.0645751953125
v 22.52962303161621 -287.8963317871094 -1336.144775390625
v 22.190149307250977 -288.1905822753906 -1336.23486328125
v 22.52293586730957 -287.9033203125 -1336.144775390625
v 21.825700759887695 -288.50335693359375 -1336.31494140625
v 22.20231819152832 -288.1754455566406 -1336.224853515625
v 22.25466537475586 -288.1319580078125 -1336.2147216796875
v 21.990131378173828 -288.3658447265625 -1336.284912109375
v 21.840723037719727 -288.4924621582031 -1336.324951171875
v 21.66022491455078 -288.6498718261719 -1336.364990234375
v 21.143964767456055 -289.0973205566406 -1336.4949951171875
v 21.11209487915039 -289.1208801269531 -1336.4949951171875
v 21.544933319091797 -288.74383544921875 -1336.385009765625
v 21.82945442199707 -288.4984436035156 -1336.324951171875
v 21.130821228027344 -289.1102600097656 -1336.4949951171875
v 21.25918197631836 -288.9933776855469 -1336.4649658203125
v 20.663061141967773 -289.5189514160156 -1336.6151123046875
v 20.536800384521484 -289.6279296875 -1336.6451416015625
v 20.658397674560547 -289.5167541503906 -1336.6051025390625
v 21.02766227722168 -289.19232177734375 -1336.5150146484375
v 20.37635040283203 -289.7733154296875 -1336.68505859375
v 20.490285873413086 -289.6694030761719 -1336.6551513671875
v 20.85707664489746 -289.3446350097656 -1336.55517578125
v 20.627132415771484 -289.5445861816406 -1336.6151123046875
v 20.266653060913086 -289.8692626953125 -1336.715087890625
v 20.01618766784668 -290.0929870605469 -1336.7850341796875
v 20.125333786010742 -289.9919738769531 -1336.755126953125
v 19.960737228393555 -290.1435852050781 -1336.7950439453125
v 19.986753463745117 -290.1187744140625 -1336.7950439453125
v 20.17393684387207 -289.94854736328125 -1336.735107421875
v 19.755374908447266 -290.32745361328125 -1336.8551025390625
v 19.78683090209961 -290.2980041503906 -1336.8551025390625
v 19.8831844329834 -290.2099304199219 -1336.8250732421875
v 19.726520538330078 -290.352294921875 -1336.8651123046875
v 19.71034049987793 -290.3681640625 -1336.8751220703125
v 19.714889526367188 -290.3623352050781 -1336.8651123046875
v 19.646326065063477 -290.42559814453125 -1336.89501953125
v 19.624250411987305 -290.4454650878906 -1336.89501953125
v 186.0059356689453 -234.28370666503906 -1956.8236083984375
v 186.21290588378906 -234.59780883789062 -1956.8936767578125
v 186.20582580566406 -234.5496368408203 -1956.8836669921875
v 185.84100341796875 -234.10372924804688 -1956.7637939453125
v 185.72096252441406 -233.9425811767578 -1956.7236328125
v 186.08279418945312 -234.36956787109375 -1956.8436279296875
v 185.7529296875 -233.99258422851562 -1956.7236328125
v 185.56092834472656 -233.75344848632812 -1956.6536865234375
v 185.36805725097656 -233.52052307128906 -1956.5836181640625
v 185.3740997314453 -233.52757263183594 -1956.5836181640625
v 185.54598999023438 -233.73052978515625 -1956.6536865234375
v 185.40707397460938 -233.56854248046875 -1956.6036376953125
v 185.39207458496094 -233.5515594482422 -1956.5936279296875
v 185.2760772705078 -233.41351318359375 -1956.5537109375
v 185.2600860595703 -233.3935089111328 -1956.543701171875
v 185.30209350585938 -233.44155883789062 -1956.5635986328125
v 51.386932373046875 -108.94276428222656 -1917.9891357421875
v 51.422508239746094 -108.9327163696289 -1918.1090087890625
v 51.29525375366211 -108.93360900878906 -1917.899169921875
v 51.086246490478516 -108.93272399902344 -1917.6790771484375
v 50.98064422607422 -108.93372344970703 -1917.619140625
v 50.78445816040039 -108.91770935058594 -1917.5391845703125
v 50.85050964355469 -108.91667175292969 -1917.4390869140625
v 50.75761413574219 -108.92267608642578 -1917.319091796875
v 50.081809997558594 -108.89157104492188 -1916.569091796875
v 49.819854736328125 -108.90150451660156 -1916.0491943359375
v 50.34403610229492 -108.9074935913086 -1916.7891845703125
v 49.868247985839844 -108.90162658691406 -1916.029052734375
v 49.425132751464844 -108.93551635742188 -1915.0191650390625
v -160.6236572265625 -157.10592651367188 -1834.8687744140625
v -160.01077270507812 -156.787841796875 -1834.1588134765625
v -159.95301818847656 -158.3760528564453 -1834.0687255859375
v -160.6363983154297 -155.5628204345703 -1834.838623046875
v -160.6703643798828 -155.8109130859375 -1834.888671875
v -160.59844970703125 -155.8408203125 -1834.818603515625
v -160.6283416748047 -155.3577880859375 -1834.82861328125
v -160.731201171875 -154.8408203125 -1834.8885498046875
v -160.74221801757812 -154.54872131347656 -1834.8785400390625
v -160.72813415527344 -154.55087280273438 -1834.8585205078125
v -160.71426391601562 -155.0218048095703 -1834.888671875
v -160.7002716064453 -154.8577117919922 -1834.86865234375
v -160.73020935058594 -154.6197509765625 -1834.8785400390625
v -160.77108764648438 -154.186767578125 -1834.8685302734375
v -160.76707458496094 -154.2178192138672 -1834.8685302734375
v -160.77703857421875 -153.91778564453125 -1834.8385009765625
v -160.77310180664062 -153.878662109375 -1834.8385009765625
v -160.75706481933594 -154.17782592773438 -1834.8585205078125
v -160.7729949951172 -153.97288513183594 -1834.8485107421875
v -160.7860565185547 -153.80369567871094 -1834.8385009765625
v -160.78802490234375 -153.62367248535156 -1834.80859375
v -160.78997802734375 -153.55575561523438 -1834.798583984375
v -160.78799438476562 -153.5417022705078 -1834.798583984375
v -160.78292846679688 -153.6708526611328 -1834.8184814453125
v -160.7919464111328 -153.4297332763672 -1834.778564453125
v -160.7899932861328 -153.45266723632812 -1834.78857421875
v 144.11404418945312 -179.72650146484375 -1743.4525146484375
v 144.1058807373047 -179.65228271484375 -1743.4925537109375
v 144.0979461669922 -179.5504150390625 -1743.572509765625
v 144.11090087890625 -179.64537048339844 -1743.5125732421875
v 144.14700317382812 -180.03347778320312 -1743.252685546875
v 144.1460723876953 -180.05357360839844 -1743.2225341796875
v 144.16307067871094 -180.04159545898438 -1743.252685546875
v 144.1019287109375 -179.57240295410156 -1743.5526123046875
v 144.12998962402344 -179.8904571533203 -1743.3125
v 144.11402893066406 -179.69656372070312 -1743.4525146484375
v 144.1339874267578 -179.81448364257812 -1743.382568359375
v 144.3971405029297 -181.43276977539062 -1742.4027099609375
v 144.25711059570312 -180.86361694335938 -1742.692626953125
v 144.32611083984375 -180.88168334960938 -1742.7626953125
v 144.1981658935547 -180.45465087890625 -1742.922607421875
v 144.18699645996094 -180.23851013183594 -1743.08251953125
v 144.15394592285156 -180.03140258789062 -1743.2125244140625
v 145.04293823242188 -182.4009246826172 -1742.36279296875
v 144.26380920410156 -182.92518615722656 -1740.8427734375
v 144.32627868652344 -181.5028533935547 -1742.1727294921875
v 144.49232482910156 -181.8970184326172 -1741.99267578125
v -123.33969116210938 -140.73556518554688 -1742.019287109375
v -123.58538818359375 -139.30870056152344 -1743.888916015625
v -122.65528106689453 -138.4687042236328 -1743.6988525390625
v -122.14024353027344 -138.25668334960938 -1742.0889892578125
v -123.60785675048828 -141.44728088378906 -1739.349609375
v -122.3193130493164 -139.1916961669922 -1740.3094482421875
v -122.82655334472656 -140.08642578125 -1739.2496337890625
v -122.59468841552734 -140.2082061767578 -1738.08984375
v -123.42201232910156 -142.1550750732422 -1737.2200927734375
v -122.58882141113281 -140.77279663085938 -1734.7603759765625
v -123.44115447998047 -142.61874389648438 -1735.2703857421875
v -122.63797760009766 -141.9893341064453 -1730.88134765625
v -124.14852142333984 -144.76119995117188 -1731.30126953125
v -125.25296020507812 -146.43710327148438 -1732.4310302734375
v -125.53702545166016 -146.73013305664062 -1733.0308837890625
v -125.50910186767578 -146.7949676513672 -1732.7109375
v -125.0809097290039 -146.28004455566406 -1731.93115234375
v -123.40257263183594 -144.5157012939453 -1728.81201171875
v -124.46583557128906 -145.82777404785156 -1729.87158203125
v -125.54215240478516 -147.0269775390625 -1732.3310546875
v -125.542236328125 -147.36880493164062 -1731.53125
v -125.38101959228516 -147.05599975585938 -1731.501220703125
v -125.55921173095703 -147.31884765625 -1731.6912841796875
v -125.54528045654297 -147.68568420410156 -1730.7313232421875
v -125.4070816040039 -147.10195922851562 -1731.4613037109375
v -124.18289947509766 -145.86541748046875 -1728.31201171875
v -122.8852310180664 -143.27667236328125 -1727.5020751953125
v -124.12503051757812 -146.57911682128906 -1726.762451171875
v -122.35614776611328 -143.11012268066406 -1724.4830322265625
v -123.00057220458984 -144.3401336669922 -1726.08251953125
v -124.58525848388672 -147.40594482421875 -1726.6724853515625
v -125.56318664550781 -147.50686645507812 -1731.3013916015625
v -125.5622329711914 -147.7677459716797 -1730.7413330078125
v -125.52429962158203 -147.70164489746094 -1730.7213134765625
v -125.51132202148438 -147.62962341308594 -1730.761474609375
v -125.5681381225586 -147.64892578125 -1730.9913330078125
v -125.563232421875 -148.0107421875 -1730.2015380859375
v -125.57235717773438 -148.0645751953125 -1730.181640625
v -124.02688598632812 -145.97610473632812 -1726.33251953125
v -122.52306365966797 -142.0348358154297 -1728.581787109375
v -122.17513275146484 -142.24420166015625 -1725.602783203125
v -122.96263122558594 -144.58583068847656 -1724.8131103515625
v -124.00422668457031 -147.72657775878906 -1724.55322265625
v -121.67585754394531 -141.4394073486328 -1725.4228515625
v -124.05290222167969 -146.17263793945312 -1724.1732177734375
v -121.68597412109375 -141.87399291992188 -1723.933349609375
v -121.64109802246094 -141.95068359375 -1723.4234619140625
v -121.65711975097656 -141.9107208251953 -1723.6134033203125
v -121.64997863769531 -141.8489227294922 -1723.7833251953125
v -122.49549102783203 -143.89019775390625 -1722.00390625
v -122.74053192138672 -144.72525024414062 -1721.7239990234375
v -123.2679672241211 -146.1529998779297 -1722.0938720703125
v -124.65042114257812 -148.47323608398438 -1723.4034423828125
v -125.5633544921875 -148.08560180664062 -1730.12158203125
v -125.55635070800781 -148.0945587158203 -1730.0616455078125
v -125.57142639160156 -148.261474609375 -1729.791748046875
v -125.56742095947266 -148.27044677734375 -1729.76171875
v -125.56837463378906 -148.3235321044922 -1729.70166015625
v -125.5704345703125 -148.3424530029297 -1729.661865234375
v -121.56777954101562 -141.0877685546875 -1726.912353515625
v -121.59288024902344 -141.16351318359375 -1726.472412109375
v -121.57984924316406 -141.12564086914062 -1726.742431640625
v -121.57881927490234 -141.13763427734375 -1726.59228515625
v -121.62091827392578 -141.2683868408203 -1725.9725341796875
v -123.85807800292969 -146.9442901611328 -1723.153564453125
v -123.73001098632812 -146.73695373535156 -1721.504150390625
v -121.6099853515625 -141.94979858398438 -1723.2635498046875
v -121.5810546875 -142.0206756591797 -1722.903564453125
v -121.59197235107422 -141.9998321533203 -1723.0135498046875
v -121.5980453491211 -141.96871948242188 -1723.133544921875
v -123.7791519165039 -146.70010375976562 -1719.31494140625
v -122.62812042236328 -147.462158203125 -1719.215087890625
v -122.50887298583984 -145.8773651123047 -1716.6260986328125
v -123.90530395507812 -147.8966064453125 -1720.88427734375
v -124.43360900878906 -149.53421020507812 -1719.8048095703125
v -125.5654067993164 -148.30645751953125 -1729.7216796875
v -125.56542205810547 -148.36647033691406 -1729.6016845703125
v -125.56840515136719 -148.3844757080078 -1729.5716552734375
v -125.56542205810547 -148.40943908691406 -1729.541748046875
v -125.56637573242188 -148.42056274414062 -1729.521728515625
v -121.54273986816406 -141.02488708496094 -1727.3621826171875
v -121.5538101196289 -141.05874633789062 -1727.0423583984375
v -121.5478744506836 -141.0376739501953 -1727.26220703125
v -121.54987335205078 -141.0486602783203 -1727.1522216796875
v -121.57203674316406 -142.0336456298828 -1722.813720703125
v -121.56111907958984 -142.06349182128906 -1722.673828125
v -121.56509399414062 -142.05654907226562 -1722.713623046875
v -121.57006072998047 -142.04159545898438 -1722.773681640625
v -123.90164947509766 -148.9874267578125 -1718.0455322265625
v -122.74698638916016 -146.68350219726562 -1717.0360107421875
v -123.29035949707031 -148.1009521484375 -1716.0762939453125
v -123.43482971191406 -149.48526000976562 -1713.427001953125
v -122.58605194091797 -147.5489959716797 -1713.69677734375
v -121.53870391845703 -141.0109405517578 -1727.5521240234375
v -121.54068756103516 -141.01898193359375 -1727.4322509765625
v -121.539794921875 -141.01283264160156 -1727.5220947265625
v -121.54077911376953 -141.016845703125 -1727.462158203125
v -121.55900573730469 -142.06866455078125 -1722.6536865234375
v -123.99241638183594 -149.7906036376953 -1716.3756103515625
v -121.53772735595703 -141.0099639892578 -1727.5821533203125
v -102.23109436035156 -116.82872009277344 -1716.7059326171875
v -100.59502410888672 -117.51896667480469 -1714.8773193359375
v -102.57527160644531 -117.84225463867188 -1715.8465576171875
v -100.31690216064453 -116.7573013305664 -1715.427001953125
v -102.99650573730469 -119.2466049194336 -1714.857177734375
v -99.17721557617188 -118.26753234863281 -1714.1483154296875
v -99.06769561767578 -116.31153106689453 -1715.197265625
v -98.2993392944336 -116.67911529541016 -1714.6578369140625
v -101.42144012451172 -119.72899627685547 -1713.62841796875
v -104.43798828125 -120.2640380859375 -1714.6474609375
v -96.9996566772461 -115.69652557373047 -1714.9775390625
v -97.71550750732422 -115.72258758544922 -1715.1273193359375
v -98.04434204101562 -115.90941619873047 -1715.0872802734375
v -96.84276580810547 -115.14775848388672 -1715.247314453125
v -96.71688079833984 -115.03887939453125 -1715.27734375
v -97.25807189941406 -115.41461944580078 -1715.1773681640625
v -28.384868621826172 -413.24456787109375 -1617.6279296875
v -26.38295555114746 -412.6175231933594 -1617.688720703125
v -26.732460021972656 -411.8172912597656 -1618.148681640625
v -31.36130714416504 -412.8273010253906 -1617.419189453125
v -29.253366470336914 -415.692626953125 -1617.33447265625
v -29.93579864501953 -414.9383239746094 -1617.1761474609375
v -26.4730281829834 -411.90264892578125 -1616.9825439453125
v -24.82889747619629 -414.3775329589844 -1617.4862060546875
v -20.63016128540039 -411.6856689453125 -1617.0740966796875
v -24.9173526763916 -410.7319030761719 -1617.43310546875
v -31.27713966369629 -410.5199890136719 -1616.7161865234375
v -31.851213455200195 -415.7063293457031 -1616.646240234375
v -33.509666442871094 -414.436767578125 -1616.0802001953125
v -36.067161560058594 -411.2740783691406 -1614.79052734375
v -27.11223602294922 -410.27923583984375 -1616.44775390625
v -35.00720977783203 -412.9360656738281 -1615.3453369140625
v -31.966123580932617 -409.4949645996094 -1615.3436279296875
v -24.252140045166016 -408.79925537109375 -1615.7833251953125
v -20.48711585998535 -409.0511779785156 -1614.763916015625
v -22.86682891845703 -416.130859375 -1617.134033203125
v -25.020296096801758 -416.3613586425781 -1617.3831787109375
v -17.057966232299805 -413.3574523925781 -1614.16796875
v -19.950016021728516 -416.38470458984375 -1616.1524658203125
v -17.324644088745117 -415.33563232421875 -1614.9398193359375
v -22.060039520263672 -408.1864013671875 -1615.3662109375
v -16.459827423095703 -411.25872802734375 -1614.4141845703125
v -35.74402618408203 -411.8490295410156 -1614.50048828125
v -38.70110321044922 -411.182373046875 -1611.890869140625
v -38.2218017578125 -410.36968994140625 -1611.4251708984375
v -33.35844802856445 -410.261474609375 -1614.63427734375
v -16.005146026611328 -412.09832763671875 -1613.337890625
v -16.878360748291016 -410.7630615234375 -1613.5640869140625
v -17.934024810791016 -416.44281005859375 -1614.8663330078125
v -14.70941162109375 -411.252685546875 -1611.6905517578125
v -38.91838455200195 -411.14459228515625 -1611.093994140625
v -40.093170166015625 -410.2275085449219 -1608.168701171875
v -37.7001838684082 -401.401611328125 -1607.905029296875
v -37.39027404785156 -401.39715576171875 -1608.5511474609375
v -37.70084762573242 -401.39959716796875 -1607.905029296875
v -37.65346908569336 -401.4012145996094 -1608.0242919921875
v -38.17145538330078 -401.3044128417969 -1606.51416015625
v -38.120365142822266 -401.3279113769531 -1606.712890625
v -12.783528327941895 -410.0576477050781 -1607.659423828125
v -12.511545181274414 -410.01080322265625 -1606.8216552734375
v -12.249276161193848 -410.09027099609375 -1606.2935791015625
v -12.774187088012695 -410.076171875 -1607.57958984375
v -12.491525650024414 -410.0071716308594 -1606.761962890625
v -12.322027206420898 -410.011962890625 -1606.193603515625
v -12.112618446350098 -410.0885314941406 -1605.416015625
v -12.077356338500977 -410.1354064941406 -1605.3363037109375
v -11.961564064025879 -410.2127685546875 -1604.927734375
v -11.99924373626709 -410.21429443359375 -1605.366455078125
v -11.919580459594727 -410.2245788574219 -1604.75830078125
v -11.934775352478027 -410.1625061035156 -1604.5587158203125
v -11.967812538146973 -410.1504821777344 -1604.568603515625
v -11.932153701782227 -410.1846008300781 -1604.4090576171875
v -11.886696815490723 -410.2091369628906 -1604.2098388671875
v -11.869264602661133 -410.197998046875 -1604.080078125
v -11.878691673278809 -410.1690979003906 -1603.9903564453125
v -11.894909858703613 -410.1482849121094 -1603.9105224609375
v -11.89465618133545 -410.14837646484375 -1603.7908935546875
v -11.878046035766602 -410.1531677246094 -1603.6513671875
v -11.864023208618164 -410.1419372558594 -1603.5018310546875
v -11.860616683959961 -410.1260681152344 -1603.4119873046875
v -11.871487617492676 -410.1031799316406 -1603.322265625
v -11.884055137634277 -410.08428955078125 -1603.2225341796875
v -11.886998176574707 -410.07012939453125 -1603.102783203125
v -11.889726638793945 -410.04168701171875 -1602.9532470703125
v -11.904010772705078 -409.9906311035156 -1602.7637939453125
v -11.88454532623291 -410.03314208984375 -1602.8934326171875
v -11.922896385192871 -409.95611572265625 -1602.6141357421875
v -11.917167663574219 -409.9736022949219 -1602.654052734375
v -11.941884994506836 -409.9082336425781 -1602.4447021484375
v -11.95429515838623 -409.87005615234375 -1602.3448486328125
v -11.944133758544922 -409.8977355957031 -1602.4046630859375
v -12.037464141845703 -409.70892333984375 -1601.906005859375
v -12.037856101989746 -409.7310791015625 -1601.89599609375
v -12.018193244934082 -409.7626647949219 -1601.946044921875
v -12.065621376037598 -409.6393127441406 -1601.666748046875
v -12.192878723144531 -409.47509765625 -1601.2476806640625
v -12.22823429107666 -409.33270263671875 -1601.018310546875
v -12.16515064239502 -409.5409240722656 -1601.2578125
v -12.215283393859863 -409.4414978027344 -1600.848876953125
v -12.292627334594727 -409.2048645019531 -1600.619384765625
v -15.574024200439453 -399.9756164550781 -1599.078857421875
v -15.589898109436035 -399.9799499511719 -1599.0291748046875
v -15.581477165222168 -399.97821044921875 -1599.049072265625
v -15.570672035217285 -399.97760009765625 -1599.078857421875
v -15.652332305908203 -400.01446533203125 -1598.7802734375
v -15.61900520324707 -400.0132751464844 -1598.8499755859375
v -15.672220230102539 -400.0187683105469 -1598.73046875
v -15.611871719360352 -400.0055847167969 -1598.8897705078125
v -16.043153762817383 -400.05517578125 -1598.3431396484375
v -15.721060752868652 -400.0586853027344 -1598.4915771484375
v -15.64851188659668 -400.03802490234375 -1598.710693359375
v -15.694629669189453 -400.06317138671875 -1598.531494140625
v -15.703633308410645 -400.04833984375 -1598.5712890625
v -16.045686721801758 -400.0571594238281 -1598.3333740234375
v -16.19635009765625 -400.0945739746094 -1597.9361572265625
v -16.002145767211914 -400.0772705078125 -1598.333251953125
v -16.375408172607422 -400.09686279296875 -1597.638427734375
v -16.234344482421875 -400.08514404296875 -1597.9063720703125
v -15.715293884277344 -400.0684509277344 -1598.4718017578125
v -15.98450756072998 -400.0729064941406 -1598.392822265625
v -16.03820037841797 -400.07086181640625 -1598.303466796875
v -16.31583595275879 -400.09820556640625 -1597.7474365234375
v -16.085615158081055 -400.0920715332031 -1598.1346435546875
v -16.20309829711914 -400.10040283203125 -1597.92626953125
v -16.560319900512695 -400.116943359375 -1597.30078125
v -16.482826232910156 -400.1026611328125 -1597.4498291015625
v -16.846174240112305 -400.08782958984375 -1596.9237060546875
v -16.729633331298828 -400.1041564941406 -1597.08251953125
v -16.606979370117188 -400.1192626953125 -1597.2412109375
v -16.99306869506836 -400.11236572265625 -1596.6358642578125
v -16.93271827697754 -400.1160888671875 -1596.744873046875
v -17.77869415283203 -399.88287353515625 -1595.9713134765625
v -17.21967887878418 -400.0367736816406 -1596.4969482421875
v -17.01087188720703 -400.0949401855469 -1596.6854248046875
v -17.341461181640625 -400.03729248046875 -1596.2984619140625
v -17.488534927368164 -399.9976501464844 -1596.209228515625
v -51.16967010498047 -160.22117614746094 -1392.268310546875
v -51.14192199707031 -160.34091186523438 -1392.107666015625
v -51.148292541503906 -160.30784606933594 -1392.14794921875
v -51.15677261352539 -160.2649383544922 -1392.208251953125
v -51.16788864135742 -160.22613525390625 -1392.268310546875
v -51.08341979980469 -160.56121826171875 -1391.796875
v -51.13936233520508 -160.33096313476562 -1392.1177978515625
v -51.082157135009766 -160.67886352539062 -1391.6259765625
v -51.118343353271484 -160.45843505859375 -1391.937255859375
v -51.0909423828125 -160.54945373535156 -1391.81689453125
v -51.01911163330078 -160.90924072265625 -1391.3050537109375
v -51.0163459777832 -160.82643127441406 -1391.4356689453125
v -51.08497619628906 -160.66790771484375 -1391.64599609375
v -51.06830978393555 -160.9809112548828 -1391.2042236328125
v -51.05030059814453 -161.1106414794922 -1391.0135498046875
v -51.05215072631836 -160.8702392578125 -1391.3751220703125
v -50.99384307861328 -161.0540313720703 -1391.1343994140625
v -51.009429931640625 -161.49346923828125 -1390.47119140625
v -50.94792938232422 -161.2046356201172 -1390.9136962890625
v -51.04928207397461 -161.2431182861328 -1390.8526611328125
v -51.09477233886719 -161.40968322753906 -1390.5711669921875
v -51.05257797241211 -161.65699768066406 -1390.27001953125
v -50.90843200683594 -161.31825256347656 -1390.7733154296875
v 69.93467712402344 -120.58885955810547 -1377.7066650390625
v 69.92916107177734 -120.56266784667969 -1377.6766357421875
v 69.90158081054688 -120.48686218261719 -1377.656494140625
v 69.92423248291016 -120.51168060302734 -1377.646484375
v 69.89046478271484 -120.42362213134766 -1377.6165771484375
v 69.9056167602539 -120.41130828857422 -1377.556396484375
v 69.68765258789062 -120.03206634521484 -1377.6016845703125
v 69.73663330078125 -120.04354095458984 -1377.4813232421875
v 69.58094787597656 -119.55078887939453 -1377.201416015625
v 69.64384460449219 -119.82868194580078 -1377.49169921875
v 69.68807220458984 -119.68378448486328 -1377.1910400390625
v 69.26738739013672 -118.21199035644531 -1376.30126953125
v 69.40830993652344 -119.220947265625 -1377.2320556640625
v 69.66827392578125 -119.70269775390625 -1377.22119140625
v 69.59512329101562 -119.09608459472656 -1376.6607666015625
v 69.59202575683594 -118.85626983642578 -1376.430419921875
v 70.83330535888672 -120.67621612548828 -1376.3768310546875
v 70.83389282226562 -120.65174102783203 -1376.2667236328125
v 70.83381652832031 -120.65278625488281 -1376.2667236328125
v 70.83338928222656 -120.65576171875 -1376.266845703125
v 70.83319854736328 -120.65673065185547 -1376.2667236328125
v 70.83438110351562 -120.60054779052734 -1375.94677734375
v 70.83483123779297 -120.59358978271484 -1375.94677734375
v 70.83372497558594 -120.60458374023438 -1375.936767578125
v 70.83341979980469 -120.61158752441406 -1375.936767578125
v 70.83363342285156 -120.56462097167969 -1375.3966064453125
v 70.83509826660156 -120.5202407836914 -1375.336669921875
v 70.83427429199219 -120.53057861328125 -1375.3966064453125
v 70.7375259399414 -120.50870513916016 -1375.4249267578125
v 70.7335433959961 -120.5746078491211 -1374.8438720703125
v 70.74005126953125 -120.45162200927734 -1375.1043701171875
v 70.74076080322266 -120.40729522705078 -1375.0443115234375
v 70.73838806152344 -120.41632080078125 -1374.4532470703125
v 70.73016357421875 -120.61090087890625 -1374.6435546875
v 70.71971130371094 -120.84989166259766 -1374.1124267578125
v 70.73116302490234 -120.63386535644531 -1374.062255859375
v 70.71900177001953 -120.84149932861328 -1373.9920654296875
v 70.70365142822266 -121.25984191894531 -1373.571044921875
v 70.70543670654297 -121.37230682373047 -1373.4708251953125
v 70.70108032226562 -121.4690933227539 -1373.0799560546875
v 70.701171875 -121.58651733398438 -1373.270263671875
v 70.69566345214844 -121.8371353149414 -1373.199951171875
v 70.71141815185547 -122.4749984741211 -1372.989013671875
v 70.71417236328125 -122.44489288330078 -1372.9188232421875
v 70.71814727783203 -122.59868621826172 -1372.878662109375
v 70.69920349121094 -121.75926971435547 -1372.939453125
v 70.7113037109375 -122.59190368652344 -1372.958740234375
v 70.78294372558594 -123.66293334960938 -1372.8778076171875
v 70.78141021728516 -123.54792022705078 -1372.8677978515625
v 70.80574798583984 -123.64388275146484 -1372.877685546875
v 70.7725601196289 -123.52202606201172 -1372.8577880859375
v 70.9832763671875 -124.4414291381836 -1372.796875
v 71.02326965332031 -124.68215942382812 -1372.8270263671875
v 70.85572052001953 -124.25155639648438 -1372.897216796875
v 71.04954528808594 -124.52730560302734 -1372.8770751953125
v 70.87750244140625 -124.2187728881836 -1372.92724609375
v 71.26764678955078 -125.20608520507812 -1373.12744140625
v 71.04535675048828 -124.77099609375 -1372.8470458984375
v 71.65514373779297 -126.47222137451172 -1373.4979248046875
v 71.76687622070312 -126.04051971435547 -1373.738037109375
v 71.71017456054688 -124.58675384521484 -1374.027587890625
v 71.72112274169922 -124.43431091308594 -1374.107666015625
v 71.79043579101562 -124.7367935180664 -1374.1177978515625
v 71.68505859375 -127.72716522216797 -1373.4881591796875
v 71.75898742675781 -126.66444396972656 -1373.6480712890625
v 71.76773834228516 -125.74932098388672 -1373.827880859375
v 71.7767562866211 -124.6708755493164 -1374.1278076171875
v 71.8126449584961 -124.0575942993164 -1374.34765625
v 71.80644989013672 -123.87399291992188 -1374.4075927734375
v 71.81521606445312 -123.925048828125 -1374.4176025390625
v 71.83422088623047 -123.55020904541016 -1374.57763671875
v 71.84331512451172 -123.79869079589844 -1374.5078125
v 71.85067749023438 -123.73954010009766 -1374.5177001953125
v 71.8640365600586 -123.45443725585938 -1374.6375732421875
v 71.85821533203125 -123.35773468017578 -1374.6776123046875
v 71.86481475830078 -123.21715545654297 -1374.7578125
v 71.86993408203125 -123.13262939453125 -1374.78759765625
v 71.87100219726562 -123.21928405761719 -1374.7578125
v 71.87265014648438 -123.29802703857422 -1374.727783203125
v 71.8764419555664 -123.14646911621094 -1374.78759765625
v 71.87580108642578 -123.05374145507812 -1374.837646484375
v 71.87821197509766 -123.07071685791016 -1374.82763671875
v 35.12171173095703 -171.608154296875 -1358.4566650390625
v 34.93006896972656 -171.774658203125 -1358.296875
v 34.96120834350586 -171.7627410888672 -1358.3167724609375
v 35.135990142822266 -171.59912109375 -1358.4766845703125
v 35.20780563354492 -171.52589416503906 -1358.5364990234375
v 35.13451385498047 -171.5883026123047 -1358.4766845703125
v 34.56019592285156 -172.09750366210938 -1357.9775390625
v 34.60148620605469 -172.0393524169922 -1358.017578125
v 34.955474853515625 -171.74343872070312 -1358.31689453125
v 34.79951858520508 -171.9241180419922 -1358.1668701171875
v 34.96795654296875 -171.75669860839844 -1358.316650390625
v 35.183738708496094 -171.55015563964844 -1358.5166015625
v 35.2056770324707 -171.5238494873047 -1358.5364990234375
v 35.09725570678711 -171.6203155517578 -1358.4365234375
v 34.63209533691406 -172.07138061523438 -1358.027099609375
v 34.35043716430664 -172.28282165527344 -1357.7877197265625
v 33.956478118896484 -172.5492401123047 -1357.489013671875
v 34.01924133300781 -172.47698974609375 -1357.548828125
v 34.1549186706543 -172.38592529296875 -1357.638427734375
v 34.80533981323242 -171.8758544921875 -1358.1871337890625
v 34.692970275878906 -172.01731872558594 -1358.0770263671875
v 35.14973449707031 -171.5792999267578 -1358.486572265625
v 35.05042266845703 -171.66854858398438 -1358.3966064453125
v 34.54743194580078 -172.11448669433594 -1357.95751953125
v 33.76200485229492 -172.7025146484375 -1357.309326171875
v 34.131561279296875 -172.43923950195312 -1357.5982666015625
v 33.5357666015625 -172.8093719482422 -1357.1802978515625
v 33.4356575012207 -172.90077209472656 -1357.0804443359375
v 33.30396270751953 -172.93345642089844 -1357.0013427734375
v 33.71760177612305 -172.6924591064453 -1357.2696533203125
v 33.200096130371094 -173.0409393310547 -1356.8712158203125
v -56.12740707397461 -172.97442626953125 -1338.708984375
v -56.147003173828125 -172.94924926757812 -1338.7288818359375
v -56.04813003540039 -173.074462890625 -1338.6492919921875
v -55.9517936706543 -173.19662475585938 -1338.5697021484375
v -56.18729782104492 -172.89830017089844 -1338.758544921875
v -56.10122299194336 -173.00852966308594 -1338.6890869140625
v -56.154090881347656 -172.94039916992188 -1338.7388916015625
v -56.01089859008789 -173.12271118164062 -1338.61962890625
v -55.818687438964844 -173.36293029785156 -1338.46044921875
v -55.583518981933594 -173.6533660888672 -1338.2713623046875
v -55.836483001708984 -173.3439178466797 -1338.4703369140625
v -56.192054748535156 -172.89334106445312 -1338.7685546875
v -55.9880485534668 -173.152587890625 -1338.5997314453125
v -56.15049743652344 -172.94625854492188 -1338.7288818359375
v -55.69889450073242 -173.51329040527344 -1338.361083984375
v -55.45530319213867 -173.81060791015625 -1338.162109375
v -55.170597076416016 -174.1560516357422 -1337.933349609375
v -55.2236328125 -174.09385681152344 -1337.983154296875
v -55.500511169433594 -173.75860595703125 -1338.201904296875
v -55.72180938720703 -173.48727416992188 -1338.380859375
v -55.26774597167969 -174.0409393310547 -1338.0128173828125
v -55.46818542480469 -173.79949951171875 -1338.1719970703125
v -55.10625076293945 -174.2352752685547 -1337.883544921875
v -54.869564056396484 -174.5206298828125 -1337.69482421875
v -54.7501335144043 -174.6717987060547 -1337.5953369140625
v -55.0744514465332 -174.27621459960938 -1337.8538818359375
v -54.746849060058594 -174.67579650878906 -1337.5953369140625
v -54.579219818115234 -174.88027954101562 -1337.4560546875
v -54.27813720703125 -175.2736053466797 -1337.197509765625
v -54.288108825683594 -175.2616424560547 -1337.2073974609375
v -54.53067398071289 -174.94615173339844 -1337.416259765625
v -54.27463912963867 -175.27662658691406 -1337.197509765625
v -54.2841682434082 -175.2645721435547 -1337.197509765625
v -53.964820861816406 -175.7064208984375 -1336.9090576171875
v -53.845985412597656 -175.89187622070312 -1336.7896728515625
v -54.06535339355469 -175.56219482421875 -1336.99853515625
v -53.83157730102539 -175.9036865234375 -1336.7598876953125
v -53.62322998046875 -176.246337890625 -1336.541015625
v -53.49132537841797 -176.47378540039062 -1336.40185546875
v -53.444190979003906 -176.53604125976562 -1336.3621826171875
v -53.65030288696289 -176.1722869873047 -1336.5909423828125
v -53.35963821411133 -176.6763916015625 -1336.22265625
v -53.475311279296875 -176.4407196044922 -1336.391845703125
v -53.26032638549805 -176.91583251953125 -1336.0833740234375
v -53.2861442565918 -176.8474884033203 -1336.1531982421875
v -53.13621520996094 -177.11813354492188 -1335.9742431640625
v -53.27381134033203 -176.80055236816406 -1336.153076171875
v -53.23494338989258 -176.8706512451172 -1336.0933837890625
v -53.09453201293945 -177.25135803222656 -1335.8846435546875
v -52.950157165527344 -177.4538116455078 -1335.7154541015625
v -69.05818939208984 -256.960205078125 -1337.427734375
v -69.22779083251953 -257.3358459472656 -1336.9970703125
v -68.92771911621094 -258.5784912109375 -1338.492919921875
v -68.19192504882812 -257.56231689453125 -1336.7490234375
v -69.73836517333984 -255.35848999023438 -1335.912841796875
v -68.71870422363281 -255.6271514892578 -1336.6474609375
v -69.58210754394531 -253.8125762939453 -1336.2353515625
v -68.7115707397461 -256.0030517578125 -1335.64111328125
v -70.94419860839844 -254.3306884765625 -1334.5283203125
v -68.87187194824219 -252.32308959960938 -1335.77392578125
v -67.54138946533203 -254.3479461669922 -1334.7354736328125
v -69.58251953125 -252.07350158691406 -1336.3504638671875
v -68.89986419677734 -253.20947265625 -1333.48974609375
v -69.6460189819336 -251.7277069091797 -1335.0413818359375
v -69.77290344238281 -252.36085510253906 -1333.93212890625
v -68.19117736816406 -253.58987426757812 -1334.5418701171875
v -68.08992004394531 -251.5301055908203 -1332.2325439453125
v 14.95821762084961 -205.59161376953125 -1335.15283203125
v 14.959196090698242 -205.59010314941406 -1335.052734375
v 14.959029197692871 -205.5890655517578 -1335.052734375
v 14.957992553710938 -205.58987426757812 -1335.0528564453125
v 14.958118438720703 -205.5897979736328 -1335.0528564453125
v 14.962653160095215 -205.58494567871094 -1334.7923583984375
v 14.962249755859375 -205.58590698242188 -1334.7923583984375
v 14.961713790893555 -205.583984375 -1334.7923583984375
v 14.961336135864258 -205.58494567871094 -1334.7923583984375
v 14.975967407226562 -205.57472229003906 -1334.3016357421875
v 14.976359367370605 -205.57461547851562 -1334.3016357421875
v 14.975967407226562 -205.57472229003906 -1334.3016357421875
v 14.97553825378418 -205.57470703125 -1334.3016357421875
v 15.009002685546875 -205.5631866455078 -1333.660400390625
v 15.008976936340332 -205.56320190429688 -1333.660400390625
v 15.009102821350098 -205.5631103515625 -1333.660400390625
v 15.009305953979492 -205.56326293945312 -1333.660400390625
v 15.06322193145752 -205.5591278076172 -1332.9188232421875
v 15.062743186950684 -205.56015014648438 -1332.9188232421875
v 15.061640739440918 -205.56015014648438 -1332.9188232421875
v 15.062172889709473 -205.56008911132812 -1332.9188232421875
v 15.12591552734375 -205.5770721435547 -1332.147216796875
v 15.127252578735352 -205.57586669921875 -1332.1572265625
v 15.125601768493652 -205.57904052734375 -1332.13720703125
v 15.12407112121582 -205.5800323486328 -1332.13720703125
v 15.176265716552734 -205.6318359375 -1331.3857421875
v 15.185683250427246 -205.63003540039062 -1331.345703125
v 15.183280944824219 -205.6187744140625 -1331.435791015625
v 15.181273460388184 -205.64405822753906 -1331.28564453125
v 15.193758010864258 -205.73228454589844 -1330.6248779296875
v 15.198963165283203 -205.70274353027344 -1330.784912109375
v 15.215523719787598 -205.66342163085938 -1330.9549560546875
v 15.210352897644043 -205.7295379638672 -1330.564453125
v 15.212076187133789 -205.7001190185547 -1330.7447509765625
v 15.198022842407227 -205.75064086914062 -1330.5045166015625
v 15.16940689086914 -205.87680053710938 -1329.8040771484375
v 15.179926872253418 -205.8391571044922 -1330.004150390625
v 15.225907325744629 -205.70240783691406 -1330.6644287109375
v 15.175703048706055 -205.87368774414062 -1329.8341064453125
v 15.213286399841309 -205.7611541748047 -1330.3743896484375
v 15.186807632446289 -205.83815002441406 -1330.024169921875
v 15.13793659210205 -205.96775817871094 -1329.3538818359375
v 15.113948822021484 -206.0190887451172 -1328.95361328125
v 15.13004207611084 -205.9865264892578 -1329.1536865234375
v 15.129292488098145 -205.9851837158203 -1329.2138671875
v 15.148164749145508 -205.94859313964844 -1329.4940185546875
v 15.118195533752441 -206.00938415527344 -1329.143798828125
v 15.111428260803223 -206.02359008789062 -1329.07373046875
v 15.088746070861816 -206.06146240234375 -1328.733642578125
v 15.065451622009277 -206.09793090820312 -1328.2435302734375
v 15.081822395324707 -206.0833282470703 -1328.4033203125
v 15.082884788513184 -206.07907104492188 -1328.5135498046875
v 15.07548999786377 -206.08299255371094 -1328.57373046875
v 15.073970794677734 -206.08285522460938 -1328.61376953125
v 15.041800498962402 -206.1170654296875 -1328.103515625
v 15.017661094665527 -206.1304931640625 -1327.55322265625
v 15.03877067565918 -206.1312255859375 -1327.6832275390625
v 15.039698600769043 -206.13804626464844 -1327.80322265625
v 15.029570579528809 -206.1396026611328 -1327.9034423828125
v 15.027318954467773 -206.1323699951172 -1327.99365234375
v 14.986827850341797 -206.14268493652344 -1327.4234619140625
v 14.953459739685059 -206.12939453125 -1326.833251953125
v 14.989838600158691 -206.13796997070312 -1326.9730224609375
v 14.995344161987305 -206.16079711914062 -1327.0831298828125
v 14.978639602661133 -206.17250061035156 -1327.1932373046875
v 14.970088958740234 -206.1620635986328 -1327.3035888671875
v 14.953827857971191 -206.1382598876953 -1326.853271484375
v 14.889801979064941 -206.17662048339844 -1326.5535888671875
v 14.816981315612793 -206.14085388183594 -1325.633544921875
v -18.037403106689453 -200.8431396484375 -1334.50537109375
v -18.03822898864746 -200.86973571777344 -1334.4051513671875
v -18.03832244873047 -200.86561584472656 -1334.4151611328125
v -18.03874397277832 -200.86453247070312 -1334.4251708984375
v -18.03864860534668 -200.86773681640625 -1334.405029296875
v -18.039743423461914 -200.93930053710938 -1334.10498046875
v -18.040220260620117 -200.9300994873047 -1334.1448974609375
v -18.040386199951172 -200.9156951904297 -1334.215087890625
v -18.041366577148438 -200.9331817626953 -1334.1348876953125
v -18.041553497314453 -201.00082397460938 -1333.8248291015625
v -18.0405216217041 -201.05322265625 -1333.5546875
v -18.041019439697266 -201.02548217773438 -1333.69482421875
v -18.042695999145508 -201.02337646484375 -1333.684814453125
v -18.043081283569336 -200.97906494140625 -1333.9349365234375
v -18.043790817260742 -201.0368194580078 -1333.6248779296875
v -18.04353141784668 -201.0469970703125 -1333.5848388671875
v -18.041088104248047 -201.0977020263672 -1333.24462890625
v -18.039514541625977 -201.146240234375 -1332.92431640625
v -18.04093360900879 -201.1066131591797 -1333.254638671875
v -18.041906356811523 -201.1131591796875 -1333.1544189453125
v -18.042909622192383 -201.12071228027344 -1333.054443359375
v -18.042373657226562 -201.12173461914062 -1333.064453125
v -18.037214279174805 -201.19418334960938 -1332.333984375
v -18.036636352539062 -201.20867919921875 -1332.2540283203125
v -18.040281295776367 -201.1650848388672 -1332.7943115234375
v -18.039255142211914 -201.200439453125 -1332.27392578125
v -18.040393829345703 -201.19403076171875 -1332.3641357421875
v -18.035934448242188 -201.23001098632812 -1331.74365234375
v -18.031723022460938 -201.23509216308594 -1331.7034912109375
v -18.029115676879883 -201.2350616455078 -1331.293212890625
v -18.03156852722168 -201.2390899658203 -1331.4735107421875
v -18.037076950073242 -201.2344512939453 -1331.6334228515625
v -18.03458595275879 -201.2415008544922 -1331.42333984375
v -18.03119468688965 -201.2378692626953 -1331.072998046875
v -18.02644920349121 -201.24258422851562 -1331.1431884765625
v -18.022411346435547 -201.2184295654297 -1330.49267578125
v -18.020915985107422 -201.22508239746094 -1330.5826416015625
v -18.028053283691406 -201.23838806152344 -1330.8028564453125
v -18.02313995361328 -201.23263549804688 -1330.6827392578125
v -18.031394958496094 -201.23866271972656 -1330.9129638671875
v -18.024246215820312 -201.21730041503906 -1330.3525390625
v -18.015670776367188 -201.18447875976562 -1329.7718505859375
v -18.014240264892578 -201.19105529785156 -1329.882080078125
v -18.015419006347656 -201.2007293701172 -1329.9921875
v -18.023616790771484 -201.2157745361328 -1330.222412109375
v -18.019540786743164 -201.21014404296875 -1330.102294921875
v -18.016572952270508 -201.18211364746094 -1329.641845703125
v -18.010684967041016 -201.1513214111328 -1329.0614013671875
v -18.009395599365234 -201.1550750732422 -1329.181396484375
v -18.009252548217773 -201.1645965576172 -1329.2916259765625
v -18.0115909576416 -201.1740264892578 -1329.401611328125
v -18.014986038208008 -201.18048095703125 -1329.521728515625
v -18.010848999023438 -201.15196228027344 -1328.94140625
v -18.011137008666992 -201.13629150390625 -1328.3709716796875
v -18.010438919067383 -201.1358184814453 -1328.48095703125
v -18.009849548339844 -201.14022827148438 -1328.5909423828125
v -18.00945472717285 -201.1478729248047 -1328.701171875
v -18.010025024414062 -201.15252685546875 -1328.8211669921875
v -18.013154983520508 -201.14280700683594 -1328.250732421875
v -18.024274826049805 -201.15005493164062 -1327.71044921875
v -18.02198028564453 -201.1426544189453 -1327.8104248046875
v -18.022659301757812 -201.14418029785156 -1327.900390625
v -18.020782470703125 -201.14797973632812 -1328.00048828125
v -18.01693344116211 -201.1482391357422 -1328.1207275390625
v -18.033592224121094 -201.1657257080078 -1327.560302734375
v -18.05794334411621 -201.19573974609375 -1327.06982421875
v -18.048755645751953 -201.1790313720703 -1327.2000732421875
v -18.052993774414062 -201.18092346191406 -1327.2401123046875
v -18.054805755615234 -201.18479919433594 -1327.300048828125
v -18.046709060668945 -201.180419921875 -1327.41015625
v -18.08570098876953 -201.23081970214844 -1326.849853515625
v -18.121110916137695 -201.27963256835938 -1326.439453125
v -18.0837459564209 -201.22926330566406 -1326.729736328125
v -18.09720230102539 -201.24249267578125 -1326.65966796875
v -18.114797592163086 -201.260009765625 -1326.5997314453125
v -18.111974716186523 -201.25865173339844 -1326.65966796875
v -18.188573837280273 -201.3588104248047 -1325.9893798828125
v -18.217918395996094 -201.4069366455078 -1325.709228515625
v -18.135374069213867 -201.2971954345703 -1326.2894287109375
v -18.190752029418945 -201.36402893066406 -1325.9493408203125
v -18.21688461303711 -201.38644409179688 -1325.8292236328125
v -18.285905838012695 -201.47279357910156 -1325.3291015625
v -18.306964874267578 -201.5238494873047 -1325.0889892578125
v -18.314393997192383 -201.5520782470703 -1324.9990234375
v -18.293794631958008 -201.5113067626953 -1325.208984375
v -18.28656005859375 -201.4827117919922 -1325.3291015625
v -18.350852966308594 -201.55560302734375 -1324.9188232421875
v -18.360774993896484 -201.57322692871094 -1324.7886962890625
v -18.40428924560547 -201.66815185546875 -1324.3284912109375
v -18.379878997802734 -201.67066955566406 -1324.4287109375
v -18.377246856689453 -201.66043090820312 -1324.5386962890625
v -18.374656677246094 -201.61766052246094 -1324.6988525390625
v -18.438804626464844 -201.6807403564453 -1324.238525390625
v -18.407987594604492 -201.65554809570312 -1324.5086669921875
v -18.456825256347656 -201.7557830810547 -1323.91845703125
v -18.439332962036133 -201.8201446533203 -1323.8385009765625
v -18.580127716064453 -201.9226531982422 -1323.1943359375
v -18.664817810058594 -202.1061248779297 -1321.9737548828125
v -47.3602409362793 -289.2682189941406 -1328.80419921875
v -47.45425033569336 -289.18865966796875 -1328.7852783203125
v -47.24930953979492 -289.3718566894531 -1328.8231201171875
v -47.151405334472656 -289.45477294921875 -1328.8421630859375
v -47.24001693725586 -289.37200927734375 -1328.8231201171875
v -47.79664611816406 -288.86566162109375 -1328.7091064453125
v -47.65335464477539 -288.99224853515625 -1328.7376708984375
v -47.702552795410156 -288.9602966308594 -1328.7379150390625
v -47.44192123413086 -289.1966247558594 -1328.7852783203125
v -47.18960952758789 -289.4208068847656 -1328.83251953125
v -47.113128662109375 -289.4864501953125 -1328.8516845703125
v -47.40117263793945 -289.22442626953125 -1328.7947998046875
v -47.19990158081055 -289.4078369140625 -1328.8326416015625
v -48.05641174316406 -288.6224060058594 -1328.6619873046875
v -48.3848991394043 -288.29852294921875 -1328.5758056640625
v -48.22030258178711 -288.4520568847656 -1328.6141357421875
v -48.09383010864258 -288.5735778808594 -1328.642578125
v -47.78555679321289 -288.86761474609375 -1328.7091064453125
v -47.96289825439453 -288.70623779296875 -1328.671142578125
v -47.43743133544922 -289.193603515625 -1328.7852783203125
v -48.54308319091797 -288.1470947265625 -1328.537841796875
v -48.76819610595703 -287.9207458496094 -1328.4705810546875
v -48.98169708251953 -287.70147705078125 -1328.3934326171875
v -48.52615737915039 -288.1521301269531 -1328.5377197265625
v -48.399898529052734 -288.2784423828125 -1328.566162109375
v -48.560150146484375 -288.1280822753906 -1328.528076171875
v -49.15109634399414 -287.5430908203125 -1328.3553466796875
v -48.93650436401367 -287.7583312988281 -1328.422607421875
v -49.72636032104492 -286.9730224609375 -1328.142822265625
v -49.64390182495117 -287.058837890625 -1328.1717529296875
v -49.4266471862793 -287.26220703125 -1328.2490234375
v -48.96998977661133 -287.7134704589844 -1328.4031982421875
v -48.96942901611328 -287.7225341796875 -1328.4130859375
v -49.710025787353516 -287.0081481933594 -1328.1524658203125
v -49.419185638427734 -287.2889709472656 -1328.2587890625
v -50.18239974975586 -286.55975341796875 -1327.958740234375
v -49.93046951293945 -286.79388427734375 -1328.055419921875
v -50.159034729003906 -286.5845947265625 -1327.95849609375
v -50.0941047668457 -286.6524353027344 -1327.9874267578125
v -49.493125915527344 -287.2113037109375 -1328.2296142578125
v -50.190921783447266 -286.5867004394531 -1327.9486083984375
v -50.54569625854492 -286.25518798828125 -1327.783203125
v -50.52521896362305 -286.28594970703125 -1327.7928466796875
v -50.72666931152344 -286.1116943359375 -1327.695556640625
v -51.04014205932617 -285.879638671875 -1327.539306640625
v -50.69334030151367 -286.1654968261719 -1327.7247314453125
v -51.10622787475586 -285.7811279296875 -1327.5006103515625
v -50.977882385253906 -285.9264221191406 -1327.5784912109375
v -51.39995193481445 -285.53118896484375 -1327.3543701171875
v -52.092247009277344 -284.44171142578125 -1326.888427734375
v -51.63523864746094 -285.3487854003906 -1327.2373046875
v -51.4658088684082 -285.49542236328125 -1327.30517578125
v -51.79481887817383 -285.0908508300781 -1327.0909423828125
v 87.48765563964844 -138.6441192626953 -1323.9984130859375
v 87.13677978515625 -136.042724609375 -1325.1011962890625
v 87.4135513305664 -136.14955139160156 -1322.3790283203125
v -51.22090530395508 -226.9551544189453 -1322.4385986328125
v -51.21705627441406 -226.82666015625 -1322.3388671875
v -51.219512939453125 -226.9218292236328 -1322.40869140625
v -51.21784591674805 -226.8606719970703 -1322.3587646484375
v -51.21760559082031 -226.8446807861328 -1322.348876953125
v -51.21427536010742 -226.69815063476562 -1322.218994140625
v -51.21175003051758 -226.65011596679688 -1322.1990966796875
v -51.21047592163086 -226.39422607421875 -1321.9893798828125
v -51.21565628051758 -226.81646728515625 -1322.308837890625
v -51.21238327026367 -226.59169006347656 -1322.1290283203125
v -51.21248245239258 -226.51571655273438 -1322.0892333984375
v -51.211204528808594 -226.59078979492188 -1322.1290283203125
v -51.21759033203125 -226.1875457763672 -1321.7996826171875
v -51.207332611083984 -226.33203125 -1321.949462890625
v -51.20780944824219 -226.00494384765625 -1321.6898193359375
v -51.22913360595703 -225.69903564453125 -1321.4300537109375
v -51.21115493774414 -226.3169403076172 -1321.8994140625
v -51.220848083496094 -226.03311157226562 -1321.6796875
v -51.220191955566406 -225.86842346191406 -1321.570068359375
v -51.22380447387695 -225.92074584960938 -1321.5799560546875
v -51.27274703979492 -225.3870849609375 -1321.1402587890625
v -51.22153854370117 -225.60667419433594 -1321.3602294921875
v -51.25137710571289 -225.2535858154297 -1321.060546875
v -51.30733871459961 -224.98057556152344 -1320.8206787109375
v -51.248817443847656 -225.53121948242188 -1321.26025390625
v -51.279048919677734 -225.24559020996094 -1321.030517578125
v -51.26786422729492 -225.19740295410156 -1321.010498046875
v -51.31159591674805 -225.02064514160156 -1320.8406982421875
v -51.4637565612793 -224.3324432373047 -1320.260986328125
v -51.3131217956543 -224.84329223632812 -1320.7108154296875
v -51.40740966796875 -224.45704650878906 -1320.3809814453125
v -51.36735534667969 -224.64950561523438 -1320.5308837890625
v -51.41787338256836 -224.4388427734375 -1320.3509521484375
v -51.440731048583984 -224.30758666992188 -1320.2410888671875
v -51.57159423828125 -223.907470703125 -1319.89111328125
v -51.73729705810547 -223.47299194335938 -1319.521240234375
v -51.72476577758789 -223.5142059326172 -1319.561279296875
v -51.6094970703125 -223.81509399414062 -1319.8212890625
v -51.631309509277344 -223.7266387939453 -1319.7412109375
v -51.78900146484375 -223.29454040527344 -1319.371337890625
v -51.94337844848633 -222.9192657470703 -1319.05126953125
v -51.928707122802734 -222.95030212402344 -1319.0712890625
v -51.87034606933594 -223.0997772216797 -1319.201171875
v -51.793800354003906 -223.27548217773438 -1319.351318359375
v -52.05251693725586 -222.50096130371094 -1318.701171875
v -52.047630310058594 -222.61427307128906 -1318.7911376953125
v -52.14246368408203 -222.2161407470703 -1318.461181640625
v -52.06196212768555 -222.57728576660156 -1318.7611083984375
v -52.13222122192383 -222.3104705810547 -1318.541015625
v -52.14130401611328 -222.26719665527344 -1318.5010986328125
v -52.20545196533203 -221.7276611328125 -1318.06103515625
v -52.22092056274414 -221.05313110351562 -1317.53076171875
v -52.18643569946289 -221.86289978027344 -1318.1810302734375
v -52.215728759765625 -221.35028076171875 -1317.7908935546875
v -60.62700653076172 -254.91619873046875 -1316.28857421875
v -60.13459777832031 -254.80136108398438 -1315.9306640625
v -60.21105194091797 -254.7916717529297 -1316.0003662109375
v -60.220726013183594 -254.80142211914062 -1316.0003662109375
v -60.77138900756836 -254.9645538330078 -1316.3978271484375
v -59.882286071777344 -254.7258758544922 -1315.751708984375
v -59.87281036376953 -254.7219696044922 -1315.7418212890625
v -59.43618392944336 -254.66397094726562 -1315.4033203125
v -58.93989562988281 -254.62481689453125 -1315.0050048828125
v -59.44455337524414 -254.66502380371094 -1315.413330078125
v -59.36140060424805 -254.6548309326172 -1315.34375
v -58.85820007324219 -254.60952758789062 -1314.9453125
v -58.890838623046875 -254.6085662841797 -1314.9752197265625
v -58.260833740234375 -254.58607482910156 -1314.45703125
v -58.02451705932617 -254.58154296875 -1314.2576904296875
v -58.41872787475586 -254.58749389648438 -1314.5966796875
v -58.25904846191406 -254.58407592773438 -1314.45703125
v -57.762550354003906 -254.57476806640625 -1314.0284423828125
v -57.66701126098633 -254.56634521484375 -1313.9488525390625
v -57.941139221191406 -254.57623291015625 -1314.197998046875
v -57.41534423828125 -254.5627899169922 -1313.719482421875
v -57.373085021972656 -254.5607452392578 -1313.6995849609375
v -57.599464416503906 -254.5692596435547 -1313.9189453125
v -57.2805290222168 -254.54742431640625 -1313.639892578125
v -57.39335250854492 -254.5607147216797 -1313.6995849609375
v -57.002105712890625 -254.52072143554688 -1313.3509521484375
v -57.07398986816406 -254.5398406982422 -1313.4005126953125
v -56.8129768371582 -254.51541137695312 -1313.1513671875
v -57.13766860961914 -254.55296325683594 -1313.5201416015625
v -56.66693115234375 -254.52182006835938 -1313.061767578125
v -56.7914924621582 -254.52622985839844 -1313.22119140625
v -56.557395935058594 -254.48239135742188 -1312.982177734375
v -56.710601806640625 -254.4890899658203 -1313.0518798828125
v -56.29142379760742 -254.4177703857422 -1312.603515625
v -56.1387825012207 -254.46841430664062 -1312.4434814453125
v -56.02146911621094 -254.379150390625 -1312.4041748046875
v -57.25680160522461 -281.370361328125 -1297.0504150390625
v -55.91537094116211 -282.55633544921875 -1294.7294921875
v -56.98988342285156 -282.787353515625 -1294.36083984375
v -54.33216857910156 -254.347412109375 -1276.0555419921875
v -54.6439094543457 -253.97238159179688 -1273.6668701171875
v -54.67811965942383 -254.39462280273438 -1274.61572265625
v -55.78160858154297 -254.1532745361328 -1273.3765869140625
v -55.286006927490234 -255.21371459960938 -1272.684326171875
v -44.34294128417969 -192.5564422607422 -1272.332275390625
v -44.360008239746094 -192.63551330566406 -1272.2723388671875
v -44.38730239868164 -192.76370239257812 -1272.192626953125
v -44.37548065185547 -192.71177673339844 -1272.222412109375
v -44.3290901184082 -192.49134826660156 -1272.3721923828125
v -44.340789794921875 -192.54852294921875 -1272.332275390625
v -44.35551834106445 -192.6165008544922 -1272.2823486328125
v -44.46565628051758 -193.10928344726562 -1271.9530029296875
v -44.470977783203125 -193.13937377929688 -1271.9329833984375
v -44.41343688964844 -192.89305114746094 -1272.1025390625
v -44.32789611816406 -192.48646545410156 -1272.3720703125
v -44.350830078125 -192.5974578857422 -1272.3023681640625
v -44.395843505859375 -192.81089782714844 -1272.152587890625
v -44.56269454956055 -193.5561065673828 -1271.6534423828125
v -44.47272491455078 -193.16348266601562 -1271.9129638671875
v -44.6317253112793 -193.823486328125 -1271.4736328125
v -44.66420364379883 -193.96571350097656 -1271.3839111328125
v -44.5913200378418 -193.71432495117188 -1271.5435791015625
v -44.69578552246094 -194.16896057128906 -1271.214111328125
v -44.787391662597656 -194.4765167236328 -1271.014404296875
v -44.84349060058594 -194.7369384765625 -1270.8846435546875
v -44.73059844970703 -194.35546875 -1271.1142578125
v -44.774192810058594 -194.7498016357422 -1270.7947998046875
v -44.90083694458008 -195.13851928710938 -1270.4849853515625
v -44.85120391845703 -195.88961791992188 -1269.8060302734375
v 37.12605285644531 -221.80841064453125 -1266.8017578125
v 37.018253326416016 -221.06935119628906 -1268.28125
v 36.250362396240234 -221.84658813476562 -1264.62548828125
v 35.80021286010742 -222.18655395507812 -1262.2880859375
v 35.240928649902344 -222.20449829101562 -1260.5406494140625
v 35.509159088134766 -222.2660369873047 -1261.439208984375
v 35.384342193603516 -222.22042846679688 -1260.650146484375
v 35.17631530761719 -222.23663330078125 -1260.1710205078125
v 35.104034423828125 -222.23089599609375 -1259.71142578125
v 35.15841293334961 -222.219970703125 -1259.8511962890625
v 35.215431213378906 -222.22776794433594 -1259.970947265625
v 35.23503112792969 -222.2427215576172 -1260.07080078125
v 35.08991241455078 -222.25689697265625 -1259.5814208984375
v 35.10328674316406 -222.278076171875 -1259.4615478515625
v 35.01762771606445 -222.29917907714844 -1259.0120849609375
v 35.05233383178711 -222.2770538330078 -1259.1519775390625
v 35.09160614013672 -222.27610778808594 -1259.271728515625
v 35.11070251464844 -222.28294372558594 -1259.361572265625
v 35.00349807739258 -222.33731079101562 -1258.8721923828125
v 35.010643005371094 -222.36618041992188 -1258.772216796875
v 34.92866897583008 -222.411376953125 -1258.312744140625
v 34.9677734375 -222.3754425048828 -1258.4825439453125
v 35.00289535522461 -222.36729431152344 -1258.6124267578125
v 35.01624298095703 -222.3743438720703 -1258.692138671875
v 34.89887237548828 -222.47552490234375 -1258.1029052734375
v 34.92905044555664 -222.49049377441406 -1258.142822265625
v 34.823848724365234 -222.51760864257812 -1257.6932373046875
v 34.84895324707031 -222.5046844482422 -1257.743408203125
v 34.93022537231445 -222.4594268798828 -1258.0928955078125
v 34.92327880859375 -222.50254821777344 -1258.02294921875
v 34.85017776489258 -222.60256958007812 -1257.6533203125
v 34.81214141845703 -222.6066131591797 -1257.4835205078125
v 34.6658821105957 -222.5831298828125 -1256.9842529296875
v 34.622596740722656 -222.66018676757812 -1256.674560546875
v 34.49506759643555 -222.6592559814453 -1256.324951171875
v 34.411067962646484 -222.55859375 -1256.095458984375
v 34.375579833984375 -222.5736846923828 -1255.8756103515625
v 34.37994384765625 -222.58261108398438 -1256.0054931640625
v 34.35429000854492 -222.59365844726562 -1255.8857421875
v 34.19453048706055 -222.4700469970703 -1255.4263916015625
v 34.226470947265625 -222.4730987548828 -1255.4862060546875
v 34.260704040527344 -222.5278778076172 -1255.5462646484375
v 34.17032241821289 -222.44606018066406 -1255.276611328125
v 34.22673416137695 -222.51089477539062 -1255.5362548828125
v 34.136993408203125 -222.4563751220703 -1255.216552734375
v 34.10271072387695 -222.42825317382812 -1255.1468505859375
v 34.02402114868164 -222.37252807617188 -1254.877197265625
v 34.0384407043457 -222.3734893798828 -1254.8770751953125
v 34.103511810302734 -222.42337036132812 -1255.056884765625
v 33.9992561340332 -222.35365295410156 -1254.7174072265625
v 33.97696304321289 -222.35256958007812 -1254.707275390625
v 33.974002838134766 -222.3516387939453 -1254.66748046875
v 33.852806091308594 -222.28787231445312 -1254.238037109375
v 33.84074020385742 -222.28091430664062 -1254.168212890625
v 33.86138153076172 -222.29385375976562 -1254.2379150390625
v 33.823638916015625 -222.27700805664062 -1254.1280517578125
v 33.654293060302734 -222.22645568847656 -1253.4688720703125
v 33.65803146362305 -222.22647094726562 -1253.4688720703125
v 33.660709381103516 -222.22743225097656 -1253.4688720703125
v 33.656978607177734 -222.22743225097656 -1253.4688720703125
v 33.47788619995117 -222.20484924316406 -1252.749755859375
v 33.47748565673828 -222.2049102783203 -1252.759765625
v 33.479862213134766 -222.2038116455078 -1252.759765625
v 33.48015213012695 -222.20376586914062 -1252.759765625
v 33.2879753112793 -222.2052459716797 -1251.9908447265625
v 33.311279296875 -222.20420837402344 -1252.090576171875
v 33.287864685058594 -222.20516967773438 -1251.9908447265625
v 33.314029693603516 -222.20315551757812 -1252.090576171875
v 33.14699172973633 -222.21163940429688 -1251.44140625
v 33.086753845214844 -222.2158203125 -1251.2216796875
v 33.179603576660156 -222.21051025390625 -1251.5712890625
v 33.1451301574707 -222.21255493164062 -1251.44140625
v 33.18267822265625 -222.21066284179688 -1251.5711669921875
v 33.08819580078125 -222.2157440185547 -1251.2216796875
v 33.05511474609375 -222.21775817871094 -1251.091796875
v 32.929866790771484 -222.22222900390625 -1250.6524658203125
v 32.901329040527344 -222.2232208251953 -1250.5526123046875
v 33.05236053466797 -222.21682739257812 -1251.091796875
v 32.9299430847168 -222.22216796875 -1250.652587890625
v 32.903018951416016 -222.2229766845703 -1250.5526123046875
v 32.695919036865234 -222.2276153564453 -1249.83349609375
v 32.695438385009766 -222.22764587402344 -1249.83349609375
v 32.696144104003906 -222.2264862060547 -1249.83349609375
v 32.69676971435547 -222.22750854492188 -1249.83349609375
v 32.47502517700195 -222.23004150390625 -1249.074462890625
v 32.474876403808594 -222.2301483154297 -1249.074462890625
v 32.475303649902344 -222.2291717529297 -1249.074462890625
v 32.47556686401367 -222.23011779785156 -1249.074462890625
v 32.25673294067383 -222.23046875 -1248.345458984375
v 32.279422760009766 -222.23052978515625 -1248.425537109375
v 32.25769805908203 -222.23040771484375 -1248.345458984375
v 32.28058624267578 -222.23060607910156 -1248.425537109375
v 32.13156509399414 -222.22991943359375 -1247.9261474609375
v 32.09236526489258 -222.23081970214844 -1247.8062744140625
v 32.14863586425781 -222.2308807373047 -1247.9859619140625
v 32.13094711303711 -222.23187255859375 -1247.9261474609375
v 32.151248931884766 -222.23089599609375 -1247.9859619140625
v 32.09470748901367 -222.23086547851562 -1247.8062744140625
v 32.07000732421875 -222.2310333251953 -1247.71630859375
v 32.03888702392578 -222.2310028076172 -1247.6165771484375
v 32.027462005615234 -222.23118591308594 -1247.5865478515625
v 32.06752014160156 -222.2310791015625 -1247.71630859375
v 32.03888702392578 -222.2310028076172 -1247.6165771484375
v 32.02912902832031 -222.23095703125 -1247.5865478515625
v 32.01094055175781 -222.23114013671875 -1247.526611328125
v -48.280696868896484 -228.06100463867188 -1253.9105224609375
v -48.33930206298828 -228.0791015625 -1253.9705810546875
v -48.27362823486328 -228.0569610595703 -1253.9005126953125
v -48.26334762573242 -228.05694580078125 -1253.890625
v -48.17878723144531 -228.0268096923828 -1253.8006591796875
v -48.007293701171875 -227.9854736328125 -1253.6304931640625
v -48.25616455078125 -228.05191040039062 -1253.8905029296875
v -47.97576141357422 -227.96853637695312 -1253.6004638671875
v -48.09360885620117 -228.00668334960938 -1253.7205810546875
v -48.03642654418945 -227.98355102539062 -1253.6605224609375
v -47.747161865234375 -227.9122772216797 -1253.3604736328125
v -47.330665588378906 -227.84544372558594 -1252.930419921875
v -47.66094207763672 -227.90093994140625 -1253.29052734375
v -47.49868392944336 -227.8468780517578 -1253.1103515625
v -47.520999908447266 -227.8558349609375 -1253.1505126953125
v -47.24091720581055 -227.80628967285156 -1252.8204345703125
v -47.049156188964844 -227.79507446289062 -1252.6904296875
v -46.580074310302734 -227.7831573486328 -1252.1497802734375
v -47.11478042602539 -227.79127502441406 -1252.770263671875
v -47.151268005371094 -227.78025817871094 -1252.7904052734375
v -47.005741119384766 -227.75914001464844 -1252.6002197265625
v -46.4869384765625 -227.716064453125 -1252.0496826171875
v -46.0871467590332 -227.68858337402344 -1251.579345703125
v -46.077518463134766 -227.73841857910156 -1251.7493896484375
v -46.431705474853516 -227.74110412597656 -1252.1396484375
v -45.5887451171875 -227.6439208984375 -1251.2489013671875
v -46.44536209106445 -227.70718383789062 -1252.1396484375
v -45.84737777709961 -227.64427185058594 -1251.6793212890625
v -45.09281539916992 -227.5012969970703 -1251.1387939453125
v -45.319026947021484 -227.5076904296875 -1251.2889404296875
v -43.26964569091797 -227.032958984375 -1250.177490234375
v -44.136775970458984 -227.20108032226562 -1250.55810546875
v -42.552711486816406 -226.5242462158203 -1249.256591796875
v -43.363304138183594 -248.2545928955078 -1247.8868408203125
v -44.10853958129883 -249.52340698242188 -1248.3070068359375
v -43.27480697631836 -248.0299072265625 -1247.947021484375
v -42.78678894042969 -247.53875732421875 -1247.1063232421875
v -43.08237075805664 -247.9716033935547 -1247.45654296875
v -43.18376541137695 -248.0836944580078 -1247.626708984375
v -42.945716857910156 -247.706787109375 -1247.3865966796875
v -42.66455078125 -247.35191345214844 -1246.9661865234375
v -42.81821060180664 -247.584716796875 -1247.156494140625
v -42.62834930419922 -247.31289672851562 -1246.90625
v -42.662109375 -247.3497772216797 -1246.9661865234375
v -42.55656051635742 -247.20596313476562 -1246.8162841796875
v -42.59105682373047 -247.26075744628906 -1246.856201171875
v -42.51549530029297 -247.14889526367188 -1246.7562255859375
v -42.522377014160156 -247.15977478027344 -1246.7662353515625
v -42.526283264160156 -247.16392517089844 -1246.7762451171875
v -54.64746856689453 -250.93966674804688 -1244.12158203125
v -53.38337326049805 -251.5165252685547 -1243.7242431640625
v -53.315773010253906 -251.44740295410156 -1243.744384765625
v -53.383758544921875 -251.49435424804688 -1243.7242431640625
v -53.790409088134766 -251.702392578125 -1243.6602783203125
v -52.723243713378906 -251.46865844726562 -1243.67431640625
v -53.10531234741211 -251.57901000976562 -1243.6541748046875
v -52.371131896972656 -251.43507385253906 -1243.6444091796875
v -52.62160873413086 -251.45053100585938 -1243.664306640625
v -52.49852752685547 -251.45420837402344 -1243.644287109375
v -52.227745056152344 -251.40809631347656 -1243.6444091796875
v -51.97244644165039 -251.36065673828125 -1243.634521484375
v -51.822906494140625 -251.32745361328125 -1243.634521484375
v -51.91114807128906 -251.34751892089844 -1243.634521484375
v -51.98931121826172 -251.3607177734375 -1243.634521484375
v -51.749473571777344 -251.3113555908203 -1243.634521484375
v -51.73646545410156 -251.3072509765625 -1243.634521484375
v -41.20704650878906 -277.59130859375 -1240.12158203125
v -40.819915771484375 -279.9191589355469 -1239.89404296875
v -41.26591873168945 -279.4846496582031 -1239.406494140625
v -43.86829376220703 -259.4075622558594 -1233.5399169921875
v -41.441219329833984 -257.9798889160156 -1233.76806640625
v -42.646156311035156 -256.25927734375 -1233.3421630859375
v -42.96535110473633 -257.260498046875 -1232.061279296875
v -43.60713577270508 -257.2504577636719 -1231.542236328125
v -40.6057243347168 -257.81793212890625 -1234.3370361328125
v -40.46876907348633 -255.74261474609375 -1232.2291259765625
v -40.56504440307617 -255.06150817871094 -1232.7802734375
v -32.54637908935547 -250.1717529296875 -1210.2406005859375
v -31.261327743530273 -251.27220153808594 -1209.798828125
v -32.25811004638672 -251.0179901123047 -1211.0704345703125
v -142.17991638183594 -213.6489715576172 -1172.724365234375
v -142.31680297851562 -213.4839324951172 -1174.054443359375
v -142.5139617919922 -213.91978454589844 -1173.844482421875
v -142.1529998779297 -213.802978515625 -1172.304443359375
v -142.14694213867188 -213.79702758789062 -1172.29443359375
v -142.12596130371094 -213.89109802246094 -1172.0244140625
v -142.1260223388672 -213.8900146484375 -1172.0244140625
v -148.1187744140625 -224.2698974609375 -1167.5145263671875
v -148.11000061035156 -224.31959533691406 -1167.2244873046875
v -148.09893798828125 -224.30567932128906 -1167.2445068359375
v -148.11485290527344 -224.27078247070312 -1167.4945068359375
v -148.11993408203125 -224.27566528320312 -1167.4844970703125
v -148.1010284423828 -224.3125457763672 -1167.224365234375
v -148.11302185058594 -224.32656860351562 -1167.2144775390625
v -148.10208129882812 -224.42559814453125 -1166.7044677734375
v -148.0659637451172 -224.36972045898438 -1166.7745361328125
v -148.04295349121094 -224.34774780273438 -1166.7845458984375
v -148.07901000976562 -224.40467834472656 -1166.7044677734375
v -148.0000457763672 -224.37567138671875 -1166.4345703125
v -150.156005859375 -227.6183319091797 -1162.554443359375
v -150.1659698486328 -227.6433868408203 -1162.484375
v -149.86692810058594 -227.48251342773438 -1162.064453125
v -149.90994262695312 -227.49044799804688 -1162.204345703125
v -150.0428924560547 -227.54954528808594 -1162.4443359375
v -149.92396545410156 -227.4964141845703 -1162.21435546875
v -149.75999450683594 -227.43844604492188 -1161.8443603515625
v -149.6919708251953 -227.38644409179688 -1161.814453125
v -149.7250518798828 -227.41236877441406 -1161.8343505859375
v -149.60601806640625 -227.36642456054688 -1161.5843505859375
v -149.65493774414062 -227.37454223632812 -1161.734375
v -149.3929901123047 -227.29457092285156 -1161.0643310546875
v -149.4338836669922 -227.30270385742188 -1161.1844482421875
v -149.5709686279297 -227.3375244140625 -1161.564453125
v -149.41693115234375 -227.2946319580078 -1161.1644287109375
v -149.3828887939453 -227.27572631835938 -1161.1043701171875
v -149.11399841308594 -227.22967529296875 -1160.234375
v -149.12997436523438 -227.2237091064453 -1160.3243408203125
v -149.1939697265625 -227.2346649169922 -1160.54443359375
v -149.15594482421875 -227.2277374267578 -1160.414306640625
v -149.01596069335938 -227.24179077148438 -1159.7943115234375
v -148.9049835205078 -227.2548370361328 -1159.2642822265625
v -148.90005493164062 -227.1886749267578 -1159.4942626953125
v -148.951904296875 -227.22093200683594 -1159.6043701171875
v -149.20924377441406 -227.9207763671875 -1157.9842529296875
v -148.71505737304688 -227.1508026123047 -1158.7742919921875
v -148.72996520996094 -227.15292358398438 -1158.84423828125
v -150.46957397460938 -228.9673309326172 -1158.514404296875
v -150.48460388183594 -229.0663299560547 -1158.04443359375
v -148.0897979736328 -226.32203674316406 -1158.894287109375
v -150.71852111816406 -229.11631774902344 -1158.994384765625
v -150.78651428222656 -229.1753387451172 -1159.0345458984375
v -150.6915283203125 -229.1143341064453 -1158.8443603515625
v -150.7054901123047 -229.158447265625 -1158.6444091796875
v -150.9165802001953 -229.20713806152344 -1159.6944580078125
v -150.88555908203125 -229.19723510742188 -1159.534423828125
v -150.95347595214844 -229.2213134765625 -1159.8643798828125
v -150.86050415039062 -229.2003173828125 -1159.324462890625
v -151.01339721679688 -229.2233428955078 -1160.4044189453125
v -150.99635314941406 -229.221435546875 -1160.2645263671875
v -150.98048400878906 -229.22325134277344 -1160.0843505859375
v -151.0263671875 -229.2213592529297 -1160.5645751953125
v -151.0474395751953 -229.21221923828125 -1160.9345703125
v -151.04136657714844 -229.21531677246094 -1160.844482421875
v -151.03746032714844 -229.21620178222656 -1160.784423828125
v -151.04933166503906 -229.20941162109375 -1161.0045166015625
v -151.05239868164062 -229.20220947265625 -1161.1845703125
v -151.0514373779297 -229.20420837402344 -1161.154541015625
v -151.04940795898438 -229.20523071289062 -1161.12451171875
v -151.05038452148438 -229.2032470703125 -1161.154541015625
v -151.0514373779297 -229.20018005371094 -1161.2445068359375
f 3539 3534 3535
f 3540 3539 3535
f 2600 2601 2333
f 3539 3540 3229
f 3540 3535 3536
f 2333 2100 2336
f 2100 2337 2336
f 2336 2600 2333
f 2604 2600 2336
f 2333 2601 2334
f 2604 2896 2600
f 2601 2602 2334
f 2601 2600 2897
f 2600 2898 2897
f 2896 2898 2600
f 2601 2897 2602
f 3226 3535 3534
f 3226 3536 3535
f 3229 3540 3541
f 2100 2333 2101
f 2899 2896 2604
f 2603 2334 2602
f 2898 2896 2908
f 3226 3534 3225
f 3534 3229 3225
f 3534 3539 3229
f 2333 2334 2096
f 2101 2333 2096
f 2605 2899 2604
f 2336 2605 2604
f 2603 2602 2613
f 2908 2614 2898
f 2897 2613 2602
f 3225 3229 2912
f 2912 2910 3225
f 3225 2910 3226
f 3226 3537 3536
f 3540 3849 3541
f 3536 3848 3540
f 3540 3848 3849
f 2101 2096 2099
f 2337 2100 2102
f 2337 2605 2336
f 2096 2334 2335
f 2334 2603 2335
f 2908 2909 2614
f 2898 2614 2897
f 2897 2614 2613
f 3229 2911 2912
f 3226 3227 3537
f 2100 2101 1876
f 2345 2613 2614
f 2909 2910 2614
f 2614 2615 2345
f 2911 2615 2614
f 2911 2614 2912
f 3229 3230 2911
f 3226 2910 3227
f 3229 3541 3230
f 3848 3536 3537
f 2606 2337 2338
f 2102 2100 1876
f 2605 2337 2606
f 2097 2096 2335
f 2605 2900 2899
f 3847 3845 3533
f 2900 2896 2899
f 3213 2896 2900
f 3213 2908 2896
f 2344 2603 2613
f 2345 2344 2613
f 2614 2910 2912
f 2911 3230 2913
f 1874 2099 2096
f 2101 2099 1876
f 2102 2338 2337
f 3221 3532 3533
f 3843 3847 3532
f 3221 3533 3531
f 3847 3533 3532
f 4171 3847 3843
f 3533 3845 3531
f 3845 3847 4173
f 4173 3847 4171
f 2603 2344 2335
f 2913 2615 2911
f 2615 2913 2914
f 3230 3231 2913
f 3541 3542 3230
f 3541 3849 3542
f 3849 3848 3542
f 2102 2104 2338
f 1878 2102 1876
f 3843 3532 3528
f 2097 2335 2109
f 2606 2901 2605
f 2901 2900 2605
f 3844 4171 3843
f 3531 3845 3846
f 2344 2111 2335
f 2909 3224 2910
f 2345 2615 2346
f 3224 3228 2910
f 3228 3227 2910
f 3228 3538 3227
f 3227 3538 3537
f 3230 3542 3231
f 3538 3542 3848
f 3537 3538 3848
f 2099 1874 1876
f 2096 2097 1873
f 3528 3529 3843
f 2097 2109 2098
f 2109 2335 2110
f 3839 3526 3531
f 3839 3531 3846
f 3223 2908 3213
f 2345 2346 2112
f 2615 2616 2346
f 2914 2616 2615
f 2913 3231 2914
f 2104 2102 1878
f 3528 3532 3222
f 3843 3529 3844
f 3222 3532 3221
f 3221 3531 3220
f 3220 3531 3526
f 2335 2111 2110
f 3840 3839 3846
f 2345 2112 2344
f 2914 3228 2915
f 2914 2915 2616
f 3228 3224 2915
f 3228 2914 3232
f 3228 3232 3538
f 2914 3231 3232
f 3232 3542 3538
f 1876 1874 1875
f 2338 2340 2606
f 2097 2098 1873
f 2606 2902 2901
f 3221 3220 2907
f 3844 4172 4171
f 3213 2900 3214
f 4173 4510 4174
f 3845 4173 4174
f 4175 3845 4174
f 3223 2909 2908
f 4164 3846 3845
f 4175 4164 3845
f 2346 2616 2347
f 3231 3542 3232
f 2103 2104 1878
f 1874 2096 1872
f 2096 1873 1872
f 2606 2340 2610
f 2606 2610 2902
f 3529 3530 3844
f 3220 2906 2907
f 2902 2900 2901
f 4171 4510 4173
f 3526 3839 3840
f 2111 2344 2112
f 2347 2112 2346
f 2616 2617 2347
f 2610 2340 2611
f 3222 3221 2907
f 2095 2109 1884
f 2098 2109 2095
f 3220 3526 3216
f 2906 3220 3216
f 3216 3526 3527
f 3215 2900 2902
f 3214 2900 3215
f 2109 1885 1884
f 2109 2110 1885
f 3841 3526 3840
f 4171 4172 4510
f 3840 3846 4164
f 4165 3840 4164
f 2616 2915 2617
f 2103 1878 1877
f 2104 2340 2338
f 1874 1872 1664
f 1873 2098 2095
f 3219 3529 3528
f 2095 1884 1871
f 3528 3222 3218
f 3529 3219 3530
f 2906 3216 2902
f 2610 2906 2902
f 3912 3844 3603
f 3526 3841 3527
f 3840 4165 3841
f 1885 2110 2111
f 4174 4510 4511
f 3223 3224 2909
f 4174 4511 4175
f 1875 1874 1664
f 1876 1875 1665
f 1884 1671 1871
f 1873 2095 1870
f 2903 2907 2610
f 2907 2906 2610
f 3844 3530 3603
f 2902 3216 3215
f 1672 1884 1885
f 3844 3912 4172
f 1887 1885 2111
f 2112 1887 2111
f 1877 1878 1665
f 2104 2339 2340
f 1878 1876 1665
f 1870 1871 1659
f 2095 1871 1870
f 3219 3528 3218
f 1671 1884 1672
f 2907 3217 3222
f 3216 3525 3215
f 3525 3216 3527
f 3233 3224 3223
f 4165 4164 4498
f 4511 4499 4175
f 2112 2113 1887
f 4175 4499 4164
f 2347 2348 2112
f 2347 2618 2348
f 2915 2916 2617
f 2347 2617 2618
f 2104 2103 2339
f 1871 1660 1659
f 1660 1871 1671
f 1662 1870 1659
f 1872 1873 1663
f 1663 1873 1870
f 2607 2611 2340
f 2903 2610 2611
f 2903 3217 2907
f 3218 3222 3217
f 1672 1885 1886
f 1886 1885 1887
f 3841 4165 4166
f 4165 4498 4166
f 4164 4500 4498
f 4500 4164 4499
f 1872 1663 1664
f 1870 1662 1663
f 3219 3295 3530
f 3215 3524 3214
f 3213 3214 3523
f 3527 3841 3842
f 2113 1888 1887
f 1660 1671 1661
f 1671 1672 1475
f 2903 2611 2607
f 3524 3215 3525
f 3214 3524 3523
f 4172 4233 4510
f 1886 1887 1673
f 4511 4510 4233
f 1673 1887 1888
f 2916 2915 3224
f 2112 2349 2113
f 2112 2348 2349
f 2618 2619 2348
f 1879 1877 1665
f 2103 1877 1879
f 2607 2340 2339
f 3219 3296 3295
f 3912 3603 3908
f 3912 3909 4172
f 3224 3233 2916
f 2618 2918 2619
f 4823 4499 4511
f 1466 1659 1660
f 1875 1664 1665
f 1661 1671 1475
f 2608 2903 2607
f 2903 2608 2904
f 2903 2904 3217
f 3218 3217 2904
f 3525 3527 3838
f 3842 3838 3527
f 3908 3909 3912
f 1672 1886 1673
f 3842 3841 4166
f 2350 2113 2349
f 2618 2917 2918
f 2617 2917 2618
f 2617 2916 2917
f 4500 4499 4823
f 2619 2918 2919
f 2348 2619 2620
f 2348 2620 2349
f 2619 2919 2920
f 2620 2619 2920
f 1660 1661 1466
f 1661 1475 1474
f 2339 2608 2607
f 2904 2905 3218
f 3219 3218 2905
f 2977 3219 2905
f 3296 3219 2977
f 3295 3296 2975
f 3525 3838 3524
f 1888 1889 1673
f 1888 2113 2114
f 2114 2113 2350
f 2349 2351 2350
f 4498 4500 4822
f 4511 4574 4823
f 2349 2620 2621
f 2103 1879 2105
f 1473 1661 1474
f 1466 1661 1473
f 2103 2105 2339
f 1468 1664 1663
f 3295 3601 3530
f 3601 3603 3530
f 1476 1475 1672
f 3213 3523 3235
f 3235 3223 3213
f 4172 3909 4233
f 1888 2115 1889
f 4500 4823 4822
f 2349 2621 2351
f 2917 2919 2918
f 2624 2919 2917
f 2919 2624 2920
f 2920 2621 2620
f 1468 1665 1664
f 3908 3603 3602
f 3602 3909 3908
f 1672 1673 1476
f 1673 1889 1674
f 3223 3235 3233
f 1888 2114 2115
f 2350 2351 2114
f 2916 3234 2917
f 4233 4574 4511
f 2621 2353 2351
f 2622 2353 2621
f 2624 2623 2920
f 2920 2623 2621
f 1468 1666 1665
f 1466 1467 1659
f 1662 1659 1467
f 2608 2339 2609
f 1476 1673 1674
f 3909 3602 3910
f 2115 2114 2352
f 2114 2351 2353
f 2917 3237 2921
f 3234 3237 2917
f 2917 2921 2624
f 2354 2623 2624
f 1473 1464 1466
f 1663 1662 1467
f 3295 3293 3601
f 1475 1476 1295
f 3293 3602 3603
f 3601 3293 3603
f 4163 3838 3842
f 4167 4163 3842
f 1674 1889 1890
f 3909 3910 4233
f 4233 3910 4234
f 2921 2922 2624
f 2624 2625 2354
f 4501 4498 4822
f 4234 4574 4233
f 2353 2354 2114
f 2353 2622 2354
f 4823 4574 4917
f 2354 2622 2623
f 2623 2622 2621
f 1468 1663 1467
f 2976 2975 3296
f 3295 2975 3293
f 1890 1889 2115
f 2116 1890 2115
f 2922 2625 2624
f 3235 2916 3233
f 3236 2916 3235
f 2625 2355 2354
f 2355 2352 2114
f 2114 2354 2355
f 4234 4575 4574
f 4823 4917 4822
f 1666 1667 1665
f 1879 1665 1667
f 1466 1289 1467
f 2608 2609 2904
f 2976 3296 2977
f 2975 2974 3293
f 3293 2974 3294
f 3602 3293 3294
f 3838 3837 3524
f 3838 4160 3837
f 3838 4163 4160
f 1674 1890 1675
f 2923 2625 2922
f 2921 3237 2922
f 3234 2916 3236
f 3237 3234 3236
f 4498 4501 4166
f 1287 1466 1464
f 2105 1879 1880
f 1473 1465 1464
f 1289 1466 1287
f 2339 2105 2341
f 2339 2341 2609
f 2609 2905 2904
f 3294 2974 2978
f 3524 3837 3523
f 1674 1675 1476
f 2626 2627 2355
f 2625 2626 2355
f 2352 2356 2115
f 3910 4235 4234
f 4917 4824 4822
f 4575 4917 4574
f 1465 1473 1294
f 1467 1289 1290
f 2612 2609 2341
f 1294 1473 1474
f 1474 1475 1294
f 2682 2975 2976
f 2974 2975 2682
f 3294 3604 3602
f 3837 3543 3523
f 1676 1476 1675
f 3602 3911 3910
f 1890 1891 1675
f 2924 2626 2625
f 2923 2924 2625
f 3237 3238 2922
f 2356 2116 2115
f 2627 2356 2355
f 2356 2352 2355
f 4234 4576 4575
f 1464 1286 1287
f 2106 2105 1880
f 1667 1666 1468
f 3523 3543 3235
f 2923 2922 3239
f 3238 3237 3236
f 2357 2116 2356
f 4576 4577 4918
f 4576 4918 4575
f 4824 4501 4822
f 4917 4918 4824
f 4918 4917 4575
f 1880 1879 1667
f 1286 1464 1465
f 2341 2105 2106
f 1468 1467 1290
f 2978 3297 3294
f 4160 4163 4167
f 2923 3240 2924
f 3239 2922 3238
f 4576 4234 4235
f 1286 1465 1288
f 1667 1468 1469
f 3297 3604 3294
f 1295 1476 1477
f 4161 4160 4167
f 4161 3837 4160
f 3850 3543 3837
f 3602 3604 3911
f 4168 3842 4166
f 2923 3239 3240
f 2924 2925 2626
f 2358 2116 2357
f 4166 4501 4502
f 1668 1667 1470
f 2609 2612 2905
f 1294 1475 1295
f 1476 1676 1677
f 3235 3544 3236
f 4502 4168 4166
f 1890 2117 1891
f 1890 2116 2117
f 3238 3236 3544
f 2356 2628 2357
f 2628 2356 2627
f 1290 1469 1468
f 1465 1293 1288
f 1465 1294 1293
f 2905 2612 2683
f 2905 2683 2977
f 2978 2974 2684
f 2979 3297 2978
f 1477 1476 1677
f 3240 3241 2924
f 3240 3239 3548
f 1676 1675 1891
f 3911 4236 3910
f 2626 2628 2627
f 3910 4236 4235
f 2628 2358 2357
f 1470 1667 1469
f 2978 2684 2979
f 3297 3298 3604
f 4161 4167 4495
f 3911 3604 3605
f 3235 3543 3545
f 2924 3241 2925
f 1892 1677 1676
f 3546 3235 3545
f 1676 1891 1892
f 3546 3544 3235
f 2628 2629 2358
f 4236 4577 4576
f 4235 4236 4576
f 1881 1880 1668
f 1880 1881 2106
f 1286 1135 1287
f 2598 2612 2341
f 2681 2974 2682
f 2684 2974 2681
f 2682 2976 2683
f 3297 2979 3298
f 4169 4167 3842
f 4170 3842 4168
f 3240 3548 3241
f 2626 2926 2628
f 2358 2117 2116
f 4501 4824 4825
f 1880 1667 1668
f 1135 1286 1288
f 1143 1288 1293
f 1293 1294 1144
f 2976 2977 2683
f 4495 4162 4161
f 4161 4162 3837
f 2926 2626 2925
f 3605 3913 3911
f 3238 3547 3239
f 3911 3913 4236
f 2926 2629 2628
f 4237 4577 4236
f 4502 4501 4504
f 4826 4501 4825
f 4824 4918 4825
f 1289 1287 1135
f 1469 1290 1291
f 2681 2682 2409
f 2979 2684 2980
f 2980 3298 2979
f 3850 3837 3852
f 3242 2925 3241
f 3239 3549 3548
f 1677 1892 1893
f 4504 4168 4502
f 3544 3547 3238
f 2117 2358 2359
f 2358 2629 2359
f 4504 4501 4826
f 4577 4578 4918
f 4825 4918 4919
f 2598 2341 2342
f 2409 2682 2683
f 1144 1294 1295
f 3298 3301 3604
f 1477 1296 1295
f 4495 4496 4162
f 3842 4170 4169
f 3543 3851 3545
f 3239 3547 3549
f 1892 1891 2117
f 2118 1892 2117
f 3544 3853 3547
f 3853 3544 3546
f 1289 1138 1290
f 2106 2342 2341
f 1143 1293 1144
f 2683 2612 2598
f 4167 4169 4503
f 3242 3241 3548
f 3549 3860 3548
f 4238 4577 4237
f 4238 4578 4577
f 4578 4919 4918
f 4827 4826 4825
f 1135 1288 1142
f 1288 1143 1142
f 2342 2106 2107
f 1291 1290 1138
f 2681 2411 2684
f 4496 4495 4167
f 3604 3301 3302
f 3604 3302 3605
f 3545 3851 3854
f 2925 2927 2926
f 2927 2925 3242
f 3548 3860 3550
f 1892 2118 1893
f 3853 3856 3547
f 3914 3913 3605
f 2118 2117 2360
f 3913 4237 4236
f 2361 2360 2117
f 2117 2359 2361
f 2359 2630 2361
f 2359 2631 2630
f 2631 2359 2632
f 2632 2359 2629
f 4825 4919 4920
f 1881 1668 1669
f 1289 1135 1137
f 2681 2409 2411
f 1144 1295 1145
f 2980 3299 3298
f 4496 4497 4162
f 4162 3852 3837
f 3543 3850 3852
f 3545 3854 3546
f 3854 3855 3546
f 2926 2927 2629
f 3546 3855 3853
f 4168 4504 4505
f 1893 1894 1678
f 3915 4237 3913
f 4504 4826 4827
f 4827 4825 4920
f 1881 1882 2106
f 1135 1142 1136
f 2106 1882 2107
f 1470 1469 1291
f 2598 2599 2683
f 2685 2684 2411
f 2684 2685 2980
f 1295 1296 1145
f 3242 3548 3550
f 3547 3857 3549
f 4848 5207 4847
f 1678 1677 1893
f 2118 1894 1893
f 2629 2927 2632
f 3547 3856 3858
f 4850 4847 5207
f 3608 3913 3914
f 4847 4850 4521
f 4237 3915 4238
f 4578 4920 4919
f 1003 1143 1144
f 1144 1145 1003
f 2683 2599 2410
f 3299 3300 3301
f 3298 3299 3301
f 4503 4496 4167
f 1677 1678 1477
f 3243 3242 3550
f 5207 4848 5208
f 3861 3860 3549
f 3605 3606 3607
f 3605 3607 3914
f 3547 3859 3857
f 3547 3858 3859
f 3853 3855 3856
f 4521 4520 4847
f 4520 4519 4847
f 5211 5207 5208
f 4850 5207 5211
f 3608 3914 3607
f 1678 1894 1895
f 4921 4578 4579
f 4578 4921 4920
f 4238 4240 4578
f 1669 1668 1471
f 1882 1881 1669
f 1471 1668 1470
f 1138 1289 1137
f 2409 2683 2410
f 4496 4818 4497
f 3851 3543 3852
f 3302 3606 3605
f 2927 3242 3243
f 3854 4179 3855
f 5208 4848 5209
f 4170 4168 4505
f 3549 3857 3861
f 4179 4182 3855
f 4519 4848 4847
f 5211 5208 5547
f 2927 2928 2632
f 4505 4504 4828
f 3608 3915 3913
f 1894 2119 1895
f 2118 2119 1894
f 2360 2361 2633
f 4239 4579 4578
f 4240 4239 4578
f 2634 2630 2631
f 2632 2634 2631
f 4828 4827 4920
f 1002 1143 1003
f 2685 2411 2678
f 2409 2410 2154
f 2685 2973 2980
f 3300 2983 3301
f 4819 4497 4818
f 4176 3851 3852
f 4176 3854 3851
f 5547 5208 5209
f 3550 3860 3862
f 4849 5209 4848
f 3860 3861 3862
f 4179 4515 4182
f 5547 5549 5211
f 4519 4182 4515
f 4182 4183 3855
f 3855 4183 3856
f 4520 4182 4519
f 4182 4520 4183
f 4521 4183 4520
f 4522 4183 4521
f 2118 2360 2362
f 4521 4850 4522
f 3916 4238 3915
f 4504 4827 4828
f 2361 2630 2633
f 2634 2633 2630
f 4828 4920 4921
f 1292 1470 1291
f 1136 1142 1001
f 1135 1136 997
f 1142 1143 1002
f 2598 2342 2331
f 2331 2599 2598
f 2411 2409 2154
f 2685 2678 2973
f 1146 1145 1296
f 4818 4496 4503
f 4179 3854 4180
f 3243 3550 3551
f 5209 5548 5547
f 5547 5548 5855
f 2927 3243 3244
f 5209 4849 5210
f 4849 4848 4519
f 2362 2360 2633
f 2928 2636 2632
f 2636 2634 2632
f 1670 1669 1471
f 1669 1883 1882
f 1135 997 1137
f 3300 3299 2982
f 1146 1296 1297
f 1296 1477 1478
f 3301 2983 3302
f 4162 4497 4177
f 4162 4177 3852
f 3854 4176 4181
f 4180 4516 4179
f 4179 4516 4515
f 4515 4843 4519
f 4849 4519 4843
f 4829 4505 4828
f 3858 4184 3859
f 3858 3856 4184
f 5211 4851 4850
f 2362 2363 2118
f 4239 4240 3916
f 4828 4921 5181
f 4579 4922 4921
f 4921 4922 5181
f 1883 2094 1882
f 1292 1471 1470
f 997 1136 1001
f 1001 1142 1002
f 2678 2411 2406
f 1003 1145 1004
f 2973 2981 2980
f 2981 3299 2980
f 4820 4497 4819
f 3854 4181 4180
f 5209 5210 5203
f 5548 5209 5541
f 5209 5203 5541
f 1477 1678 1679
f 3551 3552 3243
f 3550 3862 3551
f 3302 3303 3606
f 3245 2927 3244
f 5855 5549 5547
f 2927 3245 2928
f 3857 3859 4184
f 5211 5212 4851
f 4186 3857 3859
f 3859 4186 3857
f 3856 4185 4184
f 4185 3856 4183
f 1896 1678 1895
f 2118 2364 2119
f 2363 2364 2118
f 2362 2633 2634
f 4851 4522 4850
f 4238 3916 4240
f 4579 4580 4922
f 4580 4579 4239
f 1669 1670 1883
f 2094 2108 1882
f 1882 2108 2107
f 2342 2107 2108
f 2154 2406 2411
f 1297 1296 1478
f 2982 2983 3300
f 4818 4503 4506
f 4169 4506 4503
f 4507 4169 4170
f 4181 4176 4178
f 5210 5202 5203
f 5541 5855 5548
f 4515 4516 4843
f 5202 5210 5201
f 5210 4849 5201
f 3862 3861 4187
f 3857 4184 3861
f 3303 3607 3606
f 2635 2363 2362
f 4183 4522 4185
f 3608 3916 3915
f 1895 2119 1896
f 2362 2634 2636
f 4186 4524 4525
f 1291 1138 1139
f 1002 1003 864
f 2678 2406 2679
f 3299 2981 2982
f 4819 5177 4820
f 4506 4169 4507
f 4178 3852 4177
f 3302 2983 2984
f 4178 4176 3852
f 1478 1477 1679
f 5541 5203 5542
f 5541 5856 5855
f 4843 4516 4844
f 3552 3244 3243
f 4843 4844 5201
f 1679 1678 1896
f 4843 5201 4849
f 3861 4188 4187
f 4184 4188 3861
f 4184 4185 4188
f 4828 5182 4829
f 3303 3608 3607
f 2362 2637 2635
f 2362 2636 2638
f 2928 2929 2636
f 4186 4525 4526
f 4239 4241 4580
f 3916 4241 4239
f 4828 5181 5183
f 1001 1002 864
f 1004 864 1003
f 2108 2343 2342
f 2973 2678 2680
f 1145 1146 1004
f 4820 4821 4497
f 4512 4497 4821
f 4497 4512 4177
f 1679 1479 1478
f 5202 4844 5203
f 4170 4505 4508
f 4844 5202 5201
f 4189 3862 4187
f 5211 5549 5212
f 2929 2928 3245
f 4527 4187 4188
f 2638 2636 2929
f 4527 4526 4187
f 4526 4524 4186
f 4526 4525 4187
f 3608 3917 3916
f 4922 5282 5181
f 1292 1291 1139
f 2342 2343 2331
f 1004 1146 1005
f 2686 2981 2973
f 5177 4819 4818
f 4507 4170 4509
f 4181 4517 4180
f 4517 4518 4180
f 4516 4180 4518
f 4844 5204 5203
f 5542 5856 5541
f 3862 3863 3551
f 5550 5549 5855
f 3862 4189 4190
f 2638 2637 2362
f 2363 2639 2364
f 2363 2640 2639
f 4526 4527 4524
f 4851 5212 5213
f 4828 5183 5182
f 4241 4242 4580
f 3610 3917 3608
f 1896 2119 1897
f 4524 4855 4525
f 4581 4922 4580
f 5181 5282 5183
f 860 1001 864
f 2331 2332 2599
f 2332 2410 2599
f 1147 1146 1297
f 5177 5178 4820
f 4845 5204 4844
f 5203 5204 5542
f 4844 4516 4518
f 3862 4190 3863
f 5549 5550 5212
f 3245 3246 2929
f 2638 2929 2931
f 4528 4527 4188
f 4188 4529 4528
f 4185 4523 4188
f 4187 4525 4189
f 4527 4528 4524
f 4523 4185 4522
f 5182 5183 5188
f 3916 3917 4241
f 4241 3917 4242
f 4856 4855 4524
f 4522 4851 4852
f 4923 4922 4581
f 4922 4923 5282
f 1670 1867 1883
f 861 998 1001
f 997 1001 998
f 2094 2327 2108
f 1138 1137 999
f 2973 2680 2686
f 2981 2687 2982
f 4506 4830 4818
f 4830 5177 4818
f 4178 4514 4181
f 4514 4517 4181
f 4844 4518 4845
f 5204 5543 5542
f 5542 5543 5856
f 2984 3303 3302
f 3553 3551 3863
f 4508 4505 4829
f 2635 2637 2641
f 4188 4523 4529
f 3303 3609 3608
f 2363 2641 2640
f 2363 2635 2641
f 4525 4530 4189
f 4857 4524 4528
f 2365 2119 2364
f 5282 5525 5183
f 1867 2094 1883
f 860 861 1001
f 1137 997 999
f 2108 2327 2343
f 2679 2680 2678
f 4820 5178 5179
f 5179 4821 4820
f 5177 4830 5178
f 4518 4517 4514
f 4170 4508 4509
f 3552 3553 3244
f 3551 3553 3552
f 4832 4829 5182
f 3244 3554 3245
f 1680 1679 1896
f 2637 2930 2641
f 2929 3246 2931
f 4531 4190 4189
f 3608 3609 3610
f 2364 2642 2365
f 4530 4531 4189
f 4859 4857 4528
f 4852 4523 4522
f 4525 4858 4530
f 4524 4857 4856
f 5188 5183 5525
f 5282 5612 5525
f 1138 999 1139
f 1005 1146 1006
f 2688 2982 2687
f 4513 4178 4177
f 4514 4842 4518
f 4846 4845 4518
f 4846 4518 4842
f 5204 5544 5543
f 3244 3553 3554
f 4190 4532 4191
f 4532 4190 4531
f 3555 3246 3245
f 4531 4862 4532
f 2642 2364 2639
f 4528 4860 4859
f 4859 4860 4862
f 4528 4529 4860
f 4530 4862 4531
f 4859 4862 4530
f 2120 2119 2365
f 3918 3917 3610
f 1896 1897 1680
f 2120 1897 2119
f 4858 4525 4855
f 4851 5213 4852
f 4580 4243 4581
f 5283 5282 4923
f 1867 1670 1657
f 1472 1471 1292
f 2343 2327 2328
f 2332 2331 2093
f 2155 2410 2332
f 2154 2410 2155
f 1004 1005 865
f 2680 2416 2686
f 2686 2416 2415
f 2687 2981 2686
f 2688 2983 2982
f 4513 4514 4178
f 5205 5544 5204
f 5543 5544 5857
f 5858 5856 5543
f 3863 4191 3864
f 5856 5858 5855
f 4191 3863 4190
f 1680 1479 1679
f 2638 2930 2637
f 2638 2931 2932
f 2932 2931 3248
f 3248 2931 3246
f 3609 3303 3304
f 4858 4857 4859
f 4855 4857 4858
f 4857 4855 4856
f 4242 4243 4580
f 4242 3917 4243
f 5282 5283 5612
f 1670 1471 1472
f 1657 1670 1472
f 860 864 862
f 855 997 998
f 2594 2343 2328
f 2331 2343 2594
f 2406 2154 2153
f 2686 2412 2687
f 5178 4830 5184
f 4512 4513 4177
f 5860 5857 5544
f 5859 5857 5860
f 5859 5543 5857
f 5543 5859 5858
f 4829 4832 4508
f 2984 3304 3303
f 2638 2933 2930
f 3245 3554 3555
f 4832 5182 5188
f 4862 4860 4532
f 4853 4523 4852
f 5212 5551 5213
f 4530 4858 4859
f 3917 3918 4243
f 5612 5844 5525
f 5613 5844 5612
f 5612 5283 5613
f 4923 4924 5283
f 1867 1868 2094
f 2090 2094 1868
f 2327 2094 2090
f 860 718 861
f 721 862 864
f 1140 1139 999
f 2597 2330 2594
f 2330 2331 2594
f 721 864 865
f 864 1004 865
f 2328 2595 2594
f 2679 2406 2407
f 2679 2407 2680
f 5204 4845 5205
f 5205 5545 5544
f 5861 5860 5544
f 3863 3864 3553
f 5858 5550 5855
f 2638 2932 2933
f 2930 2936 2641
f 3249 2932 3248
f 5212 5552 5551
f 3305 3609 3304
f 4523 4853 4854
f 3918 3610 3919
f 4852 5214 5215
f 5188 5525 5527
f 4581 4924 4923
f 860 862 718
f 1139 1140 1292
f 855 999 997
f 2328 2329 2595
f 2329 2596 2595
f 2595 2597 2594
f 2595 2596 2597
f 2406 2153 2407
f 2153 2154 1940
f 2680 2407 2416
f 2596 2895 2595
f 2415 2412 2686
f 1146 1147 1006
f 5179 5178 5184
f 4838 4512 4821
f 5205 4845 5206
f 4845 4846 5206
f 3553 3864 3865
f 5861 5859 5860
f 1681 1479 1680
f 5212 5550 5552
f 2640 2934 2639
f 4529 4523 4854
f 2366 2365 2642
f 4529 4861 4860
f 4854 4861 4529
f 1897 1681 1680
f 4852 5213 5214
f 4581 4243 4582
f 5525 5844 5845
f 1657 1868 1867
f 2090 2328 2327
f 2154 2155 1940
f 2596 2895 2595
f 2412 2413 2687
f 5179 5180 4821
f 5180 4838 4821
f 1479 1298 1478
f 4508 4832 4833
f 5859 5861 5858
f 4191 4192 3864
f 2933 3247 2930
f 3554 3553 3866
f 3554 3866 3555
f 4191 4533 4192
f 4533 4191 4532
f 4860 4533 4532
f 5189 5188 5527
f 2639 2934 2642
f 3246 3249 3248
f 3610 3609 3305
f 3611 3610 3305
f 2366 2120 2365
f 2935 2640 2641
f 3920 3919 3610
f 4853 4852 5215
f 5553 5214 5213
f 5213 5551 5553
f 4244 3918 3919
f 4581 4582 4924
f 5613 5614 5844
f 1292 1449 1472
f 1285 1292 1140
f 998 861 863
f 2597 2329 2330
f 2329 2597 2596
f 5179 5184 5524
f 2413 2688 2687
f 2688 2689 2983
f 4840 4514 4513
f 5545 5862 5544
f 5544 5862 5861
f 3866 3553 3867
f 3867 3553 3865
f 4192 3865 3864
f 4832 5188 5189
f 2985 3304 2984
f 3249 3250 2932
f 2645 2641 2936
f 3246 3555 3556
f 4533 4860 4861
f 3304 2985 3305
f 5552 5553 5551
f 4853 5215 5216
f 1897 1898 1681
f 1897 2120 1898
f 5215 5214 5554
f 5845 5527 5525
f 3918 4244 4243
f 4582 4925 4924
f 5613 5283 5614
f 2090 2329 2328
f 719 718 862
f 998 856 855
f 2155 2332 2156
f 1005 1006 867
f 4838 4839 4512
f 4514 4840 4842
f 4842 5197 4846
f 5206 5546 5205
f 5546 5545 5205
f 2983 2690 2984
f 5550 5858 5861
f 4832 5189 5190
f 2932 3250 2933
f 3866 3558 3559
f 3250 3249 3556
f 3556 3555 3559
f 3866 3559 3555
f 2641 2645 2935
f 5528 5189 5527
f 2642 2643 2366
f 2642 2934 2643
f 3556 3249 3246
f 2646 2934 2640
f 2646 2640 2935
f 5217 4861 4854
f 4853 5217 4854
f 4853 5216 5217
f 5217 5218 4861
f 4245 4244 3919
f 1898 1899 1681
f 5554 5216 5215
f 5527 5845 5846
f 4243 4244 4582
f 5844 5614 5845
f 5283 4924 5284
f 1869 2090 1868
f 2330 2329 2092
f 866 865 1005
f 867 866 1005
f 2415 2416 2160
f 5179 5524 5180
f 5524 5184 5185
f 4831 4830 4506
f 4506 4507 4831
f 5197 4842 4840
f 5197 5206 4846
f 3865 3868 3867
f 4833 4832 5190
f 3250 3558 3557
f 3251 3250 3557
f 3557 3558 3867
f 3867 3558 3866
f 2933 3251 3247
f 2690 2985 2984
f 2936 2930 3247
f 2933 3250 3251
f 3558 3250 3559
f 4533 4534 4192
f 1479 1681 1480
f 3559 3250 3556
f 5550 5863 5552
f 4533 4861 4863
f 5556 5217 5557
f 2366 2643 2367
f 2366 2121 2120
f 5216 5555 5217
f 5557 5217 5555
f 5552 5864 5553
f 3919 4246 4245
f 5555 5216 5554
f 4582 4244 4583
f 4582 4583 4925
f 1657 1658 1868
f 1657 1472 1463
f 1141 1285 1140
f 1140 999 1000
f 2330 2092 2331
f 865 866 721
f 2407 2153 2408
f 2416 2407 2162
f 2407 2408 2162
f 5184 4830 5185
f 5185 4830 4831
f 4839 4513 4512
f 4507 4509 4831
f 4508 4834 4509
f 2983 2689 2690
f 3557 3867 3868
f 3560 3557 3868
f 3865 4192 3868
f 5550 5861 5862
f 5552 5865 5864
f 2935 2645 2646
f 5219 4863 4861
f 2366 2367 2121
f 5218 5219 4861
f 3921 3920 3610
f 3610 3611 3921
f 1898 2120 2121
f 5864 5557 5553
f 5555 5553 5557
f 5553 5555 5214
f 5214 5555 5554
f 5614 5615 5920
f 5615 5614 5283
f 4924 4926 5284
f 5283 5284 5615
f 1449 1463 1472
f 1868 1658 1869
f 1449 1292 1285
f 856 998 863
f 2329 2091 2092
f 2153 1940 1939
f 2413 2414 2688
f 5195 4838 5180
f 1147 1297 1149
f 2688 2414 2689
f 4841 4513 4839
f 4508 4835 4834
f 5862 5545 5546
f 4508 4833 4835
f 3251 3557 3247
f 4192 4534 4193
f 4533 4864 4534
f 4863 4864 4533
f 5863 5865 5552
f 5556 5219 5217
f 5219 5218 5217
f 5557 5865 5556
f 5557 5864 5865
f 2644 2934 2646
f 5527 5846 5847
f 3306 3611 3305
f 3920 4246 3919
f 4584 4244 4245
f 1681 1899 1682
f 1898 2121 1899
f 5845 5920 5846
f 5920 5845 5614
f 4924 4925 4926
f 1657 1463 1658
f 2090 2091 2329
f 857 999 855
f 2155 2156 1940
f 2153 2157 2408
f 2160 2416 2162
f 5526 5532 5524
f 5195 5524 5532
f 5524 5185 5526
f 5524 5195 5180
f 4513 4841 4840
f 1478 1298 1297
f 4836 4509 4834
f 5536 5546 5206
f 5546 5852 5862
f 3868 3869 3560
f 4193 3868 4192
f 1480 1298 1479
f 2937 2645 2936
f 2938 2645 2937
f 5556 5866 5867
f 5865 5866 5556
f 2643 2368 2367
f 2934 2644 2643
f 2645 2369 2646
f 2646 2369 2644
f 3920 3921 4246
f 3305 2985 3306
f 1899 1900 1682
f 4244 4584 4583
f 999 857 1000
f 1140 1000 1141
f 863 861 718
f 2156 2332 2093
f 1147 1148 1006
f 5196 4838 5195
f 5196 4839 4838
f 4837 4831 4509
f 4837 4509 4836
f 5197 5536 5206
f 5537 5546 5536
f 4835 4833 5190
f 3247 3252 2936
f 3557 3252 3247
f 3868 4193 4194
f 5550 5862 5863
f 5556 5867 5558
f 5847 5528 5527
f 2369 2645 2647
f 4863 5219 4864
f 2643 2644 2368
f 3921 4247 4246
f 4245 4585 4584
f 4246 4585 4245
f 3611 3612 3921
f 3306 3612 3611
f 6153 6154 5846
f 5921 6153 5846
f 5921 5846 5920
f 4583 4926 4925
f 866 722 721
f 2157 2153 1942
f 2408 2157 2161
f 2160 2412 2415
f 2412 2159 2413
f 5195 5532 5533
f 5198 4840 4841
f 5536 5197 5198
f 5198 5197 4840
f 5546 5537 5852
f 5852 6159 5862
f 5190 5189 5528
f 3560 3252 3557
f 2937 2936 3252
f 2647 2645 2938
f 4534 4864 4865
f 5558 5219 5556
f 2644 2369 2368
f 4246 4247 4585
f 2985 3307 3306
f 6155 5847 5846
f 4584 4585 4928
f 1681 1682 1480
f 2121 1900 1899
f 5846 6154 6155
f 1682 1683 1480
f 1683 1682 1900
f 1463 1656 1658
f 1658 1859 1869
f 1859 2090 1869
f 1865 2091 2090
f 2092 2093 2331
f 1939 1940 1725
f 2153 1939 1942
f 2162 2408 2161
f 5526 5264 5532
f 5532 5264 5263
f 5185 5186 5526
f 2414 2413 2159
f 5533 5196 5195
f 4841 4839 5196
f 5852 5537 5853
f 5852 5853 6160
f 5852 6160 6159
f 3560 3561 3252
f 3253 2938 2937
f 5866 5868 5867
f 5847 5848 5528
f 5558 5220 5219
f 2367 2368 2122
f 4585 4247 4586
f 3921 3922 4247
f 3612 3922 3921
f 2121 1903 1900
f 6430 6155 6154
f 1901 1900 1903
f 6214 6430 6153
f 6154 6153 6430
f 3612 3306 3613
f 3306 3307 3613
f 1900 1901 1683
f 4584 4927 4583
f 5616 5921 5920
f 4926 4583 4927
f 5920 5615 5616
f 1463 1449 1284
f 855 856 714
f 721 719 862
f 2161 2157 2158
f 2156 1941 1940
f 2157 1942 2158
f 2161 1948 2162
f 2162 1948 2160
f 868 867 1006
f 5526 5258 5264
f 5526 5186 5258
f 5532 5263 5533
f 5263 5599 5533
f 4835 4836 4834
f 5198 5537 5536
f 1150 1297 1298
f 5537 5538 5853
f 6159 6162 5862
f 5190 5528 5529
f 3560 3869 3561
f 3868 4194 3869
f 6162 5863 5862
f 5867 5868 5558
f 2985 2690 2986
f 4864 5219 5220
f 5865 6163 5866
f 6163 5865 5863
f 2370 2369 2647
f 2369 2123 2368
f 5847 6155 5848
f 2122 2121 2367
f 4585 4586 4929
f 2121 2122 1903
f 4930 4928 4585
f 6153 5922 6214
f 3613 3922 3612
f 1684 1480 1683
f 4928 4927 4584
f 5921 5922 6153
f 1902 1683 1901
f 5285 4926 4927
f 5284 5285 5615
f 4926 5285 5284
f 1658 1656 1859
f 1284 1449 1275
f 1859 1865 2090
f 718 719 618
f 722 866 867
f 2160 2159 2412
f 5533 5599 5534
f 5534 5196 5533
f 4836 5194 4837
f 5194 4836 5191
f 5191 4836 4835
f 5198 5538 5537
f 1297 1150 1149
f 5848 5529 5528
f 4535 4193 4534
f 4534 4866 4535
f 5863 6162 6164
f 5866 6163 5868
f 5863 6164 6163
f 2938 2939 2647
f 3253 2939 2938
f 4534 4865 4866
f 1299 1298 1480
f 4864 5221 4865
f 2986 3307 2985
f 4247 4248 4586
f 4247 3922 4248
f 5922 6215 6214
f 3923 3922 3614
f 4928 5286 4927
f 3922 3613 3614
f 5921 5617 5922
f 1683 1902 1684
f 5615 5285 5616
f 1285 1275 1449
f 718 618 720
f 863 718 859
f 2156 2093 1944
f 2161 1953 1948
f 5185 4831 5186
f 1147 1149 1148
f 4841 5196 5199
f 4841 5200 5198
f 5200 5538 5198
f 6435 6162 6159
f 3561 3869 3870
f 4194 3870 3869
f 4193 4536 4194
f 4536 4193 4537
f 4537 4193 4535
f 2123 2369 2370
f 4929 4933 4931
f 2123 2122 2368
f 4929 4931 4585
f 4929 4586 4587
f 4585 4931 4930
f 4586 4248 4587
f 4928 4930 5287
f 4930 4931 5287
f 3922 4249 4248
f 3922 3923 4249
f 1685 1480 1684
f 4928 5287 5286
f 5923 5922 5617
f 3307 3614 3613
f 1684 1902 1685
f 5285 4927 5286
f 5921 5616 5617
f 1462 1463 1284
f 1656 1463 1462
f 1865 1859 1860
f 857 855 714
f 719 721 619
f 2156 1944 1941
f 2158 1942 1943
f 2161 2158 1954
f 2161 1954 1953
f 1006 1148 1007
f 4902 5263 5264
f 5259 4902 5264
f 5258 5259 5264
f 5186 4831 5187
f 5187 4831 4837
f 1148 1149 1008
f 4835 5192 5191
f 5853 6161 6160
f 1299 1150 1298
f 6436 6159 6160
f 5529 5848 5530
f 3252 3254 2937
f 6162 6435 6164
f 6164 6165 6163
f 6165 6164 6435
f 5848 6155 5849
f 2647 2648 2370
f 2647 2939 2648
f 4866 4865 5222
f 4589 4933 4929
f 2123 2370 2124
f 4933 5288 4931
f 4587 4589 4929
f 6214 6215 6431
f 6214 6431 6430
f 6156 6155 6430
f 4587 4248 4249
f 5289 5287 4931
f 5922 6216 6215
f 6216 5922 5923
f 5287 5620 5286
f 1685 1902 1686
f 3614 3307 3615
f 1901 1686 1902
f 5617 5618 5923
f 5616 5285 5617
f 5617 5285 5618
f 857 858 1000
f 1134 1141 1000
f 1285 1141 1134
f 856 863 859
f 2091 1861 2092
f 2158 1943 1954
f 4837 5194 5187
f 5196 5535 5199
f 5199 5200 4841
f 5191 5267 5194
f 2689 2414 2418
f 5538 5539 5853
f 5192 4835 5193
f 4835 5190 5193
f 5193 5190 5529
f 6436 6160 6161
f 6435 6159 6437
f 3561 3254 3252
f 3561 3562 3254
f 3870 3562 3561
f 4195 4194 4536
f 2937 3255 3253
f 2937 3256 3255
f 4866 4867 4535
f 6163 5869 5868
f 4933 4589 4932
f 4864 5220 5221
f 5220 5223 5221
f 2123 2124 1904
f 4865 5221 5222
f 5849 6155 6156
f 5288 5290 4931
f 6431 6156 6430
f 5290 5289 4931
f 1480 1685 1481
f 1686 1901 1903
f 3923 4250 4249
f 3923 3614 3924
f 3614 3615 3924
f 1284 1283 1462
f 1134 1275 1285
f 996 1000 858
f 1865 1861 2091
f 2093 2092 1861
f 1944 2093 1861
f 619 721 722
f 1725 1940 1941
f 1942 1939 1726
f 1948 1953 1946
f 1947 2159 2160
f 868 1006 1007
f 5263 5261 5599
f 4902 5261 5263
f 2159 2163 2414
f 5196 5534 5535
f 5187 5194 5265
f 5267 5191 5192
f 5200 5539 5538
f 2690 2689 2418
f 6437 6159 6436
f 4536 4537 4195
f 4537 4535 4538
f 3256 2937 3254
f 5220 5558 5223
f 5868 5869 5558
f 5558 5869 5560
f 4588 4932 4589
f 4867 4866 5222
f 5869 6163 6165
f 4933 5291 5288
f 4251 4588 4589
f 3255 2939 3253
f 4589 4587 4251
f 2123 1904 2122
f 4250 4251 4587
f 6431 6215 6476
f 4249 4250 4587
f 1299 1480 1481
f 6215 6216 6476
f 2122 1904 1903
f 3923 3924 4250
f 5289 5620 5287
f 1685 1686 1481
f 5285 5619 5618
f 5286 5619 5285
f 5620 5621 5286
f 1134 1000 996
f 619 618 719
f 1942 1726 1943
f 1948 1947 2160
f 1949 2159 1947
f 5258 5186 5187
f 1148 1008 1007
f 5194 5267 5265
f 2414 2417 2418
f 5539 5854 5853
f 5853 5854 6161
f 5530 5193 5529
f 5848 5849 5530
f 4535 4867 4538
f 5291 4933 4932
f 5558 5225 5223
f 4252 4588 4251
f 6431 6476 6432
f 3925 4251 4250
f 3926 4251 3925
f 1686 1903 1904
f 1482 1299 1481
f 6216 6217 6476
f 5289 5624 5620
f 5923 6217 6216
f 5286 5622 5619
f 5622 5286 5621
f 5618 5619 5924
f 5923 5618 5925
f 1656 1462 1645
f 1656 1645 1859
f 858 857 714
f 859 718 720
f 4902 4901 5261
f 2163 2159 1949
f 5599 5600 5534
f 2163 2417 2414
f 5539 5609 5854
f 6212 6436 6161
f 6438 6437 6436
f 5291 4932 4934
f 3562 3563 3254
f 4194 4195 3870
f 6437 6166 6435
f 6166 6165 6435
f 5222 5221 4868
f 5291 5293 5288
f 3926 4252 4251
f 2370 2371 2124
f 6432 6156 6431
f 3617 3926 3618
f 3926 3925 3618
f 2986 3308 3307
f 5289 5290 5625
f 3616 3618 3925
f 5624 5289 5625
f 4250 3924 3925
f 1687 1482 1686
f 1482 1481 1686
f 5624 5621 5620
f 5618 5924 5925
f 1462 1283 1451
f 714 850 858
f 1121 1134 996
f 1941 1944 1727
f 1733 1947 1948
f 5187 5265 5260
f 1008 1149 1150
f 5854 5917 6161
f 6212 6161 5917
f 4934 4932 4590
f 3562 3870 3565
f 4590 4932 4588
f 4588 4253 4590
f 3256 3254 3564
f 4588 4252 4253
f 4867 5222 4868
f 5560 5225 5558
f 6165 6166 5869
f 3927 3926 3617
f 3926 3927 4252
f 3256 3564 3255
f 3617 3618 3308
f 1904 1905 1686
f 1905 1906 1686
f 3308 3616 3307
f 3307 3616 3615
f 5925 6217 5923
f 3925 3924 3616
f 3616 3924 3615
f 5926 5619 5622
f 5621 5624 5622
f 5925 5924 6218
f 1462 1451 1645
f 1726 1939 1725
f 722 867 723
f 5258 4898 5259
f 5258 5187 4898
f 5260 4898 5187
f 5534 5600 5535
f 5267 5266 5265
f 5535 5200 5199
f 5267 5192 5268
f 5200 5540 5539
f 5268 5192 5193
f 4195 4196 3871
f 4537 4196 4195
f 4537 4538 4196
f 4195 3871 3870
f 4867 4868 4538
f 6167 6166 6437
f 5869 5870 5560
f 6167 5869 6166
f 3619 3927 3617
f 4868 5221 5223
f 2125 1905 1904
f 2124 2125 1904
f 2370 2648 2371
f 2939 2940 2648
f 2940 2939 3255
f 3564 3257 3255
f 5293 5623 5288
f 3308 3309 3617
f 6477 6432 6476
f 5288 5623 5290
f 6476 6217 6477
f 3308 3618 3616
f 1906 1687 1686
f 5925 6219 6217
f 6218 6219 5925
f 1121 1275 1134
f 850 714 713
f 859 720 724
f 1944 1861 1945
f 1737 1953 1954
f 1953 1737 1946
f 1948 1946 1733
f 867 868 723
f 4902 5259 4900
f 5261 5600 5599
f 5540 5609 5539
f 6436 6212 6438
f 3254 3259 3564
f 3563 3259 3254
f 4253 4591 4590
f 2418 2691 2690
f 4252 3928 4253
f 5870 5869 6167
f 3927 3928 4252
f 2690 2691 2986
f 2371 2125 2124
f 2371 2648 2649
f 3617 3309 3313
f 6432 6157 6156
f 6157 5849 6156
f 3308 2986 3309
f 2986 2987 3309
f 1482 1483 1299
f 1687 1688 1482
f 5624 5625 5622
f 5924 5619 5926
f 1451 1283 1450
f 710 850 713
f 851 850 710
f 858 850 851
f 856 859 715
f 1945 1727 1944
f 4901 5262 5261
f 5854 5609 5917
f 5193 5530 5531
f 1299 1300 1150
f 3563 3562 3259
f 3870 3871 3565
f 5850 5530 5849
f 3928 3927 3620
f 1300 1299 1484
f 5223 4870 4868
f 5223 5225 4870
f 4934 5292 5293
f 5291 4934 5293
f 2125 2371 2372
f 5560 5870 5871
f 6432 6477 6433
f 2986 2691 2987
f 1483 1484 1299
f 6433 6157 6432
f 2940 3255 3257
f 3310 3309 2987
f 1906 1907 1687
f 5290 5626 5625
f 5623 5626 5290
f 1688 1483 1482
f 6479 6219 6218
f 5625 5926 5622
f 1859 1645 1860
f 852 996 858
f 1648 1865 1860
f 858 851 852
f 714 856 715
f 1648 1861 1865
f 1943 1737 1954
f 1941 1727 1725
f 620 619 722
f 722 723 620
f 4901 4902 4565
f 4565 4902 4900
f 4898 4900 5259
f 5260 5265 4904
f 5265 5266 4904
f 5535 5540 5200
f 4905 5267 5268
f 6212 5917 5918
f 4590 4935 4934
f 4934 4935 5294
f 3259 3562 3565
f 3258 3564 3259
f 3928 3929 4253
f 3619 3620 3927
f 2649 2650 2371
f 3564 3258 3257
f 5560 5871 5872
f 5849 6157 5850
f 2649 2648 2940
f 1905 2126 1906
f 5926 5928 5924
f 5626 5928 5926
f 5625 5626 5926
f 1128 1283 1284
f 852 851 710
f 1725 1509 1726
f 4899 4898 5260
f 5261 5262 5600
f 5262 5601 5600
f 5600 5601 5535
f 5601 5540 5535
f 4905 5268 5269
f 5193 5531 5268
f 6212 5918 6213
f 6212 6213 6438
f 4590 4591 4935
f 6168 6437 6438
f 5294 5292 4934
f 2371 2651 2372
f 2650 2651 2371
f 5225 5226 4870
f 6168 6167 6437
f 2649 2941 2650
f 5560 5226 5225
f 3619 3617 3313
f 2125 2127 1905
f 2941 2649 2940
f 3310 3313 3309
f 2128 1905 2127
f 6157 6433 6158
f 6433 6477 6217
f 2126 1905 2128
f 2126 1907 1906
f 6479 6478 6219
f 1687 1907 1688
f 6218 6220 6479
f 1688 1689 1483
f 6220 6218 5928
f 6218 5924 5928
f 1645 1646 1860
f 710 613 711
f 1284 1275 1128
f 1648 1860 1646
f 724 716 859
f 716 715 859
f 1945 1861 1862
f 1946 1737 1732
f 4564 4898 4899
f 5267 4905 5266
f 5540 5608 5609
f 5268 5531 5603
f 5531 5530 5850
f 2418 2692 2691
f 4196 4539 4197
f 4591 4592 4935
f 2372 2651 2374
f 2942 3258 3259
f 4539 4196 4538
f 4591 4253 4592
f 2125 2373 2127
f 2125 2374 2373
f 2372 2374 2125
f 4870 5226 5224
f 6167 6168 5870
f 3257 2941 2940
f 5627 5293 5292
f 2987 2691 2988
f 2988 3310 2987
f 6217 6219 6478
f 5623 5927 5626
f 5928 5626 5927
f 1451 1646 1645
f 1121 1128 1275
f 1862 1866 1945
f 1726 1509 1513
f 4898 4564 4900
f 4900 4564 4565
f 1007 869 868
f 4899 5260 4904
f 2163 2164 2417
f 5269 5268 5603
f 5531 5850 5851
f 6438 6213 6211
f 3928 3620 3929
f 4868 4540 4538
f 4253 4254 4592
f 3619 3313 3620
f 2941 3257 3258
f 5560 5561 5226
f 6158 6433 6434
f 6158 5850 6157
f 5623 5293 5627
f 6478 6433 6217
f 1907 1689 1688
f 1690 1484 1483
f 1689 1690 1483
f 1276 1450 1283
f 711 853 710
f 710 853 852
f 710 713 614
f 1727 1945 1728
f 1730 1943 1726
f 1509 1725 1727
f 1733 1734 1947
f 1734 1949 1947
f 4903 4901 4565
f 4903 5262 4901
f 5601 5262 5602
f 1007 1008 869
f 5601 5608 5540
f 1008 1150 1151
f 5609 5610 5917
f 5604 5603 5531
f 5917 5610 5918
f 6213 5918 5919
f 5295 5294 4935
f 2374 2651 2653
f 4196 4197 3871
f 4538 4540 4539
f 6211 6168 6438
f 4935 4592 4936
f 3620 3930 3929
f 2373 2374 2652
f 2941 2942 2650
f 4869 4540 4870
f 5224 4869 4870
f 4253 3929 4254
f 3313 3621 3620
f 3258 2942 2941
f 4870 4540 4868
f 2692 2988 2691
f 2127 2376 2128
f 5226 5561 5562
f 5872 5561 5560
f 3310 2988 2989
f 2128 2375 2126
f 2129 2126 2375
f 5627 5927 5623
f 2129 1907 2126
f 6221 6479 6220
f 6220 5928 5927
f 1689 1908 1690
f 713 714 614
f 1728 1945 1866
f 1943 1730 1731
f 1737 1943 1731
f 1946 1732 1733
f 4897 4903 4565
f 1949 1950 2163
f 4899 4904 4567
f 5266 4905 4904
f 5601 5602 5608
f 2164 2418 2417
f 3259 3565 3260
f 2650 2653 2651
f 3260 2942 3259
f 3871 3566 3565
f 4197 3872 3871
f 5294 5295 5628
f 5292 5294 5628
f 2374 2654 2652
f 5559 5224 5226
f 2127 2377 2376
f 5559 5226 5562
f 6169 5870 6168
f 6169 5871 5870
f 6434 6433 6472
f 6206 6158 6434
f 3313 3310 2991
f 3310 2989 2991
f 2128 2376 2375
f 5871 5561 5872
f 6433 6478 6472
f 6479 6221 6478
f 1907 1908 1689
f 5927 6221 6220
f 1128 1276 1283
f 1861 1648 1647
f 1862 1861 1647
f 526 618 619
f 1510 1509 1727
f 1726 1513 1730
f 725 723 868
f 4564 4899 4567
f 4903 4912 5262
f 1008 1009 869
f 6213 5919 6211
f 5604 5531 5851
f 3565 3566 3260
f 2378 2377 2127
f 2373 2378 2127
f 3871 3872 3566
f 3620 3931 3930
f 3621 3931 3620
f 2377 2655 2376
f 6211 6209 6168
f 3929 4255 4254
f 6434 6472 6206
f 6206 5912 6158
f 5851 5850 6158
f 5912 5851 6158
f 2376 2382 2375
f 6472 6478 6473
f 1908 1907 2130
f 1907 2129 2130
f 6221 6480 6478
f 852 986 996
f 1647 1648 1453
f 1647 1863 1862
f 1863 1866 1862
f 1731 1520 1737
f 723 622 620
f 4224 4564 4226
f 4224 4565 4564
f 4567 4226 4564
f 4912 5275 5262
f 1950 2164 2163
f 5602 5262 5275
f 5279 5608 5278
f 5608 5279 5609
f 5279 5610 5609
f 2692 2418 2693
f 5610 5919 5918
f 2650 2943 2653
f 2942 2943 2650
f 4539 4198 4197
f 4935 5296 5295
f 2373 2652 2378
f 2374 2653 2654
f 6209 6169 6168
f 3314 3621 3313
f 3313 2991 3314
f 2655 2382 2376
f 5874 5871 6169
f 5292 5629 5630
f 5629 5292 5628
f 2692 2989 2988
f 5631 5627 5292
f 2382 2379 2375
f 6472 6473 6207
f 5929 5927 5627
f 2129 2379 2130
f 6478 6480 6473
f 6480 6221 6222
f 5929 6221 5927
f 1908 1909 1690
f 614 613 710
f 711 712 853
f 996 986 1121
f 986 852 854
f 1646 1453 1648
f 714 715 614
f 1652 1866 1863
f 1728 1866 1652
f 1510 1727 1728
f 868 869 725
f 5602 5278 5608
f 4905 5269 4906
f 2164 2419 2418
f 5269 5603 5272
f 5610 5611 5919
f 2692 2693 2990
f 5919 5915 6211
f 5604 5851 5911
f 6211 5915 6209
f 2377 2656 2655
f 2378 2656 2377
f 3872 4197 4198
f 4935 4936 5296
f 2652 2657 2378
f 3566 3261 3260
f 5295 5632 5628
f 3929 4256 4255
f 4256 3929 3930
f 2654 2657 2652
f 5561 5873 5563
f 5562 5561 5563
f 4254 4593 4592
f 4594 4593 4254
f 4255 4594 4254
f 5561 5871 5874
f 5873 5561 5874
f 2692 2991 2989
f 2382 2133 2379
f 5630 5631 5292
f 2375 2379 2129
f 2379 2380 2130
f 1690 1691 1484
f 6221 5929 6222
f 1690 1909 1691
f 1450 1276 1451
f 711 613 712
f 854 853 712
f 986 988 1121
f 854 852 853
f 1647 1864 1863
f 1728 1651 1510
f 620 526 619
f 1520 1732 1737
f 4565 4566 4897
f 4565 4224 4566
f 4568 4567 4904
f 4568 4904 4905
f 4906 4568 4905
f 4912 5276 5275
f 5602 5275 5278
f 5604 5272 5603
f 1150 1301 1151
f 2418 2419 2693
f 2660 2655 2656
f 2378 2658 2656
f 5911 5851 5912
f 2381 2655 2660
f 3260 2943 2942
f 3260 3261 2943
f 4198 3873 3872
f 4539 4540 4198
f 2654 2653 2944
f 4869 4871 4540
f 5914 6169 6209
f 5296 5632 5295
f 4593 4936 4592
f 6472 6207 6206
f 2379 2133 2380
f 6207 6473 6474
f 5631 5929 5627
f 6480 6474 6473
f 1909 1908 2130
f 720 618 621
f 621 618 526
f 4572 4903 4897
f 4567 4568 4228
f 4912 5277 5276
f 4906 5269 5270
f 1300 1301 1150
f 5611 5915 5919
f 4540 4541 4198
f 5914 5915 5606
f 6209 5915 5914
f 3930 4257 4256
f 3930 3931 4257
f 3622 3931 3621
f 3621 3314 3622
f 2381 2382 2655
f 5224 5559 5227
f 5912 6206 5913
f 4936 4593 4937
f 4255 4256 4594
f 5913 6206 6207
f 5629 5638 5630
f 2990 2991 2692
f 6207 6474 6225
f 1910 1909 2130
f 1128 1122 1276
f 1649 1647 1453
f 1864 1647 1649
f 1652 1863 1864
f 724 720 621
f 1730 1514 1731
f 1734 1950 1949
f 4567 4228 4226
f 4912 4572 4913
f 4903 4572 4912
f 4912 4913 5277
f 4907 4568 4906
f 1950 2165 2164
f 1008 1151 1009
f 5280 5611 5610
f 5911 5605 5604
f 5605 5911 5912
f 2658 2947 2656
f 2657 2659 2378
f 2945 2653 2943
f 3872 3567 3566
f 3873 3567 3872
f 4540 4871 4541
f 5606 5916 5914
f 5914 5916 6210
f 5913 5916 5606
f 2946 2657 2654
f 2654 2944 2946
f 5562 5563 5559
f 6208 6210 5916
f 5916 5913 6208
f 4936 4937 5296
f 5913 6207 6208
f 5636 5638 5629
f 5629 5628 5636
f 5631 5630 5930
f 2131 2380 2133
f 5932 5929 5631
f 2130 2380 2131
f 5932 6223 5929
f 6480 6222 6223
f 5929 6223 6222
f 2130 2131 1910
f 1646 1451 1452
f 988 1122 1128
f 1646 1452 1453
f 1128 1121 988
f 716 615 715
f 1652 1651 1728
f 622 526 620
f 723 725 622
f 869 870 725
f 4572 4897 4563
f 4563 4566 4224
f 4226 4228 4227
f 4897 4566 4563
f 5270 5269 5272
f 5279 5280 5610
f 5611 5607 5915
f 5915 5607 5606
f 5605 5912 5913
f 2943 3261 3262
f 3566 3567 3262
f 2653 2945 2946
f 3262 3261 3566
f 4872 4869 5224
f 5913 5606 5605
f 2653 2946 2944
f 4872 5224 5227
f 6169 5914 5875
f 4594 4256 4595
f 5632 5297 5628
f 4937 4593 4938
f 2991 3311 3314
f 5630 5638 5931
f 4938 4593 4939
f 6232 6207 6225
f 5630 5931 5930
f 5636 5628 5633
f 5930 5932 5631
f 6223 5932 6225
f 6474 6223 6225
f 1484 1485 1300
f 6474 6480 6223
f 1691 1692 1485
f 1691 1485 1484
f 1691 1910 1692
f 1910 1691 1909
f 1276 1122 1277
f 1276 1277 1451
f 1451 1277 1452
f 1650 1652 1864
f 1730 1513 1514
f 1519 1731 1514
f 1735 1950 1734
f 4224 4226 3901
f 4224 4223 4563
f 3904 4227 4228
f 4228 4568 4229
f 5276 5277 4915
f 5276 4915 5275
f 5275 4915 5278
f 5604 5605 5272
f 2660 2656 2948
f 5606 5607 5274
f 5605 5606 5274
f 2943 3262 3263
f 2657 2946 2949
f 4871 4869 4872
f 5227 5559 5563
f 5632 5296 5297
f 5297 5296 4938
f 5296 4937 4938
f 2381 2132 2382
f 5874 6169 5875
f 5931 5638 5637
f 5304 5637 5638
f 5636 5304 5638
f 2990 3311 2991
f 2132 2133 2382
f 5636 5633 5635
f 5633 5628 5297
f 4593 4594 4940
f 5932 6224 6225
f 5930 6224 5932
f 4939 4593 4941
f 4941 4593 4940
f 1649 1453 1454
f 1650 1864 1649
f 614 715 615
f 1651 1652 1456
f 1513 1509 1320
f 1731 1519 1520
f 3900 4223 4224
f 3901 3900 4224
f 4226 4227 3901
f 4223 4231 4563
f 4572 4914 4913
f 4228 4229 3904
f 1009 870 869
f 4913 4914 5277
f 5280 5281 5611
f 5611 5281 5607
f 2658 2950 2947
f 2660 2948 2661
f 2378 2659 2658
f 2657 2949 2659
f 4198 4199 3873
f 4198 4541 4199
f 4541 4871 4872
f 2945 3265 2946
f 5563 5564 5228
f 5914 6210 6170
f 6208 6475 6210
f 3931 3932 4257
f 3931 3622 3932
f 3314 3315 3622
f 5228 5227 5563
f 5873 5875 5563
f 5563 5875 5564
f 6475 6208 6207
f 5931 5637 5938
f 4257 4595 4256
f 5931 6224 5930
f 5938 6224 5931
f 4594 4595 4942
f 5297 5634 5633
f 4939 5298 4938
f 4594 4942 4940
f 2132 1912 2133
f 5635 5633 5933
f 5633 5634 5933
f 1454 1650 1649
f 716 724 717
f 1650 1456 1652
f 724 621 717
f 1510 1651 1511
f 4223 3900 4225
f 3904 3902 4227
f 4232 4572 4563
f 4563 4231 4232
f 1950 1951 2165
f 3905 4229 4230
f 3904 4229 3905
f 4568 4907 4569
f 4914 4915 5277
f 4907 4906 4908
f 2165 2420 2164
f 4908 4906 5270
f 5279 5278 4915
f 2164 2420 2419
f 5279 4916 5280
f 5280 4916 5281
f 5272 5605 5273
f 5273 5605 5274
f 2947 2948 2656
f 2658 2659 2951
f 2383 2381 2660
f 2943 3264 2945
f 3263 3264 2943
f 6210 6475 6439
f 6170 5875 5914
f 6207 6232 6475
f 3311 3315 3314
f 5874 5875 5873
f 5304 5636 5303
f 4596 4595 4257
f 6224 5938 6232
f 5636 5635 5303
f 6225 6224 6232
f 5298 4939 5301
f 5933 5634 5934
f 5935 5634 5934
f 4941 5301 4939
f 1300 1485 1486
f 2133 1912 2131
f 613 614 521
f 1520 1516 1732
f 3901 4227 3902
f 3907 4231 4225
f 4225 4231 4223
f 1735 1951 1950
f 4231 3907 3905
f 3905 4232 4231
f 4569 4230 4229
f 4568 4569 4229
f 4914 4572 4573
f 4907 4908 4569
f 4908 5270 4910
f 4915 4916 5279
f 5270 5272 4910
f 5272 5273 4910
f 5274 5607 5281
f 2658 2951 2950
f 2383 2660 2661
f 2946 3265 2949
f 3264 3265 2945
f 2383 2132 2381
f 6210 6439 6170
f 4257 3932 4258
f 5637 5939 5938
f 3312 3315 3311
f 5302 4944 5300
f 4943 4944 5302
f 4938 5299 5297
f 4938 5300 5299
f 5298 5300 4938
f 5301 5300 5298
f 5301 5302 5300
f 4943 4942 4595
f 2990 3312 3311
f 2132 1913 1912
f 5303 5635 5299
f 5299 5634 5297
f 4942 4943 5302
f 5299 5635 5634
f 5635 5933 5934
f 5634 5635 5934
f 5302 5301 4941
f 5302 4941 4942
f 5936 5634 5934
f 5936 5934 6226
f 5936 6226 6229
f 5936 5937 5634
f 5634 5935 5937
f 4942 4941 4940
f 5934 6226 6227
f 6226 6481 6227
f 6481 6229 6226
f 5937 5935 6228
f 5935 6227 6228
f 6227 6482 6228
f 5935 5934 6227
f 6482 6485 6228
f 1912 1911 2131
f 6481 6483 6227
f 6690 6484 6483
f 6484 6227 6483
f 6484 6482 6227
f 6485 6482 6688
f 6482 6689 6688
f 6482 6484 6689
f 6689 6899 6688
f 1693 1486 1485
f 6690 6691 6484
f 6484 6691 6689
f 6689 6691 6900
f 6689 6900 6899
f 1693 1485 1692
f 2131 1911 1910
f 1911 1692 1910
f 1278 1452 1277
f 701 712 613
f 712 838 854
f 838 839 986
f 1452 1278 1453
f 1454 1453 1278
f 986 854 838
f 1456 1653 1651
f 621 528 625
f 1654 1651 1653
f 1511 1651 1654
f 526 528 621
f 1509 1510 1319
f 1517 1733 1732
f 1733 1517 1734
f 3904 3596 3902
f 3596 3904 3905
f 3905 4230 4232
f 4572 4232 4573
f 4915 4914 4573
f 2949 3265 3264
f 3262 3568 3263
f 3567 3568 3262
f 5227 4873 4872
f 4946 5304 5303
f 3622 3623 3932
f 6488 6475 6232
f 4944 5303 5300
f 5300 5303 5299
f 4258 4596 4257
f 4596 4943 4595
f 5936 6229 6230
f 5936 6230 5937
f 6230 6481 6486
f 6229 6481 6230
f 6228 6231 5937
f 5937 6230 6231
f 6230 6486 6231
f 6485 6231 6228
f 6486 6483 6481
f 6487 6231 6486
f 6487 6486 6690
f 6487 6690 6692
f 6486 6690 6483
f 6487 6231 6485
f 6688 6487 6485
f 6693 6487 6688
f 6688 6899 6693
f 6693 6899 6903
f 6690 6901 6692
f 6690 6901 6691
f 6691 6902 6900
f 6901 6902 6691
f 6899 6900 6903
f 6903 6900 6902
f 1692 1911 1693
f 1122 1123 1277
f 838 712 701
f 1454 1455 1650
f 716 717 615
f 1519 1514 1515
f 622 527 526
f 4225 3900 3906
f 4225 3906 3907
f 3906 3597 3907
f 3905 3907 3597
f 4230 4570 4232
f 4230 4569 4571
f 4908 4910 4571
f 4911 4910 5273
f 5271 5281 4916
f 5274 5281 5271
f 1151 1301 1302
f 5273 5274 4911
f 2950 3266 2947
f 2954 2948 2947
f 2949 2952 2659
f 3873 3874 3567
f 3873 4199 3874
f 4872 4542 4541
f 5565 5228 5566
f 5564 5566 5228
f 5228 4873 5227
f 5564 5876 5566
f 5938 5940 6233
f 5938 5939 5940
f 5304 4946 5305
f 5303 4945 4946
f 4944 4945 5303
f 3622 3315 3623
f 2132 2383 2134
f 5564 5875 5876
f 5938 6233 6232
f 5305 5637 5304
f 4943 4596 4944
f 2132 2134 1913
f 3312 2990 2992
f 6487 6692 6694
f 6693 6695 6487
f 6487 6695 6694
f 6903 6695 6693
f 1694 1486 1693
f 1912 1694 1911
f 6692 6901 6694
f 6901 6904 6902
f 6904 7081 6902
f 6901 6904 6694
f 6904 6695 6905
f 6695 6904 6694
f 6695 6903 6905
f 6903 7082 6905
f 7081 6903 6902
f 7082 6903 7081
f 1911 1694 1693
f 6904 7083 7081
f 7081 7083 7082
f 1278 1277 1124
f 1454 1278 1455
f 625 717 621
f 1519 1324 1520
f 622 725 623
f 1734 1517 1735
f 3900 3901 3593
f 3593 3901 3902
f 3900 3599 3906
f 3902 3596 3595
f 870 726 725
f 3596 3905 3597
f 1009 871 870
f 4573 4232 4570
f 4571 4570 4230
f 4569 4908 4571
f 4573 4916 4915
f 4910 4911 4571
f 4911 5274 5271
f 2419 2421 2693
f 2383 2661 2662
f 2949 3264 2952
f 3263 3569 3264
f 3263 3568 3569
f 3567 3874 3568
f 4872 4873 4542
f 6440 6439 6475
f 2693 2694 2990
f 6488 6440 6475
f 6488 6232 6233
f 4944 4596 4598
f 4258 4597 4596
f 4597 4598 4596
f 3315 3312 2992
f 7084 6904 6905
f 7082 7084 6905
f 7084 7083 6904
f 7083 7084 7082
f 839 987 988
f 988 987 1122
f 1123 1122 987
f 1124 1277 1123
f 987 1124 1123
f 606 613 521
f 986 839 988
f 1455 1278 1279
f 614 615 521
f 1456 1650 1455
f 1653 1456 1459
f 1519 1515 1324
f 527 622 623
f 726 623 725
f 3599 3900 3600
f 4570 4909 4573
f 4573 4909 4916
f 4909 5271 4916
f 4911 5271 4909
f 1009 1151 1152
f 2419 2420 2421
f 2948 2954 2661
f 2661 2954 2662
f 2659 2953 2951
f 2659 2952 2953
f 2383 2662 2384
f 3264 3569 3570
f 3874 3875 3568
f 2134 2383 2384
f 5228 5229 4873
f 4945 4603 4946
f 4944 4599 4945
f 5875 6170 5876
f 6171 6439 6440
f 4946 4947 5305
f 4598 4599 4944
f 4259 4598 4597
f 4597 4258 4259
f 3316 3623 3315
f 2990 2694 2992
f 2992 2694 2993
f 1486 1694 1695
f 1124 1279 1278
f 839 838 702
f 1514 1320 1515
f 3600 3900 3593
f 3599 3598 3906
f 1735 1517 1736
f 3598 3597 3906
f 4909 4570 4571
f 1010 871 1009
f 4911 4909 4571
f 1151 1302 1152
f 2947 3266 2954
f 2950 3267 3266
f 2951 3267 2950
f 3264 3570 3268
f 5565 5567 5229
f 5229 5228 5565
f 4946 4603 4947
f 4945 4599 4602
f 4599 4598 4259
f 6439 6171 6170
f 6440 6488 6233
f 4258 3932 4259
f 3316 3315 2992
f 1300 1486 1301
f 3317 3316 2992
f 1301 1486 1487
f 1912 1913 1696
f 701 613 606
f 701 702 838
f 1653 1459 1654
f 616 717 625
f 1324 1516 1520
f 623 726 727
f 3593 3902 3903
f 3902 3595 3903
f 3595 3596 3289
f 1009 1152 1010
f 2663 2384 2662
f 4541 4542 4199
f 4945 4602 4603
f 1301 1488 1302
f 6170 6171 5876
f 3623 3316 3624
f 1913 2134 1914
f 2992 2993 3317
f 1914 1696 1913
f 1912 1696 1694
f 987 1125 1124
f 1456 1455 1279
f 1654 1512 1511
f 1511 1319 1510
f 1514 1513 1320
f 1732 1516 1517
f 3903 3595 3594
f 3594 3595 3289
f 3597 3289 3596
f 2951 2953 3267
f 2952 3264 3268
f 5877 5567 5565
f 5566 5878 5565
f 5940 6234 6233
f 5305 4947 5306
f 6440 6233 6441
f 5637 5639 5939
f 5639 5637 5305
f 4259 3932 4260
f 1301 1487 1488
f 1487 1486 1695
f 1487 1695 1696
f 1694 1696 1695
f 1125 1126 1124
f 1126 1279 1124
f 616 615 717
f 1654 1729 1512
f 727 624 623
f 3600 3292 3599
f 3599 3292 3291
f 3291 3598 3599
f 1735 1736 1951
f 870 871 728
f 2165 2166 2420
f 1010 1152 1011
f 5878 5877 5565
f 3568 3876 3569
f 3875 3876 3568
f 5566 5879 5878
f 2384 2385 2134
f 5229 4874 4873
f 5876 5879 5566
f 5876 6172 5879
f 6440 6441 6171
f 3623 3624 3932
f 1696 1914 1915
f 839 989 987
f 1126 1280 1279
f 1457 1279 1280
f 1279 1457 1458
f 1456 1279 1459
f 1459 1655 1654
f 1654 1655 1729
f 1511 1512 1319
f 527 623 624
f 3292 3600 3593
f 3291 3290 3598
f 3594 3289 3288
f 3598 3290 3597
f 870 728 726
f 2166 2421 2420
f 3267 2953 3271
f 2663 2385 2384
f 4199 4542 4200
f 2693 2421 2422
f 4874 4542 4873
f 2422 2694 2693
f 4599 4259 4600
f 4259 4260 4600
f 2135 2134 2385
f 5876 6171 6172
f 6441 6233 6234
f 5939 5639 5940
f 5305 5306 5639
f 3933 4260 3932
f 3624 3933 3932
f 1488 1487 1697
f 701 606 702
f 840 989 839
f 987 1126 1125
f 840 839 702
f 1279 1458 1459
f 454 526 527
f 3292 2972 3291
f 3289 3597 3290
f 871 872 728
f 871 1010 872
f 3267 3274 3266
f 3570 3569 3876
f 4875 4874 5230
f 4200 3874 4199
f 4603 4948 4947
f 6442 6171 6441
f 4260 3933 4261
f 3316 3317 3625
f 2993 2994 3317
f 2994 2993 2694
f 1697 1487 1696
f 1127 1126 987
f 1280 1460 1457
f 1319 1320 1509
f 1515 1320 1329
f 1324 1515 1328
f 1516 1324 1323
f 3593 3903 3594
f 3593 3594 3287
f 728 727 726
f 2952 3269 2953
f 2952 3270 3269
f 2952 3268 3270
f 2662 2955 2663
f 2954 2955 2662
f 3570 3571 3268
f 3875 4203 3876
f 4542 4874 4875
f 5229 5231 4874
f 5231 5229 5567
f 4600 4602 4599
f 5940 5941 6235
f 6489 6441 6234
f 6172 6171 6442
f 2134 2135 1914
f 3933 3934 4261
f 3624 3934 3933
f 3316 3625 3624
f 3317 3318 3625
f 3317 2994 3318
f 1696 1915 1697
f 987 989 1127
f 1280 1126 1281
f 1460 1458 1457
f 1643 1459 1458
f 1655 1459 1643
f 1515 1329 1328
f 3593 3286 3292
f 3287 3286 3593
f 3287 3594 3288
f 2971 3290 3291
f 3289 3290 2969
f 2969 3288 3289
f 1736 1952 1951
f 2954 3266 2955
f 3268 3571 3270
f 5231 5230 4874
f 2664 2385 2663
f 3874 4201 3875
f 5567 5569 5231
f 5569 5567 5877
f 4602 4263 4603
f 4600 4263 4602
f 2385 2386 2135
f 2385 2664 2386
f 5940 6235 6234
f 4260 4601 4600
f 4261 4601 4260
f 5639 5941 5940
f 3624 3935 3934
f 3624 3625 3935
f 1488 1697 1489
f 606 703 702
f 703 840 702
f 616 522 615
f 1280 1281 1460
f 616 625 530
f 528 526 454
f 1516 1323 1517
f 2972 3292 3286
f 2972 2971 3291
f 3290 2971 2970
f 2166 2165 1955
f 3271 3273 3267
f 4201 4203 3875
f 4200 4202 3874
f 4202 4201 3874
f 4200 4543 4202
f 4542 4543 4200
f 6172 6174 5879
f 4948 4949 4947
f 6174 6172 6442
f 5307 5306 4947
f 4947 4949 5307
f 6441 6489 6442
f 5640 5639 5306
f 1488 1303 1302
f 1914 2135 1917
f 1915 1917 1916
f 1914 1917 1915
f 1915 1916 1697
f 522 521 615
f 1127 1281 1126
f 1641 1458 1460
f 3287 3288 2968
f 2968 3288 2969
f 2970 2969 3290
f 1951 1952 2165
f 2953 3272 3273
f 2953 3269 3272
f 3267 3273 3274
f 2953 3273 3271
f 2663 2955 2956
f 5878 6173 5877
f 5878 5879 6173
f 2663 2956 2664
f 4603 4604 4948
f 5306 5307 5640
f 606 521 517
f 1129 1127 989
f 989 840 841
f 1643 1458 1644
f 3286 2966 2972
f 3877 3570 3876
f 4875 4876 4542
f 5231 5568 5230
f 5879 6174 6173
f 4603 4263 4604
f 2664 2956 2665
f 4600 4601 4263
f 6174 6442 6443
f 2136 2135 2386
f 4261 3934 3935
f 1488 1489 1303
f 2994 2694 2995
f 1698 1697 1916
f 1489 1697 1698
f 1127 1282 1281
f 1643 1644 1447
f 1460 1281 1461
f 1729 1655 1512
f 625 528 530
f 529 527 624
f 3286 3287 2967
f 2967 3287 2968
f 1955 2165 1952
f 3266 3274 2955
f 4203 4204 3876
f 5232 5230 5568
f 5877 5881 5569
f 5877 6173 5881
f 4203 4201 4204
f 4201 4202 4204
f 4542 4876 4543
f 2386 2664 2387
f 4601 4261 4262
f 4261 3935 4262
f 2422 2695 2694
f 2996 3318 2994
f 2994 2995 2996
f 841 840 703
f 1458 1641 1644
f 1460 1461 1444
f 2966 3286 2967
f 1518 1517 1323
f 2966 2677 2972
f 2972 2677 2971
f 728 626 727
f 1011 1152 1153
f 1152 1302 1153
f 2422 2421 2166
f 4875 5230 5232
f 3877 3571 3570
f 4601 4262 4263
f 2664 2665 2387
f 6234 6235 6489
f 2136 2386 2387
f 6442 6489 6443
f 5639 5641 5941
f 2136 1917 2135
f 1129 989 990
f 1129 1130 1127
f 1130 1282 1127
f 1282 1443 1281
f 1460 1444 1641
f 1643 1512 1655
f 2967 2968 2673
f 2970 2971 2676
f 2674 2968 2969
f 2970 2674 2969
f 3575 3273 3272
f 3273 3275 3274
f 4204 4205 3876
f 2957 2955 3274
f 4206 3877 3876
f 4544 4204 4202
f 4545 4544 4202
f 4875 5232 4876
f 2956 2955 2957
f 5568 5570 5232
f 5231 5569 5568
f 4545 4202 4543
f 4876 4545 4543
f 4948 4604 4605
f 4605 4949 4948
f 5640 5641 5639
f 5307 5308 5640
f 4949 5308 5307
f 3936 4262 3935
f 3625 3626 3935
f 3625 3318 3319
f 2694 2695 2995
f 1698 1699 1489
f 1699 1698 1916
f 606 607 703
f 990 989 841
f 1443 1461 1281
f 530 533 616
f 527 529 454
f 2677 2966 2672
f 2673 2968 2674
f 1736 1738 1952
f 3572 3269 3270
f 3273 3576 3275
f 2957 3274 3275
f 4205 4206 3876
f 4544 4205 4204
f 3571 3877 3574
f 5232 5233 4876
f 2956 2957 2665
f 4263 4262 3937
f 4262 3936 3937
f 6174 6443 6177
f 5641 5640 5309
f 3936 3935 3628
f 3625 3319 3626
f 3319 3318 2996
f 1129 990 1130
f 606 517 607
f 1130 1131 1282
f 1644 1448 1447
f 1443 1282 1269
f 1642 1644 1641
f 1643 1447 1512
f 1642 1641 1444
f 1319 1512 1321
f 1329 1320 1318
f 2672 2966 2967
f 2673 2672 2967
f 2677 2676 2971
f 2676 2675 2970
f 727 626 624
f 1517 1521 1736
f 3273 3575 3576
f 3276 3275 3577
f 3576 3577 3275
f 3571 3574 3270
f 5232 5570 5233
f 5942 5941 5641
f 5308 5309 5640
f 2387 2137 2136
f 3935 3626 3628
f 1917 1699 1916
f 2995 2695 2996
f 521 449 517
f 1644 1642 1448
f 616 533 522
f 1319 1167 1320
f 1320 1167 1318
f 2675 2674 2970
f 1521 1517 1518
f 872 729 728
f 872 1010 873
f 1010 1011 873
f 3272 3269 3573
f 3572 3573 3269
f 3270 3574 3572
f 3275 2958 2957
f 2666 2665 2957
f 5569 5880 5568
f 2422 2166 2423
f 2665 2388 2387
f 5941 5942 6235
f 2137 2387 2388
f 6489 6236 6443
f 4605 4950 4949
f 4949 4950 5308
f 1302 1303 1153
f 2137 1917 2136
f 1918 1699 1917
f 1303 1489 1490
f 2997 3319 2996
f 1699 1700 1489
f 521 522 449
f 1282 1132 1269
f 1444 1445 1642
f 2672 2405 2677
f 2399 2405 2672
f 2673 2674 2401
f 1521 1738 1736
f 1738 1739 1952
f 3272 3573 3575
f 4205 4544 4546
f 2957 2958 2666
f 5568 5880 5570
f 2666 2389 2388
f 2665 2666 2388
f 5570 5235 5233
f 6173 6177 5881
f 6173 6174 6177
f 1489 1700 1490
f 2996 2695 2997
f 991 1130 990
f 1282 1131 1132
f 459 522 533
f 1461 1443 1444
f 1447 1322 1512
f 1167 1319 1321
f 2677 2405 2676
f 2672 2673 2400
f 2400 2673 2401
f 3882 3576 3575
f 3275 3276 2958
f 3574 3878 3572
f 4545 4876 4879
f 5233 4879 4876
f 5569 5881 5880
f 4264 4604 4263
f 3937 4264 4263
f 2389 2137 2388
f 6178 6177 6443
f 3936 3627 3937
f 6489 6235 6236
f 5641 5642 5942
f 3936 3628 3627
f 3627 3628 3320
f 3626 3320 3628
f 1917 2137 1918
f 1700 1699 1918
f 2997 2998 3319
f 2695 2696 2997
f 1130 991 1131
f 607 704 703
f 703 704 841
f 1642 1445 1446
f 1328 1329 1174
f 1328 1174 1324
f 2399 2672 2400
f 2405 2404 2676
f 2402 2675 2676
f 2674 2675 2402
f 2401 2674 2402
f 1518 1323 1325
f 531 624 626
f 2423 2166 2167
f 3577 3576 3578
f 4544 4877 4546
f 3877 4206 3881
f 4544 4545 4878
f 5880 5572 5570
f 6236 6178 6443
f 5942 6236 6235
f 5309 5308 4950
f 3319 3320 3626
f 3319 2998 3320
f 2998 2997 2696
f 2695 2422 2696
f 1490 1491 1303
f 1491 1490 1700
f 841 991 990
f 1642 1446 1448
f 1447 1448 1273
f 1443 1269 1270
f 1444 1443 1270
f 454 529 455
f 2404 2402 2676
f 728 729 626
f 3578 3576 3882
f 4545 4879 4878
f 3574 3877 3881
f 2138 2137 2389
f 5881 6175 5880
f 3937 3938 4264
f 5235 5570 5572
f 4604 4264 4605
f 3937 3627 3938
f 2137 2138 1918
f 5642 5641 5309
f 5310 5309 4950
f 4605 4951 4950
f 3629 3627 3320
f 2697 2696 2422
f 991 842 992
f 1131 991 992
f 1131 992 1132
f 1273 1322 1447
f 1444 1270 1445
f 456 533 530
f 530 528 454
f 2399 2400 2148
f 2400 2401 2149
f 2401 2150 2149
f 2401 2402 2150
f 1955 2167 2166
f 3276 3577 3277
f 4206 4205 4210
f 4544 4878 4877
f 4206 4210 3881
f 4879 5233 5235
f 6236 5942 6237
f 2139 1918 2138
f 5310 4950 5311
f 2998 2999 3320
f 2998 2696 2999
f 1918 1919 1700
f 1700 1919 1701
f 1700 1701 1491
f 991 841 842
f 841 704 705
f 992 1133 1132
f 2405 2399 2152
f 2147 2399 2148
f 2148 2400 2149
f 2402 2404 2403
f 2403 2150 2402
f 531 626 627
f 3575 3573 3879
f 2959 2667 2958
f 3276 2959 2958
f 3277 3577 3578
f 4546 4877 4880
f 3574 3881 3878
f 5572 5880 5884
f 6178 5881 6177
f 5572 5573 5235
f 5943 5942 5642
f 5309 5310 5642
f 3629 3320 3321
f 5312 5311 4950
f 1918 2139 1919
f 4950 4951 5312
f 2999 3321 3320
f 1304 1153 1303
f 1304 1303 1491
f 842 993 992
f 607 608 704
f 1448 1446 1273
f 1114 1269 1132
f 1321 1512 1322
f 2399 2147 2146
f 531 529 624
f 1952 1739 1955
f 3276 3277 2959
f 2667 2666 2958
f 3882 3883 3578
f 1011 1153 1154
f 5881 6178 6179
f 4264 4606 4605
f 5573 5572 5884
f 5944 5943 5642
f 2139 1920 1919
f 2422 2423 2697
f 2696 2697 3000
f 1491 1701 1702
f 993 1133 992
f 608 705 704
f 1133 1112 1132
f 1132 1112 1114
f 1271 1446 1445
f 1269 1114 1270
f 1270 1271 1445
f 530 454 456
f 2152 2404 2405
f 2403 2151 2150
f 1935 2149 2150
f 3573 3572 3879
f 2666 2667 2389
f 2138 2389 2390
f 3938 4265 4264
f 4878 4879 5235
f 4878 5235 5236
f 6179 6175 5881
f 4264 4607 4606
f 2138 2140 2139
f 6236 6490 6447
f 6236 6237 6490
f 5942 5943 6237
f 4951 4605 4952
f 2423 2698 2697
f 2999 2696 3000
f 3000 2697 2698
f 1492 1491 1702
f 607 517 608
f 705 842 841
f 1272 1273 1446
f 1329 1318 1174
f 2399 2146 2152
f 2147 2148 1934
f 2148 2149 1934
f 2403 2404 2151
f 1521 1518 1325
f 2959 2960 2667
f 3575 3883 3882
f 4205 4547 4210
f 4546 4547 4205
f 3878 3880 3572
f 2390 2140 2138
f 6175 6176 5880
f 5236 5235 5573
f 4952 4605 4606
f 3627 3629 3630
f 6236 6447 6178
f 3630 3629 3321
f 5642 5310 5643
f 5312 5313 5311
f 5312 4951 4952
f 1920 1702 1919
f 1304 1491 1492
f 1919 1702 1701
f 842 705 843
f 1272 1446 1271
f 1271 1270 1115
f 459 533 456
f 454 455 390
f 2146 2147 1934
f 730 627 626
f 2959 3278 2960
f 3579 3277 3578
f 3578 3883 3579
f 3575 3884 3883
f 3575 3879 3884
f 3572 3880 3879
f 2140 1922 2139
f 5884 5880 5885
f 4606 4607 4608
f 5236 5573 5574
f 5642 5643 5944
f 5310 5644 5643
f 5311 5644 5310
f 5313 5312 4952
f 2999 3322 3321
f 3000 3322 2999
f 1920 1921 1702
f 1304 1492 1493
f 842 843 993
f 608 697 705
f 993 1112 1133
f 1112 1113 1114
f 1270 1114 1115
f 454 390 456
f 2146 2145 2152
f 1323 1324 1170
f 2152 2151 2404
f 2151 1935 2150
f 1323 1171 1325
f 729 872 873
f 1011 1154 1012
f 2959 3277 3278
f 4881 4546 4880
f 2389 2391 2390
f 3881 4210 4211
f 3938 3627 3939
f 5885 5573 5884
f 6178 6447 6179
f 1922 1920 2139
f 4953 4952 4606
f 3630 3321 3631
f 1272 1118 1273
f 1321 1322 1168
f 1318 1167 1166
f 2152 2145 1937
f 2145 2146 1933
f 1933 2146 1934
f 1934 2149 1935
f 730 626 729
f 1739 1956 1955
f 873 1011 875
f 875 1011 1012
f 2667 2391 2389
f 4880 4877 5234
f 4877 4878 5234
f 3881 4207 3878
f 3878 4207 3880
f 4264 4265 4607
f 5880 6176 5885
f 1154 1153 1305
f 5574 5573 5885
f 6490 6448 6447
f 1922 1704 1920
f 1153 1304 1305
f 5311 5313 5645
f 3631 3321 3322
f 3000 3001 3322
f 3000 2698 3001
f 1702 1703 1493
f 1493 1492 1702
f 1274 1273 1118
f 459 515 522
f 1322 1273 1168
f 1174 1318 1166
f 1170 1324 1174
f 1936 2152 1937
f 1934 1935 1722
f 2151 2152 1936
f 1936 1722 1935
f 455 529 531
f 1935 2151 1936
f 2167 1955 2168
f 3278 3277 3580
f 4547 4546 4881
f 3881 4211 4207
f 4878 5237 5234
f 3627 3630 3939
f 6444 6175 6179
f 4606 4608 4953
f 1921 1920 1704
f 5311 5645 5644
f 1304 1493 1494
f 1921 1703 1702
f 515 449 522
f 1933 1938 2145
f 1170 1171 1323
f 730 729 874
f 3581 3277 3579
f 2960 2961 2667
f 4210 4550 4211
f 2141 1922 2140
f 4265 4266 4607
f 3938 3939 4265
f 6175 6444 6176
f 4878 5236 5237
f 2167 2424 2423
f 1305 1304 1494
f 1703 1921 1704
f 4953 5313 4952
f 3322 3001 3323
f 1494 1493 1703
f 843 705 833
f 978 1112 993
f 1272 1271 1115
f 1113 980 1114
f 1114 980 1115
f 1167 1321 1168
f 1938 1933 1724
f 457 390 455
f 2145 1932 1937
f 1723 1936 1937
f 1738 1522 1739
f 3580 3277 3581
f 3579 3883 3581
f 4880 5234 4881
f 4550 4210 4547
f 2141 2140 2390
f 1154 1305 1155
f 5943 6238 6237
f 6237 6238 6490
f 3631 3632 3630
f 5943 5944 6238
f 1703 1704 1495
f 5313 5314 5645
f 5313 4953 5314
f 3322 3323 3631
f 1495 1494 1703
f 608 517 603
f 843 833 834
f 978 993 843
f 1272 1117 1118
f 978 1113 1112
f 1724 1933 1721
f 1933 1934 1721
f 1721 1934 1722
f 1937 1932 1723
f 1723 1722 1936
f 1521 1522 1738
f 1956 2168 1955
f 4547 4551 4550
f 2391 2141 2390
f 4211 4548 4207
f 1923 1704 1922
f 5236 5575 5237
f 3630 3632 3940
f 5236 5574 5575
f 6448 6490 6491
f 6238 5944 6239
f 3632 3631 3323
f 5944 5643 5945
f 5944 5945 6239
f 5644 5945 5643
f 1495 1305 1494
f 517 516 603
f 697 608 603
f 833 705 697
f 834 978 843
f 1274 1157 1273
f 1113 978 979
f 1113 979 980
f 1272 1116 1117
f 1273 1157 1168
f 1272 1115 1116
f 2145 1938 1931
f 1938 1724 1931
f 1722 1723 1507
f 2667 2668 2391
f 2668 2667 2961
f 3879 4208 3884
f 3880 4208 3879
f 4265 3939 4266
f 1922 2141 1923
f 3939 3630 3940
f 5237 5575 5571
f 5574 5885 5886
f 5574 5886 5575
f 6490 6238 6491
f 4608 4954 4953
f 5644 5946 5945
f 5644 5645 5946
f 3001 3002 3323
f 2698 3002 3001
f 2698 2699 3002
f 2699 2698 2423
f 516 517 448
f 1117 982 1118
f 1116 1115 980
f 459 456 391
f 2145 1931 1932
f 1720 1723 1932
f 1507 1721 1722
f 1521 1325 1326
f 1739 1957 1956
f 1012 1154 1155
f 3278 3279 2960
f 4551 4211 4550
f 5234 5571 5238
f 5237 5571 5234
f 4266 4608 4607
f 4609 4608 4266
f 1704 1923 1705
f 6447 6448 6179
f 833 698 834
f 982 1117 1116
f 1506 1721 1507
f 1507 1723 1720
f 2392 2391 2668
f 3885 3581 3883
f 5234 5238 4881
f 3884 3886 3883
f 3883 3886 3885
f 4208 3886 3884
f 4211 4552 4548
f 4551 4552 4211
f 4609 4266 4267
f 4609 4954 4608
f 4958 4953 4954
f 5645 5646 5946
f 5314 5646 5645
f 2424 2699 2423
f 697 603 698
f 1118 982 1119
f 978 834 835
f 1118 1120 1274
f 978 835 979
f 1157 1020 1168
f 1724 1715 1931
f 1931 1715 1717
f 1724 1721 1508
f 1166 1167 1019
f 1931 1718 1932
f 729 873 875
f 875 1012 1013
f 2960 3280 2961
f 3279 3280 2960
f 3278 3580 3279
f 2391 2392 2141
f 3584 3580 3581
f 4881 4551 4547
f 3880 4207 4209
f 5885 6176 5886
f 1155 1305 1306
f 6179 6449 6444
f 1704 1705 1495
f 6238 6239 6492
f 1305 1496 1306
f 1496 1305 1495
f 6239 5945 6240
f 4953 4958 5314
f 3323 3324 3633
f 3002 3324 3323
f 833 697 698
f 448 517 449
f 698 835 834
f 982 1116 980
f 1119 1120 1118
f 1931 1717 1718
f 1019 1167 1168
f 1718 1719 1932
f 1721 1506 1508
f 1719 1720 1932
f 1720 1504 1507
f 1174 1166 1026
f 1174 1026 1170
f 1521 1326 1522
f 875 874 729
f 2961 3280 3281
f 4881 4883 4551
f 2669 2668 2961
f 3581 3885 3584
f 2142 1923 2141
f 4208 4212 3886
f 4207 4548 4209
f 4609 4267 4268
f 3939 3940 3941
f 2168 2169 2167
f 5575 5882 5571
f 5882 5886 6180
f 5886 5882 5575
f 6179 6448 6449
f 6491 6238 6492
f 3632 3323 3634
f 4954 4613 4958
f 1495 1706 1496
f 3633 3634 3323
f 2424 2700 2699
f 3003 3002 2699
f 983 1119 982
f 981 982 836
f 836 982 980
f 446 449 515
f 1274 1120 1157
f 515 459 447
f 1715 1724 1508
f 1720 1719 1504
f 1506 1507 1314
f 1956 1957 2168
f 3279 3580 3582
f 2392 2393 2141
f 2962 2669 2961
f 2961 3281 2962
f 3580 3584 3582
f 5238 5239 4881
f 5571 5576 5238
f 4208 4209 4212
f 3880 4209 4208
f 3939 3942 4266
f 5571 5882 5883
f 6176 6180 5886
f 2169 2424 2167
f 4613 4954 4610
f 1705 1707 1495
f 4955 4958 4613
f 3002 3003 3324
f 2700 3003 2699
f 603 516 604
f 698 603 604
f 835 698 699
f 836 980 835
f 835 980 979
f 391 456 390
f 1508 1506 1505
f 1314 1505 1506
f 1740 1957 1739
f 3885 3886 3584
f 5571 5883 5576
f 3939 3941 3942
f 1705 1923 1924
f 1923 2142 1924
f 4610 4609 4268
f 4610 4954 4609
f 3632 3634 3940
f 1706 1495 1707
f 4612 4955 4613
f 6239 6240 6492
f 4955 5314 4958
f 5945 5946 6240
f 983 982 981
f 836 835 699
f 447 446 515
f 1020 1019 1168
f 1504 1314 1507
f 1522 1740 1739
f 2141 2393 2394
f 2668 2669 2392
f 5238 5576 5239
f 2141 2394 2142
f 4548 4549 4209
f 4266 3942 4267
f 4268 4611 4610
f 6491 6493 6448
f 6491 6492 6493
f 2169 2425 2424
f 5646 5647 5946
f 3324 3325 3633
f 2701 3003 2700
f 516 448 518
f 604 699 698
f 1120 1119 984
f 1715 1716 1717
f 1715 1508 1501
f 1715 1501 1716
f 1326 1523 1522
f 3584 3886 3887
f 4552 4549 4548
f 4884 4552 4551
f 4212 4213 3886
f 4212 4209 4213
f 4549 4213 4209
f 5576 5883 5887
f 4267 3943 4268
f 6181 5882 6180
f 6176 6444 6445
f 3940 3634 3941
f 6492 6240 6241
f 3634 3633 3325
f 4955 5315 5314
f 5316 5315 4955
f 1496 1706 1708
f 5314 5315 5646
f 2424 2425 2700
f 3003 3004 3324
f 3004 3003 2701
f 604 516 605
f 983 984 1119
f 447 459 391
f 1501 1508 1317
f 1717 1503 1718
f 1317 1508 1505
f 1718 1503 1719
f 5239 5240 4881
f 3583 3279 3582
f 4883 4884 4551
f 2669 2393 2392
f 2963 2669 2962
f 2962 3281 2963
f 6180 6176 6446
f 3941 3634 3636
f 6444 6449 6445
f 4270 4612 4613
f 4610 4270 4613
f 6448 6667 6449
f 4955 4612 4956
f 4612 4957 4956
f 2425 2169 2426
f 1306 1496 1497
f 1496 1708 1497
f 2700 2425 2701
f 699 604 605
f 983 981 837
f 1503 1717 1716
f 1504 1719 1503
f 1313 1505 1314
f 1019 1169 1166
f 627 730 628
f 875 900 874
f 1014 875 1013
f 5576 5577 5239
f 3279 3583 3280
f 3281 3280 2963
f 3886 4213 3887
f 4882 4549 4552
f 5882 5887 5883
f 4267 3942 3943
f 6181 5887 5882
f 3941 3636 3942
f 1924 1707 1705
f 6180 6446 6181
f 6176 6445 6446
f 6448 6493 6667
f 4955 4959 5316
f 4955 4956 4959
f 6492 6241 6493
f 3634 3325 3635
f 1306 1497 1307
f 5946 5947 6240
f 5647 5947 5946
f 3004 3325 3324
f 3005 3004 2701
f 385 448 449
f 1020 1157 1158
f 1502 1716 1501
f 1501 1317 1316
f 1716 1502 1503
f 1317 1505 1313
f 1312 1504 1503
f 1314 1504 1312
f 1171 1170 1024
f 1325 1171 1172
f 628 531 627
f 874 900 751
f 875 1014 900
f 5577 5240 5239
f 1012 1155 1156
f 4214 4549 4553
f 2393 2669 2395
f 2395 2142 2394
f 6449 6667 6445
f 1706 1925 1708
f 5647 5646 5315
f 3004 3005 3006
f 2701 2425 2702
f 516 518 605
f 699 605 700
f 836 700 837
f 981 836 837
f 836 699 700
f 1157 1120 1015
f 1158 1157 1015
f 1158 1021 1020
f 1316 1317 1165
f 1165 1317 1313
f 1166 1169 1026
f 455 531 532
f 730 874 751
f 1012 1156 1013
f 4881 5240 4883
f 3582 3282 3583
f 3584 3887 3585
f 5887 5888 5576
f 2395 2394 2393
f 2963 2670 2669
f 4214 4213 4549
f 4884 4882 4552
f 2142 2143 1924
f 4269 4611 4268
f 3943 4269 4268
f 3943 3942 3636
f 4610 4269 4270
f 6446 6450 6181
f 4611 4269 4610
f 6446 6668 6450
f 6445 6668 6446
f 1707 1925 1706
f 4957 4614 4956
f 4614 4957 4612
f 1497 1498 1307
f 1497 1708 1498
f 3006 3326 3325
f 2426 2702 2425
f 3006 3325 3004
f 2702 3006 3005
f 2701 2702 3005
f 983 837 984
f 1015 1120 984
f 1316 1315 1501
f 1501 1315 1310
f 1502 1311 1503
f 1311 1312 1503
f 1958 2169 2168
f 5576 5888 5577
f 3584 3282 3582
f 4549 4882 4553
f 2669 2670 2395
f 2396 2142 2395
f 3943 3946 4269
f 4269 3947 4270
f 1707 1926 1925
f 4614 4612 4270
f 1155 1306 1307
f 6494 6493 6241
f 6240 5947 6241
f 5648 5315 5316
f 3635 3325 3326
f 1498 1708 1709
f 5648 5647 5315
f 3007 3006 2702
f 605 518 609
f 984 837 985
f 1158 1015 1159
f 1158 1159 1164
f 1158 1164 1021
f 1502 1501 1310
f 1315 1309 1310
f 1019 1020 882
f 1313 1162 1165
f 1312 1311 1161
f 1162 1314 1312
f 1313 1314 1162
f 532 457 455
f 1957 1958 2168
f 2964 2963 3280
f 3585 3282 3584
f 3887 4213 3888
f 6181 6182 5887
f 3943 3636 3637
f 6493 6494 6667
f 5317 5316 4959
f 3327 3634 3635
f 1925 1709 1708
f 5947 5647 5948
f 2703 2702 2426
f 700 605 609
f 1309 1164 1159
f 1315 1164 1309
f 1164 1315 1165
f 1315 1316 1165
f 882 883 1019
f 1162 1312 1161
f 1169 1022 1026
f 1023 1024 1170
f 1741 1740 1522
f 3280 3282 2964
f 3583 3282 3280
f 5242 4884 4883
f 6182 5888 5887
f 6450 6182 6181
f 1926 1707 1924
f 4614 4270 4615
f 1926 1709 1925
f 6669 6668 6445
f 3634 3327 3636
f 2169 2427 2426
f 5317 5648 5316
f 3326 3327 3635
f 5948 5647 5949
f 2703 3007 2702
f 3326 3006 3007
f 984 985 1015
f 1015 1160 1159
f 1309 1159 1160
f 1160 1310 1309
f 1163 1165 1162
f 1523 1741 1522
f 5577 5888 5580
f 4884 5242 5241
f 2963 2964 2670
f 3888 3585 3887
f 5241 4882 4884
f 4214 3888 4213
f 3943 3944 3946
f 3637 3944 3943
f 4616 4959 4956
f 6668 6451 6450
f 6667 6669 6445
f 6667 6696 6669
f 1710 1709 1926
f 1499 1307 1498
f 1498 1709 1710
f 5947 6242 6241
f 5317 5649 5648
f 3007 2703 3008
f 5947 5948 5951
f 5647 5649 5949
f 5647 5648 5649
f 700 706 837
f 844 837 706
f 449 446 385
f 1310 1311 1502
f 1310 1160 1311
f 1164 1018 1021
f 1161 1311 1160
f 1018 1164 1165
f 1163 1018 1165
f 1020 1021 882
f 1019 883 1022
f 1325 1172 1326
f 1957 1740 1743
f 5240 5243 4883
f 5577 5243 5240
f 2964 3282 3283
f 4885 4882 5241
f 4882 4885 4553
f 2671 2395 2670
f 2395 2671 2396
f 2142 2397 2143
f 2142 2396 2397
f 1155 1307 1156
f 1924 2143 2144
f 6183 6182 6450
f 4269 3946 3947
f 1924 2144 1926
f 6183 6450 6451
f 3944 3945 3946
f 4614 4615 4956
f 6696 6667 6494
f 5317 4959 4960
f 4960 4959 4616
f 6241 6243 6494
f 3326 3007 3327
f 1499 1498 1710
f 5947 5951 6242
f 2704 2703 2426
f 5949 5649 5948
f 837 844 878
f 837 878 985
f 706 700 609
f 1161 1017 1162
f 1163 1162 1017
f 1169 1019 1022
f 1026 1022 887
f 532 531 544
f 3585 3888 3586
f 5890 5888 6182
f 3946 3640 3947
f 3946 3945 3640
f 4271 4615 4270
f 3944 3638 3945
f 3637 3638 3944
f 4956 4615 4616
f 6670 6451 6668
f 6670 6668 6881
f 3327 3637 3636
f 1926 1927 1710
f 3328 3327 3007
f 2704 3008 2703
f 2427 2704 2426
f 5649 5650 5950
f 1710 1711 1499
f 5950 5951 5948
f 5649 5950 5948
f 518 448 519
f 609 518 610
f 384 385 446
f 446 447 384
f 1017 1160 1016
f 1160 1017 1161
f 1023 1026 887
f 1026 1023 1170
f 1171 1024 1172
f 544 531 628
f 4883 5243 5242
f 2670 2964 2965
f 2964 3283 3284
f 3585 3586 3282
f 5580 5888 5890
f 2671 2670 2755
f 2671 2397 2396
f 3328 3637 3327
f 6241 5953 6243
f 6242 5953 6241
f 3328 3007 3008
f 5649 5318 5650
f 5649 5317 5318
f 5950 5650 5951
f 844 845 878
f 845 844 706
f 707 706 609
f 1015 880 1016
f 1160 1015 1016
f 1021 1018 882
f 1013 1037 1014
f 5243 5579 5242
f 5577 5580 5243
f 2964 3284 2965
f 3282 3587 3283
f 3888 4214 3889
f 4553 4554 4214
f 6183 5890 6182
f 3638 3640 3945
f 4271 4616 4615
f 3637 3328 3638
f 6494 6495 6696
f 5317 4960 5318
f 3008 3329 3328
f 6668 6669 6881
f 5318 5319 5650
f 3009 3008 2704
f 6242 5952 5953
f 5650 5952 5951
f 2427 2705 2704
f 5951 5952 6242
f 994 845 846
f 518 519 610
f 846 706 707
f 845 706 846
f 985 880 1015
f 389 447 391
f 390 342 391
f 458 390 457
f 730 751 641
f 1741 1743 1740
f 2755 2670 2965
f 3588 3282 3586
f 1156 1307 1308
f 3640 3641 3947
f 3331 3640 3638
f 3638 3639 3331
f 3638 3328 3639
f 2169 2170 2427
f 6495 6669 6696
f 1307 1499 1500
f 1499 1711 1712
f 2705 2427 2706
f 994 877 845
f 878 845 877
f 1018 1163 1017
f 1743 1958 1957
f 1037 1013 1038
f 1013 1156 1038
f 3588 3587 3282
f 4553 4885 4886
f 4214 4215 3889
f 4214 4554 4215
f 4886 4554 4553
f 2671 2473 2397
f 2671 2755 2473
f 3947 3948 4270
f 3331 3641 3640
f 1927 1926 2144
f 6452 6183 6451
f 3328 3330 3639
f 6452 6451 6670
f 4961 5319 5318
f 1710 1927 1711
f 5953 6244 6243
f 5650 5953 5952
f 2705 3009 2704
f 1500 1499 1712
f 5953 6245 6244
f 6670 6881 6882
f 1711 1928 1712
f 448 385 386
f 707 609 610
f 6184 5890 6183
f 2143 2398 2144
f 2143 2397 2398
f 3948 4271 4270
f 5650 5651 5954
f 5319 5651 5650
f 5318 4960 4961
f 3008 3009 3329
f 1308 1307 1500
f 6670 6671 6452
f 6494 6243 6495
f 3329 3330 3328
f 6697 6669 6495
f 5953 5954 6245
f 5650 5954 5953
f 3009 2705 2707
f 1711 1927 1929
f 6881 6906 6882
f 1713 1712 1928
f 994 847 877
f 707 610 611
f 985 878 879
f 881 1017 1016
f 1018 1017 881
f 882 1018 881
f 628 730 641
f 3283 3587 3284
f 5890 5891 5580
f 3586 3888 3889
f 3947 3642 3948
f 3947 3641 3642
f 4271 3948 4272
f 3639 3330 3331
f 6671 6670 6882
f 6243 6244 6495
f 2707 2705 2706
f 1711 1929 1928
f 6881 6669 6698
f 6882 6906 7066
f 6698 6906 6881
f 877 733 878
f 985 879 880
f 389 391 342
f 3586 3890 3588
f 3588 3890 3895
f 5242 5578 5241
f 5579 5578 5242
f 4554 4886 4887
f 6183 6453 6184
f 6453 6183 6452
f 3330 3010 3331
f 4960 4616 4961
f 3009 3330 3329
f 4961 5320 5319
f 6697 6698 6669
f 6496 6495 6244
f 6245 5954 6244
f 2428 2706 2427
f 6908 6882 7066
f 7066 6906 6907
f 6698 6907 6906
f 846 708 847
f 846 847 994
f 707 611 708
f 708 846 707
f 544 628 641
f 900 1014 1037
f 3284 3587 3589
f 3586 3889 3891
f 3331 3010 3332
f 4616 4271 4617
f 3330 3009 3010
f 1927 2144 1995
f 4617 4961 4616
f 6882 6908 6883
f 2170 2428 2427
f 6495 6496 6697
f 2428 2707 2706
f 1712 1713 1500
f 847 848 995
f 1016 880 881
f 468 458 457
f 457 532 468
f 1172 1024 1025
f 900 1037 901
f 3588 3894 3587
f 5241 5244 4885
f 5241 5578 5244
f 2473 2755 2756
f 4554 4216 4215
f 5891 5890 6184
f 3641 3331 3642
f 6453 6452 6671
f 4617 4271 4272
f 5319 5652 5651
f 5319 5320 5653
f 1995 1929 1927
f 5955 5954 5651
f 3009 2707 2708
f 2707 2428 2429
f 6244 5954 6246
f 6698 6697 6497
f 6246 6496 6244
f 6907 6908 7066
f 1713 1714 1500
f 848 847 708
f 877 847 995
f 877 995 876
f 877 876 733
f 389 384 447
f 880 735 881
f 882 881 735
f 1022 883 885
f 1022 885 887
f 2965 3284 3285
f 3067 2755 2965
f 3284 3589 3285
f 3588 3895 3894
f 4886 4885 4887
f 5581 5243 5580
f 5582 5579 5243
f 3891 3889 4215
f 2169 1958 2170
f 2473 2398 2397
f 2398 2214 2144
f 3010 3009 2708
f 2170 2429 2428
f 6671 6882 6883
f 5954 5955 6246
f 1928 1929 1930
f 6697 6496 6497
f 1928 1930 1713
f 6907 6699 6908
f 6907 6698 6699
f 878 733 734
f 878 734 879
f 737 883 882
f 901 751 900
f 1156 1189 1038
f 2965 3285 3067
f 3587 3894 3589
f 3586 3891 3892
f 5581 5582 5243
f 2214 1995 2144
f 5652 5319 5653
f 2707 2429 2708
f 6908 6699 6883
f 6498 6698 6497
f 1930 1714 1713
f 1714 1546 1500
f 848 849 995
f 448 520 519
f 520 448 450
f 448 386 450
f 880 879 735
f 1741 1742 1743
f 3890 3893 3895
f 2755 3067 3068
f 3586 3893 3890
f 4887 4885 4888
f 4554 4887 4555
f 1308 1189 1156
f 3331 3333 3642
f 3333 3331 3332
f 4962 4961 4617
f 5654 5653 5320
f 2171 2429 2170
f 1929 1995 1770
f 6247 6246 5955
f 6699 6700 6883
f 6496 6247 6497
f 6246 6247 6496
f 6247 6498 6497
f 1346 1500 1546
f 6698 6498 6699
f 848 709 849
f 848 708 709
f 611 610 519
f 709 708 611
f 1327 1523 1326
f 3895 3893 3896
f 2755 3068 2756
f 3896 3894 3895
f 3586 3892 3893
f 5244 5578 5583
f 5579 5889 5578
f 5582 5889 5579
f 5580 5891 5581
f 6453 6185 6184
f 2170 1958 2171
f 3642 3643 3948
f 3333 3643 3642
f 4273 4272 3948
f 5651 5956 5955
f 3010 3011 3332
f 2708 3011 3010
f 2429 2430 2708
f 2430 2429 2171
f 6247 5955 6248
f 1929 1770 1930
f 1500 1346 1308
f 6699 6498 6700
f 849 876 995
f 737 882 735
f 883 737 884
f 1023 887 886
f 545 544 641
f 751 752 641
f 5245 4885 5244
f 3891 4215 3892
f 4554 4555 4216
f 6184 5892 5891
f 6453 6454 6185
f 6453 6671 6454
f 4618 4617 4272
f 4273 3948 4274
f 5651 5652 5956
f 4963 4962 4617
f 4272 4273 4276
f 6883 6672 6671
f 6883 6700 6672
f 6499 6247 6248
f 6247 6499 6498
f 1346 1546 1547
f 731 849 709
f 519 520 612
f 612 709 611
f 611 519 612
f 384 338 385
f 386 385 338
f 544 468 532
f 1172 1327 1326
f 5245 5244 5583
f 4887 4888 4555
f 5245 4888 4885
f 2756 2757 2473
f 4216 4555 4556
f 4215 4216 3892
f 5892 5581 5891
f 3643 3949 3948
f 6671 6672 6454
f 6248 5955 6249
f 4962 5320 4961
f 4273 4275 4276
f 2708 3012 3011
f 6700 6498 6499
f 1714 1930 1768
f 1546 1714 1768
f 1768 1547 1546
f 731 876 849
f 876 732 733
f 883 884 885
f 752 642 641
f 1523 1327 1524
f 1523 1524 1741
f 2757 2756 3068
f 6184 6185 5892
f 6185 6454 6186
f 3949 4274 3948
f 3332 3011 3333
f 2708 2709 3012
f 2430 2709 2708
f 6249 5955 5956
f 5652 5653 5956
f 3011 3012 3013
f 2430 2171 2431
f 520 523 612
f 392 342 390
f 1023 886 1024
f 751 901 752
f 3896 3893 4219
f 3285 3589 3590
f 3589 3894 3590
f 3894 3896 3590
f 4219 3897 3896
f 5581 5889 5582
f 1959 2171 1958
f 2398 2473 2215
f 6454 6187 6186
f 4618 4272 4276
f 3643 3644 3949
f 3643 3333 3644
f 3333 3645 3644
f 2431 2709 2430
f 5320 4962 5321
f 3334 3645 3333
f 3011 3334 3333
f 1189 1308 1346
f 4274 4275 4273
f 3013 3334 3011
f 6701 6672 6700
f 6499 6248 6500
f 876 731 732
f 879 734 735
f 392 390 458
f 1037 902 901
f 1743 1744 1958
f 3067 3397 3068
f 3285 3397 3067
f 3285 3591 3397
f 3590 3592 3285
f 3896 3897 3590
f 5583 5246 5245
f 5581 5584 5889
f 6186 5893 6185
f 5654 5320 5655
f 3647 3644 3645
f 4962 4963 5321
f 1996 1995 2214
f 3335 3334 3013
f 6701 6700 6499
f 629 731 709
f 629 732 731
f 520 450 451
f 733 631 734
f 886 887 739
f 1173 1172 1025
f 1524 1742 1741
f 1037 1038 902
f 1038 1189 1039
f 3285 3592 3591
f 3893 4220 4219
f 3893 4217 4220
f 3892 4217 3893
f 3892 4218 4217
f 4557 4216 4556
f 5584 5581 5892
f 4216 4218 3892
f 4216 4557 4218
f 6185 5893 5892
f 5956 6250 6249
f 3950 4275 3949
f 1959 2172 2171
f 2172 2431 2171
f 1189 1346 1190
f 2398 2215 2214
f 5956 5653 5957
f 4617 4964 4963
f 4617 4619 4964
f 4618 4619 4617
f 3949 4275 4274
f 2710 3013 3012
f 2709 2710 3012
f 3646 3647 3645
f 3645 3334 3335
f 6701 6499 6500
f 3335 3646 3645
f 3335 3013 3336
f 1347 1346 1548
f 1346 1547 1548
f 1769 1547 1768
f 709 617 629
f 709 612 617
f 384 389 341
f 735 736 737
f 469 544 545
f 4888 5245 4889
f 2473 2757 2474
f 4888 4889 4555
f 4556 4890 4557
f 5584 5578 5889
f 4276 4275 3950
f 1996 2214 2215
f 5320 5321 5655
f 6500 6248 6249
f 3647 3646 3335
f 1769 1768 1930
f 617 612 523
f 520 451 523
f 733 732 631
f 384 341 338
f 735 734 632
f 885 884 738
f 3707 3591 3592
f 4219 4220 3897
f 4555 4889 4556
f 1189 1190 1040
f 2215 2473 2474
f 5892 5893 5585
f 6187 5894 6186
f 6187 6454 6455
f 2710 2709 2432
f 6454 6672 6455
f 5956 6251 6250
f 5956 5957 6251
f 3949 3648 3950
f 3644 3648 3949
f 5654 5957 5653
f 4963 4964 5322
f 3644 3647 3337
f 3014 3013 2710
f 6672 6701 6673
f 4276 4277 4618
f 3336 3013 3014
f 1995 1996 1770
f 3014 3335 3336
f 468 544 469
f 1742 1525 1743
f 5578 5247 5583
f 5583 5247 5246
f 5578 5584 5247
f 5585 5584 5892
f 6186 5894 5893
f 3648 3951 3950
f 2431 2432 2709
f 2431 2172 2432
f 3950 4277 4276
f 3644 3337 3648
f 6500 6249 6501
f 4618 4277 4619
f 3335 3014 3337
f 1548 1547 1769
f 732 629 630
f 732 630 631
f 885 739 887
f 1172 1173 1327
f 545 641 642
f 1525 1744 1743
f 3068 2758 2757
f 3068 3069 2758
f 3397 3069 3068
f 3591 3398 3397
f 3591 3707 3398
f 3897 3898 3590
f 3899 3707 3590
f 3707 3592 3590
f 3898 3899 3590
f 3897 4220 4221
f 4217 4558 4220
f 1744 1959 1958
f 4559 4557 4892
f 5584 5585 5247
f 4557 4559 4218
f 5654 5958 5957
f 5655 5656 5654
f 3648 3337 3649
f 5655 5321 5656
f 4963 5322 5321
f 3335 3337 3647
f 6673 6701 6500
f 617 534 629
f 524 617 523
f 629 534 630
f 737 738 884
f 739 885 738
f 886 1025 1024
f 1039 1189 1040
f 3897 4221 3898
f 4220 4558 4221
f 4889 4891 4556
f 5246 4889 5245
f 4556 4891 4890
f 4218 4559 4217
f 4890 4892 4557
f 5893 5894 5586
f 5893 5586 5585
f 2173 2172 1959
f 2432 2172 2433
f 6455 6672 6673
f 5654 5656 5958
f 5321 5322 5656
f 3014 3015 3337
f 1346 1347 1190
f 1549 1347 1548
f 1549 1548 1769
f 524 523 451
f 736 633 737
f 3899 3898 4016
f 3397 3398 3069
f 3899 3708 3707
f 1744 1960 1959
f 4559 4558 4217
f 4560 4558 4559
f 5585 5586 5247
f 4277 3950 4278
f 3648 3952 3951
f 2173 2433 2172
f 6250 6502 6249
f 3648 3649 3952
f 2216 1996 2215
f 2711 3014 2710
f 1770 1769 1930
f 1524 1525 1742
f 3898 4221 4222
f 2758 2474 2757
f 3707 3708 3398
f 4893 4560 4559
f 4559 4892 4893
f 5247 4889 5246
f 2475 2215 2474
f 6187 6188 5894
f 3951 4278 3950
f 4277 4278 4619
f 2711 2710 2432
f 4964 4619 4620
f 5323 5322 4964
f 3015 3014 2711
f 1348 1347 1549
f 450 386 387
f 630 536 631
f 735 632 736
f 393 342 392
f 737 633 738
f 394 392 458
f 3709 3899 4016
f 3709 3708 3899
f 4889 5248 4891
f 1960 2174 1959
f 3951 4279 4278
f 6251 5957 5958
f 6503 6249 6502
f 6503 6501 6249
f 3337 3650 3649
f 6673 6500 6501
f 1770 1549 1769
f 1348 1549 1550
f 525 534 617
f 524 525 617
f 389 342 341
f 753 752 901
f 901 902 753
f 1525 1745 1744
f 3898 4222 4016
f 4558 4222 4221
f 4560 4222 4558
f 4890 4891 4892
f 5247 5249 4889
f 5894 6188 5895
f 4279 3951 4280
f 6250 6251 6502
f 6252 6251 5958
f 2432 2434 2712
f 2432 2433 2434
f 1959 2174 2173
f 2216 2215 2476
f 4620 4619 4278
f 4280 3951 3952
f 3015 3338 3337
f 5322 5323 5656
f 1996 1997 1770
f 1190 1347 1348
f 450 387 451
f 387 386 339
f 299 338 341
f 734 631 632
f 736 632 633
f 342 393 343
f 468 469 403
f 1745 1961 1744
f 3069 3070 2758
f 3069 3398 3070
f 2475 2474 2759
f 2760 2474 2758
f 4893 4892 5252
f 5586 5587 5247
f 6187 6455 6456
f 6251 6252 6502
f 2432 2713 2711
f 2712 2713 2432
f 5958 5656 5959
f 6673 6674 6455
f 4964 4620 4965
f 3337 3338 3650
f 1996 2216 2217
f 4965 5323 4964
f 1771 1550 1549
f 534 525 461
f 534 535 630
f 452 524 451
f 468 403 458
f 643 545 642
f 1524 1327 1330
f 1038 1039 902
f 4222 4354 4016
f 1961 1962 1744
f 2474 2760 2759
f 3070 2760 2758
f 4891 5250 4892
f 5248 4889 5249
f 5587 5249 5247
f 5586 5894 5895
f 2476 2215 2475
f 5586 5896 5587
f 2173 2434 2433
f 3015 3339 3338
f 6673 6501 6674
f 3015 3016 3339
f 3016 3015 2711
f 1549 1770 1771
f 452 525 524
f 386 338 339
f 394 458 403
f 1524 1331 1525
f 1331 1526 1525
f 1746 1962 1961
f 4222 4560 4561
f 1040 1190 1041
f 4892 5250 5252
f 5896 5586 5895
f 4279 4621 4278
f 4279 4623 4621
f 4891 5248 5251
f 6187 6456 6188
f 4278 4622 4620
f 4279 4280 4623
f 4623 4280 4624
f 2435 2173 2174
f 5657 5656 5323
f 4620 4966 4965
f 4965 4966 5324
f 4280 4281 4624
f 3952 4281 4280
f 1190 1348 1191
f 1997 1771 1770
f 534 461 535
f 453 525 452
f 1525 1526 1745
f 4893 4894 4560
f 1962 1960 1744
f 3709 3399 3708
f 3071 2760 3070
f 3398 3399 3070
f 3708 3399 3398
f 4891 5251 5250
f 4622 4278 4621
f 6502 6504 6503
f 5958 5959 5657
f 6674 6456 6455
f 5656 5657 5959
f 2434 2173 2435
f 1996 2217 1997
f 1550 1551 1348
f 1550 1771 1551
f 453 461 525
f 452 451 387
f 630 535 536
f 342 299 341
f 634 739 738
f 1025 886 888
f 545 470 469
f 1173 1175 1327
f 1039 1040 903
f 1745 1746 1961
f 4016 4017 3709
f 4016 4354 4017
f 2175 1960 1962
f 5248 5249 5251
f 5896 5897 5587
f 5895 6188 6189
f 1960 2175 2174
f 2175 2435 2174
f 4624 4972 4623
f 6252 5958 5960
f 4966 4620 4967
f 2713 3016 2711
f 4966 4967 5324
f 3953 3952 3649
f 3650 3953 3649
f 1771 1997 1772
f 452 387 453
f 632 631 538
f 634 740 739
f 739 740 886
f 1025 1027 1173
f 902 754 753
f 902 1039 903
f 4017 4018 3709
f 4222 4561 4562
f 4893 5252 4894
f 3071 3070 3399
f 6502 6253 6504
f 4622 4968 4620
f 3954 3650 3651
f 2217 2216 2476
f 3650 3954 3953
f 3338 3651 3650
f 3953 4281 3952
f 1191 1348 1349
f 1349 1348 1551
f 338 297 339
f 631 536 538
f 394 393 392
f 470 403 469
f 1331 1524 1330
f 1526 1746 1745
f 1746 1963 1962
f 4354 4355 4017
f 4222 4562 4354
f 4560 4894 4561
f 5587 5588 5249
f 5896 5895 6190
f 5895 6189 6191
f 4622 4621 4969
f 2759 2476 2475
f 2760 3071 2759
f 3400 3071 3399
f 5251 5590 5250
f 6188 6456 6189
f 6252 6253 6502
f 4968 4967 4620
f 3340 3338 3339
f 3017 3016 2713
f 2714 2434 2435
f 2476 2218 2217
f 6675 6501 6503
f 5325 4965 5324
f 6675 6674 6501
f 5323 4965 5326
f 5326 4965 5325
f 4624 4281 4282
f 460 461 453
f 388 453 387
f 461 462 535
f 643 642 752
f 5252 5253 4894
f 1962 1963 2175
f 5896 6190 5897
f 4623 4970 4621
f 2759 2761 2476
f 3071 3072 2759
f 4623 4972 4970
f 6252 5960 6253
f 5657 5960 5958
f 6675 6456 6674
f 5323 5658 5657
f 3967 3953 3954
f 1041 1190 1191
f 5323 5326 5658
f 3339 3016 3340
f 1191 1349 1192
f 1771 1772 1551
f 460 453 444
f 444 453 388
f 536 537 538
f 343 299 342
f 902 903 754
f 4562 4355 4354
f 3709 3710 3399
f 5252 5250 5591
f 5250 5590 5591
f 5587 5897 5588
f 1963 2176 2175
f 5251 5249 5589
f 4968 4622 4969
f 2175 2176 2435
f 2713 2712 3017
f 6702 6675 6503
f 5324 4967 5325
f 3953 3967 4282
f 4282 4281 3953
f 1041 1191 1192
f 1349 1551 1552
f 1551 1772 1552
f 340 388 387
f 338 299 297
f 632 538 633
f 738 633 634
f 351 394 403
f 404 403 470
f 888 1027 1025
f 753 644 752
f 1526 1747 1746
f 4017 4356 4018
f 3710 3709 4019
f 5591 5253 5252
f 3711 3399 3710
f 2476 2761 2477
f 3072 2761 2759
f 5589 5590 5251
f 6189 6456 6457
f 6504 6253 6503
f 3651 3338 3352
f 2712 3018 3017
f 2434 2714 2712
f 2176 2436 2435
f 2436 2714 2435
f 3340 3016 3017
f 1998 1997 2217
f 460 444 398
f 300 299 343
f 644 643 752
f 1747 1963 1746
f 3709 4018 4019
f 4356 4017 4355
f 4561 4895 4562
f 4894 4895 4561
f 5591 5592 5253
f 6191 6190 5895
f 4621 4970 4971
f 6189 6457 6191
f 4973 4970 4972
f 6503 6505 6702
f 6503 6253 6505
f 3651 3663 3954
f 4968 5325 4967
f 4972 4625 4973
f 2712 2714 3018
f 4625 4972 4624
f 4624 4282 4625
f 4298 4282 3967
f 536 535 462
f 1327 1175 1330
f 4562 4693 4355
f 6191 6458 6190
f 3399 3711 3400
f 5897 5898 5588
f 6191 6457 6458
f 2761 2762 2477
f 3072 2762 2761
f 3071 3073 3072
f 3073 3071 3400
f 5960 5961 6253
f 3651 3352 3663
f 6676 6456 6675
f 4968 5327 5325
f 6676 6675 6884
f 4282 4298 4625
f 1773 1772 1997
f 382 444 388
f 387 339 340
f 633 539 634
f 886 740 888
f 545 643 546
f 1177 1331 1330
f 1331 1332 1526
f 903 1040 1041
f 5897 6190 5898
f 4621 4971 4969
f 2476 2477 2218
f 2762 3072 2763
f 5657 5658 5960
f 3338 3340 3026
f 3338 3026 3352
f 6884 6675 6702
f 5325 5327 5326
f 1772 1773 1553
f 1553 1552 1772
f 444 382 445
f 444 445 398
f 460 398 395
f 460 395 461
f 4020 3710 4019
f 6190 6458 6459
f 5249 5588 5589
f 1963 2177 2176
f 2477 2762 2478
f 5961 6254 6253
f 3967 3954 3663
f 2176 2177 2437
f 1998 2217 2218
f 1041 1192 1193
f 5326 5659 5658
f 3340 3017 3026
f 5327 5659 5326
f 1773 1997 1998
f 1192 1349 1350
f 1349 1552 1350
f 340 382 388
f 470 545 546
f 1027 1175 1173
f 4562 4895 4896
f 4694 4356 4355
f 5253 5254 4894
f 5590 5902 5591
f 1964 2177 1963
f 4969 4971 5329
f 4971 4970 5330
f 3074 3073 3400
f 6253 6254 6505
f 4973 5330 4970
f 4968 4969 5328
f 4973 4985 5330
f 3663 3968 3967
f 6885 6884 6702
f 4968 5328 5327
f 6884 6885 6676
f 3968 4298 3967
f 2714 3019 3018
f 2176 2437 2436
f 1192 1350 1351
f 461 395 462
f 300 343 344
f 351 403 404
f 644 753 754
f 754 903 755
f 1526 1527 1747
f 903 1041 1042
f 4018 4020 4019
f 4896 4693 4562
f 5591 5902 5592
f 6190 6459 6192
f 6190 6192 5898
f 3400 3711 3401
f 2218 2477 2219
f 2477 2478 2219
f 3072 3073 2763
f 4625 4635 4973
f 4635 4985 4973
f 3018 3026 3017
f 2715 3019 2714
f 2714 2436 2715
f 5328 5659 5327
f 4625 4299 4635
f 4299 4625 4298
f 1553 1350 1552
f 298 340 339
f 547 546 643
f 4694 4358 4356
f 4693 4695 4355
f 5902 5590 5901
f 5590 5589 5901
f 5589 5899 5901
f 5899 5589 5588
f 3401 3074 3400
f 6457 6677 6458
f 4971 5330 5329
f 6456 6676 6457
f 6457 6676 6677
f 6702 6703 6885
f 3352 3026 3353
f 4299 4298 3968
f 3018 3019 3026
f 2437 2715 2436
f 1193 1192 1351
f 4636 4635 4299
f 297 299 265
f 344 343 393
f 394 345 393
f 741 740 634
f 405 351 404
f 643 644 547
f 1177 1332 1331
f 4018 4357 4020
f 4018 4358 4357
f 4358 4018 4356
f 4021 3710 4020
f 4894 5254 4895
f 1042 1041 1194
f 1041 1193 1194
f 1998 2218 2219
f 2479 2762 2763
f 6702 6505 6703
f 3352 3664 3663
f 3352 3353 3665
f 2763 3073 3074
f 5658 5961 5960
f 5329 5328 4969
f 3026 3027 3353
f 1999 1773 1998
f 4986 4985 4635
f 3019 2715 2722
f 4987 4635 4636
f 536 462 537
f 755 903 904
f 1747 1964 1963
f 3710 4021 3711
f 5592 5593 5253
f 5588 5900 5899
f 5898 5900 5588
f 2762 2479 2478
f 6505 6704 6703
f 5329 5330 5341
f 3352 3665 3664
f 4985 5341 5330
f 5962 5658 5659
f 5328 5329 5660
f 4300 3968 3969
f 5659 5328 5661
f 4988 4985 4986
f 3968 4300 4299
f 2722 3026 3019
f 2722 3027 3026
f 4299 4637 4636
f 4635 4987 4986
f 4636 4637 4639
f 4636 4639 4987
f 445 382 383
f 382 340 335
f 298 339 297
f 539 635 634
f 471 470 546
f 1332 1527 1526
f 1964 1747 1748
f 5255 4895 5254
f 4355 4695 4694
f 5898 6192 5900
f 5901 6196 5902
f 2219 2478 2220
f 2220 1998 2219
f 6506 6704 6505
f 6254 6506 6505
f 3663 3664 3968
f 2763 2764 2479
f 6885 6703 6886
f 5658 5962 5961
f 5329 5341 5342
f 6885 6886 6676
f 5659 5661 5962
f 5329 5342 5660
f 4985 4988 5341
f 5328 5660 5661
f 2438 2716 2437
f 4988 4986 4638
f 4637 4299 4300
f 2437 2716 2715
f 4987 4639 4986
f 1351 1350 1352
f 1352 1350 1554
f 298 335 340
f 297 265 264
f 462 463 537
f 538 539 633
f 547 471 546
f 644 754 755
f 4895 5256 4896
f 4895 5255 5256
f 5254 5253 5593
f 6192 6194 5900
f 6458 6677 6459
f 1965 2177 1964
f 3074 3401 3075
f 2479 2764 2480
f 3074 2764 2763
f 5341 4989 5342
f 4988 4989 5341
f 2715 2716 2722
f 1193 1351 1352
f 4638 4986 4639
f 4638 4639 4301
f 1554 1350 1553
f 537 463 538
f 740 741 888
f 888 889 1027
f 1330 1176 1177
f 903 1042 904
f 1747 1527 1748
f 1042 1194 1043
f 1965 1964 1748
f 4020 4357 4021
f 4693 4896 5043
f 4693 5043 4695
f 5902 5903 5592
f 5902 6198 5903
f 6192 6460 6194
f 2764 3074 3075
f 6676 6887 6677
f 1352 1194 1193
f 1999 1998 2220
f 3968 3664 3969
f 6676 6886 6888
f 2438 2437 2177
f 3969 4301 4300
f 2722 2723 3027
f 4637 4300 4301
f 4301 4639 4637
f 1556 1553 1773
f 1553 1556 1555
f 1555 1554 1553
f 336 383 382
f 298 297 264
f 404 470 471
f 1176 1330 1175
f 4358 4359 4357
f 5254 5593 5255
f 5592 5903 5593
f 6192 6459 6460
f 5899 6193 5901
f 6193 5899 5900
f 1999 2220 2221
f 2478 2479 2220
f 3353 3354 3665
f 5962 6255 5961
f 4989 4990 5342
f 4988 4638 4640
f 4302 4301 3969
f 3354 3353 3027
f 1774 1773 1999
f 5660 5673 5661
f 5343 5660 5342
f 4301 4640 4638
f 1353 1352 1554
f 383 398 445
f 382 335 336
f 634 742 741
f 1027 1028 1175
f 4021 4357 4022
f 4358 4696 4359
f 4896 5256 5257
f 4021 4022 3711
f 3711 4022 3712
f 4695 5043 4694
f 5902 6196 6198
f 5901 6197 6196
f 1965 2178 2177
f 2480 2220 2479
f 6676 6888 6887
f 4301 4641 4640
f 4302 4641 4301
f 3969 3970 4302
f 5673 5962 5661
f 5660 5343 5673
f 3028 3027 2723
f 2443 2716 2438
f 383 348 398
f 335 298 295
f 395 396 462
f 538 463 464
f 344 301 300
f 345 344 393
f 1027 889 890
f 1748 1966 1965
f 4358 4694 4697
f 4696 4360 4359
f 5593 5594 5255
f 3401 3402 3075
f 3075 3076 2764
f 6886 6703 6888
f 3970 3969 3664
f 4988 4640 4989
f 4990 5343 5342
f 2190 2438 2177
f 2716 2443 2722
f 1774 1556 1773
f 295 336 335
f 888 741 889
f 548 471 547
f 4358 4697 4696
f 4896 5257 5043
f 5594 5256 5255
f 5593 5903 5594
f 6196 6197 6198
f 3401 3711 3712
f 5903 6198 6199
f 6677 6678 6459
f 6459 6678 6463
f 2222 2221 2220
f 6506 6507 6704
f 6254 6507 6506
f 4302 4303 4641
f 6703 6704 6888
f 5961 6255 6254
f 4641 4642 4640
f 2764 2765 2480
f 1194 1352 1195
f 5344 5343 4990
f 1352 1353 1195
f 398 348 395
f 299 300 265
f 539 538 464
f 635 742 634
f 404 472 405
f 1027 890 1028
f 1176 1175 1028
f 1042 1043 904
f 1966 2178 1965
f 3712 3402 3401
f 2190 2177 2178
f 4303 4302 3970
f 6255 6271 6254
f 3664 3971 3970
f 3664 3665 3971
f 3665 3354 3666
f 2220 2480 2481
f 4640 4990 4989
f 3355 3354 3027
f 5674 5343 5344
f 3355 3027 3028
f 5673 5343 5674
f 2722 2443 2723
f 2438 2191 2443
f 1353 1554 1555
f 336 337 383
f 295 296 336
f 337 348 383
f 300 301 265
f 344 345 302
f 549 548 547
f 1527 1332 1528
f 4357 4023 4022
f 4357 4359 4023
f 4022 3713 3712
f 4359 4024 4023
f 4359 4360 4024
f 5901 6193 6197
f 5043 4697 4694
f 5900 6195 6193
f 6194 6195 5900
f 6459 6463 6460
f 6887 6889 6677
f 6677 6889 6678
f 4303 4642 4641
f 6704 6705 6909
f 6704 6507 6705
f 4642 4990 4640
f 2221 2000 1999
f 2222 2220 2481
f 6271 6507 6254
f 3665 3666 3971
f 2000 1774 1999
f 5673 5976 5962
f 5977 5976 5673
f 5977 5673 5674
f 1195 1353 1354
f 550 547 644
f 1528 1748 1527
f 1044 1043 1194
f 4022 4023 3713
f 5256 5595 5257
f 5594 5596 5256
f 6194 6460 6195
f 3076 3075 3402
f 4025 4024 4360
f 4698 4696 5044
f 5044 4696 4697
f 5045 4697 5043
f 4360 4696 4698
f 4360 4698 4699
f 4642 4303 4643
f 2764 3076 2765
f 4360 4699 4361
f 3970 4304 4303
f 2221 2222 2000
f 6888 7067 6887
f 6909 6888 6704
f 2480 2766 2481
f 3354 3355 3666
f 2438 2190 2191
f 1354 1353 1555
f 336 296 337
f 348 346 395
f 462 396 399
f 462 399 463
f 351 345 394
f 741 744 889
f 472 404 471
f 890 891 1028
f 5595 5598 5257
f 5256 5597 5595
f 5596 5597 5256
f 6193 6195 6461
f 5044 4697 5045
f 1194 1195 1044
f 6507 6706 6705
f 4990 4991 5344
f 4991 4990 4642
f 2480 2765 2766
f 6888 7069 7067
f 5962 5976 6255
f 2723 3029 3028
f 2443 2444 2723
f 2443 2191 2444
f 295 298 264
f 889 744 890
f 644 755 756
f 1044 904 1043
f 1966 2179 2178
f 5043 5257 5392
f 5597 5905 5595
f 5904 5594 5903
f 5045 5043 5392
f 5903 6199 5904
f 4360 4361 4025
f 4700 4361 4699
f 5345 5344 4991
f 3970 3971 4304
f 1044 1195 1196
f 5345 5674 5344
f 3355 3028 3356
f 1774 1775 1556
f 2723 2724 3029
f 2444 2724 2723
f 1354 1555 1556
f 2445 2444 2191
f 295 264 262
f 344 302 301
f 635 539 636
f 549 547 550
f 1749 1966 1748
f 6197 6462 6465
f 6193 6462 6197
f 6461 6462 6193
f 3712 3403 3402
f 3712 3713 3403
f 3714 3713 4023
f 5257 5598 5392
f 6460 6463 6195
f 4024 3714 4023
f 5595 5905 5906
f 5046 4699 4698
f 5044 5046 4698
f 6887 7067 7068
f 6706 6910 6705
f 6507 6271 6524
f 2000 2222 2223
f 5046 4700 4699
f 7069 6888 6926
f 2222 2481 2482
f 2767 2481 2766
f 4361 4700 4362
f 7096 7067 7069
f 6255 5976 6271
f 1775 1774 2000
f 3355 3356 3666
f 5977 5674 5976
f 3356 3028 3029
f 2445 2724 2444
f 636 742 635
f 741 742 744
f 5907 5597 5596
f 6197 6465 6198
f 2190 2178 2179
f 3076 3403 3077
f 3403 3076 3402
f 3713 3714 3403
f 5595 5906 5598
f 6198 6466 6199
f 1197 1044 1196
f 5905 6201 5906
f 6678 6683 6463
f 6678 6890 6683
f 4642 4992 4991
f 4643 4992 4642
f 4303 4304 4643
f 3077 2765 3076
f 7068 6889 6887
f 6910 6909 6705
f 6507 6524 6706
f 2765 2768 2766
f 4026 4025 4362
f 4025 4361 4362
f 2482 2223 2222
f 2767 2482 2481
f 3666 3667 3971
f 5676 5976 5674
f 2190 1976 2191
f 1196 1195 1355
f 1195 1354 1355
f 2724 3030 3029
f 2445 2191 2193
f 305 348 337
f 264 232 262
f 232 264 265
f 1332 1333 1528
f 1749 1967 1966
f 1045 1044 1197
f 2179 1966 1967
f 5905 5597 5910
f 6198 6465 6467
f 5594 5904 5596
f 6195 6463 6464
f 3403 3404 3077
f 3714 3715 3403
f 5598 5716 5392
f 4643 4993 4992
f 2190 2179 2192
f 3714 4024 4025
f 5392 5393 5045
f 5716 5598 5906
f 2192 1976 2190
f 5044 5047 5046
f 5393 5044 5045
f 3078 2765 3077
f 5046 4701 4700
f 6925 6909 6910
f 3078 2768 2765
f 6909 6926 6888
f 4700 4363 4362
f 7067 7096 7251
f 6926 7096 7069
f 5976 6272 6271
f 5976 5981 6272
f 5675 5676 5345
f 5345 5676 5674
f 5976 5676 5981
f 2446 2724 2445
f 2194 2446 2445
f 2445 2193 2194
f 337 296 305
f 395 346 396
f 472 473 405
f 890 743 891
f 1028 1029 1176
f 1029 1177 1176
f 755 904 905
f 5597 5907 5910
f 6195 6464 6461
f 6202 5905 5910
f 5905 6202 6201
f 6199 6200 5904
f 6199 6466 6200
f 4304 4644 4643
f 3714 4025 4026
f 4027 3714 4026
f 4701 5046 5047
f 6890 6678 6889
f 4363 4700 4701
f 4362 4363 4026
f 7068 7067 7251
f 6733 6926 6909
f 3030 3356 3029
f 1556 1557 1354
f 2724 2725 3030
f 2446 2725 2724
f 2446 2194 2447
f 540 636 539
f 309 345 351
f 890 744 743
f 548 472 471
f 904 1044 1045
f 1748 1528 1749
f 6464 6463 6683
f 5393 5047 5044
f 5716 5717 5392
f 5392 5717 5393
f 3078 2769 2768
f 5906 5717 5716
f 4992 5346 4991
f 6910 6706 6730
f 5346 5345 4991
f 4027 4026 4364
f 4026 4363 4364
f 6524 6271 6278
f 3971 3972 4304
f 2000 2223 2001
f 3971 3667 3972
f 2001 1775 2000
f 5981 6273 6272
f 5982 6273 5981
f 3357 3666 3356
f 1557 1556 1775
f 1977 2191 1976
f 1977 2193 2191
f 2193 1977 2194
f 1977 2195 2194
f 2447 2194 2195
f 348 305 346
f 296 295 263
f 1177 1333 1332
f 904 1045 905
f 5596 5908 5907
f 1967 1968 2179
f 2180 2179 1968
f 4643 4644 4993
f 2192 2179 2180
f 5906 6201 6025
f 2183 1976 2192
f 6925 6910 6730
f 4305 4644 4304
f 4027 3715 3714
f 6733 6909 6732
f 6925 6732 6909
f 5677 5345 5346
f 6733 6927 6926
f 6271 6272 6278
f 4304 3972 4305
f 4365 4366 4027
f 4027 4364 4365
f 7252 7068 7251
f 2482 2483 2223
f 2768 2767 2766
f 7097 7096 6926
f 7096 7097 7251
f 3030 3031 3356
f 2447 2725 2446
f 305 304 346
f 296 263 269
f 263 295 262
f 463 399 464
f 539 464 540
f 352 351 405
f 644 645 550
f 1528 1529 1749
f 5904 5909 5596
f 6198 6468 6466
f 6468 6198 6467
f 3404 3403 3715
f 6201 6202 6025
f 5904 6200 5909
f 5906 6025 5717
f 6683 6890 6891
f 2485 2768 2769
f 6889 7068 7070
f 6706 6524 6730
f 5677 5675 5345
f 7068 7252 7253
f 2223 2224 2001
f 1775 2001 2002
f 2223 2483 2225
f 6926 6927 7097
f 5676 5982 5981
f 3357 3358 3667
f 3666 3357 3667
f 1197 1196 1355
f 1557 1355 1354
f 2725 2726 3030
f 2448 2725 2447
f 233 232 265
f 540 464 465
f 302 345 309
f 472 548 473
f 644 756 645
f 1750 1968 1967
f 5596 5909 5908
f 2180 1968 2181
f 3077 3404 3405
f 5047 5048 4701
f 6464 6683 6679
f 3405 3078 3077
f 3404 3715 3716
f 4993 4994 4992
f 4644 4994 4993
f 2192 2180 2183
f 5677 5978 5675
f 4701 4364 4363
f 6890 7071 6891
f 6889 7070 6890
f 6890 7070 7071
f 7070 7068 7253
f 6925 6730 6732
f 5677 5346 5347
f 3715 4027 4028
f 6278 6272 6273
f 2183 1975 1976
f 2225 2224 2223
f 4366 4028 4027
f 2767 2768 2484
f 7097 7252 7251
f 3032 3357 3356
f 3031 3032 3356
f 2726 3031 3030
f 2448 2726 2725
f 2195 2196 2447
f 2195 1978 2196
f 2195 1977 1978
f 270 304 305
f 270 296 269
f 305 296 270
f 743 744 638
f 1333 1529 1528
f 1045 1197 1046
f 1749 1750 1967
f 5907 5908 5910
f 6464 6679 6461
f 6203 6202 5910
f 1968 1969 2181
f 1750 1969 1968
f 5394 5047 5393
f 4364 4701 4368
f 4995 5346 4992
f 2183 2180 2181
f 2182 2183 2181
f 4368 4365 4364
f 6732 6527 6733
f 6732 6730 6731
f 6524 6525 6730
f 5979 5676 5675
f 6928 7097 6927
f 6731 6527 6732
f 4367 4366 4365
f 5676 5983 5982
f 2224 2002 2001
f 2767 2484 2482
f 1355 1557 1356
f 2196 2448 2447
f 262 231 263
f 231 262 232
f 637 742 636
f 755 757 756
f 6462 6682 6465
f 5908 6203 5910
f 5908 5909 6204
f 6466 6468 6200
f 3078 3405 3079
f 3405 3404 3716
f 5717 5394 5393
f 5717 6025 6026
f 6202 6203 6025
f 6025 6203 6026
f 3078 3079 2769
f 4994 4995 4992
f 4028 3718 3715
f 6733 6928 6927
f 6524 6279 6525
f 2768 2485 2484
f 5979 5983 5676
f 6273 5982 6274
f 5983 6274 5982
f 1975 1756 1976
f 1197 1355 1356
f 1976 1756 1977
f 1557 1357 1356
f 309 351 352
f 744 742 638
f 474 473 548
f 549 474 548
f 1028 891 1029
f 1749 1529 1750
f 6682 6462 6680
f 6462 6461 6680
f 5908 6204 6205
f 6200 6468 6469
f 1969 1750 1970
f 2182 2181 1969
f 1970 2182 1969
f 4701 4702 4368
f 4701 5048 4702
f 6679 6683 6891
f 5675 5980 5979
f 2182 1971 2183
f 3715 3717 3716
f 3715 3718 3717
f 4368 4367 4365
f 6524 6278 6279
f 4995 5347 5346
f 6928 7098 7097
f 4305 3972 3973
f 4366 4367 4028
f 4028 4367 4029
f 7252 7097 7098
f 7252 7098 7253
f 6273 6274 6278
f 2225 2483 2226
f 2483 2482 2484
f 3667 3668 3972
f 3668 3667 3358
f 3357 3032 3358
f 1775 1776 1557
f 1558 1557 1776
f 1357 1557 1558
f 1756 1978 1977
f 346 304 347
f 396 346 397
f 405 406 352
f 406 405 473
f 891 743 892
f 891 1030 1029
f 755 905 757
f 1045 1046 906
f 6684 6468 6467
f 6461 6679 6681
f 5048 5047 5394
f 3405 3716 3717
f 4702 5048 5049
f 1970 1971 2182
f 5347 5678 5677
f 5677 5678 5978
f 6527 6528 6733
f 4644 4645 4994
f 4644 4305 4645
f 7070 7253 7254
f 6525 6731 6730
f 4028 4029 3718
f 6280 6278 6274
f 1197 1198 1046
f 3972 3668 3973
f 2002 1776 1775
f 2226 2483 2484
f 2727 2726 2448
f 2448 2196 2449
f 1978 2197 2196
f 265 266 234
f 550 474 549
f 757 645 756
f 1177 1178 1333
f 6467 6465 6682
f 906 1046 1047
f 5717 5718 5394
f 6026 5718 5717
f 5908 6205 6203
f 6892 6679 6891
f 5978 5980 5675
f 6733 6734 6928
f 6528 6734 6733
f 1971 1975 2183
f 6891 7071 7072
f 7070 7255 7071
f 1198 1197 1356
f 1356 1357 1198
f 2727 3031 2726
f 2196 2197 2449
f 347 304 306
f 234 233 265
f 266 301 302
f 473 474 406
f 551 550 645
f 1333 1530 1529
f 6461 6681 6680
f 1970 1750 1971
f 3405 3080 3079
f 3406 3405 3717
f 4702 4703 4368
f 6203 6205 6026
f 6469 6204 6200
f 3406 3717 3718
f 6204 5909 6200
f 6892 6891 7072
f 4994 4645 4995
f 6278 5988 6279
f 7070 7254 7255
f 6527 6731 6526
f 6526 6731 6525
f 7254 7253 7098
f 2002 2224 2003
f 2003 2224 2225
f 1777 1776 2002
f 2228 2226 2484
f 3358 3032 3359
f 3359 3668 3358
f 3032 3033 3359
f 3031 2728 3032
f 3032 2728 3033
f 1776 1559 1558
f 1756 1979 1978
f 2448 2449 2450
f 1979 2197 1978
f 397 399 396
f 266 265 301
f 638 742 637
f 891 892 1030
f 905 1045 906
f 6682 6680 6685
f 3405 3406 3080
f 5049 4703 4702
f 6468 6684 6469
f 6470 6205 6204
f 5678 5347 5348
f 4368 4030 4367
f 1971 1755 1975
f 1047 1046 1198
f 3719 3718 4029
f 7099 7098 6928
f 2231 2484 2485
f 7256 7071 7255
f 6278 6280 5988
f 4305 4306 4645
f 3973 4306 4305
f 2484 2231 2228
f 7071 7256 7072
f 3973 3668 3974
f 2002 2003 1777
f 2003 2225 2226
f 2226 2227 2003
f 1755 1756 1975
f 3031 2727 2728
f 2450 2727 2448
f 304 270 271
f 235 269 263
f 397 346 347
f 231 232 200
f 745 743 638
f 551 474 550
f 6467 6685 6686
f 6685 6467 6682
f 3079 2770 2769
f 5718 6026 6027
f 5678 5679 5978
f 2485 2769 2770
f 3719 3406 3718
f 6204 6471 6470
f 6928 6734 6929
f 5678 5348 5349
f 6527 6282 6528
f 6282 6527 6526
f 6281 6525 6279
f 4996 5348 4995
f 4995 5348 5347
f 4996 4995 4645
f 7098 7099 7254
f 7256 7257 7072
f 6274 5989 6280
f 1776 1777 1559
f 3359 3669 3668
f 3033 3360 3359
f 1558 1559 1357
f 1357 1358 1198
f 2450 2449 2197
f 235 270 269
f 235 263 231
f 464 400 465
f 892 743 745
f 1029 1178 1177
f 906 1047 1048
f 1048 1047 1199
f 5049 5050 4703
f 6686 6684 6467
f 5048 5395 5049
f 6026 6205 6027
f 6469 6684 6687
f 6893 6679 6892
f 5980 5978 5679
f 6528 6735 6734
f 5979 5980 5984
f 5979 5984 5983
f 3719 4029 4030
f 6526 6525 6281
f 5348 4996 4997
f 4367 4030 4029
f 7100 7254 7099
f 4306 3973 3974
f 2227 2004 2003
f 2226 2228 2227
f 3361 3359 3360
f 1359 1198 1358
f 1357 1560 1358
f 2727 2450 2451
f 270 235 237
f 304 271 306
f 757 905 758
f 1530 1531 1529
f 1529 1531 1750
f 3080 2770 3079
f 4369 4368 4703
f 5394 5395 5048
f 5394 5719 5395
f 6679 6893 6681
f 4368 4369 4030
f 6204 6469 6471
f 6311 6205 6470
f 6929 7099 6928
f 6281 6279 5988
f 6282 6526 6281
f 5988 6280 5989
f 7255 7275 7256
f 7100 7255 7254
f 6275 6274 5983
f 5989 6274 6275
f 3974 3668 3669
f 1778 1777 2003
f 2004 1778 2003
f 3361 3669 3359
f 1357 1559 1560
f 2197 1979 1980
f 233 200 232
f 400 464 399
f 646 551 645
f 646 645 757
f 1530 1334 1531
f 5718 5720 5394
f 5718 6027 5720
f 5980 5679 5984
f 5678 5349 5679
f 2770 2771 2485
f 3407 3406 3719
f 6205 6311 6027
f 6469 6687 6471
f 6470 6471 6311
f 7073 6892 7072
f 5349 5348 4998
f 2486 2231 2485
f 7072 7257 7073
f 6275 5983 5984
f 7100 7275 7255
f 4645 4646 4996
f 4306 4646 4645
f 1047 1198 1200
f 1198 1359 1200
f 2228 2004 2227
f 1777 1560 1559
f 1778 1560 1777
f 1358 1560 1561
f 270 237 271
f 302 309 273
f 636 540 541
f 406 474 407
f 1179 1029 1030
f 1750 1751 1971
f 5679 5680 5984
f 5349 5350 5679
f 1751 1755 1971
f 6687 6558 6471
f 1047 1200 1199
f 5348 4997 4998
f 5988 5989 5690
f 4996 4646 4997
f 7275 7276 7256
f 7276 7275 7100
f 7256 7403 7257
f 3670 3974 3669
f 3669 3361 3670
f 1778 2004 1780
f 3034 3361 3360
f 1359 1358 1561
f 1560 1779 1561
f 2450 2197 2198
f 2198 2197 1980
f 235 231 203
f 200 202 231
f 266 302 273
f 474 551 552
f 905 906 758
f 1531 1751 1750
f 3406 3407 3080
f 5049 5395 5050
f 6684 6897 6687
f 2485 2771 2486
f 6893 6892 7073
f 6734 6736 6929
f 6735 6736 6734
f 6528 6529 6735
f 5349 4998 4999
f 6471 6558 6311
f 7100 7099 6930
f 6276 6275 5984
f 2007 2228 2231
f 7257 7403 7258
f 7403 7256 7276
f 2007 2004 2228
f 3034 3360 3033
f 3033 2728 3034
f 3034 3362 3361
f 3361 3362 3670
f 2451 2728 2727
f 1778 1780 1560
f 1560 1780 1779
f 1756 1757 1979
f 1757 1980 1979
f 399 397 349
f 233 234 201
f 541 637 636
f 353 309 352
f 893 892 745
f 1333 1334 1530
f 907 906 1048
f 1531 1532 1751
f 4369 4703 4704
f 5050 4704 4703
f 5050 5396 5051
f 6680 6894 6685
f 6680 6681 6894
f 2770 3080 3081
f 5395 5396 5050
f 6686 6898 6684
f 6893 6895 6681
f 5679 5350 5680
f 6930 7099 6929
f 7257 7258 7073
f 5990 5989 6275
f 7101 7276 7100
f 3974 3670 3975
f 3974 3975 4306
f 2004 2007 1780
f 2450 2198 2451
f 235 236 237
f 203 236 235
f 202 203 231
f 234 266 267
f 309 353 310
f 552 551 646
f 5050 5051 4704
f 6685 6894 6686
f 3080 3407 3081
f 5394 5720 5719
f 5719 5396 5395
f 4031 4030 4369
f 6687 6897 6768
f 5350 5349 4999
f 6768 6558 6687
f 3719 4031 3720
f 4031 3719 4030
f 6276 6277 6275
f 7073 7258 7074
f 4997 4646 4998
f 1199 1200 1201
f 7258 7403 7278
f 4646 4306 4307
f 1755 1538 1756
f 3363 3362 3034
f 1538 1757 1756
f 1780 2005 1779
f 1981 1980 1757
f 233 201 200
f 639 745 638
f 745 746 893
f 1031 1030 892
f 474 552 475
f 906 907 758
f 1048 1199 1049
f 5720 6027 6028
f 6681 6896 6894
f 6896 6681 6895
f 6895 7077 6896
f 3408 3407 3720
f 6898 6897 6684
f 3719 3720 3407
f 6893 7074 6895
f 6893 7073 7074
f 6530 6736 6735
f 6282 6283 6528
f 6768 6769 6558
f 5989 5990 5690
f 7403 7276 7278
f 4306 3975 4307
f 2007 2005 1780
f 2728 2729 3035
f 2451 2729 2728
f 1779 2005 2006
f 1779 1781 1561
f 236 203 204
f 399 349 400
f 540 465 541
f 273 309 310
f 1029 1180 1178
f 1178 1334 1333
f 1334 1532 1531
f 5719 5721 5396
f 5680 5985 5984
f 5000 5350 4999
f 6027 6311 6312
f 6735 6529 6530
f 6528 6283 6529
f 5985 6276 5984
f 2772 2486 2771
f 6558 6559 6311
f 4647 4999 4998
f 4646 4647 4998
f 7100 6930 6932
f 7100 6932 7101
f 7258 7278 7277
f 3975 3670 3671
f 3975 3671 3976
f 3670 3362 3671
f 3034 2728 3035
f 3362 3363 3672
f 1561 1781 1562
f 1779 2006 1781
f 204 237 236
f 303 292 291
f 291 303 333
f 291 333 334
f 267 266 294
f 303 268 292
f 333 291 303
f 333 334 291
f 267 268 234
f 234 229 201
f 746 745 639
f 407 474 475
f 5051 5052 4704
f 1199 1201 1049
f 4369 4704 4705
f 5719 5720 5721
f 5350 5351 5680
f 4369 4370 4031
f 6736 6530 6531
f 6768 6897 6769
f 6737 6930 6929
f 6282 6281 5991
f 5988 5991 6281
f 6769 6559 6558
f 7258 7259 7074
f 6275 6277 5990
f 4646 4307 4647
f 7277 7278 7102
f 7102 7278 7276
f 7101 7102 7276
f 3673 3671 3672
f 3671 3362 3672
f 3034 3035 3364
f 1200 1359 1360
f 3363 3364 3672
f 3364 3363 3034
f 1359 1561 1360
f 1561 1562 1360
f 2198 1980 1981
f 347 349 397
f 266 260 294
f 267 294 293
f 267 293 268
f 268 293 292
f 303 291 268
f 268 258 234
f 234 258 229
f 354 352 406
f 407 354 406
f 552 553 475
f 1029 1179 1180
f 1180 1334 1178
f 5051 5396 5397
f 6028 6027 6312
f 2770 3082 2771
f 3408 3720 3721
f 6769 6897 6770
f 6895 7078 7077
f 4031 3721 3720
f 6930 6737 6931
f 4999 4647 5000
f 7277 7259 7258
f 4647 4307 4308
f 2007 2231 2232
f 4307 3975 4308
f 3975 3976 4308
f 2229 2005 2007
f 2230 2005 2229
f 2005 2230 2010
f 2005 2010 2006
f 1781 2006 1782
f 293 294 260
f 259 293 260
f 258 268 291
f 200 201 179
f 179 202 200
f 266 273 242
f 893 1031 892
f 1030 1031 1179
f 553 552 646
f 1048 1049 907
f 3408 3081 3407
f 5396 5721 5722
f 6894 6898 6686
f 7077 7076 6896
f 4031 4370 4032
f 5680 5681 5985
f 5680 5351 5681
f 4031 4032 3721
f 6898 6770 6897
f 7078 6895 7074
f 6929 6736 6737
f 6282 5991 6283
f 7074 7259 7078
f 6769 6770 6559
f 6559 6770 6771
f 6277 6276 5985
f 1751 1538 1755
f 6932 6930 6931
f 6559 6771 6560
f 7277 7102 7279
f 6932 7102 7101
f 3673 3976 3671
f 2232 2229 2007
f 2729 2730 3035
f 2729 2452 2730
f 2729 2451 2452
f 1782 1562 1781
f 2452 2451 2198
f 2199 2198 1981
f 1982 2199 1981
f 1981 1757 1982
f 238 237 204
f 237 238 271
f 293 259 292
f 266 241 260
f 258 292 259
f 291 292 258
f 266 242 241
f 465 466 541
f 637 541 542
f 354 353 352
f 894 893 746
f 1031 893 1032
f 4704 5053 4705
f 5052 5053 4704
f 5051 5397 5052
f 5396 5722 5397
f 2770 3081 3082
f 2771 3082 3083
f 5351 5350 5000
f 6963 6770 6898
f 6737 6736 6531
f 2487 2486 2772
f 6559 6560 6311
f 5988 5690 5991
f 2231 2486 2487
f 5985 5986 6277
f 5681 5986 5985
f 5990 5987 5690
f 5990 6277 5987
f 4309 4308 3976
f 3674 3976 3673
f 2008 1782 2009
f 2010 2009 1782
f 2230 2229 2010
f 1562 1782 1783
f 2010 1782 2006
f 2199 2452 2198
f 306 271 307
f 202 179 180
f 229 258 230
f 258 259 230
f 201 229 199
f 400 349 401
f 273 274 242
f 148 149 122
f 148 122 130
f 130 131 148
f 476 407 475
f 130 122 99
f 99 122 90
f 476 475 553
f 757 758 646
f 1532 1538 1751
f 4369 4705 4370
f 6028 6029 5720
f 6894 7075 6898
f 2771 3083 2772
f 2772 2773 2487
f 6311 6313 6312
f 7077 7078 7260
f 6529 6284 6530
f 1049 1201 1202
f 6311 6560 6313
f 7259 7262 7078
f 5987 5687 5690
f 6738 6932 6931
f 6771 6772 6560
f 7277 7262 7259
f 7102 7103 7279
f 4310 4647 4308
f 4308 4309 4310
f 1200 1360 1201
f 2008 2009 2233
f 2232 2234 2229
f 2009 2229 2233
f 3364 3365 3672
f 3035 3036 3364
f 2008 1783 1782
f 2009 2010 2229
f 2453 2730 2452
f 1360 1563 1361
f 1360 1562 1563
f 1563 1562 1783
f 1757 1758 1982
f 347 308 349
f 180 203 202
f 201 199 179
f 400 401 465
f 273 310 274
f 176 196 197
f 542 638 637
f 192 197 223
f 176 197 192
f 176 192 171
f 176 171 154
f 171 192 172
f 171 172 149
f 354 407 408
f 171 149 148
f 148 154 171
f 148 131 154
f 123 122 149
f 408 407 476
f 91 122 123
f 130 99 98
f 98 99 65
f 122 91 90
f 1334 1339 1532
f 907 1049 1050
f 3408 3082 3081
f 5721 6030 5722
f 5720 6030 5721
f 2772 3084 2773
f 6531 6530 6284
f 7077 7260 7076
f 3722 3721 4032
f 5000 5352 5351
f 5001 5352 5000
f 5000 4647 5001
f 6738 6933 6932
f 4648 5001 4647
f 6933 7102 6932
f 7103 7102 6933
f 4647 4310 4648
f 3976 3977 4309
f 3977 3976 3674
f 1201 1360 1361
f 2233 2229 2234
f 3672 3366 3673
f 3366 3672 3365
f 3365 3364 3036
f 2008 1784 1783
f 2452 2199 2453
f 204 239 238
f 181 204 203
f 260 241 261
f 230 259 260
f 229 230 199
f 198 224 197
f 177 198 196
f 196 198 197
f 196 176 177
f 197 224 223
f 638 542 639
f 150 149 172
f 150 123 149
f 100 89 88
f 66 89 100
f 131 130 98
f 99 89 65
f 65 89 66
f 99 90 89
f 1031 1034 1179
f 1179 1181 1180
f 1180 1335 1334
f 4705 5053 5054
f 5397 5053 5052
f 1532 1537 1538
f 6029 6030 5720
f 6894 7076 7075
f 6894 6896 7076
f 3083 3084 2772
f 3722 3408 3721
f 6532 6737 6531
f 5681 5351 5353
f 5353 5351 5352
f 7078 7263 7260
f 7078 7262 7263
f 6738 6931 6737
f 7262 7277 7280
f 7279 7280 7277
f 6770 6964 6771
f 5986 5987 6277
f 5683 5986 5681
f 6933 7104 7103
f 2488 2232 2231
f 6773 6772 6771
f 6771 6964 6773
f 4648 4310 4649
f 2008 2233 2011
f 4310 4309 3977
f 2730 3036 3035
f 1538 1758 1757
f 2453 2199 2454
f 1758 1983 1982
f 271 238 272
f 307 271 272
f 204 181 205
f 203 180 181
f 179 199 178
f 230 228 199
f 199 228 198
f 198 177 199
f 228 224 198
f 177 176 155
f 192 193 173
f 192 223 193
f 176 154 155
f 173 172 192
f 103 101 88
f 100 88 101
f 67 100 101
f 67 66 100
f 98 132 131
f 88 89 55
f 65 66 38
f 55 89 90
f 65 68 98
f 55 91 56
f 90 91 55
f 6312 6313 6028
f 6531 6284 6532
f 2231 2487 2489
f 5682 5681 5353
f 6560 6561 6313
f 6561 6560 6772
f 6770 6963 6964
f 7279 7104 7105
f 7103 7104 7279
f 5987 5986 5683
f 5682 5683 5681
f 2234 2232 2490
f 3674 3673 3366
f 3675 3674 3366
f 2008 2011 1784
f 3978 4310 3977
f 3366 3365 3037
f 1539 1758 1538
f 1783 1784 1564
f 3036 3037 3365
f 1563 1783 1564
f 1564 1361 1563
f 204 205 239
f 230 260 261
f 230 226 228
f 199 177 178
f 155 178 177
f 97 85 61
f 64 97 61
f 224 193 223
f 97 87 85
f 64 69 97
f 103 97 69
f 103 87 97
f 155 154 135
f 103 69 101
f 103 88 87
f 101 69 67
f 172 173 150
f 154 131 135
f 131 132 135
f 66 67 38
f 150 124 123
f 88 55 86
f 38 68 65
f 91 123 124
f 91 92 56
f 476 553 554
f 893 894 1032
f 758 647 646
f 1335 1339 1334
f 1049 1203 1050
f 3409 3083 3082
f 3082 3408 3409
f 3722 3723 3409
f 3722 3409 3408
f 4370 4033 4032
f 4033 3722 4032
f 7260 7404 7261
f 7263 7404 7260
f 7280 7281 7262
f 6933 6738 6934
f 5987 5688 5687
f 2488 2231 2489
f 5987 5683 5684
f 2490 2232 2488
f 4649 4310 4311
f 3978 4311 4310
f 2011 2233 2012
f 2012 2233 2234
f 1362 1361 1564
f 3036 2730 2731
f 2730 2453 2731
f 2454 2199 2200
f 1982 2200 2199
f 61 62 34
f 61 34 36
f 61 85 62
f 157 155 156
f 69 64 39
f 173 193 194
f 86 54 87
f 156 155 135
f 69 39 67
f 87 88 86
f 39 38 67
f 746 639 747
f 98 102 132
f 68 102 98
f 70 102 68
f 124 92 91
f 1033 1032 894
f 647 553 646
f 758 907 908
f 5055 5054 5053
f 5397 5055 5053
f 1537 1340 1538
f 3083 3085 3084
f 5722 6031 5723
f 6030 6031 5722
f 1202 1203 1049
f 6028 6313 6029
f 1340 1539 1538
f 6898 7075 7079
f 7076 7079 7075
f 7076 7260 7261
f 6283 6284 6529
f 7262 7281 7263
f 6532 6533 6737
f 5991 5992 6283
f 5690 5691 5991
f 3722 4033 3723
f 6963 6898 7080
f 7404 7405 7261
f 6533 6738 6737
f 5352 5002 5353
f 5001 5002 5352
f 4650 5002 5001
f 7105 7280 7279
f 4648 4650 5001
f 4649 4650 4648
f 6773 6561 6772
f 6934 7104 6933
f 6935 7104 6934
f 4649 4311 4650
f 4650 4311 4312
f 1202 1201 1362
f 6964 6965 6773
f 4311 3978 4312
f 3674 3675 3977
f 1201 1361 1362
f 3037 3367 3366
f 1362 1564 1565
f 1784 1785 1564
f 3037 2731 3038
f 3036 2731 3037
f 2453 2732 2731
f 2454 2732 2453
f 2455 2732 2454
f 1982 1983 2200
f 2454 2200 2455
f 35 63 60
f 35 34 63
f 19 34 35
f 19 36 34
f 63 34 62
f 179 158 180
f 178 158 179
f 226 230 227
f 157 158 178
f 225 228 226
f 228 225 224
f 53 52 62
f 178 155 157
f 61 36 64
f 62 85 53
f 64 36 37
f 193 224 225
f 85 87 54
f 64 37 39
f 55 54 86
f 55 56 30
f 647 758 759
f 1339 1537 1532
f 4705 5054 4706
f 5722 5723 5397
f 3084 2774 2773
f 3084 3085 2774
f 1202 1204 1203
f 7263 7281 7406
f 7263 7406 7404
f 7079 7080 6898
f 6934 6738 6739
f 6313 6561 6562
f 5682 5353 5354
f 7104 6935 7105
f 5987 5684 5688
f 6774 6773 6965
f 4312 3978 3979
f 3978 3977 3675
f 1785 1784 2011
f 1785 2011 1786
f 3675 3676 3978
f 1785 1565 1564
f 3038 2731 2732
f 2732 2455 2733
f 2200 1983 2201
f 2456 2455 2200
f 35 60 33
f 63 51 60
f 19 35 33
f 238 239 272
f 62 52 51
f 51 63 62
f 465 401 466
f 85 54 53
f 355 354 408
f 150 174 151
f 150 173 174
f 150 151 124
f 54 55 30
f 68 38 40
f 68 40 70
f 92 124 125
f 56 92 93
f 1031 1032 1034
f 907 1050 908
f 3083 3409 3085
f 4033 4370 4371
f 7079 7076 7261
f 7405 7404 7500
f 6533 6739 6738
f 7106 7280 7105
f 5353 5003 5354
f 5002 5003 5353
f 2490 2488 2489
f 4650 4312 4313
f 6963 7080 6964
f 6964 7080 7139
f 5683 5682 5356
f 6965 6964 7139
f 6773 6774 6561
f 5683 5356 5684
f 3978 3676 3979
f 1566 1362 1565
f 1565 1785 1786
f 3037 3038 3040
f 3038 2732 2735
f 2732 2733 2735
f 1984 1983 1758
f 2734 2733 2455
f 2455 2456 2734
f 239 205 206
f 52 28 51
f 347 306 308
f 182 205 181
f 159 180 158
f 159 181 180
f 19 20 36
f 29 52 53
f 242 274 243
f 20 37 36
f 157 156 136
f 225 194 193
f 194 174 173
f 409 355 408
f 38 39 21
f 112 135 132
f 409 408 476
f 21 40 38
f 132 102 104
f 746 747 894
f 30 56 57
f 56 93 57
f 92 125 93
f 1032 1033 1034
f 1179 1034 1181
f 758 908 759
f 5397 5723 5398
f 6031 6030 6314
f 3724 3409 3723
f 6562 6315 6313
f 7500 7404 7406
f 6533 6532 6285
f 1340 1341 1539
f 7281 7280 7106
f 6739 6740 6934
f 5687 5360 5690
f 7080 7079 7264
f 7264 7079 7261
f 6934 6740 6935
f 5359 5687 5688
f 6936 7106 7105
f 6935 6936 7105
f 5682 5354 5355
f 5682 5355 5356
f 1362 1204 1202
f 4312 3979 4313
f 3366 3368 3675
f 1566 1565 1786
f 3366 3367 3368
f 3367 3037 3040
f 1758 1539 1759
f 3039 3038 2735
f 2734 2735 2733
f 2200 2201 2456
f 2201 2457 2456
f 182 206 205
f 307 308 306
f 20 19 9
f 261 241 240
f 240 230 261
f 230 240 227
f 226 195 225
f 227 195 226
f 158 157 137
f 157 136 137
f 37 21 39
f 354 311 353
f 156 135 136
f 136 135 112
f 102 70 72
f 477 476 554
f 40 71 72
f 70 40 72
f 554 553 648
f 647 648 553
f 5397 5398 5055
f 4370 4372 4371
f 4705 4372 4370
f 3409 3410 3085
f 2773 2774 2487
f 3409 3724 3410
f 7406 7420 7500
f 7281 7420 7406
f 6284 6283 5993
f 5993 6283 5992
f 7501 7405 7500
f 6535 6740 6739
f 6533 6535 6739
f 6533 6534 6535
f 5360 5691 5690
f 6740 6936 6935
f 4313 4651 4650
f 4650 4651 5002
f 7264 7261 7316
f 5688 5689 5359
f 7405 7316 7261
f 7444 7316 7405
f 7264 7139 7080
f 1204 1362 1363
f 4314 4313 3979
f 6775 6561 6774
f 2011 1787 1786
f 2012 1787 2011
f 2013 1787 2012
f 6965 6966 6774
f 1983 2202 2201
f 2202 1983 1984
f 272 239 245
f 28 52 29
f 160 182 181
f 349 308 350
f 160 181 159
f 159 158 137
f 208 241 242
f 20 21 37
f 466 542 541
f 225 195 194
f 53 54 29
f 29 54 30
f 195 174 194
f 112 132 113
f 747 639 748
f 409 476 477
f 102 72 104
f 151 125 124
f 1335 1180 1181
f 1051 1050 1203
f 3085 3086 2774
f 2487 2774 2775
f 6029 6314 6030
f 6315 6029 6313
f 7281 7282 7420
f 6937 6936 6740
f 6532 6284 6285
f 2776 2489 2487
f 7281 7107 7282
f 7106 7107 7281
f 6534 6533 6285
f 5002 4652 5003
f 7106 6936 7107
f 4651 4652 5002
f 7501 7444 7405
f 7264 7316 7139
f 7316 7318 7317
f 7316 7317 7139
f 5684 5356 5685
f 3980 4314 3979
f 7139 6966 6965
f 3676 3980 3979
f 2013 2012 2234
f 3038 3039 3040
f 1539 1760 1759
f 3039 2735 2736
f 2735 2459 2736
f 2735 2734 2459
f 2201 2202 2458
f 2458 2457 2201
f 2734 2456 2457
f 239 206 212
f 239 212 245
f 307 272 308
f 242 243 208
f 311 310 353
f 137 136 114
f 114 136 115
f 136 112 115
f 175 151 174
f 113 132 104
f 747 748 895
f 151 152 125
f 648 647 760
f 647 759 760
f 908 1050 1051
f 1339 1340 1537
f 4705 4706 4372
f 6740 6741 6937
f 4035 4033 4371
f 7420 7501 7500
f 6285 6284 5994
f 5994 6284 5993
f 5991 5691 5992
f 3723 4034 3724
f 4034 3723 4033
f 5005 5354 5003
f 2489 2776 2490
f 6561 6775 6562
f 5354 5006 5355
f 5355 5006 5356
f 5689 5688 5684
f 7316 7444 7318
f 2235 2234 2490
f 7139 7317 7140
f 1363 1362 1364
f 1786 1787 1567
f 1787 1788 1567
f 7140 6966 7139
f 1566 1567 1362
f 1567 1566 1786
f 2736 2459 2460
f 1758 1759 1984
f 2458 2202 2459
f 2459 2734 2457
f 2459 2457 2458
f 28 29 15
f 240 241 207
f 241 208 207
f 227 209 195
f 20 10 21
f 311 274 310
f 29 30 15
f 311 354 355
f 639 542 640
f 639 640 748
f 175 166 151
f 21 22 40
f 22 41 40
f 31 30 57
f 151 166 152
f 41 71 40
f 71 41 72
f 1033 894 896
f 1033 896 1034
f 1203 1204 1051
f 6031 6032 5723
f 2487 2775 2776
f 6535 6741 6740
f 3410 3724 3725
f 7282 7421 7420
f 7108 6936 6937
f 6285 6535 6534
f 5992 5691 5993
f 5687 5359 5360
f 5003 5004 5005
f 4652 5004 5003
f 3724 4034 3725
f 7108 7107 6936
f 5354 5005 5006
f 4651 4313 4315
f 7444 7445 7318
f 5686 5689 5684
f 5684 5685 5686
f 7318 7140 7317
f 7141 6966 7140
f 1362 1567 1364
f 2234 2235 2013
f 6774 6966 6967
f 3368 3369 3675
f 2459 2202 2460
f 272 245 277
f 9 10 20
f 227 240 209
f 159 137 138
f 138 160 159
f 138 137 114
f 15 30 31
f 105 113 104
f 104 72 73
f 72 41 73
f 94 57 95
f 896 894 747
f 57 93 95
f 93 125 126
f 555 554 648
f 4372 4035 4371
f 2774 3087 2775
f 2774 3086 3087
f 3086 3085 3410
f 6285 6536 6535
f 6029 6315 6314
f 6285 6286 6536
f 6285 5994 6286
f 4652 4651 4315
f 7444 7501 7445
f 7445 7501 7511
f 1205 1204 1364
f 1204 1363 1364
f 5356 5357 5685
f 5357 5356 5006
f 6774 6968 6775
f 7319 7140 7318
f 2013 2014 1787
f 3676 3369 3677
f 3675 3369 3676
f 3041 3368 3367
f 2736 3040 3039
f 2736 2460 2461
f 212 246 245
f 10 9 3
f 10 3 11
f 401 467 466
f 211 186 195
f 10 11 21
f 186 174 195
f 11 22 21
f 175 174 164
f 22 42 41
f 31 57 58
f 409 477 478
f 58 57 94
f 74 105 73
f 105 104 73
f 73 41 74
f 126 95 93
f 649 648 760
f 1335 1186 1339
f 5054 4708 4707
f 5054 5055 4708
f 1051 1204 1205
f 6535 6742 6741
f 6535 6536 6742
f 1341 1342 1539
f 5723 6032 5724
f 5993 5691 5994
f 4033 3727 4034
f 6562 6563 6315
f 7107 7283 7282
f 7107 7108 7284
f 1342 1540 1539
f 2490 2776 2777
f 6562 6776 6563
f 4313 4314 4315
f 6562 6775 6776
f 7446 7445 7518
f 5689 5686 5359
f 7446 7318 7445
f 6969 6775 6968
f 1567 1788 1789
f 1788 1787 1789
f 2013 2235 2014
f 3676 3678 3980
f 3676 3677 3678
f 3041 3367 3040
f 3040 2736 2737
f 2 3 9
f 401 349 350
f 240 207 209
f 211 195 209
f 32 15 31
f 186 164 174
f 114 115 80
f 115 112 80
f 80 112 79
f 175 164 165
f 112 113 79
f 43 42 22
f 79 113 105
f 75 74 41
f 152 126 125
f 94 95 127
f 760 759 649
f 759 908 761
f 1186 1340 1339
f 5054 4707 4706
f 4373 4372 4706
f 5398 5056 5055
f 4373 4035 4372
f 6937 6741 6938
f 4035 3727 4033
f 6031 6314 6032
f 5004 4652 5005
f 2776 2775 3088
f 7283 7421 7282
f 4034 3726 3725
f 7501 7422 7511
f 7284 7283 7107
f 7511 7518 7445
f 6775 6969 6776
f 5357 5686 5685
f 4314 3980 3981
f 1568 1567 1789
f 7140 7319 7320
f 1568 1364 1567
f 6968 6774 6967
f 3369 3370 3677
f 3041 3040 2737
f 2461 2460 2202
f 212 213 246
f 245 246 277
f 272 277 308
f 308 315 350
f 15 32 16
f 138 114 116
f 31 50 32
f 22 11 23
f 23 44 22
f 44 45 22
f 22 45 43
f 895 748 749
f 76 42 43
f 165 142 166
f 175 165 166
f 79 105 106
f 41 42 75
f 166 142 152
f 106 105 74
f 153 126 152
f 75 107 74
f 74 107 108
f 649 759 761
f 5723 5724 5398
f 6286 6288 6536
f 3086 3410 3411
f 3725 3411 3410
f 6937 7109 7108
f 4652 4653 5005
f 6286 5994 5995
f 5691 5995 5994
f 2776 3088 2777
f 7420 7422 7501
f 7421 7422 7420
f 3981 4315 4314
f 5686 5358 5359
f 2490 2777 2491
f 2491 2235 2490
f 1787 2014 1789
f 7140 7320 7141
f 6966 7142 6967
f 3041 3042 3368
f 2737 2738 3041
f 187 206 182
f 160 167 182
f 350 402 401
f 32 26 16
f 211 209 185
f 12 23 11
f 183 164 186
f 116 114 80
f 59 50 31
f 46 44 23
f 31 58 59
f 80 45 44
f 80 79 45
f 45 79 43
f 110 76 79
f 79 76 43
f 79 106 110
f 84 58 96
f 96 58 94
f 153 152 142
f 109 96 94
f 109 75 96
f 106 74 108
f 94 127 109
f 107 109 127
f 75 109 107
f 126 153 128
f 128 95 126
f 127 95 129
f 129 95 128
f 107 127 129
f 554 555 477
f 649 555 648
f 4707 4373 4706
f 3088 2775 3087
f 7109 6937 6938
f 5005 4653 4654
f 4653 4652 4315
f 3726 4034 3727
f 5005 4655 5006
f 7109 7284 7108
f 7446 7518 7447
f 7518 7511 7512
f 7422 7512 7511
f 1205 1364 1206
f 5357 5006 5007
f 7446 7447 7318
f 5686 5357 5358
f 2236 2235 2491
f 1540 1760 1539
f 2235 2236 2014
f 3981 3980 3678
f 6967 7142 6968
f 3370 3678 3677
f 3368 3042 3369
f 2736 2461 2737
f 2202 2203 2461
f 2203 2202 1984
f 1985 1984 1759
f 2203 1984 1985
f 206 187 212
f 4 11 3
f 187 182 167
f 160 144 167
f 11 4 12
f 207 208 184
f 209 207 184
f 274 244 243
f 185 186 211
f 26 32 27
f 13 23 12
f 274 311 312
f 32 50 27
f 543 542 466
f 356 311 355
f 80 83 116
f 23 24 46
f 80 81 83
f 749 748 640
f 47 46 24
f 44 81 80
f 44 46 81
f 164 141 165
f 59 58 84
f 47 77 46
f 46 77 76
f 46 76 81
f 410 355 409
f 76 77 42
f 76 110 81
f 77 78 42
f 142 165 141
f 42 78 75
f 78 84 96
f 110 106 133
f 75 78 96
f 133 106 108
f 477 555 478
f 108 107 129
f 1182 1335 1181
f 1052 908 1051
f 1051 1205 1052
f 5055 5056 4708
f 4036 4035 4373
f 1541 1342 1542
f 6741 6742 6938
f 6742 6536 6743
f 1541 1540 1342
f 3087 3086 3412
f 3412 3088 3087
f 3086 3411 3412
f 4316 4653 4315
f 6314 6315 6316
f 5005 4654 4655
f 3414 3725 3726
f 3088 3089 2777
f 7285 7422 7421
f 7283 7285 7421
f 4655 5007 5006
f 3982 4315 3981
f 5357 5007 5358
f 1206 1364 1207
f 1568 1569 1365
f 1569 1568 1789
f 1790 1789 2014
f 2015 1790 2014
f 1568 1365 1364
f 2014 2236 2015
f 7141 7142 6966
f 3370 3371 3678
f 3369 3042 3370
f 3041 2738 3042
f 213 212 187
f 213 247 246
f 17 16 26
f 144 160 138
f 208 243 244
f 184 208 210
f 138 116 119
f 183 186 185
f 116 83 119
f 27 50 48
f 13 24 23
f 640 542 543
f 183 161 164
f 48 50 59
f 48 59 49
f 24 48 49
f 750 749 640
f 164 161 141
f 141 161 139
f 49 59 84
f 24 49 47
f 49 82 47
f 82 49 77
f 81 77 47
f 77 49 78
f 49 84 78
f 81 110 111
f 77 81 111
f 141 118 142
f 133 111 110
f 108 134 133
f 895 897 747
f 108 129 128
f 1182 1181 1034
f 4374 4036 4373
f 6288 6537 6536
f 4036 3727 4035
f 6287 6288 5995
f 6288 6286 5995
f 7110 7284 7109
f 5691 5996 5995
f 3411 3725 3414
f 7518 7513 7447
f 7513 7518 7512
f 7110 7283 7284
f 6563 6776 6565
f 7448 7318 7447
f 6969 6777 6776
f 1789 1790 1569
f 6777 6969 6968
f 1364 1365 1207
f 7142 6970 6968
f 3679 3981 3678
f 3679 3678 3371
f 3042 3371 3370
f 2737 2461 2462
f 4 5 12
f 138 119 144
f 210 208 244
f 184 185 209
f 401 402 467
f 5 13 12
f 119 83 120
f 27 48 25
f 13 25 24
f 25 48 24
f 83 82 117
f 83 47 82
f 83 81 47
f 139 118 141
f 82 111 118
f 82 77 111
f 142 118 143
f 134 143 118
f 111 134 118
f 111 133 134
f 142 143 153
f 134 128 143
f 128 153 143
f 134 108 128
f 649 761 762
f 4373 4707 4374
f 6744 6938 6742
f 6536 6537 6743
f 3728 3727 4036
f 5724 6032 6033
f 6939 7109 6938
f 3088 3412 3413
f 3726 3727 3414
f 6314 6316 6032
f 6315 6564 6316
f 6563 6565 6315
f 6940 7110 7109
f 5692 5996 5691
f 3088 3413 3089
f 7423 7512 7422
f 2777 2778 2491
f 6565 6776 6777
f 7319 7318 7448
f 7285 7283 7110
f 5359 5358 5008
f 5008 5358 5007
f 6970 6777 6968
f 7141 7321 7142
f 3371 3042 3372
f 2738 3043 3042
f 246 247 277
f 308 277 315
f 17 26 18
f 14 5 7
f 26 14 18
f 184 163 185
f 14 26 27
f 275 244 274
f 183 185 163
f 5 14 13
f 14 27 25
f 13 14 25
f 162 161 183
f 162 139 161
f 410 356 355
f 772 749 750
f 139 117 118
f 82 118 117
f 409 478 410
f 1341 1340 1187
f 1187 1342 1341
f 5399 5057 5398
f 6744 6742 6538
f 6742 6743 6538
f 5691 5360 5692
f 3412 3411 3413
f 6315 6565 6564
f 5996 6287 5995
f 3411 3414 3413
f 2777 3089 2778
f 5359 5008 5360
f 4315 3982 4316
f 7422 7285 7423
f 3679 3982 3981
f 7448 7320 7319
f 2015 2237 2016
f 2237 2015 2236
f 7321 7141 7320
f 1985 2204 2203
f 5 1 7
f 187 214 213
f 213 214 247
f 8 18 14
f 7 8 14
f 184 210 191
f 144 119 120
f 163 162 183
f 140 162 163
f 140 139 162
f 121 117 140
f 121 83 117
f 117 139 140
f 895 899 897
f 650 555 649
f 649 762 650
f 1205 1206 1053
f 4374 4037 4036
f 5398 5057 5056
f 6938 6744 6745
f 1053 1206 1207
f 6745 6939 6938
f 5996 5999 6287
f 7513 7450 7447
f 5996 5692 5997
f 4653 4317 4654
f 4654 4317 4655
f 3089 3413 3090
f 7423 7513 7512
f 6777 6564 6565
f 4656 4655 4318
f 2491 2778 2492
f 4656 5007 4655
f 7285 7286 7424
f 7286 7285 7110
f 2236 2491 2237
f 2237 2491 2492
f 4656 5008 5007
f 2462 2738 2737
f 8 6 18
f 1 6 8
f 1 8 7
f 147 145 163
f 312 275 274
f 467 543 466
f 163 145 140
f 145 120 121
f 121 140 145
f 120 83 121
f 479 410 478
f 749 899 895
f 896 898 1034
f 1187 1340 1186
f 1052 1205 1053
f 1542 1342 1343
f 5056 5057 4709
f 5398 5724 5399
f 6538 6743 6537
f 6287 6537 6288
f 6939 6940 7109
f 6940 7111 7110
f 7447 7450 7448
f 7514 7513 7423
f 3090 2778 3089
f 7285 7424 7423
f 1761 1540 1541
f 1570 1365 1569
f 1790 2015 2016
f 6970 7142 7143
f 7142 7321 7143
f 1540 1762 1760
f 3371 3372 3373
f 3372 3042 3044
f 2204 2461 2203
f 168 167 144
f 169 168 144
f 184 191 170
f 184 170 163
f 163 170 147
f 146 144 120
f 120 147 146
f 147 120 145
f 896 747 898
f 909 761 910
f 761 908 910
f 908 1052 910
f 7513 7514 7450
f 5360 5693 5692
f 4317 4653 4316
f 3413 3414 3091
f 7448 7450 7327
f 7286 7110 7111
f 4317 4318 4655
f 6564 6777 6778
f 7514 7423 7425
f 5361 5360 5008
f 7423 7424 7425
f 1569 1790 1791
f 4656 5009 5008
f 6777 6970 6971
f 6970 7143 6971
f 2017 1790 2016
f 7321 7322 7143
f 3371 3373 3680
f 3042 3043 3044
f 1760 1762 1759
f 1762 1985 1759
f 2462 2461 2204
f 2205 2204 1985
f 187 215 214
f 215 247 214
f 277 247 278
f 188 187 167
f 144 146 169
f 146 147 170
f 483 543 467
f 909 762 761
f 5056 4709 4708
f 5399 5400 5057
f 5399 5724 5725
f 1542 1763 1541
f 4037 3728 4036
f 6744 6538 6745
f 6940 6941 7111
f 6939 6748 6940
f 6939 6747 6748
f 6745 6747 6939
f 6032 6316 6033
f 6564 6779 6566
f 3727 3415 3414
f 3414 3415 3091
f 6564 6778 6779
f 7448 7327 7326
f 7287 7286 7111
f 6777 6971 6778
f 7326 7320 7448
f 3983 3982 3679
f 7322 7320 7325
f 1207 1366 1367
f 1365 1366 1207
f 1365 1570 1366
f 7322 7321 7320
f 3680 3679 3371
f 3044 3045 3372
f 3372 3045 3373
f 3043 2738 3044
f 2738 2739 3044
f 2462 2739 2738
f 2463 2462 2204
f 215 187 188
f 146 170 169
f 402 413 467
f 543 483 560
f 543 560 640
f 640 560 655
f 640 655 750
f 772 750 655
f 479 478 556
f 478 555 556
f 1187 1343 1342
f 4708 4376 4707
f 5399 5725 5400
f 1053 1207 1208
f 4375 4037 4374
f 3728 3415 3727
f 6317 6316 6566
f 6564 6566 6316
f 1763 1761 1541
f 3413 3091 3090
f 3090 2779 2778
f 6971 6779 6778
f 3982 3984 4316
f 7287 7425 7424
f 7320 7326 7325
f 7287 7424 7286
f 3982 3983 3984
f 1207 1367 1368
f 1791 1790 2017
f 7143 7322 7144
f 2016 2237 2017
f 3373 3374 3680
f 3045 3044 2739
f 2205 2464 2204
f 167 168 188
f 191 210 222
f 191 169 170
f 899 749 772
f 898 1036 1034
f 1034 1036 1182
f 4374 4707 4375
f 5724 6033 5725
f 6537 6289 6538
f 6537 6287 6289
f 6566 6779 6780
f 6748 6941 6940
f 5999 6000 6287
f 5999 5996 5997
f 6972 6779 6971
f 5692 5694 5997
f 5693 5694 5692
f 7514 7451 7450
f 3091 2779 3090
f 1369 1207 1368
f 6972 6971 7144
f 7147 7326 7327
f 1569 1791 1571
f 7144 6971 7143
f 1570 1571 1366
f 1569 1571 1570
f 1761 1762 1540
f 2740 3045 2739
f 2462 2463 2739
f 277 278 315
f 350 315 359
f 350 359 402
f 467 413 483
f 312 311 356
f 773 916 772
f 479 480 410
f 650 762 763
f 1335 1182 1186
f 4709 5057 5058
f 5401 5057 5400
f 6779 6973 6780
f 6779 6974 6973
f 7111 6941 7112
f 1208 1207 1369
f 6316 6317 6033
f 6974 6779 6972
f 6974 6972 7144
f 7450 7451 7327
f 7146 6974 7144
f 7323 7147 7327
f 7451 7514 7425
f 7111 7288 7287
f 4318 4317 3986
f 4317 4316 3985
f 3986 4317 3985
f 7326 7147 7325
f 7147 7146 7325
f 5008 5009 5361
f 7146 7144 7322
f 7325 7146 7322
f 4656 4657 5009
f 1367 1366 1572
f 3045 3374 3373
f 1990 1985 1762
f 2464 2463 2204
f 247 215 248
f 168 169 189
f 210 244 222
f 480 411 410
f 897 898 747
f 4707 4376 4375
f 5400 5725 5401
f 4708 4709 4376
f 5725 6033 6034
f 6781 6780 6973
f 6780 6567 6566
f 6745 6538 6539
f 6287 6000 6289
f 6566 6567 6317
f 7145 6973 6974
f 6317 6318 6033
f 7145 6974 7147
f 7323 7145 7147
f 7288 7111 7112
f 5999 5997 5998
f 3729 3415 3728
f 6974 7146 7147
f 7451 7449 7327
f 2779 2492 2778
f 7425 7426 7451
f 3984 3985 4316
f 2238 2237 2492
f 1367 1572 1574
f 2237 2238 2017
f 3681 3983 3679
f 3374 3045 3046
f 2739 2463 2740
f 249 248 215
f 216 215 188
f 247 248 278
f 315 278 316
f 402 359 413
f 916 899 772
f 555 650 556
f 650 763 764
f 1052 1053 910
f 4709 4710 4376
f 7145 6975 6973
f 6033 6318 6319
f 7323 7324 7145
f 5694 5998 5997
f 3415 3416 3091
f 5360 5361 5693
f 7327 7449 7323
f 2492 2779 2493
f 7425 7287 7426
f 7287 7427 7426
f 2492 2493 2238
f 1791 1792 1571
f 4656 4319 4657
f 4318 4319 4656
f 1792 1791 2017
f 3681 3679 3680
f 2741 3046 3045
f 3045 2740 2741
f 1985 1990 2205
f 215 216 249
f 278 248 279
f 278 279 317
f 191 222 218
f 275 276 244
f 275 313 276
f 655 773 772
f 764 763 765
f 763 762 766
f 910 1053 1054
f 4375 4376 4037
f 6034 6033 6319
f 6781 6567 6780
f 6975 6781 6973
f 6567 6318 6317
f 6745 6539 6746
f 6289 6000 6290
f 6745 6746 6747
f 5999 5998 5695
f 7288 7289 7287
f 7289 7427 7287
f 7451 7426 7449
f 1368 1367 1574
f 1366 1573 1572
f 1572 1573 1574
f 2740 2463 2741
f 2205 2211 2464
f 411 356 410
f 916 917 899
f 650 764 651
f 763 766 765
f 766 762 909
f 1053 1208 1055
f 5058 4711 4709
f 5999 5695 6000
f 7112 7289 7288
f 3091 3092 2779
f 3091 3416 3092
f 3415 3730 3416
f 5010 5361 5009
f 4657 5010 5009
f 1792 1793 1571
f 1366 1571 1573
f 2017 2018 1792
f 2238 2018 2017
f 3680 3374 3681
f 3046 3047 3374
f 2742 2741 2463
f 2470 2463 2464
f 2464 2211 2470
f 168 190 188
f 316 359 315
f 169 191 189
f 357 312 356
f 651 556 650
f 897 1035 898
f 1036 1186 1182
f 1054 1053 1055
f 1542 1543 1763
f 7145 6976 6975
f 4376 4038 4037
f 4710 4377 4376
f 4709 4711 4710
f 7145 7324 7148
f 6289 6290 6538
f 6941 6749 6942
f 6941 6748 6749
f 6942 7112 6941
f 7113 7289 7112
f 3415 3729 3730
f 7449 7324 7323
f 5361 5362 5693
f 2018 2019 1792
f 3986 4319 4318
f 3984 3682 3985
f 3983 3682 3984
f 1574 1573 1575
f 3046 2742 3047
f 2741 2742 3046
f 188 217 216
f 218 189 191
f 484 483 413
f 275 312 313
f 916 773 774
f 1035 1036 898
f 767 766 909
f 5401 5058 5057
f 5725 5726 5401
f 6976 6781 6975
f 6034 6035 5725
f 6318 6567 6320
f 4377 4038 4376
f 4037 4038 3728
f 6942 7113 7112
f 3728 4038 3729
f 7148 7324 7328
f 7449 7328 7324
f 5362 5694 5693
f 7449 7426 7328
f 7427 7289 7290
f 7427 7328 7426
f 7290 7328 7427
f 1792 2019 2020
f 2020 1793 1792
f 3986 3985 3682
f 4657 4319 4658
f 1794 1573 1571
f 3983 3681 3682
f 2463 2743 2742
f 2470 2743 2463
f 1990 2211 2205
f 189 190 168
f 359 316 360
f 560 483 561
f 655 774 773
f 652 651 764
f 764 765 652
f 766 652 765
f 5726 5402 5401
f 6976 6977 6781
f 7145 7148 6976
f 7148 7149 6976
f 1208 1369 1209
f 6320 6319 6318
f 6538 6290 6539
f 4710 4378 4377
f 4710 4711 4378
f 6747 6540 6748
f 6747 6746 6540
f 5695 6001 6000
f 3731 3416 3730
f 3092 2780 2779
f 2780 2493 2779
f 3986 4320 4319
f 4320 3986 3987
f 3986 3682 3987
f 3374 3375 3681
f 2742 2743 3048
f 2212 2211 1990
f 216 250 249
f 188 190 217
f 222 251 218
f 222 244 251
f 557 480 479
f 1183 1036 1035
f 766 767 652
f 910 1054 911
f 1343 1543 1542
f 5725 6035 5726
f 5058 5059 4711
f 7290 7289 7113
f 3731 3732 3416
f 2781 2493 2780
f 2019 2018 2020
f 4658 5010 4657
f 1368 1574 1370
f 1794 1571 1793
f 4320 3987 4321
f 1574 1575 1370
f 4319 4320 4658
f 3375 3682 3681
f 3374 3047 3375
f 3047 2742 3048
f 3047 3048 3376
f 2750 2743 2470
f 2470 2211 2212
f 316 278 317
f 244 276 251
f 359 414 413
f 561 483 484
f 916 774 917
f 479 556 557
f 897 899 1035
f 652 556 651
f 909 910 767
f 6977 6782 6781
f 5726 6035 5728
f 6567 6568 6321
f 1764 1763 1543
f 6749 6943 6942
f 3416 3417 3092
f 3730 3729 4039
f 3729 4040 4039
f 7291 7290 7113
f 3731 3730 4039
f 5010 5362 5361
f 2239 2020 2018
f 1763 1986 1761
f 2239 2238 2493
f 2238 2239 2018
f 1575 1576 1370
f 1575 1573 1576
f 4658 4320 4659
f 1762 1761 1987
f 4321 4659 4320
f 3375 3047 3377
f 1762 1987 1990
f 249 279 248
f 276 313 314
f 313 312 357
f 481 411 480
f 1036 1187 1186
f 6976 6978 6977
f 5058 5402 5059
f 5402 5058 5401
f 6567 6321 6320
f 6781 6568 6567
f 4712 4378 4711
f 7329 7148 7292
f 6540 6749 6748
f 6539 6540 6746
f 6000 6001 6290
f 7292 7148 7328
f 5694 5695 5998
f 3416 3732 3417
f 5694 5362 5695
f 3987 3682 3988
f 3375 3683 3682
f 217 250 216
f 357 356 411
f 767 910 911
f 1055 1208 1209
f 7150 6978 6976
f 5726 5727 5402
f 6319 6035 6034
f 7149 7148 7329
f 4377 4041 4038
f 4378 4041 4377
f 6942 6943 7114
f 4038 4041 3729
f 7113 7114 7291
f 7114 7113 6942
f 7290 7292 7328
f 7290 7291 7292
f 3732 3418 3417
f 3092 3093 2780
f 3093 3092 3417
f 3732 3731 3733
f 1764 1986 1763
f 2021 1794 1793
f 1573 1794 1795
f 1795 1576 1573
f 4321 3987 3988
f 4322 4659 4321
f 3376 3684 3377
f 3376 3377 3047
f 2465 2470 2212
f 249 280 279
f 189 218 219
f 313 357 358
f 656 655 560
f 557 481 480
f 652 767 768
f 1187 1344 1343
f 1054 1055 911
f 1343 1344 1543
f 6976 7149 7150
f 5726 5728 5727
f 6781 6782 6568
f 6035 6319 6036
f 6540 6539 6290
f 3729 4042 4040
f 3731 4039 3733
f 2021 1793 2020
f 2020 2239 2240
f 1370 1576 1371
f 3682 3683 3988
f 3988 4322 4321
f 3377 3683 3375
f 2465 2744 2470
f 249 250 280
f 279 280 318
f 414 359 360
f 560 561 656
f 917 1035 899
f 653 556 652
f 6977 6978 6782
f 6320 6321 6037
f 6320 6036 6319
f 1209 1369 1210
f 4378 4379 4041
f 3729 4041 4042
f 7291 7114 7292
f 1369 1368 1210
f 3732 3733 3418
f 3377 3684 3683
f 3049 3376 3048
f 3049 3048 2743
f 2212 1990 2206
f 190 189 219
f 7150 6979 6978
f 7150 7149 7152
f 6035 6036 5728
f 5059 4712 4711
f 4378 4712 4379
f 3093 2781 2780
f 2241 2020 2240
f 2494 2239 2493
f 5011 4658 4659
f 3683 3989 3988
f 3684 3685 3683
f 2743 2750 3049
f 2212 2206 2465
f 317 279 318
f 252 218 251
f 1035 917 1063
f 7150 7151 6979
f 6036 6320 6037
f 7149 7329 7152
f 7329 7292 7293
f 6943 7115 7114
f 5362 5696 5695
f 4039 3734 3733
f 3734 4039 4040
f 1210 1368 1370
f 2021 2020 2241
f 2493 2782 2494
f 2782 2493 2781
f 2240 2239 2494
f 1372 1371 1576
f 4322 4660 4659
f 3988 4323 4322
f 4322 4323 4660
f 3685 3989 3683
f 3376 3378 3684
f 3378 3376 3049
f 2751 2750 2470
f 2470 2744 2751
f 250 217 220
f 317 361 316
f 413 414 485
f 655 656 657
f 768 653 652
f 6782 6978 6979
f 6782 6783 6568
f 6321 6322 6037
f 6321 6568 6322
f 6540 6290 6541
f 7114 7293 7292
f 5695 6002 6001
f 4043 4040 4042
f 1986 1764 1991
f 1210 1370 1371
f 1986 1988 1761
f 4658 5011 5010
f 1794 1577 1795
f 3684 3378 3685
f 319 318 280
f 317 318 361
f 360 415 414
f 413 485 484
f 482 411 481
f 653 557 556
f 1188 1187 1036
f 911 1055 1056
f 7150 7152 7151
f 6749 6540 6750
f 4041 4044 4042
f 4041 4379 4380
f 3417 3094 3093
f 3418 3094 3417
f 3418 3733 3734
f 2782 2781 3093
f 5362 5363 5696
f 1988 1986 1991
f 1577 1576 1795
f 3685 3378 3686
f 4323 3988 4324
f 3988 3989 4324
f 1990 1987 2206
f 217 190 220
f 219 221 190
f 287 276 314
f 562 561 484
f 314 313 358
f 657 774 655
f 774 775 917
f 1183 1188 1036
f 1188 1345 1187
f 1056 912 911
f 1345 1344 1187
f 1055 1209 1056
f 6322 6568 6569
f 1056 1209 1210
f 5403 5402 5727
f 6036 5729 5728
f 7152 7329 7330
f 7329 7293 7330
f 6749 6750 6943
f 6540 6541 6750
f 4380 4044 4041
f 4379 4712 4380
f 7293 7114 7115
f 3418 3419 3094
f 4044 4043 4042
f 3093 3094 2782
f 3418 3734 3419
f 4040 3736 3734
f 5362 5010 5363
f 1576 1577 1372
f 3379 3378 3049
f 3685 3990 3989
f 3989 3990 4324
f 281 251 276
f 656 561 562
f 358 357 412
f 412 357 411
f 767 912 768
f 767 911 912
f 5060 5402 5403
f 6943 6944 7115
f 6943 6750 6944
f 5695 5696 6002
f 2783 2782 3094
f 4040 4043 3736
f 1371 1211 1210
f 5012 4659 4660
f 4324 4660 4323
f 3990 3685 3686
f 4325 4324 3990
f 3049 2750 3061
f 2744 2465 2745
f 2466 2745 2465
f 2206 2466 2465
f 190 221 220
f 218 252 219
f 1183 1035 1184
f 6979 6784 6782
f 6568 6783 6569
f 6783 6782 6784
f 5403 5727 5728
f 6037 5729 6036
f 7330 7293 7428
f 6542 6541 6290
f 6290 6001 6291
f 3735 3734 3736
f 2494 2782 2495
f 2241 2240 2494
f 1988 1989 1761
f 1371 1372 1211
f 1211 1372 1373
f 1577 1578 1372
f 1372 1578 1373
f 4659 5012 5011
f 3061 2750 2751
f 220 253 250
f 361 318 319
f 252 251 281
f 276 287 281
f 656 562 657
f 426 412 411
f 775 774 657
f 1183 1336 1188
f 6783 6784 6570
f 5402 5060 5059
f 5403 5728 5729
f 1765 1764 1543
f 4714 4712 5059
f 4044 4380 4045
f 7115 7116 7293
f 6542 6750 6541
f 6290 6291 6542
f 6001 6002 6292
f 2207 1987 1989
f 1987 1761 1989
f 4661 4660 4324
f 3991 3990 3686
f 2467 2466 2206
f 361 319 362
f 220 221 254
f 775 918 917
f 917 918 1063
f 1188 1336 1345
f 5403 5404 5060
f 1765 1992 1764
f 4713 4712 4714
f 1764 1992 1991
f 4380 4381 4045
f 4381 4380 4712
f 3734 3420 3419
f 1210 1211 1057
f 4660 4661 5012
f 4326 3990 3991
f 3990 4326 4325
f 3379 3049 3061
f 3050 2751 2744
f 2744 2745 3050
f 2745 2466 2467
f 250 253 280
f 280 320 319
f 219 252 221
f 426 411 482
f 1185 1035 1063
f 1344 1544 1543
f 6979 6785 6784
f 6037 6322 6038
f 6323 6322 6569
f 4714 5059 5060
f 7330 7428 7452
f 4381 4712 4713
f 6750 6945 6944
f 7115 6944 7116
f 6001 6292 6291
f 3734 3735 3420
f 2241 2494 2242
f 1373 1374 1211
f 1578 1577 1794
f 3378 3687 3686
f 3686 3687 3991
f 3379 3687 3378
f 1987 2208 2206
f 2206 2208 2468
f 3050 2745 3051
f 253 220 255
f 316 361 360
f 484 485 562
f 919 918 775
f 769 653 768
f 1185 1184 1035
f 6979 6980 6785
f 6783 6570 6569
f 6037 6038 5729
f 6322 6323 6038
f 7331 7152 7330
f 7452 7331 7330
f 7293 7116 7294
f 6750 6751 6945
f 6002 5696 6003
f 3094 3095 2783
f 3419 3095 3094
f 4044 3736 4043
f 2495 2782 2783
f 2241 2242 2022
f 1794 2021 1796
f 2241 2022 2021
f 3061 3391 3379
f 414 415 485
f 7151 7152 6980
f 5060 5404 5061
f 1210 1057 1056
f 6945 7116 6944
f 6291 6292 6542
f 2242 2494 2495
f 5364 5363 5010
f 5364 5010 5011
f 1794 1796 1578
f 2206 2468 2467
f 2745 2746 3052
f 2746 2745 2467
f 280 253 282
f 220 254 255
f 6569 6570 6324
f 7152 7153 6980
f 5729 5730 5403
f 6323 6324 6038
f 6324 6323 6569
f 7428 7293 7294
f 6750 6542 6751
f 6003 6292 6002
f 2783 3095 2784
f 3420 3095 3419
f 3421 3735 3736
f 2784 2495 2783
f 2496 2495 2784
f 2021 2022 1796
f 4325 4662 4324
f 3379 3391 3688
f 3050 3061 2751
f 3051 2745 3052
f 280 282 320
f 361 362 360
f 326 314 358
f 1064 918 919
f 1345 1544 1344
f 6979 7151 6980
f 5405 5061 5404
f 4714 5060 5061
f 4382 4713 4714
f 4046 4045 4381
f 3737 3736 4044
f 1578 1796 1579
f 1578 1579 1373
f 1374 1373 1580
f 3991 3992 4326
f 3379 3688 3687
f 4662 4325 4326
f 283 253 255
f 221 252 256
f 558 481 557
f 1064 1063 918
f 1336 1337 1345
f 1544 1765 1543
f 7152 7331 7153
f 5404 5403 5405
f 5729 6039 5730
f 4044 4045 3737
f 7117 7116 6945
f 6292 6293 6542
f 5696 6004 6003
f 2242 2495 2496
f 1988 2209 1989
f 5011 5012 5365
f 3991 3687 3992
f 253 283 282
f 254 284 255
f 415 486 485
f 653 558 557
f 770 769 768
f 770 768 912
f 6570 6571 6324
f 6570 6784 6785
f 4713 4382 4381
f 7116 7295 7294
f 3420 3421 3096
f 7117 7295 7116
f 5697 5696 5363
f 1057 1211 1212
f 3420 3735 3421
f 1212 1211 1374
f 2243 2022 2242
f 5365 5364 5011
f 1373 1579 1580
f 4661 4324 4662
f 3050 3380 3061
f 2746 3053 3052
f 482 481 559
f 558 559 481
f 7331 7154 7153
f 4382 4714 4715
f 7452 7428 7332
f 4381 4382 4046
f 7428 7294 7429
f 1992 1993 1991
f 3095 2786 2784
f 3096 3095 3420
f 2207 1989 2210
f 4662 4326 4663
f 3391 3061 3392
f 3380 3392 3061
f 2467 2747 2746
f 2747 2467 2468
f 319 320 362
f 920 1064 919
f 6786 6571 6570
f 4714 5061 5062
f 5062 5061 5405
f 6040 6038 6324
f 5405 5406 5062
f 7294 7430 7429
f 7294 7295 7430
f 7117 6945 7118
f 6945 6751 6946
f 7118 6945 6946
f 6542 6543 6751
f 6751 6543 6752
f 6542 6293 6543
f 6292 6003 6293
f 3736 3737 3421
f 7295 7117 7119
f 5696 5697 6004
f 1993 1988 1991
f 2209 1988 1993
f 2496 2785 2497
f 2496 2497 2242
f 2022 2243 2244
f 1796 2022 2023
f 5366 5365 5012
f 1987 2207 2208
f 4326 3992 4327
f 4661 4662 4663
f 3052 3053 3383
f 362 320 363
f 415 360 416
f 281 256 252
f 358 371 326
f 1183 1184 1337
f 1336 1183 1337
f 5403 5730 5405
f 5730 6039 6041
f 5729 6040 6039
f 6040 5729 6038
f 7331 7452 7332
f 7428 7429 7332
f 4046 3737 4045
f 3095 3096 2786
f 3737 3422 3421
f 2786 2496 2784
f 6947 6946 6751
f 2242 2497 2243
f 1797 1580 1579
f 5366 5012 5013
f 5013 5012 4661
f 3993 3992 3687
f 3688 3993 3687
f 5013 4661 4663
f 3391 3698 3688
f 3052 3381 3051
f 3052 3383 3381
f 255 285 283
f 254 257 284
f 257 254 221
f 326 287 314
f 563 562 485
f 371 358 412
f 1064 1185 1063
f 654 653 769
f 4714 5062 4715
f 7332 7154 7331
f 3737 4046 3738
f 3421 3422 3096
f 6751 6752 6947
f 7295 7119 7296
f 7117 7118 6946
f 6946 7119 7117
f 2022 2244 2023
f 5013 4663 4664
f 4327 4663 4326
f 3992 3993 4327
f 3053 3054 3383
f 2747 3053 2746
f 221 256 257
f 360 362 417
f 562 658 657
f 1056 1057 912
f 6980 6981 6785
f 5730 6041 5731
f 4382 4715 4383
f 5363 5364 5697
f 1212 1374 1375
f 7120 7119 6946
f 7121 7120 6946
f 7122 7121 6946
f 2209 2210 1989
f 1579 1798 1797
f 2210 2208 2207
f 3688 3698 3993
f 3698 3391 3392
f 3054 3053 2747
f 360 417 416
f 256 281 287
f 563 658 562
f 657 776 775
f 775 776 919
f 912 913 770
f 6570 6572 6786
f 6570 6785 6572
f 6980 7153 6981
f 5062 5063 4715
f 4382 4047 4046
f 6003 6294 6293
f 6004 6294 6003
f 7122 6946 6947
f 7119 7297 7296
f 7120 7297 7119
f 1374 1580 1375
f 1579 1796 1798
f 4663 4327 4664
f 2208 2469 2468
f 2469 2748 2468
f 3050 3051 3381
f 3383 3054 3384
f 776 920 919
f 921 1064 920
f 1058 913 912
f 1545 1544 1345
f 6981 6787 6785
f 6324 6325 6040
f 5063 4716 4715
f 6041 6039 6040
f 4716 4383 4715
f 4382 4383 4047
f 7430 7453 7429
f 3422 3737 3738
f 6293 6310 6543
f 3096 3422 3097
f 2496 2787 2785
f 2496 2786 2787
f 1375 1580 1581
f 1581 1580 1797
f 5038 5365 5366
f 5014 5367 5013
f 5013 4664 5014
f 4327 3993 4328
f 4005 3698 3699
f 3383 3384 3381
f 3054 2747 3055
f 283 285 282
f 320 282 321
f 286 255 284
f 920 776 921
f 496 482 559
f 577 559 558
f 6571 6325 6324
f 5406 5063 5062
f 5406 5064 5063
f 6947 6752 6948
f 6543 6557 6752
f 2244 2243 2245
f 7122 7299 7121
f 7298 7297 7120
f 7299 7298 7120
f 7299 7120 7121
f 1797 1798 1581
f 5366 5013 5038
f 5038 5013 5367
f 4327 4665 4664
f 4328 3993 4006
f 3698 4006 3993
f 4005 4006 3698
f 3698 3392 3699
f 2210 2469 2208
f 3380 3689 3392
f 2468 2748 2747
f 3381 3384 3690
f 285 324 322
f 285 322 282
f 286 285 255
f 362 363 417
f 288 257 256
f 417 487 416
f 921 1065 1064
f 6785 6787 6572
f 7153 7154 6982
f 5405 5407 5406
f 5730 5731 5405
f 6040 6325 6041
f 1544 1766 1765
f 7429 7453 7332
f 1992 1765 1766
f 1766 1993 1992
f 4046 4047 3738
f 6293 6294 6310
f 1375 1376 1212
f 7295 7431 7430
f 7431 7295 7296
f 6752 6767 6949
f 6557 6767 6752
f 6947 6948 7122
f 2243 2246 2245
f 2497 2246 2243
f 1582 1375 1581
f 4664 4665 5014
f 4327 4328 4665
f 3380 3050 3382
f 3054 3385 3384
f 3054 3055 3385
f 286 324 285
f 363 320 364
f 284 257 286
f 415 416 486
f 371 412 426
f 427 426 482
f 496 559 577
f 654 558 653
f 1059 912 1057
f 1212 1059 1057
f 5064 4716 5063
f 3738 3739 3422
f 3096 3097 2786
f 7430 7431 7334
f 6752 6949 6948
f 6310 6557 6543
f 6004 5697 6005
f 2785 2498 2497
f 7296 7297 7432
f 3382 3689 3380
f 3050 3381 3382
f 3382 3381 3690
f 256 287 289
f 485 486 563
f 769 770 654
f 6572 6571 6786
f 6982 6981 7153
f 5405 5731 5407
f 4716 5064 5065
f 4716 4717 4383
f 7332 7453 7333
f 4384 4047 4383
f 4717 4384 4383
f 7453 7430 7334
f 3422 3423 3097
f 7299 7308 7298
f 2209 1994 2210
f 5038 5367 5035
f 5036 5035 5367
f 5036 5367 5368
f 5367 5015 5368
f 5367 5014 5015
f 3384 3385 3386
f 2747 3056 3055
f 282 322 323
f 282 323 321
f 320 321 364
f 417 363 364
f 287 326 289
f 486 564 563
f 563 659 658
f 657 658 776
f 922 921 776
f 921 922 1065
f 1065 1185 1064
f 654 577 558
f 1345 1533 1545
f 912 1059 1058
f 1545 1766 1544
f 6571 6572 6325
f 6981 6788 6787
f 6982 6788 6981
f 5406 5407 5064
f 7155 6982 7154
f 7155 7154 7332
f 4716 5066 4717
f 3738 4047 3739
f 3422 3739 3423
f 6294 6024 6310
f 2786 3098 2787
f 6557 6310 6555
f 6294 6005 6024
f 6004 6005 6294
f 2787 2788 2785
f 5697 5714 6005
f 1376 1375 1582
f 6557 6763 6767
f 7432 7431 7296
f 7298 7432 7297
f 1798 1799 1581
f 5037 5365 5038
f 4665 5015 5014
f 5015 5032 5368
f 3690 3386 3693
f 3384 3386 3690
f 3055 3386 3385
f 372 326 371
f 427 482 496
f 1337 1533 1345
f 6325 6572 6573
f 6787 6788 6572
f 6041 6042 5731
f 6041 6043 6042
f 6041 6325 6326
f 7333 7155 7332
f 4717 5066 5067
f 4384 4717 4718
f 4718 4717 5067
f 2786 3099 3098
f 6310 6024 6309
f 2785 2788 2498
f 1993 1994 2209
f 7122 6948 7123
f 2245 2023 2244
f 7122 7123 7299
f 5389 5697 5364
f 5365 5389 5364
f 4006 4007 4344
f 4687 5035 5036
f 5368 5033 5036
f 4006 4344 4328
f 4344 4682 4665
f 4344 4665 4328
f 4665 4682 5015
f 324 325 368
f 325 324 286
f 289 326 327
f 1065 1216 1185
f 1185 1338 1184
f 1338 1337 1184
f 6326 6325 6573
f 6043 6041 6326
f 5066 4716 5065
f 7453 7334 7333
f 4384 4048 4047
f 4384 4718 4385
f 2786 3097 3099
f 1993 1766 1994
f 7123 7132 7299
f 1798 2024 1799
f 1796 2024 1798
f 7298 7308 7433
f 7299 7132 7308
f 1581 1800 1582
f 5389 5365 5037
f 4006 4005 4007
f 3699 3700 4005
f 3699 3392 3700
f 5015 4683 5032
f 4682 4683 5015
f 5368 5032 5034
f 3382 3690 3691
f 3690 3693 3994
f 3055 3387 3386
f 3056 3387 3055
f 1185 1216 1338
f 6572 6789 6573
f 6788 6789 6572
f 5065 5064 5408
f 5408 5064 5407
f 3739 4047 4048
f 4384 4385 4048
f 3424 3097 3423
f 3098 2788 2787
f 6767 6959 6949
f 6959 6767 6763
f 7431 7432 7334
f 5714 5715 6005
f 2498 2246 2497
f 2245 2246 2023
f 5389 5714 5697
f 7298 7433 7432
f 4688 5037 5038
f 5038 5035 4688
f 4007 4008 4344
f 4005 3700 4007
f 3392 3701 3700
f 4345 4682 4344
f 3689 3701 3392
f 5033 5368 5034
f 5032 4686 5034
f 3689 3382 3692
f 3692 3382 3691
f 3994 3691 3690
f 3693 3387 3694
f 3057 3056 2747
f 3387 3693 3386
f 256 289 288
f 578 496 577
f 6788 6983 6789
f 7155 7156 6982
f 5065 5409 5066
f 5410 5409 5065
f 7333 7156 7155
f 4718 4386 4385
f 6555 6310 6309
f 6948 6949 6960
f 6555 6763 6557
f 5715 6023 6024
f 6005 5715 6024
f 2246 2247 2023
f 2499 2246 2498
f 2024 1796 2023
f 1799 1801 1581
f 4688 5035 4687
f 4007 3700 4008
f 4008 4345 4344
f 4687 5036 5033
f 4345 4683 4682
f 4683 4686 5032
f 3692 3701 3689
f 322 324 366
f 324 368 366
f 486 416 488
f 326 372 327
f 1337 1338 1534
f 1337 1535 1533
f 6788 6984 6983
f 6984 6788 6982
f 6042 5732 5731
f 6327 6326 6574
f 7157 6984 6982
f 6982 7156 7157
f 6326 6327 6043
f 7333 7334 7156
f 5066 5409 5068
f 5066 5068 5067
f 5069 5068 5409
f 3098 3100 2789
f 3097 3424 3099
f 2498 2788 2789
f 2789 2788 3098
f 4718 5067 4719
f 6949 6959 6960
f 6024 6023 6309
f 6960 7123 6948
f 6763 6764 6959
f 1801 1800 1581
f 2025 1799 2024
f 5389 5037 5039
f 5037 4688 4689
f 4008 4346 4345
f 4685 4687 5033
f 4685 5033 5034
f 4683 4684 4686
f 3695 3694 3387
f 3387 3056 3388
f 3388 3056 3057
f 3693 4000 3994
f 3694 4000 3693
f 322 366 323
f 364 321 365
f 922 1066 1065
f 1767 1766 1545
f 5407 5731 5732
f 6789 6575 6573
f 6789 6983 6790
f 5065 5408 5410
f 6044 6043 6327
f 3426 3423 3739
f 3739 4048 4049
f 4385 4386 4048
f 5069 5409 5410
f 2498 2789 2790
f 5068 4719 5067
f 6309 6023 6295
f 7334 7432 7335
f 6555 6764 6763
f 1582 1583 1376
f 5390 5715 5714
f 1799 2025 1801
f 5037 4689 5039
f 4687 4347 4348
f 4687 4348 4688
f 4009 4348 4347
f 4009 4347 4008
f 3700 4009 4008
f 4347 4346 4008
f 3701 4010 3700
f 4347 4687 4685
f 4345 4684 4683
f 4345 4346 4684
f 3692 3691 3995
f 3696 3695 3387
f 3691 3996 3995
f 3691 3994 3996
f 3696 3387 3388
f 3994 4000 3996
f 2748 3057 2747
f 321 323 365
f 564 659 563
f 373 371 426
f 6575 6326 6573
f 6983 6984 6985
f 6790 6983 6791
f 5410 5071 5069
f 3099 3425 3098
f 7334 7158 7156
f 5069 4719 5068
f 6555 6309 6556
f 2499 2498 2790
f 6765 6959 6764
f 6555 6556 6764
f 2247 2248 2023
f 7123 6960 6961
f 7335 7432 7433
f 7433 7336 7335
f 6961 7132 7123
f 7133 7132 6961
f 7308 7309 7433
f 7132 7133 7308
f 4688 4348 4689
f 4009 4349 4348
f 4009 3700 4010
f 4685 4346 4347
f 4685 5034 4686
f 4685 4686 4346
f 4684 4346 4686
f 3694 3695 4000
f 325 369 368
f 323 366 367
f 323 367 365
f 776 658 777
f 578 577 654
f 5407 5733 5408
f 6789 6790 6575
f 5410 5408 5411
f 5411 5408 5412
f 6575 6574 6326
f 6983 6985 6791
f 6984 7157 6985
f 4049 4048 4387
f 3098 3425 3100
f 3424 3423 3099
f 4719 4386 4718
f 5069 5070 4719
f 5069 5071 5070
f 7335 7158 7334
f 6959 6765 6960
f 6960 6765 6961
f 5714 5389 5390
f 7308 7133 7309
f 5039 5390 5389
f 1802 1800 1801
f 4689 4348 4349
f 4332 4009 4010
f 3701 3997 4010
f 3997 3701 3692
f 2748 2469 2749
f 4000 3695 4001
f 4000 4330 3996
f 487 417 489
f 487 488 416
f 486 488 564
f 373 372 371
f 658 778 777
f 1065 1066 1216
f 1337 1534 1535
f 1059 1212 1060
f 5407 5732 5733
f 5408 5733 5412
f 6042 6043 5732
f 6043 6044 5732
f 5072 5410 5411
f 5410 5072 5071
f 7157 7158 6985
f 7156 7158 7157
f 6765 6764 6556
f 2246 2500 2247
f 2499 2500 2246
f 1376 1583 1584
f 5715 6006 6023
f 2024 2023 2248
f 7336 7433 7309
f 1582 1800 1583
f 2028 2025 2024
f 5039 4689 5040
f 4349 4009 4332
f 4001 4330 4000
f 3388 3697 3696
f 368 421 366
f 325 286 290
f 289 327 288
f 427 373 426
f 6576 6575 6790
f 6576 6790 6791
f 4048 4386 4387
f 6045 6044 6327
f 6985 7158 7159
f 4720 5071 5072
f 6985 6986 6791
f 5070 5071 4720
f 6791 6986 6792
f 7159 6986 6985
f 6556 6766 6765
f 2500 2499 2790
f 6987 6986 7159
f 6295 6006 6296
f 6023 6006 6295
f 2247 2501 2248
f 6987 6792 6986
f 5715 5698 6006
f 7133 7136 7309
f 1800 1802 1583
f 2026 1802 1801
f 2026 1801 2025
f 5016 5040 4689
f 1994 2213 2210
f 3997 4332 4010
f 3998 3692 3995
f 3696 4002 3695
f 4004 4002 3696
f 4004 3696 3697
f 3995 3996 4329
f 3996 4331 4329
f 421 368 369
f 365 367 419
f 923 776 777
f 922 776 923
f 654 579 578
f 1533 1752 1545
f 1059 1060 1058
f 1545 1752 1767
f 1766 1767 1972
f 5732 6044 5735
f 3739 3740 3426
f 3740 3739 4049
f 6045 6046 5736
f 6045 5736 6044
f 6045 6327 6328
f 6574 6328 6327
f 4719 5070 4720
f 6576 6791 6792
f 6962 6765 6950
f 6961 6962 7134
f 6765 6962 6961
f 6766 6950 6765
f 6309 6544 6556
f 6309 6296 6544
f 6295 6296 6309
f 2500 2501 2247
f 7158 7160 7159
f 7158 7336 7337
f 7335 7336 7158
f 6988 6792 6987
f 7336 7309 7312
f 5390 5698 5715
f 5039 5369 5390
f 5039 5040 5369
f 4349 4666 4689
f 3692 3998 3999
f 3997 3692 3999
f 4003 4001 3695
f 3998 3995 4329
f 2749 3058 2748
f 3057 2748 3058
f 4330 4331 3996
f 367 366 422
f 370 369 325
f 418 417 364
f 290 286 257
f 579 496 578
f 5734 5412 5733
f 5732 5734 5733
f 5412 5072 5411
f 5736 5735 6044
f 4049 4050 3740
f 6575 6328 6574
f 3100 3101 2789
f 2790 2791 2500
f 6046 6045 6329
f 6329 6045 6328
f 6792 6793 6576
f 7134 7135 6961
f 7158 7337 7160
f 6987 7159 7160
f 7160 6988 6987
f 7136 7133 6961
f 5390 5369 5698
f 2026 2025 2028
f 4689 4666 5016
f 4349 4333 4666
f 4332 4333 4349
f 3997 4333 4332
f 4002 4003 3695
f 4001 4339 4330
f 3388 3057 3389
f 3389 3057 3058
f 4330 4339 4331
f 257 288 290
f 659 778 658
f 771 654 770
f 1536 1535 1534
f 1212 1213 1060
f 5732 5735 5734
f 5072 5412 5413
f 4386 4720 4721
f 3423 3426 3099
f 4719 4720 4386
f 4720 5072 5073
f 5073 5072 5413
f 6575 6576 6328
f 6328 6576 6577
f 6950 7124 6962
f 3099 3427 3425
f 2790 2789 2791
f 6556 6753 6766
f 6556 6544 6753
f 2501 2500 2791
f 7135 7136 6961
f 6296 6006 6297
f 6795 6794 6792
f 6988 6795 6792
f 6988 6989 6795
f 7160 7161 6988
f 7136 7312 7309
f 2248 2028 2024
f 2026 2027 1802
f 5040 5016 5369
f 2213 2469 2210
f 3388 3389 3697
f 4331 4339 4329
f 417 418 489
f 488 487 565
f 659 564 567
f 922 1067 1066
f 1066 1067 1216
f 771 770 913
f 1212 1376 1377
f 5735 5414 5734
f 5413 5412 5414
f 5734 5414 5412
f 4387 4388 4049
f 4387 4386 4721
f 5414 5736 5737
f 5414 5735 5736
f 3100 3425 3101
f 6576 6793 6577
f 7124 6950 7125
f 6766 6753 6950
f 2789 3102 2791
f 6047 5737 5736
f 6047 5736 6046
f 6577 6329 6328
f 7161 7160 7337
f 7136 7310 7312
f 6792 6794 6793
f 6989 6990 6795
f 5369 5699 5698
f 2471 2469 2213
f 3998 4329 4335
f 4329 4339 4335
f 364 365 418
f 489 566 487
f 659 567 661
f 922 923 1067
f 671 579 654
f 1338 1536 1534
f 1212 1377 1213
f 7124 7137 6962
f 1377 1376 1584
f 3099 3426 3427
f 4049 4051 4050
f 5414 5073 5413
f 5415 5073 5414
f 7135 7134 6962
f 3103 3104 2789
f 2789 3101 3103
f 5738 5415 5414
f 5737 5738 5414
f 6046 6330 6047
f 6330 6329 6331
f 6329 6577 6331
f 6577 6578 6331
f 6578 6577 6793
f 7135 7310 7136
f 6329 6330 6046
f 7337 7336 7438
f 7336 7312 7438
f 6794 6579 6793
f 6006 6007 6297
f 6007 6006 5698
f 5699 6008 5698
f 2026 2028 2027
f 5369 5017 5370
f 4333 3997 4334
f 3702 4004 3697
f 2469 2471 2749
f 3390 3697 3389
f 4001 4340 4339
f 4669 4335 4339
f 422 366 423
f 493 422 423
f 421 369 424
f 422 425 367
f 367 425 419
f 564 488 567
f 659 661 778
f 497 427 496
f 1338 1216 1383
f 771 671 654
f 4049 4388 4051
f 5073 4721 4720
f 4721 5073 5074
f 3425 3427 3428
f 6950 6753 6951
f 6544 6754 6753
f 6793 6579 6578
f 2501 2502 2248
f 6794 6580 6579
f 7338 7161 7337
f 6988 7162 6989
f 7161 7162 6988
f 2028 2248 2249
f 5369 5370 5699
f 5369 5016 5017
f 4333 4667 4666
f 4666 4667 5016
f 3997 3999 4334
f 4004 4011 4002
f 3390 3389 3058
f 3998 4335 4336
f 4339 4677 4669
f 4335 4670 4336
f 4669 4670 4335
f 369 370 378
f 423 366 424
f 424 366 421
f 365 419 420
f 370 325 331
f 487 566 565
f 580 579 671
f 913 1058 914
f 1058 1060 914
f 4387 4722 4388
f 4387 4721 4722
f 1766 1972 1994
f 7135 6962 7138
f 4050 4051 3740
f 6047 6330 6048
f 6950 6951 7125
f 6296 6545 6544
f 6047 5738 5737
f 6578 6579 6331
f 7337 7438 7338
f 7312 7311 7438
f 7310 7311 7312
f 2248 2502 2503
f 6795 6580 6794
f 1584 1583 1802
f 6008 6007 5698
f 1802 2028 2029
f 1802 2027 2028
f 5017 5016 4667
f 4334 4667 4333
f 4004 3702 4011
f 3999 3998 4336
f 4340 4677 4339
f 369 378 424
f 494 422 493
f 494 425 422
f 580 496 579
f 1383 1536 1338
f 1752 1972 1767
f 5415 5074 5073
f 6962 7137 7138
f 7126 7124 7125
f 2789 3104 3102
f 6047 6048 5739
f 7125 6951 7126
f 7311 7439 7438
f 2501 2792 2502
f 2791 2792 2501
f 6579 6580 6331
f 6580 6795 6796
f 6989 7163 6990
f 1802 1803 1584
f 6007 6008 6298
f 6008 5699 6009
f 5370 5371 5699
f 5370 5017 5371
f 4334 3999 4337
f 4340 4001 4003
f 3393 3697 3390
f 2749 3059 3058
f 3390 3058 3059
f 4670 4671 4336
f 4669 4677 4670
f 325 290 331
f 418 365 420
f 327 372 328
f 567 662 661
f 1216 1067 1217
f 671 672 580
f 1377 1585 1378
f 4388 4389 4051
f 5415 5416 5074
f 5738 5416 5415
f 6047 5739 5738
f 6544 6545 6754
f 6331 6048 6330
f 6990 6991 6795
f 6296 6297 6545
f 6990 7163 6991
f 6989 7162 7164
f 2503 2249 2248
f 1802 2029 1803
f 2028 2249 2029
f 5699 5371 5700
f 4668 5017 4667
f 4334 4668 4667
f 4003 4002 4341
f 3697 3393 3702
f 3999 4336 4338
f 4670 4675 4671
f 378 434 424
f 493 423 494
f 331 378 370
f 490 419 425
f 328 329 288
f 328 288 327
f 913 914 771
f 1535 1753 1533
f 5074 5075 4721
f 4722 4721 5076
f 3741 3427 3426
f 3740 4051 3742
f 5738 5739 5416
f 7135 7138 7311
f 7124 7126 7137
f 3425 3428 3101
f 3427 3741 3428
f 6331 6332 6048
f 7135 7311 7310
f 7438 7439 7338
f 6545 6297 6299
f 6297 6007 6299
f 6989 7164 7163
f 7161 7339 7162
f 7339 7161 7338
f 2504 2249 2503
f 6298 6008 6010
f 6009 6010 6008
f 6009 5699 5700
f 4334 4337 4668
f 4337 3999 4338
f 3390 3059 3060
f 4336 4671 4338
f 4677 4675 4670
f 424 434 495
f 423 424 495
f 379 378 331
f 425 494 490
f 418 420 489
f 290 288 330
f 565 567 488
f 923 928 1067
f 1377 1584 1585
f 3429 3103 3101
f 4051 4389 4054
f 6753 6952 6951
f 6952 6753 6754
f 6581 6331 6580
f 6991 6796 6795
f 2791 3102 2792
f 7313 7439 7311
f 6299 6007 6300
f 6300 6007 6298
f 5017 5372 5371
f 5018 5372 5017
f 5018 5017 4668
f 5700 5371 5372
f 4668 4337 4672
f 3062 3393 3390
f 3390 3060 3062
f 4340 4678 4677
f 4338 4671 4675
f 4677 5024 4675
f 423 495 494
f 329 330 288
f 1536 1591 1535
f 1377 1378 1213
f 3740 3742 3426
f 7137 7126 7300
f 3741 3743 3428
f 6332 6331 6581
f 7313 7311 7138
f 1585 1584 1804
f 6796 6581 6580
f 1584 1803 1804
f 3102 3105 2792
f 7338 7439 7454
f 7454 7339 7338
f 5372 5018 5373
f 2249 2250 2029
f 5700 5372 5701
f 4672 4337 4673
f 4342 4341 4002
f 4011 4342 4002
f 3059 2749 3060
f 4338 4675 4676
f 490 494 570
f 428 373 427
f 581 580 672
f 1754 1535 1591
f 1535 1754 1753
f 1753 1752 1533
f 1752 1973 1972
f 5075 5074 5416
f 3426 3742 3741
f 4054 3742 4051
f 7126 7301 7300
f 6952 7126 6951
f 6545 6755 6754
f 3103 3429 3104
f 6991 7163 6992
f 2792 2793 2502
f 2502 2794 2503
f 2249 2504 2250
f 6298 6010 6012
f 5701 6009 5700
f 4668 5019 5018
f 4668 4672 5019
f 4343 4003 4341
f 2471 2752 2749
f 2749 2752 3060
f 4337 4338 4674
f 4673 4337 4674
f 4678 5026 4677
f 5026 5024 4677
f 4674 4338 4676
f 4675 5025 4676
f 5024 5025 4675
f 434 378 435
f 434 435 495
f 494 495 435
f 777 778 923
f 496 580 497
f 4722 5076 5077
f 5076 4721 5075
f 5416 5417 5075
f 4388 4392 4389
f 7313 7138 7314
f 7137 7300 7138
f 3429 3101 3430
f 3428 3430 3101
f 6991 6797 6796
f 3104 3105 3102
f 6545 6299 6546
f 2030 1804 1803
f 2030 1803 2029
f 6299 6300 6546
f 7162 7340 7164
f 7162 7339 7340
f 2794 2504 2503
f 6012 6300 6298
f 6010 6009 5701
f 4011 4012 4342
f 3702 3703 4011
f 4003 4343 4340
f 3702 3393 3703
f 5026 5025 5024
f 4674 4676 5023
f 567 565 660
f 498 428 427
f 1217 1383 1216
f 1591 1536 1383
f 914 1060 1061
f 5739 6048 6049
f 4388 4722 4392
f 7313 7314 7440
f 4389 4392 4054
f 6952 7127 7126
f 7313 7440 7441
f 7441 7439 7313
f 2793 2795 2502
f 2795 2794 2502
f 2030 2029 2250
f 5019 5373 5018
f 2250 2504 2251
f 4679 4340 4343
f 4679 4678 4340
f 4679 5026 4678
f 4676 5025 5023
f 570 571 490
f 570 494 506
f 778 661 782
f 915 771 914
f 5416 5739 5417
f 7315 7138 7300
f 4052 3742 4054
f 6754 6953 6952
f 6754 6755 6953
f 7454 7439 7455
f 7441 7455 7439
f 3104 3106 3105
f 5702 5372 5374
f 5372 5373 5374
f 5019 5374 5373
f 5702 6011 5701
f 5372 5702 5701
f 5701 6012 6010
f 6011 6012 5701
f 4672 4673 5020
f 4011 3703 4012
f 4673 4674 5021
f 3062 3060 2752
f 5021 4674 5023
f 378 436 437
f 436 378 379
f 494 435 506
f 506 571 570
f 490 491 419
f 492 489 420
f 782 923 778
f 1974 1752 1753
f 4722 5077 4723
f 5417 5418 5075
f 6333 6049 6048
f 6332 6333 6048
f 7314 7442 7440
f 7138 7315 7314
f 6796 6797 6581
f 7126 7127 7301
f 7127 6952 6953
f 6991 6992 6797
f 6545 6546 6756
f 2792 3105 3106
f 7341 7340 7339
f 7454 7341 7339
f 6300 6012 6301
f 5019 4672 5020
f 3062 3063 3393
f 5026 5382 5025
f 5025 5382 5023
f 566 489 568
f 373 328 372
f 374 373 428
f 662 783 661
f 427 497 498
f 581 497 580
f 1067 1070 1217
f 796 673 672
f 2184 1972 1973
f 6332 6581 6582
f 7300 7301 7315
f 3741 4052 4053
f 3742 4052 3741
f 7441 7440 7455
f 7127 6953 7128
f 6545 6756 6755
f 2792 3106 2793
f 7164 7340 7341
f 2796 2504 2794
f 5703 6011 5702
f 5020 4673 5022
f 4673 5021 5022
f 4679 5027 5026
f 5026 5027 5382
f 5378 5021 5023
f 5023 5382 5378
f 332 331 290
f 672 673 581
f 771 794 671
f 1060 1213 1214
f 5075 5419 5076
f 5739 5740 5417
f 7314 7315 7442
f 4722 4723 4392
f 1585 1804 1805
f 4392 4390 4054
f 6992 6993 6797
f 7127 7302 7301
f 3428 3743 3430
f 7163 7165 6992
f 2795 2796 2794
f 6546 6300 6301
f 5702 5374 5703
f 5375 5374 5019
f 2184 2213 1994
f 6012 6011 6301
f 5021 5378 5022
f 5382 5027 5378
f 593 571 506
f 572 490 571
f 490 572 491
f 419 491 420
f 331 332 379
f 330 332 290
f 373 374 328
f 1061 1060 1214
f 1752 1974 1973
f 4392 4723 4390
f 7301 7434 7315
f 4053 3743 3741
f 1972 2184 1994
f 4054 4390 4052
f 6953 6755 6954
f 2793 3107 2795
f 3431 3106 3104
f 7165 7163 7164
f 5703 5374 5375
f 2250 2251 2031
f 6013 6301 6011
f 6013 6011 5703
f 2251 2504 2505
f 2505 2504 2797
f 4343 4341 4680
f 4342 4350 4341
f 4342 4012 4350
f 5020 5022 5377
f 4012 3703 4013
f 5379 5022 5378
f 5027 5379 5378
f 2753 3062 2752
f 506 435 507
f 567 660 662
f 782 928 923
f 671 795 672
f 1592 1591 1383
f 1378 1214 1213
f 5075 5418 5419
f 5739 6049 5740
f 1805 1804 2030
f 7454 7455 7341
f 2793 3108 3107
f 2793 3106 3108
f 7164 7341 7165
f 6546 6547 6756
f 6301 6547 6546
f 2030 2250 2031
f 5704 5703 5375
f 5375 5019 5376
f 2797 2504 2796
f 3704 3703 3393
f 2471 2472 2752
f 3394 3393 3063
f 3062 2753 3063
f 378 437 438
f 435 378 438
f 435 438 507
f 507 593 506
f 489 569 568
f 329 375 330
f 661 783 782
f 673 796 674
f 795 796 672
f 915 794 771
f 1811 1753 1754
f 6332 6582 6333
f 5417 5740 5418
f 6581 6798 6582
f 7440 7442 7515
f 6797 6798 6581
f 4055 4053 4052
f 6756 6954 6755
f 3430 3744 3429
f 5703 5704 6013
f 6301 6013 6302
f 5019 5020 5377
f 5376 5019 5377
f 4012 4351 4350
f 4681 4679 4343
f 4679 5028 5027
f 3393 3394 3704
f 571 593 572
f 332 380 379
f 489 492 569
f 329 328 375
f 662 660 779
f 795 671 794
f 5076 5419 5078
f 5419 5418 5421
f 5078 5077 5076
f 1585 1805 1586
f 7456 7455 7440
f 7128 6953 7129
f 4391 4055 4052
f 3429 3432 3104
f 7341 7455 7342
f 1806 2030 2031
f 3107 3109 2795
f 3109 2796 2795
f 5704 5375 5376
f 4350 4680 4341
f 2753 2752 2472
f 5022 5379 5380
f 5027 5380 5379
f 3064 3063 2753
f 593 507 594
f 582 497 581
f 1067 928 1070
f 6333 6582 6583
f 6583 6582 6584
f 1378 1585 1586
f 5077 5078 4723
f 6797 6994 6798
f 7440 7515 7516
f 7127 7303 7302
f 7127 7128 7303
f 7301 7302 7434
f 4053 4055 3743
f 7165 6993 6992
f 7455 7456 7342
f 7165 7341 7342
f 6548 6547 6301
f 6548 6301 6302
f 2252 2031 2251
f 2505 2252 2251
f 2505 2797 2506
f 2472 2471 2213
f 5377 5022 5381
f 5380 5381 5022
f 5027 5028 5380
f 3064 3394 3063
f 594 507 595
f 420 491 492
f 328 374 376
f 673 674 581
f 1591 1592 1754
f 7442 7315 7443
f 7434 7435 7315
f 7128 7129 7303
f 4391 4052 4390
f 6953 6954 7129
f 3743 3745 3430
f 4056 3745 3743
f 6993 7165 7166
f 3104 3432 3431
f 3432 3429 3744
f 7342 7166 7165
f 3107 3434 3109
f 3108 3434 3107
f 6014 6302 6013
f 5704 6014 6013
f 5376 5377 5705
f 5029 5028 4679
f 594 572 593
f 595 507 508
f 380 436 379
f 568 565 566
f 498 429 428
f 583 582 581
f 675 581 674
f 1217 1070 1221
f 1753 1811 1974
f 6798 6994 6799
f 6797 6993 6994
f 7515 7443 7517
f 7515 7442 7443
f 7303 7304 7302
f 7440 7516 7456
f 3743 4055 4056
f 2030 1806 1805
f 3433 3106 3431
f 3433 3108 3106
f 6756 6757 6954
f 6756 6547 6757
f 5705 6014 5704
f 5704 5376 5705
f 2505 2506 2252
f 4680 4350 4690
f 4350 4351 4690
f 4012 4013 4351
f 4681 5029 4679
f 5381 5380 5383
f 508 507 438
f 437 436 439
f 491 572 573
f 662 779 783
f 498 497 582
f 1754 1592 1811
f 1378 1586 1379
f 5740 5741 5418
f 6798 6799 6582
f 7515 7517 7516
f 5079 4723 5078
f 3430 3745 3744
f 3108 3435 3434
f 3109 3110 2796
f 2797 2796 3110
f 4680 4681 4343
f 5028 5383 5380
f 3394 3064 3395
f 665 594 595
f 665 572 594
f 439 438 437
f 1974 2185 1973
f 6333 6050 6049
f 6800 6582 6799
f 7457 7516 7517
f 5420 5079 5078
f 7434 7302 7435
f 4724 4725 4390
f 4723 4724 4390
f 7342 7343 7166
f 7343 7342 7456
f 6547 6548 6757
f 6015 6014 5705
f 3109 3111 3110
f 5377 5381 5706
f 5383 5384 5381
f 4014 3703 3704
f 3396 3395 3064
f 2754 3065 2753
f 2753 3065 3064
f 438 509 508
f 595 508 596
f 439 436 380
f 375 332 330
f 1378 1379 1214
f 6583 6334 6333
f 6333 6334 6050
f 6584 6582 6800
f 6049 5741 5740
f 1586 1805 1587
f 6993 7167 6994
f 7435 7443 7315
f 7516 7457 7456
f 7302 7304 7435
f 4724 4723 5079
f 6993 7166 7167
f 4391 4393 4055
f 4390 4725 4391
f 4391 4725 4393
f 3431 3432 3433
f 3108 3436 3435
f 3109 3434 3113
f 3113 3111 3109
f 6014 6303 6302
f 6548 6549 6758
f 6549 6548 6302
f 3110 2798 2797
f 2797 2798 2506
f 5705 5377 5706
f 4690 5030 4680
f 4014 4013 3703
f 5384 5383 5028
f 595 596 665
f 492 491 574
f 1384 1383 1217
f 944 915 914
f 6049 6050 5741
f 5421 5078 5419
f 5741 5421 5418
f 7443 7460 7517
f 7343 7456 7457
f 7303 7130 7304
f 1805 1806 1587
f 1807 1587 1806
f 4394 4055 4393
f 6954 6955 7129
f 7343 7344 7166
f 3436 3108 3433
f 6014 6015 6303
f 6758 6757 6548
f 2252 2253 2031
f 2252 2254 2253
f 2254 2252 2506
f 5381 5384 5706
f 5385 5384 5028
f 3396 3064 3065
f 508 509 597
f 491 573 574
f 328 376 377
f 780 779 660
f 374 428 429
f 783 779 924
f 924 782 783
f 795 674 796
f 914 1061 1062
f 6584 6334 6583
f 6994 6800 6799
f 5422 5078 5421
f 7304 7305 7435
f 7129 7130 7303
f 4055 4394 4056
f 3746 3432 3744
f 6954 6757 6955
f 6015 6016 6303
f 3437 3434 3435
f 6015 5705 6016
f 6016 5705 6017
f 2253 2032 2031
f 6758 6759 6757
f 6303 6549 6302
f 6759 6758 6549
f 2507 2254 2506
f 2506 2798 2507
f 3110 2799 2798
f 5705 5706 6018
f 4351 4691 4690
f 4014 3704 3705
f 3705 3704 3394
f 3066 3396 3065
f 509 438 439
f 508 597 596
f 380 440 441
f 380 441 439
f 380 332 381
f 568 660 565
f 499 429 498
f 1592 1594 1812
f 1812 1811 1592
f 1215 1061 1214
f 1586 1587 1379
f 7457 7517 7458
f 7168 7167 7166
f 3745 3746 3744
f 7129 6955 7130
f 1807 1806 2032
f 1806 2031 2032
f 6759 6549 6550
f 3110 3111 2799
f 6017 5705 6018
f 4681 4680 5029
f 5706 5384 5707
f 5385 5028 5029
f 5707 5384 5385
f 2753 2472 2754
f 3396 3066 3395
f 439 510 509
f 686 596 597
f 573 666 574
f 332 375 381
f 6801 6584 6800
f 7167 6995 6994
f 1379 1587 1588
f 5423 5420 5078
f 5422 5423 5078
f 7343 7457 7345
f 4724 4395 4725
f 7344 7168 7166
f 3432 3746 3433
f 4395 4393 4725
f 1807 2032 2033
f 3437 3435 3436
f 6759 6955 6757
f 6303 6550 6549
f 2799 3111 3112
f 6018 5706 6019
f 2754 3066 3065
f 510 439 441
f 572 665 573
f 380 381 440
f 328 377 375
f 1593 1592 1384
f 944 914 1062
f 1215 1214 1380
f 7517 7460 7458
f 7443 7437 7460
f 7437 7443 7435
f 4726 4395 4724
f 4724 5079 4726
f 5420 5080 5079
f 7305 7436 7435
f 7304 7130 7305
f 3747 3433 3746
f 7343 7345 7344
f 6304 6303 6016
f 3434 3437 3113
f 3113 3112 3111
f 6956 6955 6759
f 2798 2799 2508
f 2508 2507 2798
f 2507 2255 2254
f 4691 4351 4352
f 596 686 687
f 596 687 665
f 573 665 667
f 492 575 569
f 581 675 583
f 1593 1594 1592
f 1813 1974 1811
f 1214 1379 1381
f 5741 5742 5421
f 1587 1808 1588
f 1808 1587 1807
f 5079 5080 4726
f 5743 5423 5422
f 7458 7345 7457
f 3745 4056 4057
f 7344 7345 7168
f 3436 3433 3748
f 6304 6551 6303
f 6551 6550 6303
f 6305 6016 6017
f 6759 6760 6956
f 6760 6759 6550
f 4680 5030 5031
f 5708 6019 5706
f 4680 5031 5029
f 5030 4690 4691
f 5706 5707 5708
f 5029 5386 5385
f 4351 4013 4352
f 5385 5386 5707
f 3395 3066 3342
f 686 810 811
f 686 597 688
f 509 510 598
f 509 598 597
f 440 511 441
f 499 498 582
f 1383 1384 1592
f 6334 6335 6050
f 5741 6050 6051
f 6994 6995 6800
f 5742 5422 5421
f 5420 5424 5080
f 7167 7168 6995
f 7435 7436 7437
f 4056 4394 4057
f 3433 3747 3748
f 2800 2508 2799
f 2800 2799 3112
f 2507 2508 2255
f 5386 5708 5707
f 5387 5386 5029
f 2442 2472 2213
f 811 810 963
f 686 688 810
f 686 811 812
f 687 686 812
f 813 687 812
f 597 598 688
f 665 687 785
f 511 510 441
f 574 576 492
f 429 430 374
f 374 430 376
f 924 779 925
f 782 924 928
f 1222 1221 1070
f 674 795 797
f 1812 1813 1811
f 1062 1061 1215
f 2185 2186 1973
f 1380 1214 1381
f 6585 6334 6584
f 6800 6995 6801
f 5420 5423 5424
f 7458 7459 7345
f 3746 4059 3747
f 3745 4058 3746
f 1807 2033 1808
f 4394 4393 4057
f 3436 3748 3437
f 6304 6016 6305
f 3437 3438 3113
f 6551 6761 6550
f 2184 2188 2213
f 6550 6761 6760
f 6306 6305 6018
f 6305 6017 6018
f 2254 2032 2253
f 5387 5029 5031
f 4352 4013 4353
f 3705 3706 4014
f 3706 3705 3394
f 810 964 963
f 963 965 811
f 965 812 811
f 814 810 688
f 574 666 576
f 492 576 575
f 569 575 568
f 779 780 925
f 500 429 499
f 1222 1385 1221
f 6584 6801 6585
f 1379 1588 1381
f 7459 7458 7460
f 4726 4396 4395
f 5424 5423 5743
f 7306 7305 7130
f 3745 4057 4058
f 7168 7345 7346
f 6304 6552 6551
f 6955 6957 7131
f 3112 3113 2802
f 6956 6957 6955
f 6760 6761 6956
f 2801 2800 3112
f 2255 2032 2254
f 2255 2508 2509
f 4013 4014 4353
f 965 966 812
f 810 814 964
f 966 816 812
f 813 812 817
f 812 816 817
f 689 814 688
f 667 666 573
f 798 675 674
f 915 944 794
f 1812 1594 1813
f 5741 6051 5742
f 5742 5743 5422
f 7169 6995 7168
f 4057 4395 4396
f 7347 7345 7459
f 3746 4058 4059
f 4395 4057 4393
f 3747 3749 3748
f 2802 2801 3112
f 6956 6761 6957
f 2255 2256 2032
f 2509 2508 2800
f 5030 5041 5031
f 2442 2441 2472
f 814 815 964
f 966 815 816
f 814 689 815
f 816 815 689
f 688 598 689
f 440 442 511
f 1384 1217 1221
f 2189 2185 1974
f 1382 1215 1380
f 2186 2187 1973
f 6334 6585 6586
f 6050 6335 6051
f 6801 6995 6802
f 5743 5742 6052
f 7169 7168 7346
f 7346 7345 7347
f 7437 7411 7460
f 7436 7305 7306
f 2034 1808 2033
f 6552 6304 6305
f 3748 3438 3437
f 7130 6955 7131
f 6305 6306 6552
f 3113 3438 3114
f 6761 6958 6957
f 2033 2032 2256
f 2188 2442 2213
f 2256 2255 2509
f 2509 2800 2801
f 5030 4692 5041
f 4691 4692 5030
f 5708 5386 5387
f 3395 3706 3394
f 3395 3342 3653
f 3653 3342 3654
f 3022 3342 3066
f 965 963 964
f 964 815 965
f 966 965 815
f 512 510 511
f 780 660 781
f 6334 6586 6335
f 6995 6996 6802
f 4727 4726 5080
f 4726 4727 4396
f 5424 5081 5080
f 5743 5744 5424
f 1588 1808 1589
f 4059 3749 3747
f 7130 7131 7306
f 3749 3438 3748
f 2256 2257 2033
f 2509 2510 2256
f 2510 2509 2801
f 6019 5708 5709
f 4353 4014 4015
f 2472 2721 2754
f 816 689 817
f 687 813 785
f 381 375 431
f 501 429 500
f 928 1068 1070
f 797 798 674
f 795 794 944
f 2185 2189 2186
f 6053 5742 6051
f 2184 1973 2188
f 1973 2187 2188
f 1381 1588 1589
f 7459 7460 7347
f 5744 5743 6052
f 7411 7437 7502
f 7436 7306 7437
f 4059 4060 3749
f 6553 6551 6552
f 6762 6761 6551
f 3113 3114 2802
f 6019 6306 6018
f 4691 4352 4692
f 2472 2441 2721
f 4014 3706 4015
f 3653 3706 3395
f 2754 3022 3066
f 3342 3022 3343
f 3342 3343 3654
f 440 381 442
f 377 432 375
f 928 924 1068
f 1218 1222 1070
f 1813 2038 1974
f 6801 6802 6585
f 6585 6802 6803
f 1381 1589 1380
f 5424 5425 5081
f 7169 7346 7347
f 7411 7503 7460
f 4059 4058 4399
f 1808 2034 1809
f 6762 6551 6553
f 6552 6306 6553
f 2258 2034 2033
f 2033 2257 2258
f 6762 6958 6761
f 2801 2802 2511
f 6911 6957 6958
f 2801 2511 2510
f 2257 2256 2510
f 6019 5709 6020
f 5387 5709 5708
f 813 817 967
f 690 817 689
f 442 512 511
f 660 568 663
f 433 377 376
f 429 501 430
f 925 1069 924
f 1222 1218 1385
f 1221 1391 1384
f 944 1062 1080
f 6335 6336 6051
f 6995 7169 6996
f 7460 7410 7347
f 7460 7503 7410
f 5744 5425 5424
f 1808 1809 1589
f 4397 4057 4396
f 7437 7407 7502
f 7306 7407 7437
f 7131 7307 7306
f 6553 6306 6554
f 3114 3438 3115
f 2803 2802 3114
f 7131 6957 7085
f 6307 6306 6019
f 2257 2510 2511
f 5387 5710 5709
f 5031 5388 5387
f 4352 4353 4692
f 3706 3957 4015
f 3656 3957 3706
f 1260 1104 1261
f 930 813 967
f 813 930 785
f 818 817 690
f 930 787 785
f 689 598 690
f 667 665 785
f 443 381 431
f 433 376 430
f 1594 1593 1384
f 1062 1215 1080
f 2038 2189 1974
f 6586 6336 6335
f 6051 6336 6053
f 6053 6052 5742
f 6802 6996 6997
f 7170 6996 7169
f 7347 7348 7170
f 7169 7347 7170
f 5080 5081 4727
f 7410 7461 7347
f 5745 5744 6052
f 3749 3750 3438
f 6911 6958 6762
f 2803 2511 2802
f 6957 6911 7085
f 6019 6020 6021
f 4692 5042 5041
f 5709 5710 6020
f 5388 5710 5387
f 3653 3656 3706
f 1260 1106 1104
f 1261 1104 1105
f 598 599 690
f 575 664 568
f 925 780 926
f 499 582 583
f 1221 1385 1391
f 5081 4728 4727
f 5744 5745 5425
f 6553 6707 6762
f 6554 6707 6553
f 3750 3749 3751
f 3438 3439 3115
f 3750 3439 3438
f 7307 7407 7306
f 3114 3115 2803
f 2258 2259 2034
f 2257 2259 2258
f 2512 2259 2257
f 2188 2441 2442
f 4015 4287 4353
f 3344 3653 3654
f 3344 3654 3343
f 1260 1261 1435
f 1261 1105 1262
f 818 967 817
f 785 787 667
f 381 443 442
f 660 663 781
f 925 926 1069
f 1590 1382 1380
f 1380 1589 1590
f 6053 6337 6052
f 7461 7348 7347
f 4727 4728 4396
f 6054 5745 6052
f 6337 6054 6052
f 7409 7410 7503
f 4057 4398 4058
f 3749 4060 3751
f 3439 3116 3115
f 7502 7408 7411
f 7407 7408 7502
f 7307 7131 7265
f 6306 6307 6554
f 6307 6019 6021
f 2512 2257 2511
f 7085 6911 7086
f 4628 4692 4353
f 4287 4288 4353
f 2721 3022 2754
f 1265 1108 1260
f 1435 1261 1262
f 1104 968 1105
f 1106 968 1104
f 819 818 690
f 510 512 599
f 780 927 926
f 1070 1068 1218
f 946 798 797
f 945 795 944
f 1081 944 1080
f 6585 6804 6586
f 6803 6804 6585
f 6802 6997 6998
f 7171 6997 6996
f 1589 1809 1590
f 4397 4398 4057
f 5425 5082 5081
f 7503 7411 7409
f 3115 3116 2803
f 7265 7131 7085
f 2188 2187 2441
f 2034 2259 2260
f 2803 2512 2511
f 6021 6020 5711
f 6912 7086 6911
f 6020 5710 5711
f 5388 5711 5710
f 3957 4287 4015
f 3653 3344 3345
f 1260 1435 1265
f 1260 1108 1106
f 968 1107 1105
f 1108 968 1106
f 1108 969 968
f 968 969 818
f 969 967 818
f 818 819 968
f 576 664 575
f 663 568 664
f 1069 1068 924
f 1386 1385 1218
f 945 797 795
f 1215 1382 1232
f 6802 6999 6803
f 6338 6053 6336
f 6996 7170 7171
f 7348 7349 7170
f 4396 4728 4397
f 4059 4061 4060
f 4400 4399 4058
f 4058 4398 4400
f 5745 5746 5425
f 2035 1809 2034
f 7408 7407 7266
f 7307 7265 7407
f 2034 2260 2035
f 2514 2512 2803
f 2260 2259 2513
f 2513 2259 2512
f 6913 7086 6912
f 5031 5041 5388
f 3344 3023 3345
f 3344 3343 3023
f 1105 1263 1262
f 930 967 932
f 1105 1107 1263
f 968 970 1107
f 968 819 970
f 598 510 599
f 820 819 690
f 375 432 431
f 377 433 432
f 500 499 584
f 583 675 676
f 1385 1386 1391
f 1382 1590 1403
f 6587 6338 6336
f 7349 7348 7462
f 7348 7463 7462
f 4729 4397 4728
f 7461 7463 7348
f 4060 4061 3751
f 4399 4061 4059
f 5746 5745 6054
f 3751 3439 3750
f 6708 6911 6762
f 2803 2804 2514
f 7407 7265 7266
f 6912 6911 6710
f 7086 7087 7265
f 7086 7265 7085
f 5711 5712 6021
f 2717 2721 2441
f 1435 1262 1436
f 1262 1263 1437
f 969 1108 971
f 971 1108 1109
f 787 930 932
f 819 820 970
f 821 820 690
f 787 788 667
f 513 512 442
f 576 666 668
f 780 781 927
f 583 585 499
f 1082 945 944
f 1232 1080 1215
f 1232 1382 1403
f 2186 2439 2187
f 6588 6336 6586
f 6804 6588 6586
f 6803 6805 6804
f 7171 7170 7349
f 6053 6339 6337
f 6340 6339 6053
f 6338 6340 6053
f 7409 7268 7410
f 4397 4730 4398
f 5082 4728 5081
f 7409 7411 7268
f 6707 6508 6708
f 5425 5426 5082
f 6708 6762 6707
f 1809 2035 1810
f 7266 7268 7408
f 6911 6708 6710
f 7265 7088 7266
f 7088 7265 7087
f 2260 2513 2261
f 2187 2439 2441
f 2439 2717 2441
f 7086 6913 7087
f 5711 5388 5712
f 4353 4288 4628
f 3343 3022 3023
f 3346 3345 3023
f 1436 1262 1437
f 1108 1265 1266
f 1109 1108 1266
f 970 971 1107
f 1107 971 1109
f 932 969 971
f 967 969 932
f 971 970 820
f 667 788 786
f 945 946 797
f 1384 1595 1594
f 1814 1813 1594
f 944 1081 1082
f 6336 6588 6587
f 7462 7464 7349
f 6802 7000 6999
f 6802 6998 7000
f 7412 7463 7461
f 7410 7412 7461
f 7410 7268 7412
f 6508 6707 6554
f 6308 6508 6554
f 7411 7408 7268
f 1809 1810 1590
f 3116 3117 2803
f 6554 6307 6308
f 6021 6022 6307
f 6709 6912 6710
f 6913 6914 7087
f 6709 6913 6912
f 5041 5042 5391
f 4692 4975 5042
f 4692 4628 4975
f 2717 2720 2721
f 4288 4287 3957
f 3957 3958 4288
f 3655 3653 3345
f 3345 3346 3655
f 1107 1264 1263
f 971 972 932
f 971 820 972
f 932 788 787
f 513 599 512
f 667 786 666
f 442 443 514
f 669 664 576
f 781 663 784
f 2264 2186 2189
f 7462 7463 7464
f 6998 6997 7000
f 7350 7171 7349
f 7504 7464 7463
f 4398 4731 4400
f 6054 5747 5746
f 6055 5747 6054
f 6337 6055 6054
f 6341 6055 6337
f 6339 6341 6337
f 5746 5426 5425
f 2803 3117 2804
f 7268 7266 7267
f 7088 7267 7266
f 7087 6914 7088
f 6022 6021 5712
f 2261 2036 2260
f 2514 2261 2513
f 2512 2514 2513
f 6709 6914 6913
f 5388 5713 5712
f 1436 1265 1435
f 1441 1265 1436
f 1265 1441 1266
f 1437 1263 1438
f 1439 1438 1263
f 1263 1264 1439
f 1264 1107 1109
f 932 972 933
f 820 821 972
f 932 933 788
f 931 786 788
f 926 927 1069
f 1069 1219 1068
f 676 675 798
f 2038 1813 1814
f 1080 1232 1233
f 6804 6805 6588
f 6803 6999 6805
f 7171 7172 6997
f 7504 7463 7412
f 6341 6342 6055
f 7268 7413 7412
f 4731 4399 4400
f 6589 6340 6338
f 3751 3752 3439
f 3751 4061 4062
f 5082 5426 5427
f 6307 6022 6308
f 2804 2515 2514
f 2035 2260 2036
f 7088 6914 7089
f 6709 6710 6510
f 2262 2261 2514
f 5041 5391 5388
f 3958 3957 3656
f 3655 3656 3653
f 3023 3022 2721
f 1436 1437 1640
f 1437 1438 1640
f 1109 1266 1264
f 786 931 789
f 666 786 668
f 443 503 514
f 499 585 584
f 1232 1403 1233
f 1403 1404 1233
f 7349 7464 7465
f 7349 7352 7350
f 7504 7412 7505
f 7412 7506 7505
f 7171 7350 7172
f 4397 4729 4730
f 5747 5426 5746
f 6589 6339 6340
f 1810 1612 1590
f 3440 3116 3439
f 6710 6708 6510
f 7088 7089 7267
f 2514 2515 2262
f 2261 2262 2036
f 3655 3346 3347
f 1440 1264 1266
f 972 821 933
f 788 933 931
f 821 690 691
f 670 576 668
f 502 432 433
f 433 430 502
f 784 927 781
f 583 676 585
f 1595 1814 1594
f 1083 945 1082
f 1081 1080 1234
f 7465 7464 7504
f 7412 7413 7506
f 6341 6593 6342
f 7173 7000 6997
f 1403 1590 1612
f 5083 4729 4728
f 6338 6590 6589
f 6591 6338 6587
f 3752 3440 3439
f 5082 5084 4728
f 5427 5426 5747
f 6341 6339 6592
f 6589 6592 6339
f 1810 2035 2036
f 6914 6915 7089
f 6709 6915 6914
f 6709 6711 6915
f 6510 6711 6709
f 1266 1441 1440
f 1440 1439 1264
f 690 599 691
f 503 588 514
f 576 670 669
f 443 431 503
f 7466 7349 7465
f 7504 7505 7465
f 1404 1403 1612
f 6588 6591 6587
f 6805 6999 6806
f 6999 7000 6806
f 5748 5747 6055
f 4399 4731 4401
f 4729 5083 4730
f 6593 6341 6592
f 6590 6338 6591
f 3751 4062 3752
f 5082 5428 5084
f 6308 6022 6256
f 5712 5713 5963
f 5042 5331 5391
f 5042 4975 5331
f 2718 2720 2717
f 2721 3024 3023
f 3023 3024 3346
f 1436 1640 1441
f 1441 1640 1438
f 1440 1441 1438
f 1440 1438 1439
f 821 822 933
f 931 934 789
f 668 786 789
f 514 513 442
f 664 784 663
f 1237 1082 1081
f 1080 1233 1235
f 7466 7352 7349
f 6806 6588 6805
f 7000 7001 6806
f 4061 4399 4401
f 5747 5748 5427
f 6256 6508 6308
f 4728 5084 5083
f 7267 7089 7090
f 2718 2717 2439
f 2037 1810 2036
f 2515 2516 2262
f 5712 5963 6022
f 6711 6712 6915
f 5388 5391 5713
f 5331 5332 5391
f 2037 2036 2263
f 2263 2036 2262
f 3656 3655 3347
f 821 691 822
f 502 430 501
f 1220 1218 1068
f 1083 946 945
f 1233 1404 1235
f 7465 7505 7507
f 7352 7466 7355
f 7506 7507 7505
f 7172 7173 6997
f 6588 6806 6807
f 7000 7173 7001
f 7351 7172 7352
f 7352 7172 7350
f 4398 4730 4731
f 6592 6812 6593
f 3752 3753 3440
f 5749 5427 5748
f 7267 7090 7268
f 6590 6592 6589
f 2804 2805 2515
f 2805 2804 3117
f 6915 6917 7089
f 4628 4288 4629
f 933 822 823
f 931 933 934
f 1386 1218 1387
f 2186 2440 2439
f 1235 1404 1406
f 7465 7469 7466
f 1406 1404 1613
f 6055 6342 6343
f 1404 1612 1613
f 6807 6591 6588
f 4061 4401 4063
f 4730 5083 5085
f 6708 6508 6509
f 3752 4062 4061
f 6592 6808 6812
f 2718 2439 2719
f 5427 5428 5082
f 6592 6590 6808
f 7089 6917 7090
f 6022 5964 6256
f 1810 1831 1612
f 1831 1614 1612
f 2037 1831 1810
f 2263 2262 2516
f 5331 4975 5332
f 4975 4628 4629
f 3346 3024 3347
f 933 823 934
f 513 514 600
f 784 664 669
f 503 431 432
f 502 501 587
f 1069 1071 1219
f 1387 1218 1220
f 947 798 946
f 947 946 1083
f 2440 2719 2439
f 7465 7507 7469
f 7413 7414 7506
f 7352 7468 7467
f 6055 6056 5748
f 7172 7351 7173
f 7352 7467 7351
f 7413 7268 7269
f 4061 4063 3752
f 6806 7001 6807
f 7090 7269 7268
f 6508 6257 6509
f 6257 6508 6256
f 5427 5750 5428
f 5427 5749 5750
f 6509 6510 6708
f 2516 2515 2805
f 6917 6915 6916
f 6915 6712 6916
f 4975 4629 4976
f 3958 3656 3959
f 3025 3024 2721
f 3347 3657 3656
f 929 1069 927
f 677 584 585
f 1391 1386 1387
f 1815 1814 1595
f 1080 1236 1234
f 1080 1235 1236
f 6342 6594 6343
f 6342 6593 6594
f 7352 7355 7468
f 7506 7414 7507
f 6055 6344 6056
f 6344 6055 6343
f 6813 6594 6593
f 7413 7269 7414
f 6593 6812 6813
f 7353 7174 7351
f 7351 7174 7173
f 7353 7351 7467
f 4732 4731 4730
f 1612 1614 1613
f 5749 5748 6057
f 6257 6256 5964
f 3440 3441 3116
f 6590 6591 6809
f 5964 6022 5963
f 6810 6808 6590
f 6810 7004 6808
f 6590 6809 6810
f 5391 5662 5713
f 1831 1832 1614
f 2037 2059 1831
f 2263 2059 2037
f 599 601 691
f 668 790 670
f 1814 1815 2038
f 2264 2440 2186
f 7174 7001 7173
f 4730 5085 4732
f 4731 4402 4401
f 6808 7005 6812
f 5750 5749 6057
f 6808 7004 7005
f 2805 2517 2516
f 6591 6811 6809
f 2060 1832 1831
f 2060 1831 2059
f 4629 4288 4289
f 4288 3958 4289
f 2721 2720 3020
f 3347 3024 3348
f 789 934 791
f 791 668 789
f 784 669 792
f 586 587 501
f 586 501 500
f 7355 7466 7469
f 5748 6056 6057
f 7090 7091 7269
f 5084 5086 5083
f 7002 6807 7001
f 3116 3441 3117
f 5429 5428 5750
f 6922 7090 6917
f 5428 5087 5084
f 6591 6807 6811
f 5963 5663 5964
f 2516 2517 2263
f 6510 6511 6711
f 5713 5663 5963
f 5662 5663 5713
f 5391 5332 5662
f 6810 6809 7004
f 6711 6511 6712
f 6712 6713 6916
f 601 599 513
f 600 514 588
f 1081 1234 1237
f 7469 7507 7508
f 7507 7415 7508
f 7469 7470 7355
f 6812 6814 6813
f 7354 7353 7467
f 2719 2440 2718
f 7002 7001 7174
f 4731 4732 4402
f 5085 4733 4732
f 3118 2805 3117
f 5084 5087 5086
f 6509 6259 6510
f 6257 5964 6258
f 5429 5087 5428
f 6811 6807 7003
f 6807 7002 7003
f 6510 6260 6511
f 6811 7004 6809
f 6917 6916 6713
f 6511 6713 6712
f 1832 2060 2061
f 3020 3025 2721
f 3347 3348 3658
f 3348 3024 3349
f 822 691 823
f 823 824 934
f 934 824 791
f 668 791 790
f 929 1071 1069
f 1391 1389 1384
f 2038 2264 2189
f 7507 7414 7415
f 7468 7354 7467
f 7353 7354 7174
f 7174 7354 7175
f 6812 7005 6814
f 7175 7002 7174
f 7090 6922 7091
f 5083 5086 5085
f 6509 6257 6258
f 6917 6725 6922
f 6259 6260 6510
f 7003 7002 7176
f 2517 2518 2263
f 6725 6917 6713
f 7003 7004 6811
f 2286 2060 2059
f 1832 2061 2062
f 824 823 691
f 691 601 692
f 602 601 513
f 503 432 504
f 432 505 504
f 505 432 502
f 1596 1595 1384
f 1238 1083 1082
f 1406 1613 1407
f 6594 6595 6343
f 6813 6595 6594
f 7354 7355 7175
f 7354 7468 7355
f 7269 7270 7414
f 7002 7175 7177
f 2440 2720 2718
f 3752 4063 3753
f 3117 3119 3118
f 3117 3441 3119
f 6258 5964 5965
f 5663 5965 5964
f 2263 2518 2286
f 7004 7003 7179
f 2263 2286 2059
f 2286 2061 2060
f 3348 3349 3658
f 692 824 691
f 824 939 791
f 502 587 505
f 586 500 584
f 1068 1219 1220
f 1387 1389 1391
f 1596 1384 1389
f 1816 2038 1815
f 2519 2440 2264
f 7470 7469 7508
f 7355 7470 7471
f 1613 1614 1407
f 7002 7177 7178
f 4401 4064 4063
f 6509 6258 6259
f 5429 5430 5087
f 7004 7181 7005
f 7004 7179 7181
f 7002 7178 7176
f 6713 6511 6714
f 3959 4289 3958
f 3658 3657 3347
f 3349 3024 3025
f 584 677 678
f 1815 1595 1816
f 1239 1082 1237
f 2038 2265 2264
f 1235 1406 1407
f 7414 7270 7415
f 6343 6596 6344
f 6595 6596 6343
f 7356 7175 7355
f 6345 6056 6344
f 7269 7091 7270
f 6057 6056 6058
f 7092 7091 6922
f 5085 4734 4733
f 7179 7360 7181
f 6922 6725 6724
f 5663 5662 5334
f 5332 5333 5662
f 7003 7180 7179
f 7180 7003 7176
f 4975 4977 5332
f 4977 4975 4976
f 2061 2287 2062
f 3656 3657 3959
f 791 935 790
f 588 503 504
f 669 670 793
f 927 784 929
f 677 585 676
f 1237 1234 1405
f 7471 7508 7509
f 7508 7471 7470
f 7471 7356 7355
f 2720 2440 2519
f 3753 3441 3440
f 4063 4064 3753
f 4402 4732 4733
f 6057 5751 5750
f 2806 2805 3118
f 5429 5751 5430
f 5751 5429 5750
f 7176 7178 7357
f 2517 2805 2806
f 2517 2806 2518
f 7180 7176 7357
f 6713 6714 6727
f 6512 6714 6511
f 2720 3021 3020
f 601 693 692
f 939 824 825
f 513 600 602
f 825 824 692
f 679 600 588
f 587 586 592
f 678 586 584
f 1388 1220 1219
f 1234 1236 1405
f 6813 6814 6595
f 7175 7356 7177
f 6058 5751 6057
f 7178 7177 7358
f 3753 4064 3754
f 6258 5965 6259
f 5086 4734 5085
f 5087 5430 5088
f 7361 7360 7179
f 5663 5664 5965
f 5334 5664 5663
f 7179 7180 7361
f 7361 7180 7357
f 5332 4977 5333
f 2061 2288 2287
f 6512 6715 6714
f 3659 3658 3349
f 601 602 693
f 948 798 947
f 1595 1596 1816
f 2264 2520 2519
f 7416 7509 7508
f 7472 7471 7509
f 7508 7415 7416
f 7471 7472 7356
f 6597 6596 6815
f 6597 6344 6596
f 7356 7358 7177
f 7005 7006 6814
f 7005 7181 7006
f 4402 4064 4401
f 4402 4065 4064
f 5086 5087 4734
f 5751 5752 5430
f 5662 5333 5334
f 1614 1832 1833
f 6511 6260 6512
f 2061 2286 2288
f 2287 2289 2062
f 2287 2288 2289
f 3960 3657 3658
f 3960 3658 3659
f 3350 3659 3349
f 825 692 826
f 791 939 935
f 784 792 929
f 1219 1071 1223
f 1238 1082 1239
f 7473 7356 7472
f 7270 7416 7415
f 6596 6595 6815
f 6345 6344 6597
f 6345 6058 6056
f 1615 1407 1614
f 7359 7178 7358
f 3753 3754 3442
f 7360 7362 7181
f 7178 7359 7357
f 3441 3753 3442
f 4734 4403 4733
f 2720 2807 3021
f 4735 4734 5087
f 7360 7361 7476
f 6259 5967 6260
f 5967 6259 5966
f 2806 3118 3119
f 5087 5088 4735
f 6725 6713 6727
f 6715 6727 6714
f 4976 4629 4977
f 6512 6513 6715
f 692 693 826
f 505 587 592
f 1239 1237 1405
f 1408 1235 1407
f 7270 7271 7417
f 2519 2807 2720
f 6058 5752 5751
f 7182 7006 7181
f 7181 7362 7182
f 4733 4403 4402
f 7360 7476 7362
f 7093 7092 6922
f 6923 7093 6922
f 6259 5965 5966
f 6260 5967 6261
f 1615 1614 1833
f 2839 2806 3119
f 2806 2548 2518
f 6262 6512 6261
f 6261 6512 6260
f 2062 1833 1832
f 4630 4629 4289
f 4290 4289 3959
f 827 826 693
f 939 825 935
f 669 793 792
f 1071 929 1072
f 1072 1223 1071
f 1223 1388 1219
f 799 677 676
f 2039 2038 1816
f 1236 1235 1409
f 7270 7417 7416
f 2520 2807 2519
f 6595 6816 6815
f 7356 7474 7358
f 3755 3754 4064
f 4064 4065 3755
f 4402 4403 4065
f 6922 6724 6923
f 5664 5665 5965
f 5088 5089 4735
f 6727 6518 6725
f 2286 2547 2288
f 6513 6716 6715
f 6717 6716 6513
f 973 825 826
f 825 973 935
f 1387 1220 1389
f 1084 947 1083
f 1816 1596 1817
f 2521 2520 2264
f 6817 6816 6595
f 7270 7091 7271
f 7272 7091 7092
f 7357 7359 7361
f 3441 3442 3119
f 3754 3755 3442
f 4734 4735 4403
f 5965 5665 5966
f 5430 5431 5088
f 6724 6725 6517
f 2518 2548 2286
f 6262 6263 6512
f 6512 6263 6513
f 2062 2289 2063
f 6727 6716 6722
f 6715 6716 6727
f 3349 3025 3350
f 588 504 589
f 792 940 929
f 592 586 678
f 799 676 798
f 1220 1388 1390
f 947 1084 948
f 1816 1817 2039
f 7417 7510 7416
f 7472 7519 7473
f 6817 6595 6814
f 7474 7356 7473
f 6814 7006 6817
f 7182 7183 7006
f 7359 7476 7361
f 5333 4977 5334
f 2286 2548 2549
f 6725 6518 6517
f 2286 2549 2547
f 6518 6727 6722
f 2289 2288 2290
f 6513 6263 6514
f 693 602 694
f 827 693 694
f 600 679 602
f 679 588 589
f 1598 1596 1389
f 2264 2265 2521
f 7271 7418 7417
f 7418 7271 7419
f 7473 7522 7474
f 7272 7271 7091
f 5664 5334 5665
f 2806 2839 2548
f 2062 2063 1833
f 2289 2290 2063
f 6513 6514 6717
f 6717 6718 6716
f 4289 4290 4630
f 826 974 973
f 936 935 973
f 2038 2039 2265
f 1409 1235 1408
f 7509 7510 7520
f 7416 7510 7509
f 7473 7519 7522
f 1616 1408 1407
f 1407 1615 1616
f 7475 7358 7474
f 6817 7006 7008
f 7092 7273 7272
f 7183 7008 7006
f 7362 7363 7182
f 7476 7477 7362
f 7476 7359 7477
f 4403 4404 4065
f 5752 5753 5430
f 6726 6923 6724
f 3119 3155 2839
f 5088 5431 5089
f 6261 5967 6262
f 5968 6263 6262
f 6716 6718 6722
f 6718 6717 6514
f 827 694 826
f 936 790 935
f 679 589 680
f 670 790 793
f 940 1072 929
f 678 677 682
f 1084 1083 1238
f 7509 7520 7472
f 7472 7521 7519
f 6816 7007 6815
f 7358 7475 7359
f 6058 6059 5752
f 7362 7477 7363
f 3755 3756 3442
f 4065 4066 3755
f 5666 5967 5966
f 5753 5431 5430
f 6724 6517 6726
f 5334 4977 4978
f 5967 5968 6262
f 4629 4630 4977
f 6718 6719 6722
f 3657 3960 3961
f 3659 3963 3960
f 3659 3660 3963
f 973 974 936
f 937 790 936
f 505 590 504
f 1223 1072 1075
f 1392 1388 1223
f 2520 2521 2807
f 7472 7520 7521
f 7510 7417 7418
f 6815 6818 6597
f 6816 6817 7007
f 6597 6346 6345
f 7475 7478 7359
f 7183 7182 7184
f 2807 2809 3021
f 7183 7184 7008
f 5754 5753 5752
f 3119 3443 3155
f 3443 3119 3442
f 3442 3757 3443
f 4403 4736 4737
f 4735 4736 4403
f 4735 5089 4736
f 5665 5666 5966
f 5334 4978 5335
f 6517 6518 6265
f 6515 6514 6263
f 4630 4290 4631
f 4291 4290 3959
f 3962 3959 3657
f 602 679 695
f 974 826 828
f 590 505 592
f 682 592 678
f 1405 1236 1409
f 2521 2808 2807
f 7474 7522 7523
f 6058 6346 6059
f 7523 7475 7474
f 7363 7364 7182
f 7273 7092 7093
f 3755 4066 3756
f 3756 3757 3442
f 5334 5335 5665
f 5665 5335 5666
f 6265 6518 6516
f 2550 2288 2547
f 6514 6719 6718
f 3962 4291 3959
f 3025 3351 3350
f 3350 3660 3659
f 694 828 826
f 679 680 801
f 1389 1220 1390
f 1238 1239 1405
f 1410 1405 1409
f 7271 7272 7274
f 6815 7007 6818
f 6058 6345 6346
f 7184 7364 7365
f 7364 7184 7182
f 7477 7359 7478
f 4065 4404 4066
f 4403 4737 4405
f 2839 3155 3156
f 4737 4736 5090
f 5089 5431 5091
f 5967 5666 5968
f 2550 2547 2549
f 2288 2550 2290
f 6518 6722 6516
f 6719 6514 6720
f 3020 3341 3025
f 3961 3960 3963
f 694 602 696
f 974 828 936
f 1598 1818 1596
f 7522 7519 7539
f 7521 7539 7519
f 7419 7271 7274
f 7523 7522 7540
f 6817 7008 7009
f 7363 7477 7364
f 7008 7184 7185
f 4403 4405 4404
f 5089 5091 4736
f 5753 5432 5431
f 5666 5335 5667
f 2839 2840 2548
f 6263 5968 5969
f 4977 4630 4978
f 1834 1833 2063
f 2064 2063 2290
f 6723 6516 6722
f 6722 6719 6918
f 4631 4290 4291
f 3962 3657 3961
f 696 602 695
f 828 694 829
f 679 801 695
f 680 802 801
f 800 682 677
f 1389 1390 1598
f 1085 1084 1238
f 1410 1238 1405
f 7510 7485 7520
f 6346 6597 6598
f 6597 6819 6598
f 6818 6819 6597
f 7009 7007 6817
f 2808 2809 2807
f 7272 7273 7274
f 7477 7479 7364
f 7185 7184 7365
f 4404 4405 4066
f 5091 5431 5432
f 3155 3443 3156
f 3757 3758 3443
f 1834 1615 1833
f 5335 4978 5336
f 6263 5969 6264
f 6264 6515 6263
f 2064 1834 2063
f 6514 6515 6721
f 2290 2291 2064
f 6722 6920 6723
f 6918 6920 6722
f 6721 6720 6514
f 6719 6720 6918
f 3020 3021 3341
f 3963 3662 3961
f 3662 3963 3660
f 7418 7485 7510
f 7541 7540 7522
f 6818 7007 6819
f 1616 1615 1834
f 6059 6060 5752
f 6060 5754 5752
f 7008 7185 7186
f 4067 3756 4066
f 5754 5432 5753
f 4737 5090 4740
f 2840 2839 3156
f 3443 3478 3156
f 5667 5969 5666
f 5666 5969 5968
f 2840 2549 2548
f 2549 2841 2550
f 6265 6516 6264
f 6265 6264 5969
f 6515 6264 6516
f 2290 2550 2291
f 6919 6720 6721
f 6720 6919 6918
f 4979 4630 4631
f 3350 3661 3662
f 3660 3350 3662
f 3961 3662 3966
f 694 696 829
f 681 680 589
f 1223 1225 1392
f 1388 1392 1597
f 7520 7486 7529
f 7521 7529 7539
f 7529 7521 7520
f 7524 7475 7523
f 7477 7478 7479
f 2809 3120 3021
f 4067 4068 3756
f 3756 4068 3757
f 4405 4067 4066
f 4405 4737 4738
f 5091 5432 5092
f 7093 6923 6924
f 5092 4736 5091
f 3758 3478 3443
f 5335 5668 5667
f 5667 5970 5969
f 6516 6267 6515
f 6516 6519 6267
f 6515 6520 6721
f 6519 6516 6723
f 3350 3351 3661
f 591 504 590
f 1075 1072 940
f 800 677 799
f 1388 1597 1390
f 7520 7485 7486
f 7419 7372 7418
f 7372 7419 7274
f 2522 2809 2808
f 7541 7522 7539
f 7364 7479 7365
f 4740 4738 4737
f 4736 5093 5090
f 5667 5668 5971
f 5969 6266 6265
f 5969 6267 6266
f 6267 5969 5970
f 6267 6519 6266
f 6515 6267 6520
f 6728 6721 6520
f 6721 6728 6919
f 4978 4630 4980
f 2291 2065 2064
f 936 828 937
f 793 790 938
f 940 792 941
f 800 799 950
f 1819 1817 1596
f 2521 2522 2808
f 7524 7523 7540
f 7008 7186 7009
f 2810 3120 2809
f 4405 4406 4067
f 5092 5432 5433
f 3757 4068 4069
f 4738 4406 4405
f 5093 4736 5092
f 6265 6266 6517
f 2841 2549 2840
f 5970 6268 6267
f 6520 6267 6268
f 2551 2550 2841
f 4630 4979 4980
f 2064 2065 1834
f 6920 6918 6919
f 2291 2292 2065
f 828 975 937
f 591 589 504
f 798 948 949
f 949 799 798
f 1597 1598 1390
f 949 948 1084
f 1240 1085 1238
f 7525 7475 7524
f 7475 7525 7478
f 7479 7478 7480
f 7093 7094 7273
f 7094 7093 6924
f 5433 5432 5754
f 6726 6729 6923
f 3156 3478 3157
f 3478 3758 3790
f 3758 3757 3790
f 3156 3157 2840
f 3478 3479 3157
f 5971 5970 5667
f 6519 6520 6266
f 6266 6520 6268
f 6728 6520 6723
f 6723 6520 6519
f 6919 6728 6920
f 2291 2550 2292
f 6723 6920 6921
f 590 592 682
f 1076 1075 940
f 1598 1597 1818
f 1084 1085 949
f 1818 1819 1596
f 1817 1819 2039
f 7531 7539 7529
f 7372 7485 7418
f 7539 7546 7541
f 6346 6598 6599
f 6346 6599 6347
f 7273 7094 7274
f 7365 7366 7185
f 4407 4068 4067
f 6923 6729 6924
f 5093 4740 5090
f 5096 4740 5093
f 5335 5336 5668
f 3478 3790 3479
f 6266 6269 6517
f 2842 2841 2840
f 5336 4978 5337
f 6723 6921 6728
f 6728 6921 6920
f 2550 2551 2292
f 3962 3961 4292
f 3964 3961 3966
f 3662 3964 3966
f 829 696 831
f 589 591 681
f 1616 1834 1835
f 7185 7366 7186
f 5433 5434 5092
f 6924 6729 6825
f 6726 6521 6729
f 6521 6517 6269
f 6268 6269 6266
f 5970 6269 6268
f 3120 3341 3021
f 1834 2065 2066
f 2292 2066 2065
f 4632 4631 4291
f 4291 3962 4293
f 801 830 695
f 828 829 975
f 802 680 681
f 683 682 800
f 1599 1597 1392
f 951 950 799
f 951 799 949
f 7530 7529 7486
f 7539 7531 7546
f 7094 7194 7274
f 6346 6347 6059
f 7009 7186 7187
f 7478 7525 7526
f 7480 7478 7526
f 7186 7366 7187
f 7365 7480 7366
f 7365 7479 7480
f 5435 5092 5434
f 5096 5093 5097
f 5093 5092 5097
f 4406 4408 4067
f 3790 3757 4069
f 4069 4068 4407
f 4738 4740 4408
f 4741 4408 4740
f 6517 6521 6726
f 5971 6269 5970
f 2841 2842 2551
f 4632 4979 4631
f 3341 3351 3025
f 831 696 695
f 7485 7372 7373
f 7542 7540 7541
f 7524 7540 7542
f 6347 6060 6059
f 5754 5755 5433
f 5435 5097 5092
f 5433 5755 5434
f 4067 4408 4407
f 7014 6924 6825
f 4738 4408 4406
f 3790 4069 4109
f 4741 4740 5096
f 2840 3157 2842
f 2551 2842 2552
f 4980 5337 4978
f 2293 2066 2292
f 803 801 802
f 790 937 938
f 1076 940 941
f 683 590 682
f 1086 1085 1240
f 1238 1410 1240
f 2040 2039 1819
f 7485 7373 7486
f 7546 7542 7541
f 7194 7372 7274
f 7009 7010 7007
f 6060 5755 5754
f 7187 7366 7188
f 7094 6924 7095
f 5434 5756 5435
f 5096 5097 4742
f 4742 4741 5096
f 3479 3480 3157
f 5336 5669 5668
f 3157 2843 2842
f 2067 1834 2066
f 2551 2552 2292
f 4979 4981 4980
f 4981 4979 4632
f 4292 3961 3964
f 3662 3661 3964
f 942 792 793
f 2265 2039 2040
f 2265 2266 2521
f 7529 7487 7531
f 4109 4069 4407
f 4408 4741 4742
f 3790 3791 3479
f 6522 6521 6269
f 5669 5336 5337
f 6269 6270 6522
f 6269 5971 6270
f 5337 4980 5338
f 2552 2553 2292
f 4291 4293 4632
f 792 942 941
f 1075 1225 1223
f 950 805 800
f 2266 2522 2521
f 1408 1616 1617
f 7486 7487 7530
f 7546 7531 7547
f 7007 6820 6819
f 7366 7367 7188
f 7480 7367 7366
f 5756 5434 5755
f 6924 7014 7095
f 3790 4110 3791
f 4109 4110 3790
f 4407 4110 4109
f 3157 3158 2843
f 3157 3480 3158
f 5971 5668 5972
f 5972 5668 5669
f 801 803 830
f 1818 1597 1604
f 1410 1409 1618
f 2040 2266 2265
f 7529 7530 7487
f 6060 6347 6348
f 7187 7010 7009
f 7010 7187 7188
f 1834 2067 1835
f 3791 3792 3479
f 3792 3480 3479
f 5971 5972 6270
f 2067 2066 2293
f 2292 2554 2293
f 2553 2554 2292
f 4633 4632 4293
f 3962 4294 4293
f 3962 4295 4294
f 4295 3962 4292
f 1604 1597 1599
f 951 949 1085
f 1818 1823 1819
f 7486 7373 7487
f 7546 7550 7543
f 7542 7546 7543
f 6598 6600 6599
f 7542 7543 7524
f 7524 7544 7525
f 7480 7481 7367
f 4408 4742 4743
f 4407 4449 4110
f 4408 4739 4407
f 4407 4739 4449
f 6729 6605 6825
f 6521 6605 6729
f 3120 3121 3341
f 6355 6522 6523
f 6522 6270 6523
f 4980 4981 5338
f 4292 4296 4295
f 4292 3964 4296
f 829 831 976
f 976 975 829
f 1392 1395 1599
f 1409 1408 1617
f 2266 2523 2522
f 1617 1616 1835
f 7372 7194 7196
f 6819 6600 6598
f 6819 6820 6600
f 7544 7524 7543
f 7007 7010 6820
f 7544 7526 7525
f 6348 6061 6060
f 5755 6060 6061
f 2810 3121 3120
f 5435 5436 5097
f 6062 5756 5755
f 6063 5756 6062
f 7095 7014 7015
f 5098 4742 5097
f 3792 3791 4110
f 4739 4408 4743
f 4110 4111 3792
f 6825 7015 7014
f 6522 6603 6521
f 6522 6355 6603
f 2843 2552 2842
f 2843 2844 2552
f 3652 3351 3341
f 975 938 937
f 793 938 943
f 590 684 591
f 590 685 684
f 1818 1604 1823
f 1618 1409 1617
f 7373 7374 7487
f 7018 7194 7094
f 7368 7188 7367
f 5097 5436 5098
f 5435 5756 5436
f 5757 5756 6063
f 1835 2067 2068
f 2843 3158 3159
f 2554 2294 2293
f 4296 3964 3965
f 3964 3661 3965
f 695 832 831
f 976 831 832
f 681 803 802
f 805 683 800
f 1396 1604 1395
f 2040 1819 1823
f 7532 7547 7531
f 7372 7197 7373
f 2522 2810 2809
f 7546 7548 7550
f 7548 7546 7547
f 6599 6600 6347
f 6347 6600 6601
f 7010 6821 6820
f 7010 7188 7189
f 5756 5757 5436
f 7095 7015 7016
f 4742 5098 4743
f 6064 6063 6062
f 4111 4110 4449
f 4775 4449 4739
f 4111 4112 3792
f 5094 4775 4739
f 6521 6603 6604
f 5337 5670 5669
f 3341 3121 3444
f 5339 5337 5338
f 6270 6354 6523
f 2067 2293 2068
f 2293 2294 2068
f 2294 2554 2553
f 4633 4293 4634
f 4294 4634 4293
f 4295 4296 4297
f 4297 4296 3965
f 832 695 830
f 1392 1225 1395
f 1395 1604 1599
f 1410 1618 1411
f 7550 7549 7543
f 6820 6821 6600
f 7018 7094 7095
f 7189 7188 7368
f 7482 7368 7367
f 6061 6062 5755
f 7367 7481 7482
f 5098 5099 4743
f 4739 5095 5094
f 6825 6826 7015
f 5669 5973 5972
f 5669 5670 5973
f 5338 4981 5339
f 938 975 1073
f 591 684 681
f 590 683 685
f 1075 1076 1226
f 951 1085 1086
f 7532 7548 7547
f 7372 7196 7197
f 7549 7550 7548
f 6822 6601 6600
f 6601 6348 6347
f 7480 7526 7482
f 7482 7526 7527
f 7482 7481 7480
f 5470 5436 5757
f 4739 4743 5095
f 4743 5099 5095
f 6063 6064 5757
f 3792 3793 3480
f 4111 4449 4450
f 4450 4449 4775
f 6521 6604 6605
f 3160 2844 2843
f 2843 3159 3160
f 5337 5339 5670
f 6523 6354 6355
f 2552 2845 2553
f 1225 1075 1226
f 1086 950 951
f 1619 1618 1617
f 7487 7488 7531
f 2810 3122 3121
f 7010 7011 6821
f 7194 7195 7196
f 7095 7016 7018
f 3792 4112 3793
f 3481 3158 3480
f 6825 6605 6826
f 6355 6604 6603
f 5972 5973 5974
f 5974 6270 5972
f 2844 2845 2552
f 2295 2068 2294
f 2295 2294 2296
f 4982 4981 4632
f 4632 4633 4982
f 804 803 681
f 684 804 681
f 685 683 805
f 957 805 950
f 1240 1410 1411
f 7373 7197 7374
f 6600 6821 6823
f 7194 7018 7195
f 7190 7010 7189
f 4778 4779 5098
f 4779 5099 5098
f 1835 2068 2069
f 3793 3794 3480
f 4451 4112 4111
f 4451 4111 4450
f 3158 3481 3159
f 2844 3160 3161
f 2844 3162 2845
f 6354 6070 6355
f 3661 3955 3965
f 7010 7190 7011
f 6348 6349 6061
f 7526 7544 7527
f 6061 6349 6062
f 7189 7368 7190
f 5098 5130 4778
f 5436 5130 5098
f 6062 6095 6064
f 5094 5095 4775
f 6064 5787 5757
f 3481 3480 3794
f 4112 4451 4113
f 6826 6827 7015
f 5670 5671 5973
f 2844 3161 3162
f 2555 2553 2845
f 3444 3652 3341
f 2294 2555 2296
f 2555 2294 2553
f 3661 3351 3652
f 4297 4283 4295
f 4297 3965 4283
f 832 830 977
f 1617 1835 1836
f 7487 7374 7488
f 7531 7488 7532
f 6348 6602 6349
f 6348 6601 6602
f 4778 5130 5131
f 5787 5470 5757
f 3793 4112 4113
f 4452 4451 4450
f 3159 3482 3160
f 6355 6070 6071
f 6070 6354 6270
f 2556 2555 2845
f 2295 2296 2068
f 3965 3955 4283
f 975 976 1073
f 793 943 942
f 950 1087 957
f 7543 7549 7545
f 7544 7543 7545
f 6602 6601 6822
f 7545 7527 7544
f 7011 7190 7191
f 5436 5470 5130
f 6062 6349 6095
f 4779 5095 5099
f 4451 4452 4113
f 4775 4776 4450
f 3159 3481 3482
f 6826 6605 6606
f 6355 6356 6604
f 6270 5975 6070
f 6270 5974 5975
f 5973 5671 5974
f 3483 3162 3161
f 4634 4983 4633
f 832 977 976
f 1074 943 938
f 805 809 685
f 1395 1225 1396
f 1837 1617 1836
f 7532 7488 7533
f 6824 6822 6600
f 6600 6823 6824
f 7368 7369 7190
f 7368 7482 7483
f 1836 1835 2069
f 3794 3795 3481
f 5787 6064 6095
f 3121 3445 3444
f 4776 4452 4450
f 6826 6606 6827
f 2069 2068 2297
f 3483 3161 3160
f 2068 2296 2298
f 2296 2555 2298
f 4633 4983 4982
f 4284 4295 4283
f 1076 941 942
f 958 805 957
f 950 1086 1088
f 1088 1087 950
f 1605 1604 1396
f 1605 1823 1604
f 1241 1086 1240
f 7548 7535 7549
f 7012 6823 6821
f 7538 7545 7549
f 6821 7011 7012
f 7011 7191 7192
f 6098 6095 6349
f 7368 7483 7369
f 3793 4114 3794
f 3793 4113 4114
f 5787 5788 5470
f 6827 7016 7015
f 4775 4777 4776
f 4777 4775 5095
f 6355 6071 6356
f 977 830 952
f 804 684 806
f 2266 2524 2523
f 6824 6823 7012
f 5130 5471 5131
f 7190 7369 7191
f 7527 7483 7482
f 3122 3445 3121
f 7483 7484 7369
f 3482 3483 3160
f 3163 3162 3483
f 5975 5764 6070
f 2297 2068 2298
f 5339 5340 5670
f 5339 4981 5340
f 2555 2556 2298
f 3652 3955 3661
f 4626 4295 4284
f 976 977 1089
f 830 803 952
f 1076 1077 1226
f 1411 1618 1619
f 1619 1617 1620
f 2522 2811 2810
f 2523 2811 2522
f 7535 7548 7532
f 7011 7192 7012
f 7370 7192 7191
f 7370 7191 7371
f 5130 5470 5471
f 5470 5788 5471
f 7369 7371 7191
f 7484 7483 7528
f 5095 4779 4777
f 5788 5787 6096
f 4115 3795 3794
f 4776 4777 4454
f 5787 6095 6096
f 3481 3796 3482
f 3795 3796 3481
f 6828 7016 6827
f 6827 6606 6607
f 3484 3483 3482
f 3484 3482 3797
f 6605 6604 6357
f 3162 3163 2845
f 5671 5975 5974
f 6070 5764 6071
f 4634 4294 4295
f 4626 4634 4295
f 3955 4284 4283
f 1089 1110 976
f 803 953 952
f 809 805 958
f 1225 1226 1227
f 1397 1396 1225
f 1097 957 1087
f 1086 1241 1088
f 7549 7535 7536
f 6387 6602 6629
f 6387 6349 6602
f 7545 7537 7527
f 6387 6098 6349
f 7528 7527 7537
f 7528 7483 7527
f 4114 4115 3794
f 4776 4454 4452
f 6606 6605 6357
f 6604 6356 6357
f 2845 3163 2846
f 3163 3483 3484
f 5670 5340 5671
f 2846 2556 2845
f 2298 2556 2297
f 4984 4983 4634
f 4285 4626 4284
f 4284 3955 4285
f 1073 976 1111
f 804 953 803
f 1605 1396 1397
f 7374 7375 7488
f 7538 7549 7536
f 6629 6602 6822
f 7018 7016 7017
f 6098 6096 6095
f 4113 4453 4114
f 4113 4454 4453
f 4454 4113 4452
f 3796 3797 3482
f 6827 6607 6828
f 6357 6358 6606
f 685 807 684
f 1097 1088 1241
f 2524 2811 2523
f 1620 1617 1837
f 7489 7533 7488
f 7196 7195 7019
f 7371 7369 7484
f 6096 6097 5788
f 6096 6098 6097
f 4455 4114 4453
f 3795 4115 3796
f 3485 3484 3797
f 3485 3797 3486
f 6356 6072 6357
f 3485 3163 3484
f 4981 4982 5340
f 976 1110 1111
f 1097 1087 1088
f 2046 2040 1823
f 7488 7375 7489
f 7375 7374 7197
f 2811 3122 2810
f 7196 7019 7197
f 7012 7192 7193
f 7370 7218 7192
f 7192 7218 7193
f 7538 7537 7545
f 7218 7370 7371
f 7218 7371 7388
f 5471 5788 5789
f 7371 7392 7388
f 7371 7484 7392
f 4114 4455 4115
f 2069 2297 2299
f 3485 3164 3163
f 6606 6358 6607
f 2846 3163 3164
f 6607 6608 6828
f 5975 5672 5764
f 5975 5671 5672
f 2299 2297 2557
f 2556 2846 2847
f 2297 2556 2557
f 3956 3955 3652
f 977 952 1089
f 1074 938 1073
f 807 685 809
f 1225 1227 1397
f 1605 1824 1823
f 7532 7533 7534
f 6849 6822 6824
f 7012 7013 6824
f 1836 2069 2070
f 5471 5789 5472
f 6097 5789 5788
f 7484 7498 7392
f 6828 6831 7016
f 3444 3445 3130
f 3485 3486 3164
f 6357 6072 6358
f 6358 6608 6607
f 6071 6072 6356
f 5765 6071 5764
f 5764 5672 5444
f 3955 3956 4285
f 804 806 954
f 808 806 684
f 942 1077 1076
f 1606 1605 1397
f 1241 1240 1411
f 2046 1823 1824
f 2040 2046 2267
f 2266 2040 2267
f 6824 7013 6849
f 7013 7012 7193
f 7528 7537 7496
f 5789 6097 6098
f 7495 7484 7528
f 6831 7017 7016
f 4456 4454 4777
f 4115 4116 3796
f 4115 4455 4116
f 4453 4454 4455
f 3796 3798 3797
f 2847 2557 2556
f 953 804 955
f 942 943 1078
f 954 806 808
f 807 808 684
f 2266 2267 2524
f 7489 7534 7533
f 7019 7195 7018
f 6629 6822 6849
f 6387 6099 6098
f 4778 4457 4779
f 7496 7495 7528
f 4777 4779 4457
f 3798 3486 3797
f 5765 6072 6071
f 6358 6609 6608
f 5671 5340 5672
f 2299 2557 2558
f 5340 5443 5672
f 2847 2558 2557
f 4982 4983 4984
f 1227 1226 1077
f 7532 7534 7535
f 5789 5790 5472
f 6098 6099 5789
f 4777 4457 4456
f 7495 7498 7484
f 4119 4454 4456
f 3796 4116 4117
f 4119 4455 4454
f 6359 6609 6358
f 5764 5444 5765
f 6608 6609 6828
f 5340 4982 5102
f 3444 3451 3652
f 3652 3451 3763
f 3652 3763 3956
f 4626 4285 4286
f 1089 1090 1110
f 2811 3123 3122
f 7197 7019 7198
f 1836 2070 1837
f 3122 3123 3445
f 7193 7036 7013
f 5471 5132 5131
f 5789 6099 5790
f 3796 4118 3798
f 3796 4117 4118
f 6072 6359 6358
f 6828 6609 6829
f 2848 2847 2846
f 5672 5443 5444
f 1073 1111 1074
f 943 1074 1078
f 942 1078 1079
f 1397 1227 1398
f 1097 1098 957
f 1097 1241 1249
f 1411 1619 1620
f 7534 7491 7535
f 7197 7198 7375
f 7535 7493 7536
f 3445 3123 3130
f 5131 4780 4778
f 5471 5472 5132
f 7392 7222 7388
f 3164 3487 3165
f 3164 3486 3487
f 3165 2846 3164
f 3165 3166 2846
f 6609 6359 6610
f 2559 2558 2847
f 4982 4984 5102
f 1089 952 1090
f 942 1079 1077
f 1098 1097 1249
f 2525 2524 2267
f 6629 6849 6630
f 7497 7537 7538
f 6099 6387 6100
f 6387 6388 6100
f 7388 7222 7218
f 5790 6099 6100
f 7392 7393 7222
f 7498 7393 7392
f 4455 4119 4116
f 4116 4118 4117
f 3798 3799 3486
f 6831 6828 6830
f 6830 6828 6829
f 2069 2299 2300
f 2558 2559 2299
f 3166 2848 2846
f 2559 2847 2848
f 5103 5340 5102
f 4626 4286 4627
f 3956 4286 4285
f 953 1090 952
f 1091 953 955
f 1606 1397 1398
f 1607 1605 1606
f 7036 6849 7013
f 6630 6387 6629
f 7037 7193 7218
f 6832 7018 7017
f 2069 2300 2070
f 7393 7498 7495
f 3486 3799 3487
f 5445 5765 5444
f 6359 6611 6610
f 6829 6609 6610
f 5340 5103 5443
f 4627 4634 4626
f 959 809 958
f 1605 1607 1824
f 2811 2524 2525
f 7534 7489 7490
f 7037 7036 7193
f 7497 7538 7536
f 5131 5132 4780
f 5472 5473 5132
f 7218 7219 7037
f 5473 5472 5790
f 7497 7496 7537
f 7218 7222 7219
f 7017 6831 6832
f 6101 5790 6100
f 6359 6360 6611
f 3444 3130 3451
f 4118 3799 3798
f 4974 4984 4634
f 953 1091 1092
f 1090 1242 1110
f 959 807 809
f 2047 2046 1824
f 1411 1620 1621
f 1837 1838 1620
f 7019 7020 7198
f 6849 6850 6630
f 7036 6850 6849
f 6630 6388 6387
f 5790 6102 5791
f 7495 7496 7389
f 5790 6101 6102
f 7393 7223 7222
f 7495 7389 7393
f 5765 5766 6072
f 6830 6829 6610
f 6830 6610 6612
f 6611 6612 6610
f 2299 2559 2560
f 5102 4984 4974
f 953 1092 1090
f 955 804 956
f 956 804 954
f 957 1099 958
f 1241 1411 1412
f 7375 7198 7376
f 1838 1837 2070
f 6832 7019 7018
f 5790 5791 5473
f 6389 6390 6100
f 6388 6389 6100
f 6100 6390 6101
f 7393 7389 7223
f 6831 6830 6614
f 6359 6072 6073
f 3167 3166 3165
f 6613 6830 6612
f 3166 3167 2849
f 2848 3166 2849
f 5443 5104 5444
f 2849 2559 2848
f 2560 2559 2849
f 960 808 807
f 957 1098 1099
f 1250 1098 1249
f 1620 1838 1839
f 7489 7375 7490
f 6850 6851 6630
f 4457 4120 4456
f 3802 4116 4119
f 6360 6359 6073
f 3487 3488 3165
f 3487 3799 3488
f 6612 6360 6613
f 6360 6612 6611
f 5444 5104 5445
f 2849 3167 3168
f 3763 4075 3956
f 4286 3956 4075
f 1110 1242 1111
f 1078 1230 1079
f 1622 1411 1621
f 6850 7036 7037
f 7041 7037 7219
f 4456 4120 4119
f 6102 6101 6103
f 7222 7223 7040
f 6101 6391 6103
f 4116 3802 4118
f 3165 3488 3167
f 2299 2560 2300
f 5104 5443 5103
f 4627 4974 4634
f 4627 4286 4413
f 1090 1092 1242
f 1074 1224 1078
f 807 959 960
f 2811 2819 3123
f 7375 7376 7490
f 7536 7493 7494
f 7037 6857 6850
f 7536 7494 7497
f 5474 5473 5791
f 7496 7497 7391
f 7040 7041 7219
f 5791 6102 5792
f 7219 7222 7040
f 6614 6832 6831
f 6390 6391 6101
f 6613 6614 6830
f 5765 5447 5766
f 5445 5446 5765
f 3800 3488 3799
f 3801 3799 4118
f 3799 3801 3800
f 2849 2850 2560
f 5102 4750 5103
f 4413 4286 4075
f 1099 959 958
f 1824 1607 1825
f 2046 2047 2267
f 1621 1620 1839
f 2525 2267 2274
f 7534 7490 7491
f 7491 7493 7535
f 1838 2070 2071
f 7497 7494 7391
f 6631 6388 6630
f 6631 6630 6851
f 6102 6103 5792
f 4120 3802 4119
f 6390 6392 6391
f 5765 5446 5447
f 4118 3802 3801
f 6613 6360 6361
f 2849 3168 2850
f 5104 5103 4751
f 3169 2850 3168
f 960 961 808
f 1825 2047 1824
f 5473 5474 5132
f 7037 6860 6857
f 4458 4457 4778
f 7041 6860 7037
f 4457 4458 4120
f 7390 7496 7391
f 7496 7390 7389
f 7389 7220 7223
f 7220 7389 7390
f 6613 6361 6362
f 6361 6360 6074
f 3168 3167 3489
f 3764 3763 3451
f 2560 2561 2300
f 2561 2560 2850
f 1228 1227 1077
f 1249 1418 1250
f 1418 1249 1412
f 1412 1249 1241
f 6832 7020 7019
f 7040 6859 7041
f 7042 6859 7040
f 7223 7220 7040
f 3130 3452 3451
f 2301 2070 2300
f 3803 3802 4120
f 5766 5767 6072
f 6613 6362 6614
f 3451 3452 3764
f 3167 3488 3490
f 3488 3800 3492
f 3167 3491 3489
f 3489 3169 3168
f 2850 2851 2561
f 5102 4974 4750
f 4974 4627 4747
f 956 954 808
f 1077 1229 1228
f 1607 1606 1398
f 3123 2819 3130
f 6851 6850 6857
f 6860 6642 6857
f 7041 6859 6860
f 6631 6389 6388
f 6632 6389 6631
f 7040 7220 7038
f 5792 6103 5793
f 6072 5767 6073
f 6391 6104 6103
f 6392 6104 6391
f 6392 6393 6104
f 6393 6392 6390
f 6073 6074 6360
f 3801 3802 3493
f 3801 3492 3800
f 3169 2851 2850
f 3763 3764 4076
f 4974 4748 4750
f 4075 3763 4076
f 4747 4627 4414
f 808 962 956
f 962 808 961
f 1077 1079 1229
f 1251 1098 1250
f 2047 2274 2267
f 2819 3131 3130
f 7199 7198 7020
f 5132 5474 5133
f 4778 4780 4458
f 5475 5474 5791
f 6851 6857 6852
f 6860 6859 6642
f 5791 5792 5475
f 7042 7038 6859
f 6858 6859 7038
f 5475 5792 5793
f 6390 6389 6632
f 6633 6390 6632
f 7038 7042 7040
f 6833 6832 6614
f 6633 6393 6390
f 5445 5105 5446
f 3801 3493 3492
f 3490 3488 3492
f 3490 3491 3167
f 2301 2300 2561
f 4750 4751 5103
f 3169 3489 3170
f 2851 3169 2852
f 2561 2851 2562
f 4748 4974 4747
f 4414 4627 4413
f 1091 955 1093
f 1242 1092 1243
f 1227 1399 1398
f 1418 1251 1250
f 2274 2533 2525
f 2525 2533 2811
f 2533 2819 2811
f 7376 7198 7199
f 6858 6641 6859
f 6641 6642 6859
f 3130 3131 3452
f 6857 6640 6852
f 6640 6857 6642
f 6852 6631 6851
f 2070 2301 2071
f 7038 7220 7039
f 7221 7220 7390
f 7039 7220 7221
f 6614 6362 6615
f 5766 5447 5767
f 5793 6103 6104
f 6104 6393 6394
f 3173 3489 3172
f 3172 3489 3491
f 3170 2852 3169
f 3171 2852 3170
f 2851 2852 2562
f 4413 4075 4414
f 1092 1091 1243
f 1078 1231 1230
f 1412 1411 1622
f 7493 7491 7492
f 6641 6403 6642
f 7493 7380 7494
f 6642 6403 6640
f 7021 7020 6832
f 7391 7494 7380
f 7039 6861 6858
f 7043 6861 7039
f 6858 7038 7039
f 7221 7043 7039
f 7221 7390 7391
f 6615 6833 6614
f 6633 6394 6393
f 3172 2854 2855
f 3172 2855 3173
f 2301 2561 2562
f 2562 2563 2301
f 3170 3489 3173
f 1399 1227 1228
f 1398 1399 1608
f 1398 1608 1607
f 1621 1839 1840
f 7490 7376 7377
f 6858 6643 6641
f 6643 6858 6861
f 5132 5133 4780
f 5133 5474 5475
f 5793 5794 5475
f 7021 6832 6833
f 6632 6631 6853
f 6854 6853 6631
f 6852 6854 6631
f 7224 7221 7391
f 6632 6853 6633
f 3802 3803 3493
f 6104 6105 5793
f 6104 6394 6105
f 3764 3452 3765
f 3492 3174 3490
f 2854 2563 2855
f 2854 2564 2563
f 2564 2301 2563
f 2853 3171 2855
f 2853 2855 2563
f 3170 2855 3171
f 3170 3173 2855
f 2563 2562 2853
f 2562 2852 2853
f 2853 2852 3171
f 4748 4749 4750
f 1078 1224 1231
f 1251 1099 1098
f 1838 2071 2072
f 6404 6403 6641
f 6643 6404 6641
f 4781 4458 4780
f 6852 6640 6854
f 5794 5793 6106
f 6853 6855 6633
f 6362 6361 6074
f 6105 6106 5793
f 6634 6633 6855
f 6394 6633 6634
f 5445 5104 5105
f 2071 2301 2302
f 3492 3493 3174
f 3491 3490 3174
f 3491 3174 3172
f 2301 2564 2302
f 4075 4415 4414
f 1091 1093 1243
f 1252 1099 1251
f 2047 2275 2274
f 1838 2072 1839
f 7490 7377 7491
f 5475 5476 5133
f 6111 6401 6403
f 6403 6401 6640
f 6639 6640 6401
f 7391 7380 7224
f 7043 7221 7224
f 6640 6639 6854
f 6105 6394 6395
f 6395 6394 6634
f 4076 4077 4075
f 4747 4417 4748
f 4075 4077 4415
f 4417 4747 4415
f 4747 4414 4415
f 955 1094 1093
f 1100 960 959
f 1099 1100 959
f 1607 1608 1826
f 2072 2071 2303
f 5134 4781 4780
f 6862 6861 7044
f 7020 7021 7199
f 7043 7044 6861
f 7224 7380 7225
f 7043 7224 7044
f 2071 2302 2303
f 6854 6639 6853
f 6853 6639 6856
f 6855 6853 6856
f 5447 5446 5105
f 6634 6855 6856
f 6395 6396 6105
f 3172 2856 2854
f 3174 2856 3172
f 4748 4417 4749
f 1224 1074 1111
f 6404 6111 6403
f 6861 6862 6643
f 5475 5794 5477
f 7493 7492 7380
f 7044 7224 7225
f 6833 6615 6834
f 5447 5768 5767
f 6362 6363 6615
f 6362 6074 6363
f 6856 6635 6634
f 6105 6396 6397
f 6395 6635 6396
f 3174 3494 3495
f 6635 6395 6634
f 2302 2564 2565
f 2854 2856 2564
f 3764 3766 4076
f 1100 1099 1252
f 1607 1826 1825
f 6644 6405 6404
f 6404 6643 6644
f 7492 7491 7378
f 7491 7377 7378
f 7377 7376 7200
f 4780 5133 5135
f 5476 5475 5477
f 6111 6402 6401
f 7376 7199 7200
f 4781 4459 4458
f 7380 7379 7225
f 6615 6616 6834
f 6856 6637 6635
f 6106 6105 6397
f 2565 2303 2302
f 3174 3493 3494
f 4751 5105 5104
f 1242 1243 1267
f 1111 1242 1267
f 6112 6404 6405
f 6112 6111 6404
f 5135 5134 4780
f 5476 5135 5133
f 5477 5135 5476
f 7378 7380 7492
f 7044 7225 7226
f 6833 6834 7021
f 4121 4120 4458
f 5767 5768 5769
f 4121 3803 4120
f 6073 5767 6074
f 6639 6637 6856
f 6106 6397 6398
f 6397 6396 6636
f 6637 6636 6396
f 6635 6637 6396
f 3174 3495 3175
f 2564 2857 2565
f 2564 2856 2857
f 3766 4077 4076
f 4077 4416 4415
f 4416 4417 4415
f 1095 955 956
f 1095 956 962
f 1623 1418 1412
f 1621 1624 1622
f 2275 2533 2274
f 6643 6645 6644
f 6643 6862 6645
f 7225 7227 7226
f 5794 6106 6107
f 6106 6398 6107
f 6639 6636 6637
f 6615 6363 6616
f 6636 6638 6397
f 3453 3766 3764
f 3174 3175 2856
f 1093 1244 1243
f 1101 960 1100
f 5795 5477 5794
f 6107 5795 5794
f 7045 6862 7044
f 7045 7044 7226
f 6639 6401 6400
f 6363 6074 6075
f 5767 6075 6074
f 3765 3452 3453
f 6400 6636 6639
f 6398 6397 6638
f 3765 3453 3764
f 4751 4750 4420
f 4418 4750 4749
f 3766 4078 4077
f 1093 1094 1244
f 1103 1095 962
f 6112 6405 6113
f 6402 6110 6401
f 7046 6862 7045
f 7225 7379 7227
f 6400 6401 6109
f 6834 6616 6617
f 3493 3803 3494
f 6400 6638 6636
f 3176 3175 3495
f 2565 2857 2566
f 2858 2856 3175
f 4417 4418 4749
f 4417 4416 4079
f 955 1096 1094
f 1102 961 960
f 2048 2047 1825
f 1412 1622 1624
f 6644 6406 6405
f 6405 6406 6113
f 5797 6111 6112
f 6645 6862 6863
f 6110 6402 6111
f 6110 6111 5797
f 2303 2304 2072
f 5477 5478 5135
f 5478 5477 5795
f 6109 6401 6110
f 5795 6107 6108
f 7199 7021 7022
f 7022 7021 6835
f 6834 6835 7021
f 6107 6398 6399
f 6398 6638 6399
f 6399 6638 6400
f 2566 2857 2858
f 2857 2856 2858
f 4750 4418 4420
f 4077 4079 4416
f 1243 1244 1267
f 955 1095 1096
f 1419 1251 1418
f 1419 1418 1623
f 1826 2049 1825
f 1621 1840 1841
f 1839 2072 2073
f 6644 6645 6406
f 6863 6862 7046
f 7205 7379 7380
f 6400 6109 6108
f 6107 6399 6108
f 6400 6108 6399
f 6834 6617 6835
f 3452 3132 3453
f 4122 3803 4121
f 6363 6364 6616
f 5105 5448 5447
f 4752 5105 4751
f 3175 3176 2858
f 961 1102 962
f 1079 1230 1229
f 1102 960 1101
f 2275 2047 2048
f 6112 6113 5798
f 5136 5134 5135
f 5478 5136 5135
f 4781 5134 4782
f 5795 6108 6109
f 7378 7205 7380
f 7199 7022 7200
f 7226 7227 7045
f 4459 4121 4458
f 2303 2565 2566
f 2859 2858 3176
f 4417 4079 4418
f 1623 1412 1624
f 5797 6112 5798
f 2820 3131 2819
f 5796 6109 6110
f 3131 3132 3452
f 6363 6075 6364
f 3803 3804 3494
f 1244 1094 1245
f 1244 1245 1267
f 1624 1621 1841
f 6113 6406 6114
f 6864 6863 7046
f 5796 5478 5795
f 5795 6109 5796
f 7378 7203 7205
f 7203 7378 7377
f 7203 7377 7200
f 7045 7227 7228
f 7227 7204 7228
f 6836 7022 6835
f 5769 6075 5767
f 5447 5448 5768
f 6616 6364 6617
f 5106 5448 5105
f 2567 2303 2568
f 2303 2566 2568
f 4420 4419 4751
f 2566 2858 2859
f 4418 4079 4080
f 3767 4079 4077
f 1253 1100 1252
f 1840 1839 2073
f 6645 6646 6406
f 6646 6645 6863
f 7379 7204 7227
f 7379 7205 7204
f 6617 6618 6835
f 6364 6365 6617
f 2568 2566 2860
f 4078 3767 4077
f 1251 1420 1252
f 1420 1251 1419
f 1825 2049 2048
f 2276 2533 2275
f 2533 2534 2819
f 6113 5799 5798
f 6114 5799 6113
f 6407 6406 6646
f 5478 5479 5136
f 5478 5796 5479
f 5797 5796 6110
f 2820 3132 3131
f 2569 2304 2303
f 7228 7046 7045
f 7203 7200 7201
f 7022 7023 7200
f 6075 5769 6076
f 6835 6618 6836
f 6366 6618 6617
f 3494 3804 3495
f 4078 3766 3767
f 4080 4079 3767
f 1094 1246 1245
f 1094 1096 1246
f 2819 2534 2820
f 6863 6864 6646
f 4459 4781 4460
f 4459 4123 4121
f 7228 7204 7229
f 2303 2567 2569
f 6836 7023 7022
f 5105 4752 5106
f 2566 2859 2860
f 5479 5796 5797
f 2305 2072 2304
f 7200 7023 7201
f 5768 5448 5769
f 4751 4419 4421
f 2862 2859 3176
f 1230 1402 1229
f 2048 2050 2275
f 4782 5134 5136
f 6365 6366 6617
f 6365 6364 6075
f 3495 3177 3176
f 4751 4421 4752
f 2861 2860 2859
f 3453 3454 3766
f 3766 3454 3767
f 1111 1268 1224
f 2534 2533 2276
f 4782 4460 4781
f 7047 6864 7046
f 7203 7202 7025
f 6618 6366 6619
f 2567 2568 2861
f 3177 2862 3176
f 2568 2860 2861
f 3454 3768 3767
f 1267 1268 1111
f 1230 1231 1402
f 1228 1229 1400
f 1624 1844 1842
f 1844 1624 1841
f 2276 2275 2050
f 6406 6407 6114
f 5480 5797 5798
f 7204 7205 7025
f 7203 7201 7202
f 5769 6077 6076
f 5448 5449 5769
f 6618 6837 6836
f 6076 6365 6075
f 4122 3804 3803
f 2859 2862 2861
f 4080 3767 4081
f 1267 1245 1246
f 1827 2048 2049
f 2050 2048 1827
f 5798 5799 5480
f 5136 5480 5137
f 5136 5479 5480
f 5797 5480 5479
f 2304 2569 2305
f 7046 7228 7229
f 4123 4459 4460
f 7025 7205 7203
f 7023 6836 6837
f 6618 6619 6837
f 2567 2861 2862
f 3767 3768 4081
f 1095 1103 1096
f 1101 1254 1102
f 2072 2305 2073
f 7047 7046 7229
f 7230 7229 7204
f 4122 4121 4123
f 7023 7202 7201
f 5769 5770 6077
f 5449 5770 5769
f 1402 1231 1393
f 1609 1826 1608
f 6114 6115 5799
f 5136 5137 4782
f 7204 7206 7230
f 7025 7206 7204
f 5449 5450 5770
f 6837 7024 7023
f 3132 3454 3453
f 3178 2862 3177
f 4083 4419 4420
f 4083 4420 4418
f 1246 1096 1247
f 1268 1246 1247
f 1267 1246 1268
f 1253 1252 1420
f 1608 1399 1609
f 2050 2277 2276
f 2820 3133 3132
f 6837 6619 6620
f 6365 6076 6366
f 5106 5107 5448
f 2567 2863 2569
f 2862 2864 2567
f 4418 4080 4082
f 4081 4082 4080
f 1231 1224 1393
f 962 1102 1103
f 1229 1402 1400
f 1254 1101 1100
f 1609 1399 1401
f 2049 1826 1827
f 2534 2535 2820
f 5137 5138 4782
f 5800 5480 5799
f 6646 6647 6407
f 6647 6646 6864
f 2820 2821 3133
f 7049 7229 7230
f 7023 7024 7202
f 6076 6077 6367
f 3804 4122 3805
f 6366 6367 6619
f 6076 6367 6366
f 3133 3454 3132
f 3178 2864 2862
f 1401 1399 1228
f 1826 1609 1827
f 1842 1623 1624
f 2050 1827 2051
f 4461 4460 4782
f 5451 5770 5450
f 7202 7024 7025
f 6838 6837 6620
f 6619 6367 6620
f 3495 3804 3496
f 3177 3495 3496
f 4083 4418 4082
f 3769 4082 4081
f 4081 3768 3769
f 1096 1248 1247
f 6114 6408 6115
f 6114 6407 6408
f 2535 2821 2820
f 5137 5480 5481
f 6407 6647 6648
f 5481 5480 5800
f 2305 2569 2570
f 7024 6837 6838
f 3133 3455 3454
f 2863 2567 2865
f 2567 2864 2865
f 2865 2864 3178
f 3454 3456 3768
f 1247 1248 1413
f 1096 1103 1248
f 2073 2305 2306
f 7047 7229 7049
f 7230 7231 7049
f 5770 5772 6077
f 7024 6840 7025
f 3455 3456 3454
f 1268 1247 1414
f 2050 2051 2277
f 2276 2277 2534
f 6408 6407 6648
f 5138 5137 5481
f 5799 6115 6116
f 5138 5139 4782
f 4461 4782 4783
f 6865 6647 6864
f 7047 7049 7048
f 5770 5451 5453
f 6367 6077 6368
f 6839 7024 6838
f 5449 5107 5108
f 5448 5107 5449
f 4421 4753 4752
f 3768 3456 3769
f 4082 3769 3770
f 1228 1400 1401
f 1419 1627 1420
f 1627 1419 1623
f 1842 1844 2075
f 1841 2075 1844
f 6116 5800 5799
f 4461 4124 4460
f 6864 7047 6865
f 4122 4123 3805
f 5770 5453 5772
f 7230 7206 7231
f 5449 5108 5450
f 7025 6840 7026
f 6838 6620 6621
f 3133 3134 3455
f 7024 6839 6840
f 1247 1413 1414
f 1268 1414 1442
f 1841 1840 2074
f 4782 5139 4783
f 2306 2305 2570
f 6077 5772 6078
f 5451 5450 5108
f 3804 3805 3496
f 6621 6620 6367
f 5106 4752 5107
f 2865 3179 2863
f 2865 3178 3179
f 3456 3770 3769
f 1420 1421 1253
f 5138 5481 5482
f 5800 6116 5801
f 5800 5801 5481
f 7047 7048 6865
f 4124 4123 4460
f 6838 6621 6839
f 4419 4083 4084
f 3456 3457 3770
f 1393 1224 1394
f 2277 2051 2278
f 2277 2535 2534
f 2073 2306 2307
f 5138 5482 5139
f 5771 5772 5452
f 4752 4753 5107
f 1413 1248 1414
f 1103 1258 1248
f 1224 1268 1394
f 1255 1254 1100
f 1100 1253 1255
f 1827 2052 2051
f 5482 5481 5802
f 4123 4124 3805
f 6078 5772 5771
f 5453 5452 5772
f 6078 6368 6077
f 6622 6839 6621
f 6368 6621 6367
f 7026 7206 7025
f 3497 3177 3496
f 3178 3177 3497
f 3455 3134 3456
f 4421 4419 4084
f 1268 1442 1394
f 1103 1102 1256
f 1421 1420 1627
f 1840 2073 2074
f 6648 6649 6408
f 6116 6117 5801
f 5481 5801 5802
f 7231 7206 7207
f 4754 5108 5107
f 7026 6840 6841
f 3180 2866 2863
f 2863 3179 3180
f 3178 3181 3179
f 3179 3181 3180
f 2279 2278 2051
f 1841 2074 2075
f 5483 5482 5802
f 6115 6409 6116
f 6115 6408 6409
f 6648 6647 6650
f 2821 2822 3133
f 2822 3134 3133
f 5109 5451 5108
f 3805 3806 3496
f 2569 2866 2570
f 3497 3496 3807
f 2569 2863 2866
f 3181 3178 3497
f 4422 4421 4084
f 3134 3136 3456
f 4082 3771 4083
f 4783 5139 5140
f 6866 6647 6865
f 6078 5771 5773
f 5771 5452 5773
f 7231 7207 7049
f 6621 6368 6622
f 7206 7026 7207
f 6839 6623 6840
f 6840 6623 6841
f 4421 4422 4753
f 3180 3181 2866
f 3771 4084 4083
f 3771 4082 3770
f 3458 3771 3770
f 3457 3458 3770
f 1414 1248 1415
f 1828 1827 1609
f 1627 1623 1843
f 2051 2052 2279
f 6408 6649 6409
f 6648 6650 6649
f 6867 7048 7049
f 5452 5774 5773
f 3805 4124 3806
f 6839 6622 6623
f 3134 3135 3136
f 3181 3182 2866
f 3136 3457 3456
f 1414 1415 1625
f 1255 1102 1254
f 1402 1610 1400
f 2307 2074 2073
f 5139 5482 5140
f 5482 5483 5140
f 6116 6409 6117
f 2535 2822 2821
f 7050 7049 7207
f 6368 6623 6622
f 4754 5107 4753
f 7026 6841 7027
f 1248 1258 1416
f 1415 1248 1417
f 1414 1625 1442
f 1842 1843 1623
f 2308 2075 2074
f 2277 2536 2535
f 5484 5483 5802
f 4461 4783 4784
f 5802 5803 5484
f 6117 5803 5801
f 5109 5452 5453
f 6867 7049 7050
f 5453 5451 5109
f 2866 3182 3183
f 3498 3183 3182
f 3498 3182 3181
f 3458 3772 3771
f 1248 1416 1417
f 2052 1827 1828
f 2075 2076 1842
f 5803 5802 5801
f 6647 6866 6650
f 6865 7048 6866
f 6078 6369 6368
f 6368 6624 6623
f 6623 6842 6841
f 7026 7027 7208
f 3181 3497 3499
f 3136 3458 3457
f 1401 1400 1610
f 2053 2052 1828
f 1842 2076 1843
f 6117 5804 5803
f 6410 6409 6649
f 4461 4462 4124
f 7048 6867 6866
f 6078 6079 6369
f 6078 5773 6079
f 5775 6079 5773
f 5775 5773 5774
f 6842 7028 6841
f 6841 7028 7027
f 3497 3807 3809
f 3498 3181 3499
f 3136 3459 3458
f 3459 3772 3458
f 1625 1415 1417
f 5140 4784 4783
f 5483 5484 5140
f 2535 2536 2822
f 6368 6369 6624
f 2822 3135 3134
f 6623 6624 6842
f 4754 5109 5108
f 7207 7051 7050
f 7034 7207 7026
f 7209 7208 7027
f 4753 4422 4754
f 3183 2867 2866
f 3773 3771 3772
f 1259 1258 1103
f 1422 1255 1253
f 2075 2308 2076
f 2278 2279 2538
f 6409 6118 6117
f 6118 6409 6410
f 2306 2571 2307
f 6653 6866 6867
f 5452 5454 5774
f 2822 2823 3135
f 7034 7051 7207
f 7026 7208 7034
f 2570 2866 2867
f 3773 3772 3459
f 1103 1256 1259
f 1253 1421 1422
f 1611 1609 1401
f 5803 5804 5484
f 4784 4462 4461
f 6842 6624 6843
f 7050 6868 6867
f 7050 7051 6868
f 6842 7029 7028
f 7027 7210 7209
f 7210 7027 7028
f 3809 3810 3497
f 3810 3499 3497
f 3183 3184 2867
f 3183 3498 3184
f 3184 3498 3499
f 1394 1442 1603
f 6119 6118 6410
f 5484 5485 5140
f 5484 5804 5486
f 6842 6843 7029
f 7210 7028 7029
f 4084 3771 3774
f 1417 1416 1625
f 1416 1258 1429
f 2074 2307 2309
f 2309 2307 2571
f 2277 2537 2536
f 6411 6119 6410
f 5804 6118 5805
f 6119 5805 6118
f 6118 5804 6117
f 5484 5486 5485
f 6866 6651 6650
f 4124 4462 4125
f 6079 6370 6369
f 5109 5454 5452
f 3135 2823 3136
f 6843 6844 7029
f 2570 2867 2572
f 7051 7034 7035
f 7034 7208 7217
f 3136 3137 3459
f 4422 4084 4085
f 3185 3184 3499
f 3774 3771 3773
f 1257 1102 1255
f 1422 1423 1255
f 1828 1609 1611
f 6411 6120 6119
f 5140 5141 4784
f 6410 6412 6411
f 6410 6413 6412
f 6410 6649 6413
f 6649 6650 6413
f 2536 2823 2822
f 6079 6080 6370
f 6624 6369 6625
f 3496 3806 3808
f 6868 6653 6867
f 6624 6625 6843
f 2306 2570 2572
f 4422 4755 4754
f 2572 2867 2868
f 7209 7213 7208
f 3137 3460 3459
f 4084 3774 4085
f 3460 3773 3459
f 1429 1258 1430
f 2278 2538 2277
f 2538 2537 2277
f 6120 5805 6119
f 5485 5141 5140
f 2571 2306 2573
f 4124 4125 3806
f 5775 6080 6079
f 6625 6844 6843
f 6868 7051 7035
f 7034 6847 7035
f 7034 7033 6847
f 7034 7215 7033
f 7215 7034 7217
f 7210 7213 7209
f 2867 3184 2868
f 3185 3499 3500
f 3773 3460 3774
f 1393 1394 1600
f 6121 6120 6411
f 4784 5141 4785
f 6121 6411 6412
f 4784 4785 4462
f 6650 6415 6413
f 5774 5455 5775
f 2824 3136 2823
f 3807 3496 3808
f 5110 5109 4754
f 6847 6868 7035
f 6844 7030 7031
f 6844 7031 7029
f 7029 7031 7210
f 7210 7031 7213
f 3184 3185 2868
f 1610 1402 1601
f 1422 1421 1627
f 5804 5487 5486
f 6651 6415 6650
f 6866 6652 6651
f 6866 6653 6652
f 6626 6625 6369
f 5454 5455 5774
f 6654 6653 6868
f 6869 6868 6847
f 3807 4127 3809
f 7215 7217 7216
f 7217 7208 7381
f 7217 7381 7216
f 7208 7213 7382
f 3500 3499 3810
f 1416 1626 1625
f 1429 1626 1416
f 1845 1627 1843
f 5141 5485 5142
f 2571 2573 2574
f 2536 2824 2823
f 4462 4463 4125
f 6082 6371 6370
f 6080 6082 6370
f 6625 6845 6844
f 6626 6845 6625
f 7030 6844 6845
f 2824 3137 3136
f 7032 7033 7215
f 4755 4756 4754
f 7208 7382 7381
f 3137 3461 3460
f 3460 3461 3774
f 1102 1257 1256
f 1423 1257 1255
f 2574 2309 2571
f 6120 5807 5805
f 6120 6121 5807
f 5142 4785 5141
f 5804 5805 5487
f 5486 5143 5485
f 2536 2825 2824
f 4125 4463 4126
f 6370 6371 6369
f 6847 6848 6869
f 7215 7216 7032
f 7216 7381 7386
f 3137 3462 3461
f 1600 1394 1603
f 1402 1393 1601
f 1401 1610 1611
f 1628 1422 1627
f 1828 1611 1829
f 2538 2826 2537
f 5805 5807 5806
f 2536 2537 2825
f 5486 5487 5143
f 6122 6412 6413
f 6651 6652 6415
f 4126 3806 4125
f 5775 5455 5776
f 2306 2572 2573
f 7033 6846 6847
f 7033 7032 6846
f 6845 6846 7032
f 6845 7032 7030
f 2824 3138 3137
f 4127 3807 3808
f 6868 6869 6654
f 7216 7211 7032
f 4422 4423 4755
f 7382 7385 7381
f 3185 3186 2868
f 3186 3185 3500
f 1258 1259 1431
f 1430 1258 1431
f 2053 1828 1829
f 2053 2280 2052
f 2052 2280 2279
f 2538 2279 2539
f 5806 5487 5805
f 3806 4126 3808
f 6369 6371 6372
f 6846 6845 6626
f 6846 6627 6847
f 6848 6870 6869
f 7032 7211 7030
f 5110 4754 4756
f 7213 7214 7382
f 7214 7213 7031
f 2572 2868 2869
f 4422 4085 4423
f 1429 1430 1626
f 1625 1626 1442
f 1628 1627 1845
f 2308 2074 2310
f 2310 2074 2309
f 6122 6121 6412
f 4786 4462 4785
f 6413 6414 6122
f 6627 6848 6847
f 5109 5455 5454
f 7211 7212 7030
f 7216 7383 7211
f 7216 7386 7387
f 7381 7236 7386
f 7381 7385 7394
f 1259 1256 1424
f 2076 2308 2077
f 5807 6121 5808
f 5485 5143 5142
f 6413 6415 6414
f 5775 5776 6080
f 2825 3138 2824
f 6869 6655 6654
f 6655 6869 6870
f 7216 7387 7383
f 7212 7031 7030
f 7386 7236 7387
f 3138 3462 3137
f 7381 7394 7236
f 7385 7382 7214
f 2868 3187 2869
f 3775 3774 3461
f 4086 3774 3775
f 1431 1259 1432
f 1843 2076 2077
f 6121 6122 5808
f 6414 6123 6122
f 6416 6415 6652
f 6627 6666 6848
f 6846 6626 6627
f 6080 5776 5777
f 6652 6653 6416
f 6654 6416 6653
f 6848 6663 6870
f 7211 7383 7234
f 7234 7212 7211
f 7212 7384 7214
f 7031 7212 7214
f 6873 7052 7054
f 7054 7232 7236
f 7232 7387 7236
f 3462 3463 3461
f 2868 3186 3187
f 1602 1601 1393
f 1426 1423 1422
f 1829 2054 2053
f 5808 6122 6123
f 2574 2573 2870
f 6415 6124 6414
f 6663 6848 6666
f 6626 6369 6373
f 6082 6083 6371
f 6082 6080 6081
f 6870 6663 6664
f 6416 6654 6655
f 6664 6655 6870
f 7384 7212 7234
f 7233 7383 7387
f 7214 7384 7385
f 7237 7238 7054
f 7236 7237 7054
f 7394 7237 7236
f 7238 7055 7054
f 4086 4085 3774
f 3463 3775 3461
f 3187 3186 3501
f 3186 3500 3501
f 1430 1431 1626
f 1424 1256 1425
f 5807 5488 5806
f 5808 5488 5807
f 5142 5143 4785
f 4463 4462 4786
f 6123 6414 6124
f 6416 6124 6415
f 6626 6373 6627
f 6371 6083 6372
f 3808 4126 4128
f 6080 5777 6081
f 6664 6656 6655
f 2573 2572 2869
f 7232 7233 7387
f 4756 4755 4423
f 7054 7052 7232
f 7395 7237 7394
f 7395 7394 7385
f 3500 3811 3501
f 1610 1601 1611
f 1843 2077 1845
f 5808 6123 5811
f 6627 6422 6666
f 5776 5455 5456
f 6417 6416 6655
f 5109 5110 5455
f 2825 3139 3138
f 4129 4127 3808
f 7234 7383 7233
f 3138 3139 3462
f 7233 7232 7052
f 7384 7243 7385
f 7055 6874 7054
f 7238 7237 7055
f 7396 7237 7395
f 4085 4087 4423
f 4087 4085 4086
f 1393 1600 1602
f 2826 2538 2539
f 2574 2575 2309
f 5808 5809 5488
f 5488 5487 5806
f 5143 4786 4785
f 6084 6372 6083
f 3140 3139 2825
f 4129 3808 4128
f 7233 7053 7234
f 7052 6871 6872
f 4127 3810 3809
f 7052 6872 7053
f 7053 7233 7052
f 7385 7243 7395
f 6873 7054 6874
f 3500 3810 3812
f 3187 3501 3502
f 3502 3501 3811
f 1259 1433 1432
f 1431 1432 1626
f 1442 1626 1638
f 1256 1257 1425
f 2309 2575 2576
f 2826 2827 2537
f 5809 5808 5810
f 5810 5808 5811
f 6666 6665 6663
f 6627 6373 6422
f 6372 6373 6369
f 6084 6373 6372
f 6416 6125 6124
f 6417 6125 6416
f 6655 6656 6417
f 7235 7384 7234
f 7052 6873 6871
f 6871 6873 6659
f 7384 7235 7243
f 6873 6874 6659
f 7055 7237 7239
f 7397 7237 7396
f 7056 6874 7055
f 3500 3813 3811
f 3812 3813 3500
f 1442 1638 1603
f 2280 2053 2054
f 2310 2309 2576
f 5488 5144 5487
f 5487 5144 5143
f 5143 5144 4786
f 2825 2828 3140
f 6665 6666 6421
f 6124 5812 6123
f 6663 6420 6664
f 6664 6420 6656
f 6417 6656 6657
f 6658 6417 6657
f 7053 7235 7234
f 6658 6871 6659
f 7396 7395 7244
f 7244 7395 7243
f 7396 7401 7397
f 7056 7055 7239
f 7397 7239 7237
f 4087 4086 3775
f 3187 3502 3503
f 1433 1259 1434
f 1629 1422 1628
f 2280 2539 2279
f 5489 5809 5810
f 2537 2828 2825
f 2574 2870 2871
f 6422 6421 6666
f 5812 6124 6125
f 6663 6665 6420
f 6656 6420 6419
f 6656 6419 6657
f 6417 6418 6125
f 6418 6419 6125
f 6657 6660 6658
f 6658 6659 6418
f 6417 6658 6418
f 6658 6872 6871
f 7053 7059 7235
f 7396 7244 7401
f 2869 3187 3188
f 6875 6659 6874
f 7056 6875 6874
f 3775 4088 4087
f 1626 1432 1638
f 1602 1822 1601
f 1422 1629 1426
f 2311 2077 2308
f 2311 2308 2310
f 5488 5809 5489
f 4464 4463 4786
f 5811 6123 5812
f 6421 6422 6128
f 6084 6374 6373
f 6082 5778 6083
f 6082 6081 5778
f 5812 6125 6126
f 5455 5110 5456
f 2870 2573 2869
f 6126 6125 6419
f 6657 6419 6418
f 6418 6660 6657
f 6658 6660 6872
f 7053 6872 6876
f 7053 6876 7059
f 6418 6659 6661
f 3139 3463 3462
f 7239 7397 7398
f 3776 4088 3775
f 7239 7240 7056
f 3502 3811 3503
f 1611 1830 1829
f 2828 2537 2827
f 5810 5811 5491
f 5811 5812 5491
f 4464 4126 4463
f 6421 6420 6665
f 4464 4465 4126
f 5813 5812 6126
f 6420 6126 6419
f 6660 6876 6872
f 4127 3812 3810
f 6661 6659 6875
f 4424 4423 4087
f 3463 3776 3775
f 6875 7056 7057
f 7056 7240 7057
f 7398 7240 7239
f 3187 3503 3188
f 1257 1423 1426
f 2077 2078 1845
f 2311 2310 2576
f 2575 2872 2576
f 5488 5489 5144
f 5489 5810 5490
f 5491 5812 5813
f 6373 6423 6422
f 6628 6423 6373
f 4465 4128 4126
f 5778 6081 5777
f 6126 6127 5813
f 6127 6126 6420
f 6418 6661 6662
f 6876 6660 6877
f 6876 6877 7059
f 7244 7245 7401
f 7397 7399 7398
f 7397 7499 7399
f 4088 4089 4087
f 3776 4089 4088
f 7398 7399 7240
f 1434 1259 1424
f 1603 1638 1600
f 2054 2281 2280
f 2871 2575 2574
f 5490 5810 5491
f 6128 6127 6421
f 6421 6127 6420
f 6374 6628 6373
f 6083 5778 6084
f 5776 5456 5777
f 6418 6662 6660
f 6660 6662 6877
f 4756 4423 4757
f 7243 7235 7060
f 7060 7244 7243
f 7244 7060 7245
f 6661 6875 6878
f 7499 7397 7401
f 7058 6875 7057
f 7240 7399 7241
f 7240 7241 7057
f 1846 1629 1628
f 1846 1628 1845
f 5145 5489 5490
f 5145 5144 5489
f 4786 5144 4787
f 4786 4787 4464
f 5814 5491 5813
f 6422 6423 6128
f 5813 6127 5814
f 6375 6628 6374
f 5110 5457 5456
f 2869 2871 2870
f 3140 3464 3139
f 4131 3812 4127
f 3139 3464 3463
f 7235 7059 7060
f 4087 4089 4090
f 7057 7241 7058
f 4130 3811 3813
f 3811 3814 3503
f 1630 1424 1425
f 2577 2311 2576
f 5815 6127 6128
f 5815 6128 5816
f 6128 6129 5816
f 6084 6085 6374
f 6084 5778 6085
f 4756 5111 5110
f 6662 6661 6879
f 6661 6878 6879
f 7401 7245 7402
f 4424 4087 4090
f 7058 6878 6875
f 7402 7499 7401
f 3503 3504 3188
f 3811 4130 3814
f 1433 1434 1432
f 1631 1434 1424
f 1426 1427 1257
f 1601 1822 1611
f 1829 1830 2055
f 2539 2827 2826
f 5490 5491 5145
f 5814 6127 5815
f 6423 6129 6128
f 6628 6378 6423
f 6880 6877 6662
f 6877 7060 7059
f 4423 4424 4757
f 3464 3777 3463
f 3776 3463 3777
f 7402 7246 7399
f 7499 7402 7399
f 7061 6878 7058
f 7400 7241 7399
f 1432 1434 1638
f 1820 1602 1600
f 2873 2576 2872
f 5144 5145 4787
f 4788 4465 4464
f 6375 6374 6086
f 6085 6086 6374
f 5456 5778 5777
f 3140 2828 3143
f 6662 6879 6880
f 7399 7246 7400
f 4425 4424 4090
f 7242 7241 7400
f 3776 3777 4089
f 7242 7058 7241
f 1631 1424 1632
f 1611 1822 1830
f 2539 2280 2540
f 2827 2539 2829
f 2827 3141 2828
f 5492 5145 5491
f 5814 5492 5491
f 5492 5814 5815
f 6628 6375 6376
f 5110 5111 5457
f 5111 4756 4757
f 4131 4132 3812
f 7060 6877 6880
f 6878 7062 6879
f 7062 6878 7063
f 7063 6878 7061
f 3777 3778 4089
f 7058 7242 7061
f 3778 4090 4089
f 3503 3814 3504
f 4130 3815 3814
f 1434 1639 1638
f 1820 1822 1602
f 2576 2873 2577
f 4787 5145 5146
f 5146 5145 5492
f 7065 7060 6880
f 7246 7245 7060
f 7245 7246 7402
f 7400 7249 7248
f 7246 7249 7400
f 3814 3815 3504
f 1425 1257 1428
f 1829 2055 2054
f 2281 2540 2280
f 2312 2078 2077
f 3142 3141 2827
f 2575 2871 2872
f 4787 4789 4464
f 5816 5492 5815
f 6423 6378 6129
f 6378 6628 6377
f 3464 3140 3143
f 4129 4131 4127
f 7065 7246 7060
f 6879 7062 7064
f 6880 6879 7064
f 7246 7065 7249
f 7063 7061 7242
f 7400 7248 7242
f 4424 4425 4426
f 2077 2311 2312
f 2540 2830 2539
f 2829 3142 2827
f 3141 3143 2828
f 6377 6628 6376
f 6085 5779 6086
f 3189 2871 2869
f 3464 3778 3777
f 7062 7247 7064
f 7065 6880 7064
f 3778 4091 4090
f 4133 3815 4130
f 1434 1631 1639
f 1427 1426 1629
f 2311 2577 2578
f 2830 2829 2539
f 2872 2871 3190
f 4787 5146 5147
f 5146 5492 5493
f 5492 5816 5493
f 6129 6130 5816
f 6375 6087 6376
f 6085 5778 5779
f 4758 5111 4757
f 4757 4424 4758
f 7249 7065 7064
f 7242 7248 7063
f 4132 3813 3812
f 3188 3504 3505
f 3813 4133 4130
f 3504 3815 3816
f 1428 1257 1427
f 2056 2054 2055
f 5146 5493 5147
f 6378 6130 6129
f 7250 7064 7247
f 2869 3188 3189
f 7248 7249 7064
f 7248 7064 7250
f 7062 7063 7247
f 7247 7063 7248
f 4425 4092 4426
f 4425 4090 4091
f 3816 3815 4133
f 1424 1630 1633
f 2577 2873 2874
f 4789 4787 5147
f 6378 6131 6130
f 4464 4790 4788
f 3143 3466 3464
f 3464 3466 3778
f 7250 7247 7248
f 4091 4092 4425
f 1830 1822 2045
f 5816 5817 5493
f 4789 4790 4464
f 6377 6376 6087
f 3190 2871 3189
f 5456 5779 5778
f 4128 4465 4466
f 4128 4466 4467
f 4128 4467 4129
f 3778 3779 4091
f 3779 4092 4091
f 3504 3816 3505
f 3817 3505 3816
f 3817 3816 4133
f 1631 1632 1849
f 1639 1631 1849
f 1424 1633 1632
f 2577 2874 2875
f 4134 3813 4132
f 4134 4133 3813
f 1600 1638 1821
f 1635 1427 1629
f 2055 1830 2056
f 2078 1846 1845
f 2311 2579 2312
f 2579 2311 2578
f 5816 6130 5817
f 6378 6380 6131
f 3188 3505 3189
f 3142 3465 3141
f 5147 5148 4789
f 6377 6088 6378
f 6087 6088 6377
f 6375 6086 6087
f 4467 4131 4129
f 4424 4759 4758
f 4131 4468 4132
f 3466 3779 3778
f 3779 4093 4092
f 4135 3817 4133
f 1639 1858 1638
f 3144 3142 2829
f 3192 2874 2873
f 2873 2872 3191
f 6131 5817 6130
f 5456 5457 5779
f 5111 5112 5457
f 4424 4426 4759
f 1847 1629 1846
f 2282 2281 2054
f 2830 2831 2829
f 2873 3191 3192
f 3190 3191 2872
f 6131 6132 5817
f 3141 3465 3143
f 3466 3780 3779
f 4427 4426 4092
f 4133 4134 4136
f 4135 4136 3817
f 1639 1849 1858
f 1600 1821 1820
f 1427 1635 1428
f 1635 1629 1847
f 2056 1830 2057
f 2282 2540 2281
f 3465 3142 3144
f 5493 5494 5147
f 5817 5818 5493
f 6131 6424 6132
f 6380 6424 6131
f 6378 6379 6380
f 6088 6379 6378
f 4788 4791 4465
f 4136 4135 4133
f 2578 2577 2875
f 2874 2877 2875
f 5493 5818 5494
f 6132 6133 5817
f 5779 5780 6086
f 4465 4791 4466
f 5779 5457 5780
f 3189 3506 3190
f 3780 4093 3779
f 4092 4093 4427
f 3817 4136 3818
f 1632 1633 1850
f 1428 1634 1425
f 2054 2056 2282
f 2541 2830 2540
f 6086 5780 6087
f 5457 5112 5458
f 5111 4758 5112
f 4427 4093 4094
f 3818 3505 3817
f 1632 1850 1849
f 2541 2540 2282
f 2831 3144 2829
f 4427 4759 4426
f 1630 1425 1634
f 1634 1428 1636
f 1822 1820 2041
f 1847 1846 2079
f 2078 2079 1846
f 2313 2312 2579
f 2831 2830 2541
f 2579 2578 2876
f 6132 6425 6133
f 4790 4791 4788
f 4466 4469 4467
f 4469 4131 4467
f 4427 4428 4759
f 3507 3189 3505
f 4471 4134 4132
f 2313 2078 2312
f 5494 5148 5147
f 5149 4790 4789
f 6088 6087 5780
f 4759 5113 4758
f 3189 3507 3508
f 4471 4132 4468
f 4094 4428 4427
f 3780 4094 4093
f 3505 3818 3507
f 4136 3819 3818
f 3818 3819 3507
f 1633 1630 1848
f 1858 1821 1638
f 2041 2045 1822
f 2056 2283 2282
f 2875 2877 2578
f 3193 2877 2874
f 3193 2874 3192
f 6134 5818 5817
f 6134 5817 6133
f 5148 5149 4789
f 3143 3465 3467
f 5780 5457 5458
f 3466 3143 3468
f 4470 4468 4131
f 4134 3819 4136
f 1633 1848 1851
f 1428 1635 1637
f 3190 3506 3191
f 6088 6089 6379
f 3506 3189 3508
f 3466 3468 3780
f 1630 1634 1848
f 2058 1830 2045
f 1830 2058 2057
f 2578 2877 2876
f 6425 6134 6133
f 6425 6426 6134
f 6424 6425 6132
f 6379 6089 6380
f 4095 4096 3780
f 4094 4096 4428
f 4094 3780 4096
f 3507 3819 3820
f 1850 1633 1851
f 1428 1637 1636
f 2045 2268 2058
f 2283 2056 2057
f 2078 2314 2079
f 2831 2832 3144
f 3145 3465 3144
f 6425 6424 6426
f 4470 4471 4468
f 4134 4471 4472
f 3819 4134 4137
f 1849 1850 1858
f 2078 2313 2314
f 2831 2541 2832
f 3191 3193 3192
f 6380 6089 6381
f 6088 5780 6089
f 4791 4792 4466
f 4095 4428 4096
f 4095 4429 4428
f 4134 4472 4137
f 1848 1634 1852
f 1820 1821 2041
f 5149 5150 4790
f 4790 5151 4791
f 5458 5781 5780
f 3143 3467 3468
f 4469 4470 4131
f 3820 3821 3507
f 2282 2542 2541
f 3145 3146 3465
f 6426 6424 6428
f 5780 5781 6089
f 4430 4759 4428
f 4428 4429 4430
f 3819 4137 3820
f 3820 4138 3821
f 4138 3820 4137
f 1854 1635 1847
f 2580 2313 2579
f 2877 3193 2878
f 6380 6428 6424
f 5150 5152 4790
f 4793 4466 4792
f 4758 5113 5112
f 1850 1851 2081
f 1854 1637 1635
f 2579 2876 2580
f 2877 2878 2876
f 3467 3465 3146
f 5494 5495 5148
f 5818 5819 5494
f 6135 5818 6134
f 5819 5818 6135
f 6380 6381 6428
f 4790 5152 5151
f 5151 4792 4791
f 5113 4759 5114
f 4097 4430 4429
f 4095 4097 4429
f 1851 1848 2081
f 1821 2042 2041
f 2283 2057 2284
f 2283 2543 2282
f 2832 3145 3144
f 5148 5150 5149
f 4466 4793 4469
f 4137 4472 4473
f 6426 6136 6134
f 5148 5496 5150
f 5458 5112 5459
f 4095 3781 4097
f 3821 4138 3822
f 1850 2081 1858
f 1858 2043 1821
f 2045 2041 2268
f 2079 2314 2080
f 6134 6136 6135
f 5494 5819 5495
f 6090 6089 5781
f 3506 3508 3509
f 5112 5113 5459
f 4795 4471 4470
f 3780 3781 4095
f 3507 3821 3508
f 3508 3821 3822
f 4797 4472 4471
f 4138 4137 4139
f 1848 1852 2082
f 1821 2044 2042
f 2057 2058 2284
f 2876 2878 2580
f 3194 3193 3191
f 6089 6382 6381
f 3191 3506 3509
f 3468 3781 3780
f 4098 4430 4097
f 4138 4139 3822
f 2079 2080 1847
f 2543 2283 2284
f 2878 3193 2879
f 6427 6426 6428
f 3467 3469 3468
f 4469 4794 4470
f 4471 4795 4797
f 4099 4430 4098
f 4473 4472 4797
f 4137 4474 4139
f 4137 4473 4474
f 6427 6136 6426
f 6381 6382 6428
f 5458 5782 5781
f 4759 4760 5114
f 4759 4430 4760
f 4140 3822 4139
f 1858 2081 2043
f 1634 1853 1852
f 1637 1854 1857
f 2315 2313 2581
f 5496 5148 5495
f 6089 6090 6382
f 5152 5150 5497
f 5152 5153 5151
f 4792 5153 4793
f 5113 5114 5460
f 4098 3781 4099
f 3781 4098 4097
f 2313 2315 2314
f 2313 2580 2581
f 2879 2580 2878
f 5782 6090 5781
f 3191 3509 3194
f 4792 5151 5153
f 5113 5460 5459
f 3822 3823 3508
f 4431 4430 4099
f 4100 4431 4099
f 4140 4139 4474
f 1848 2082 2081
f 2832 2833 3145
f 2833 3146 3145
f 3509 3508 3823
f 3781 4100 4099
f 1821 2043 2044
f 1853 1634 1636
f 1857 1854 1847
f 2080 2314 2315
f 2543 2542 2282
f 2832 2541 2833
f 5458 5459 5782
f 4794 4796 4470
f 4796 4795 4470
f 4760 4430 4431
f 3781 3782 4100
f 3823 3822 4141
f 3822 4140 4141
f 4474 4473 4475
f 2081 2082 2317
f 2542 2834 2541
f 2833 2541 2834
f 5819 5820 5495
f 6427 6428 6137
f 3469 3467 3146
f 3468 3782 3781
f 4140 4474 4475
f 2082 1852 2083
f 2041 2042 2269
f 2041 2269 2268
f 2542 2543 2834
f 2582 2315 2581
f 2581 2580 2880
f 6135 6136 5820
f 6135 5820 5819
f 5150 5496 5497
f 3194 3509 3510
f 4141 4142 3823
f 4140 4476 4141
f 4476 4140 4475
f 2271 2043 2081
f 1853 1636 1855
f 5153 4794 4793
f 3782 4101 4100
f 4431 4100 4432
f 2058 2268 2269
f 3147 2833 2834
f 3193 3194 2879
f 6136 6427 6137
f 6136 6137 5820
f 4793 4794 4469
f 4760 4431 4433
f 4432 4433 4431
f 4101 4432 4100
f 4476 4475 4799
f 1857 1847 2080
f 2581 2880 2882
f 2580 2879 2881
f 6428 6382 6137
f 5114 5116 5460
f 4797 4798 4473
f 2084 2083 1852
f 1636 1637 1856
f 2582 2581 2882
f 5820 5821 5495
f 6090 6383 6382
f 5782 6091 6090
f 5497 5153 5152
f 5155 4797 4795
f 4432 4101 4433
f 2082 2318 2317
f 1852 1853 2084
f 1636 1856 1855
f 1856 1637 1857
f 2088 1857 2080
f 2880 2580 2881
f 6090 6091 6383
f 5153 5154 4794
f 3510 3509 3823
f 3782 3468 3469
f 4760 4433 4761
f 4434 4433 4101
f 4473 4798 4475
f 4141 4476 4477
f 4799 4477 4476
f 2082 2083 2318
f 2081 2317 2271
f 2044 2270 2042
f 2543 2284 2544
f 6382 6138 6137
f 5459 5783 5782
f 4761 5115 4760
f 4475 4800 4801
f 4798 4800 4475
f 2043 2271 2272
f 1856 1857 2086
f 2880 2881 3196
f 2879 3194 3195
f 6137 6138 5820
f 3194 3510 3195
f 6382 6383 6138
f 5153 5498 5154
f 4760 5116 5114
f 4760 5115 5116
f 4433 4434 4761
f 4477 4478 4141
f 4799 4802 4477
f 4801 4799 4475
f 4802 4799 4801
f 2042 2270 2269
f 2284 2058 2285
f 2315 2582 2583
f 3147 2834 3149
f 2833 3147 3148
f 5820 6138 5821
f 5783 6091 5782
f 4434 4437 4761
f 4477 4802 4478
f 2271 2317 2528
f 2272 2271 2528
f 2043 2272 2044
f 2080 2315 2316
f 5496 5495 5821
f 5497 5498 5153
f 3823 4142 3824
f 2058 2269 2285
f 2315 2583 2584
f 2880 3196 2882
f 2833 3148 3146
f 5821 5822 5496
f 6383 6139 6138
f 3195 3510 3511
f 3510 3823 3511
f 5783 5459 5460
f 5155 4795 4796
f 4101 4435 4434
f 4437 4434 4435
f 4478 4802 4803
f 4800 4802 4801
f 2317 2318 2528
f 2089 2086 1857
f 3197 3196 2881
f 3148 3469 3146
f 5496 5823 5497
f 4796 4794 5154
f 3782 3469 3783
f 3782 3783 4101
f 4797 5158 4798
f 2270 2044 2273
f 2269 2270 2526
f 2543 2544 2835
f 2582 2882 2583
f 6138 5822 5821
f 4101 4102 4435
f 4141 4478 4143
f 4802 5160 4803
f 5160 4802 4800
f 2044 2272 2273
f 2080 2316 2088
f 2284 2285 2544
f 2315 2584 2316
f 2879 3195 2881
f 2881 3195 3197
f 5496 5822 5823
f 3471 3469 3148
f 5460 5461 5783
f 5159 4797 5155
f 4436 4437 4102
f 4102 4437 4435
f 2089 1857 2088
f 3149 2834 2835
f 3823 3824 3511
f 3783 4102 4101
f 4142 4141 4143
f 4762 4761 4437
f 4436 4762 4437
f 2285 2269 2526
f 2545 2544 2285
f 2835 2834 2543
f 3196 2883 2882
f 5156 5155 4796
f 5158 4797 5159
f 4761 4762 5115
f 4798 5158 4800
f 4804 4803 5160
f 5160 5161 4804
f 4800 5161 5160
f 1855 2085 1853
f 2583 2882 2584
f 2882 2883 2584
f 6091 6092 6383
f 5116 5461 5460
f 4762 4436 4439
f 4479 4478 4803
f 2083 2084 2319
f 2084 2320 2319
f 6138 6139 5822
f 6139 6383 6384
f 3471 3783 3469
f 3783 4103 4102
f 5115 4762 5117
f 4438 4439 4102
f 4102 4439 4436
f 4762 4439 4438
f 4143 4478 4479
f 4479 4803 4804
f 2083 2319 2318
f 2272 2529 2273
f 2836 2544 2545
f 5824 5498 5497
f 5155 5156 5159
f 3825 3824 4142
f 3825 4142 4143
f 5117 5116 5115
f 5159 5503 5158
f 4480 4143 4479
f 4479 4804 4805
f 2528 2318 2586
f 2085 1855 1856
f 2836 2835 2544
f 6139 6140 5822
f 6091 5783 5784
f 3511 3824 3825
f 4762 4438 4763
f 2528 2586 2813
f 2528 2530 2272
f 2272 2531 2529
f 1853 2085 2084
f 3150 3149 2835
f 3470 3148 3147
f 5822 6140 5823
f 6139 6384 6140
f 5497 5823 5824
f 6383 6092 6384
f 5784 6092 6091
f 5783 5461 5784
f 5461 5116 5462
f 4762 4763 5117
f 4764 4763 4438
f 4800 5162 5161
f 2531 2272 2530
f 2316 2325 2088
f 3198 2883 3196
f 3470 3147 3149
f 3472 3148 3470
f 3195 3512 3513
f 5154 5157 4796
f 4763 4764 4765
f 4800 5158 5162
f 5162 4804 5161
f 2270 2273 2527
f 2087 1856 2086
f 2526 2270 2527
f 3470 3149 3150
f 3195 3513 3197
f 3512 3511 3825
f 5157 5156 4796
f 5500 5159 5156
f 5117 5462 5116
f 4764 4438 4440
f 2835 3151 3150
f 3148 3472 3471
f 3512 3195 3511
f 5823 6141 5824
f 5499 5154 5498
f 5501 5500 5156
f 5505 5503 5159
f 4102 4440 4438
f 5503 5504 5158
f 4765 4764 4440
f 4804 5163 4805
f 2319 2586 2318
f 2528 2813 2530
f 2084 2085 2320
f 2085 1856 2087
f 2285 2526 2546
f 2088 2326 2089
f 2546 2545 2285
f 2584 2883 2884
f 3196 3197 3198
f 3472 3784 3471
f 5498 5824 5499
f 3471 3784 3783
f 5157 5501 5156
f 5159 5500 5505
f 4103 4441 4102
f 5158 5504 5162
f 4479 4805 4806
f 5162 5163 4804
f 2835 2836 3151
f 2884 2883 3198
f 3197 3513 3198
f 3825 4143 4144
f 4102 4441 4440
f 4144 4143 4480
f 4766 5117 4763
f 4763 4765 4766
f 2526 2527 2812
f 2322 2089 2326
f 2316 2584 2585
f 3473 3470 3150
f 3784 3472 3785
f 5499 5157 5154
f 3784 4103 3783
f 4440 4766 4765
f 2814 2529 2531
f 2273 2529 2532
f 2526 2812 2546
f 2326 2088 2325
f 6141 5823 6140
f 6092 6385 6384
f 5505 5830 5503
f 4805 5163 4806
f 5164 5163 5162
f 2320 2085 2319
f 2086 2089 2322
f 2545 2546 2836
f 2316 2585 2325
f 6384 6385 6140
f 5784 6093 6092
f 5500 5827 5505
f 5117 5119 5462
f 5503 5830 5504
f 4806 5163 5164
f 2530 2816 2531
f 3470 3473 3472
f 3825 3826 3512
f 6093 6094 6092
f 4104 4103 3784
f 5505 5827 5831
f 4481 4480 4479
f 4766 4767 5118
f 4767 4766 4440
f 5506 5164 5162
f 2531 2816 2814
f 2273 2532 2527
f 3473 3785 3472
f 3825 4145 3826
f 5502 5157 5499
f 5462 5463 5461
f 4480 4146 4144
f 4806 4807 4479
f 5506 5165 5164
f 2584 2884 2585
f 3474 3150 3151
f 6385 6092 6094
f 5461 5785 5784
f 3825 4144 4145
f 5502 5501 5157
f 4104 4441 4103
f 5462 5119 5463
f 5830 5505 5831
f 4766 5119 5117
f 2813 2586 2530
f 2529 2814 2815
f 3198 3513 3199
f 3785 4105 3784
f 5825 5824 6141
f 4105 4104 3784
f 5784 5785 6093
f 5501 5828 5500
f 4146 4480 4481
f 4441 4768 4440
f 5120 5119 4766
f 4479 4807 4481
f 5504 5507 5162
f 4806 5165 4807
f 5164 5165 4806
f 2586 2319 2587
f 2529 2815 2532
f 2527 2532 2812
f 2325 2585 2592
f 3473 3150 3474
f 6385 6386 6140
f 5824 5825 5499
f 5828 5827 5500
f 4768 4767 4440
f 5118 5122 5121
f 5118 5121 4766
f 5504 5830 5507
f 2530 2586 2587
f 2321 2319 2085
f 2592 2326 2325
f 2836 3152 3151
f 3513 3512 3826
f 5461 5463 5785
f 5121 5120 4766
f 5122 5118 4767
f 5162 5507 5506
f 2532 2815 2817
f 2585 2884 2885
f 5825 5826 5499
f 5499 5826 5502
f 4144 4146 4145
f 4104 4442 4441
f 5831 5827 6145
f 5831 6145 5830
f 4767 4768 5123
f 4767 5123 5122
f 2087 2086 2322
f 2546 2812 2837
f 3152 3474 3151
f 2884 3198 3199
f 3786 3785 3473
f 6140 6142 6141
f 6093 5785 6094
f 5502 5829 5501
f 4442 4768 4441
f 6145 6149 5830
f 5166 5506 5507
f 5165 5506 5166
f 2321 2085 2087
f 2812 2532 2818
f 2087 2322 2323
f 3152 2836 2838
f 2884 3199 3200
f 3199 3513 3514
f 3513 3826 3514
f 3786 4105 3785
f 6385 6094 6386
f 5828 6146 5827
f 5122 5465 5121
f 4481 4807 4483
f 5123 5124 5122
f 5508 5166 5507
f 2532 2817 2818
f 2546 2838 2836
f 2884 3200 2885
f 3826 4145 3827
f 6141 6142 5825
f 6140 6386 6142
f 5463 5786 5785
f 5829 5828 5501
f 5827 6146 6145
f 5122 5124 5465
f 5830 5832 5507
f 5832 5508 5507
f 5165 4808 4807
f 5165 5166 4808
f 2319 2321 2588
f 2817 2815 3126
f 3152 2838 3154
f 2585 2886 2592
f 3786 3473 3474
f 3200 3199 3514
f 4105 4443 4104
f 5826 5829 5502
f 4443 4442 4104
f 5463 5119 5464
f 4482 4146 4481
f 5119 5120 5464
f 4482 4481 4483
f 5830 6149 5832
f 3124 2815 2814
f 3126 2815 3124
f 2326 2323 2322
f 2837 2838 2546
f 2585 2885 2886
f 3475 3474 3152
f 3475 3786 3474
f 3827 3514 3826
f 3827 4145 4146
f 4768 4769 5123
f 4807 4808 4483
f 5508 5509 5166
f 2587 2319 2588
f 2837 2812 2818
f 6142 6386 6144
f 5785 6069 6094
f 4442 4769 4768
f 4146 4482 4147
f 6149 6145 6146
f 4769 5124 5123
f 4808 5166 5167
f 5509 5167 5166
f 2816 2530 2587
f 2816 3125 2814
f 4444 4443 4105
f 6386 6094 6353
f 4443 4770 4442
f 6147 6146 5828
f 2816 2587 2887
f 2321 2087 2324
f 2814 3125 3124
f 2589 2323 2326
f 2592 2886 2892
f 2885 3201 2886
f 2885 3200 3201
f 3787 3786 3475
f 6353 6144 6386
f 5825 6143 5826
f 6094 6069 6353
f 5826 6143 5829
f 5829 6147 5828
f 5464 5786 5463
f 6146 6150 6149
f 5121 5464 5120
f 5465 5466 5121
f 5124 5466 5465
f 5832 5509 5508
f 5509 5832 5510
f 2887 3125 2816
f 2818 3129 2837
f 2326 2592 2593
f 4770 4443 4444
f 5785 5786 6069
f 4442 4770 4771
f 4771 4769 4442
f 4809 4483 4808
f 5124 5125 5466
f 2321 2324 2588
f 3124 3446 3126
f 2589 2326 2593
f 2838 2837 3153
f 3475 3152 3154
f 3201 3202 2886
f 4105 3786 4106
f 3827 3828 3514
f 4106 4444 4105
f 4147 4148 3827
f 4146 4147 3827
f 5825 6142 6144
f 6146 6147 6150
f 4483 4147 4482
f 5464 5121 5467
f 5124 4769 5125
f 5121 5466 5468
f 5125 5468 5466
f 5167 4809 4808
f 5510 5167 5509
f 5511 5167 5510
f 3124 3125 3204
f 2323 2324 2087
f 2324 2323 2590
f 3153 2837 3129
f 2593 2592 2892
f 3154 2838 3153
f 4106 3786 4107
f 6143 5825 6144
f 6148 6147 5829
f 5121 5468 5467
f 5832 6149 6150
f 5832 6150 5834
f 5834 5833 5832
f 5833 5510 5832
f 5833 5511 5510
f 2587 2588 2887
f 2591 2323 2589
f 2886 3203 2892
f 2886 3202 3203
f 3200 3514 3515
f 3786 3787 4107
f 6352 6144 6353
f 6144 6429 6143
f 6143 6148 5829
f 6069 5786 5763
f 5763 5786 5464
f 4769 4771 5126
f 4769 5126 5125
f 5126 5468 5125
f 5511 5168 5167
f 5834 5512 5833
f 3125 2887 3204
f 2590 2323 2591
f 3129 2818 3128
f 2593 2890 2589
f 3154 3477 3475
f 3200 3515 3201
f 4444 4445 4770
f 4483 4809 4810
f 5763 5464 5469
f 5464 5467 5469
f 4809 5168 4810
f 5835 6150 5841
f 6150 5835 5834
f 5467 5468 5127
f 4809 5167 5168
f 5511 5169 5168
f 5511 5833 5512
f 5835 5512 5834
f 3446 3124 3204
f 3126 3446 3127
f 2817 3126 3127
f 3128 2818 2817
f 2892 3203 2894
f 3211 3202 3201
f 3514 3828 3515
f 4149 3827 4148
f 6147 6152 6150
f 5469 5467 5127
f 5468 5126 5127
f 5512 5169 5511
f 5835 5513 5512
f 2588 2324 2590
f 2817 3127 3128
f 3153 3129 3450
f 3787 3475 3477
f 3827 4149 3828
f 4444 4106 4445
f 4771 4770 4445
f 6429 6144 6352
f 6429 6350 6143
f 6148 6152 6147
f 6150 6152 5841
f 4771 4772 5126
f 5126 4772 4773
f 5513 5835 5514
f 5513 5169 5512
f 2887 3205 3204
f 2890 2591 2589
f 2890 2593 2893
f 2593 2892 2894
f 3153 3476 3154
f 3789 3787 3477
f 4445 4447 4771
f 4148 4147 4484
f 6352 6353 6068
f 6068 6353 6069
f 6148 6143 6350
f 4147 4483 4485
f 5127 5128 5469
f 5126 4773 5127
f 5836 5514 5835
f 5836 5515 5514
f 2588 2888 2887
f 2593 2894 2893
f 3477 3154 3476
f 3202 3211 3203
f 3201 3515 3211
f 4107 4446 4106
f 4106 4446 4445
f 4447 4772 4771
f 6351 6350 6429
f 6352 6351 6429
f 6148 6350 6152
f 5761 6068 6069
f 4485 4483 4810
f 5761 6069 5763
f 5763 5469 5440
f 5128 5441 5469
f 5841 5836 5835
f 4773 5128 5127
f 5169 5513 5170
f 5514 5170 5513
f 2888 3205 2887
f 3128 3127 3447
f 3128 3450 3129
f 4107 3787 3789
f 3828 3829 3515
f 4445 4446 4447
f 4484 4147 4485
f 6352 6066 6351
f 6352 6068 6066
f 5841 6152 5840
f 4810 5168 4812
f 5761 5763 5440
f 5840 5520 5841
f 5440 5469 5441
f 5520 5836 5841
f 5520 5516 5836
f 5519 5516 5520
f 5515 5836 5516
f 5515 5170 5514
f 2590 2889 2588
f 2588 2889 2888
f 3205 3448 3204
f 3204 3448 3446
f 3448 3127 3446
f 3153 3450 3476
f 2894 3203 3211
f 4107 4108 4446
f 3829 3828 4149
f 6068 5761 6066
f 6350 6151 6152
f 6151 5840 6152
f 5440 5439 5761
f 4774 5129 5128
f 4773 4774 5128
f 5840 5837 5520
f 5128 5129 5441
f 5516 5170 5515
f 2591 2889 2590
f 2591 2890 2891
f 3447 3450 3128
f 3476 3788 3477
f 3788 3789 3477
f 4108 4107 3789
f 4484 4149 4148
f 6350 6351 6065
f 6065 6151 6350
f 4772 4447 4773
f 5439 5762 5761
f 5838 5837 5840
f 5838 5840 6151
f 5439 5440 5101
f 5169 4813 5168
f 5440 5441 5101
f 5170 4813 5169
f 5518 5837 5838
f 5518 5517 5837
f 5519 5520 5172
f 5517 5520 5837
f 5517 5172 5520
f 5172 5170 5516
f 5519 5172 5516
f 7622 7621 7613
f 7613 7623 7622
f 7622 7615 7621
f 7623 7615 7622
f 4446 4108 4447
f 4484 4485 4150
f 6351 6066 6065
f 4773 4447 4774
f 6065 6067 6151
f 5759 6065 6066
f 6066 5761 5762
f 6067 5839 6151
f 4813 4812 5168
f 5839 5838 6151
f 5439 5442 5762
f 4774 5101 5129
f 5129 5101 5441
f 5839 5518 5838
f 7612 7610 7602
f 7612 7613 7621
f 7612 7602 7613
f 7614 7613 7603
f 7603 7613 7602
f 7613 7614 7623
f 7612 7611 7610
f 7603 7615 7614
f 7603 7611 7615
f 7621 7615 7612
f 7612 7615 7611
f 7623 7614 7615
f 2891 2889 2591
f 3448 3205 3206
f 3127 3449 3447
f 2894 3211 3212
f 3788 4072 3789
f 3515 3520 3211
f 4484 4150 4149
f 4485 4810 4489
f 4812 4489 4810
f 6067 6065 5759
f 6066 5762 5759
f 6067 5760 5843
f 5759 5760 6067
f 6067 5843 5839
f 5758 5759 5762
f 5762 5442 5758
f 5843 5842 5839
f 5101 5442 5439
f 5518 5839 5521
f 5839 5842 5521
f 5517 5171 5172
f 5518 5171 5517
f 7602 7600 7591
f 7610 7600 7602
f 7591 7603 7602
f 7604 7603 7591
f 7610 7601 7600
f 7611 7601 7610
f 7604 7611 7603
f 7601 7611 7604
f 3205 2888 3206
f 2891 2890 3208
f 2890 2893 3208
f 3520 3212 3211
f 3829 4149 4150
f 4447 4448 4774
f 5758 5442 5437
f 5438 5758 5437
f 5101 5437 5442
f 5760 5522 5843
f 5759 5438 5760
f 5758 5438 5759
f 5171 4814 5172
f 5518 5173 5171
f 5521 5173 5518
f 7590 7579 7577
f 7590 7591 7600
f 7590 7577 7591
f 7605 7591 7592
f 7592 7591 7577
f 7591 7605 7604
f 7590 7593 7579
f 7592 7601 7605
f 7592 7593 7601
f 7600 7601 7590
f 7590 7601 7593
f 7604 7605 7601
f 2889 3207 2888
f 3448 3449 3127
f 3450 3761 3476
f 2893 2894 3210
f 3476 3761 3788
f 3789 4072 4108
f 3829 3520 3515
f 4108 4448 4447
f 4448 4745 4774
f 4774 4745 5101
f 5101 4745 5100
f 5101 5100 5437
f 5760 5523 5522
f 5438 5523 5760
f 5170 4814 4813
f 5522 5521 5842
f 5843 5522 5842
f 4814 5170 5172
f 5173 4814 5171
f 7577 7569 7578
f 7579 7569 7577
f 7578 7592 7577
f 7581 7592 7578
f 7579 7580 7569
f 7593 7580 7579
f 7581 7593 7592
f 7580 7593 7581
f 3206 2888 3207
f 3210 2894 3212
f 3788 3761 4072
f 5438 5176 5523
f 7629 7627 7624
f 7624 7626 7629
f 7629 7628 7627
f 7626 7628 7629
f 7569 7570 7578
f 7569 7562 7570
f 7570 7581 7578
f 7582 7581 7570
f 7569 7571 7562
f 7569 7580 7571
f 7582 7580 7581
f 7571 7580 7582
f 2889 2891 3207
f 3206 3516 3448
f 3759 3447 3449
f 2893 3210 3208
f 3447 3759 3450
f 3762 3761 3450
f 3833 3520 3829
f 3829 4150 3833
f 4108 4411 4448
f 4154 4150 4485
f 7624 7625 7616
f 7627 7625 7624
f 7616 7626 7624
f 7620 7626 7616
f 7627 7619 7625
f 7628 7619 7627
f 7620 7628 7626
f 7619 7628 7620
f 7570 7562 7571
f 7570 7571 7582
f 3207 2891 3209
f 3516 3449 3448
f 3759 3762 3450
f 3520 3833 3521
f 3833 4150 4154
f 4154 4485 4489
f 4411 4745 4448
f 4812 4813 4489
f 5523 5175 5522
f 5176 5175 5523
f 5437 5100 5438
f 5173 5521 5174
f 5522 5174 5521
f 7616 7625 7618
f 7609 7616 7618
f 7609 7606 7616
f 7620 7616 7617
f 7617 7616 7606
f 7606 7607 7617
f 7625 7619 7618
f 7618 7608 7609
f 7618 7619 7608
f 7617 7608 7620
f 7620 7608 7619
f 7607 7608 7617
f 3449 3516 3760
f 3760 3759 3449
f 3761 3762 4072
f 4072 4073 4108
f 4073 4411 4108
f 4490 4489 4813
f 5100 5176 5438
f 4491 4813 4814
f 5173 5174 4814
f 7606 7598 7594
f 7609 7598 7606
f 7594 7607 7606
f 7596 7607 7594
f 7609 7599 7598
f 7608 7599 7609
f 7596 7608 7607
f 7599 7608 7596
f 2891 3208 3209
f 3208 3210 3518
f 4072 3762 4073
f 3520 3521 3212
f 4155 4154 4489
f 4411 4746 4745
f 5100 4817 5176
f 5175 5174 5522
f 7594 7595 7584
f 7598 7595 7594
f 7596 7585 7597
f 7596 7594 7585
f 7594 7584 7585
f 7585 7586 7597
f 7598 7588 7595
f 7599 7588 7598
f 7597 7599 7596
f 7597 7589 7599
f 7589 7588 7599
f 7586 7589 7597
f 3519 3209 3208
f 3519 3208 3518
f 4070 3759 3760
f 3212 3518 3210
f 3759 4071 3762
f 4073 3762 4074
f 4490 4155 4489
f 4746 5100 4745
f 4490 4813 4491
f 4815 4814 5174
f 7584 7595 7587
f 7583 7584 7587
f 7583 7572 7584
f 7572 7585 7584
f 7572 7586 7585
f 7576 7586 7572
f 7595 7588 7587
f 7587 7575 7583
f 7587 7588 7575
f 7588 7589 7575
f 7576 7589 7586
f 7575 7589 7576
f 3209 3206 3207
f 3206 3209 3517
f 3522 3212 3521
f 3521 3833 3834
f 5176 4817 5175
f 7572 7583 7574
f 7568 7572 7574
f 7568 7563 7572
f 7576 7572 7573
f 7573 7572 7563
f 7563 7565 7573
f 7583 7575 7574
f 7574 7567 7568
f 7574 7575 7567
f 7573 7567 7576
f 7576 7567 7575
f 7565 7567 7573
f 3516 3206 3517
f 4071 3759 4070
f 4073 4412 4411
f 3833 4154 3834
f 4412 4746 4411
f 4156 4155 4490
f 4746 4744 5100
f 4815 4491 4814
f 7563 7564 7556
f 7568 7564 7563
f 7565 7558 7566
f 7565 7563 7558
f 7563 7556 7558
f 7558 7559 7566
f 7568 7561 7564
f 7567 7561 7568
f 7566 7567 7565
f 7566 7560 7567
f 7560 7561 7567
f 7559 7560 7566
f 4070 3760 3830
f 4074 4412 4073
f 3834 3522 3521
f 3834 4154 4155
f 4412 4744 4746
f 5100 4744 4817
f 4491 4156 4490
f 7556 7564 7557
f 7552 7556 7557
f 7552 7553 7556
f 7553 7558 7556
f 7553 7559 7558
f 7554 7559 7553
f 7564 7561 7557
f 7557 7555 7552
f 7557 7561 7555
f 7561 7560 7555
f 7554 7560 7559
f 7555 7560 7554
f 3516 3830 3760
f 3212 3522 3518
f 3762 4071 4074
f 4074 4071 4409
f 4074 4409 4412
f 3835 3834 4155
f 5175 4816 5174
f 5174 4816 4815
f 7552 7551 7553
f 7554 7553 7551
f 7551 7552 7555
f 7554 7551 7555
f 7666 7669 7668
f 7666 7662 7659
f 7668 7662 7666
f 7662 7657 7659
f 7666 7667 7669
f 7667 7660 7664
f 7667 7666 7660
f 7666 7659 7660
f 7656 7659 7657
f 7656 7652 7659
f 7652 7660 7659
f 7656 7648 7652
f 7660 7661 7664
f 7661 7653 7655
f 7661 7660 7653
f 7660 7652 7653
f 7646 7652 7648
f 7653 7652 7646
f 7653 7654 7655
f 7646 7654 7653
f 3517 3209 3519
f 4071 4070 3830
f 3835 4155 4156
f 4815 4492 4491
f 7668 7669 7665
f 7668 7663 7662
f 7665 7663 7668
f 7662 7663 7657
f 7669 7667 7665
f 7664 7665 7667
f 7664 7658 7665
f 7658 7663 7665
f 7657 7663 7658
f 7657 7658 7649
f 7657 7649 7656
f 7649 7658 7650
f 7649 7648 7656
f 7642 7648 7649
f 7664 7661 7658
f 7658 7661 7655
f 7658 7655 7650
f 7650 7655 7651
f 7641 7639 7646
f 7641 7646 7642
f 7642 7646 7648
f 7641 7634 7639
f 7655 7647 7651
f 7654 7647 7655
f 7646 7647 7654
f 7646 7640 7647
f 7646 7639 7640
f 7645 7647 7640
f 7635 7639 7634
f 7635 7633 7639
f 7633 7640 7639
f 7635 7631 7633
f 7640 7638 7645
f 7633 7638 7640
f 7632 7638 7633
f 3517 3831 3516
f 3518 3832 3519
f 3522 3832 3518
f 4410 4409 4071
f 3835 3522 3834
f 4412 4409 4744
f 4744 4811 4817
f 4817 4816 5175
f 4492 4156 4491
f 4816 4492 4815
f 7649 7650 7643
f 7649 7643 7642
f 7643 7651 7644
f 7650 7651 7643
f 7642 7636 7641
f 7642 7643 7636
f 7643 7644 7636
f 7641 7636 7634
f 7651 7647 7644
f 7645 7644 7647
f 7645 7637 7644
f 7637 7636 7644
f 7634 7630 7635
f 7634 7636 7630
f 7636 7637 7630
f 7635 7630 7631
f 7645 7638 7637
f 7632 7637 7638
f 7630 7637 7632
f 3516 3831 3830
f 3830 4151 4071
f 4071 4151 4410
f 4409 4486 4744
f 4744 4486 4811
f 4157 3835 4156
f 3519 3831 3517
f 3830 3831 4152
f 3830 4152 4151
f 4410 4486 4409
f 4492 4157 4156
f 4817 4493 4816
f 3832 3831 3519
f 4410 4151 4486
f 3522 3835 3836
f 4811 4493 4817
f 4493 4492 4816
f 3831 3832 4153
f 4152 4487 4151
f 4151 4487 4486
f 3832 3522 3836
f 3836 3835 4157
f 4811 4486 4494
f 4158 4157 4492
f 4493 4158 4492
f 3831 4153 4152
f 4153 3832 3836
f 4152 4153 4488
f 4486 4487 4494
f 4158 3836 4157
f 4811 4494 4493
f 4488 4153 4159
f 4159 4153 3836
f 4488 4487 4152
f 4488 4159 4494
f 4487 4488 4494
f 4494 4159 4158
f 4159 3836 4158
f 4494 4158 4493
