# Created by meshio v5.3.5, 2026-07-28T11:56:33.566644
v 1.5663610696792603 -4.9310173988342285 -2.721466064453125
v 4.024168968200684 -5.073953151702881 -2.0111706256866455
v 3.918614387512207 -5.09148645401001 -2.3559069633483887
v 3.8949177265167236 -5.101722240447998 -2.2339022159576416
v 4.785069942474365 -5.013054370880127 -2.187828540802002
v 4.548896312713623 -5.043821811676025 -2.23901629447937
v 4.550625801086426 -5.043381214141846 -2.106426954269409
v 1.6196712255477905 -4.691741466522217 -2.094625473022461
v 2.288025379180908 -4.775580406188965 -1.9404535293579102
v 1.7575547695159912 -4.5085039138793945 -1.8542449474334717
v 2.4434871673583984 -4.592544078826904 -1.7221752405166626
v 1.9504081010818481 -4.298032760620117 -1.6671218872070312
v 2.698941946029663 -5.02742862701416 -2.264646291732788
v 2.7597572803497314 -5.029791831970215 -2.5066473484039307
v 1.843233346939087 -4.874321937561035 -2.3916432857513428
v 1.5226329565048218 -4.834026336669922 -2.460975408554077
v 1.5224322080612183 -4.784026145935059 -2.3208186626434326
v 2.1203458309173584 -4.92302131652832 -2.345646619796753
v 2.1437230110168457 -4.870542049407959 -2.156844139099121
v 2.309185266494751 -4.97477912902832 -2.5741219520568848
v 2.145689010620117 -4.941772937774658 -2.4701242446899414
v 3.2838687896728516 -5.081090450286865 -2.1576220989227295
v 2.7685422897338867 -4.9445905685424805 -1.9822553396224976
v 3.4225614070892334 -4.969811916351318 -1.8368830680847168
v -5.068548202514648 -8.108532905578613 -7.822962284088135
v -4.849679946899414 -8.263558387756348 -8.958282470703125
v -5.092266082763672 -8.227703094482422 -8.816817283630371
v -4.186216831207275 -8.214386940002441 -8.133302688598633
v -4.479310035705566 -8.254222869873047 -8.514420509338379
v -4.463380336761475 -8.18164348602295 -7.967919826507568
v -5.010002613067627 -8.2363862991333 -10.270956039428711
v -4.442115306854248 -8.229887008666992 -11.0204439163208
v -4.999207496643066 -8.062442779541016 -11.568931579589844
v -3.5633490085601807 -8.261791229248047 -8.568277359008789
v -3.850449562072754 -8.307877540588379 -8.981502532958984
v -3.835834503173828 -8.245491981506348 -8.367037773132324
v -3.5907506942749023 -8.317873001098633 -9.934971809387207
v -3.8383917808532715 -8.31291675567627 -10.276026725769043
v -3.8511552810668945 -8.332025527954102 -9.690388679504395
v -3.097599983215332 -8.258350372314453 -9.172532081604004
v -4.18475866317749 -8.321381568908691 -9.420193672180176
v -4.480041027069092 -8.309736251831055 -9.786649703979492
v -4.483767509460449 -8.300414085388184 -9.201047897338867
v -5.6343674659729 -7.941246509552002 -7.385725975036621
v -6.221312999725342 -7.921414375305176 -7.943272590637207
v -6.195489883422852 -7.806563377380371 -7.278841018676758
v -6.684279441833496 -7.664195537567139 -7.1968488693237305
v -7.283783912658691 -7.556158542633057 -7.668967247009277
v -7.271048545837402 -7.467844486236572 -7.0596537590026855
v -6.569653034210205 -7.8541975021362305 -8.220080375671387
v -7.265661239624023 -7.6040215492248535 -8.646718978881836
v -7.282389163970947 -7.58994722366333 -8.063655853271484
v -7.78511905670166 -7.269935607910156 -7.003776550292969
v -8.26390552520752 -7.032130241394043 -7.1024603843688965
v -8.69083309173584 -6.712559700012207 -7.255490303039551
v -9.0175199508667 -6.3762431144714355 -7.214638710021973
v -7.7746806144714355 -7.3501176834106445 -7.967700481414795
v -8.224742889404297 -7.056626796722412 -8.051897048950195
v -7.7303385734558105 -7.3333916664123535 -8.803458213806152
v -8.163385391235352 -7.0059919357299805 -8.855257987976074
v -8.629093170166016 -6.691627502441406 -8.176061630249023
v -9.024056434631348 -6.287044525146484 -7.954377174377441
v -8.570846557617188 -6.634252548217773 -8.82777214050293
v -8.969773292541504 -6.239306926727295 -8.566374778747559
v -5.69202995300293 -8.129661560058594 -9.82448673248291
v -6.185647487640381 -7.96126127243042 -10.172866821289062
v -6.208981037139893 -7.996041297912598 -9.60676383972168
v -6.751927375793457 -7.802814960479736 -9.41955280303955
v -7.22390079498291 -7.568559646606445 -9.471735000610352
v -6.678893089294434 -7.7190165519714355 -10.435503005981445
v -7.103382110595703 -7.347954273223877 -10.97461223602295
v -5.669576168060303 -8.10942554473877 -8.535784721374512
v -6.220404148101807 -7.997823238372803 -9.062361717224121
v -5.607420921325684 -8.044378280639648 -10.90366268157959
v -5.291184425354004 -7.941600799560547 -11.79683780670166
v -5.553787708282471 -7.918941974639893 -11.598556518554688
v -6.012929439544678 -7.623702049255371 -11.987008094787598
v -6.1309614181518555 -7.797067165374756 -11.255086898803711
v -6.625722408294678 -7.609976291656494 -11.06367015838623
v -7.045819282531738 -7.228423118591309 -11.48482608795166
v -6.480197429656982 -7.346307277679443 -12.055825233459473
v -6.928948879241943 -7.03623104095459 -12.089007377624512
v -7.665210247039795 -7.2518744468688965 -9.711957931518555
v -7.694128036499023 -7.293270111083984 -9.318411827087402
v -8.117234230041504 -6.947582244873047 -9.39865493774414
v -7.544548034667969 -7.022377014160156 -10.993049621582031
v -8.005571365356445 -6.747934818267822 -10.6332368850708
v -8.615130424499512 -6.403006076812744 -9.645866394042969
v -8.41207218170166 -6.369430065155029 -10.57912826538086
v -8.800064086914062 -5.964853286743164 -10.4697847366333
v -8.855423927307129 -6.077596664428711 -9.831822395324707
v -7.481634616851807 -6.895683288574219 -11.491515159606934
v -7.9027252197265625 -6.537008285522461 -11.470109939575195
v -7.952271938323975 -6.634271144866943 -11.103943824768066
v -7.363198280334473 -6.701069355010986 -12.094456672668457
v -7.786106586456299 -6.345682621002197 -12.07614803314209
v -8.333120346069336 -6.192061424255371 -11.294350624084473
v -8.52462387084961 -5.942548751831055 -11.391067504882812
v -8.68647575378418 -5.718724250793457 -11.48367691040039
v -8.19861125946045 -5.971838474273682 -12.039759635925293
v -8.597392082214355 -5.573924541473389 -11.978002548217773
v -9.375374794006348 -5.817982196807861 -7.800042152404785
v -9.534153938293457 -5.569247245788574 -7.6990885734558105
v -9.261316299438477 -5.821905136108398 -8.678265571594238
v -9.641114234924316 -5.265324115753174 -8.363309860229492
v -9.672714233398438 -5.285356521606445 -7.90792989730835
v -9.209226608276367 -5.493791103363037 -10.217199325561523
v -9.24057674407959 -5.672668933868408 -9.410184860229492
v -9.511570930480957 -5.0649614334106445 -10.081659317016602
v -9.59550666809082 -5.175179958343506 -9.159249305725098
v -9.886998176574707 -4.663876533508301 -8.916936874389648
v -9.880633354187012 -4.815225601196289 -8.13432788848877
v -10.048964500427246 -4.323824405670166 -8.716300964355469
v -9.858314514160156 -4.527613639831543 -9.696266174316406
v -10.114398956298828 -4.007333755493164 -9.452725410461426
v -10.141365051269531 -4.056039333343506 -8.955574035644531
v -9.080683708190918 -5.316712379455566 -11.223731994628906
v -9.466561317443848 -4.956540107727051 -10.617162704467773
v -9.027909278869629 -5.10487699508667 -11.805940628051758
v -9.335926055908203 -4.671830654144287 -11.733935356140137
v -9.586307525634766 -4.643343448638916 -10.868560791015625
v -9.792265892028809 -3.93680477142334 -11.450243949890137
v -9.714845657348633 -4.253293037414551 -11.190171241760254
v -9.75698471069336 -4.379092216491699 -10.703757286071777
v -10.064784049987793 -3.844627618789673 -10.301870346069336
v -9.9705810546875 -3.6124935150146484 -11.247065544128418
v -10.237767219543457 -3.7223455905914307 -9.26463508605957
v -10.377275466918945 -3.1289243698120117 -9.826549530029297
v -8.220332145690918 -6.688942909240723 -5.446709156036377
v -8.670938491821289 -6.495078086853027 -5.487858772277832
v -9.112333297729492 -6.206132411956787 -5.643488883972168
v -7.965127468109131 -6.281526565551758 -4.369838714599609
v -7.542686939239502 -6.632260322570801 -4.932640552520752
v -8.09546947479248 -6.501281261444092 -4.873287200927734
v -7.432247638702393 -6.344262599945068 -4.387447357177734
v -8.776627540588379 -6.253503322601318 -4.876792907714844
v -9.067455291748047 -6.0890727043151855 -4.931891441345215
v -8.505162239074707 -6.152233123779297 -4.321619510650635
v -6.547486305236816 -6.139087677001953 -3.9836223125457764
v -6.819873809814453 -6.298135757446289 -4.242489337921143
v -6.572175025939941 -5.776675701141357 -3.5554802417755127
v -5.17903470993042 -5.32562255859375 -2.8573083877563477
v -8.992204666137695 -5.961835861206055 -4.330353260040283
v -8.894001960754395 -5.82793664932251 -3.8052990436553955
v -7.96821928024292 -5.742969989776611 -3.406059741973877
v -8.405970573425293 -5.930312633514404 -3.790367364883423
v -8.243082046508789 -5.738260269165039 -3.3712990283966064
v -8.775059700012207 -5.685692310333252 -3.314492702484131
v -7.299976825714111 -5.207953929901123 -2.6471760272979736
v -7.453221797943115 -5.367878437042236 -2.872135877609253
v -8.47457504272461 -5.531226634979248 -2.8594350814819336
v -8.702861785888672 -5.597664833068848 -3.0464160442352295
v -8.497350692749023 -5.227888107299805 -2.2275307178497314
v -8.08836841583252 -5.521923542022705 -2.9382264614105225
v -7.997567176818848 -5.3221940994262695 -2.486264228820801
v -7.841014862060547 -6.008362293243408 -3.875026226043701
v -7.122793674468994 -5.788788795471191 -3.553175687789917
v -7.685764789581299 -5.740777969360352 -3.4428915977478027
v -7.376430511474609 -6.047475814819336 -3.9170753955841064
v -6.707984924316406 -5.441958427429199 -3.1402626037597656
v -6.958681583404541 -5.440063953399658 -3.113136053085327
v -6.790338516235352 -5.155806541442871 -2.7324864864349365
v -6.408563137054443 -5.454156875610352 -3.1683084964752197
v -3.628459930419922 -4.9145684242248535 -1.473920226097107
v -2.733340263366699 -4.487325191497803 0.4146174192428589
v -3.2554218769073486 -4.597921371459961 0.029515622183680534
v -3.088561534881592 -4.362551689147949 0.5403999090194702
v -2.2060482501983643 -5.011396408081055 -1.3145254850387573
v -2.590937614440918 -5.026409149169922 -1.552311897277832
v -2.4477076530456543 -5.019009590148926 -1.2627383470535278
v -2.313338279724121 -5.038610458374023 -0.8802773952484131
v -3.2367355823516846 -4.9701104164123535 -1.1092956066131592
v -3.5625224113464355 -4.918073654174805 -1.2594428062438965
v -3.5032501220703125 -4.930045127868652 -1.0668959617614746
v -2.656111240386963 -5.047895908355713 -0.7920638918876648
v -2.921745777130127 -5.015148162841797 -0.9472998976707458
v -3.3719520568847656 -4.879760265350342 -0.5849725604057312
v -3.1102912425994873 -4.981477737426758 -1.5416196584701538
v -2.9867944717407227 -4.990882396697998 -1.1551240682601929
v -2.171382427215576 -4.990551948547363 -0.42709168791770935
v -1.9041296243667603 -4.737013339996338 0.03205646574497223
v -1.5875401496887207 -5.005253791809082 -0.6804855465888977
v -1.7379807233810425 -4.963989734649658 -1.0178390741348267
v -1.120535135269165 -5.217624187469482 -0.46384888887405396
v -1.4360370635986328 -4.986306190490723 -0.2451995462179184
v -2.713616371154785 -4.822185516357422 -0.19988849759101868
v -8.213386535644531 -4.716108322143555 -1.1027039289474487
v -8.352737426757812 -4.908634662628174 -1.5260967016220093
v -8.077277183532715 -4.4709391593933105 -0.5263333916664124
v -7.338254451751709 -4.277595520019531 -0.41423657536506653
v -7.517110347747803 -3.496013641357422 1.7109003067016602
v -7.087985038757324 -3.242982864379883 2.15051007270813
v -7.3771867752075195 -3.211508274078369 2.310598850250244
v -6.527586460113525 -3.880417823791504 0.32392558455467224
v -7.568257808685303 -3.98498797416687 0.48128509521484375
v -7.955991744995117 -4.228628158569336 0.06256119906902313
v -7.807379722595215 -3.9808804988861084 0.6300513744354248
v -7.770936965942383 -3.7273871898651123 1.2653226852416992
v -6.831044673919678 -4.022838115692139 0.04327042028307915
v -7.203636169433594 -3.9951305389404297 0.25747865438461304
v -5.354152679443359 -3.5143563747406006 1.278760313987732
v -6.928300380706787 -3.503399610519409 1.4044851064682007
v -7.016727924346924 -3.6588361263275146 1.0421892404556274
v -6.791738510131836 -3.2619965076446533 1.9789249897003174
v -6.348845958709717 -3.563322067260742 1.0859148502349854
v -5.371564865112305 -4.631239414215088 -1.2298870086669922
v -5.8050336837768555 -4.670713424682617 -1.6099907159805298
v -5.661235332489014 -4.545530796051025 -1.1388816833496094
v -3.8590550422668457 -5.065781593322754 -2.1393771171569824
v -4.901169300079346 -4.8733744621276855 -2.1438419818878174
v -5.947583198547363 -4.775059700012207 -2.0239500999450684
v -4.6372785568237305 -4.721187591552734 -1.3499383926391602
v -7.194038391113281 -5.015310287475586 -2.227418899536133
v -6.466111183166504 -4.801476955413818 -1.9828813076019287
v -7.043426990509033 -4.833373069763184 -1.7638652324676514
v -7.777110576629639 -5.09695291519165 -2.0959510803222656
v -7.3049397468566895 -4.7959818840026855 -1.627152442932129
v -7.618757724761963 -4.761200428009033 -1.4548139572143555
v -6.894683837890625 -4.561977863311768 -1.2217477560043335
v -6.439551830291748 -4.349495887756348 -0.804818332195282
v -6.755167007446289 -4.295690059661865 -0.6481909155845642
v -6.34330940246582 -4.671344757080078 -1.4719940423965454
v -6.198106288909912 -4.4009222984313965 -0.9161351919174194
v -7.475647449493408 -4.493931293487549 -0.895063042640686
v -6.307250022888184 -5.165604591369629 -2.787945508956909
v -6.0934600830078125 -4.938621520996094 -2.4166088104248047
v -6.859217643737793 -4.960148334503174 -2.299473762512207
v -3.914149522781372 -4.62585973739624 -0.37740328907966614
v -4.453091621398926 -4.593548774719238 -0.668474555015564
v -4.369762420654297 -4.440713882446289 -0.3093032240867615
v -5.387956619262695 -4.043521881103516 0.010542734526097775
v -4.098352909088135 -3.9535465240478516 0.84689861536026
v -3.7373907566070557 -4.4159979820251465 0.1339280754327774
v -4.23452091217041 -4.194365978240967 0.267971932888031
v -3.5967843532562256 -4.161332130432129 0.6992790102958679
v -4.048656940460205 -4.83328104019165 -1.4245848655700684
v -4.005374431610107 -4.834404468536377 -0.9899473190307617
v -5.007028102874756 -7.844422817230225 -6.71221399307251
v -4.908216953277588 -7.5586395263671875 -5.907184600830078
v -3.524890422821045 -7.135475158691406 -4.941218376159668
v -4.767428398132324 -7.277869701385498 -5.296055316925049
v -4.679903507232666 -6.886280536651611 -4.62932825088501
v -3.944408416748047 -7.402732849121094 -5.430554389953613
v -4.289172172546387 -7.575039386749268 -5.842309474945068
v -4.220670700073242 -7.354475498199463 -5.351142406463623
v -4.214486122131348 -6.972761154174805 -4.705541133880615
v -1.85237455368042 -5.814537525177002 -3.297767162322998
v -4.071527004241943 -6.2214035987854 -3.695647716522217
v -4.544828414916992 -6.496212959289551 -4.093278408050537
v -4.4197187423706055 -6.159473896026611 -3.6675939559936523
v -4.150302886962891 -5.5356669425964355 -2.8978359699249268
v -2.6410884857177734 -6.441532135009766 -3.9868454933166504
v -3.281895637512207 -6.331057071685791 -3.791781187057495
v -2.0940961837768555 -7.863796234130859 -7.431671142578125
v -2.4763526916503906 -8.076740264892578 -8.27806568145752
v -2.3728253841400146 -7.875672340393066 -7.176026344299316
v -2.2795016765594482 -7.655041694641113 -6.418239593505859
v -1.776149034500122 -7.2307047843933105 -5.663502216339111
v -1.4815499782562256 -7.3614325523376465 -6.27934455871582
v -3.7551329135894775 -8.087691307067871 -7.455295562744141
v -4.4175310134887695 -8.01429557800293 -7.174725532531738
v -3.273681879043579 -7.504604339599609 -5.6732940673828125
v -3.6995861530303955 -7.740847587585449 -6.237707138061523
v -3.6154768466949463 -7.4557061195373535 -5.5397515296936035
v -2.8835959434509277 -7.165160655975342 -5.069339752197266
v -2.6904642581939697 -7.563879013061523 -5.964353561401367
v -3.074289321899414 -7.818673610687256 -6.5797224044799805
v -2.979640483856201 -7.5398945808410645 -5.808244705200195
v -3.0447888374328613 -8.100410461425781 -7.76132345199585
v -2.5841734409332275 -7.872797966003418 -7.006872653961182
v -2.022167921066284 -6.450927734375 -4.127410411834717
v -1.8781095743179321 -6.831977844238281 -4.800856113433838
v -2.212635040283203 -7.176231861114502 -5.3011698722839355
v -2.1125965118408203 -6.823751926422119 -4.686548709869385
v -1.500266194343567 -6.430603981018066 -4.3080573081970215
v -1.595064401626587 -6.051260471343994 -3.6889452934265137
v -1.9192861318588257 -6.044718265533447 -3.588404655456543
v -1.1967825889587402 -6.097928524017334 -3.9099793434143066
v -0.759190559387207 -5.6915364265441895 -3.495929718017578
v -1.059951901435852 -6.451752185821533 -4.565615177154541
v -1.3545482158660889 -6.8000640869140625 -5.046809196472168
v -1.2737112045288086 -6.439304351806641 -4.431938648223877
v -0.9967539310455322 -6.833991050720215 -5.4110331535339355
v -0.6585339903831482 -6.469255447387695 -4.860882759094238
v -0.3396909832954407 -6.141970634460449 -4.36682653427124
v 0.018439985811710358 -5.851047515869141 -3.9351134300231934
v -0.7097065448760986 -6.068457126617432 -4.0990681648254395
v -2.4086785316467285 -6.803405284881592 -4.566878318786621
v -2.7788007259368896 -6.7735185623168945 -4.442499160766602
v -3.018522024154663 -6.748960971832275 -4.375813961029053
v -6.745481491088867 -7.3784894943237305 -6.256075859069824
v -7.247175693511963 -7.375271320343018 -6.641615390777588
v -7.214047908782959 -7.264110088348389 -6.237584114074707
v -6.579875469207764 -7.147902965545654 -5.60639762878418
v -6.029989242553711 -7.286154747009277 -5.683341979980469
v -5.917163372039795 -6.977381229400635 -5.054101943969727
v -5.267358779907227 -6.850027084350586 -4.679830551147461
v -5.787761211395264 -6.651360988616943 -4.51066780090332
v -7.129701137542725 -7.005011081695557 -5.537716865539551
v -7.008556842803955 -6.7223734855651855 -4.953495502471924
v -6.027980804443359 -6.595062255859375 -4.4932637214660645
v -6.492188930511475 -6.804110527038574 -4.936664581298828
v -6.330651760101318 -6.528144836425781 -4.471953868865967
v -5.8716912269592285 -7.635723114013672 -6.470911026000977
v -6.1535420417785645 -7.666132926940918 -6.743222713470459
v -5.366070747375488 -7.450082302093506 -5.802640438079834
v -5.519073009490967 -7.559299468994141 -6.107700347900391
v -5.569366931915283 -7.715539455413818 -6.5429840087890625
v -5.4760212898254395 -7.081096172332764 -5.109511852264404
v -7.7344207763671875 -7.07296085357666 -6.106593132019043
v -8.241656303405762 -6.888973712921143 -6.173589706420898
v -7.662096977233887 -6.8695268630981445 -5.5000104904174805
v -8.704095840454102 -6.650027751922607 -6.456250190734863
v -9.11044979095459 -6.282669544219971 -6.461989402770996
v -5.498097896575928 -5.9460883140563965 -3.6103479862213135
v -5.645700454711914 -6.296134948730469 -4.035511493682861
v -6.183420181274414 -6.189080238342285 -4.007603645324707
v -6.118553638458252 -5.83188533782959 -3.5834527015686035
v -1.1777626276016235 -4.966651916503906 -1.9009264707565308
v -1.5088729858398438 -5.054150581359863 -2.0921170711517334
v -1.413240671157837 -4.973996639251709 -1.8427742719650269
v -1.6319189071655273 -5.234886646270752 -2.463125228881836
v -1.6950081586837769 -5.365601539611816 -2.6730124950408936
v -1.286361813545227 -5.425090789794922 -2.8910133838653564
v -0.9663712978363037 -5.200689315795898 -2.6505329608917236
v -0.7482900619506836 -4.939029693603516 -2.014953851699829
v -0.8065134882926941 -4.981019973754883 -2.153909921646118
v -0.5033248066902161 -5.022213459014893 -2.4013402462005615
v -0.9309649467468262 -5.035348415374756 -2.2847867012023926
v -3.0558812618255615 -5.688148021697998 -2.9742159843444824
v -2.9336740970611572 -5.4294939041137695 -2.627009868621826
v -2.243947982788086 -5.2556681632995605 -2.3647403717041016
v -2.2947850227355957 -5.336710453033447 -2.520364761352539
v -2.796386957168579 -5.199660778045654 -2.2448174953460693
v -2.695566415786743 -5.099393367767334 -1.9640119075775146
v -2.0002810955047607 -5.0412163734436035 -1.8018066883087158
v -2.2386810779571533 -5.119027614593506 -2.028242588043213
v -2.326735258102417 -5.706131935119629 -3.0707924365997314
v -2.5580363273620605 -5.436655521392822 -2.6692912578582764
v -1.1854877471923828 -4.955566883087158 -1.3359153270721436
v -1.435803771018982 -4.94444465637207 -1.5011128187179565
v -0.9970678091049194 -5.118302345275879 -0.9289402961730957
v -0.5620008111000061 -5.224793434143066 -0.7510799765586853
v -0.8437837958335876 -5.246428489685059 -0.6069129109382629
v -0.344692587852478 -5.0793561935424805 -1.2079477310180664
v -0.487998366355896 -5.033297061920166 -1.4360651969909668
v -0.07112621515989304 -5.0534539222717285 -0.9942381381988525
v 0.09662116318941116 -4.880019664764404 -2.010523557662964
v 0.2509816288948059 -4.822535037994385 -1.7515360116958618
v -0.3277956247329712 -4.947153568267822 -1.8456051349639893
v -0.7278537750244141 -4.966508865356445 -1.7102910280227661
v -0.05514108017086983 -4.923316955566406 -1.6417129039764404
v 0.641753613948822 -4.614876747131348 -1.61152184009552
v 0.4299953579902649 -4.731001377105713 -1.5328935384750366
v 0.6430328488349915 -4.545021057128906 -1.3315839767456055
v 0.1765366494655609 -4.864476203918457 -1.4320809841156006
v 0.37151312828063965 -4.751222133636475 -1.2110973596572876
v -1.8788301944732666 -4.97043514251709 -1.3915590047836304
v -0.16564249992370605 -5.202432155609131 -2.8421642780303955
v -0.19155150651931763 -5.317992210388184 -3.0195980072021484
v -0.8110936284065247 -5.39992094039917 -3.02529239654541
v -1.1197829246520996 -5.655647277832031 -3.2958824634552
v -1.0346661806106567 -5.399478912353516 -2.959303140640259
v -0.4288082420825958 -5.194854259490967 -2.7595901489257812
v -0.10613764077425003 -5.0468974113464355 -2.5407559871673584
v 0.2696003019809723 -4.9093804359436035 -2.3302671909332275
v -0.09060777723789215 -4.945312023162842 -2.2221839427948
v 0.33983314037323 -5.038092613220215 -2.658592939376831
v -0.004863180220127106 -5.497524738311768 -3.3508148193359375
v -0.2533456087112427 -5.686913967132568 -3.589055061340332
v -0.2169654220342636 -5.4667229652404785 -3.2482829093933105
v 0.3523238003253937 -5.264621257781982 -3.055414915084839
v 0.3568870723247528 -5.571268081665039 -3.5618836879730225
v 1.1907129287719727 -4.854528427124023 -2.568453550338745
v 1.1225855350494385 -5.059121608734131 -2.955706834793091
v 0.7686641812324524 -5.014810562133789 -2.790572166442871
v 0.6130287647247314 -4.76124906539917 -2.135180711746216
v 1.1750770807266235 -4.702033996582031 -2.243842363357544
v 0.7989828586578369 -4.815898895263672 -2.426987886428833
v 0.8661601543426514 -4.701399803161621 -2.1814751625061035
v 1.2340197563171387 -4.379965305328369 -1.7643908262252808
v 1.054573655128479 -4.520267963409424 -1.8836123943328857
v 1.4245694875717163 -4.122105121612549 -1.57304847240448
v -9.023286819458008 -5.075678825378418 -2.022346019744873
v -9.515691757202148 -4.812884330749512 -2.046673536300659
v -9.81009578704834 -4.389922142028809 -1.9723999500274658
v -9.432612419128418 -5.85670280456543 -5.680202007293701
v -9.413265228271484 -5.78218936920166 -4.992786884307861
v -9.792394638061523 -5.20170783996582 -4.802591323852539
v -9.780840873718262 -5.185515880584717 -4.554222583770752
v -9.799799919128418 -5.2436299324035645 -5.485702991485596
v -9.799857139587402 -5.226322174072266 -5.220283508300781
v -9.939627647399902 -4.887532711029053 -4.6813836097717285
v -9.943119049072266 -4.938263416290283 -5.367730140686035
v -10.067381858825684 -4.6173248291015625 -5.230344295501709
v -10.062030792236328 -4.5880208015441895 -4.830284118652344
v -10.191131591796875 -4.215156555175781 -5.043258190155029
v -9.120793342590332 -5.567869186401367 -3.273491621017456
v -9.627683639526367 -5.159157752990723 -3.278254270553589
v -9.39917278289795 -5.62278938293457 -4.189205646514893
v -9.351729393005371 -5.5799031257629395 -3.8326194286346436
v -9.86337661743164 -4.958545684814453 -4.012794017791748
v -10.018513679504395 -4.5661749839782715 -3.8323190212249756
v -9.997941017150879 -4.576364994049072 -3.552076578140259
v -10.105093002319336 -4.27336311340332 -3.6775002479553223
v -9.150910377502441 -5.279050827026367 -2.6235177516937256
v -9.59358024597168 -4.957621097564697 -2.6115894317626953
v -9.996527671813965 -4.357872009277344 -2.8797197341918945
v -10.195280075073242 -3.7583563327789307 -3.289536476135254
v -10.051443099975586 -4.568298816680908 -4.536045551300049
v -10.036579132080078 -4.5594282150268555 -4.178111553192139
v -10.15892219543457 -4.197585582733154 -4.355496406555176
v -10.246543884277344 -3.6997122764587402 -3.963634490966797
v -10.268998146057129 -3.8707478046417236 -4.869757652282715
v -10.257917404174805 -3.84100604057312 -4.556366920471191
v -10.226247787475586 -3.155463695526123 -2.924503803253174
v -10.3190336227417 -3.583564281463623 -4.718374252319336
v -10.312444686889648 -2.9199557304382324 -3.641524076461792
v -10.260122299194336 -2.8347713947296143 -3.1584830284118652
v -10.286809921264648 -2.5624892711639404 -3.3251256942749023
v -10.37840747833252 -2.9676527976989746 -4.391716003417969
v -10.381829261779785 -2.478356122970581 -4.061187267303467
v -10.352860450744629 -1.830439567565918 -3.8281290531158447
v -8.643814086914062 -4.139241695404053 0.4554896950721741
v -9.120071411132812 -4.08716344833374 0.3086056709289551
v -9.058902740478516 -3.9762401580810547 0.5932859182357788
v -9.539398193359375 -3.5833840370178223 0.43927258253097534
v -9.345940589904785 -4.4986572265625 -0.9572479724884033
v -9.290950775146484 -4.398860931396484 -0.6478986740112305
v -8.911090850830078 -4.8419904708862305 -1.4002763032913208
v -9.397994995117188 -4.5947113037109375 -1.2890185117721558
v -9.730193138122559 -3.9397366046905518 -0.7636672258377075
v -9.781827926635742 -4.173014163970947 -1.4084563255310059
v -9.964349746704102 -3.803891181945801 -1.6194640398025513
v -9.989188194274902 -3.443647623062134 -1.361686110496521
v -8.38611125946045 -4.44109582901001 -0.34068846702575684
v -8.821151733398438 -4.582234859466553 -0.707427442073822
v -8.662887573242188 -4.391908168792725 -0.19451287388801575
v -9.179211616516113 -4.195330619812012 -0.017492447048425674
v -9.588878631591797 -3.8188910484313965 -0.07839559763669968
v -9.81912612915039 -3.2314271926879883 -0.2816285490989685
v -9.749500274658203 -3.0049445629119873 0.18343020975589752
v -9.910662651062012 -2.7746355533599854 -0.8096306920051575
v -9.781503677368164 -2.3390278816223145 -0.40244877338409424
v -8.279485702514648 -3.943526268005371 0.9192101955413818
v -8.92756175994873 -3.739100456237793 1.1802849769592285
v -8.259611129760742 -3.664607048034668 1.5454235076904297
v -9.350680351257324 -3.3850643634796143 1.1496678590774536
v -9.598133087158203 -2.926302671432495 0.9017754197120667
v -9.55955982208252 -2.6588573455810547 1.127324104309082
v -8.752602577209473 -3.4266228675842285 1.8460068702697754
v -8.622963905334473 -3.1949284076690674 2.261439800262451
v -7.941498279571533 -3.144911527633667 2.543606758117676
v -8.44864559173584 -2.884497880935669 2.751596450805664
v -8.208074569702148 -3.365410566329956 2.130843162536621
v -9.131046295166016 -2.992405891418457 1.9488290548324585
v -9.110897064208984 -2.7214717864990234 2.1660706996917725
v -8.94800090789795 -2.3119125366210938 2.5735857486724854
v -9.318893432617188 -2.139753818511963 1.7792197465896606
v -9.087593078613281 -1.822729229927063 2.223844528198242
v -9.659062385559082 -2.3886613845825195 0.4530099928379059
v -9.487104415893555 -1.9849883317947388 0.8606550693511963
v -9.613616943359375 -1.9329968690872192 0.00553644634783268
v -9.410893440246582 -1.6131696701049805 0.4137941002845764
v -9.277605056762695 -1.628191590309143 1.2687634229660034
v -9.027021408081055 -1.390733003616333 1.677415132522583
v -9.17931079864502 -1.366773247718811 0.8222352862358093
v -8.875072479248047 -1.1614129543304443 1.2310523986816406
v -10.114177703857422 -3.6790385246276855 -2.4350409507751465
v -10.043539047241211 -3.5449378490448 -1.801232099533081
v -10.113931655883789 -3.197808265686035 -2.069451332092285
v -10.043527603149414 -2.716968297958374 -1.663233995437622
v -10.173590660095215 -2.693652868270874 -2.5240097045898438
v -10.057174682617188 -2.480858087539673 -1.8693435192108154
v -10.068382263183594 -2.2018511295318604 -2.111407995223999
v -9.886521339416504 -2.1742172241210938 -1.1601660251617432
v -9.764093399047852 -1.9522922039031982 -0.7633444666862488
v -9.925021171569824 -1.7674199342727661 -1.7045507431030273
v -9.747862815856934 -1.488039255142212 -1.2972500324249268
v -10.21300983428955 -2.1120445728302 -2.955259323120117
v -10.097386360168457 -1.608352780342102 -2.6531059741973877
v -10.244420051574707 -1.5881016254425049 -3.3175466060638428
v -10.0889892578125 -1.281720519065857 -2.987985610961914
v -9.904120445251465 -1.3565822839736938 -2.2426607608795166
v -9.612345695495605 -1.225685715675354 -1.7679294347763062
v -9.45510196685791 -1.0134974718093872 -2.192277669906616
v -9.57138729095459 -1.6139492988586426 -0.370078444480896
v -9.357364654541016 -1.3985579013824463 0.08696014434099197
v -9.464091300964355 -1.2925777435302734 -0.8891505599021912
v -9.118403434753418 -1.1351009607315063 -0.48063650727272034
v -8.512373924255371 -0.9080904126167297 0.5772555470466614
v -8.974260330200195 -1.1604878902435303 0.3867623209953308
v -8.75926685333252 -0.9755842089653015 -0.07163940370082855
v -8.38926887512207 -0.8077884316444397 0.33778008818626404
v -8.85607624053955 -0.8462511897087097 -1.1027644872665405
v -8.73988151550293 -0.7185114026069641 -1.3752464056015015
v -7.935460090637207 -0.4181784987449646 -0.6473815441131592
v -8.225349426269531 -0.541946530342102 -0.821127712726593
v -9.386251449584961 -5.9349164962768555 -6.431369304656982
v -9.426804542541504 -5.829123020172119 -7.054503917694092
v -9.738133430480957 -5.300076007843018 -6.859670162200928
v -9.782925605773926 -5.269432067871094 -6.068129539489746
v -10.020939826965332 -4.686172008514404 -6.582815170288086
v -10.052475929260254 -4.654909610748291 -5.9000654220581055
v -10.061552047729492 -4.633579254150391 -5.547233581542969
v -10.170939445495605 -4.322953224182129 -5.751804828643799
v -10.280957221984863 -3.9534120559692383 -5.5793137550354
v -10.277738571166992 -3.9130632877349854 -5.239856719970703
v -10.32571792602539 -3.7889981269836426 -6.16133975982666
v -9.69345760345459 -5.290018558502197 -7.57534646987915
v -10.272998809814453 -3.9619717597961426 -6.9414448738098145
v -9.9795560836792 -4.7092719078063965 -7.305840015411377
v -10.347329139709473 -3.650588274002075 -5.427502632141113
v -10.453761100769043 -3.1499016284942627 -5.823651313781738
v -10.443066596984863 -3.332388401031494 -6.605011940002441
v -10.594135284423828 -2.6782498359680176 -6.987813949584961
v -10.63734245300293 -2.2225682735443115 -6.644726753234863
v -10.424590110778809 -3.0978095531463623 -5.1333112716674805
v -10.462825775146484 -2.478181838989258 -4.770756244659424
v -10.518192291259766 -2.5518202781677246 -5.475947380065918
v -10.53280258178711 -2.256080389022827 -5.303188323974609
v -10.521299362182617 -2.0814666748046875 -5.068333625793457
v -10.450615882873535 -2.0198402404785156 -4.443144798278809
v -10.385866165161133 -1.445630431175232 -4.096459865570068
v -10.497939109802246 -1.4567501544952393 -4.818300247192383
v -10.356261253356934 -1.0858852863311768 -4.531250953674316
v -10.57091999053955 -2.4445412158966064 -6.078503608703613
v -10.552555084228516 -2.342820167541504 -5.650359630584717
v -10.5902099609375 -2.096275568008423 -5.873481273651123
v -10.591710090637207 -1.4116629362106323 -5.703676223754883
v -10.646499633789062 -1.598128318786621 -6.3024139404296875
v -10.611366271972656 -1.2238132953643799 -5.967553615570068
v -10.552395820617676 -1.3124045133590698 -5.36893367767334
v -10.51457405090332 -1.2274510860443115 -5.097866058349609
v -10.251138687133789 -0.9039033651351929 -4.849445819854736
v -10.382034301757812 -0.9644843339920044 -5.5956621170043945
v -10.082534790039062 -0.6567885279655457 -5.355107307434082
v -10.159564971923828 -4.07753324508667 -8.574886322021484
v -10.195097923278809 -4.107936859130859 -7.804477691650391
v -10.434732437133789 -3.4233663082122803 -7.4214935302734375
v -10.365012168884277 -3.3989150524139404 -9.054682731628418
v -10.399889945983887 -3.442913055419922 -8.440611839294434
v -10.497419357299805 -3.0419390201568604 -8.823396682739258
v -10.589116096496582 -2.7469167709350586 -8.608662605285645
v -10.587408065795898 -2.8406176567077637 -7.9634552001953125
v -10.662649154663086 -2.4331657886505127 -8.37545108795166
v -10.669352531433105 -2.337698459625244 -7.475558280944824
v -10.69689655303955 -1.809930443763733 -7.098996162414551
v -10.720768928527832 -1.9380853176116943 -7.953203201293945
v -10.733431816101074 -1.38414466381073 -7.57660436630249
v -10.578756332397461 -2.604261875152588 -9.25270938873291
v -10.65539264678955 -1.8155781030654907 -9.72841739654541
v -10.709685325622559 -1.9455429315567017 -8.889102935791016
v -10.707233428955078 -1.4826384782791138 -9.410977363586426
v -10.749584197998047 -1.4482920169830322 -8.460247039794922
v -10.729265213012695 -1.0756268501281738 -8.055363655090332
v -10.683908462524414 -1.31313955783844 -6.748911380767822
v -10.47758960723877 -0.9652975797653198 -6.514379978179932
v -10.616252899169922 -1.052492618560791 -7.185058116912842
v -10.326251029968262 -0.8510876297950745 -6.024021148681641
v -10.599899291992188 -0.8097056150436401 -8.520068168640137
v -10.409721374511719 -0.8346388936042786 -6.791980743408203
v -9.887977600097656 -0.35847967863082886 -6.045001983642578
v -10.524092674255371 -0.8460678458213806 -7.630679607391357
v -10.299691200256348 -0.624558687210083 -7.229022979736328
v -10.395206451416016 -0.6154254674911499 -8.085493087768555
v -10.192761421203613 -0.4415578842163086 -7.678151607513428
v -10.161528587341309 -0.5852302312850952 -6.4133076667785645
v -9.950519561767578 -0.32944199442863464 -6.708741664886475
v -9.798813819885254 -0.2456778883934021 -6.360841751098633
v -9.909814834594727 -0.23462998867034912 -7.281314373016357
v -9.633509635925293 -0.04219594597816467 -6.905586242675781
v -9.816791534423828 -0.6898775696754456 -3.749505043029785
v -9.13672924041748 -0.36959418654441833 -3.012453079223633
v -9.877273559570312 -0.5048243999481201 -4.924571990966797
v -9.522418975830078 -0.27142229676246643 -4.51982307434082
v -8.382579803466797 -0.20171348750591278 -2.2540369033813477
v -7.573575496673584 -0.04020903259515762 -1.4662439823150635
v -8.063445091247559 0.3368355631828308 -3.0863077640533447
v -8.69088363647461 0.0972442701458931 -3.6710705757141113
v -7.228831768035889 0.7107576727867126 -2.3628475666046143
v -7.964787483215332 0.5239391922950745 -3.385402202606201
v -6.992573261260986 1.496340274810791 -3.337897300720215
v -7.193034648895264 1.3367222547531128 -3.496936321258545
v -6.928735256195068 1.7064428329467773 -3.6870458126068115
v -9.222418785095215 0.09864239394664764 -5.493489742279053
v -8.569892883300781 0.44114959239959717 -4.640359401702881
v -9.590193748474121 -0.1622944325208664 -5.6819257736206055
v -9.531112670898438 -0.08876915276050568 -5.886219501495361
v -9.464564323425293 -0.009989135898649693 -6.105595588684082
v -9.143381118774414 0.1990715116262436 -5.7565155029296875
v -9.33533763885498 0.16369570791721344 -6.5475921630859375
v -9.015021324157715 0.38545143604278564 -6.205783843994141
v -8.929723739624023 0.2352277636528015 -4.98123025894165
v -8.87031078338623 0.32434242963790894 -5.190342426300049
v -8.802350044250488 0.42025354504585266 -5.418808460235596
v -8.461832046508789 0.6408446431159973 -5.045813083648682
v -8.671785354614258 0.6237303614616394 -5.87838077545166
v -8.322776794433594 0.8975788354873657 -5.570244789123535
v -7.798404216766357 0.9048799872398376 -3.978588104248047
v -7.576842784881592 1.4412568807601929 -4.99033784866333
v -6.78566837310791 1.7747081518173218 -4.384624481201172
v 12.0419340133667 -5.210900783538818 3.3859827518463135
v 11.549415588378906 -5.1421637535095215 3.2194619178771973
v 11.54823112487793 -5.180202960968018 3.594498634338379
v 13.31593132019043 -4.889378547668457 3.405662775039673
v 12.768976211547852 -4.758389472961426 3.648775577545166
v 13.665939331054688 -4.743314266204834 3.9290804862976074
v 13.407968521118164 -4.703941822052002 4.068951606750488
v 11.615555763244629 -5.156947135925293 4.365432262420654
v 12.670820236206055 -4.462912559509277 4.361301898956299
v 12.255609512329102 -4.722774028778076 4.308230876922607
v 12.348249435424805 -4.541110038757324 4.553138732910156
v 11.819918632507324 -4.548190116882324 4.808469772338867
v 12.17051887512207 -4.967283725738525 4.037367820739746
v 14.13516902923584 -6.117666244506836 0.9212003350257874
v 13.59725284576416 -6.089475631713867 0.6644029021263123
v 13.636761665344238 -5.985771656036377 1.0778515338897705
v 12.093657493591309 -5.488273620605469 1.7026610374450684
v 11.39472484588623 -5.729266166687012 1.5211652517318726
v 11.494392395019531 -5.34244966506958 1.9516901969909668
v 12.38361644744873 -6.179251194000244 0.13615205883979797
v 11.230753898620605 -6.344117164611816 -0.42115870118141174
v 11.2965726852417 -6.086354732513428 0.6310545802116394
v 13.101390838623047 -5.810637950897217 1.3092961311340332
v 12.520105361938477 -5.786549091339111 1.0410168170928955
v 12.55566120147705 -5.687902450561523 1.526113748550415
v 13.128063201904297 -6.033646583557129 0.47841426730155945
v 13.7625150680542 -5.648674011230469 2.5636391639709473
v 13.911660194396973 -5.128425121307373 3.128542900085449
v 14.274161338806152 -4.76221227645874 3.5216381549835205
v 14.631245613098145 -4.831012725830078 3.197380781173706
v 15.001167297363281 -5.64668607711792 1.7690706253051758
v 14.851134300231934 -5.94621467590332 1.3032435178756714
v 13.889906883239746 -5.826171875 1.7171318531036377
v 14.388204574584961 -5.609426021575928 2.1692235469818115
v 14.275665283203125 -5.846211910247803 1.5259761810302734
v 15.225103378295898 -5.187821865081787 2.0030322074890137
v 14.892308235168457 -5.19346809387207 2.4043946266174316
v 14.415087699890137 -5.228154182434082 2.802373170852661
v 14.929645538330078 -4.582406044006348 2.7578678131103516
v 15.095773696899414 -4.290447235107422 2.3060600757598877
v 13.000699996948242 -5.393965244293213 2.9221744537353516
v 12.620434761047363 -5.425675392150879 2.789426803588867
v 12.63614273071289 -5.356273651123047 3.1112167835235596
v 12.963245391845703 -5.623331546783447 2.1421444416046143
v 12.59046745300293 -5.565631866455078 1.9517700672149658
v 12.61341667175293 -5.475247383117676 2.2839207649230957
v 12.049590110778809 -5.339625358581543 2.5355305671691895
v 11.511100769042969 -5.262874126434326 2.317079544067383
v 11.528977394104004 -5.205383777618408 2.7544562816619873
v 3.6657681465148926 -1.48678457736969 3.9264039993286133
v 3.163601875305176 -1.483982801437378 4.09431791305542
v 3.8348164558410645 -1.1603333950042725 4.429450035095215
v 3.3547585010528564 -1.1979542970657349 4.580821990966797
v 4.323606014251709 -1.1258183717727661 4.314839839935303
v 4.510602951049805 -0.9417169094085693 4.776954174041748
v 5.154259204864502 -0.9002485871315002 5.006744384765625
v 4.69644832611084 -0.830962061882019 5.243926525115967
v 4.017002105712891 -0.9503490328788757 4.905080795288086
v 3.5337579250335693 -0.9852489233016968 5.062758922576904
v 4.199986457824707 -0.8203928470611572 5.3883137702941895
v 4.932422637939453 -0.6674051880836487 5.612726211547852
v 5.493284225463867 -0.7006517648696899 5.466795921325684
v 5.436683177947998 -0.47127243876457214 5.817795276641846
v 5.177943229675293 -0.4820951223373413 5.942198276519775
v 3.7702383995056152 -0.8102524876594543 5.65873384475708
v 3.9244019985198975 -0.730762779712677 6.0431036949157715
v 4.499752998352051 -0.5855463743209839 6.318671226501465
v 4.139626979827881 -0.5767325758934021 6.44495964050293
v 4.208948612213135 -0.7318799495697021 5.947648525238037
v 6.933656692504883 -4.868272304534912 -1.6238046884536743
v 6.673038959503174 -4.8502702713012695 -1.7156528234481812
v 10.079456329345703 -6.333083152770996 -1.093709111213684
v 10.104419708251953 -6.316534042358398 -0.6773583889007568
v 9.643168449401855 -6.272998332977295 -0.2732623219490051
v 9.055675506591797 -6.327998161315918 -0.45413899421691895
v 9.18276309967041 -6.25026798248291 0.13581383228302002
v 9.727070808410645 -6.336964130401611 -1.1262762546539307
v 9.284663200378418 -6.330044746398926 -0.9754893779754639
v 8.93323040008545 -6.260087013244629 -1.2840009927749634
v 8.976472854614258 -6.337878227233887 -0.8929222226142883
v 8.096365928649902 -6.248538494110107 0.17592933773994446
v 7.595613479614258 -6.1361236572265625 0.2369818091392517
v 6.967604160308838 -6.153774738311768 -0.3335780203342438
v 7.117968559265137 -6.013378620147705 0.30741217732429504
v 8.509551048278809 -5.967548847198486 -1.3681403398513794
v 8.031717300415039 -5.642052173614502 -1.4235191345214844
v 8.151215553283691 -6.177167892456055 -1.129096269607544
v 7.168779373168945 -6.109833240509033 -0.9295708537101746
v 6.789919376373291 -5.935365200042725 -0.9640593528747559
v 7.47368049621582 -5.30223274230957 -1.4874329566955566
v 6.986504554748535 -5.520835876464844 -1.2761784791946411
v 8.60883903503418 -6.324213027954102 -0.8184281587600708
v 8.014967918395996 -6.293802738189697 -0.45261216163635254
v 7.609732151031494 -5.990241050720215 -1.109177827835083
v 7.472451686859131 -6.243045330047607 -0.5384697914123535
v 3.172903060913086 -3.637699604034424 1.9094796180725098
v 2.6832869052886963 -3.562058925628662 1.9048957824707031
v 4.539942741394043 -4.621069431304932 1.0754883289337158
v 3.8527300357818604 -4.996451377868652 0.7741866707801819
v 4.047439098358154 -4.0918660163879395 1.5286303758621216
v 3.405768394470215 -4.475225448608398 1.2639039754867554
v 3.160932779312134 -5.239840984344482 0.5849375128746033
v 2.5600955486297607 -5.416801452636719 0.3945288062095642
v 5.303713321685791 -4.934753894805908 -2.0330605506896973
v 5.947251796722412 -4.856793403625488 -1.9258146286010742
v 5.344663619995117 -4.87833309173584 -1.7440667152404785
v 4.112439155578613 -4.913226127624512 -1.7225362062454224
v 5.0633368492126465 -4.853041648864746 -1.6763864755630493
v 4.641378879547119 -4.959565162658691 -1.8234280347824097
v 4.813793182373047 -4.815008640289307 -1.6201239824295044
v 4.309884548187256 -4.695934772491455 -1.52866792678833
v 5.964399814605713 -5.094842433929443 -1.3874856233596802
v 5.50414514541626 -4.834944725036621 -1.5096936225891113
v 5.4918646812438965 -5.018599987030029 -1.3342422246932983
v 6.039367198944092 -4.793076992034912 -1.6452276706695557
v 6.506580829620361 -5.087483882904053 -1.4837288856506348
v 5.006993770599365 -4.712888717651367 -1.4167217016220093
v 4.6510233879089355 -4.875804901123047 -1.2863521575927734
v 5.1874494552612305 -5.094245433807373 -1.2122243642807007
v 4.8797383308410645 -5.159915924072266 -1.095304012298584
v 3.2350075244903564 -4.665069580078125 -1.5942150354385376
v 2.950762987136841 -4.792503356933594 -1.7391256093978882
v 3.3380331993103027 -4.352221488952637 -1.4172141551971436
v 2.6482114791870117 -4.3510284423828125 -1.5415107011795044
v 2.15997576713562 -3.9957358837127686 -1.479509711265564
v 2.871389865875244 -4.132779121398926 -1.3685730695724487
v 2.3168866634368896 -4.281843185424805 -1.2839751243591309
v 3.3318755626678467 -4.507093906402588 -1.240911602973938
v 2.9831128120422363 -4.512661933898926 -1.1887227296829224
v 2.598426580429077 -4.597684860229492 -1.1085777282714844
v 3.1569740772247314 -4.902279853820801 -0.9930385947227478
v 2.496530055999756 -5.152379989624023 -0.7945085167884827
v 3.6087379455566406 -4.795707702636719 -1.6420632600784302
v 3.8230042457580566 -4.529803276062012 -1.461976408958435
v 4.128721237182617 -4.727065086364746 -1.3078908920288086
v 3.702768087387085 -4.563781261444092 -1.3140562772750854
v 4.437241077423096 -5.007063865661621 -1.1002452373504639
v 3.8679821491241455 -4.814520835876465 -1.1031172275543213
v 6.345679759979248 -6.0117506980896 -0.19041107594966888
v 5.963127136230469 -5.91822624206543 -0.1296638548374176
v 6.070940971374512 -5.621647357940674 0.4266589879989624
v 5.498413562774658 -5.47863245010376 0.42115312814712524
v 5.121212959289551 -5.556781768798828 0.1882583647966385
v 5.07972526550293 -5.1082353591918945 0.7003335356712341
v 5.49565315246582 -5.815496921539307 -0.14523114264011383
v 5.030862331390381 -5.805047988891602 -0.5218951106071472
v 4.938669204711914 -5.705549716949463 -0.1801946610212326
v 6.413420677185059 -5.501421928405762 -1.1897221803665161
v 5.804112434387207 -5.439952850341797 -1.094247579574585
v 6.374002933502197 -5.992781639099121 -0.8123051524162292
v 5.824718952178955 -5.975701332092285 -0.6488930583000183
v 5.314167499542236 -5.4823737144470215 -0.9406528472900391
v 4.831775665283203 -5.432619094848633 -0.8363094925880432
v 5.317338466644287 -5.7985663414001465 -0.653047502040863
v 4.495540618896484 -5.566868782043457 -0.5302379727363586
v 3.7666468620300293 -5.690656661987305 -0.3401378095149994
v 2.440464973449707 -5.667198181152344 -0.03996814787387848
v 3.7842748165130615 -5.2930097579956055 -0.762600302696228
v 3.1088881492614746 -5.489106178283691 -0.6093499064445496
v 2.482512950897217 -5.696275234222412 -0.44679874181747437
v 3.664402484893799 -5.464599609375 0.21160487830638885
v 4.492832660675049 -5.370136260986328 0.1965988278388977
v 3.0275371074676514 -5.654411315917969 -0.06610608100891113
v 4.30517578125 -5.185822486877441 -0.8806353211402893
v 9.845662117004395 -5.291437149047852 2.5200960636138916
v 9.150336265563965 -5.381795406341553 2.213242530822754
v 9.493940353393555 -5.032360553741455 2.9709396362304688
v 7.011229038238525 -4.666530609130859 2.016547441482544
v 8.333467483520508 -5.038125514984131 2.347844123840332
v 11.33262825012207 -4.433488845825195 4.977517127990723
v 10.795256614685059 -4.2609686851501465 5.237379550933838
v 10.267196655273438 -3.9876656532287598 5.405060768127441
v 9.764802932739258 -3.9125661849975586 5.262690544128418
v 10.70726203918457 -4.47453498840332 4.641441822052002
v 10.188570022583008 -4.298601150512695 4.595698833465576
v 9.691372871398926 -4.074461460113525 4.864178657531738
v 10.563797950744629 -4.809353351593018 3.9181878566741943
v 10.972474098205566 -5.1728081703186035 3.048367977142334
v 10.411476135253906 -5.159966468811035 2.866903781890869
v 10.458818435668945 -5.0504889488220215 3.228111743927002
v 9.536308288574219 -4.7552289962768555 3.5052525997161865
v 9.939292907714844 -4.875402450561523 3.409142255783081
v 10.045390129089355 -4.630344390869141 4.09221887588501
v 11.06142520904541 -5.018672943115234 3.76537823677063
v 11.196725845336914 -4.715326309204102 4.400553226470947
v 9.485445976257324 -4.311472415924072 4.266019344329834
v 9.09146499633789 -4.082364559173584 4.320922374725342
v 8.462570190429688 -3.8257317543029785 4.007919788360596
v 8.620260238647461 -3.558746814727783 4.411407470703125
v 7.6635918617248535 -3.65157151222229 3.655451536178589
v 8.872456550598145 -3.6321470737457275 5.055815696716309
v 9.211329460144043 -3.8426766395568848 5.148155689239502
v 9.323237419128418 -3.5773613452911377 5.606241703033447
v 8.820518493652344 -3.3789267539978027 5.734292030334473
v 8.204438209533691 -2.975337505340576 4.884428024291992
v 7.605251312255859 -2.618624687194824 4.834848880767822
v 7.778395652770996 -2.451465368270874 5.177860736846924
v 8.10069465637207 -3.0961618423461914 4.5517144203186035
v 8.959609985351562 -4.848905086517334 3.0703015327453613
v 8.908730506896973 -4.438248634338379 3.7507636547088623
v 8.297865867614746 -4.306234359741211 3.325525999069214
v 10.53967571258545 -5.868927955627441 1.305301308631897
v 9.525030136108398 -6.123868465423584 0.5143001079559326
v 9.113744735717773 -6.1074981689453125 0.7486544847488403
v 9.980798721313477 -6.072189807891846 0.5351000428199768
v 9.6968412399292 -5.811223983764648 1.4412950277328491
v 9.043136596679688 -5.8559136390686035 1.3786916732788086
v 10.297718048095703 -5.551731109619141 2.119112730026245
v 10.311901092529297 -6.246116638183594 -0.1940818727016449
v 10.15477466583252 -6.034671306610107 0.35227900743484497
v 8.5841703414917 -5.740722179412842 1.5264414548873901
v 8.193196296691895 -6.06920862197876 0.7683221697807312
v 8.09920597076416 -5.657883167266846 1.4796760082244873
v 8.607742309570312 -6.2654709815979 0.13293424248695374
v 8.697880744934082 -6.071804046630859 0.9024327397346497
v 7.733859062194824 -5.83043098449707 1.015698790550232
v 7.1341047286987305 -5.6063337326049805 0.9805698394775391
v 7.61734676361084 -5.236112117767334 1.8018277883529663
v 11.06160831451416 -5.291735649108887 2.1534159183502197
v 5.079905033111572 -2.0928258895874023 2.6471962928771973
v 6.941594123840332 -2.8911349773406982 3.465336799621582
v 6.336597442626953 -1.919588565826416 3.6556711196899414
v 5.582572937011719 -1.1071765422821045 3.851032018661499
v 5.261221885681152 -1.1249382495880127 3.6603853702545166
v 5.332493782043457 -1.0098897218704224 3.9367501735687256
v 6.147433757781982 -2.6314055919647217 3.093557119369507
v 5.660838603973389 -2.1133151054382324 2.896186351776123
v 5.718366622924805 -1.8488025665283203 3.1849594116210938
v 5.1933159828186035 -1.42015540599823 3.3891947269439697
v 5.84474515914917 -1.3555922508239746 3.7660484313964844
v 6.179414749145508 -3.6234257221221924 2.3402626514434814
v 6.610662937164307 -4.779149532318115 1.605424165725708
v 6.607767105102539 -4.168540954589844 2.1646652221679688
v 5.085311412811279 -3.183816432952881 2.1845858097076416
v 5.514612674713135 -3.031095504760742 2.389028310775757
v 5.701544761657715 -2.668102264404297 2.7084264755249023
v 6.127488136291504 -4.796538829803467 1.333986759185791
v 5.610335350036621 -4.93424129486084 1.0128344297409058
v 5.602591037750244 -3.933014154434204 1.835797905921936
v 5.099618434906006 -4.23337984085083 1.4619470834732056
v 6.74052619934082 -3.9237003326416016 2.4926271438598633
v 7.387409687042236 -4.130233287811279 2.8631279468536377
v 6.651552200317383 -3.3826844692230225 2.908142328262329
v 4.18488883972168 -2.1255948543548584 3.062925100326538
v 4.614186763763428 -2.5947439670562744 2.5409107208251953
v 4.106568813323975 -3.084714412689209 2.3585972785949707
v 4.539649963378906 -1.836188554763794 3.0078649520874023
v 3.534710645675659 -2.667551279067993 2.7689208984375
v 2.840275764465332 -2.6766695976257324 2.6727516651153564
v 3.7272567749023438 -1.8925299644470215 3.4355077743530273
v 3.1069083213806152 -1.8832879066467285 3.5006256103515625
v 3.659679651260376 -3.627977132797241 1.9418916702270508
v 4.9323930740356445 -1.3498003482818604 3.5003273487091064
v 4.596374988555908 -1.5801870822906494 3.3225831985473633
v 4.663357257843018 -1.3594093322753906 3.6064605712890625
v 4.140453338623047 -1.429270625114441 3.8015949726104736
v 4.819237232208252 -1.0940102338790894 4.143802642822266
v 4.595088481903076 -3.602482318878174 1.888849139213562
v 7.1855268478393555 -2.2492518424987793 4.719501495361328
v 6.522153854370117 -1.6696174144744873 4.4232282638549805
v 6.656024932861328 -1.5887564420700073 4.740390777587891
v 7.424360275268555 -2.821251630783081 4.061829566955566
v 6.94106388092041 -2.2654871940612793 4.163863658905029
v 6.258752346038818 -1.4879257678985596 4.273430824279785
v 5.914078712463379 -1.2880457639694214 4.065190315246582
v 5.985888957977295 -1.2910906076431274 4.334506034851074
v 5.488479137420654 -1.0551064014434814 4.477706432342529
v 6.182164192199707 -1.2432105541229248 4.822601318359375
v 5.697861194610596 -1.0047156810760498 4.938013553619385
v 7.277688026428223 -2.0035781860351562 5.227608680725098
v 6.814610004425049 -1.5870798826217651 5.272292613983154
v 6.376294136047363 -1.2086036205291748 5.287227630615234
v 5.936349391937256 -0.8887068033218384 5.314341068267822
v 6.618527889251709 -1.1154676675796509 5.667868614196777
v 6.205395221710205 -0.713646411895752 5.604497909545898
v 4.7882466316223145 -0.9460754990577698 4.703963756561279
v 5.721607208251953 -0.4975178837776184 5.700528621673584
v 6.718601703643799 -5.882388114929199 0.3441880941390991
v 6.556276798248291 -5.436739921569824 0.9009317755699158
v 13.820091247558594 -4.278716087341309 4.337059020996094
v 13.018776893615723 -4.162604331970215 4.754756927490234
v 13.55578899383545 -3.651212453842163 4.617925643920898
v 12.63971996307373 -4.026896953582764 4.881092071533203
v 12.09589958190918 -3.8825366497039795 5.121824741363525
v 12.885522842407227 -3.613272190093994 4.982028961181641
v 12.733674049377441 -3.3467185497283936 5.088747024536133
v 12.399828910827637 -3.352870464324951 5.322779655456543
v 13.172606468200684 -3.2851531505584717 4.789201736450195
v 12.549895286560059 -3.100269317626953 5.165410995483398
v 12.838325500488281 -2.7897939682006836 4.845686912536621
v 14.336494445800781 -4.139275074005127 3.8980917930603027
v 14.592056274414062 -4.085179328918457 3.4563355445861816
v 14.676169395446777 -3.9622082710266113 3.052354335784912
v 14.800542831420898 -3.8232340812683105 2.5335628986358643
v 14.150888442993164 -3.761937141418457 4.06235408782959
v 13.7952241897583 -3.288820266723633 4.213665962219238
v 14.331838607788086 -3.4580612182617188 3.5991828441619873
v 13.957718849182129 -3.045602321624756 3.735311985015869
v 13.530052185058594 -2.993253231048584 4.301468849182129
v 13.585184097290039 -2.7044591903686523 3.8275160789489746
v 13.510990142822266 -2.7628989219665527 4.10285758972168
v 13.3868408203125 -2.532825469970703 3.860572576522827
v 13.04127025604248 -2.4989538192749023 4.396749973297119
v 14.540441513061523 -3.6335713863372803 3.117027759552002
v 14.06944751739502 -3.0319533348083496 3.2715890407562256
v 14.399141311645508 -3.2666211128234863 2.696197032928467
v 14.177045822143555 -3.017819404602051 2.746018171310425
v 13.686714172363281 -2.740001916885376 3.3520333766937256
v 13.293601036071777 -2.4477596282958984 3.4178030490875244
v 13.248184204101562 -2.385183095932007 3.7025272846221924
v 13.832590103149414 -2.6529529094696045 2.809039831161499
v 13.430312156677246 -2.389793872833252 2.8972158432006836
v 9.533239364624023 -3.2619028091430664 6.122195243835449
v 8.980834007263184 -3.030709981918335 6.3037919998168945
v 9.091190338134766 -2.8487625122070312 6.88694429397583
v 8.427906036376953 -2.8807315826416016 6.025643348693848
v 8.507115364074707 -2.8109753131866455 6.394452095031738
v 7.978078842163086 -2.3998191356658936 5.990994453430176
v 8.073169708251953 -2.392096519470215 6.388159275054932
v 8.681196212768555 -2.5006446838378906 6.881459712982178
v 8.254556655883789 -2.1541383266448975 6.851078510284424
v 9.790471076965332 -2.6469597816467285 6.721795082092285
v 9.238649368286133 -2.5969550609588623 7.083591461181641
v 8.930432319641113 -2.0621228218078613 6.957098484039307
v 8.475301742553711 -1.7685201168060303 6.926510334014893
v 7.524289131164551 -1.971886157989502 5.967594146728516
v 7.635320663452148 -1.9557816982269287 6.343296051025391
v 7.087840557098389 -1.5771336555480957 5.988158226013184
v 7.188190937042236 -1.4834816455841064 6.228460788726807
v 7.3567705154418945 -1.4223809242248535 6.464534759521484
v 7.981915473937988 -1.5425647497177124 6.828684329986572
v 5.356270790100098 -0.3082228899002075 6.0525312423706055
v 5.254904270172119 -0.1729588508605957 6.228261470794678
v 4.947366237640381 -0.2719231843948364 6.4626545906066895
v 4.4416584968566895 -0.1397167593240738 6.647092819213867
v 5.11714506149292 -0.0074648261070251465 6.414479732513428
v 4.752635955810547 0.4061378240585327 6.54894495010376
v 10.89127254486084 -4.0264105796813965 5.675227642059326
v 11.176682472229004 -3.568699359893799 6.207114219665527
v 11.54323959350586 -3.767042636871338 5.385585784912109
v 12.092717170715332 -3.343155860900879 5.5258378982543945
v 10.461581230163574 -3.690927743911743 5.931787967681885
v 9.965333938598633 -3.46195125579834 6.065227031707764
v 10.659412384033203 -3.3307554721832275 6.364060401916504
v 10.058443069458008 -3.085608720779419 6.554349899291992
v 11.790135383605957 -3.318934202194214 5.71016788482666
v 11.540227890014648 -2.78262996673584 5.833115577697754
v 10.882418632507324 -2.902651786804199 6.310911178588867
v 10.492879867553711 -2.4761459827423096 6.389898300170898
v 11.131427764892578 -2.4632067680358887 5.953887939453125
v 10.72014045715332 -2.0833959579467773 5.997416019439697
v 12.178778648376465 -2.6714894771575928 5.283030033111572
v 11.767245292663574 -2.4477429389953613 5.426154136657715
v 12.441132545471191 -2.3943097591400146 4.919709205627441
v 11.972905158996582 -2.1972291469573975 4.9755096435546875
v 11.34929084777832 -2.137239456176758 5.497344017028809
v 10.929424285888672 -1.7773246765136719 5.519907474517822
v 11.5416841506958 -1.9480769634246826 5.006951332092285
v 11.120525360107422 -1.6493873596191406 5.01983642578125
v 10.086008071899414 -2.0928447246551514 6.4398932456970215
v 9.610658645629883 -1.8903052806854248 6.553775310516357
v 10.298513412475586 -1.7300550937652588 6.015219688415527
v 9.8429594039917 -1.5075864791870117 6.039067268371582
v 9.17880630493164 -1.626369833946228 6.529470443725586
v 8.768178939819336 -1.3017655611038208 6.502538204193115
v 9.382759094238281 -1.2804760932922363 6.0497894287109375
v 8.942522048950195 -0.9555981159210205 6.0330023765563965
v 10.49657154083252 -1.4609313011169434 5.524853229522705
v 10.024409294128418 -1.280099630355835 5.549578666687012
v 10.686847686767578 -1.358614206314087 5.023645877838135
v 10.217077255249023 -1.1463861465454102 5.050978183746338
v 9.55794620513916 -1.06410551071167 5.560832977294922
v 9.117063522338867 -0.7436233162879944 5.545476913452148
v 9.737174034118652 -0.9427098035812378 5.079925060272217
v 9.29720401763916 -0.6054253578186035 5.066624164581299
v 12.637085914611816 -2.210172176361084 4.454596996307373
v 12.168083190917969 -2.0583996772766113 4.508378982543945
v 12.796311378479004 -2.1155035495758057 3.9452967643737793
v 12.318732261657715 -1.9905405044555664 4.01667594909668
v 11.705094337463379 -1.8813658952713013 4.547084808349609
v 11.28617000579834 -1.5750155448913574 4.559155464172363
v 11.86328125 -1.8077517747879028 4.066305160522461
v 11.447725296020508 -1.5071289539337158 4.0915913581848145
v 12.955269813537598 -2.24759578704834 3.4789223670959473
v 12.947709083557129 -2.2705273628234863 3.037790060043335
v 12.570733070373535 -2.041729211807251 3.114753007888794
v 12.405275344848633 -2.0390000343322754 3.5709261894226074
v 11.988195419311523 -1.7644811868667603 3.604975938796997
v 11.581124305725098 -1.432762861251831 3.623326539993286
v 12.122710227966309 -1.6882619857788086 3.1211555004119873
v 11.708479881286621 -1.367027997970581 3.1462228298187256
v 10.860174179077148 -1.2670395374298096 4.559079647064209
v 10.408099174499512 -0.9937523603439331 4.569418907165527
v 11.022323608398438 -1.1849063634872437 4.103781223297119
v 10.586734771728516 -0.8637461066246033 4.108529567718506
v 9.664011001586914 -0.2983216643333435 4.143421649932861
v 10.862082481384277 -0.7105578184127808 3.207190990447998
v 9.984519958496094 -0.02922806143760681 3.308457374572754
v 6.856157302856445 -1.0042932033538818 6.036466598510742
v 6.4933905601501465 -0.5096862316131592 5.8468804359436035
v 7.1480712890625 -0.7693226337432861 6.2551422119140625
v 6.633328914642334 -0.3969351053237915 5.9245805740356445
v 6.83721923828125 -0.2064121663570404 5.932037830352783
v 8.279873847961426 -1.0415061712265015 6.453438758850098
v 7.783417224884033 -0.8535907864570618 6.349268436431885
v 8.481770515441895 -0.7072324156761169 5.995691299438477
v 8.005094528198242 -0.48426076769828796 5.924834728240967
v 7.512457847595215 -0.23104000091552734 5.850363254547119
v 6.998842716217041 -0.004066303372383118 5.799575328826904
v 8.66615104675293 -0.4383409321308136 5.521017551422119
v 8.199089050292969 -0.1643485426902771 5.481123447418213
v 8.855077743530273 -0.25909623503685 5.0513410568237305
v 8.37331771850586 0.008830934762954712 5.044199466705322
v 7.704615592956543 0.10758422315120697 5.46029806137085
v 7.235044479370117 0.38830795884132385 5.410793781280518
v 7.8956828117370605 0.2968895137310028 5.03367280960083
v 7.448868274688721 0.6587823629379272 5.000105381011963
v 5.519630432128906 -0.1234656274318695 6.057342529296875
v 6.059354305267334 -0.19899573922157288 5.824854850769043
v 5.757279872894287 0.1506820023059845 5.966742038726807
v 5.0141282081604 0.8822622895240784 6.261747360229492
v 5.495927333831787 0.7357204556465149 6.069467544555664
v 6.470309734344482 0.20884549617767334 5.78277063369751
v 6.079262733459473 0.6315827369689941 5.765868663787842
v 5.633490562438965 1.0157719850540161 5.913456916809082
v 5.1896514892578125 1.3407886028289795 5.910909175872803
v 6.782177925109863 0.7194424867630005 5.397802352905273
v 6.313467025756836 1.1001622676849365 5.539150238037109
v 6.998197555541992 1.0616198778152466 5.004696369171143
v 6.5301079750061035 1.4907840490341187 5.151290416717529
v 5.854698657989502 1.4179050922393799 5.538553237915039
v 5.392241954803467 1.7063789367675781 5.480008125305176
v 6.0641303062438965 1.7886936664581299 5.116969585418701
v 5.46679162979126 2.114190101623535 5.031121730804443
v 8.706319808959961 0.3139312267303467 4.1962504386901855
v 8.520153045654297 0.14533251523971558 4.633660316467285
v 8.069192886352539 0.5097694396972656 4.626735210418701
v 7.630771636962891 0.8876113295555115 4.59584903717041
v 8.267342567443848 0.7013614177703857 4.1866984367370605
v 7.8225202560424805 1.0889390707015991 4.160778522491455
v 9.10180377960205 0.7026985883712769 3.3548343181610107
v 8.90130615234375 0.4953412711620331 3.747908353805542
v 8.464391708374023 0.8890235424041748 3.7390637397766113
v 8.017524719238281 1.2784157991409302 3.7159581184387207
v 8.65617847442627 1.0841162204742432 3.34718656539917
v 8.2053861618042 1.4738876819610596 3.3485770225524902
v 5.916928291320801 2.622451066970825 4.213305950164795
v 7.172990798950195 1.2465620040893555 4.636974334716797
v 6.708224773406982 1.689026951789856 4.748228073120117
v 7.330047607421875 1.3991304636001587 4.274447917938232
v 6.896037578582764 1.8852590322494507 4.3043694496154785
v 6.244106292724609 2.107409954071045 4.712288856506348
v 5.635341167449951 2.453425884246826 4.594254016876221
v 6.4246907234191895 2.2694880962371826 4.244932651519775
v 6.289504528045654 2.619464874267578 3.6800782680511475
v 6.27650785446167 2.904921770095825 3.142982244491577
v 7.5259480476379395 1.608337640762329 3.853273630142212
v 7.079157829284668 2.047926425933838 3.8288049697875977
v 7.736127853393555 1.8511492013931274 3.3982086181640625
v 7.266674518585205 2.226914644241333 3.337197780609131
v 6.599149703979492 2.409961700439453 3.754976272583008
v 6.6163010597229 2.6967132091522217 3.231349468231201
v -2.1252074241638184 -2.7907938957214355 3.7691216468811035
v -2.3564770221710205 -3.082057476043701 3.360852003097534
v -1.8501968383789062 -2.199479341506958 4.341808319091797
v -2.2723851203918457 -4.308635234832764 0.8200676441192627
v -2.486163854598999 -4.402289867401123 0.6224288940429688
v -2.9448530673980713 -4.101180553436279 1.0970770120620728
v -2.257661819458008 -3.9788479804992676 1.4165012836456299
v -1.3539351224899292 -3.4883739948272705 2.1328229904174805
v -1.5176230669021606 -3.789949417114258 1.6561496257781982
v -2.813358783721924 -3.8315470218658447 1.6895943880081177
v -2.6643195152282715 -3.6065239906311035 2.228827953338623
v -1.9528781175613403 -3.479544162750244 2.451047658920288
v -2.521672487258911 -3.364905834197998 2.7945492267608643
v -2.2237305641174316 -3.691739797592163 2.016780138015747
v -1.8531365394592285 -4.416842937469482 0.6105741858482361
v -1.7852948904037476 -4.093488693237305 1.1749184131622314
v -1.472752571105957 -4.640670299530029 0.38304272294044495
v -1.1566851139068604 -4.532702922821045 0.7620934247970581
v -0.7199701070785522 -3.873201370239258 1.623958945274353
v -0.9216379523277283 -4.232302665710449 1.2322996854782104
v -1.1765962839126587 -3.1654350757598877 2.622448444366455
v -0.7608155608177185 -2.7522075176239014 2.8653740882873535
v -1.7970513105392456 -3.17811918258667 3.031181812286377
v -1.3243589401245117 -2.8467025756835938 3.3049728870391846
v -1.6092404127120972 -2.8500986099243164 3.4904651641845703
v -0.7063054442405701 -2.3364951610565186 3.3329880237579346
v -1.1755404472351074 -2.431241035461426 3.712534189224243
v -1.1283340454101562 -2.0055432319641113 4.068818092346191
v -1.7733739614486694 -1.940122127532959 4.526779651641846
v -0.5992310047149658 -1.8149168491363525 3.67590594291687
v -0.38103950023651123 -3.0288963317871094 2.2145884037017822
v 0.18470656871795654 -2.589493989944458 1.9823453426361084
v -0.2338848114013672 -2.64845871925354 2.3714261054992676
v -0.18193212151527405 -2.1384096145629883 2.8305437564849854
v -0.11032292991876602 -1.663495659828186 3.2344017028808594
v -0.37126874923706055 -1.7465755939483643 3.472106456756592
v 0.31500643491744995 -1.993325114250183 2.388845920562744
v 0.053339406847953796 -2.062811851501465 2.615689992904663
v 0.396027147769928 -1.5842145681381226 2.842010021209717
v -3.819411039352417 -3.4605047702789307 2.148956775665283
v -5.069903373718262 -3.4794657230377197 1.4702633619308472
v -4.874442100524902 -3.139721632003784 2.3849174976348877
v -3.714050054550171 -3.279874324798584 2.6251330375671387
v -2.828458309173584 -3.2888379096984863 2.9266512393951416
v -3.1455705165863037 -3.3705358505249023 2.6836748123168945
v -3.569406747817993 -3.032865524291992 3.183370590209961
v -4.721044540405273 -2.93587327003479 2.9252748489379883
v -4.589646339416504 -2.65261173248291 3.509585380554199
v -4.356520652770996 -3.315264940261841 2.2035603523254395
v -4.226865768432617 -3.093918800354004 2.794797897338867
v -7.225220203399658 -2.9392101764678955 2.850907564163208
v -6.239438056945801 -2.8119115829467773 2.972482442855835
v -6.658912658691406 -3.0143892765045166 2.573493242263794
v -6.504647731781006 -2.763584852218628 3.098914384841919
v -7.166497707366943 -2.615121603012085 3.408252477645874
v -5.511962890625 -2.3432443141937256 3.830956220626831
v -5.801830768585205 -2.597020149230957 3.393401622772217
v -6.336509704589844 -2.4712142944335938 3.6030054092407227
v -6.8875555992126465 -2.2949728965759277 3.8173320293426514
v -6.140173435211182 -2.128488540649414 4.043784141540527
v -6.759225368499756 -1.8584625720977783 4.224395275115967
v -5.9478631019592285 -2.863025665283203 2.8313357830047607
v -6.2994866371154785 -3.318417549133301 1.713641881942749
v -6.085175514221191 -3.10056734085083 2.2575843334198
v -5.276080131530762 -3.0184004306793213 2.5373287200927734
v -5.262106895446777 -2.7430686950683594 3.155174970626831
v -5.1058502197265625 -2.474529504776001 3.685936450958252
v -2.891433000564575 -2.9349324703216553 3.525385856628418
v -3.4040181636810303 -2.747638702392578 3.693410873413086
v -2.703778028488159 -2.6098170280456543 3.985563278198242
v -3.328848123550415 -2.3708834648132324 4.179300308227539
v -3.6505913734436035 -2.654700994491577 3.7715096473693848
v -4.0899457931518555 -2.824965238571167 3.3799843788146973
v -3.9110655784606934 -2.551673173904419 3.84958815574646
v -4.415966510772705 -2.353107213973999 4.000984191894531
v -3.714653491973877 -2.2127797603607178 4.289730072021484
v -4.214332103729248 -2.0024685859680176 4.427919387817383
v -2.490828037261963 -2.240403413772583 4.387907981872559
v -3.1661980152130127 -1.9703428745269775 4.58654260635376
v -2.2480404376983643 -1.8179043531417847 4.723756790161133
v -2.753415822982788 -1.6199371814727783 4.8762102127075195
v -3.492079257965088 -1.8274110555648804 4.671474456787109
v -3.9812610149383545 -1.6011143922805786 4.787954807281494
v -3.720750570297241 -1.1479824781417847 5.084959506988525
v -5.420416831970215 -1.948775053024292 4.292184829711914
v -4.942845344543457 -1.675091028213501 4.610647678375244
v -5.910930633544922 -1.7250430583953857 4.411431789398193
v -6.382153034210205 -1.4518557786941528 4.4871416091918945
v -5.65020751953125 -1.2679444551467896 4.708052158355713
v -5.077637672424316 -1.3509604930877686 4.782495975494385
v -5.962486743927002 -0.793611466884613 4.741059303283691
v -5.073751926422119 -2.10107684135437 4.203428268432617
v -4.7063446044921875 -1.7823715209960938 4.552967071533203
v -4.459469318389893 -1.3532249927520752 4.880724906921387
v -4.919137477874756 -1.074143886566162 4.931416988372803
v -4.1779985427856445 -0.8637441992759705 5.1306962966918945
v -5.346132278442383 -0.73738032579422 4.90877628326416
v -4.9400739669799805 -0.1368047446012497 4.951823711395264
v -5.134696006774902 0.24699373543262482 4.429582595825195
v -3.4479312896728516 -3.9267289638519287 1.248996615409851
v -3.969714403152466 -3.7220256328582764 1.4361345767974854
v -3.3267931938171387 -3.681715488433838 1.8548119068145752
v -3.3915255069732666 -3.3970158100128174 2.5179269313812256
v -4.807218551635742 0.5329704284667969 4.1212873458862305
v 2.585052013397217 -1.6326696872711182 3.607940912246704
v 2.705153703689575 -1.4358776807785034 4.14411735534668
v 2.144940137863159 -1.5447587966918945 3.5951285362243652
v 2.2654430866241455 -1.3506900072097778 4.149018287658691
v 2.8946878910064697 -1.1763832569122314 4.661606788635254
v 2.4509661197662354 -1.1003170013427734 4.675477504730225
v 1.7174453735351562 -1.3734437227249146 3.6500604152679443
v 1.8287353515625 -1.1990129947662354 4.136048316955566
v 1.4011088609695435 -0.8480592966079712 4.1113457679748535
v 2.001185178756714 -0.9382948875427246 4.664884090423584
v 1.5587575435638428 -0.599628746509552 4.642739295959473
v -1.2061402797698975 -1.37086820602417 4.531006813049316
v -0.6576431393623352 -1.2144136428833008 4.14507532119751
v -0.7329453229904175 -0.6848410964012146 4.490118503570557
v -1.0010167360305786 -0.6958989500999451 4.668862819671631
v -0.8254750967025757 -0.3885316848754883 4.679576873779297
v -0.046398334205150604 -1.1750850677490234 3.6534829139709473
v 0.5517219305038452 -1.2023717164993286 3.26605486869812
v 1.1363939046859741 -1.0276010036468506 3.589871883392334
v 0.7556623816490173 -0.864119827747345 3.6944308280944824
v 0.11034375429153442 -0.7320697903633118 3.9938437938690186
v -0.37893879413604736 -0.6908923983573914 4.271615982055664
v 0.9427746534347534 -0.5600016713142395 4.160007953643799
v 0.4417145848274231 -0.35254883766174316 4.303141117095947
v 1.1196660995483398 -0.2757900655269623 4.646350860595703
v 0.6562190651893616 -0.000330144539475441 4.705784320831299
v 0.08658494055271149 -0.24310804903507233 4.435459136962891
v -0.6348171830177307 -0.059257712215185165 4.729299545288086
v -0.12297013401985168 0.39691072702407837 4.848901271820068
v 0.07950790226459503 0.08033168315887451 4.677968502044678
v 3.099881649017334 -0.9526991248130798 5.309019088745117
v 3.2399888038635254 -0.827864408493042 5.670429706573486
v 2.6144089698791504 -0.9124010801315308 5.207444190979004
v 2.787668466567993 -0.7333031892776489 5.6939849853515625
v 2.223958969116211 -0.5989068746566772 5.2596282958984375
v 2.228438377380371 -0.21973922848701477 5.6101908683776855
v 1.7362722158432007 -0.3230505585670471 5.1416916847229
v 1.950208306312561 0.014324679970741272 5.562484264373779
v 3.4515485763549805 -0.6698890328407288 6.127255916595459
v 3.0157015323638916 -0.3863208293914795 6.115145206451416
v 3.6674625873565674 -0.37448492646217346 6.527462005615234
v 3.1062326431274414 0.21451793611049652 6.3914875984191895
v 2.574985980987549 0.060558512806892395 6.010507583618164
v 2.2108564376831055 0.45678192377090454 5.875277042388916
v 2.898331880569458 0.527868390083313 6.260118007659912
v 1.3105498552322388 0.027879001572728157 5.103414058685303
v 0.8905122876167297 0.3696165680885315 5.072364807128906
v 1.5487987995147705 0.4040270745754242 5.4619550704956055
v 1.1626029014587402 0.8170942068099976 5.347681522369385
v 0.4717884957790375 0.7199645638465881 5.033252716064453
v 0.8183784484863281 1.266173005104065 5.174379348754883
v 0.20888850092887878 1.3352470397949219 4.9153876304626465
v 1.937544822692871 1.0805116891860962 5.673820495605469
v 1.350402593612671 1.136042594909668 5.414628028869629
v -1.9493545293807983 -1.3185197114944458 4.973433017730713
v -2.480501890182495 -1.14516019821167 5.145664691925049
v -3.2198739051818848 -1.3901898860931396 5.005711555480957
v -2.9651758670806885 -0.9114933609962463 5.252307891845703
v -3.4237048625946045 -0.6310537457466125 5.300365924835205
v -2.5294361114501953 -0.3784116804599762 5.3584442138671875
v -2.9905123710632324 -0.035353343933820724 5.3507232666015625
v -4.534228801727295 -0.401630699634552 5.11723518371582
v -3.911552667617798 -0.3989129066467285 5.2541937828063965
v -3.556185483932495 0.22189703583717346 5.220220565795898
v -4.239103317260742 0.29953309893608093 5.006350994110107
v -4.615081310272217 0.38063809275627136 4.753263473510742
v -1.6027792692184448 -0.6779025197029114 5.035460948944092
v -2.191833257675171 -0.6426923274993896 5.261943340301514
v -1.8518962860107422 -0.048154182732105255 5.175399303436279
v -1.0718095302581787 0.06802822649478912 4.895232677459717
v -1.590580701828003 0.41018494963645935 5.016692638397217
v -2.2697458267211914 0.2995131015777588 5.196749210357666
v -2.740034580230713 0.5614583492279053 5.122060298919678
v -2.21325945854187 0.9158031344413757 4.869079113006592
v -2.4842522144317627 1.0048757791519165 4.786659240722656
v -2.0757524967193604 0.6422509551048279 5.023496150970459
v -0.7176586389541626 0.8186271786689758 4.833806991577148
v -1.0705307722091675 1.2901451587677002 4.629613399505615
v -1.7104634046554565 1.2404911518096924 4.590811729431152
v -2.2179434299468994 1.385400652885437 4.380406379699707
v -1.1539822816848755 1.5961438417434692 4.37645959854126
v -1.4566898345947266 1.6427110433578491 4.249239444732666
v -2.0023794174194336 1.6711490154266357 3.9817967414855957
v -3.3821487426757812 0.6625348329544067 4.988311290740967
v -3.766474962234497 0.7847927808761597 4.709599494934082
v -3.214660882949829 1.0774328708648682 4.454699516296387
v -3.452332019805908 1.0577349662780762 4.310516834259033
v -4.1375627517700195 0.7636600136756897 4.487270832061768
v -3.8835694789886475 1.0170044898986816 4.040299415588379
v -4.48063325881958 0.8218806982040405 3.6493778228759766
v -2.9859910011291504 1.0842593908309937 4.58083438873291
v -2.967275857925415 1.343708872795105 4.009836196899414
v -3.1591219902038574 1.3207582235336304 3.887925863265991
v -2.8101487159729004 1.5622172355651855 3.523216724395752
v -4.1304779052734375 1.1279500722885132 3.2671029567718506
v -3.584754228591919 1.3172568082809448 3.520864486694336
v -3.8224434852600098 1.4235737323760986 2.8840837478637695
v -3.344635248184204 1.5023468732833862 3.1913444995880127
v -2.6935057640075684 1.365492343902588 4.173040390014648
v -2.419917345046997 1.6182576417922974 3.7617340087890625
v -0.24476799368858337 1.4043163061141968 4.735018730163574
v -0.9077433943748474 1.5511651039123535 4.4718217849731445
v -0.34539157152175903 -5.26635217666626 -0.46837523579597473
v -0.8659061193466187 -5.096351146697998 -0.05708177760243416
v -0.17266537249088287 -5.0896992683410645 -0.09178517758846283
v -0.4978920817375183 -4.9491353034973145 0.23672086000442505
v 0.1154521256685257 -4.983660697937012 -0.7337487936019897
v 0.22747789323329926 -5.022386074066162 -0.37739184498786926
v -0.01561418455094099 -4.7210798263549805 0.31657159328460693
v -0.29447224736213684 -4.581238269805908 0.6605972647666931
v 0.21280363202095032 -4.125990867614746 0.7246303558349609
v -0.06431856006383896 -4.059935569763184 1.058149814605713
v 0.3055882453918457 -4.948753356933594 -0.12612183392047882
v 0.4086136817932129 -4.712764739990234 0.17271070182323456
v 0.8847252726554871 -4.212109565734863 -1.1416378021240234
v 0.5298378467559814 -4.574457168579102 -0.9735379815101624
v 0.5851098299026489 -4.708619594573975 -0.7782325744628906
v 1.1499241590499878 -4.570051193237305 -0.8821789622306824
v 1.3329823017120361 -5.131296157836914 -0.4430727958679199
v 0.7125622034072876 -4.944954872131348 -0.45046791434288025
v 0.8228948712348938 -4.957632541656494 0.023275911808013916
v 0.4858030080795288 -3.390648603439331 1.136789083480835
v 0.10417477786540985 -3.3772759437561035 1.4920861721038818
v 0.7485607266426086 -2.6089529991149902 1.541025161743164
v 0.49091026186943054 -2.5791947841644287 1.7343096733093262
v 0.6902288198471069 -4.1537675857543945 0.6838928461074829
v 1.1312382221221924 -3.9633405208587646 1.0221493244171143
v 0.8619382977485657 -3.3409743309020996 1.2312606573104858
v 1.6565206050872803 -3.7847297191619873 1.405633568763733
v 2.218236207962036 -3.7253670692443848 1.6799532175064087
v 2.426767110824585 -2.909771203994751 2.3103671073913574
v 0.9999533295631409 -2.116821050643921 1.9343948364257812
v 0.7183709144592285 -2.0292539596557617 2.102294921875
v 1.3348935842514038 -2.1571388244628906 2.3099069595336914
v 0.9103203415870667 -1.6326539516448975 2.548776865005493
v 1.286089539527893 -2.8066744804382324 1.699294090270996
v 1.4887025356292725 -4.990814685821533 0.573550820350647
v 1.6236809492111206 -5.500980854034424 -0.12523868680000305
v 1.1770752668380737 -5.2193379402160645 0.05160146579146385
v 2.0167574882507324 -5.526744842529297 0.19171011447906494
v 1.0635651350021362 -4.654133319854736 0.4581110179424286
v 2.664801597595215 -4.602602005004883 1.1309630870819092
v 2.19602108001709 -5.062011241912842 0.6545621752738953
v 2.0098066329956055 -4.567071914672852 1.0627095699310303
v 1.6357228755950928 -3.7624454498291016 -1.3785455226898193
v 1.6765307188034058 -4.212217330932617 -1.1975274085998535
v 1.2499920129776 -4.815053462982178 -0.6946329474449158
v 1.836560845375061 -4.730739116668701 -0.901918351650238
v 2.043767213821411 -5.737504959106445 -0.2325975000858307
v 1.951667308807373 -5.381255149841309 -0.5374196767807007
v 2.3779449462890625 -2.407994270324707 2.7670390605926514
v 2.6235122680664062 -2.0688278675079346 3.146167039871216
v 1.9074221849441528 -2.59236478805542 2.328632354736328
v 2.2091224193573 -1.9710859060287476 3.081040143966675
v 1.6139899492263794 -1.7852460145950317 2.9441325664520264
v 1.0886688232421875 -1.3468718528747559 3.0440728664398193
v 2.583251714706421 1.052290678024292 5.986983776092529
v 0.5624880194664001 1.8550115823745728 4.734765529632568
v 0.6671367287635803 2.1533684730529785 4.4593281745910645
v 1.5655291080474854 1.6587591171264648 5.22555685043335
v 2.3606443405151367 1.6393098831176758 5.503921031951904
v 2.568049430847168 2.0893714427948 5.113973140716553
v 1.925168514251709 2.1851274967193604 4.821355819702148
v 1.112658977508545 1.819871187210083 4.9521918296813965
v 1.6223214864730835 2.20279860496521 4.716664791107178
v 1.3098387718200684 2.199652671813965 4.6125335693359375
v 2.7612366676330566 2.4087576866149902 4.690257549285889
v 2.1090738773345947 2.500870943069458 4.402479648590088
v 2.9300174713134766 2.661247968673706 4.216814994812012
v 2.0532684326171875 2.7255475521087646 3.8389718532562256
v 1.8137494325637817 2.528991222381592 4.280799388885498
v 1.5144726037979126 2.4865589141845703 4.175319671630859
v 0.91070157289505 2.428021192550659 3.8905203342437744
v 1.7105463743209839 2.6554083824157715 3.695744037628174
v 1.077415108680725 2.5877230167388916 3.428642988204956
v 4.013487815856934 3.491462469100952 2.6673989295959473
v 2.632157325744629 3.0213706493377686 2.9968435764312744
v 1.4994707107543945 2.9624204635620117 2.5560030937194824
v 3.0131783485412598 3.442983865737915 2.067178726196289
v 1.775312066078186 3.371994972229004 1.6721177101135254
v -1.1283104419708252 1.9084025621414185 3.9192464351654053
v -1.7004358768463135 1.8400264978408813 3.6204235553741455
v -1.0885032415390015 2.0094401836395264 3.6880900859832764
v -1.4468188285827637 2.0338497161865234 3.2598702907562256
v -0.8556962609291077 2.47817063331604 2.6050713062286377
v -2.5266828536987305 1.7474726438522339 2.9781415462493896
v -3.250704526901245 1.7624636888504028 2.17252779006958
v -2.3964455127716064 1.8615176677703857 2.7090017795562744
v -2.2502572536468506 2.2105469703674316 1.7827588319778442
v -2.6997122764587402 2.1416447162628174 1.4863369464874268
v -1.8067426681518555 2.286085605621338 2.0498721599578857
v -0.2083597481250763 1.6820292472839355 4.554949760437012
v -0.6421489119529724 1.917302131652832 4.130232334136963
v -0.14502279460430145 1.9144864082336426 4.361670970916748
v -0.1357114017009735 2.1541996002197266 3.8835830688476562
v -0.4087623357772827 2.1309621334075928 3.7546355724334717
v 0.16110527515411377 2.1907246112823486 4.030227184295654
v -0.029416823759675026 2.3571293354034424 3.453589677810669
v 0.377069890499115 2.383655548095703 3.637336254119873
v 0.05683360993862152 2.5390875339508057 3.0056724548339844
v 0.5902363061904907 2.55444073677063 3.2207531929016113
v -0.8095104098320007 2.5742132663726807 2.3527839183807373
v -2.123178720474243 2.6259965896606445 0.8461760878562927
v -0.6685546636581421 2.8348352909088135 1.7107945680618286
v -1.3185821771621704 2.7255632877349854 1.3524236679077148
v -2.0047576427459717 2.809298276901245 0.5461992621421814
v -0.42155343294143677 3.258970260620117 0.831162691116333
v -0.8875000476837158 3.1992502212524414 0.5875011086463928
v -1.7299885749816895 3.175469398498535 0.10664869844913483
v 0.48222482204437256 2.928338050842285 2.1999974250793457
v -0.4806598424911499 2.8675856590270996 1.807616949081421
v 0.8906393051147461 3.3629748821258545 1.3777402639389038
v -0.07692239433526993 3.3180949687957764 1.0016874074935913
v -7.514419078826904 -2.881882905960083 2.9981915950775146
v -7.775454521179199 -2.8013429641723633 3.1048548221588135
v -8.256796836853027 -2.5455362796783447 3.20363712310791
v -7.583003997802734 -2.4602603912353516 3.55441951751709
v -8.039667129516602 -2.1625218391418457 3.597912549972534
v -8.69111156463623 -1.9750195741653442 2.9826102256774902
v -8.415291786193848 -1.7292829751968384 3.333967685699463
v -8.888802528381348 -1.5072742700576782 2.4237849712371826
v -8.470656394958496 -1.2506189346313477 2.9434828758239746
v -7.362791538238525 -2.072042465209961 3.941864013671875
v -7.789740085601807 -1.7240931987762451 3.9190049171447754
v -7.32588529586792 -1.4256967306137085 4.21725606918335
v -7.600306987762451 -1.4108619689941406 4.075613498687744
v -7.959284782409668 -1.4749870300292969 3.8034403324127197
v -8.0685453414917 -1.233689546585083 3.5637521743774414
v -8.092255592346191 -1.0620800256729126 3.3538448810577393
v -7.660808563232422 -0.8894082903862 3.7648580074310303
v -7.858938217163086 -0.9658751487731934 3.5809390544891357
v -8.433095932006836 -0.9961420893669128 2.445513963699341
v -7.95842981338501 -0.8146443963050842 2.9068729877471924
v -7.511335849761963 -0.6671303510665894 3.430736541748047
v -7.684204578399658 -0.641011118888855 2.4605660438537598
v -7.934615135192871 -0.7440761923789978 2.222428560256958
v -7.230413436889648 -0.45734813809394836 2.8712894916534424
v -8.738883972167969 -1.1665173768997192 2.0866146087646484
v -8.502325057983398 -0.9915961623191833 1.6403497457504272
v -7.0448126792907715 -1.5147769451141357 4.314527988433838
v -6.8082075119018555 -1.1615135669708252 4.462050437927246
v -7.116325378417969 -0.7610087394714355 4.180914402008057
v -6.4340081214904785 -0.7360268831253052 4.558665752410889
v -6.43630313873291 -0.33683064579963684 4.142233848571777
v -6.702020645141602 -0.3977869153022766 3.959641695022583
v -6.20578145980835 -0.07868356257677078 3.6955111026763916
v -7.009930610656738 -0.4836413264274597 3.7292561531066895
v -6.743973255157471 -0.26606285572052 3.282947063446045
v -7.014063835144043 -0.36962974071502686 3.059373140335083
v -5.635000705718994 -0.28988441824913025 4.705956935882568
v -6.101807594299316 -0.264140248298645 4.3615031242370605
v -5.620766639709473 0.1068168506026268 4.109014987945557
v -6.9626545906066895 -0.25263577699661255 2.4248456954956055
v -7.422949314117432 -0.4356127083301544 1.981738805770874
v -6.7139363288879395 -0.07134105265140533 1.9781955480575562
v -7.174397945404053 -0.267179399728775 1.5672281980514526
v -6.4184746742248535 0.18698322772979736 1.4194962978363037
v -8.245808601379395 -0.817578136920929 1.194208025932312
v -7.85160493850708 -0.6321823596954346 1.603942632675171
v -8.107193946838379 -0.6743394732475281 0.6422099471092224
v -7.601100444793701 -0.4477393627166748 1.1573625802993774
v -7.157463550567627 -0.0978405699133873 0.26288896799087524
v -5.956585884094238 0.12571515142917633 3.279103994369507
v -6.612888813018799 -0.11810148507356644 2.719996213912964
v -6.217644214630127 0.13715806603431702 2.3898699283599854
v -5.483456134796143 0.2484918087720871 3.8527398109436035
v -5.566633224487305 0.3984784185886383 2.8875105381011963
v -4.985047340393066 0.6315917372703552 3.3084232807159424
v -5.223782539367676 0.8704113960266113 1.9103513956069946
v -6.101271152496338 0.43747085332870483 1.211724042892456
v -4.053384304046631 1.3511321544647217 2.7348577976226807
v -4.851027011871338 1.0445897579193115 2.1854259967803955
v -6.923282146453857 0.22784768044948578 -0.8159102201461792
v -5.801478862762451 0.888257622718811 0.19264492392539978
v -6.565464019775391 0.5871905088424683 -0.9860286116600037
v -6.330441951751709 1.1739897727966309 -1.600075364112854
v -5.419833660125732 1.314440131187439 -0.7364957928657532
v -6.062526226043701 1.2239670753479004 -1.3493374586105347
v -4.843530654907227 1.2556793689727783 1.0175197124481201
v -5.35360050201416 1.071817398071289 0.5943679213523865
v -3.7453956604003906 1.6516075134277344 1.8445948362350464
v -4.22691011428833 1.4777958393096924 1.494720458984375
v -4.471887588500977 1.5879688262939453 0.1249694898724556
v -4.719428062438965 1.4895631074905396 -0.085324227809906
v -3.438899278640747 2.011916160583496 0.9511878490447998
v -3.6538140773773193 1.918603539466858 0.7838837504386902
v -6.090230941772461 1.823051929473877 -2.603367328643799
v -5.151970863342285 2.0845048427581787 -1.8054789304733276
v -5.36379337310791 2.0229849815368652 -1.9930185079574585
v -5.930760383605957 2.0295982360839844 -3.687957525253296
v -6.511638164520264 1.8548176288604736 -4.157816410064697
v -5.05762243270874 2.2595951557159424 -2.4118099212646484
v -4.851517200469971 2.417262315750122 -2.8088159561157227
v -4.231205940246582 2.1527109146118164 -0.7203790545463562
v -3.2443599700927734 2.3329849243164062 0.27985236048698425
v -3.1292247772216797 3.245112419128418 -1.1242338418960571
v -3.646397352218628 3.0337045192718506 -1.6698064804077148
v -4.078072547912598 2.798600196838379 -2.106968879699707
v -3.1997227668762207 2.4588942527770996 0.05868731811642647
v -1.943542242050171 3.231703519821167 -0.054297398775815964
v 3.354048728942871 0.18806135654449463 6.516714096069336
v 3.9044957160949707 0.026846349239349365 6.66820764541626
v 4.260689735412598 0.6682565212249756 6.554136276245117
v 3.61537504196167 0.6691845655441284 6.51460075378418
v 3.5064473152160645 0.9218437075614929 6.3658766746521
v 3.171447277069092 1.0019928216934204 6.222830772399902
v 4.5007781982421875 1.1198158264160156 6.253814220428467
v 3.9793505668640137 1.3131661415100098 6.1217360496521
v 4.882752895355225 1.5115883350372314 5.873449325561523
v 4.168388843536377 1.728597640991211 5.745969295501709
v 2.839085817337036 1.579554796218872 5.728946685791016
v 3.4281065464019775 1.480985403060913 5.937428951263428
v 3.0644054412841797 2.0160341262817383 5.340049743652344
v 3.5776662826538086 1.8932745456695557 5.552942752838135
v 5.102481842041016 1.8623038530349731 5.434678554534912
v 4.354284286499023 2.1263933181762695 5.3182477951049805
v 5.06874418258667 2.276815176010132 4.9764604568481445
v 4.537774085998535 2.4595046043395996 4.8464131355285645
v 3.258053779602051 2.3792951107025146 4.892983913421631
v 3.771174192428589 2.3027243614196777 5.104029655456543
v 3.9427330493927 2.5197911262512207 4.813406944274902
v 3.426074981689453 2.6286461353302 4.423905372619629
v 5.249953269958496 2.6026179790496826 4.494650363922119
v 4.700779914855957 2.7317636013031006 4.360743045806885
v 5.419612884521484 2.878110885620117 4.001381874084473
v 4.86479377746582 2.9836268424987793 3.8663394451141357
v 4.310797214508057 2.822999954223633 4.22209358215332
v 3.5919413566589355 2.8723628520965576 3.9350171089172363
v 4.622185230255127 3.043658494949341 3.78065824508667
v 4.325954437255859 3.0994136333465576 3.6671905517578125
v 3.5462703704833984 3.1265342235565186 3.3679726123809814
v 5.581781387329102 3.031165361404419 3.4972984790802
v 5.221545696258545 3.332592487335205 2.8754520416259766
v 5.026417255401611 3.283233165740967 3.230592966079712
v 5.725283622741699 3.124876022338867 3.0228748321533203
v 4.471560478210449 3.283341884613037 3.1654889583587646
v 3.912468671798706 3.3471388816833496 2.9511992931365967
v 4.634889602661133 3.52781343460083 2.660827159881592
v 1.8623204231262207 -6.144324779510498 -6.104027271270752
v 2.0676381587982178 -6.0669755935668945 -7.1209330558776855
v 2.2471916675567627 -5.887426853179932 -7.792487144470215
v 7.334653377532959 -4.842751979827881 -3.6348588466644287
v 7.0645670890808105 -4.855769157409668 -3.6592836380004883
v 6.993254661560059 -4.78415584564209 -3.3878397941589355
v 7.773813724517822 -4.908158302307129 -3.999927282333374
v 7.354799747467041 -5.055189609527588 -4.5928874015808105
v 8.200034141540527 -5.021214962005615 -4.453394412994385
v 7.881511211395264 -5.015859127044678 -4.501574516296387
v 2.2998921871185303 -5.006480693817139 -2.8436577320098877
v 1.911010503768921 -5.240033149719238 -3.3852622509002686
v 1.6950855255126953 -5.326886177062988 -3.520049810409546
v 1.6632643938064575 -5.176791191101074 -3.235656499862671
v 2.382568359375 -5.0717620849609375 -3.0615241527557373
v 1.7433568239212036 -5.567506790161133 -3.9911534786224365
v 1.7409741878509521 -5.907752513885498 -4.820743083953857
v 2.197053909301758 -5.650022983551025 -4.36561918258667
v 2.4018044471740723 -5.301103591918945 -3.601166248321533
v 2.8543851375579834 -5.13468074798584 -3.3607406616210938
v 2.556464910507202 -5.383476257324219 -3.866868495941162
v 3.307737112045288 -5.104312896728516 -3.58113431930542
v 5.508256912231445 -4.737159252166748 -2.5504395961761475
v 5.299514293670654 -4.847890853881836 -2.397116184234619
v 4.5939812660217285 -4.95626974105835 -2.4713921546936035
v 4.048086643218994 -4.9989118576049805 -2.5476343631744385
v 4.762876510620117 -4.858171463012695 -2.594290018081665
v 4.540335178375244 -4.771760940551758 -3.195547103881836
v 4.462178707122803 -4.782840728759766 -3.0522472858428955
v 5.546234607696533 -4.661718845367432 -2.7826926708221436
v 6.334463596343994 -4.6906938552856445 -3.0016629695892334
v 6.131597995758057 -4.664222717285156 -2.800846815109253
v 5.065318584442139 -4.717391490936279 -2.8386552333831787
v 5.6120285987854 -4.640434741973877 -3.050065755844116
v 5.118073463439941 -4.685417652130127 -3.105030059814453
v 3.721323013305664 -5.008839130401611 -2.5862112045288086
v 3.4672160148620605 -5.014505863189697 -2.623051881790161
v 3.3298187255859375 -5.073731422424316 -2.429255723953247
v 3.0412087440490723 -5.008847236633301 -2.9481992721557617
v 2.9242918491363525 -5.008089542388916 -2.762769937515259
v 4.019532680511475 -4.9100141525268555 -2.754180908203125
v 3.629185914993286 -4.952920436859131 -2.820523500442505
v 3.526215076446533 -4.966692924499512 -3.12178897857666
v 3.1776227951049805 -5.044299602508545 -3.2319815158843994
v 3.7894227504730225 -4.913200855255127 -3.052288055419922
v 3.8509085178375244 -4.928792476654053 -3.366541624069214
v 2.0932211875915527 -5.929657459259033 -5.255647659301758
v 2.6833558082580566 -5.577813148498535 -4.5873122215271
v 2.373814821243286 -5.8991804122924805 -5.733269214630127
v 3.507948637008667 -5.129735946655273 -3.951063632965088
v 3.7998552322387695 -5.095766067504883 -4.313527584075928
v 3.577666759490967 -5.200108528137207 -4.463354587554932
v 2.972841501235962 -5.405368804931641 -4.319294452667236
v 3.257235527038574 -5.369990348815918 -4.723455905914307
v 2.6282942295074463 -5.808327674865723 -6.257862091064453
v 2.955059289932251 -5.6241135597229 -5.81162691116333
v 2.818847417831421 -5.63953161239624 -5.217540740966797
v 2.860515594482422 -5.653242588043213 -6.83162260055542
v 3.1164135932922363 -5.526226997375488 -6.4678053855896
v 4.105013370513916 -5.047382354736328 -4.750984191894531
v 4.468517303466797 -4.972416400909424 -5.221381664276123
v 3.6282665729522705 -5.248527526855469 -5.093583106994629
v 3.893400192260742 -5.14271879196167 -5.605287551879883
v 5.137928009033203 -4.713612079620361 -3.4404361248016357
v 4.681928634643555 -4.784054756164551 -3.521514415740967
v 5.408482551574707 -4.7506842613220215 -3.761322021484375
v 4.8199944496154785 -4.827000141143799 -3.92875075340271
v 5.980676651000977 -4.7349534034729 -3.353416681289673
v 5.750486850738525 -4.676846981048584 -3.1977927684783936
v 6.377335071563721 -4.75786828994751 -3.3279597759246826
v 5.931519031524658 -4.820961952209473 -3.7526493072509766
v 6.612349987030029 -5.07279109954834 -4.716734886169434
v 6.158876895904541 -5.041194915771484 -4.789294719696045
v 6.021881580352783 -4.944523334503174 -4.273089408874512
v 5.503495216369629 -4.872176647186279 -4.308189868927002
v 5.3948445320129395 -4.911509990692139 -4.9228997230529785
v 5.083761692047119 -4.914273738861084 -4.99141788482666
v 4.941845417022705 -4.8834075927734375 -4.442394256591797
v 7.169089317321777 -4.966884613037109 -4.099223613739014
v 6.600534915924072 -4.973252296447754 -4.169212341308594
v 6.480778694152832 -4.862051486968994 -3.7221524715423584
v 4.015252590179443 -4.90953254699707 -3.507847785949707
v 4.516206741333008 -4.8771514892578125 -3.996628999710083
v 4.2234086990356445 -4.947272300720215 -4.099424839019775
v 4.3732194900512695 -4.971511363983154 -4.6102752685546875
v 2.6388401985168457 -5.574106216430664 -8.132122039794922
v 2.4434478282928467 -5.62186861038208 -8.461356163024902
v 2.748445749282837 -5.151163101196289 -8.987835884094238
v 7.911742687225342 -5.079640865325928 -5.038444519042969
v 7.412478446960449 -5.110628128051758 -5.160465240478516
v 8.510490417480469 -5.0558881759643555 -4.894204139709473
v 8.190154075622559 -5.072237014770508 -5.529842853546143
v 7.574645042419434 -5.075522422790527 -5.724330902099609
v 8.85123062133789 -4.998817443847656 -5.303954124450684
v 8.323810577392578 -4.981051921844482 -6.045833110809326
v 7.786072254180908 -4.985856533050537 -6.250804901123047
v 8.82515811920166 -4.905787944793701 -5.800518989562988
v 8.231681823730469 -4.781955242156982 -6.604888439178467
v 8.795642852783203 -4.689438819885254 -6.361424922943115
v 8.611907005310059 -4.35228157043457 -6.8329596519470215
v 3.069110155105591 -5.427872180938721 -7.455868244171143
v 3.512962818145752 -5.238783359527588 -6.838489055633545
v 3.300769567489624 -5.332034111022949 -7.120884895324707
v 3.214622735977173 -5.100388050079346 -8.128561019897461
v 3.5384182929992676 -4.995535850524902 -7.667587757110596
v 4.689886569976807 -4.87664270401001 -5.7967000007629395
v 4.888988018035889 -4.6729631423950195 -6.426872253417969
v 4.06749963760376 -5.014279842376709 -6.242646217346191
v 4.27799129486084 -4.760561466217041 -6.845424175262451
v 3.2331535816192627 -4.510906219482422 -8.99882984161377
v 3.7124650478363037 -4.723208427429199 -7.903785228729248
v 3.5969431400299072 -3.817131757736206 -9.171046257019043
v 4.927900791168213 -4.326445579528809 -7.117044925689697
v 4.549103736877441 -4.355058670043945 -7.370092868804932
v 4.79471492767334 -3.8710482120513916 -7.871339321136475
v 4.236119747161865 -4.404609680175781 -7.636377811431885
v 4.231115341186523 -3.895836591720581 -8.347851753234863
v 6.778639793395996 -5.113706111907959 -5.026839733123779
v 6.292966365814209 -5.076691627502441 -5.396085262298584
v 7.265413284301758 -5.0785088539123535 -5.803632736206055
v 7.008049488067627 -5.070754528045654 -5.870972156524658
v 6.4685750007629395 -5.006042957305908 -5.992442607879639
v 5.722344875335693 -4.978190898895264 -5.304777145385742
v 5.248118877410889 -4.8602471351623535 -5.6110968589782715
v 6.048768997192383 -4.908447265625 -6.076355457305908
v 5.431186676025391 -4.727578639984131 -6.227975368499756
v 7.408566474914551 -4.934484481811523 -6.354853630065918
v 6.693775653839111 -4.8193230628967285 -6.53788948059082
v 7.381991863250732 -4.790980815887451 -6.682209491729736
v 7.289058685302734 -4.6425065994262695 -6.9063639640808105
v 7.104339122772217 -4.434821605682373 -7.133580207824707
v 6.167703151702881 -4.6792144775390625 -6.635343551635742
v 5.6689324378967285 -4.501978874206543 -6.785469055175781
v 6.459516525268555 -4.386363506317139 -7.112367153167725
v 5.877053260803223 -4.179985046386719 -7.264908790588379
v 5.436189651489258 -4.0038862228393555 -7.479411602020264
v 3.9890387058258057 -3.332956552505493 -9.171083450317383
v 4.288591384887695 -2.9840128421783447 -9.154638290405273
v 6.582982063293457 -3.9733307361602783 -7.50321626663208
v 6.312782287597656 -3.867493152618408 -7.592038154602051
v 7.856351852416992 -4.367480278015137 -7.129683494567871
v 7.3235249519348145 -4.231495380401611 -7.293557643890381
v 7.531045436859131 -4.032729148864746 -7.3903093338012695
v 8.363811492919922 -3.860265016555786 -7.1460137367248535
v 8.06484603881836 -3.840210199356079 -7.29706335067749
v 7.779458045959473 -3.7875406742095947 -7.413058757781982
v 7.205239295959473 -3.6793370246887207 -7.602395057678223
v 6.8309125900268555 -3.4725465774536133 -7.7612714767456055
v 7.497426509857178 -3.3858861923217773 -7.615443706512451
v 7.100014686584473 -3.0833966732025146 -7.817902565002441
v 5.586822986602783 -3.864044427871704 -7.63724946975708
v 5.259468078613281 -3.450579881668091 -8.12324047088623
v 5.798986911773682 -3.662292242050171 -7.80966854095459
v 6.007752895355225 -3.460439920425415 -7.918177127838135
v 4.588469982147217 -3.331911325454712 -8.620019912719727
v 4.940985202789307 -3.019824504852295 -8.641961097717285
v 4.609964370727539 -2.606903314590454 -9.132476806640625
v 5.57694149017334 -3.0104949474334717 -8.337491989135742
v 5.1573967933654785 -2.837484836578369 -8.647785186767578
v 6.243214130401611 -3.2281386852264404 -7.999073028564453
v 4.916568756103516 -2.319891929626465 -9.062399864196777
v 5.97541618347168 -2.8079307079315186 -8.278606414794922
v 6.686729907989502 -2.8210134506225586 -7.999009609222412
v 5.587687015533447 -2.471437931060791 -8.58466911315918
v 6.206937789916992 -2.4503352642059326 -8.248531341552734
v 5.836873531341553 -2.2616870403289795 -8.467132568359375
v 5.231540203094482 -2.0773210525512695 -8.897485733032227
v 5.464576721191406 -1.8920425176620483 -8.751126289367676
v -2.3318397998809814 -7.996413707733154 -10.373509407043457
v -2.3760008811950684 -8.068402290344238 -9.876618385314941
v -1.9034825563430786 -7.747485637664795 -10.762264251708984
v -2.200472354888916 -7.755211353302002 -11.291202545166016
v -1.6614675521850586 -7.442739486694336 -11.406513214111328
v -3.7799463272094727 -8.178803443908691 -11.410500526428223
v -3.3493897914886475 -7.970501899719238 -12.056217193603516
v -3.6628997325897217 -7.910134792327881 -12.439371109008789
v -4.653064727783203 -7.9427947998046875 -12.23613452911377
v -4.894575119018555 -7.867166519165039 -12.323101997375488
v -4.9508056640625 -7.959417343139648 -12.015527725219727
v -4.357468605041504 -8.020829200744629 -12.118642807006836
v -4.215902328491211 -7.831148624420166 -12.639005661010742
v -4.753763675689697 -7.632305145263672 -12.880544662475586
v -3.131282091140747 -8.215033531188965 -10.517007827758789
v -2.4926326274871826 -8.12654972076416 -9.429553031921387
v -2.7449002265930176 -8.017467498779297 -11.085609436035156
v -3.031158685684204 -8.008405685424805 -11.562817573547363
v -2.967850685119629 -7.675710678100586 -12.568349838256836
v -3.5015499591827393 -7.6397504806518555 -12.957687377929688
v -2.692686080932617 -7.327357769012451 -13.05729866027832
v -3.303633451461792 -7.304309368133545 -13.404899597167969
v -3.961230516433716 -7.544009685516357 -13.159720420837402
v -4.576699733734131 -7.333507061004639 -13.36780071258545
v -3.6727566719055176 -7.226256370544434 -13.566207885742188
v -4.373784065246582 -6.989096641540527 -13.805213928222656
v -2.4482297897338867 -7.743017196655273 -11.714016914367676
v -2.216034412384033 -7.39282751083374 -12.374958992004395
v -1.4738274812698364 -7.06643009185791 -12.083793640136719
v -1.3263275623321533 -6.622064590454102 -12.79235553741455
v -1.5819313526153564 -6.563164234161377 -13.242151260375977
v -1.3246550559997559 -6.06921911239624 -13.706171035766602
v -1.1901764869689941 -5.8249335289001465 -13.87729549407959
v -2.691755533218384 -6.956573486328125 -13.595309257507324
v -3.0791850090026855 -6.921703338623047 -13.800600051879883
v -2.7227890491485596 -6.514770984649658 -14.098918914794922
v -4.153354644775391 -6.6135406494140625 -14.208671569824219
v -3.5638084411621094 -6.739563465118408 -14.0849609375
v -3.5565857887268066 -6.3341474533081055 -14.460051536560059
v -3.9151992797851562 -6.206961154937744 -14.577969551086426
v -1.8172993659973145 -7.017144680023193 -12.698854446411133
v -1.920088768005371 -6.525793552398682 -13.62745189666748
v -2.230882167816162 -6.539422988891602 -13.82337474822998
v -2.583573341369629 -6.050114631652832 -14.483363151550293
v -3.666184902191162 -5.758388996124268 -14.909407615661621
v -3.134071111679077 -5.9440717697143555 -14.731912612915039
v -3.37447452545166 -5.280323028564453 -15.192511558532715
v -1.8501486778259277 -6.0890374183654785 -14.074397087097168
v -1.838965892791748 -5.868136405944824 -14.283590316772461
v -2.287191152572632 -5.564861297607422 -14.758221626281738
v -1.1691938638687134 -5.588079929351807 -14.1079740524292
v -1.6880972385406494 -5.609247207641602 -14.433952331542969
v -5.954400062561035 -6.984337329864502 -13.107118606567383
v -6.238926887512207 -6.943646430969238 -12.948501586914062
v -6.630541801452637 -6.538583278656006 -13.173929214477539
v -5.577785015106201 -6.894028663635254 -13.449461936950684
v -5.47787618637085 -6.724714756011963 -13.673124313354492
v -5.99830436706543 -6.538147926330566 -13.615232467651367
v -6.45162296295166 -6.236745834350586 -13.65786361694336
v -5.361797332763672 -6.459747791290283 -13.99444580078125
v -5.7980146408081055 -6.197659015655518 -14.05669116973877
v -6.254711627960205 -5.902853012084961 -14.106816291809082
v -7.07125997543335 -6.21459436416626 -13.191754341125488
v -7.502406597137451 -5.8734025955200195 -13.190901756286621
v -7.9648823738098145 -5.583649635314941 -12.99979019165039
v -8.150372505187988 -5.292172431945801 -13.1378812789917
v -6.897047996520996 -5.920952320098877 -13.684774398803711
v -7.333517551422119 -5.589382171630859 -13.694890022277832
v -6.70367431640625 -5.593381881713867 -14.141134262084961
v -7.14372444152832 -5.267858505249023 -14.157867431640625
v -7.756954669952393 -5.2345733642578125 -13.679170608520508
v -8.16430950164795 -4.851174831390381 -13.632007598876953
v -8.275456428527832 -5.038102626800537 -13.283465385437012
v -7.571261882781982 -4.920104503631592 -14.149866104125977
v -7.982820987701416 -4.5440263748168945 -14.110833168029785
v -5.400648593902588 -7.658708095550537 -12.467604637145996
v -5.88101863861084 -7.404654026031494 -12.562045097351074
v -5.247769355773926 -7.4028520584106445 -13.002079010009766
v -5.719429969787598 -7.133199214935303 -13.079510688781738
v -6.340916156768799 -7.11458683013916 -12.616997718811035
v -6.742637634277344 -6.7264814376831055 -12.799958229064941
v -5.063641548156738 -7.091671943664551 -13.47581958770752
v -4.862278938293457 -6.749332904815674 -13.915376663208008
v -7.189610004425049 -6.412590503692627 -12.77828311920166
v -7.595090389251709 -6.028238773345947 -12.849367141723633
v -8.066359519958496 -5.753201007843018 -12.616992950439453
v -8.472103118896484 -5.367134094238281 -12.566882133483887
v -6.041494846343994 -5.537921905517578 -14.521716117858887
v -5.447487831115723 -5.9025797843933105 -14.442671775817871
v -6.492201805114746 -5.233017444610596 -14.562090873718262
v -6.933907985687256 -4.9106621742248535 -14.58188533782959
v -5.845609188079834 -5.104648113250732 -14.89787483215332
v -6.180746078491211 -4.700282573699951 -15.035597801208496
v -6.641983985900879 -4.411489963531494 -15.033573150634766
v -7.363601207733154 -4.5668134689331055 -14.578081130981445
v -7.777905464172363 -4.195680618286133 -14.544317245483398
v -7.030083656311035 -3.9970779418945312 -15.093503952026367
v -4.642874240875244 -6.375540733337402 -14.320952415466309
v -5.113988876342773 -6.104736328125 -14.396865844726562
v -4.407027244567871 -5.973124027252197 -14.69518756866455
v -4.881476402282715 -5.708411693572998 -14.778133392333984
v -5.345395565032959 -5.42523193359375 -14.840703010559082
v -4.150610446929932 -5.534308910369873 -15.029215812683105
v -4.626219749450684 -5.27161979675293 -15.114226341247559
v -3.9465928077697754 -5.184238433837891 -15.239842414855957
v -4.149059295654297 -4.895408630371094 -15.36365795135498
v -5.090721130371094 -4.989831447601318 -15.178853988647461
v -5.547041416168213 -4.693591594696045 -15.227640151977539
v -4.6739912033081055 -4.274021148681641 -15.568999290466309
v -5.264461517333984 -4.20845890045166 -15.510759353637695
v -5.995240688323975 -4.382467269897461 -15.25955581665039
v -6.439578056335449 -4.064535140991211 -15.284127235412598
v -5.7154221534729 -3.902205228805542 -15.548123359680176
v -6.161518096923828 -3.5873470306396484 -15.576001167297363
v -6.872342586517334 -3.7264912128448486 -15.286635398864746
v -7.289700031280518 -3.3608546257019043 -15.258796691894531
v -6.596339702606201 -3.252413511276245 -15.581421852111816
v -7.014184474945068 -2.8882267475128174 -15.555741310119629
v -2.7112081050872803 -5.387445449829102 -15.013816833496094
v -3.0351359844207764 -4.722228527069092 -15.397216796875
v -1.2822269201278687 -5.088074684143066 -14.616190910339355
v -1.9547832012176514 -5.01572847366333 -14.981620788574219
v -1.2278748750686646 -4.817147731781006 -14.771217346191406
v -1.3275072574615479 -4.484607219696045 -15.00594711303711
v -1.6326810121536255 -4.437694072723389 -15.152741432189941
v -2.5294034481048584 -4.90437126159668 -15.222086906433105
v -2.1763429641723633 -4.295602798461914 -15.369726181030273
v -2.578904867172241 -3.908128499984741 -15.561695098876953
v -1.4792206287384033 -4.171718597412109 -15.186779975891113
v -1.926906704902649 -3.5317957401275635 -15.46181583404541
v -2.181490898132324 -3.219355344772339 -15.570940971374512
v -3.550581455230713 -4.502877235412598 -15.528315544128418
v -4.030935287475586 -4.248776435852051 -15.622800827026367
v -3.392155170440674 -4.229678630828857 -15.600187301635742
v -3.722013235092163 -3.715428352355957 -15.752604484558105
v -5.011987686157227 -3.7732093334198 -15.694498062133789
v -4.496344566345215 -3.9680378437042236 -15.688176155090332
v -4.301668167114258 -3.2613840103149414 -15.856247901916504
v -4.573374271392822 -3.015617847442627 -15.893118858337402
v -3.193272352218628 -3.8861496448516846 -15.667430877685547
v -2.949315309524536 -3.464324474334717 -15.710936546325684
v -3.2744688987731934 -2.9411163330078125 -15.81965446472168
v -2.789287805557251 -3.187021017074585 -15.716153144836426
v -2.5632076263427734 -2.794677972793579 -15.6950101852417
v -2.9587090015411377 -2.3934338092803955 -15.788127899169922
v -3.7403979301452637 -2.6612069606781006 -15.897686958312988
v -4.2068257331848145 -2.38161301612854 -15.953781127929688
v -3.28829026222229 -1.8769506216049194 -15.84322452545166
v -5.480109691619873 -3.496443510055542 -15.722884178161621
v -5.8940229415893555 -3.12597393989563 -15.774849891662598
v -4.989270210266113 -2.648646116256714 -15.940947532653809
v -5.454725742340088 -2.3673739433288574 -15.968751907348633
v -6.3252177238464355 -2.784778594970703 -15.788948059082031
v -6.785496234893799 -2.493927001953125 -15.737082481384277
v -5.940079689025879 -2.120037317276001 -15.969970703125
v -6.3256306648254395 -1.69917631149292 -15.955811500549316
v -4.6143903732299805 -2.0001766681671143 -15.998305320739746
v -5.04972505569458 -1.6666815280914307 -16.031574249267578
v -3.9190354347229004 -1.5030134916305542 -15.93712329864502
v -4.218060493469238 -1.3133758306503296 -15.97202205657959
v -4.670078754425049 -1.0089019536972046 -16.011333465576172
v -5.54768705368042 -1.440745234489441 -16.03974723815918
v -5.870826721191406 -0.9118880033493042 -16.024314880371094
v -5.076282024383545 -0.6238899827003479 -16.020431518554688
v -5.488630771636963 -0.2496330887079239 -15.99688720703125
v -8.85904312133789 -4.947360515594482 -12.47899055480957
v -9.299298286437988 -4.4428300857543945 -12.221334457397461
v -8.719759941101074 -4.715110778808594 -13.040197372436523
v -9.092119216918945 -4.2694549560546875 -12.924488067626953
v -9.56472396850586 -3.9874184131622314 -12.171575546264648
v -9.893556594848633 -3.407865524291992 -11.86240005493164
v -9.43917465209961 -3.769697904586792 -12.73976993560791
v -9.746170997619629 -3.2190983295440674 -12.520139694213867
v -8.412309646606445 -4.598424911499023 -13.588502883911133
v -8.932791709899902 -4.001987934112549 -13.447364807128906
v -8.364331245422363 -4.144070625305176 -14.035728454589844
v -8.751094818115234 -3.694096326828003 -13.925853729248047
v -9.407987594604492 -3.2947990894317627 -13.195272445678711
v -9.593116760253906 -2.96282958984375 -13.054120063781738
v -9.098689079284668 -3.2050771713256836 -13.763087272644043
v -9.281694412231445 -2.901437759399414 -13.642234802246094
v -9.415929794311523 -2.662332773208618 -13.54003620147705
v -9.909399032592773 -2.8635594844818115 -12.34836196899414
v -10.191856384277344 -3.182772636413574 -10.91112232208252
v -10.140475273132324 -2.798366069793701 -11.617573738098145
v -10.383609771728516 -2.2002615928649902 -11.161712646484375
v -10.463116645812988 -2.431190013885498 -10.506006240844727
v -10.017067909240723 -2.5947039127349854 -12.208964347839355
v -10.200959205627441 -2.1025376319885254 -11.947046279907227
v -10.456576347351074 -1.985068440437317 -10.95832347869873
v -10.399358749389648 -1.4379302263259888 -11.52145767211914
v -9.715983390808105 -2.0886924266815186 -13.18818187713623
v -9.868138313293457 -2.345686912536621 -12.750875473022461
v -10.108047485351562 -1.6655185222625732 -12.409729957580566
v -9.979279518127441 -1.2907309532165527 -12.839951515197754
v -10.21549129486084 -0.7601193785667419 -12.267675399780273
v -7.555051803588867 -3.7798361778259277 -14.928146362304688
v -8.130176544189453 -3.833845376968384 -14.480979919433594
v -8.548478126525879 -3.3492355346679688 -14.363816261291504
v -7.942753791809082 -3.397118330001831 -14.857187271118164
v -8.320804595947266 -2.9615423679351807 -14.753314971923828
v -8.896967887878418 -2.8619821071624756 -14.202762603759766
v -9.077337265014648 -2.5682625770568848 -14.087971687316895
v -9.217745780944824 -2.3252811431884766 -13.985703468322754
v -8.777947425842285 -2.30819034576416 -14.53173542022705
v -8.997549057006836 -1.9508172273635864 -14.390721321105957
v -7.691096782684326 -2.9669997692108154 -15.2001314163208
v -8.066071510314941 -2.5263912677764893 -15.090387344360352
v -7.28689432144165 -2.272892713546753 -15.59303092956543
v -7.682271957397461 -2.17191219329834 -15.41213607788086
v -8.421802520751953 -2.168811082839966 -14.903921127319336
v -8.754321098327637 -1.5364551544189453 -14.75339412689209
v -8.143954277038574 -1.5752346515655518 -15.237661361694336
v -9.503710746765137 -1.729007601737976 -13.70769214630127
v -9.819541931152344 -0.9232466816902161 -13.285653114318848
v -9.980210304260254 -0.36482226848602295 -12.959464073181152
v -9.567700386047363 -0.7540228366851807 -13.82840347290039
v -9.831798553466797 0.09052315354347229 -13.329787254333496
v -9.262105941772461 -1.3194468021392822 -14.202520370483398
v -9.03760814666748 -1.04539155960083 -14.55178165435791
v -8.808317184448242 -0.5432608127593994 -14.853273391723633
v -9.082725524902344 0.003745675552636385 -14.603428840637207
v -9.371478080749512 -0.3262600600719452 -14.20838737487793
v -9.583270072937012 0.2766458988189697 -13.85554313659668
v -9.346137046813965 0.6674219369888306 -14.210384368896484
v -7.105118274688721 -1.9585771560668945 -15.723321914672852
v -7.479962348937988 -1.5180712938308716 -15.614559173583984
v -6.740586757659912 -1.3831305503845215 -15.882543563842773
v -7.205314636230469 -1.0441299676895142 -15.753753662109375
v -7.846212863922119 -0.9979283213615417 -15.474482536315918
v -8.485544204711914 -0.950456976890564 -15.076354026794434
v -8.187273979187012 -0.5628530979156494 -15.31618881225586
v -7.507750988006592 -0.4786028265953064 -15.667014122009277
v -6.5286865234375 -0.5158005952835083 -15.929966926574707
v -6.811455726623535 -0.3635975420475006 -15.873673439025879
v -5.89111852645874 0.02041596546769142 -15.954854965209961
v -6.3666582107543945 0.4077744483947754 -15.86645793914795
v -7.308300495147705 -0.13395603001117706 -15.74020767211914
v -7.133366107940674 0.16206642985343933 -15.77237319946289
v -6.901046276092529 0.5466309189796448 -15.771588325500488
v -8.817741394042969 0.4907829165458679 -14.867466926574707
v -7.902207851409912 0.04310884699225426 -15.500892639160156
v -8.513033866882324 0.08684688806533813 -15.123969078063965
v -8.195723533630371 0.4709528088569641 -15.330306053161621
v -8.481830596923828 1.0616439580917358 -15.050084114074707
v -8.967314720153809 0.8717367053031921 -14.661190032958984
v -7.624491214752197 0.8174394965171814 -15.54045295715332
v -2.1020617485046387 -8.006026268005371 -8.718019485473633
v -1.5453540086746216 -7.7054243087768555 -7.618738651275635
v -1.7422360181808472 -7.864222526550293 -9.263060569763184
v -1.3313395977020264 -7.681968688964844 -8.421510696411133
v -1.5271238088607788 -7.778050422668457 -8.826532363891602
v -1.549403429031372 -7.759675025939941 -8.088069915771484
v -1.3092656135559082 -7.518610954284668 -7.14039945602417
v -1.521027684211731 -7.554625511169434 -6.890941143035889
v -0.9571869969367981 -7.1779327392578125 -6.434747219085693
v -0.9569090008735657 -7.4264140129089355 -7.631388187408447
v -1.0227447748184204 -7.5191731452941895 -8.985326766967773
v -1.190306544303894 -7.401496410369873 -10.475628852844238
v -1.4282798767089844 -7.654635429382324 -9.860167503356934
v -0.7596486210823059 -7.302511692047119 -9.59144401550293
v -0.2732079029083252 -7.049036979675293 -7.418946743011475
v -0.41936030983924866 -7.158355712890625 -8.633848190307617
v 0.025796376168727875 -6.9439287185668945 -7.967750549316406
v -0.48747268319129944 -7.181257247924805 -7.837277889251709
v -0.408299058675766 -6.473972797393799 -5.06978178024292
v -0.4355114698410034 -6.636599063873291 -5.448782920837402
v -0.2574572265148163 -6.819185256958008 -6.210484981536865
v -0.5101826786994934 -7.1010966300964355 -7.040570259094238
v -0.4733791649341583 -6.829399585723877 -5.9596710205078125
v 0.07568100094795227 -6.5682053565979 -5.59334135055542
v 0.046407055109739304 -6.225696086883545 -4.6750969886779785
v 0.3761359453201294 -5.936728477478027 -4.215001106262207
v 0.39861688017845154 -6.305257320404053 -5.0387115478515625
v 0.7005628943443298 -6.0291428565979 -4.543783187866211
v 0.08253616094589233 -6.827476978302002 -6.692466735839844
v 0.4173579216003418 -6.615103244781494 -6.045472145080566
v 0.3898991048336029 -6.807140827178955 -7.230409145355225
v 0.6210677623748779 -6.686568737030029 -6.759601593017578
v 0.6454697251319885 -6.353336811065674 -5.331056118011475
v 1.0747908353805542 -6.1043219566345215 -4.916128158569336
v 1.0676441192626953 -6.40566873550415 -5.915060520172119
v 1.4051586389541626 -6.157365798950195 -5.340425968170166
v -1.0335149765014648 -7.076284885406494 -11.224849700927734
v -0.5400335788726807 -7.027083396911621 -10.237639427185059
v -0.35132041573524475 -6.691899299621582 -10.91997241973877
v -0.23906080424785614 -6.9316086769104 -9.612305641174316
v 0.28524136543273926 -6.830809593200684 -8.585044860839844
v 0.0205351822078228 -6.641569137573242 -10.182635307312012
v 0.5066961646080017 -6.650262832641602 -9.241034507751465
v -0.749886691570282 -6.494145393371582 -12.160375595092773
v -0.6456332802772522 -6.246328353881836 -12.512893676757812
v -0.18124711513519287 -6.30018424987793 -11.637130737304688
v -0.4640979766845703 -5.748813152313232 -13.147486686706543
v -0.050546471029520035 -5.895404815673828 -12.402424812316895
v 0.16767390072345734 -6.349569320678711 -10.959097862243652
v 0.6915897727012634 -6.40234899520874 -9.9368257522583
v 0.8508714437484741 -6.0811052322387695 -10.668966293334961
v 0.7057895064353943 -6.712055206298828 -7.709988117218018
v 1.0114943981170654 -6.5815043449401855 -7.090392589569092
v 0.828837513923645 -6.626777172088623 -8.302392959594727
v 1.2495088577270508 -6.473998546600342 -7.676167964935303
v 1.3544504642486572 -6.389435291290283 -6.422566890716553
v 1.8031046390533447 -6.103771209716797 -5.657693386077881
v 1.5982798337936401 -6.309201240539551 -6.9714274406433105
v 1.451298475265503 -6.29432487487793 -8.299958229064941
v 1.0978302955627441 -6.337730884552002 -9.174869537353516
v 1.29718816280365 -6.0784993171691895 -9.677031517028809
v 1.6405531167984009 -6.045398235321045 -8.963089942932129
v 1.8168680667877197 -6.165319919586182 -7.561641216278076
v 2.022148847579956 -5.953251361846924 -8.194007873535156
v 1.080422282218933 -5.367627143859863 -3.4532065391540527
v 0.7522403597831726 -5.629148960113525 -3.7979021072387695
v 0.7704440355300903 -5.281347751617432 -3.2288570404052734
v 1.0623607635498047 -5.735663890838623 -4.094656944274902
v 1.4496221542358398 -5.462969779968262 -3.7127137184143066
v 1.4227550029754639 -5.826951503753662 -4.435372352600098
v -0.5049974322319031 -5.142928123474121 -14.10638427734375
v -0.7603943943977356 -5.087238311767578 -14.303983688354492
v -0.03447370231151581 -5.379151344299316 -13.33321762084961
v -0.5190666317939758 -4.683526039123535 -14.534290313720703
v 0.13130827248096466 -4.933565139770508 -13.751327514648438
v 0.40831613540649414 -6.0071821212768555 -11.583463668823242
v 1.0033572912216187 -5.657382965087891 -11.423121452331543
v 0.6494976282119751 -5.606093883514404 -12.096386909484863
v 0.5977199077606201 -4.982846260070801 -13.07741641998291
v 1.024282455444336 -4.9628801345825195 -12.438644409179688
v 1.0205870866775513 -4.31422233581543 -12.966344833374023
v 0.6074793934822083 -4.173579216003418 -13.679986953735352
v 0.43045321106910706 -3.186232805252075 -14.251211166381836
v 0.9029181599617004 -3.7596652507781982 -13.427275657653809
v 0.7606369853019714 -3.3306849002838135 -13.76020622253418
v -1.0541208982467651 -4.517639636993408 -14.867592811584473
v -0.8570350408554077 -3.8216066360473633 -15.042302131652832
v -1.230124831199646 -3.7398085594177246 -15.203100204467773
v -0.07950092107057571 -3.9642233848571777 -14.621380805969238
v -1.0800237655639648 -3.4795498847961426 -15.20051383972168
v -0.3742610216140747 -3.3398520946502686 -14.92171859741211
v -0.7075251340866089 -2.9425625801086426 -15.1068754196167
v -1.3709440231323242 -2.8988139629364014 -15.35637378692627
v -1.8186737298965454 -2.589155435562134 -15.50450611114502
v 0.151701420545578 -3.0457348823547363 -14.622112274169922
v -0.19226275384426117 -3.0074660778045654 -14.859811782836914
v 1.8249002695083618 -5.724642276763916 -9.664443969726562
v 1.5262638330459595 -5.722350120544434 -10.283065795898438
v 1.5319452285766602 -5.227113723754883 -11.269767761230469
v 1.8134024143218994 -5.270350933074951 -10.666655540466309
v 2.21844482421875 -5.668313503265381 -8.869121551513672
v 2.35221529006958 -5.268855094909668 -9.579798698425293
v 1.4683135747909546 -4.377702713012695 -12.176384925842285
v 1.960262417793274 -5.0538411140441895 -10.699455261230469
v 1.9399528503417969 -4.654694557189941 -11.154786109924316
v 1.1376738548278809 -3.5158324241638184 -13.088189125061035
v 2.281113624572754 -4.594388961791992 -10.581925392150879
v 2.7957305908203125 -4.682558536529541 -9.557790756225586
v 2.242708444595337 -3.913938522338867 -11.12074089050293
v 1.8354227542877197 -3.804097890853882 -11.83639144897461
v 0.6198820471763611 -2.9695358276367188 -14.03857135772705
v -1.0868964195251465 -2.4053187370300293 -15.282477378845215
v -1.4653428792953491 -1.9749746322631836 -15.4138765335083
v -0.033155497163534164 -2.7172107696533203 -14.805119514465332
v -0.38122573494911194 -2.2403342723846436 -15.003800392150879
v 0.282041072845459 -2.1769652366638184 -14.479022026062012
v -0.2285504788160324 -1.9621033668518066 -14.926041603088379
v -0.0637298971414566 -1.692611813545227 -14.806609153747559
v -0.7369943261146545 -1.864101767539978 -15.142298698425293
v -1.3061951398849487 -1.6971253156661987 -15.342127799987793
v -1.1397264003753662 -1.395856499671936 -15.262626647949219
v -0.4407535791397095 -1.2375798225402832 -14.968456268310547
v -0.8330454230308533 -0.8399133086204529 -15.069036483764648
v 1.5498918294906616 -3.1277213096618652 -12.558406829833984
v 1.4194626808166504 -2.832120895385742 -12.810175895690918
v 0.896129310131073 -2.6062562465667725 -13.640083312988281
v 1.2353956699371338 -2.463038682937622 -13.095176696777344
v 2.141684055328369 -3.536196708679199 -11.493788719177246
v 1.731571078300476 -2.968365430831909 -12.312520980834961
v 1.9443764686584473 -3.048898458480835 -11.979488372802734
v 1.5239543914794922 -2.2586135864257812 -12.625882148742676
v 2.1530613899230957 -2.6041324138641357 -11.768527030944824
v 1.811415195465088 -2.125744581222534 -12.204850196838379
v 0.5971885919570923 -2.042752742767334 -14.011466979980469
v 0.2321121096611023 -1.4567922353744507 -14.332989692687988
v 0.8848206996917725 -1.8699023723602295 -13.487582206726074
v 0.5289098024368286 -1.3843448162078857 -13.819208145141602
v -0.16338004171848297 -0.8648856282234192 -14.583431243896484
v -0.6761360764503479 -0.554050624370575 -14.949902534484863
v 1.0915638208389282 -1.747140645980835 -13.122723579406738
v -0.5395125150680542 -0.3692525327205658 -14.804137229919434
v 0.13732020556926727 -0.749518632888794 -14.090405464172363
v -0.24842165410518646 -0.19108188152313232 -14.345916748046875
v 0.7974938750267029 -1.144057273864746 -13.334888458251953
v 1.4475945234298706 -1.5111161470413208 -12.575371742248535
v 1.0759954452514648 -0.9729938507080078 -12.90897274017334
v 0.4197140336036682 -0.5904072523117065 -13.633469581604004
v 0.7065284252166748 -0.48151183128356934 -13.208475112915039
v 0.30905672907829285 0.10925167053937912 -13.480502128601074
v -2.2634589672088623 -2.274163246154785 -15.631098747253418
v -2.8107211589813232 -2.1364355087280273 -15.754071235656738
v -2.6045703887939453 -1.7781020402908325 -15.700505256652832
v -1.8135881423950195 -1.491336464881897 -15.489038467407227
v -2.0675675868988037 -1.3703011274337769 -15.549769401550293
v -3.0858254432678223 -0.43397974967956543 -15.701379776000977
v -1.5388484001159668 -1.0092304944992065 -15.347977638244629
v -1.945832371711731 -0.6301746964454651 -15.415596961975098
v -1.420526385307312 -0.29294419288635254 -15.177547454833984
v -1.691506028175354 -0.1787279099225998 -15.247264862060547
v -2.674231767654419 -0.8081399202346802 -15.644020080566406
v -2.356513261795044 -0.2543655037879944 -15.475068092346191
v -2.662558078765869 0.3038351535797119 -15.457945823669434
v -2.1811602115631104 0.05150764435529709 -15.361433982849121
v -2.463486433029175 0.6511415839195251 -15.333171844482422
v -3.9289474487304688 0.28086280822753906 -15.77093505859375
v -4.2585954666137695 -0.2933463454246521 -15.912755966186523
v -4.614352226257324 0.17913168668746948 -15.898982048034668
v -5.082621097564697 0.4561575949192047 -15.89088249206543
v -4.363308906555176 0.6164976358413696 -15.776887893676758
v -4.808682441711426 0.9334105253219604 -15.75860595703125
v -3.503133773803711 -0.0695909783244133 -15.745561599731445
v -3.127897024154663 0.5846240520477295 -15.523160934448242
v -3.572577714920044 0.9020118117332458 -15.548332214355469
v -3.995122194290161 1.2588119506835938 -15.529959678649902
v -4.39322566986084 1.6571487188339233 -15.462203025817871
v -2.8845577239990234 1.009181022644043 -15.369364738464355
v -3.317324161529541 1.3475197553634644 -15.379280090332031
v -3.7609670162200928 1.6638166904449463 -15.364819526672363
v -4.215173721313477 1.944358468055725 -15.328722953796387
v -0.9370399117469788 0.07738199830055237 -14.936454772949219
v -1.3391741514205933 0.4513300955295563 -15.012950897216797
v -0.6425973176956177 0.35523805022239685 -14.561675071716309
v -1.7480288743972778 0.8132286667823792 -15.075984954833984
v -2.1627554893493652 1.1762279272079468 -15.126372337341309
v -1.2286478281021118 1.1152290105819702 -14.804342269897461
v -1.5041167736053467 1.247252106666565 -14.880351066589355
v -1.9896364212036133 1.4788339138031006 -14.984655380249023
v -0.044811856001615524 0.07302483171224594 -13.948741912841797
v -0.4845607578754425 0.4397086203098297 -14.316041946411133
v -0.7666136622428894 1.0280426740646362 -14.308043479919434
v -0.08856504410505295 0.6380760073661804 -13.707352638244629
v -0.49648696184158325 1.1510900259017944 -13.89194107055664
v -1.179962158203125 1.5419365167617798 -14.457749366760254
v -1.5982112884521484 2.036632537841797 -14.58154010772705
v -0.9115338921546936 1.6489856243133545 -14.044352531433105
v -1.3322879076004028 2.1256604194641113 -14.16869068145752
v -2.586595296859741 1.5296573638916016 -15.156116485595703
v -3.02217173576355 1.8483917713165283 -15.159582138061523
v -2.4515163898468018 1.762939453125 -15.042840957641602
v -2.880453109741211 2.081515312194824 -15.036996841430664
v -2.299896240234375 2.0122463703155518 -14.917314529418945
v -2.7375190258026123 2.3208165168762207 -14.91637134552002
v -3.4686243534088135 2.1412765979766846 -15.13886547088623
v -3.899214506149292 2.404729127883911 -15.097912788391113
v -3.276181936264038 2.464238405227661 -14.967729568481445
v -3.5874416828155518 2.8546314239501953 -14.842775344848633
v -2.025569200515747 2.4714300632476807 -14.649299621582031
v -2.463289499282837 2.790652275085449 -14.64908504486084
v -1.760315179824829 2.5134518146514893 -14.252806663513184
v -2.1984059810638428 2.9237558841705322 -14.304659843444824
v -2.8976218700408936 3.0847227573394775 -14.624039649963379
v -3.2966504096984863 3.30843186378479 -14.579767227172852
v -2.6240949630737305 3.3113911151885986 -14.321592330932617
v -3.023620128631592 3.6124393939971924 -14.296558380126953
v 3.1495540142059326 -3.9626858234405518 -9.64841079711914
v 2.7038958072662354 -3.9671623706817627 -10.339593887329102
v 3.034637689590454 -3.5457000732421875 -10.169075012207031
v 2.933764696121216 -3.2828996181488037 -10.491209030151367
v 2.4638750553131104 -3.206040859222412 -11.186545372009277
v 3.248843193054199 -3.3107213973999023 -10.051701545715332
v 2.7657997608184814 -2.9161124229431152 -10.894783020019531
v 2.4431231021881104 -2.3751220703125 -11.417655944824219
v 3.669013023376465 -2.8556976318359375 -9.836172103881836
v 3.5197391510009766 -2.6076467037200928 -10.114959716796875
v 3.031838893890381 -2.577587842941284 -10.675496101379395
v 3.8649275302886963 -2.6429083347320557 -9.749104499816895
v 2.0925376415252686 -1.8282585144042969 -11.838815689086914
v 2.7311620712280273 -2.0995447635650635 -11.120229721069336
v 2.373678207397461 -1.598907709121704 -11.520143508911133
v 3.639347553253174 -2.059338331222534 -10.190807342529297
v 3.3540446758270264 -2.343306541442871 -10.39150333404541
v 3.012824296951294 -1.8459343910217285 -10.855327606201172
v 2.7655696868896484 -1.5298861265182495 -11.109533309936523
v 3.2539801597595215 -1.6312673091888428 -10.630541801452637
v 2.9112770557403564 -1.1571630239486694 -10.960403442382812
v 1.7266161441802979 -1.3125181198120117 -12.199776649475098
v 1.2819584608078003 -0.8440812826156616 -12.612021446228027
v 1.9124730825424194 -1.179184079170227 -11.962366104125977
v 1.6191940307617188 -0.6186376214027405 -12.174073219299316
v 0.9653980135917664 -0.28012552857398987 -12.815239906311035
v 0.5746340155601501 0.2441958487033844 -13.081424713134766
v 1.2288002967834473 -0.12515191733837128 -12.453581809997559
v 0.8335800766944885 0.37898972630500793 -12.711885452270508
v 2.268944025039673 -0.9080992937088013 -11.558459281921387
v 1.880375862121582 -0.4424527883529663 -11.852350234985352
v 2.5264127254486084 -0.7188690304756165 -11.269478797912598
v 2.132821559906006 -0.31672659516334534 -11.535364151000977
v 1.4847077131271362 0.00884197372943163 -12.113056182861328
v 1.7357850074768066 0.05036782845854759 -11.767866134643555
v 4.186678886413574 -1.4967471361160278 -9.86104679107666
v 3.4122214317321777 -0.8079447746276855 -10.44037914276123
v 4.673313617706299 -1.1365203857421875 -9.41613483428955
v 3.1661787033081055 -0.9627358317375183 -10.700347900390625
v 2.7718772888183594 -0.5997260212898254 -10.964401245117188
v 2.912161350250244 -0.37914344668388367 -10.757730484008789
v 2.350646734237671 -0.21532045304775238 -11.229863166809082
v 3.690499782562256 -0.4079855680465698 -10.0253267288208
v 0.1747787445783615 0.7610803246498108 -13.309235572814941
v -0.23490160703659058 1.2648941278457642 -13.496604919433594
v 0.37942105531692505 0.9014947414398193 -12.911802291870117
v -0.06455479562282562 1.2380542755126953 -13.227316856384277
v -0.5866272449493408 1.6314464807510376 -13.533105850219727
v -1.0460968017578125 2.003018856048584 -13.74393081665039
v 1.0829153060913086 0.41905638575553894 -12.338651657104492
v -1.5180805921554565 2.42331600189209 -13.866437911987305
v -1.95867919921875 2.826143503189087 -13.936376571655273
v -2.2112014293670654 3.0956153869628906 -13.939579963684082
v -2.7642934322357178 3.583946704864502 -13.933168411254883
v -2.620997905731201 3.5829594135284424 -13.736810684204102
v -10.604156494140625 -1.6768810749053955 -10.225472450256348
v -10.449148178100586 -1.2360107898712158 -11.296125411987305
v -10.510664939880371 -0.9633709788322449 -10.996262550354004
v -10.560161590576172 -0.5972800850868225 -10.488656044006348
v -10.655685424804688 -0.9412309527397156 -9.838809967041016
v -10.725231170654297 -1.0265378952026367 -8.975656509399414
v -10.297287940979004 -1.0015918016433716 -11.991064071655273
v -10.403325080871582 -0.4360887408256531 -11.55070972442627
v -10.282811164855957 0.05213209241628647 -11.969161033630371
v -10.137948036193848 0.39174991846084595 -12.434160232543945
v -9.963224411010742 0.6880631446838379 -12.9261474609375
v -9.742666244506836 1.0136325359344482 -13.37061882019043
v -9.468594551086426 1.3572877645492554 -13.776567459106445
v -10.628880500793457 -0.7097591161727905 -9.470376968383789
v -10.448837280273438 -0.5464065074920654 -8.995244979858398
v -10.467436790466309 -0.3867590129375458 -9.97302532196045
v -10.43516731262207 -0.2470400333404541 -11.233013153076172
v -10.263174057006836 0.32424578070640564 -11.570230484008789
v -10.298273086547852 -0.01342362817376852 -10.49099063873291
v -10.199172019958496 -0.08853274583816528 -9.725979804992676
v -10.167210578918457 0.0714159607887268 -10.127562522888184
v -10.072884559631348 0.45602336525917053 -10.8660249710083
v -9.937393188476562 0.49287572503089905 -10.511573791503906
v -10.251605987548828 -0.3892839252948761 -8.544790267944336
v -10.00695514678955 -0.22459393739700317 -8.129902839660645
v -10.224630355834961 -0.21040509641170502 -9.35638427734375
v -10.068965911865234 -0.1192413792014122 -9.028252601623535
v -9.839232444763184 0.0026395197492092848 -8.599037170410156
v -9.757628440856934 -0.049008652567863464 -7.732560157775879
v -9.487578392028809 0.14709080755710602 -7.359257221221924
v -9.592924118041992 0.17231717705726624 -8.20036792755127
v -9.32980728149414 0.3701373338699341 -7.828886032104492
v -9.895359992980957 0.17737138271331787 -9.521130561828613
v -9.665587425231934 0.2845531702041626 -9.085644721984863
v -9.72064208984375 0.5467020273208618 -10.031951904296875
v -9.489239692687988 0.6396196484565735 -9.590911865234375
v -9.420945167541504 0.44314879179000854 -8.685566902160645
v -9.16227912902832 0.6451528072357178 -8.318851470947266
v -9.24648380279541 0.7825286388397217 -9.189607620239258
v -8.9912691116333 0.9872189164161682 -8.827367782592773
v -10.089604377746582 0.7716625928878784 -12.076666831970215
v -9.905709266662598 1.1311570405960083 -12.522306442260742
v -9.95860481262207 0.9270551800727844 -11.556817054748535
v -9.765192985534668 0.9672761559486389 -11.04628849029541
v -9.783538818359375 1.4724687337875366 -12.158920288085938
v -9.580965995788574 1.518468976020813 -11.588069915771484
v -9.690862655639648 1.4832302331924438 -12.968240737915039
v -9.423434257507324 1.7988735437393188 -13.4128999710083
v -9.580653190612793 1.8062304258346558 -12.630682945251465
v -9.368781089782715 2.1312549114227295 -12.130166053771973
v -9.427337646484375 2.037875175476074 -12.790409088134766
v -9.248930931091309 2.299445390701294 -12.894511222839355
v -9.112493515014648 2.559267044067383 -12.600574493408203
v -9.54719066619873 1.0011414289474487 -10.558398246765137
v -9.312979698181152 1.077504277229309 -10.111580848693848
v -9.361648559570312 1.5346444845199585 -11.09262466430664
v -9.124589920043945 1.5946499109268188 -10.63991641998291
v -9.069308280944824 1.2067110538482666 -9.707951545715332
v -8.815993309020996 1.399012804031372 -9.34708023071289
v -8.878373146057129 1.711195707321167 -10.232532501220703
v -8.625629425048828 1.8895881175994873 -9.870501518249512
v -9.15101146697998 2.12968111038208 -11.625720024108887
v -8.91114616394043 2.173022508621216 -11.166681289672852
v -8.89377498626709 2.7515177726745605 -12.150650978088379
v -8.653472900390625 2.7352352142333984 -11.679523468017578
v -8.663260459899902 2.2760045528411865 -10.754050254821777
v -8.41091537475586 2.4027345180511475 -10.380650520324707
v -8.406203269958496 2.7652342319488525 -11.251564979553223
v -8.15794849395752 2.8503921031951904 -10.866159439086914
v -9.194886207580566 0.36258769035339355 -7.007801055908203
v -8.878265380859375 0.5979146361351013 -6.676077842712402
v -9.043658256530762 0.5962257981300354 -7.486181735992432
v -8.73379135131836 0.8478171825408936 -7.168569564819336
v -8.536761283874512 0.852267324924469 -6.36173152923584
v -8.197001457214355 1.1564773321151733 -6.073739528656006
v -8.40092658996582 1.1215670108795166 -6.871059417724609
v -8.073615074157715 1.3732457160949707 -6.604451656341553
v -8.88437271118164 0.8810850977897644 -7.98476505279541
v -8.585127830505371 1.1488412618637085 -7.681341171264648
v -8.721233367919922 1.233303427696228 -8.501961708068848
v -8.434957504272461 1.5165001153945923 -8.20936107635498
v -8.267709732055664 1.4154982566833496 -7.402345657348633
v -7.956160068511963 1.590773582458496 -7.156510829925537
v -8.132749557495117 1.6852853298187256 -7.945774078369141
v -7.840219497680664 1.881895899772644 -7.715791702270508
v -7.383022308349609 1.7765374183654785 -6.121128559112549
v -6.580657958984375 1.9329665899276733 -5.499641418457031
v -7.19135856628418 2.1841189861297607 -7.228337287902832
v -6.424829483032227 2.251899242401123 -6.642104625701904
v -8.552596092224121 1.6516228914260864 -9.027220726013184
v -8.277461051940918 1.8810851573944092 -8.743243217468262
v -8.366936683654785 2.1330835819244385 -9.551597595214844
v -8.0997953414917 2.2319083213806152 -9.256903648376465
v -7.988328456878662 2.0276315212249756 -8.489275932312012
v -7.711847305297852 2.186582326889038 -8.246365547180176
v -7.823962211608887 2.3158833980560303 -8.983942031860352
v -7.5544352531433105 2.4496710300445557 -8.734477043151855
v -8.154973983764648 2.5275940895080566 -10.042436599731445
v -7.894444465637207 2.553668737411499 -9.737685203552246
v -7.908799171447754 2.912754774093628 -10.519840240478516
v -7.6603779792785645 2.9286704063415527 -10.208823204040527
v -7.632065296173096 2.6294097900390625 -9.461936950683594
v -7.376213550567627 2.761643409729004 -9.209526062011719
v -7.415646076202393 3.0033652782440186 -9.927877426147461
v -7.175141334533691 3.1087048053741455 -9.664443969726562
v -6.961762428283691 2.582134485244751 -8.213212013244629
v -6.294296741485596 2.6971023082733154 -7.682676315307617
v -7.273680686950684 2.551497459411621 -8.481273651123047
v -7.10396671295166 2.809018135070801 -8.945219039916992
v -6.823431015014648 2.867032051086426 -8.685967445373535
v -6.920156002044678 3.1212215423583984 -9.3936128616333
v -6.679730415344238 3.1614491939544678 -9.148384094238281
v -6.656556129455566 2.6314384937286377 -7.964395046234131
v -6.636356830596924 2.9179751873016357 -8.521651268005371
v -6.209503650665283 3.007711887359619 -8.16744613647461
v -6.390697956085205 3.2324626445770264 -8.873648643493652
v -6.0875678062438965 3.293346405029297 -8.614273071289062
v -6.544583797454834 1.1740131378173828 -15.688336372375488
v -6.986390590667725 1.3772470951080322 -15.555623054504395
v -9.054112434387207 1.1732563972473145 -14.49278736114502
v -9.11624526977539 1.5380604267120361 -14.261302947998047
v -8.692439079284668 1.6877771615982056 -14.644807815551758
v -8.63075065612793 2.207282543182373 -14.298683166503906
v -9.025958061218262 2.0116519927978516 -13.971747398376465
v -8.524169921875 2.617419481277466 -13.892860412597656
v -7.941277980804443 0.9010690450668335 -15.399853706359863
v -8.007933616638184 1.734148383140564 -15.097005844116211
v -7.567470550537109 1.5711115598678589 -15.35598373413086
v -7.211236476898193 2.073859214782715 -15.193756103515625
v -7.692864894866943 2.205359935760498 -14.942919731140137
v -8.032011985778809 2.2362704277038574 -14.738133430480957
v -8.273085594177246 2.2405049800872803 -14.576010704040527
v -7.217605113983154 2.745858907699585 -14.65010929107666
v -7.9710893630981445 2.619349479675293 -14.385200500488281
v -7.820095539093018 3.077192783355713 -13.92729377746582
v -8.167470932006836 3.0381925106048584 -13.654847145080566
v -6.981639862060547 3.0414397716522217 -14.469496726989746
v -7.547409534454346 3.0844790935516357 -14.120367050170898
v -7.631923198699951 3.449915647506714 -13.520241737365723
v -7.854248523712158 3.4212589263916016 -13.3438138961792
v -7.571209907531738 3.79166316986084 -12.990559577941895
v -7.014761447906494 3.472397565841675 -13.95945930480957
v -7.240755558013916 3.474677085876465 -13.80780029296875
v -6.837051868438721 3.8681089878082275 -13.551587104797363
v -7.259434223175049 3.968151330947876 -12.635871887207031
v -7.037291526794434 4.03444242477417 -12.232430458068848
v -6.650730133056641 4.2707109451293945 -13.143754005432129
v -6.485018730163574 4.367092132568359 -12.761980056762695
v -5.590662479400635 0.6645107269287109 -15.867032051086426
v -6.059526443481445 0.941679060459137 -15.79563045501709
v -5.427366256713867 0.9487932920455933 -15.801827430725098
v -5.795633792877197 1.4013926982879639 -15.682488441467285
v -5.264325141906738 1.2331128120422363 -15.717021942138672
v -5.953449726104736 1.6306017637252808 -15.60324764251709
v -6.096938610076904 1.89825439453125 -15.480626106262207
v -6.677343368530273 1.9432661533355713 -15.39417552947998
v -4.963623046875 1.7529795169830322 -15.509329795837402
v -5.403992176055908 1.989173173904419 -15.437162399291992
v -4.734254837036133 2.068344831466675 -15.337042808532715
v -4.877033233642578 2.308633327484131 -15.227275848388672
v -4.968625545501709 2.5125505924224854 -15.118021965026855
v -6.255782604217529 2.3810486793518066 -15.180034637451172
v -5.841156005859375 2.189666509628296 -15.331932067871094
v -5.5002970695495605 2.599525213241577 -15.078156471252441
v -5.964523792266846 2.783529043197632 -14.931658744812012
v -6.795941352844238 2.5155460834503174 -14.986531257629395
v -6.301772117614746 2.892244577407837 -14.800633430480957
v -5.65178108215332 3.203763246536255 -14.649444580078125
v -5.121330738067627 3.108670949935913 -14.743414878845215
v -5.168702602386475 3.5712482929229736 -14.423215866088867
v -5.1657328605651855 3.9728994369506836 -14.127514839172363
v -4.307958126068115 2.624680519104004 -15.032429695129395
v -4.735472202301025 2.829150438308716 -14.932513236999512
v -3.9993369579315186 3.0822856426239014 -14.774584770202637
v -4.430466651916504 3.295081853866577 -14.675223350524902
v -4.886831283569336 3.474485158920288 -14.528079986572266
v -3.8805618286132812 4.092273712158203 -14.121478080749512
v -4.150782108306885 3.760175943374634 -14.40027141571045
v -4.610769271850586 3.963733673095703 -14.253058433532715
v -4.120442867279053 4.2066755294799805 -14.044410705566406
v -4.344329833984375 4.312386512756348 -13.967312812805176
v -4.835495471954346 4.497104167938232 -13.75080680847168
v -6.2799906730651855 3.167933940887451 -14.575651168823242
v -6.672785758972168 3.453113317489624 -14.17515754699707
v -6.135415554046631 3.8267834186553955 -13.99077320098877
v -6.391976356506348 3.861126184463501 -13.846299171447754
v -5.862456798553467 3.777362108230591 -14.132536888122559
v -6.063873767852783 4.274773597717285 -13.541105270385742
v -5.601078987121582 4.21491813659668 -13.80261516571045
v -5.099839210510254 4.574705600738525 -13.612024307250977
v -5.354287624359131 4.6509108543396 -13.475245475769043
v -8.963338851928711 2.4644763469696045 -13.450865745544434
v -8.919657707214355 2.740281343460083 -12.876424789428711
v -8.566954612731934 3.1655819416046143 -12.633684158325195
v -8.268470764160156 3.2888381481170654 -12.253241539001465
v -8.154507637023926 3.3517191410064697 -13.079225540161133
v -7.9239702224731445 3.6594252586364746 -12.664575576782227
v -7.9968791007995605 3.32302188873291 -11.850143432617188
v -7.7974348068237305 3.3490395545959473 -11.40656852722168
v -7.691287517547607 3.6417083740234375 -12.212017059326172
v -7.469300746917725 3.70232892036438 -11.805231094360352
v -6.845676422119141 4.038005828857422 -11.856327056884766
v -6.237969875335693 4.420985221862793 -12.387065887451172
v -6.012953281402588 4.304605484008789 -12.075887680053711
v -6.591882705688477 4.014311790466309 -11.459785461425781
v -6.004360675811768 4.1720290184021 -11.622787475585938
v -5.851609230041504 4.170505523681641 -11.31430721282959
v -5.990505695343018 4.012500286102295 -10.496936798095703
v -5.915066242218018 4.066227912902832 -10.345807075500488
v -5.703981876373291 4.249956130981445 -11.026129722595215
v -5.549557209014893 4.387435436248779 -10.750081062316895
v -5.78324031829834 4.1139326095581055 -9.986530303955078
v -5.4605889320373535 4.334146976470947 -9.834833145141602
v -5.365575790405273 4.534713268280029 -10.479541778564453
v -3.440701484680176 3.8567750453948975 -14.229568481445312
v -3.183643102645874 3.946605920791626 -13.894932746887207
v -3.624920129776001 4.280881404876709 -13.811196327209473
v -2.888702392578125 3.902993679046631 -13.501388549804688
v -3.384373426437378 4.237076759338379 -13.49260139465332
v -4.167255878448486 4.50574254989624 -13.757705688476562
v -4.584955215454102 4.648783206939697 -13.440579414367676
v -4.185133934020996 4.534970760345459 -13.21401309967041
v -3.8544132709503174 4.45737886428833 -13.351591110229492
v -3.099036693572998 4.1541337966918945 -13.115535736083984
v -4.183694362640381 4.5473952293396 -12.927276611328125
v -3.6341280937194824 4.421034336090088 -13.067791938781738
v -3.1662352085113525 4.299921989440918 -12.874553680419922
v -3.4326276779174805 4.445911407470703 -12.798187255859375
v -5.810410976409912 4.663395881652832 -13.014411926269531
v -5.030557155609131 4.594039440155029 -13.078535079956055
v -4.916513919830322 4.523788928985596 -12.818731307983398
v -5.6925950050354 4.564323902130127 -12.777982711791992
v -5.427575588226318 4.451406955718994 -12.496781349182129
v -4.895833492279053 4.509581565856934 -12.435267448425293
v -5.214614391326904 4.4410271644592285 -12.225401878356934
v -4.824044704437256 4.572387218475342 -12.106108665466309
v -5.493525981903076 4.368577480316162 -12.029387474060059
v -5.801975250244141 4.255699634552002 -11.790262222290039
v -5.377181529998779 4.394503593444824 -11.711159706115723
v -5.60897970199585 4.288592338562012 -11.523063659667969
v -4.659732818603516 4.5492987632751465 -12.581422805786133
v -4.151867389678955 4.64180326461792 -12.49948787689209
v -4.463829040527344 4.640999794006348 -12.33133316040039
v -3.1654014587402344 4.44541597366333 -12.552541732788086
v -3.757857322692871 4.703096866607666 -12.339099884033203
v -3.05924654006958 4.509079456329346 -12.248682975769043
v -3.5980961322784424 4.7921905517578125 -12.061395645141602
v -2.854447603225708 4.45693302154541 -11.95509147644043
v -3.3939106464385986 4.756416320800781 -11.765961647033691
v -2.491164445877075 4.25742769241333 -11.69540023803711
v -3.21272349357605 4.690639019012451 -11.44678020477295
v -4.728164196014404 4.676377773284912 -11.798662185668945
v -4.60640811920166 4.813868999481201 -11.506587982177734
v -5.434897422790527 4.399321556091309 -11.265390396118164
v -5.2808074951171875 4.55165433883667 -10.995597839355469
v -4.502192497253418 4.942803859710693 -11.187029838562012
v -4.179971694946289 4.9646806716918945 -10.95803451538086
v -4.418173313140869 4.974307060241699 -10.809775352478027
v -4.953448295593262 4.7920708656311035 -10.85324764251709
v -5.146625518798828 4.679356575012207 -10.685700416564941
v -4.734113693237305 4.913750171661377 -10.582167625427246
v -5.030617713928223 4.733959197998047 -10.31664752960205
v -4.085444450378418 4.751467704772949 -12.181818962097168
v -4.133886337280273 4.876248836517334 -11.796995162963867
v -3.7665634155273438 4.882167816162109 -11.59947681427002
v -3.4630019664764404 4.789192199707031 -11.335521697998047
v -3.7911667823791504 4.897869110107422 -11.1754150390625
v -7.615062713623047 3.3170573711395264 -10.985998153686523
v -7.317111492156982 3.4237523078918457 -10.767457008361816
v -7.256357192993164 3.709218740463257 -11.440040588378906
v -7.050356864929199 3.7174060344696045 -11.110259056091309
v -7.1350274085998535 3.447831392288208 -10.423440933227539
v -7.033950328826904 3.428760528564453 -10.212240219116211
v -6.849526882171631 3.7334394454956055 -10.80344009399414
v -6.634565830230713 3.689548969268799 -10.50753402709961
v -6.434621810913086 3.9500701427459717 -11.225627899169922
v -6.252427577972412 3.923919677734375 -10.922048568725586
v -6.798985958099365 3.299168825149536 -9.643410682678223
v -6.464879512786865 3.4804739952087402 -9.555929183959961
v -6.424517631530762 3.71264386177063 -10.23044490814209
v -6.211476802825928 3.787214756011963 -9.965288162231445
v -6.211539268493652 3.5579609870910645 -9.297863960266113
v -5.926016807556152 3.62784743309021 -9.039711952209473
v -5.9794602394104 3.8816888332366943 -9.705101013183594
v 1.3351889848709106 0.378336101770401 -11.975752830505371
v 2.6165554523468018 -0.19613182544708252 -10.906878471374512
v 1.977443814277649 0.049547821283340454 -11.422185897827148
v 1.5791362524032593 0.34213557839393616 -11.632713317871094
v 2.21783447265625 0.0430474579334259 -11.110501289367676
v 1.8141387701034546 0.26074573397636414 -11.30547046661377
v 3.0606961250305176 -0.18443042039871216 -10.305546760559082
v 2.2486186027526855 0.16352474689483643 -10.68722915649414
v -0.39333218336105347 1.5860862731933594 -13.244917869567871
v -0.8116003274917603 1.993302583694458 -13.382389068603516
v 0.6842013001441956 0.7713238596916199 -12.540287017822266
v 0.2776939272880554 1.148362159729004 -12.724048614501953
v 0.9342946410179138 0.730911374092102 -12.179765701293945
v 0.5264290571212769 1.0499662160873413 -12.364288330078125
v -0.1369737833738327 1.5307708978652954 -12.880355834960938
v -0.5569390058517456 1.9098020792007446 -13.020548820495605
v 0.11166795343160629 1.3841180801391602 -12.529857635498047
v -0.30994123220443726 1.7439579963684082 -12.67475700378418
v -1.237692952156067 2.409597158432007 -13.490920066833496
v -1.6750651597976685 2.8218066692352295 -13.562153816223145
v -1.1672755479812622 2.5837626457214355 -12.917681694030762
v -1.4175008535385132 2.7300920486450195 -13.235379219055176
v -2.111774206161499 3.223459005355835 -13.597955703735352
v -1.8601843118667603 3.1442465782165527 -13.295266151428223
v -2.280792236328125 3.5094997882843018 -13.308655738830566
v -1.6056777238845825 3.0466794967651367 -13.001006126403809
v -2.0586280822753906 3.4681801795959473 -13.030513763427734
v 1.1758251190185547 0.6138389110565186 -11.832595825195312
v 0.7668688893318176 0.9132052063941956 -12.019803047180176
v 1.407523512840271 0.5129062533378601 -11.499811172485352
v 0.9980291128158569 0.8050098419189453 -11.692085266113281
v 0.1695004254579544 1.532681941986084 -12.063624382019043
v 1.431447982788086 0.6903796792030334 -11.10130786895752
v 0.6076523661613464 1.4541648626327515 -11.522523880004883
v -0.6865049004554749 2.3995203971862793 -12.331999778747559
v -0.9244057536125183 2.47261118888855 -12.618075370788574
v -1.3616509437561035 2.9678711891174316 -12.715495109558105
v -1.8132773637771606 3.408609390258789 -12.753510475158691
v -1.051668643951416 2.887044668197632 -12.341473579406738
v -1.5818442106246948 3.354313850402832 -12.476423263549805
v -0.2565765082836151 2.353741407394409 -11.811915397644043
v -0.9995683431625366 2.940678358078003 -12.1710844039917
v -1.3665646314620972 3.2979729175567627 -12.19519329071045
v -0.6993938088417053 2.7972373962402344 -11.9132719039917
v -1.168027639389038 3.2419967651367188 -11.9088716506958
v -0.46648162603378296 2.3657386302948 -12.07116413116455
v -2.7100272178649902 3.849055290222168 -13.274067878723145
v -2.4964616298675537 3.8521573543548584 -13.008172988891602
v -2.2804479598999023 3.8468692302703857 -12.741817474365234
v -2.7654917240142822 4.226363182067871 -12.665361404418945
v -2.050213098526001 3.7945287227630615 -12.46582317352295
v -2.5422563552856445 4.192087173461914 -12.38941478729248
v -1.8386688232421875 3.725301504135132 -12.178221702575684
v -2.33474063873291 4.122588157653809 -12.096603393554688
v -1.6465543508529663 3.6505775451660156 -11.878620147705078
v -2.148444414138794 4.028415203094482 -11.786907196044922
v 15.596972465515137 -7.051642417907715 -2.9135284423828125
v 15.974353790283203 -6.835035800933838 -3.3584141731262207
v 16.123382568359375 -6.458372592926025 -3.8154263496398926
v 15.853707313537598 -6.667457580566406 -4.331084251403809
v 16.120357513427734 -6.1888346672058105 -4.067961692810059
v 11.733436584472656 -6.583373546600342 -3.4324684143066406
v 11.45219898223877 -6.509396553039551 -3.4286670684814453
v 10.933520317077637 -6.312611103057861 -3.3822314739227295
v 10.942304611206055 -6.367445945739746 -3.062523365020752
v 13.286429405212402 -6.950328350067139 -3.261768102645874
v 14.964483261108398 -7.026050090789795 -2.477384567260742
v 14.424446105957031 -6.893622875213623 -2.231024742126465
v 13.912227630615234 -6.773769378662109 -2.052292585372925
v 13.285212516784668 -6.767801284790039 -2.441396713256836
v 13.353741645812988 -6.635777950286865 -1.7996904850006104
v 14.13411808013916 -6.992038249969482 -2.8546974658966064
v 13.789626121520996 -6.974335670471191 -3.071326732635498
v 13.817317008972168 -6.9061408042907715 -2.7340118885040283
v 11.25613784790039 -6.657839298248291 -2.296633005142212
v 12.868856430053711 -6.569167613983154 -1.6034740209579468
v 12.274577140808105 -6.5527424812316895 -1.3404139280319214
v 11.72191333770752 -6.533768177032471 -1.1155048608779907
v 11.187644004821777 -6.448215484619141 -0.8648261427879333
v 12.136016845703125 -6.704958915710449 -2.013293504714966
v 11.620165824890137 -6.753909587860107 -2.2194149494171143
v 11.65812873840332 -6.676163196563721 -1.8093509674072266
v 12.013708114624023 -6.642229080200195 -3.42244029045105
v 12.107869148254395 -6.778363227844238 -2.7561185359954834
v 11.531181335449219 -6.607741832733154 -2.8781003952026367
v 10.96336841583252 -6.402753829956055 -2.8780040740966797
v 10.997288703918457 -6.4622931480407715 -2.640340805053711
v 11.58655834197998 -6.724836349487305 -2.436835289001465
v 12.04941177368164 -6.6953654289245605 -3.114410400390625
v 13.417004585266113 -6.8218536376953125 -4.470204830169678
v 13.150212287902832 -6.763581275939941 -4.374096870422363
v 14.712196350097656 -6.900803565979004 -5.527698993682861
v 14.391938209533691 -6.868319034576416 -5.5725178718566895
v 13.215262413024902 -6.7004780769348145 -4.985991954803467
v 14.360028266906738 -6.925581455230713 -5.0966386795043945
v 13.765763282775879 -6.822422027587891 -5.018360137939453
v 13.7506103515625 -6.854592323303223 -4.721279621124268
v 13.811041831970215 -6.7735066413879395 -5.588616371154785
v 13.25463581085205 -6.672204971313477 -5.67868185043335
v 11.416502952575684 -6.38700008392334 -4.403332710266113
v 11.006824493408203 -6.253055095672607 -4.19943380355835
v 12.565356254577637 -6.672131538391113 -3.920116901397705
v 12.001083374023438 -6.569648742675781 -4.036376476287842
v 12.583762168884277 -6.61594820022583 -4.461249828338623
v 12.034512519836426 -6.537515640258789 -4.445842266082764
v 11.683194160461426 -6.511526107788086 -3.9366798400878906
v 10.963252067565918 -6.265796184539795 -3.84222149848938
v 10.941550254821777 -6.288286209106445 -3.562885046005249
v 12.144744873046875 -6.505868434906006 -4.916615009307861
v 12.979421615600586 -6.6113457679748535 -5.557499885559082
v 12.70439338684082 -6.549639701843262 -5.540024280548096
v 12.183887481689453 -6.485391616821289 -5.496010780334473
v 11.598122596740723 -6.399073123931885 -4.877757549285889
v 11.120658874511719 -6.23415470123291 -4.7702860832214355
v 11.714834213256836 -6.381659984588623 -5.505139350891113
v 11.247958183288574 -6.2078022956848145 -5.271694183349609
v 12.646283149719238 -6.564609050750732 -4.973006725311279
v 13.451684951782227 -6.913399696350098 -3.9091928005218506
v 13.163057327270508 -6.84670877456665 -3.7315666675567627
v 14.242225646972656 -7.08466911315918 -3.734616279602051
v 13.742561340332031 -7.002348899841309 -3.8880228996276855
v 13.763917922973633 -7.0280866622924805 -3.487595796585083
v 14.277056694030762 -7.02592658996582 -4.453780174255371
v 13.739177703857422 -6.895099639892578 -4.457489490509033
v 13.733092308044434 -6.966212272644043 -4.091759204864502
v 14.949901580810547 -7.0926361083984375 -3.345076560974121
v 15.642060279846191 -6.986783504486084 -3.671069622039795
v 15.381175994873047 -6.958987712860107 -4.626423358917236
v 14.957467079162598 -7.096445083618164 -4.161358833312988
v 15.26707649230957 -6.869492530822754 -5.360862731933594
v 15.044987678527832 -6.898933410644531 -5.442769527435303
v 15.010990142822266 -6.982114791870117 -5.093038082122803
v 15.674005508422852 -6.692424297332764 -5.083583831787109
v 15.937832832336426 -6.359348773956299 -4.679786205291748
v 16.07122802734375 -5.92697286605835 -4.274001598358154
v 12.607230186462402 -6.745214462280273 -3.3809263706207275
v 15.594524383544922 -7.032634735107422 -2.101564407348633
v 16.081384658813477 -6.806252956390381 -1.6559126377105713
v 15.959572792053223 -6.666551113128662 -0.8039647936820984
v 15.620832443237305 -6.912907600402832 -1.184417486190796
v 15.75511646270752 -6.716130256652832 -0.6153004765510559
v 16.10614585876465 -6.161983966827393 -0.34468987584114075
v 16.279436111450195 -6.422616958618164 -1.2476601600646973
v 16.0752010345459 -6.857903957366943 -2.512425661087036
v 16.353307723999023 -6.528618335723877 -2.109866142272949
v 16.297487258911133 -6.543551921844482 -2.9592480659484863
v 16.44378662109375 -6.112077713012695 -2.567805290222168
v 16.419036865234375 -6.044260501861572 -1.705004334449768
v 16.3619384765625 -5.691413402557373 -1.4734925031661987
v 16.265827178955078 -5.836447715759277 -0.8131670355796814
v 16.398256301879883 -5.647320747375488 -2.1525089740753174
v 16.320598602294922 -5.814950942993164 -3.2345762252807617
v 16.26799201965332 -5.919595241546631 -3.5212879180908203
v 14.579148292541504 -6.640977382659912 -0.7906696200370789
v 13.687582015991211 -6.555113315582275 -1.1878724098205566
v 13.43054485321045 -6.486108779907227 -1.091266393661499
v 13.957374572753906 -6.628107070922852 -1.2892396450042725
v 14.032214164733887 -6.466415882110596 -0.570722222328186
v 14.620807647705078 -6.486442565917969 -0.027891382575035095
v 14.706905364990234 -6.298841953277588 0.6539665460586548
v 15.142959594726562 -6.676408290863037 -0.39117753505706787
v 15.737777709960938 -6.394495010375977 0.028471149504184723
v 15.179112434387207 -6.393043041229248 0.41534602642059326
v 14.355476379394531 -6.401338577270508 0.0693577229976654
v 14.097514152526855 -6.316973686218262 0.16036686301231384
v 13.57237434387207 -6.145310878753662 0.3482946455478668
v 14.84283447265625 -6.892680644989014 -1.6202681064605713
v 14.461174964904785 -6.822318077087402 -1.7900621891021729
v 14.485153198242188 -6.773918628692627 -1.4860268831253052
v 15.0767822265625 -6.8190598487854 -0.9513636827468872
v 13.509496688842773 -6.295777320861816 -0.3515933156013489
v 12.974365234375 -6.1658782958984375 -0.17277003824710846
v 15.52601432800293 -5.566508769989014 1.2538551092147827
v 15.840456008911133 -5.914200305938721 0.42513442039489746
v 15.42723560333252 -6.084684371948242 0.866974413394928
v 15.758560180664062 -5.385130405426025 0.7594553232192993
v 15.446281433105469 -4.907397270202637 1.5562018156051636
v 15.574932098388672 -4.7755446434021 0.9965031147003174
v 15.214406967163086 -4.252000331878662 1.7631791830062866
v 15.016233444213867 -3.904651403427124 1.901495337486267
v 15.346359252929688 -4.307033061981201 1.1716947555541992
v 14.997980117797852 -3.7507314682006836 1.365734577178955
v 14.944156646728516 -3.7543158531188965 1.7057970762252808
v 16.013093948364258 -5.634530067443848 0.02398429811000824
v 15.908291816711426 -5.3129963874816895 0.19596773386001587
v 15.98164176940918 -5.210018157958984 -0.3786354959011078
v 15.737102508544922 -4.579455375671387 -0.2419784963130951
v 15.71214771270752 -4.6395416259765625 0.23879985511302948
v 15.366911888122559 -4.202121734619141 0.5989356637001038
v 15.323504447937012 -4.212575912475586 0.9057333469390869
v 15.222012519836426 -4.052765369415283 0.692959189414978
v 15.045330047607422 -3.8593335151672363 0.8009569048881531
v 15.0829439163208 -3.8077328205108643 0.31506335735321045
v 14.825037002563477 -3.5671913623809814 1.4565762281417847
v 14.596100807189941 -3.3096554279327393 1.0412988662719727
v 14.706735610961914 -3.4397244453430176 1.2445989847183228
v 14.831293106079102 -3.4595165252685547 0.34014415740966797
v 14.37662410736084 -2.9470527172088623 0.5920213460922241
v 14.46544361114502 -3.1098904609680176 0.7931053638458252
v 16.255290985107422 -5.383915901184082 -1.3061987161636353
v 16.15062141418457 -4.987765789031982 -1.891843557357788
v 16.136098861694336 -5.002141952514648 -1.5831904411315918
v 16.015071868896484 -4.777883529663086 -1.7781108617782593
v 16.369522094726562 -5.712625503540039 -2.8833210468292236
v 16.021587371826172 -5.284643173217773 -3.822916030883789
v 16.0947265625 -5.140290260314941 -3.2419958114624023
v 15.812749862670898 -4.878920555114746 -3.4609060287475586
v 16.146587371826172 -5.016017436981201 -2.4843826293945312
v 16.00734519958496 -4.872108459472656 -2.630798101425171
v 15.858694076538086 -4.681663990020752 -2.4852542877197266
v 15.865791320800781 -4.618658542633057 -1.9722492694854736
v 15.844886779785156 -4.730875492095947 -2.788714647293091
v 15.575630187988281 -4.329624652862549 -2.3048319816589355
v 15.54319953918457 -4.450305938720703 -3.0968832969665527
v 15.25127124786377 -4.002625465393066 -2.706319570541382
v 16.096195220947266 -5.052971839904785 -1.1275874376296997
v 15.83452320098877 -4.604950904846191 -0.9593117237091064
v 15.858582496643066 -4.592720031738281 -1.6644577980041504
v 15.502301216125488 -4.242642402648926 -0.7044010162353516
v 15.447432518005371 -4.193113803863525 -0.06159602105617523
v 15.318831443786621 -4.036277770996094 -0.5649010539054871
v 15.558030128479004 -4.247770309448242 -1.40951406955719
v 15.260944366455078 -3.8892881870269775 -1.1641886234283447
v 15.221729278564453 -3.892240524291992 -0.7450891733169556
v 15.081607818603516 -3.673570156097412 -1.0142278671264648
v 14.891861915588379 -3.4984161853790283 -0.2631675899028778
v 14.591548919677734 -3.088428497314453 -0.07972154021263123
v 13.936649322509766 -2.4139702320098877 -0.3416310250759125
v 13.88426685333252 -2.4392688274383545 -0.03198719024658203
v 15.213499069213867 -3.8506202697753906 -1.8641413450241089
v 14.998276710510254 -3.568657159805298 -1.6593875885009766
v 14.978048324584961 -3.532034397125244 -1.1856062412261963
v 14.695497512817383 -3.16328763961792 -1.4076591730117798
v 15.008987426757812 -3.6571695804595947 -2.471106767654419
v 15.007155418395996 -3.615327835083008 -2.125483274459839
v 14.852068901062012 -3.4257125854492188 -2.3130762577056885
v 14.412853240966797 -2.8096086978912354 -1.9318982362747192
v 14.619081497192383 -3.149637460708618 -0.6068119406700134
v 14.358152389526367 -2.7632219791412354 -1.0544066429138184
v 14.203934669494629 -2.5736520290374756 -1.0945817232131958
v 14.298256874084473 -2.769443988800049 -0.5060091614723206
v 14.095771789550781 -2.4161593914031982 -1.7193328142166138
v 14.048015594482422 -2.394874095916748 -1.13057279586792
v 13.285517692565918 -6.697144508361816 -6.242408752441406
v 13.359606742858887 -6.66056489944458 -6.825104236602783
v 14.051396369934082 -6.61260986328125 -6.747000694274902
v 13.806245803833008 -6.720715045928955 -6.31699800491333
v 14.476705551147461 -6.794088840484619 -6.106170654296875
v 15.11209487915039 -6.789667129516602 -5.984539985656738
v 14.798318862915039 -6.563779354095459 -6.587417125701904
v 14.225221633911133 -6.280280113220215 -7.09001350402832
v 13.585850715637207 -6.395241737365723 -7.339626789093018
v 15.358640670776367 -6.385981559753418 -6.435985088348389
v 14.748042106628418 -6.109246730804443 -6.879682540893555
v 15.245832443237305 -5.929069995880127 -6.629086971282959
v 14.565793991088867 -5.766960620880127 -7.014784812927246
v 13.988903045654297 -5.843521595001221 -7.400378227233887
v 14.676212310791016 -5.350008010864258 -6.752836227416992
v 12.748960494995117 -6.600007057189941 -6.2069268226623535
v 12.250545501708984 -6.491046905517578 -6.119358539581299
v 12.217948913574219 -6.490320682525635 -5.8215460777282715
v 12.8317289352417 -6.565201282501221 -6.863199234008789
v 12.364916801452637 -6.43232536315918 -6.726512432098389
v 11.80005168914795 -6.360167026519775 -5.964237689971924
v 11.378090858459473 -6.170333385467529 -5.763323783874512
v 11.943290710449219 -6.2806172370910645 -6.521657943725586
v 11.547048568725586 -6.077362060546875 -6.272046089172363
v 13.024530410766602 -6.343913555145264 -7.357511043548584
v 12.56330680847168 -6.255965709686279 -7.224217891693115
v 13.244494438171387 -5.975438117980957 -7.600200653076172
v 12.901881217956543 -5.896518230438232 -7.51982307434082
v 12.154172897338867 -6.104611396789551 -6.99337100982666
v 11.774840354919434 -5.894493103027344 -6.714777946472168
v 12.455769538879395 -5.7813615798950195 -7.283941268920898
v 11.962475776672363 -5.713159084320068 -6.921446800231934
v 15.578612327575684 -6.604865550994873 -5.761388301849365
v 15.85563850402832 -6.302059173583984 -5.438068389892578
v 15.721760749816895 -6.210076332092285 -6.091036796569824
v 15.92531681060791 -5.825763702392578 -5.72735071182251
v 15.985113143920898 -5.873036861419678 -5.0588226318359375
v 15.963855743408203 -5.374493598937988 -4.625924110412598
v 15.970199584960938 -5.343472957611084 -5.328122615814209
v 15.632613182067871 -5.741807460784912 -6.289896011352539
v 15.8768949508667 -5.517752647399902 -5.866579532623291
v 15.753534317016602 -5.221299648284912 -5.9617204666137695
v 15.403676986694336 -5.3426947593688965 -6.39608907699585
v 15.601831436157227 -5.067139625549316 -6.026676177978516
v 14.883199691772461 -5.041736602783203 -6.415997505187988
v 15.246500015258789 -4.843210697174072 -6.054530620574951
v 15.740450859069824 -4.859545707702637 -5.57807731628418
v 15.802579879760742 -4.767687797546387 -4.903822422027588
v 15.515088081359863 -4.408374309539795 -5.154897212982178
v 15.402043342590332 -4.593096733093262 -5.640844345092773
v 14.882351875305176 -4.654022216796875 -6.01593542098999
v 15.0254545211792 -4.396667003631592 -5.639087200164795
v 15.161081314086914 -4.168696880340576 -5.202253341674805
v 14.658562660217285 -4.225164890289307 -5.600302219390869
v 14.782198905944824 -3.963700532913208 -5.206966876983643
v 14.349377632141113 -3.8319520950317383 -5.262728691101074
v 14.241310119628906 -5.528005599975586 -7.111772537231445
v 14.46384048461914 -5.235806465148926 -6.760230541229248
v 13.643281936645508 -5.640295028686523 -7.462441921234131
v 13.244122505187988 -5.501504898071289 -7.386342525482178
v 12.808281898498535 -5.3960771560668945 -7.217830181121826
v 12.347230911254883 -5.284636974334717 -6.94783353805542
v 13.877077102661133 -5.345168113708496 -7.123448371887207
v 13.478864669799805 -5.206448554992676 -7.05517578125
v 14.085368156433105 -5.062479496002197 -6.744731903076172
v 13.690917015075684 -4.914760112762451 -6.690106391906738
v 13.056191444396973 -5.074305534362793 -6.902331352233887
v 12.616044044494629 -4.945706367492676 -6.694783687591553
v 13.277827262878418 -4.762476444244385 -6.550374507904053
v 12.847146987915039 -4.625818729400635 -6.378600120544434
v 14.67449951171875 -4.944275379180908 -6.405035018920898
v 14.282967567443848 -4.779252529144287 -6.370469570159912
v 13.885869979858398 -4.617596626281738 -6.3019256591796875
v 14.471155166625977 -4.497551441192627 -6.001594543457031
v 14.067328453063965 -4.324283123016357 -5.91662073135376
v 13.479406356811523 -4.455979824066162 -6.187506198883057
v 13.061346054077148 -4.304951190948486 -6.054873943328857
v 13.662452697753906 -4.154574871063232 -5.816229820251465
v 13.252397537231445 -3.9905476570129395 -5.71022367477417
v 14.239713668823242 -4.032790660858154 -5.541779518127441
v 13.840697288513184 -3.8444395065307617 -5.4642791748046875
v 13.437103271484375 -3.669534921646118 -5.383157253265381
v 14.05435562133789 -3.445387125015259 -4.951548099517822
v 13.603346824645996 -3.3621127605438232 -5.044377326965332
v 15.772908210754395 -4.885538101196289 -4.241520881652832
v 15.514345169067383 -4.470194339752197 -3.8113956451416016
v 15.543557167053223 -4.364048480987549 -4.503582000732422
v 15.224803924560547 -4.0520710945129395 -4.859242916107178
v 15.16689682006836 -3.8920226097106934 -4.095132827758789
v 15.161653518676758 -3.929577589035034 -3.4531102180480957
v 14.983078956604004 -3.6580214500427246 -3.2514805793762207
v 14.997095108032227 -3.692087411880493 -2.946277141571045
v 14.810229301452637 -3.394711494445801 -3.0688259601593018
v 14.965648651123047 -3.627253293991089 -3.9137916564941406
v 14.97083854675293 -3.6360552310943604 -3.580977439880371
v 14.70517349243164 -3.2675395011901855 -3.7122139930725098
v 14.360207557678223 -2.7655892372131348 -3.3655807971954346
v 15.050677299499512 -3.875014543533325 -4.719445705413818
v 14.952489852905273 -3.645049571990967 -4.19312858581543
v 14.909513473510742 -3.7217109203338623 -4.61034631729126
v 14.519246101379395 -3.514058828353882 -4.7490386962890625
v 14.524408340454102 -3.2564380168914795 -4.30344820022583
v 14.138503074645996 -3.2826294898986816 -4.720832347869873
v 13.771530151367188 -3.0784108638763428 -4.6952033042907715
v 14.258272171020508 -3.043393135070801 -4.324272155761719
v 13.892526626586914 -2.7874794006347656 -4.340649127960205
v 14.30288028717041 -2.955584764480591 -4.1112260818481445
v 14.343718528747559 -2.8814287185668945 -3.8652453422546387
v 14.0392427444458 -2.591256856918335 -3.8853321075439453
v 14.072577476501465 -2.42850399017334 -3.4484305381774902
v 14.721884727478027 -3.2742185592651367 -2.456390380859375
v 14.422748565673828 -2.8140101432800293 -2.693453788757324
v 14.114307403564453 -2.3977184295654297 -2.4572501182556152
v 14.101348876953125 -2.3897979259490967 -3.167552947998047
v 14.113548278808594 -2.378565549850464 -2.894803047180176
v 10.1819486618042 -5.996695518493652 -2.7915215492248535
v 10.45541000366211 -6.077267646789551 -3.328399181365967
v 10.002097129821777 -5.811376571655273 -3.2037618160247803
v 9.527960777282715 -5.607481002807617 -2.6004769802093506
v 9.057679176330566 -5.305318355560303 -2.6180055141448975
v 9.047555923461914 -5.343992710113525 -2.4549262523651123
v 9.478047370910645 -5.479038238525391 -3.0700085163116455
v 9.093511581420898 -5.257661819458008 -2.95279598236084
v 7.009377479553223 -4.762314796447754 -2.4112138748168945
v 6.639975547790527 -4.740328788757324 -2.450221538543701
v 6.585585594177246 -4.7980146408081055 -2.1787655353546143
v 8.461045265197754 -5.1024627685546875 -2.2326135635375977
v 7.943439960479736 -4.886449337005615 -2.2641208171844482
v 7.9438700675964355 -4.942671775817871 -2.037541389465332
v 6.458257675170898 -4.835422515869141 -1.7860169410705566
v 7.6353960037231445 -4.864471912384033 -1.908423900604248
v 7.300437927246094 -4.83296537399292 -1.9901885986328125
v 7.337682723999023 -4.867857456207275 -1.7855029106140137
v 7.626617431640625 -4.785557270050049 -2.309068202972412
v 7.2983598709106445 -4.771622657775879 -2.365475654602051
v 7.075984477996826 -4.820703029632568 -2.045691728591919
v 6.744255065917969 -4.699106693267822 -2.6888375282287598
v 7.349729061126709 -4.728548049926758 -2.5844173431396484
v 7.182827949523926 -4.703537464141846 -2.9453232288360596
v 6.857350826263428 -4.699553489685059 -2.9677186012268066
v 7.462517261505127 -4.70578145980835 -2.9275014400482178
v 8.226008415222168 -4.912522792816162 -2.601141929626465
v 7.964590549468994 -4.845987796783447 -2.477429151535034
v 8.549098014831543 -5.0441694259643555 -2.594139337539673
v 8.605619430541992 -5.010047435760498 -2.9528160095214844
v 8.570608139038086 -5.0236334800720215 -2.7537131309509277
v 10.015833854675293 -6.026789665222168 -2.292612314224243
v 10.504026412963867 -6.288243770599365 -2.384056568145752
v 10.550928115844727 -6.446623802185059 -2.0196077823638916
v 9.889152526855469 -6.184872150421143 -1.7837789058685303
v 9.324790954589844 -6.082998275756836 -1.5734546184539795
v 9.03205394744873 -5.633975028991699 -1.783204436302185
v 8.858057975769043 -5.8589186668396 -1.5599942207336426
v 9.529623031616211 -5.770395278930664 -2.1431899070739746
v 9.039433479309082 -5.421867847442627 -2.216209888458252
v 9.035079956054688 -5.522252559661865 -1.9890333414077759
v 11.039346694946289 -6.575613975524902 -1.5258886814117432
v 10.585131645202637 -6.540413856506348 -1.7051873207092285
v 10.5984468460083 -6.491337776184082 -1.3983144760131836
v 10.734945297241211 -6.366602897644043 -0.6766381859779358
v 10.458707809448242 -6.156642436981201 -2.8317527770996094
v 8.482210159301758 -5.446410179138184 -1.7376906871795654
v 7.955689430236816 -5.001760482788086 -1.8514928817749023
v 7.973565578460693 -5.094542503356934 -1.6246771812438965
v 10.549139976501465 -6.038732051849365 -4.083118438720703
v 10.090359687805176 -5.793895244598389 -3.8442962169647217
v 9.657975196838379 -5.533166885375977 -3.7208924293518066
v 9.24742317199707 -5.295897006988525 -3.7738702297210693
v 9.202656745910645 -5.2754034996032715 -3.573399066925049
v 10.494949340820312 -6.0466437339782715 -3.729341745376587
v 10.050969123840332 -5.791186809539795 -3.6049468517303467
v 9.614713668823242 -5.521121501922607 -3.484759569168091
v 9.165432929992676 -5.2591094970703125 -3.385366678237915
v 10.673028945922852 -6.028914928436279 -4.625967025756836
v 10.242474555969238 -5.7968854904174805 -4.46957540512085
v 10.833586692810059 -5.993331432342529 -5.151679992675781
v 10.390045166015625 -5.773323059082031 -4.905927658081055
v 9.813243865966797 -5.555714130401611 -4.3233771324157715
v 9.363886833190918 -5.319952964782715 -4.159064292907715
v 9.965936660766602 -5.534962177276611 -4.716634273529053
v 9.5194091796875 -5.310642719268799 -4.549557209014893
v 8.650118827819824 -5.00577974319458 -3.3018205165863037
v 8.14193058013916 -4.828979015350342 -3.2392961978912354
v 8.00178337097168 -4.782552719116211 -2.9129550457000732
v 8.762062072753906 -5.071832180023193 -3.6588664054870605
v 7.571052074432373 -4.734106063842773 -3.203395128250122
v 7.657114028930664 -4.819608688354492 -3.6073248386383057
v 8.344388961791992 -4.9832000732421875 -4.004330635070801
v 8.211726188659668 -4.900847911834717 -3.624480724334717
v 9.257596015930176 -5.207475185394287 -4.482534885406494
v 8.927477836608887 -5.131450176239014 -4.1811347007751465
v 8.48114013671875 -5.0422868728637695 -4.428207874298096
v 6.343482971191406 -4.713010311126709 -2.4716880321502686
v 6.0163068771362305 -4.682252883911133 -2.4937551021575928
v 5.9153523445129395 -4.792311668395996 -2.274231195449829
v 13.570155143737793 -2.0736942291259766 -0.20755301415920258
v 13.67035961151123 -2.0393404960632324 -0.8505116701126099
v 13.765924453735352 -2.059342384338379 -1.538572072982788
v 13.40288257598877 -1.700582504272461 -1.3756486177444458
v 13.223299980163574 -1.6354871988296509 -0.706960916519165
v 13.026803970336914 -1.3632551431655884 -1.2598450183868408
v 12.963570594787598 -1.3738808631896973 -0.8640677332878113
v 12.613425254821777 -1.0575628280639648 -1.0404103994369507
v 12.241170883178711 -0.6983102560043335 -1.1617372035980225
v 8.925621032714844 2.6322553157806396 -1.3240643739700317
v 8.208333969116211 3.2199807167053223 -1.6666123867034912
v 8.147427558898926 3.0699989795684814 -0.8789605498313904
v 7.682043552398682 3.3333053588867188 -0.862287700176239
v 7.087337017059326 3.6823549270629883 -1.2302018404006958
v 7.5819926261901855 3.57060170173645 -2.0982227325439453
v 7.144548416137695 3.7684574127197266 -2.222691059112549
v 10.971525192260742 -5.94705057144165 -5.554365158081055
v 10.530919075012207 -5.726309299468994 -5.260407447814941
v 11.161150932312012 -5.843302249908447 -6.019781589508057
v 10.710563659667969 -5.635563373565674 -5.626316547393799
v 10.146919250488281 -5.47921085357666 -5.111483097076416
v 10.36203384399414 -5.369889736175537 -5.501020431518555
v 9.92080307006836 -5.169639587402344 -5.318331718444824
v 11.409096717834473 -5.664124965667725 -6.4004998207092285
v 11.02686882019043 -5.406336307525635 -6.094958305358887
v 11.740294456481934 -5.320250988006592 -6.630614280700684
v 10.624885559082031 -5.181698799133301 -5.849056243896484
v 10.183036804199219 -4.998430252075195 -5.667328834533691
v 11.336195945739746 -5.053527355194092 -6.286645889282227
v 10.941826820373535 -4.89262056350708 -6.067030429840088
v 9.593306541442871 -5.223110675811768 -4.908791542053223
v 9.211285591125488 -5.111878871917725 -4.849678993225098
v 9.602578163146973 -5.061746597290039 -5.246675491333008
v 9.55484390258789 -4.956249713897705 -5.408969879150391
v 9.511634826660156 -4.846114635467529 -5.597990989685059
v 9.107476234436035 -4.854568004608154 -5.684623718261719
v 9.392655372619629 -4.606257438659668 -5.995065689086914
v 10.439534187316895 -4.693222522735596 -5.912795066833496
v 10.011711120605469 -4.607912063598633 -5.877295017242432
v 12.16479778289795 -4.819559097290039 -6.46736478805542
v 11.712413787841797 -4.682864189147949 -6.246713161468506
v 12.412202835083008 -4.486092567443848 -6.203060150146484
v 11.981351852416992 -4.33467960357666 -6.046564102172852
v 11.277177810668945 -4.522496223449707 -6.078860759735107
v 10.86740779876709 -4.333191394805908 -5.983272552490234
v 11.565553665161133 -4.165585041046143 -5.935592174530029
v 11.026247024536133 -4.143150329589844 -5.933343410491943
v 11.164274215698242 -3.970388650894165 -5.874184608459473
v 9.181694030761719 -4.3104448318481445 -6.4574360847473145
v 8.887263298034668 -3.9719200134277344 -6.809159278869629
v 9.502433776855469 -3.9438157081604004 -6.392561912536621
v 9.153995513916016 -3.7358713150024414 -6.636421203613281
v 10.489009857177734 -4.131666660308838 -5.9735894203186035
v 9.787909507751465 -4.212823390960693 -6.141674518585205
v 10.130230903625488 -3.8698134422302246 -6.076494216918945
v 10.777654647827148 -3.7580084800720215 -5.870573997497559
v 10.40003490447998 -3.5294957160949707 -5.920737266540527
v 9.669317245483398 -3.53267765045166 -6.276796817779541
v 10.017093658447266 -3.350224733352661 -6.045735836029053
v 9.417893409729004 -3.346277952194214 -6.405432224273682
v 9.651199340820312 -3.027501344680786 -6.161052227020264
v 12.639494895935059 -4.150455951690674 -5.918971538543701
v 12.339798927307129 -4.033111572265625 -5.83817720413208
v 12.839481353759766 -3.8265814781188965 -5.604729652404785
v 12.464414596557617 -3.666813850402832 -5.535998821258545
v 11.818326950073242 -3.8096961975097656 -5.736032009124756
v 11.418731689453125 -3.620980978012085 -5.686856269836426
v 12.0397310256958 -3.4692628383636475 -5.490291595458984
v 11.644187927246094 -3.277873992919922 -5.460518836975098
v 12.822770118713379 -2.9792630672454834 -4.980663299560547
v 12.05571460723877 -2.5763919353485107 -4.9888014793396
v 11.029084205627441 -3.4118492603302 -5.684792995452881
v 10.645271301269531 -3.1838293075561523 -5.727155685424805
v 11.24966049194336 -3.0737099647521973 -5.451906204223633
v 10.861564636230469 -2.8467814922332764 -5.490060806274414
v 11.852134704589844 -2.934523344039917 -5.21904182434082
v 11.455766677856445 -2.7316243648529053 -5.210114002227783
v 11.064881324768066 -2.5040886402130127 -5.247112274169922
v 11.65936279296875 -2.3769781589508057 -4.9906744956970215
v 11.256274223327637 -2.1612396240234375 -5.005075454711914
v 10.666942596435547 -2.2561662197113037 -5.310146808624268
v 10.851788520812988 -1.9104070663452148 -5.054325103759766
v 10.346579551696777 -3.0005991458892822 -5.77937650680542
v 9.873788833618164 -2.6903183460235596 -5.91675329208374
v 10.642280578613281 -2.710066795349121 -5.524981498718262
v 10.082280158996582 -2.3382608890533447 -5.669707298278809
v 10.270063400268555 -1.983668327331543 -5.407779693603516
v 8.726393699645996 -3.8364193439483643 -6.922007083892822
v 8.53931713104248 -3.674621105194092 -7.058212757110596
v 8.174717903137207 -3.3764495849609375 -7.2881317138671875
v 8.80906867980957 -3.372558355331421 -6.856326580047607
v 8.431037902832031 -3.0900609493255615 -7.065037727355957
v 7.78565788269043 -3.08603572845459 -7.488102436065674
v 7.382791042327881 -2.8234941959381104 -7.668713092803955
v 7.990168571472168 -2.859734058380127 -7.304091930389404
v 7.625821590423584 -2.56466007232666 -7.4456658363342285
v 9.050385475158691 -3.0722992420196533 -6.603121280670166
v 8.664795875549316 -2.7993907928466797 -6.802410125732422
v 9.26535415649414 -2.766540765762329 -6.322895526885986
v 8.87324333190918 -2.498239040374756 -6.515810012817383
v 8.466439247131348 -2.669255256652832 -6.896468639373779
v 8.25673770904541 -2.5447418689727783 -6.991336345672607
v 7.848302364349365 -2.306981325149536 -7.186506271362305
v 8.627634048461914 -2.3482654094696045 -6.630832672119141
v 8.052824974060059 -2.0257344245910645 -6.914455413818359
v 6.832278251647949 -2.6880247592926025 -7.9306640625
v 6.541984558105469 -2.3008921146392822 -8.047476768493652
v 7.20871114730835 -2.318068265914917 -7.6355814933776855
v 6.78195333480835 -2.0655124187469482 -7.838541030883789
v 5.942025661468506 -1.4721550941467285 -8.356345176696777
v 7.222881317138672 -1.520927906036377 -7.405544757843018
v 6.346715927124023 -1.0070947408676147 -7.895183563232422
v 10.401747703552246 -1.5923656225204468 -5.1560163497924805
v 9.47168254852295 -2.435863494873047 -6.051126480102539
v 9.066332817077637 -2.172085762023926 -6.229416847229004
v 9.682985305786133 -2.066990375518799 -5.810359001159668
v 9.261678695678711 -1.810158610343933 -5.970582962036133
v 8.6200532913208 -2.0084779262542725 -6.488672256469727
v 8.844409942626953 -1.5794703960418701 -6.161072254180908
v 8.368631362915039 -1.4710068702697754 -6.484601974487305
v 8.254179954528809 -1.6967318058013916 -6.656280040740967
v 9.869385719299316 -1.6919777393341064 -5.555059909820557
v 9.455625534057617 -1.4158241748809814 -5.729344844818115
v 10.112869262695312 -1.1299915313720703 -5.179609298706055
v 9.624979019165039 -1.0061001777648926 -5.469568729400635
v 9.021066665649414 -1.1790544986724854 -5.906115531921387
v 8.601205825805664 -0.9234325289726257 -6.140377998352051
v 9.172914505004883 -0.7522459626197815 -5.633514404296875
v 8.743650436401367 -0.47326043248176575 -5.861296653747559
v 7.601846218109131 -0.7746512293815613 -6.857247352600098
v 6.694596767425537 -0.3471677303314209 -7.411484718322754
v 8.095846176147461 -1.1401945352554321 -6.595407009124756
v 8.169992446899414 -0.6717844605445862 -6.390545845031738
v 7.7248711585998535 -0.4221751093864441 -6.647570610046387
v 8.294949531555176 -0.2077719122171402 -6.090435028076172
v 7.846871376037598 0.06578211486339569 -6.3437113761901855
v 7.284173011779785 -0.15213778614997864 -6.926027774810791
v 6.836207389831543 0.07753768563270569 -7.152084827423096
v 7.431994438171387 0.5549957156181335 -6.458477020263672
v 6.964367866516113 0.6680557727813721 -6.7354302406311035
v 7.161287784576416 -0.5180401802062988 -7.1383209228515625
v 13.503103256225586 -2.5902047157287598 -4.409918785095215
v 13.726387977600098 -2.1009466648101807 -3.5799832344055176
v 13.644100189208984 -2.286424160003662 -3.9776084423065186
v 13.245452880859375 -2.1160190105438232 -4.156803131103516
v 13.380983352661133 -1.781161904335022 -3.628114700317383
v 13.130260467529297 -1.9253822565078735 -4.06154203414917
v 13.020201683044434 -1.5058106184005737 -3.7152392864227295
v 12.67011547088623 -1.2638942003250122 -3.7743775844573975
v 13.79528522491455 -1.9940648078918457 -2.2434003353118896
v 13.88377857208252 -2.0891871452331543 -2.999026298522949
v 13.329002380371094 -1.3545390367507935 -2.6461315155029297
v 13.457433700561523 -1.6081643104553223 -2.0731558799743652
v 13.440272331237793 -1.6682102680206299 -1.7903311252593994
v 13.151646614074707 -1.2939702272415161 -1.9637843370437622
v 12.718472480773926 -0.8614543080329895 -1.818844199180603
v 12.769718170166016 -0.7506583333015442 -2.4278910160064697
v 12.746931076049805 -0.788844883441925 -2.103694438934326
v 13.419055938720703 -1.6784636974334717 -3.399150848388672
v 13.45240592956543 -1.5968453884124756 -3.154642105102539
v 13.158848762512207 -1.324303388595581 -3.2465384006500244
v 13.14222526550293 -1.1372065544128418 -2.714873790740967
v 12.76686954498291 -0.8554625511169434 -3.078505516052246
v 12.777908325195312 -0.7843132019042969 -2.833998918533325
v 12.736388206481934 -0.9805766344070435 -3.3675763607025146
v 12.327498435974121 -0.48915719985961914 -1.7378078699111938
v 11.9244384765625 -0.10096713155508041 -1.6900259256362915
v 11.868597984313965 -0.22430947422981262 -1.3377938270568848
v 12.388303756713867 -0.38245224952697754 -2.347336769104004
v 12.079693794250488 -0.09487567096948624 -2.3069136142730713
v 11.457230567932129 0.20966851711273193 -1.360335111618042
v 11.056042671203613 0.7034410834312439 -1.5083370208740234
v 12.290682792663574 -0.3722483515739441 -2.948362350463867
v 12.316502571105957 -0.8669611811637878 -3.6394705772399902
v 12.350364685058594 -0.7192794680595398 -3.436527729034424
v 11.952313423156738 -0.49355778098106384 -3.5331106185913086
v 12.006641387939453 -0.11255960911512375 -2.91566801071167
v 11.547327041625977 -0.17406487464904785 -3.5616917610168457
v 11.13571834564209 0.22473128139972687 -3.6340575218200684
v 11.591422080993652 0.2148580253124237 -3.001098394393921
v 11.174217224121094 0.5745881199836731 -3.139826536178589
v 11.582736015319824 0.3704046607017517 -2.3916280269622803
v 11.12200927734375 0.7400251030921936 -2.3271188735961914
v 13.155193328857422 -2.3159780502319336 -4.391681671142578
v 12.392114639282227 -1.9030424356460571 -4.441300392150879
v 12.776803016662598 -2.1046228408813477 -4.4154582023620605
v 12.961816787719727 -1.6691298484802246 -3.939345598220825
v 12.535069465637207 -1.5749030113220215 -4.135037422180176
v 11.601114273071289 -1.4858499765396118 -4.4932732582092285
v 11.441197395324707 -1.8117257356643677 -4.768098831176758
v 11.03112506866455 -1.5565615892410278 -4.810746192932129
v 10.616127967834473 -1.255957007408142 -4.891765594482422
v 11.19205379486084 -1.2244058847427368 -4.5438232421875
v 10.775358200073242 -0.8911222219467163 -4.632991313934326
v 12.072503089904785 -1.7159440517425537 -4.451261520385742
v 12.146354675292969 -1.3708126544952393 -4.173922061920166
v 11.708970069885254 -1.2513190507888794 -4.281057834625244
v 12.267784118652344 -1.036879539489746 -3.8381104469299316
v 11.87407112121582 -0.8205214738845825 -3.8814005851745605
v 11.406295776367188 -0.9601824283599854 -4.236359596252441
v 11.461843490600586 -0.5716735124588013 -3.9269566535949707
v 11.046598434448242 -0.15853305160999298 -4.018980979919434
v 10.948177337646484 -0.4608963131904602 -4.28403902053833
v 8.562715530395508 1.9306166172027588 -4.671874523162842
v 8.170021057128906 2.1446192264556885 -4.830490589141846
v 7.1820173263549805 1.9746936559677124 -5.4930338859558105
v 7.6801347732543945 2.3714776039123535 -4.834381103515625
v 10.63754653930664 1.1911835670471191 -1.5963996648788452
v 10.193483352661133 1.6429235935211182 -1.8045541048049927
v 10.174604415893555 1.6195008754730225 -1.493438959121704
v 10.393980026245117 1.4847726821899414 -2.488457202911377
v 9.733905792236328 2.0864973068237305 -1.9486231803894043
v 9.709793090820312 2.057457685470581 -1.4902907609939575
v 9.256621360778809 2.4992198944091797 -2.1098666191101074
v 9.215161323547363 2.445629835128784 -1.4079294204711914
v 9.769132614135742 2.074923038482666 -2.5142459869384766
v 9.290332794189453 2.4239118099212646 -2.932823657989502
v 9.276893615722656 2.485501527786255 -2.501553535461426
v 10.702096939086914 0.6546205282211304 -3.7646753787994385
v 10.243646621704102 1.060060739517212 -3.9463558197021484
v 10.695121765136719 0.998702883720398 -3.0437629222869873
v 10.220965385437012 1.4743363857269287 -3.253417730331421
v 9.803248405456543 1.870808720588684 -3.395355224609375
v 9.320182800292969 2.1861050128936768 -3.70582914352417
v 9.330009460449219 2.3245363235473633 -3.38468337059021
v 9.754178047180176 1.479581356048584 -4.036022663116455
v 9.303545951843262 1.9898152351379395 -4.060136318206787
v 10.696626663208008 1.2019829750061035 -2.463869094848633
v 8.276851654052734 3.0844619274139404 -3.3709909915924072
v 7.183595657348633 3.5378081798553467 -3.131484031677246
v 7.723537921905518 3.1515283584594727 -3.683156967163086
v 7.72218132019043 3.374392032623291 -3.2614479064941406
v 8.57922649383545 2.981940746307373 -2.398017168045044
v 8.238986015319824 3.2221410274505615 -2.456270933151245
v 7.7188944816589355 3.4734034538269043 -2.85319185256958
v 8.380446434020996 2.620790958404541 -4.14700174331665
v 8.808478355407715 2.7447597980499268 -3.294727325439453
v 8.81597900390625 2.4418678283691406 -4.063499450683594
v 7.70374059677124 2.645522356033325 -4.480749130249023
v 7.717156887054443 2.87076997756958 -4.151836395263672
v 10.202691078186035 -0.9053734540939331 -5.0338945388793945
v 9.73524284362793 -0.7066866159439087 -5.28074312210083
v 10.35306167602539 -0.5116179585456848 -4.767698764801025
v 9.925641059875488 -0.14943042397499084 -4.93992805480957
v 9.286090850830078 -0.38736310601234436 -5.409358501434326
v 8.83651351928711 -0.09939908236265182 -5.620991230010986
v 9.455175399780273 0.17514711618423462 -5.094210624694824
v 8.975905418395996 0.49324846267700195 -5.260009765625
v 10.628002166748047 0.3014363944530487 -4.1514763832092285
v 10.184276580810547 0.7367850542068481 -4.3097405433654785
v 10.546692848205566 0.010911867022514343 -4.4118475914001465
v 10.091792106628418 0.36121368408203125 -4.6280293464660645
v 9.296951293945312 0.7993184328079224 -4.839387893676758
v 9.66086196899414 1.0819209814071655 -4.395026206970215
v 9.235465049743652 1.6908026933670044 -4.361291885375977
v 9.576614379882812 0.6778743863105774 -4.739905834197998
v 8.367770195007324 0.1387711465358734 -5.866199493408203
v 7.903097152709961 0.3593733012676239 -6.158646583557129
v 7.945995330810547 0.6053736805915833 -6.005818843841553
v 8.50931453704834 0.8285660147666931 -5.452894687652588
v 8.05378246307373 1.2910360097885132 -5.557924747467041
v 7.691669940948486 1.3870189189910889 -5.788027286529541
v 7.077203750610352 1.3955998420715332 -6.075525760650635
v 7.481943130493164 0.8973225355148315 -6.231043338775635
v 7.021632671356201 0.996769368648529 -6.43593168258667
v 8.56237506866455 1.1265145540237427 -5.247232913970947
v 8.111411094665527 1.6999951601028442 -5.243168354034424
v 7.632012367248535 1.9553239345550537 -5.295896530151367
v 14.583938598632812 -3.4020836353302 2.1104819774627686
v 14.219534873962402 -3.056283473968506 2.4195010662078857
v 14.665356636047363 -3.410975456237793 1.5382392406463623
v 14.354182243347168 -3.0398519039154053 1.6650121212005615
v 14.117175102233887 -2.9336531162261963 2.263282537460327
v 13.90162181854248 -2.7173993587493896 2.3117411136627197
v 13.550313949584961 -2.3580482006073 2.3783602714538574
v 13.955820083618164 -2.615811347961426 1.792182445526123
v 13.657344818115234 -2.3467025756835938 1.8676694631576538
v 14.403426170349121 -3.1345741748809814 1.1255486011505127
v 13.778777122497559 -2.448899745941162 0.8214526176452637
v 13.086820602416992 -2.201765775680542 2.5124926567077637
v 12.680935859680176 -1.9049068689346313 2.598942756652832
v 13.243154525756836 -2.082303285598755 1.9779417514801025
v 12.83620834350586 -1.7878193855285645 2.0666847229003906
v 11.951628684997559 -1.1956979036331177 2.3775792121887207
v 12.92890453338623 -1.9521820545196533 1.2124665975570679
v 12.228859901428223 -1.131619930267334 1.1371862888336182
v 11.570672035217285 -0.8699917793273926 2.196290969848633
v 10.316594123840332 0.2192273736000061 2.297611713409424
v 11.411222457885742 -0.4431893527507782 1.1958136558532715
v 11.159402847290039 -0.5702472925186157 2.173280954360962
v 10.571919441223145 0.3103482723236084 1.2633699178695679
v 10.455461502075195 0.27786463499069214 1.780294418334961
v 13.190415382385254 -1.7490993738174438 -0.10727981477975845
v 12.430266380310059 -1.097691535949707 0.0371919721364975
v 12.801495552062988 -1.4370448589324951 -0.02957877516746521
v 12.532670021057129 -1.0778062343597412 -0.543700098991394
v 11.553756713867188 -0.3547283113002777 0.12364339828491211
v 11.740708351135254 -0.3700137138366699 -0.46500474214553833
v 11.330733299255371 0.009539514780044556 -0.43550190329551697
v 11.216846466064453 -0.03918646275997162 0.0970163494348526
v 10.9079008102417 0.4026094675064087 -0.3922363817691803
v 10.839192390441895 0.38608992099761963 -0.03930334746837616
v 11.419694900512695 0.10548227280378342 -1.044536828994751
v 10.98236083984375 0.533466100692749 -0.9523057341575623
v 10.159051895141602 0.11114390194416046 2.816143035888672
v 9.55891227722168 0.3580538332462311 3.3285837173461914
v 9.738164901733398 0.5105060935020447 2.8508691787719727
v 9.27955436706543 0.8648618459701538 2.9337096214294434
v 9.888214111328125 0.6016256213188171 2.3706884384155273
v 9.445158004760742 0.9860997200012207 2.429429531097412
v 8.837075233459473 1.2636370658874512 2.9416167736053467
v 8.389493942260742 1.6606605052947998 2.9242782592773438
v 9.003442764282227 1.403821587562561 2.4356067180633545
v 8.56008529663086 1.8134580850601196 2.416527032852173
v 10.156291961669922 0.7319544553756714 1.3128324747085571
v 10.074830055236816 0.6966854333877563 1.6803642511367798
v 9.676012992858887 1.1344860792160034 1.5961638689041138
v 9.252342224121094 1.5728189945220947 1.5589309930801392
v 8.810717582702637 1.9387871026992798 1.3996731042861938
v 8.788827896118164 1.9879140853881836 1.6021246910095215
v 9.6026611328125 1.0886039733886719 1.8889187574386597
v 9.163381576538086 1.5176194906234741 1.896620273590088
v 8.715806007385254 1.9382457733154297 1.8844685554504395
v 6.957773685455322 2.7500722408294678 2.7675020694732666
v 6.422173500061035 3.019639492034912 2.673856735229492
v 7.0840301513671875 2.862806558609009 2.2821199893951416
v 6.568037033081055 3.1378774642944336 2.180440902709961
v 7.9167351722717285 2.0248496532440186 2.922546148300171
v 7.44835901260376 2.404222011566162 2.8547542095184326
v 8.084878921508789 2.179849863052368 2.4176692962646484
v 7.3823161125183105 2.6922450065612793 2.3301780223846436
v 8.046318054199219 2.400881290435791 1.897541880607605
v 7.717898368835449 2.6305835247039795 1.8599780797958374
v 7.655649185180664 2.5834507942199707 2.128915309906006
v 8.318155288696289 2.304302453994751 1.4037365913391113
v 7.850584506988525 2.72564697265625 1.3124710321426392
v 7.225325584411621 2.9881279468536377 1.7564594745635986
v 6.719289779663086 3.266202926635742 1.6394938230514526
v 6.853198051452637 3.359381914138794 1.0826622247695923
v 7.362563133239746 3.090202808380127 1.1976006031036377
v 10.682598114013672 0.33834853768348694 0.7269095182418823
v 10.249509811401367 0.742560625076294 0.7867947220802307
v 9.824263572692871 1.1751357316970825 0.8025619983673096
v 10.376957893371582 0.8082197904586792 0.21740497648715973
v 9.949301719665527 1.243667721748352 0.22543174028396606
v 9.39676570892334 1.6215074062347412 0.8005144596099854
v 8.89924144744873 1.9472488164901733 0.8858423829078674
v 9.514680862426758 1.686006784439087 0.2207653820514679
v 10.494041442871094 0.8533884882926941 -0.3702588975429535
v 10.440315246582031 0.8390382528305054 -0.07983449101448059
v 10.016830444335938 1.2776927947998047 -0.10924920439720154
v 10.583433151245117 1.0716925859451294 -1.0429365634918213
v 10.144655227661133 1.552507758140564 -1.1050044298171997
v 9.615678787231445 1.7762010097503662 -0.4115590453147888
v 9.574179649353027 1.7148932218551636 -0.09833040833473206
v 9.117217063903809 2.168128252029419 -0.40429550409317017
v 9.070662498474121 2.0649099349975586 0.034088313579559326
v 8.443662643432617 2.3927791118621826 0.825446605682373
v 7.970519065856934 2.7875964641571045 0.7472648024559021
v 8.508625984191895 2.515289783477783 0.18319137394428253
v 8.040552139282227 2.833707332611084 0.3662816286087036
v 7.491265296936035 3.124844789505005 0.6481465697288513
v 6.952365875244141 3.3868660926818848 0.5101360082626343
v 7.577455997467041 3.2074530124664307 -0.019123926758766174
v 8.641684532165527 2.6392672061920166 -0.5278394818305969
v 4.40955114364624 3.9126012325286865 1.4814765453338623
v 2.348872184753418 3.7706751823425293 0.7852548360824585
v 3.340296983718872 3.792414426803589 1.114622712135315
v 3.3521482944488525 4.277959823608398 -0.35351085662841797
v 2.5935840606689453 4.223731517791748 -0.7049233317375183
v 3.6163277626037598 4.255584239959717 -0.21161697804927826
v 3.180999755859375 3.194955348968506 -4.154486179351807
v 5.878676891326904 3.9195199012756348 0.08590632677078247
v 5.783568859100342 3.827120304107666 0.6796603202819824
v 6.991905212402344 3.6065783500671387 -0.373527467250824
v 6.507077217102051 3.878246784210205 -0.5769309997558594
v 6.257946968078613 3.712449550628662 0.26970386505126953
v 4.779308795928955 4.305214881896973 -0.5809426307678223
v 4.673904895782471 4.056358814239502 0.3579252064228058
v 5.225039958953857 4.042669296264648 0.5381625890731812
v 5.893998622894287 4.183775901794434 -1.038732886314392
v 5.407779216766357 4.37127685546875 -1.2534617185592651
v 5.2620320320129395 4.219554424285889 -0.42282047867774963
v 6.185502052307129 3.8463783264160156 -2.751067876815796
v 5.4846649169921875 4.069737434387207 -2.2370684146881104
v 4.937713623046875 3.8879971504211426 -2.573575973510742
v 5.076491355895996 3.537780523300171 -3.3527450561523438
v 5.5324273109436035 3.6622822284698486 -3.217789649963379
v 6.565807819366455 3.982638359069824 -1.5506082773208618
v 6.016646385192871 4.15798807144165 -1.9158284664154053
v 4.013918399810791 4.396997928619385 -1.0258876085281372
v 3.7261643409729004 4.3024492263793945 -1.1772289276123047
v 3.673638105392456 4.398217678070068 -0.6930420994758606
v 4.812304496765137 4.20324182510376 -1.7190300226211548
v 4.336831092834473 4.125520706176758 -1.8862433433532715
v 4.282195091247559 4.321964740753174 -1.2691012620925903
v 3.8239316940307617 4.039957523345947 -2.135017156600952
v 3.099275827407837 4.303384780883789 -0.4803406596183777
v 3.2160418033599854 4.1490044593811035 -1.4137518405914307
v 3.3206984996795654 3.898128032684326 -2.333699941635132
v 2.8501031398773193 3.830118417739868 -2.4620511531829834
v 2.7789225578308105 3.9686899185180664 -1.9658674001693726
v 4.142068862915039 4.198056221008301 0.09528321027755737
v 4.26313591003418 3.728259325027466 -2.90202260017395
v 3.8818483352661133 3.8545169830322266 -2.690049886703491
v 4.499344348907471 3.359689474105835 -3.7091407775878906
v 4.015546798706055 3.324843645095825 -3.9114387035369873
v 3.437237024307251 3.593653440475464 -3.2098238468170166
v 2.9662840366363525 3.5246448516845703 -3.3341214656829834
v -0.16466741263866425 3.9540696144104004 -0.2205353081226349
v -0.5143335461616516 3.874354124069214 -0.45200902223587036
v -1.3518123626708984 3.772540330886841 -0.9973694682121277
v -0.20958352088928223 4.111048221588135 -1.73862886428833
v -0.9875975251197815 3.9128236770629883 -1.4746482372283936
v -1.1982457637786865 3.9162473678588867 -1.5944931507110596
v -0.35263222455978394 3.989917278289795 -1.0877671241760254
v -0.9875367879867554 3.796035051345825 -0.7654562592506409
v -0.7689477205276489 3.925715446472168 -1.3450140953063965
v -0.9480046033859253 4.069674968719482 -2.1475374698638916
v -0.6308226585388184 4.070646286010742 -1.9747543334960938
v 1.2719560861587524 3.819952964782715 0.4561442732810974
v 0.2848549783229828 3.9272544384002686 0.0710606724023819
v 0.63885498046875 4.212996006011963 -1.3187472820281982
v 2.5653932094573975 3.2906506061553955 -3.943505048751831
v 2.1555323600769043 3.159453868865967 -4.3920512199401855
v 2.074552059173584 3.414677143096924 -3.8008337020874023
v 1.5678406953811646 3.5949478149414062 -3.642221689224243
v 1.0611367225646973 3.8213539123535156 -3.373199939727783
v 1.697065830230713 3.2144687175750732 -4.487848281860352
v 1.2370636463165283 3.3198060989379883 -4.571037292480469
v -0.08722104132175446 4.193051815032959 -2.421069622039795
v 0.5244073271751404 4.094776153564453 -2.8459346294403076
v 0.01212479267269373 4.167074680328369 -3.1444435119628906
v -0.9109105467796326 4.229131698608398 -2.8129639625549316
v -0.5148630142211914 4.197299480438232 -2.6256675720214844
v -0.8370703458786011 4.316989421844482 -3.4648704528808594
v -0.4213081896305084 4.235760688781738 -3.3050105571746826
v 0.6416347622871399 3.818244695663452 -3.8163535594940186
v 0.16289250552654266 3.9869985580444336 -3.9144129753112793
v 0.7750363945960999 3.48629093170166 -4.639461040496826
v 0.3101244568824768 3.717869281768799 -4.6998372077941895
v -0.6772733330726624 4.33005952835083 -4.104491233825684
v -0.32556676864624023 4.1894097328186035 -4.016770362854004
v -0.6615322828292847 4.230512619018555 -4.848235130310059
v 2.389529228210449 4.036579132080078 -1.6857144832611084
v 1.647845983505249 4.168309688568115 -1.0082156658172607
v 1.7771395444869995 4.059841632843018 -1.829481840133667
v 2.099740743637085 4.168371677398682 -0.8792484402656555
v 2.382744073867798 3.8174831867218018 -2.5699028968811035
v 1.9185868501663208 3.8477423191070557 -2.6681206226348877
v 0.9788930416107178 3.986065149307251 -2.8716518878936768
v 2.5016088485717773 3.5030946731567383 -3.4419960975646973
v 1.4512372016906738 3.9043803215026855 -2.769099473953247
v 0.8195322155952454 4.156529903411865 -2.0676729679107666
v 0.13259314000606537 4.169998645782471 -1.5467255115509033
v 0.2224685400724411 4.2110161781311035 -2.2719452381134033
v 5.104742050170898 -0.8655155301094055 -8.897242546081543
v 4.2787957191467285 -0.2670772969722748 -9.452983856201172
v 5.4879889488220215 -0.455924928188324 -8.417407035827637
v 4.64359188079834 -0.08997707813978195 -8.933680534362793
v 3.7792561054229736 -0.19447532296180725 -9.628216743469238
v 3.5600149631500244 -0.07478959858417511 -9.611433029174805
v 3.8020272254943848 0.10888999700546265 -9.307440757751465
v 2.8404977321624756 0.2379240244626999 -9.771686553955078
v 2.94931697845459 0.32008087635040283 -9.61097526550293
v 5.816892147064209 0.085377037525177 -7.947421073913574
v 4.945080280303955 0.26088598370552063 -8.400671005249023
v 6.051671981811523 0.7354763150215149 -7.341369152069092
v 4.208654403686523 1.1692274808883667 -8.30665397644043
v 3.86179518699646 1.1842195987701416 -8.402788162231445
v 3.4118099212646484 1.2324810028076172 -8.536949157714844
v 3.2304327487945557 0.7093235850334167 -9.109867095947266
v 5.074374675750732 0.5302581787109375 -8.123409271240234
v 4.515055179595947 0.37823301553726196 -8.631587028503418
v 4.642698287963867 0.6416998505592346 -8.354610443115234
v 4.206134796142578 0.8101030588150024 -8.599324226379395
v 4.745716571807861 0.9650977849960327 -8.00852108001709
v 4.019755840301514 0.5159046053886414 -8.861361503601074
v 3.7694432735443115 0.8636585474014282 -8.72204875946045
v 3.3331055641174316 0.9585050344467163 -8.855719566345215
v 3.6517677307128906 0.5792216658592224 -8.974512100219727
v 2.125291585922241 0.7844903469085693 -10.027680397033691
v -0.5587024092674255 3.221862554550171 -10.813376426696777
v 2.977210521697998 1.3843531608581543 -8.604061126708984
v 2.5322999954223633 1.5425845384597778 -8.71827507019043
v 2.0902671813964844 1.7413239479064941 -8.935611724853516
v 1.6629070043563843 2.0621142387390137 -9.036643028259277
v 3.0911567211151123 0.47484371066093445 -9.376104354858398
v 2.5289082527160645 0.5111576914787292 -9.803911209106445
v 2.6672301292419434 0.6547145247459412 -9.560136795043945
v 2.2547662258148193 0.9254616498947144 -9.784475326538086
v 2.814274549484253 0.8996304273605347 -9.257698059082031
v 2.4088363647460938 1.1709107160568237 -9.408226013183594
v 1.8478574752807617 1.287529706954956 -10.02230453491211
v 1.412017583847046 1.7007243633270264 -10.29943561553955
v 1.9616787433624268 1.4395042657852173 -9.721861839294434
v 1.5498379468917847 1.8564485311508179 -9.914963722229004
v 2.8993794918060303 1.1047999858856201 -9.005607604980469
v 2.4710452556610107 1.3170051574707031 -9.17198657989502
v 2.007171392440796 1.5180660486221313 -9.547760963439941
v 2.047377824783325 1.6044188737869263 -9.343038558959961
v 1.6024413108825684 1.929891586303711 -9.66351318359375
v 1.2354300022125244 2.419386863708496 -9.097236633300781
v 0.7960365414619446 2.7786126136779785 -9.129744529724121
v 0.3336947560310364 3.155884027481079 -9.159663200378418
v -0.16436311602592468 3.5243546962738037 -9.213308334350586
v -0.15495112538337708 3.502368211746216 -8.827099800109863
v 1.0126169919967651 2.195741891860962 -10.407954216003418
v 0.5636200904846191 2.601888656616211 -10.498675346374512
v 1.1292065382003784 2.2970993518829346 -10.048404693603516
v 0.6903026700019836 2.7066376209259033 -10.103687286376953
v 0.051052551716566086 2.958296060562134 -10.61830997467041
v 0.11461171507835388 3.007951259613037 -10.460700988769531
v -0.3751022517681122 3.3643531799316406 -10.384352684020996
v 0.2274087369441986 3.1008028984069824 -10.08260726928711
v 1.186331868171692 2.351010322570801 -9.740299224853516
v 0.7560617923736572 2.7547013759613037 -9.720098495483398
v 0.2703382074832916 3.130293846130371 -9.855635643005371
v 0.30479684472084045 3.1540815830230713 -9.605781555175781
v -0.18576005101203918 3.516643524169922 -9.480405807495117
v 5.670013904571533 2.8376290798187256 -4.867680072784424
v 5.176353931427002 2.7397403717041016 -5.079376220703125
v 5.134751319885254 2.896216869354248 -4.741118907928467
v 6.989834308624268 2.534224271774292 -4.9066572189331055
v 6.684494495391846 2.6263556480407715 -4.932270526885986
v 6.180989742279053 2.44805645942688 -5.407041072845459
v 6.1723785400390625 2.7599737644195557 -4.938276290893555
v 6.661197662353516 2.087186574935913 -5.620160102844238
v 6.180641174316406 1.9183522462844849 -6.10530948638916
v 6.183920860290527 2.1925477981567383 -5.759117126464844
v 5.7353196144104 1.9373289346694946 -6.321438312530518
v 5.707311630249023 2.3981378078460693 -5.628818035125732
v 5.3051629066467285 1.9782593250274658 -6.496312618255615
v 5.273530960083008 2.279344320297241 -5.997901439666748
v 4.4640116691589355 3.0096662044525146 -4.5787506103515625
v 4.103265285491943 3.09623384475708 -4.499156475067139
v 4.714869976043701 2.7213807106018066 -5.257665157318115
v 4.26399564743042 2.7683839797973633 -5.431934833526611
v 3.673785448074341 2.990635871887207 -4.840600490570068
v 3.584561824798584 3.162501096725464 -4.321511268615723
v 3.2119643688201904 2.9222781658172607 -4.952728748321533
v 3.81178879737854 2.785552740097046 -5.574538707733154
v 3.350137233734131 2.715872049331665 -5.685949802398682
v 4.878432750701904 2.0688745975494385 -6.682369232177734
v 4.817527770996094 2.4314002990722656 -5.977196216583252
v 4.443985462188721 2.192826747894287 -6.881574630737305
v 4.3983988761901855 2.447997808456421 -6.333966255187988
v 3.546535015106201 2.515366554260254 -6.359302997589111
v 3.993079662322998 2.2501919269561768 -7.045009613037109
v 3.940429210662842 2.529125452041626 -6.405189514160156
v 3.5262439250946045 2.05648136138916 -7.405205249786377
v 6.654668807983398 3.4785590171813965 -3.464005470275879
v 6.620874404907227 3.7893195152282715 -2.7319412231445312
v 7.1998209953308105 3.0046286582946777 -4.1248297691345215
v 6.680398941040039 3.0218610763549805 -4.301754474639893
v 6.162988185882568 2.948585271835327 -4.628852844238281
v 6.12123966217041 3.366189479827881 -3.8377084732055664
v 5.598250865936279 3.2494945526123047 -4.082786560058594
v 5.558176517486572 3.4601058959960938 -3.620609998703003
v 5.089903354644775 3.098747491836548 -4.319133281707764
v 6.597142219543457 1.3048063516616821 -6.4389824867248535
v 6.622927665710449 1.5584702491760254 -6.190382957458496
v 6.146940231323242 1.3538360595703125 -6.73430061340332
v 6.170970916748047 1.653887152671814 -6.4159040451049805
v 6.502648830413818 0.6812610030174255 -7.027599811553955
v 6.568501949310303 1.068414330482483 -6.665408611297607
v 6.125478744506836 1.1625189781188965 -6.927877902984619
v 5.713387966156006 1.409955620765686 -6.9689860343933105
v 5.7344560623168945 1.7094725370407104 -6.622873306274414
v 5.2869768142700195 1.4676872491836548 -7.159088611602783
v 5.307063579559326 1.7430306673049927 -6.8276286125183105
v 5.768935680389404 0.8052852749824524 -7.520081520080566
v 5.69262170791626 1.2305728197097778 -7.163997650146484
v 5.1780195236206055 0.8612353205680847 -7.7827277183532715
v 5.262573719024658 1.274107575416565 -7.372239112854004
v 4.860778331756592 1.5726659297943115 -7.369149208068848
v 4.881642818450928 1.8228685855865479 -7.056766033172607
v 4.425407886505127 1.7159271240234375 -7.596621990203857
v 4.447386264801025 1.9581259489059448 -7.272729873657227
v 4.832189559936523 1.3653209209442139 -7.60334587097168
v 4.396109580993652 1.5161248445510864 -7.836644649505615
v 3.9963388442993164 2.050652265548706 -7.39174222946167
v 3.49686598777771 1.690994143486023 -7.962668418884277
v 3.9572336673736572 1.6821569204330444 -7.867346286773682
v 2.7483644485473633 2.8730814456939697 -5.070100784301758
v 2.2843520641326904 2.8540492057800293 -5.185305595397949
v 2.882615327835083 2.6505324840545654 -5.8107781410217285
v 1.8216432332992554 2.879149913787842 -5.291499137878418
v 2.307006359100342 2.5960631370544434 -5.964808940887451
v 1.9045137166976929 2.6792287826538086 -5.811600208282471
v 1.481142520904541 2.6562368869781494 -6.152445316314697
v 1.4030832052230835 2.840075731277466 -5.6609625816345215
v 2.8275270462036133 2.1085097789764404 -7.3662519454956055
v 2.5659120082855225 2.1182494163513184 -7.39063835144043
v 2.0800585746765137 2.2170937061309814 -7.282191753387451
v 1.6393073797225952 2.2666757106781006 -7.664660453796387
v 1.6070137023925781 2.340596914291382 -7.238683223724365
v 2.989997386932373 2.4154930114746094 -6.550896167755127
v 2.943896532058716 2.529674530029297 -6.199443817138672
v 2.5129518508911133 2.3594744205474854 -6.687618255615234
v 2.0384469032287598 2.346538543701172 -6.816629409790039
v 0.7165296673774719 3.233891487121582 -5.455811977386475
v 0.4212516248226166 3.4678854942321777 -5.324952125549316
v 1.0236213207244873 2.802030324935913 -6.212385177612305
v 0.5670394897460938 3.0448319911956787 -6.244107246398926
v -0.022824924439191818 3.7048537731170654 -5.513139724731445
v -0.14063139259815216 3.9538702964782715 -4.885932922363281
v -0.5136492252349854 3.9658894538879395 -5.579737186431885
v 0.09968766570091248 3.311314105987549 -6.2729902267456055
v 1.188690423965454 2.4754717350006104 -7.720493793487549
v 1.1437089443206787 2.514270782470703 -7.198431491851807
v 0.7384260892868042 2.693359613418579 -7.744298458099365
v 0.6754153370857239 2.699420690536499 -7.109005928039551
v 0.4051227867603302 2.814448118209839 -7.019683837890625
v -0.2855740785598755 3.3138558864593506 -7.064427375793457
v -0.3480933606624603 3.496631145477295 -6.593825817108154
v 0.27651140093803406 2.9685051441192627 -7.760439872741699
v 2.719517946243286 1.7812844514846802 -8.118931770324707
v 3.0346717834472656 1.746526837348938 -8.027414321899414
v 2.1154532432556152 1.9731956720352173 -8.181690216064453
v 1.6626015901565552 2.1804027557373047 -8.228611946105957
v 1.2254587411880493 2.4545633792877197 -8.346512794494629
v 0.779823899269104 2.741042137145996 -8.347817420959473
v 0.3257733881473541 3.09116268157959 -8.468498229980469
v 0.3068135380744934 3.039517402648926 -8.139827728271484
v -0.16056343913078308 3.4653587341308594 -8.500869750976562
v -5.768145561218262 2.2150895595550537 -4.869286060333252
v -6.107863426208496 2.086088180541992 -5.133881092071533
v -4.888826370239258 2.5695176124572754 -4.171814918518066
v -5.645191669464111 2.436519145965576 -6.036974906921387
v -5.8496012687683105 2.3810112476348877 -6.196766376495361
v -4.790987014770508 2.6745760440826416 -5.364783763885498
v -3.2970170974731445 3.3961269855499268 -2.5845203399658203
v -3.0938851833343506 3.6922342777252197 -3.550849199295044
v -4.035628318786621 2.9992010593414307 -3.354128837585449
v -4.519068241119385 2.740847110748291 -3.832404375076294
v -3.956043243408203 3.113577365875244 -4.600861072540283
v -4.3096466064453125 2.9009623527526855 -4.939768314361572
v -5.681300640106201 2.804871082305908 -7.2280073165893555
v -4.799434661865234 2.9920356273651123 -6.569857597351074
v -5.63107442855835 3.0671017169952393 -7.734151840209961
v -5.391026496887207 3.391298532485962 -8.07636833190918
v -5.60267448425293 3.3499410152435303 -8.241186141967773
v -5.134968280792236 2.9160711765289307 -6.822894096374512
v -5.080746173858643 3.154369592666626 -7.3236799240112305
v -4.8382568359375 3.200314998626709 -7.139805316925049
v -5.011168956756592 3.453655481338501 -7.790780544281006
v -4.61124849319458 3.5281453132629395 -7.487853050231934
v -4.807425498962402 3.4885032176971436 -7.637950897216797
v -3.8860104084014893 3.3650174140930176 -5.77493953704834
v -4.177559852600098 3.207371234893799 -6.049872875213623
v -3.5411949157714844 3.4197092056274414 -4.168474197387695
v -3.5894410610198975 3.471666097640991 -4.8661651611328125
v -3.9188249111175537 3.2220377922058105 -5.204371452331543
v -3.531668186187744 3.611741781234741 -5.409599304199219
v -3.8511204719543457 3.548621654510498 -6.306391716003418
v -4.256909370422363 3.3542168140411377 -6.675571918487549
v -3.7909250259399414 3.807478904724121 -6.8006134033203125
v -4.196089267730713 3.6264796257019043 -7.16133975982666
v -3.4489378929138184 3.8264992237091064 -5.89615535736084
v -3.457508087158203 4.033600807189941 -6.470516681671143
v -5.9272003173828125 2.761167049407959 -7.408910751342773
v -5.853235721588135 3.0472030639648438 -7.8963727951049805
v -2.591458797454834 3.40285587310791 -0.7128511667251587
v -2.1668810844421387 3.2875044345855713 -0.23226408660411835
v -2.5089893341064453 3.5399482250213623 -1.173753023147583
v -1.9070414304733276 3.6572935581207275 -0.9150033593177795
v -2.2615864276885986 3.7258167266845703 -1.6287592649459839
v -2.921401023864746 3.440032958984375 -1.5512608289718628
v -3.1412711143493652 3.369525671005249 -1.7665436267852783
v -2.580064296722412 3.667585849761963 -1.891634464263916
v -1.5290279388427734 3.6332204341888428 -0.4264896512031555
v -1.8895386457443237 3.7536985874176025 -1.3556691408157349
v -1.8689067363739014 3.9099924564361572 -2.0180752277374268
v -2.1236157417297363 3.893787384033203 -2.196761131286621
v -1.8481457233428955 4.086207389831543 -2.678093910217285
v -2.6302666664123535 3.7835464477539062 -2.6061851978302
v -3.110330820083618 3.5915751457214355 -3.0557076930999756
v -2.5374138355255127 3.9368863105773926 -3.1200830936431885
v -1.6480287313461304 3.919820785522461 -1.8690919876098633
v -1.5272220373153687 4.099832057952881 -2.4700286388397217
v -1.8216638565063477 4.252730846405029 -3.3218462467193604
v -1.7809628248214722 4.384556293487549 -3.9414000511169434
v -2.996072769165039 3.902533531188965 -4.251658916473389
v -2.444286584854126 4.127330303192139 -3.780869960784912
v -3.0332858562469482 3.9627466201782227 -4.901663780212402
v -2.4239859580993652 4.2159647941589355 -4.397064208984375
v -1.4296989440917969 4.271069049835205 -3.078596353530884
v -1.3524800539016724 4.397079944610596 -3.694653272628784
v -1.711162805557251 4.471614837646484 -4.537024021148682
v -1.6377179622650146 4.512541770935059 -5.161707878112793
v -2.997620105743408 4.126406669616699 -5.452096939086914
v -2.376677989959717 4.3487701416015625 -4.96697473526001
v -2.8952221870422363 4.395435333251953 -5.935405731201172
v -2.3429861068725586 4.544776439666748 -5.531106948852539
v -1.292454719543457 4.47550106048584 -4.322621822357178
v -1.1811587810516357 4.407322883605957 -4.9883809089660645
v -5.271605968475342 3.756817102432251 -8.507211685180664
v -5.424863338470459 4.064364910125732 -9.182657241821289
v -5.6575846672058105 3.990989923477173 -9.391645431518555
v -5.603755950927734 3.6796391010284424 -8.778543472290039
v -5.10410213470459 4.151352882385254 -8.912402153015137
v -4.507400035858154 3.8865537643432617 -7.93043327331543
v -4.794212341308594 3.8388829231262207 -8.144694328308105
v -4.798669338226318 4.086429119110107 -8.507328987121582
v -4.340641021728516 4.25677490234375 -8.347007751464844
v -5.183559417724609 4.4360222816467285 -9.568882942199707
v -4.930853366851807 4.723288059234619 -9.971399307250977
v -4.535428047180176 4.796826362609863 -9.680746078491211
v -4.1143341064453125 4.53731107711792 -8.743094444274902
v -4.116010665893555 4.682314872741699 -9.430253982543945
v -3.613717794418335 4.545718669891357 -9.18445873260498
v -4.501832962036133 4.564082622528076 -9.027629852294922
v -4.852199554443359 4.524292469024658 -9.315496444702148
v -2.8073859214782715 4.580075740814209 -6.422850131988525
v -2.42018461227417 4.578862190246582 -6.9882965087890625
v -2.6734628677368164 4.562206268310547 -7.147385120391846
v -2.5788559913635254 4.514886856079102 -7.846771717071533
v -2.5948092937469482 4.446742534637451 -8.640247344970703
v -1.351538062095642 4.2211222648620605 -8.011751174926758
v -1.9791290760040283 4.468899250030518 -7.51272439956665
v -4.091844081878662 3.963643789291382 -7.610567569732666
v -3.6811516284942627 4.139161109924316 -7.261747360229492
v -4.006577968597412 4.30023717880249 -8.106212615966797
v -3.2773725986480713 4.409974575042725 -6.866376876831055
v -2.984879732131958 4.52511739730835 -7.354305267333984
v -3.58585786819458 4.47094202041626 -8.477295875549316
v -3.0982511043548584 4.484766960144043 -8.17337417602539
v -3.34799861907959 4.46529483795166 -8.33372688293457
v -3.3927457332611084 4.450348854064941 -7.744955062866211
v -3.123944044113159 4.468112945556641 -8.921005249023438
v -3.3470828533172607 4.4948272705078125 -9.042893409729004
v -3.341794490814209 4.474061965942383 -8.721314430236816
v -2.4162685871124268 4.287285804748535 -10.017084121704102
v -2.774665117263794 4.422948360443115 -10.173260688781738
v -2.715125799179077 4.385544776916504 -9.84054183959961
v -1.538265347480774 3.658421039581299 -11.201421737670898
v -2.0036187171936035 3.9416842460632324 -11.415702819824219
v -1.826845645904541 3.870100736618042 -11.134634971618652
v -2.6294093132019043 4.374258518218994 -10.855558395385742
v -3.0613930225372314 4.603170394897461 -11.076926231384277
v -2.9156572818756104 4.531686782836914 -10.730721473693848
v -2.5043764114379883 4.298554420471191 -11.31417465209961
v -2.358034372329712 4.226265907287598 -10.964742660522461
v -1.2259633541107178 3.51322078704834 -11.065583229064941
v -0.9955306053161621 3.4172708988189697 -10.97119140625
v -1.6817377805709839 3.866795778274536 -10.796804428100586
v -1.0192230939865112 3.5921719074249268 -10.606796264648438
v -2.1804795265197754 4.165594100952148 -10.612290382385254
v -2.1133389472961426 4.17798376083374 -10.179983139038086
v -4.2243242263793945 4.853988170623779 -10.202224731445312
v -4.095860481262207 4.801126480102539 -10.022907257080078
v -3.823934316635132 4.860635757446289 -10.708154678344727
v -3.559161901473999 4.756527900695801 -10.554460525512695
v -4.347866535186768 4.902757167816162 -10.371492385864258
v -3.0655221939086914 4.464151382446289 -9.606740951538086
v -3.493262529373169 4.616064071655273 -9.887874603271484
v -3.368407964706421 4.519210338592529 -9.38362979888916
v -1.3350441455841064 4.0504469871521 -9.538229942321777
v -2.655402660369873 4.3786163330078125 -9.404496192932129
v -2.0448575019836426 4.1876325607299805 -9.852664947509766
v -0.6628803610801697 3.8303420543670654 -8.57480525970459
v -0.6219729781150818 3.786613941192627 -9.305717468261719
v -1.2729028463363647 4.144259929656982 -8.844527244567871
v -1.986002802848816 4.311142921447754 -9.063994407653809
v -2.081559658050537 4.426880836486816 -8.334567070007324
v -1.5678073167800903 3.9075729846954346 -10.40041732788086
v -1.436637282371521 3.96291184425354 -10.016725540161133
v -0.30921751260757446 3.48663592338562 -9.968490600585938
v -0.9406465888023376 3.714020252227783 -10.164599418640137
v -0.7845839858055115 3.773432493209839 -9.802810668945312
v -1.5753600597381592 4.428781986236572 -5.866837978363037
v -0.6260545253753662 3.787230968475342 -6.358734130859375
v -0.9009183645248413 3.9710915088653564 -6.41170072555542
v -0.9751017689704895 4.1122589111328125 -5.985174179077148
v -1.443855881690979 4.29533576965332 -6.556478977203369
v -2.1583011150360107 4.565674781799316 -6.121698379516602
v -2.2353100776672363 4.581723213195801 -5.805560111999512
v -1.693259835243225 4.408656597137451 -6.644306182861328
v -2.0266497135162354 4.516875743865967 -6.7855706214904785
v -1.3730676174163818 4.225818634033203 -7.013235092163086
v -0.797785758972168 3.7830991744995117 -7.1350555419921875
v -0.30125534534454346 3.4375321865081787 -7.868171691894531
v -0.7474598288536072 3.7642407417297363 -7.572085857391357
v 5.347522735595703 3.503206968307495 2.3597116470336914
v 5.879734516143799 3.251180648803711 2.546083450317383
v 5.5111613273620605 3.6494100093841553 1.84146249294281
v 5.930877208709717 3.4483542442321777 1.992101788520813
v 4.810591697692871 3.754805326461792 2.157827138900757
v 4.4597649574279785 3.8395278453826904 2.030568838119507
v 4.975772380828857 3.911961078643799 1.6446346044540405
v 6.341296672821045 3.457566499710083 1.546141266822815
v 6.118941307067871 3.4586122035980225 1.779287338256836
v 5.6588287353515625 3.771807909011841 1.2971984148025513
v 6.313131332397461 3.5803213119506836 0.9349413514137268
v 5.071137428283691 3.971763849258423 1.285252571105957
v 3.4520010948181152 -0.12339786440134048 -9.75483226776123
v 2.6251096725463867 0.16076518595218658 -10.111495971679688
v 1.8042428493499756 0.6674792170524597 -10.545544624328613
v 0.9862352013587952 1.4701640605926514 -11.012042045593262
v 1.9694856405258179 0.7115573287010193 -10.290162086486816
v 1.3986258506774902 1.0401862859725952 -10.789669036865234
v 1.5661756992340088 1.0923627614974976 -10.543144226074219
v 1.1574010848999023 1.540305256843567 -10.775146484375
v 1.7717652320861816 1.208112120628357 -10.170685768127441
v 1.3074806928634644 1.6209365129470825 -10.518006324768066
v 0.12222497910261154 2.4114086627960205 -11.307819366455078
v -0.0900612324476242 2.3636722564697266 -11.596996307373047
v -0.5143768191337585 2.8003990650177 -11.61790657043457
v -0.9861233830451965 3.192586660385132 -11.617157936096191
v -0.33770474791526794 2.803427219390869 -11.344842910766602
v -0.8180685639381409 3.1676061153411865 -11.322657585144043
v 0.5623241066932678 1.9369651079177856 -11.1902494430542
v 0.7343807816505432 2.018904685974121 -10.951900482177734
v 0.2924107313156128 2.4653513431549072 -11.050783157348633
v 0.8861583471298218 2.1085848808288574 -10.690319061279297
v 0.4442965090274811 2.530794858932495 -10.77231502532959
v -0.17288966476917267 2.8423991203308105 -11.069673538208008
v -0.6606782078742981 3.1852500438690186 -11.025390625
v -0.022558115422725677 2.908095121383667 -10.7780179977417
v -1.4737657308578491 3.5715413093566895 -11.567402839660645
f 5 7 6
f 4 6 7
f 7 2 4
f 6 4 3
f 8 9 10
f 9 724 11
f 11 12 10
f 10 9 11
f 14 1544 13
f 15 17 16
f 13 19 18
f 15 18 19
f 19 8 17
f 19 17 15
f 16 20 21
f 21 15 16
f 20 16 1
f 14 13 18
f 14 18 21
f 14 21 20
f 15 21 18
f 13 22 23
f 22 2 24
f 24 724 23
f 23 22 24
f 3 4 22
f 3 22 1544
f 22 13 1544
f 22 4 2
f 23 9 19
f 19 13 23
f 8 19 9
f 724 9 23
f 28 30 29
f 26 29 30
f 27 30 25
f 30 27 26
f 32 31 33
f 34 36 35
f 37 39 38
f 40 34 37
f 34 35 39
f 34 39 37
f 41 43 42
f 42 43 26
f 42 26 27
f 31 42 27
f 29 35 36
f 36 28 29
f 41 35 29
f 29 43 41
f 26 43 29
f 42 38 39
f 39 41 42
f 38 42 32
f 31 32 42
f 41 39 35
f 44 46 45
f 47 49 48
f 50 52 51
f 50 45 46
f 50 46 47
f 48 52 50
f 48 50 47
f 57 48 49
f 49 53 57
f 57 53 54
f 57 54 58
f 59 51 52
f 52 57 59
f 60 59 57
f 57 58 60
f 57 52 48
f 61 58 54
f 54 55 61
f 62 61 55
f 55 56 62
f 60 58 61
f 60 61 63
f 63 61 64
f 62 64 61
f 65 67 66
f 70 66 67
f 67 68 70
f 70 68 69
f 70 69 71
f 72 45 73
f 72 25 44
f 44 45 72
f 27 72 65
f 72 73 65
f 73 67 65
f 72 27 25
f 73 45 50
f 68 73 50
f 68 50 51
f 51 69 68
f 68 67 73
f 31 65 74
f 74 65 66
f 74 66 78
f 76 78 77
f 33 31 74
f 75 33 74
f 74 76 75
f 78 76 74
f 79 71 80
f 66 70 79
f 66 79 78
f 71 79 70
f 77 78 79
f 77 79 81
f 81 79 80
f 81 80 82
f 65 31 27
f 69 84 83
f 83 84 85
f 71 69 83
f 71 83 86
f 87 86 83
f 83 85 87
f 89 87 85
f 85 88 89
f 90 89 88
f 88 91 90
f 51 59 84
f 84 69 51
f 60 85 84
f 60 84 59
f 63 88 85
f 63 85 60
f 88 63 64
f 88 64 91
f 92 80 71
f 71 86 92
f 92 86 94
f 92 94 93
f 87 94 86
f 82 80 92
f 82 92 95
f 96 95 92
f 92 93 96
f 93 94 97
f 89 97 94
f 89 94 87
f 98 97 89
f 98 89 90
f 98 90 99
f 100 96 93
f 93 97 100
f 100 97 98
f 101 100 98
f 98 99 101
f 62 56 102
f 102 104 64
f 64 62 102
f 105 104 102
f 102 103 105
f 103 106 105
f 105 106 112
f 90 91 107
f 108 91 64
f 64 104 108
f 108 104 110
f 105 110 104
f 108 107 91
f 109 107 108
f 108 110 109
f 111 110 105
f 111 105 112
f 111 112 113
f 109 110 114
f 111 114 110
f 114 111 115
f 111 113 116
f 111 116 115
f 117 99 90
f 90 107 117
f 117 107 118
f 101 99 119
f 117 119 99
f 120 119 117
f 117 118 120
f 120 118 121
f 120 121 123
f 120 123 122
f 109 118 107
f 121 118 109
f 124 121 109
f 109 114 124
f 124 114 125
f 115 125 114
f 124 123 121
f 126 122 123
f 123 124 126
f 124 125 126
f 115 116 127
f 128 125 115
f 115 127 128
f 126 125 1858
f 1858 125 128
f 1858 128 1861
f 133 134 129
f 133 140 135
f 135 132 134
f 134 133 135
f 132 138 136
f 136 138 143
f 143 137 136
f 134 136 130
f 134 130 129
f 136 137 131
f 131 130 136
f 136 134 132
f 139 318 141
f 142 225 163
f 318 142 163
f 163 141 318
f 146 144 143
f 145 147 146
f 144 146 147
f 147 148 144
f 151 155 153
f 145 150 154
f 154 147 145
f 152 148 147
f 152 147 154
f 152 154 151
f 150 149 155
f 150 155 154
f 155 151 154
f 132 159 156
f 159 157 158
f 158 156 159
f 140 139 159
f 140 159 135
f 159 132 135
f 141 157 159
f 159 139 141
f 156 146 138
f 138 132 156
f 146 143 138
f 145 146 156
f 156 158 145
f 157 160 161
f 161 150 158
f 158 157 161
f 160 225 162
f 162 161 160
f 150 161 162
f 150 162 149
f 160 157 141
f 141 163 160
f 225 160 163
f 150 145 158
f 209 169 178
f 178 164 209
f 165 167 166
f 168 170 169
f 168 183 171
f 171 170 168
f 172 174 173
f 176 175 177
f 172 176 177
f 177 174 172
f 178 169 170
f 170 179 178
f 173 164 178
f 172 173 178
f 178 179 172
f 176 179 170
f 176 170 171
f 176 171 175
f 172 179 176
f 171 183 182
f 182 180 171
f 182 184 185
f 181 180 182
f 182 185 181
f 175 180 186
f 186 166 177
f 177 175 186
f 186 180 181
f 181 165 186
f 165 166 186
f 180 175 171
f 187 224 189
f 190 196 189
f 190 189 224
f 191 192 193
f 195 197 196
f 195 203 198
f 198 197 195
f 190 199 200
f 195 196 190
f 190 200 195
f 194 203 200
f 194 200 199
f 203 195 200
f 201 1127 205
f 194 201 205
f 198 203 202
f 202 191 198
f 202 1127 204
f 192 191 202
f 202 204 192
f 203 194 205
f 203 205 202
f 1127 202 205
f 206 208 207
f 142 209 210
f 226 225 142
f 210 211 226
f 226 142 210
f 209 164 236
f 236 212 210
f 236 210 209
f 207 211 210
f 207 210 212
f 207 212 206
f 149 227 213
f 227 214 215
f 215 213 227
f 216 188 153
f 216 153 155
f 216 217 218
f 188 216 218
f 188 218 187
f 216 155 149
f 216 149 213
f 217 216 213
f 213 215 217
f 219 220 221
f 214 207 222
f 222 219 215
f 215 214 222
f 207 208 223
f 207 223 222
f 220 219 222
f 222 223 220
f 217 219 224
f 224 218 217
f 224 187 218
f 221 190 224
f 224 219 221
f 217 215 219
f 162 225 226
f 226 227 162
f 227 149 162
f 211 214 227
f 227 226 211
f 207 214 211
f 228 230 229
f 229 230 231
f 206 229 231
f 231 208 206
f 166 233 228
f 233 234 230
f 233 230 228
f 233 166 167
f 167 235 233
f 234 233 235
f 234 235 232
f 234 201 231
f 231 230 234
f 201 234 232
f 173 174 237
f 236 173 237
f 237 229 212
f 212 236 237
f 177 228 237
f 237 174 177
f 228 229 237
f 236 164 173
f 206 212 229
f 166 228 177
f 194 221 220
f 231 194 220
f 220 223 231
f 223 208 231
f 199 190 221
f 199 221 194
f 201 194 231
f 244 239 238
f 241 246 242
f 243 245 244
f 239 244 245
f 245 241 239
f 243 240 246
f 246 245 243
f 246 241 245
f 248 250 249
f 248 330 251
f 251 250 248
f 290 252 253
f 253 240 290
f 249 242 246
f 248 249 246
f 246 240 253
f 246 253 248
f 252 247 338
f 338 330 253
f 338 253 252
f 330 248 253
f 254 256 255
f 258 273 257
f 254 1929 257
f 257 256 254
f 259 258 257
f 259 257 1929
f 267 263 260
f 261 238 25
f 261 263 244
f 244 238 261
f 260 261 30
f 260 30 28
f 25 30 261
f 263 261 260
f 262 264 263
f 265 240 264
f 265 264 262
f 266 268 267
f 267 268 262
f 267 262 263
f 266 273 265
f 265 268 266
f 262 268 265
f 244 263 264
f 264 243 244
f 243 264 240
f 34 269 260
f 260 36 34
f 270 267 269
f 260 269 267
f 255 269 40
f 34 40 269
f 269 255 256
f 256 270 269
f 28 36 260
f 270 257 266
f 266 267 270
f 266 257 273
f 270 256 257
f 272 274 273
f 275 271 274
f 275 274 272
f 276 277 271
f 276 362 247
f 247 277 276
f 275 278 276
f 276 271 275
f 279 362 278
f 276 278 362
f 258 281 272
f 272 273 258
f 280 282 281
f 272 281 282
f 282 275 272
f 283 281 259
f 258 259 281
f 283 284 280
f 280 281 283
f 286 370 285
f 287 278 282
f 287 282 280
f 275 282 278
f 287 370 279
f 279 278 287
f 284 285 287
f 287 280 284
f 287 285 370
f 288 289 265
f 290 240 265
f 265 289 290
f 288 271 252
f 252 289 288
f 290 289 252
f 265 273 274
f 274 288 265
f 288 274 271
f 252 271 277
f 252 277 247
f 291 293 292
f 295 294 291
f 294 299 293
f 294 293 291
f 309 296 295
f 297 298 296
f 297 296 309
f 302 300 299
f 301 303 302
f 300 302 303
f 303 140 300
f 294 295 296
f 296 302 294
f 302 299 294
f 301 302 296
f 296 298 301
f 307 306 295
f 304 307 295
f 295 305 304
f 238 308 44
f 305 44 308
f 308 304 305
f 44 305 46
f 308 238 239
f 239 306 307
f 239 307 308
f 304 308 307
f 47 305 291
f 291 292 49
f 291 49 47
f 295 291 305
f 47 46 305
f 306 241 309
f 309 295 306
f 242 297 309
f 309 241 242
f 306 239 241
f 299 312 310
f 312 129 311
f 312 311 310
f 292 293 310
f 53 292 310
f 310 311 54
f 310 54 53
f 299 310 293
f 130 313 311
f 129 130 311
f 131 314 313
f 131 313 130
f 313 55 54
f 313 54 311
f 56 55 313
f 56 313 314
f 312 299 300
f 300 133 312
f 129 312 133
f 140 133 300
f 53 49 292
f 316 249 250
f 250 315 316
f 297 249 316
f 316 298 297
f 301 316 317
f 317 303 301
f 140 303 317
f 140 317 139
f 315 318 317
f 317 316 315
f 318 139 317
f 301 298 316
f 315 250 251
f 315 251 142
f 318 315 142
f 297 242 249
f 238 44 25
f 319 321 320
f 324 323 247
f 324 325 322
f 322 323 324
f 329 320 322
f 327 326 319
f 327 319 320
f 329 327 320
f 328 329 325
f 322 325 329
f 367 326 327
f 328 367 327
f 327 329 328
f 339 331 330
f 331 333 332
f 332 334 331
f 333 331 339
f 331 334 209
f 331 209 251
f 331 251 330
f 337 335 334
f 336 169 335
f 336 335 337
f 332 320 337
f 337 334 332
f 337 320 321
f 321 336 337
f 209 334 335
f 169 209 335
f 338 323 339
f 339 330 338
f 333 323 322
f 322 332 333
f 323 333 339
f 338 247 323
f 320 332 322
f 351 341 321
f 351 321 319
f 351 346 340
f 340 341 351
f 343 344 342
f 346 345 342
f 346 342 340
f 343 342 345
f 345 347 343
f 350 351 326
f 319 326 351
f 352 346 351
f 352 351 350
f 367 348 350
f 350 326 367
f 350 348 349
f 350 349 352
f 353 354 349
f 355 354 353
f 356 345 346
f 352 356 346
f 356 357 347
f 347 345 356
f 352 349 354
f 352 354 356
f 357 356 354
f 354 355 357
f 336 341 358
f 169 336 358
f 169 358 168
f 340 183 358
f 340 358 341
f 183 168 358
f 341 336 321
f 183 340 342
f 183 342 182
f 184 182 342
f 342 344 184
f 361 363 362
f 362 363 324
f 362 324 247
f 364 325 363
f 364 363 361
f 324 363 325
f 279 371 361
f 361 362 279
f 360 359 364
f 360 364 361
f 360 361 371
f 366 367 365
f 368 365 359
f 368 379 366
f 366 365 368
f 364 365 328
f 328 325 364
f 328 365 367
f 364 359 365
f 369 371 370
f 372 359 360
f 372 360 371
f 372 371 369
f 373 369 370
f 286 373 370
f 373 1988 372
f 372 369 373
f 279 370 371
f 372 376 368
f 368 359 372
f 374 379 376
f 368 376 379
f 375 376 1988
f 372 1988 376
f 1 374 375
f 374 376 375
f 377 348 367
f 377 367 366
f 377 382 349
f 349 348 377
f 378 380 379
f 366 379 380
f 380 377 366
f 8 382 380
f 8 380 378
f 377 380 382
f 382 381 353
f 382 353 349
f 353 381 383
f 353 383 355
f 382 8 10
f 382 10 381
f 381 10 12
f 381 12 383
f 374 16 17
f 17 378 374
f 378 379 374
f 378 17 8
f 374 1 16
f 209 142 251
f 388 137 143
f 388 143 400
f 389 388 400
f 400 390 389
f 388 387 131
f 131 137 388
f 391 387 388
f 388 392 391
f 388 389 392
f 389 390 393
f 391 392 394
f 393 394 392
f 392 389 393
f 395 394 393
f 393 396 395
f 395 396 397
f 400 143 144
f 144 401 400
f 402 400 401
f 398 401 144
f 144 148 398
f 399 402 401
f 399 401 398
f 402 399 404
f 402 404 403
f 403 404 405
f 152 151 406
f 398 152 406
f 399 398 406
f 399 406 407
f 406 151 153
f 406 153 384
f 385 407 406
f 385 406 384
f 398 148 152
f 408 399 407
f 386 408 407
f 386 407 385
f 408 386 469
f 399 408 404
f 408 405 404
f 409 405 408
f 469 409 408
f 400 402 390
f 402 393 390
f 393 402 411
f 393 411 410
f 410 411 412
f 403 411 402
f 412 411 403
f 412 403 405
f 413 412 405
f 410 396 393
f 397 396 410
f 397 410 412
f 414 397 412
f 412 415 414
f 413 415 412
f 409 413 405
f 409 469 416
f 414 415 417
f 417 415 413
f 417 413 421
f 413 409 418
f 418 409 416
f 416 419 418
f 418 419 420
f 413 418 421
f 421 418 422
f 422 418 420
f 422 420 423
f 424 426 425
f 427 425 426
f 437 429 428
f 384 188 430
f 430 431 385
f 385 384 430
f 430 188 187
f 187 437 430
f 428 431 430
f 437 428 430
f 432 428 429
f 386 385 431
f 386 431 433
f 386 433 434
f 428 432 433
f 433 431 428
f 435 434 433
f 435 433 432
f 436 438 437
f 429 437 438
f 438 439 429
f 436 196 424
f 424 438 436
f 425 439 438
f 424 425 438
f 436 437 187
f 187 189 436
f 196 436 189
f 440 432 429
f 440 429 439
f 432 440 441
f 425 427 440
f 440 439 425
f 442 440 427
f 440 442 441
f 441 435 432
f 435 441 443
f 444 443 441
f 441 442 444
f 424 445 446
f 446 426 424
f 445 198 447
f 447 451 446
f 446 445 447
f 448 427 426
f 448 426 446
f 427 448 449
f 456 448 446
f 456 446 451
f 450 449 448
f 450 448 456
f 455 452 451
f 455 453 454
f 454 452 455
f 198 191 455
f 455 447 198
f 455 451 447
f 193 453 455
f 455 191 193
f 456 451 452
f 452 457 456
f 458 457 452
f 458 452 454
f 456 457 459
f 456 459 450
f 458 460 459
f 458 459 457
f 424 196 197
f 197 445 424
f 198 445 197
f 449 442 427
f 442 449 461
f 461 449 450
f 462 461 450
f 444 442 461
f 444 461 463
f 463 461 462
f 463 462 464
f 462 450 459
f 462 459 465
f 466 465 459
f 459 460 466
f 467 464 462
f 462 465 467
f 468 467 465
f 465 466 468
f 188 384 153
f 386 434 470
f 386 470 469
f 435 470 434
f 469 470 471
f 471 470 435
f 472 471 435
f 416 469 471
f 473 416 471
f 471 472 474
f 474 473 471
f 473 474 475
f 472 435 443
f 472 443 476
f 476 443 444
f 444 477 476
f 476 474 472
f 478 475 474
f 474 476 478
f 479 478 476
f 476 477 479
f 473 419 416
f 480 420 419
f 419 473 480
f 480 473 475
f 480 475 481
f 482 423 420
f 420 480 482
f 481 482 480
f 482 481 483
f 481 475 478
f 481 478 484
f 484 478 479
f 484 479 485
f 483 481 484
f 486 483 484
f 484 485 486
f 444 463 487
f 487 477 444
f 464 488 487
f 464 487 463
f 479 477 487
f 479 487 489
f 490 489 487
f 487 488 490
f 467 492 488
f 467 488 464
f 491 492 467
f 467 468 491
f 493 490 488
f 488 492 493
f 493 492 491
f 493 491 494
f 489 490 495
f 495 485 489
f 485 479 489
f 486 485 495
f 486 495 496
f 493 498 495
f 495 490 493
f 498 493 494
f 498 494 497
f 496 495 498
f 499 314 131
f 499 131 387
f 499 387 502
f 500 56 314
f 314 499 500
f 500 499 501
f 502 501 499
f 503 501 502
f 391 502 387
f 504 502 391
f 391 394 504
f 394 505 504
f 504 505 506
f 395 505 394
f 507 506 505
f 505 395 397
f 505 397 508
f 505 508 507
f 504 503 502
f 509 503 504
f 504 506 509
f 507 509 506
f 500 102 56
f 103 102 500
f 510 103 500
f 510 500 501
f 510 106 103
f 510 501 512
f 503 512 501
f 511 512 503
f 112 106 510
f 510 512 112
f 112 512 539
f 511 539 512
f 509 511 503
f 507 508 513
f 509 507 513
f 509 513 514
f 539 511 540
f 515 511 509
f 514 515 509
f 515 514 527
f 511 515 540
f 516 540 515
f 516 515 527
f 516 527 517
f 414 508 397
f 513 508 414
f 513 414 417
f 518 513 417
f 421 518 417
f 518 421 519
f 518 514 513
f 520 514 518
f 520 518 519
f 521 520 519
f 519 522 521
f 519 421 422
f 523 519 422
f 423 523 422
f 523 522 519
f 523 423 524
f 522 523 525
f 525 523 524
f 525 524 526
f 514 520 527
f 520 528 527
f 521 528 520
f 527 528 529
f 529 528 521
f 530 529 521
f 521 522 530
f 517 527 529
f 517 529 531
f 529 530 531
f 531 530 532
f 533 530 522
f 522 525 533
f 525 534 533
f 526 534 525
f 534 526 535
f 536 532 530
f 530 533 536
f 533 534 536
f 536 534 535
f 536 535 537
f 539 113 112
f 113 539 538
f 538 116 113
f 538 539 542
f 540 542 539
f 542 540 545
f 541 127 116
f 541 116 538
f 538 542 541
f 541 542 543
f 544 543 542
f 542 545 544
f 544 545 546
f 516 545 540
f 545 516 547
f 547 516 517
f 548 547 517
f 547 546 545
f 546 547 549
f 548 549 547
f 550 549 548
f 541 128 127
f 551 128 541
f 541 543 551
f 544 551 543
f 1861 128 551
f 551 544 546
f 551 546 553
f 552 1861 551
f 551 553 552
f 552 553 554
f 546 549 553
f 555 553 549
f 555 549 550
f 556 555 550
f 555 554 553
f 554 555 2196
f 555 556 2196
f 531 548 517
f 548 531 557
f 557 531 532
f 557 532 558
f 550 548 557
f 550 557 559
f 557 558 559
f 560 558 532
f 532 536 560
f 537 560 536
f 559 556 550
f 561 2196 556
f 559 558 562
f 568 562 558
f 568 558 560
f 563 568 560
f 560 537 563
f 556 559 564
f 564 559 562
f 564 562 565
f 561 556 564
f 561 564 566
f 566 564 565
f 567 566 565
f 565 562 568
f 565 568 569
f 569 568 563
f 563 570 569
f 569 567 565
f 567 569 571
f 572 571 569
f 569 570 572
f 573 526 524
f 524 423 482
f 573 524 482
f 482 483 573
f 573 483 486
f 573 486 574
f 575 537 535
f 535 526 573
f 575 535 573
f 573 576 575
f 574 580 576
f 574 576 573
f 577 574 486
f 486 496 577
f 577 496 498
f 578 577 498
f 498 497 578
f 580 574 577
f 580 577 579
f 581 579 577
f 577 578 581
f 579 582 580
f 581 584 582
f 582 579 581
f 584 581 583
f 583 585 584
f 588 563 537
f 588 537 575
f 588 575 576
f 588 576 586
f 594 586 576
f 594 576 580
f 594 580 587
f 563 588 589
f 589 570 563
f 570 589 590
f 586 589 588
f 591 590 589
f 589 586 591
f 572 570 590
f 572 590 592
f 592 590 591
f 592 591 593
f 594 595 586
f 591 586 595
f 591 595 596
f 587 597 595
f 587 595 594
f 596 595 597
f 598 593 591
f 591 596 598
f 599 598 596
f 596 597 599
f 587 580 582
f 587 582 600
f 600 582 584
f 601 599 597
f 597 587 600
f 597 600 601
f 585 601 600
f 600 584 585
f 601 585 602
f 603 605 604
f 608 609 606
f 609 611 607
f 609 607 606
f 611 613 612
f 612 613 614
f 610 612 614
f 607 615 603
f 615 610 605
f 615 605 603
f 612 615 607
f 611 612 607
f 610 615 612
f 616 618 617
f 619 621 620
f 622 624 623
f 625 627 626
f 628 626 622
f 628 617 618
f 628 618 625
f 626 628 625
f 626 627 619
f 626 619 620
f 626 620 624
f 626 624 622
f 640 630 629
f 640 632 631
f 631 630 640
f 636 629 635
f 634 637 616
f 618 637 635
f 637 618 616
f 637 634 633
f 633 636 637
f 635 637 636
f 639 640 636
f 640 629 636
f 641 640 639
f 632 640 641
f 639 636 633
f 639 633 638
f 642 641 639
f 642 639 638
f 643 645 644
f 646 648 647
f 629 643 646
f 646 643 644
f 644 648 646
f 649 651 650
f 644 645 603
f 644 603 649
f 603 604 651
f 603 651 649
f 619 647 648
f 619 648 649
f 650 621 619
f 649 650 619
f 649 648 644
f 630 606 643
f 606 607 645
f 606 645 643
f 606 630 631
f 631 608 606
f 643 629 630
f 603 645 607
f 635 646 625
f 646 647 627
f 646 627 625
f 646 635 629
f 625 618 635
f 619 627 647
f 652 653 853
f 652 656 654
f 654 655 653
f 653 652 654
f 878 657 656
f 878 658 659
f 659 657 878
f 654 656 657
f 657 660 654
f 660 661 655
f 655 654 660
f 659 662 660
f 660 657 659
f 662 667 661
f 661 660 662
f 664 663 659
f 659 658 664
f 665 666 663
f 664 665 663
f 671 668 667
f 671 669 670
f 670 668 671
f 663 671 662
f 662 659 663
f 671 667 662
f 669 671 663
f 669 663 666
f 2877 675 674
f 676 678 677
f 680 682 681
f 679 674 675
f 679 675 676
f 676 680 679
f 677 682 680
f 677 680 676
f 684 686 685
f 687 689 688
f 672 692 693
f 688 689 696
f 692 688 696
f 690 691 693
f 693 692 696
f 693 696 690
f 677 678 816
f 677 816 694
f 816 683 695
f 816 695 694
f 681 682 694
f 687 681 694
f 694 695 689
f 694 689 687
f 694 682 677
f 695 697 696
f 690 696 697
f 697 685 690
f 685 691 690
f 684 697 695
f 684 695 683
f 685 697 684
f 696 689 695
f 700 702 701
f 702 854 703
f 703 854 698
f 1310 703 698
f 698 699 1310
f 704 1310 705
f 701 702 703
f 701 703 704
f 703 1310 704
f 706 707 708
f 2 711 709
f 710 712 711
f 709 711 712
f 712 713 709
f 706 711 7
f 706 7 5
f 711 2 7
f 710 711 706
f 706 708 710
f 714 716 715
f 707 2847 717
f 717 715 708
f 708 707 717
f 673 672 718
f 673 718 717
f 673 717 2847
f 714 715 717
f 717 718 714
f 710 715 719
f 719 712 710
f 719 720 713
f 713 712 719
f 719 715 716
f 716 721 719
f 721 722 720
f 720 719 721
f 715 710 708
f 724 723 726
f 724 726 11
f 726 727 12
f 12 11 726
f 728 726 725
f 726 723 725
f 729 727 726
f 729 726 728
f 730 731 728
f 730 728 725
f 732 729 728
f 732 728 731
f 733 731 730
f 733 734 732
f 732 731 733
f 709 735 24
f 24 2 709
f 723 724 24
f 24 735 723
f 713 736 735
f 735 709 713
f 723 735 736
f 725 723 736
f 737 736 713
f 737 713 720
f 738 725 736
f 738 736 737
f 739 737 720
f 739 720 722
f 740 738 737
f 740 737 739
f 725 738 730
f 730 738 740
f 730 740 733
f 685 686 880
f 685 880 741
f 741 880 743
f 743 742 741
f 744 746 745
f 747 749 748
f 743 744 747
f 743 747 742
f 745 749 747
f 745 747 744
f 714 750 751
f 751 716 714
f 750 691 752
f 752 753 751
f 751 750 752
f 693 750 718
f 718 672 693
f 714 718 750
f 750 693 691
f 751 754 721
f 721 716 751
f 754 755 722
f 722 721 754
f 753 756 754
f 754 751 753
f 756 748 755
f 755 754 756
f 685 741 752
f 752 691 685
f 741 742 753
f 753 752 741
f 747 756 753
f 747 753 742
f 748 756 747
f 757 758 760
f 733 760 761
f 761 762 734
f 734 733 761
f 758 765 761
f 758 761 760
f 762 761 765
f 762 765 759
f 764 745 746
f 746 700 764
f 764 700 701
f 763 764 701
f 757 748 749
f 749 764 757
f 758 757 764
f 758 764 763
f 764 749 745
f 763 704 765
f 765 704 705
f 759 765 705
f 704 763 701
f 765 758 763
f 755 766 739
f 739 722 755
f 766 760 740
f 740 739 766
f 766 755 757
f 755 748 757
f 760 766 757
f 760 733 740
f 767 769 768
f 768 769 801
f 771 768 801
f 801 803 771
f 844 771 803
f 803 792 844
f 820 771 844
f 844 770 820
f 772 773 776
f 777 778 788
f 773 774 777
f 773 777 776
f 775 778 777
f 774 775 777
f 780 782 781
f 604 605 786
f 604 786 780
f 786 779 782
f 786 782 780
f 779 785 784
f 783 784 785
f 783 785 788
f 781 782 784
f 781 784 767
f 769 767 784
f 769 784 783
f 784 782 779
f 610 787 786
f 779 786 787
f 787 776 779
f 787 610 614
f 787 614 772
f 776 787 772
f 786 605 610
f 779 776 777
f 777 785 779
f 788 785 777
f 789 791 790
f 790 791 800
f 864 790 800
f 800 798 864
f 790 864 792
f 775 795 794
f 793 794 795
f 795 796 793
f 778 794 789
f 778 789 788
f 793 791 789
f 789 794 793
f 794 778 775
f 797 799 798
f 796 918 797
f 797 793 796
f 918 920 799
f 799 797 918
f 797 800 791
f 797 791 793
f 798 800 797
f 783 802 801
f 803 801 802
f 803 802 790
f 788 789 802
f 788 802 783
f 790 802 789
f 801 769 783
f 792 803 790
f 804 808 807
f 805 807 808
f 808 809 806
f 808 806 805
f 620 621 821
f 804 620 821
f 821 810 804
f 768 809 808
f 767 768 808
f 808 804 810
f 808 810 767
f 812 623 624
f 624 804 812
f 623 812 811
f 2877 623 811
f 811 675 2877
f 811 812 807
f 676 811 807
f 805 806 678
f 805 678 676
f 676 807 805
f 807 812 804
f 676 675 811
f 804 624 620
f 813 815 814
f 806 817 816
f 816 817 814
f 683 816 814
f 809 813 817
f 817 806 809
f 814 817 813
f 818 814 815
f 818 815 820
f 820 770 819
f 820 819 818
f 684 683 814
f 684 814 818
f 819 686 684
f 819 684 818
f 771 815 813
f 768 771 813
f 813 809 768
f 820 815 771
f 816 678 806
f 821 650 651
f 821 651 780
f 781 810 821
f 780 781 821
f 780 651 604
f 821 621 650
f 767 810 781
f 823 824 828
f 825 827 826
f 828 830 829
f 829 830 831
f 822 829 831
f 824 832 830
f 824 830 828
f 826 831 830
f 825 826 830
f 830 832 825
f 770 835 834
f 834 835 833
f 839 834 833
f 833 838 837
f 837 838 822
f 836 837 822
f 839 841 840
f 842 840 841
f 841 836 842
f 833 837 841
f 833 841 839
f 836 841 837
f 844 845 843
f 833 843 845
f 833 845 828
f 823 845 844
f 844 792 823
f 828 845 823
f 843 835 770
f 843 770 844
f 833 835 843
f 828 829 838
f 828 838 833
f 822 838 829
f 822 849 847
f 847 849 846
f 846 848 847
f 846 852 850
f 850 852 853
f 853 851 850
f 848 850 854
f 698 854 850
f 698 850 851
f 851 699 698
f 850 848 846
f 855 857 856
f 856 857 858
f 846 856 858
f 826 827 859
f 855 826 859
f 859 857 855
f 859 656 858
f 858 857 859
f 855 856 849
f 855 849 822
f 822 831 855
f 846 849 856
f 855 831 826
f 852 846 858
f 852 858 652
f 853 852 652
f 656 652 858
f 836 847 860
f 860 847 848
f 860 848 702
f 847 836 822
f 842 836 860
f 700 842 860
f 702 700 860
f 848 854 702
f 861 863 862
f 823 792 864
f 864 865 823
f 865 862 824
f 824 823 865
f 861 865 864
f 864 798 861
f 862 865 861
f 866 868 867
f 867 868 869
f 825 867 869
f 869 827 825
f 862 863 870
f 866 862 870
f 870 868 866
f 870 871 869
f 869 868 870
f 867 832 824
f 866 867 824
f 824 862 866
f 825 832 867
f 798 799 872
f 861 798 872
f 872 873 863
f 863 861 872
f 920 928 872
f 872 799 920
f 928 930 873
f 873 872 928
f 873 874 870
f 870 863 873
f 874 875 871
f 871 870 874
f 876 874 873
f 876 873 930
f 876 877 875
f 875 874 876
f 869 878 859
f 859 827 869
f 878 656 859
f 658 878 869
f 658 869 871
f 664 658 871
f 871 875 664
f 875 877 664
f 877 879 664
f 664 879 665
f 819 881 880
f 743 880 881
f 881 839 743
f 834 881 819
f 834 819 770
f 839 881 834
f 880 686 819
f 839 840 743
f 840 744 743
f 840 842 746
f 746 744 840
f 700 746 842
f 882 609 608
f 883 611 609
f 883 609 882
f 884 883 882
f 611 883 885
f 885 613 611
f 885 886 614
f 614 613 885
f 887 885 883
f 885 888 889
f 889 886 885
f 888 885 887
f 884 890 887
f 887 883 884
f 887 890 888
f 891 889 888
f 892 891 888
f 892 888 890
f 894 893 631
f 894 631 632
f 895 894 632
f 895 632 641
f 896 895 641
f 896 641 642
f 893 882 608
f 893 608 631
f 897 882 893
f 897 898 884
f 884 882 897
f 899 897 893
f 899 893 894
f 900 898 897
f 900 897 899
f 901 890 884
f 901 884 898
f 900 902 903
f 903 901 898
f 903 898 900
f 904 903 902
f 905 892 890
f 905 890 901
f 904 912 905
f 905 901 903
f 905 903 904
f 895 906 894
f 899 894 906
f 907 900 899
f 907 899 906
f 896 908 906
f 906 895 896
f 908 909 907
f 907 906 908
f 910 902 900
f 910 900 907
f 910 911 912
f 912 904 910
f 904 902 910
f 913 910 907
f 913 907 909
f 914 911 910
f 914 910 913
f 915 947 924
f 924 917 916
f 916 915 924
f 916 919 918
f 918 919 921
f 918 921 920
f 917 922 919
f 919 916 917
f 923 921 919
f 923 919 922
f 924 925 917
f 925 926 922
f 922 917 925
f 927 923 922
f 927 922 926
f 920 921 929
f 920 929 928
f 930 928 929
f 929 931 930
f 933 929 921
f 933 921 923
f 932 931 929
f 932 929 933
f 933 923 927
f 934 666 665
f 937 670 669
f 934 935 936
f 936 669 666
f 936 666 934
f 937 669 936
f 938 936 935
f 939 937 936
f 939 936 938
f 772 886 942
f 942 940 773
f 773 772 942
f 943 948 942
f 943 942 886
f 941 940 942
f 942 948 941
f 940 944 774
f 944 945 775
f 944 775 774
f 941 946 944
f 944 940 941
f 946 947 945
f 945 944 946
f 774 773 940
f 949 941 948
f 941 950 946
f 951 947 946
f 951 946 950
f 949 952 950
f 950 941 949
f 952 953 951
f 951 950 952
f 886 772 614
f 886 889 943
f 954 948 943
f 954 943 889
f 954 889 891
f 954 955 949
f 949 948 954
f 892 956 954
f 954 891 892
f 957 955 954
f 957 954 956
f 955 958 952
f 952 949 955
f 958 959 953
f 953 952 958
f 960 958 955
f 960 955 957
f 961 959 958
f 961 958 960
f 795 775 945
f 795 945 915
f 916 796 795
f 916 795 915
f 947 915 945
f 918 796 916
f 951 962 924
f 924 947 951
f 962 963 925
f 925 924 962
f 953 964 962
f 962 951 953
f 964 965 963
f 963 962 964
f 925 963 966
f 966 926 925
f 927 926 966
f 927 966 967
f 965 968 966
f 966 963 965
f 969 967 966
f 969 966 968
f 970 964 953
f 970 953 959
f 971 965 964
f 971 964 970
f 972 970 959
f 972 959 961
f 972 973 971
f 971 970 972
f 971 974 968
f 968 965 971
f 974 975 969
f 969 968 974
f 973 976 974
f 974 971 973
f 976 977 975
f 975 974 976
f 978 956 892
f 978 892 905
f 979 957 956
f 979 956 978
f 980 978 905
f 980 905 912
f 981 979 978
f 981 978 980
f 982 960 957
f 982 957 979
f 983 961 960
f 983 960 982
f 984 982 979
f 984 979 981
f 985 983 982
f 985 982 984
f 986 912 911
f 914 987 986
f 986 911 914
f 988 986 987
f 980 912 986
f 989 981 980
f 989 980 986
f 989 986 988
f 990 984 981
f 990 981 989
f 991 985 984
f 991 984 990
f 992 990 989
f 992 989 988
f 993 991 990
f 993 990 992
f 994 972 961
f 994 961 983
f 994 995 973
f 973 972 994
f 996 994 983
f 996 983 985
f 997 995 994
f 997 994 996
f 998 977 976
f 995 998 976
f 976 973 995
f 998 995 997
f 999 997 996
f 991 999 996
f 996 985 991
f 999 991 993
f 1000 998 997
f 1000 997 999
f 930 931 1001
f 1001 876 930
f 1001 1002 877
f 877 876 1001
f 932 1003 1001
f 932 1001 931
f 1004 1002 1001
f 1003 1004 1001
f 1003 1005 1004
f 1006 933 927
f 1006 927 967
f 1007 932 933
f 1007 933 1006
f 969 1008 1006
f 1006 967 969
f 1009 1007 1006
f 1009 1006 1008
f 1003 932 1007
f 1010 1003 1007
f 1010 1007 1009
f 1010 1011 1005
f 1005 1003 1010
f 975 1012 1008
f 1008 969 975
f 1012 1013 1009
f 1009 1008 1012
f 977 1014 1012
f 1012 975 977
f 1014 1015 1013
f 1013 1012 1014
f 1016 1010 1009
f 1016 1009 1013
f 1017 1011 1010
f 1017 1010 1016
f 1015 1018 1016
f 1016 1013 1015
f 1019 1017 1016
f 1019 1016 1018
f 1021 879 877
f 1021 877 1002
f 934 665 879
f 934 879 1021
f 1021 1020 934
f 1021 1002 1004
f 1022 1020 1021
f 1021 1004 1005
f 1005 1025 1021
f 1022 1021 1025
f 1025 1026 1022
f 934 1020 935
f 1022 1024 938
f 1022 938 935
f 935 1020 1022
f 1023 939 938
f 1023 938 1024
f 1022 1026 1024
f 1025 1005 1011
f 1027 1024 1026
f 1028 1023 1024
f 1028 1024 1027
f 1029 1025 1011
f 1029 1011 1017
f 1030 1026 1025
f 1030 1025 1029
f 1031 1029 1017
f 1031 1017 1019
f 1032 1030 1029
f 1032 1029 1031
f 1033 1027 1026
f 1033 1026 1030
f 1034 1028 1027
f 1034 1027 1033
f 1035 1033 1030
f 1035 1030 1032
f 1036 1034 1033
f 1036 1033 1035
f 998 1037 1038
f 1038 1015 1014
f 1038 1014 998
f 1014 977 998
f 1038 1039 1018
f 1018 1015 1038
f 1040 1019 1018
f 1040 1018 1039
f 1041 1039 1038
f 1041 1038 1037
f 1042 1040 1039
f 1042 1039 1041
f 3218 1043 1044
f 1044 1037 998
f 3218 1044 998
f 998 1000 3218
f 1044 1045 1041
f 1041 1037 1044
f 1045 1046 1042
f 1042 1041 1045
f 1043 1047 1045
f 1045 1044 1043
f 1047 1048 1046
f 1046 1045 1047
f 1050 1031 1019
f 1050 1019 1040
f 1051 1032 1031
f 1051 1031 1050
f 1042 1052 1050
f 1050 1040 1042
f 1052 1053 1051
f 1051 1050 1052
f 1054 1035 1032
f 1054 1032 1051
f 1054 1055 1036
f 1036 1035 1054
f 1053 1056 1054
f 1054 1051 1053
f 1049 1055 1054
f 1049 1054 1056
f 1058 1057 1064
f 1046 1059 1052
f 1052 1042 1046
f 1059 1060 1053
f 1053 1052 1059
f 1048 1061 1059
f 1059 1046 1048
f 1061 1062 1060
f 1060 1059 1061
f 1060 1063 1056
f 1056 1053 1060
f 1057 1049 1056
f 1057 1056 1063
f 1062 1064 1063
f 1063 1060 1062
f 1064 1057 1063
f 1069 1068 1070
f 1069 1070 167
f 1069 167 165
f 1068 1080 1071
f 1071 1074 1070
f 1070 1068 1071
f 1078 1075 1074
f 1078 1076 1077
f 1077 1075 1078
f 1080 1073 1078
f 1078 1071 1080
f 1078 1074 1071
f 1078 1073 1072
f 1072 1076 1078
f 181 1081 1079
f 1081 1082 1080
f 1080 1079 1081
f 1272 1081 185
f 1272 185 184
f 1081 181 185
f 1274 1082 1081
f 1274 1081 1272
f 1069 165 181
f 1069 181 1079
f 1069 1079 1068
f 1080 1068 1079
f 1084 1073 1080
f 1084 1080 1082
f 1084 1083 1072
f 1084 1072 1073
f 1278 1084 1082
f 1278 1082 1274
f 1280 1083 1084
f 1278 1280 1084
f 1087 1066 1077
f 1077 1076 1087
f 1088 1089 1087
f 1065 1066 1087
f 1087 1089 1065
f 1087 1076 1072
f 1072 1085 1087
f 1088 1087 1085
f 1085 1086 1088
f 1091 1089 1088
f 1067 1065 1089
f 1089 1091 1067
f 1093 1067 1092
f 1067 1091 1092
f 1091 1088 1086
f 1086 1090 1091
f 1094 1092 1091
f 1094 1091 1090
f 1085 1072 1083
f 1083 1095 1085
f 1095 1097 1086
f 1095 1086 1085
f 1291 1095 1083
f 1291 1083 1280
f 1096 1097 1095
f 1291 1096 1095
f 1098 1090 1086
f 1098 1086 1097
f 1098 1099 1100
f 1100 1090 1098
f 1096 1101 1102
f 1102 1097 1096
f 1097 1102 1098
f 1103 1102 1101
f 1099 1098 1102
f 1102 1103 1099
f 1090 1100 1094
f 1105 1104 1113
f 1113 1106 1105
f 1167 1107 1104
f 1109 1108 1110
f 1167 1109 1110
f 1110 1107 1167
f 1111 1137 1112
f 1104 1107 1114
f 1114 1113 1104
f 1114 1111 1106
f 1106 1113 1114
f 1110 1137 1114
f 1114 1107 1110
f 1137 1111 1114
f 192 1117 1115
f 1115 193 192
f 1116 1118 1117
f 1115 1117 1118
f 1118 1119 1115
f 1116 1121 1122
f 1122 1118 1116
f 1122 1123 1119
f 1119 1118 1122
f 1122 1121 1120
f 1120 1124 1122
f 1124 1125 1123
f 1123 1122 1124
f 201 1105 1106
f 1106 1129 201
f 1129 1126 1128
f 1128 1127 201
f 201 1129 1128
f 204 1127 1128
f 1128 1117 204
f 1117 192 204
f 1116 1117 1128
f 1128 1126 1116
f 1129 1111 1130
f 1130 1121 1126
f 1126 1129 1130
f 1112 1131 1130
f 1130 1111 1112
f 1120 1121 1130
f 1130 1131 1120
f 1129 1106 1111
f 1121 1116 1126
f 1108 1066 1132
f 1132 1133 1110
f 1110 1108 1132
f 1066 1065 1134
f 1066 1134 1132
f 1134 1135 1133
f 1133 1132 1134
f 1136 1138 1137
f 1112 1137 1138
f 1138 1139 1112
f 1136 1135 1140
f 1140 1138 1136
f 1140 1141 1139
f 1139 1138 1140
f 1136 1137 1110
f 1110 1133 1136
f 1135 1136 1133
f 1142 1134 1065
f 1142 1065 1067
f 1143 1135 1134
f 1143 1134 1142
f 1067 1093 1144
f 1144 1142 1067
f 1145 1143 1142
f 1145 1142 1144
f 1143 1146 1140
f 1143 1140 1135
f 1147 1141 1140
f 1147 1140 1146
f 1225 1146 1143
f 1148 1147 1146
f 1148 1146 1225
f 1143 1145 1225
f 1120 1156 1149
f 1150 1154 1149
f 1150 1149 1156
f 1151 1124 1120
f 1151 1120 1149
f 1152 1125 1124
f 1152 1124 1151
f 1153 1151 1149
f 1153 1149 1154
f 1155 1152 1151
f 1155 1151 1153
f 1154 1161 1153
f 1155 1153 1161
f 1139 1156 1131
f 1131 1112 1139
f 1156 1120 1131
f 1141 1157 1156
f 1156 1139 1141
f 1156 1157 1150
f 1158 1157 1141
f 1158 1141 1147
f 1150 1157 1158
f 1154 1150 1158
f 1158 1159 1154
f 1160 1158 1147
f 1160 1147 1148
f 1230 1159 1158
f 1230 1158 1160
f 1161 1154 1159
f 1161 1418 1155
f 1161 1159 1230
f 1161 1230 1162
f 1418 1161 1162
f 1418 1162 1163
f 232 1164 1165
f 1164 1074 1166
f 1166 1104 1165
f 1165 1164 1166
f 235 167 1070
f 235 1070 1164
f 232 235 1164
f 1074 1164 1070
f 1165 1105 201
f 201 232 1165
f 1104 1105 1165
f 1166 1074 1075
f 1075 1167 1166
f 1104 1166 1167
f 1109 1167 1075
f 1108 1109 1075
f 1075 1077 1108
f 1066 1108 1077
f 853 653 1170
f 853 1170 1169
f 1169 1170 1172
f 1169 1172 1171
f 655 1173 1170
f 1170 653 655
f 1173 1174 1172
f 1172 1170 1173
f 1175 1171 1172
f 1172 1176 1175
f 1175 1176 1177
f 1175 1177 1187
f 1178 1176 1172
f 1178 1172 1174
f 1179 1177 1176
f 1179 1176 1178
f 1180 1093 1092
f 1181 1092 1094
f 1092 1181 1180
f 1182 1183 1180
f 1181 1182 1180
f 1184 1183 1182
f 1185 1100 1099
f 1099 1103 1186
f 1099 1186 1185
f 1186 1187 1188
f 1186 1188 1189
f 1186 1189 1185
f 1181 1094 1100
f 1100 1185 1181
f 1189 1190 1181
f 1185 1189 1181
f 1181 1190 1182
f 1177 1191 1187
f 1191 1188 1187
f 1191 1192 1189
f 1189 1188 1191
f 1179 1193 1191
f 1191 1177 1179
f 1193 1194 1192
f 1192 1191 1193
f 1195 1190 1189
f 1184 1182 1190
f 1190 1195 1196
f 1190 1196 1184
f 1198 1197 1196
f 1196 1195 1198
f 1189 1192 1195
f 1195 1192 1194
f 1198 1195 1194
f 667 1200 1199
f 1199 1200 1202
f 1199 1202 1201
f 661 1199 1173
f 1173 655 661
f 1199 1201 1174
f 1174 1173 1199
f 667 1199 661
f 1203 1201 1202
f 1202 1204 1203
f 1203 1178 1174
f 1203 1174 1201
f 1205 1179 1178
f 1205 1178 1203
f 1204 1206 1205
f 1203 1204 1205
f 667 668 1207
f 667 1207 1200
f 1207 1208 1202
f 1202 1200 1207
f 670 1209 1207
f 1207 668 670
f 1209 1469 1208
f 1208 1207 1209
f 1211 1204 1202
f 1211 1202 1208
f 1210 1211 1208
f 1208 1469 1210
f 1204 1211 1212
f 1212 1206 1204
f 1210 1213 1211
f 1212 1211 1213
f 1212 1213 1325
f 1214 1193 1179
f 1214 1179 1205
f 1214 1215 1194
f 1194 1193 1214
f 1206 1216 1214
f 1214 1205 1206
f 1216 1217 1215
f 1215 1214 1216
f 1218 1198 1194
f 1218 1194 1215
f 1197 1198 1218
f 1197 1218 1220
f 1218 1215 1217
f 1218 1217 1219
f 1220 1218 1219
f 1212 1221 1216
f 1216 1206 1212
f 1222 1217 1216
f 1221 1222 1216
f 1221 1212 1325
f 1219 1217 1222
f 1223 1144 1093
f 1224 1145 1144
f 1224 1144 1223
f 1223 1236 1224
f 1225 1227 1148
f 1145 1224 1226
f 1145 1226 1225
f 1227 1225 1226
f 1228 1226 1224
f 1228 1224 1236
f 1227 1226 1229
f 1226 1228 1229
f 1231 1160 1148
f 1231 1148 1227
f 1230 1160 1231
f 1231 1233 1230
f 1232 1231 1227
f 1232 1227 1229
f 1233 1231 1232
f 1234 1162 1230
f 1233 1234 1230
f 1163 1162 1234
f 1093 1180 1223
f 1235 1223 1180
f 1236 1223 1235
f 1180 1183 1235
f 1237 1236 1235
f 1184 1238 1235
f 1235 1183 1184
f 1235 1238 1239
f 1235 1239 1237
f 1240 1228 1236
f 1240 1236 1237
f 1240 1241 1229
f 1229 1228 1240
f 1240 1237 1239
f 1239 1244 1240
f 1242 1243 1241
f 1241 1240 1244
f 1241 1244 1242
f 1184 1196 1238
f 1245 1238 1196
f 1196 1197 1245
f 1245 1246 1239
f 1239 1238 1245
f 1243 1242 1248
f 1247 1244 1239
f 1247 1239 1246
f 1247 1248 1242
f 1242 1244 1247
f 1249 1250 1247
f 1247 1246 1249
f 1247 1251 1248
f 1251 1247 1250
f 1229 1252 1232
f 1253 1233 1232
f 1253 1232 1252
f 1254 1255 1253
f 1253 1252 1254
f 1234 1233 1256
f 1168 1163 1234
f 1168 1234 1256
f 1253 1256 1233
f 1258 1168 1256
f 1258 1256 1257
f 1255 1257 1256
f 1256 1253 1255
f 1252 1229 1241
f 1259 1252 1241
f 1259 1241 1243
f 1259 1254 1252
f 1260 1261 1255
f 1255 1254 1260
f 1261 1260 1262
f 1263 1258 1257
f 1263 1257 1264
f 1261 1264 1257
f 1257 1255 1261
f 1264 1265 1263
f 1265 1264 1266
f 1262 1266 1264
f 1264 1261 1262
f 1267 1259 1243
f 1267 1243 1248
f 1267 1260 1254
f 1254 1259 1267
f 1251 1268 1267
f 1267 1248 1251
f 1268 1262 1260
f 1260 1267 1268
f 1245 1197 1220
f 1245 1220 1269
f 1269 1270 1246
f 1246 1245 1269
f 1249 1246 1270
f 1271 1272 344
f 1271 344 343
f 1273 1274 1272
f 1273 1272 1271
f 1271 343 347
f 347 1275 1271
f 1273 1271 1275
f 1275 1276 1273
f 1277 1278 1274
f 1277 1274 1273
f 1277 1279 1280
f 1280 1278 1277
f 1277 1273 1276
f 1276 1281 1277
f 1277 1281 1282
f 1277 1282 1279
f 1284 1275 347
f 1284 347 357
f 1285 1276 1275
f 1285 1275 1284
f 1284 357 355
f 355 1283 1284
f 1285 1284 1283
f 1283 1286 1285
f 1288 1281 1276
f 1288 1276 1285
f 1288 1289 1282
f 1282 1281 1288
f 1286 1315 1288
f 1286 1288 1285
f 1287 1289 1288
f 1287 1288 1315
f 1272 184 344
f 1279 1290 1291
f 1291 1280 1279
f 1290 1292 1293
f 1293 1291 1290
f 1279 1282 1294
f 1279 1294 1290
f 1294 1295 1296
f 1290 1294 1296
f 1290 1296 1292
f 699 1299 1298
f 1298 1299 1321
f 1297 1298 1321
f 1292 1300 1301
f 1301 1293 1292
f 1300 1302 1303
f 1303 1301 1300
f 1295 1297 1304
f 1304 1296 1295
f 1292 1296 1304
f 1292 1304 1300
f 1304 1297 1321
f 1304 1321 1302
f 1300 1304 1302
f 1306 1307 1287
f 1306 1308 1305
f 1305 1307 1306
f 1289 1309 1294
f 1294 1282 1289
f 1309 1305 1295
f 1295 1294 1309
f 1289 1287 1307
f 1289 1307 1309
f 1309 1307 1305
f 1310 1312 1311
f 1305 1311 1312
f 1312 1297 1305
f 1310 699 1298
f 1298 1312 1310
f 1297 1312 1298
f 705 1310 1311
f 705 1311 1308
f 1305 1308 1311
f 1295 1305 1297
f 1291 1293 1096
f 1096 1293 1301
f 1096 1301 1101
f 1101 1301 1303
f 1101 1303 1103
f 355 383 1313
f 355 1313 1283
f 1286 1283 1314
f 1283 1313 1314
f 383 12 727
f 383 727 1313
f 1314 1313 727
f 1314 727 729
f 1316 1315 1286
f 1314 1316 1286
f 1316 1318 1287
f 1287 1315 1316
f 1316 1314 729
f 1316 729 732
f 734 1318 1316
f 1316 732 734
f 1318 1317 1306
f 1318 1306 1287
f 759 1308 1317
f 1306 1317 1308
f 1318 734 762
f 1318 762 1317
f 1317 762 759
f 1308 759 705
f 851 1320 1319
f 1319 1320 1322
f 1319 1322 1321
f 853 1169 1320
f 1320 851 853
f 1169 1171 1322
f 1322 1320 1169
f 851 1319 1299
f 1299 699 851
f 1321 1299 1319
f 1321 1322 1323
f 1302 1321 1323
f 1323 1324 1303
f 1303 1302 1323
f 1171 1175 1323
f 1323 1322 1171
f 1175 1187 1324
f 1324 1323 1175
f 1103 1303 1324
f 1103 1324 1186
f 1187 1186 1324
f 1220 1219 1326
f 1221 1328 1222
f 1221 1325 1329
f 1329 1328 1221
f 1331 1328 1329
f 1331 1329 1330
f 1332 1219 1222
f 1332 1222 1328
f 1326 1219 1332
f 1333 1334 1332
f 1332 1328 1333
f 1327 1326 1332
f 1327 1332 1334
f 1331 1333 1328
f 1335 1336 1331
f 1331 1330 1335
f 1337 1338 1336
f 1336 1335 1337
f 1340 1334 1333
f 1340 1333 1339
f 1341 1327 1334
f 1341 1334 1340
f 1336 1339 1333
f 1333 1331 1336
f 1342 1340 1339
f 1342 1339 1338
f 1342 1343 1341
f 1341 1340 1342
f 1338 1339 1336
f 1345 1338 1337
f 1499 1345 1337
f 1346 1343 1342
f 1345 1346 1342
f 1342 1338 1345
f 1344 1347 1345
f 1345 1499 1344
f 1347 1348 1346
f 1346 1345 1347
f 1250 1249 1349
f 1350 1251 1250
f 1350 1250 1349
f 1351 1352 1350
f 1350 1349 1351
f 1352 1351 1353
f 1355 1265 1266
f 1354 1355 1266
f 1266 1262 1354
f 1355 1354 1356
f 1350 1356 1354
f 1354 1262 1268
f 1354 1268 1350
f 1268 1251 1350
f 1356 1350 1352
f 1357 1358 1355
f 1355 1356 1357
f 1359 1356 1352
f 1359 1352 1353
f 1359 1357 1356
f 1360 1361 1270
f 1270 1269 1360
f 1361 1360 1362
f 1326 1362 1360
f 1360 1269 1220
f 1360 1220 1326
f 1363 1364 1361
f 1361 1362 1363
f 1327 1365 1362
f 1362 1326 1327
f 1365 1363 1362
f 1361 1349 1249
f 1249 1270 1361
f 1351 1349 1361
f 1351 1361 1364
f 1364 1363 1366
f 1341 1367 1365
f 1365 1327 1341
f 1367 1366 1363
f 1363 1365 1367
f 1369 1367 1341
f 1369 1341 1343
f 1369 1368 1366
f 1366 1367 1369
f 1366 1353 1351
f 1351 1364 1366
f 1353 1366 1368
f 1358 1357 1371
f 1370 1373 1359
f 1359 1353 1370
f 1373 1370 1372
f 1373 1371 1357
f 1357 1359 1373
f 1375 1376 1373
f 1373 1372 1375
f 1376 1377 1374
f 1374 1371 1373
f 1374 1373 1376
f 1378 1368 1369
f 1346 1378 1369
f 1369 1343 1346
f 1378 1379 1370
f 1370 1353 1368
f 1370 1368 1378
f 1348 1380 1378
f 1378 1346 1348
f 1381 1379 1378
f 1381 1378 1380
f 1372 1370 1379
f 1381 1375 1372
f 1372 1379 1381
f 453 1382 1383
f 1383 1384 454
f 454 453 1383
f 1382 1119 1385
f 1385 1383 1382
f 1385 1386 1384
f 1384 1383 1385
f 1382 453 193
f 193 1115 1382
f 1119 1382 1115
f 1387 458 454
f 1387 454 1384
f 1388 1387 1384
f 1388 1384 1386
f 1389 460 458
f 1389 458 1387
f 1390 1389 1387
f 1387 1388 1390
f 1119 1123 1391
f 1391 1385 1119
f 1392 1386 1385
f 1392 1385 1391
f 1125 1408 1391
f 1125 1391 1123
f 1394 1392 1391
f 1393 1394 1391
f 1391 1408 1393
f 1395 1388 1386
f 1386 1392 1395
f 1395 1392 1394
f 1395 1396 1388
f 1390 1388 1396
f 1390 1396 1397
f 1399 1396 1395
f 1399 1395 1394
f 1398 1399 1394
f 1397 1396 1399
f 1390 1400 1389
f 1401 1400 1390
f 1390 1397 1401
f 1398 1402 1399
f 1401 1397 1399
f 1401 1399 1402
f 1401 1404 1400
f 1404 1401 1403
f 1405 1403 1401
f 1401 1402 1405
f 466 460 1389
f 1406 466 1389
f 1406 1389 1400
f 1407 468 466
f 466 1406 1407
f 1407 1406 1400
f 1407 1400 1404
f 1408 1125 1152
f 1152 1409 1408
f 1393 1408 1409
f 1409 1410 1394
f 1409 1394 1393
f 1409 1152 1411
f 1152 1155 1411
f 1410 1409 1411
f 1398 1394 1410
f 1413 1410 1411
f 1412 1413 1411
f 1414 1413 1412
f 1415 1402 1398
f 1398 1410 1415
f 1415 1410 1413
f 1417 1402 1415
f 1417 1415 1416
f 1405 1402 1417
f 1416 1415 1413
f 1416 1413 1414
f 1419 1411 1155
f 1419 1155 1418
f 1412 1411 1419
f 1419 1418 1420
f 1414 1412 1419
f 1414 1419 1420
f 1163 1420 1418
f 1422 1404 1403
f 1421 1422 1403
f 1403 1405 1421
f 1421 1424 1422
f 1424 1421 1423
f 1423 1425 1424
f 1426 491 468
f 468 1407 1426
f 1427 1426 1407
f 1407 1404 1427
f 1426 1428 491
f 494 491 1428
f 1429 1428 1426
f 1426 1427 1429
f 1427 1404 1422
f 1424 1429 1427
f 1427 1422 1424
f 497 494 1428
f 1430 497 1428
f 1428 1429 1430
f 1430 1429 1424
f 1425 1430 1424
f 1430 1425 1438
f 1432 1417 1416
f 1421 1405 1417
f 1421 1417 1432
f 1431 1432 1416
f 1416 1414 1431
f 1423 1421 1432
f 1423 1432 1433
f 1435 1433 1432
f 1432 1431 1435
f 1434 1431 1414
f 1414 1420 1434
f 1434 1420 1163
f 1434 1163 1168
f 1435 1431 1434
f 1435 1434 1436
f 1436 1434 1168
f 1436 1168 1258
f 1433 1438 1425
f 1425 1423 1433
f 1437 1438 1433
f 1433 1435 1437
f 1440 1435 1436
f 1439 1440 1436
f 1436 1258 1439
f 1437 1435 1440
f 1263 1439 1258
f 1439 1263 1265
f 1430 1441 497
f 578 497 1441
f 1442 1441 1430
f 1430 1438 1442
f 1443 581 578
f 578 1441 1443
f 581 1443 1444
f 1445 1446 1443
f 1443 1441 1442
f 1443 1442 1445
f 1444 1443 1446
f 1448 1438 1437
f 1448 1437 1447
f 1449 1450 1440
f 1440 1439 1449
f 1447 1437 1440
f 1447 1440 1450
f 1452 1448 1447
f 1452 1447 1451
f 1453 1454 1450
f 1450 1449 1453
f 1451 1447 1450
f 1451 1450 1454
f 1442 1438 1448
f 1445 1442 1448
f 1445 1448 1452
f 1455 583 581
f 581 1444 1455
f 1457 1446 1445
f 1457 1445 1456
f 1455 1444 1446
f 1455 1446 1457
f 1455 1459 585
f 585 583 1455
f 1459 1455 1458
f 1456 1460 1457
f 1460 1458 1455
f 1455 1457 1460
f 1458 1460 1461
f 1451 1462 1452
f 1453 1463 1454
f 1463 1462 1451
f 1451 1454 1463
f 1462 1463 1467
f 1465 1462 1467
f 1465 1467 1464
f 1462 1456 1445
f 1445 1452 1462
f 1466 1461 1460
f 1460 1456 1462
f 1460 1462 1466
f 1466 1462 1465
f 602 585 1459
f 1355 1449 1439
f 1439 1265 1355
f 1358 1453 1449
f 1449 1355 1358
f 1371 1467 1463
f 1463 1453 1358
f 1463 1358 1371
f 3577 3576 1467
f 1467 1371 1374
f 1467 1374 3577
f 1374 1468 3577
f 1467 3576 1464
f 1468 1374 1377
f 1470 1209 670
f 1470 670 937
f 1469 1209 1470
f 1470 1472 1469
f 1471 1470 937
f 1471 937 939
f 1472 1470 1471
f 1474 1213 1210
f 1473 1474 1210
f 1210 1469 1472
f 1210 1472 1473
f 1325 1213 1474
f 1023 1475 1471
f 1471 939 1023
f 1476 1472 1471
f 1476 1471 1475
f 1475 1023 1477
f 1478 1476 1475
f 1478 1475 1477
f 1480 1474 1473
f 1479 1325 1474
f 1479 1474 1480
f 1476 1480 1473
f 1473 1472 1476
f 1482 1481 1479
f 1479 1480 1482
f 1476 1482 1480
f 1482 1476 1478
f 1028 1477 1023
f 1483 1484 1478
f 1478 1477 1483
f 1485 1483 1036
f 1485 1486 1484
f 1484 1483 1485
f 1487 1481 1482
f 1487 1482 1488
f 1484 1488 1482
f 1482 1478 1484
f 1489 1490 1487
f 1487 1488 1489
f 1489 1488 1484
f 1489 1484 1486
f 1483 1477 1028
f 1483 1028 1034
f 1036 1483 1034
f 1329 1325 1479
f 1481 1330 1329
f 1329 1479 1481
f 1335 1330 1481
f 1335 1481 1487
f 1337 1335 1487
f 1337 1487 1490
f 1491 1485 1036
f 1491 1036 1055
f 1491 1492 1486
f 1486 1485 1491
f 1493 1491 1055
f 1493 1055 1049
f 1493 1494 1492
f 1492 1491 1493
f 1495 1496 1490
f 1490 1489 1495
f 1495 1489 1486
f 1495 1486 1492
f 1498 1495 1497
f 1498 1499 1496
f 1496 1495 1498
f 1497 1495 1492
f 1497 1492 1494
f 1057 1500 1493
f 1493 1049 1057
f 1500 1502 1494
f 1494 1493 1500
f 1058 1503 1500
f 1500 1057 1058
f 1503 1501 1502
f 1502 1500 1503
f 1504 1498 1497
f 1504 1497 1502
f 1504 1505 1499
f 1499 1498 1504
f 1502 1497 1494
f 1501 1506 1504
f 1504 1502 1501
f 1344 1505 1504
f 1344 1504 1506
f 1496 1499 1337
f 1337 1490 1496
f 1505 1344 1499
f 1510 1512 1511
f 1585 1513 1510
f 1510 1511 1585
f 1516 1515 1513
f 1516 1513 1585
f 1516 1585 1514
f 1517 1 1520
f 1518 1520 1519
f 1520 1521 1517
f 1521 1520 1518
f 1524 1522 1523
f 1525 1518 1519
f 1525 1519 1522
f 1526 1521 1525
f 1525 1521 1518
f 1527 1525 1522
f 1527 1522 1524
f 1527 1528 1526
f 1526 1525 1527
f 1532 1531 3
f 1531 1530 5
f 5 6 1531
f 6 3 1531
f 1533 1531 1532
f 1533 1532 1547
f 1533 1529 1530
f 1530 1531 1533
f 1536 1538 1529
f 1540 1537 1538
f 1538 1536 1540
f 1539 1533 1547
f 1539 1547 1535
f 1539 1536 1529
f 1529 1533 1539
f 1541 1540 1539
f 1535 1541 1539
f 1541 1535 1534
f 1536 1539 1540
f 1542 1544 1543
f 14 1543 1544
f 1543 14 1546
f 1548 1547 1542
f 1542 1543 1548
f 1546 1548 1543
f 1548 1546 1545
f 1517 1546 20
f 20 1 1517
f 14 20 1546
f 1517 1545 1546
f 1545 1517 1521
f 1542 1532 3
f 3 1544 1542
f 1532 1542 1547
f 1550 1549 1545
f 1551 1535 1547
f 1547 1548 1551
f 1549 1551 1548
f 1548 1545 1549
f 1552 1549 1550
f 1552 1550 1528
f 1551 1534 1535
f 1534 1551 1552
f 1551 1549 1552
f 1526 1550 1545
f 1545 1521 1526
f 1528 1550 1526
f 1553 1523 1978
f 1553 1554 1524
f 1524 1523 1553
f 1507 1555 1553
f 1553 1978 1507
f 1555 1563 1554
f 1554 1553 1555
f 1557 1556 1558
f 1559 1527 1554
f 1554 1527 1524
f 1556 1528 1527
f 1556 1527 1559
f 1560 1559 1554
f 1560 1554 1563
f 1558 1556 1559
f 1558 1559 1560
f 1508 1561 1555
f 1555 1507 1508
f 1555 1562 1563
f 1562 1555 1561
f 1509 1564 1561
f 1561 1508 1509
f 1565 1562 1561
f 1565 1561 1564
f 1566 1557 1558
f 1566 1558 1568
f 1569 1567 1566
f 1566 1568 1569
f 1562 1568 1560
f 1560 1563 1562
f 1568 1558 1560
f 1565 1569 1568
f 1568 1562 1565
f 1571 1570 1534
f 1573 1572 1570
f 1570 1571 1573
f 1576 1512 1537
f 1575 1576 1537
f 1537 1540 1575
f 1576 1575 1574
f 1577 1587 1574
f 1576 1511 1512
f 1511 1576 1587
f 1576 1574 1587
f 1570 1574 1575
f 1575 1540 1541
f 1575 1541 1570
f 1541 1534 1570
f 1577 1574 1570
f 1577 1570 1572
f 1578 1580 1579
f 1581 1580 1572
f 1581 1572 1573
f 1581 1573 1584
f 1582 1584 1583
f 1581 1579 1580
f 1579 1581 1582
f 1581 1584 1582
f 1585 1587 1586
f 1577 1586 1587
f 1586 1577 1580
f 1511 1587 1585
f 1514 1585 1586
f 1514 1586 1578
f 1586 1580 1578
f 1577 1572 1580
f 1588 1552 1528
f 1588 1528 1556
f 1588 1571 1534
f 1534 1552 1588
f 1590 1589 1588
f 1590 1588 1556
f 1590 1556 1557
f 1589 1573 1571
f 1571 1588 1589
f 1591 1584 1589
f 1589 1590 1591
f 1566 1591 1590
f 1590 1557 1566
f 1573 1589 1584
f 1591 1583 1584
f 1583 1591 1567
f 1591 1566 1567
f 1592 1509 1593
f 1592 1593 1594
f 1596 1595 1514
f 1595 1597 1515
f 1515 1516 1595
f 1516 1514 1595
f 1599 1598 1595
f 1595 1596 1599
f 1600 1597 1595
f 1600 1595 1598
f 1601 1598 1599
f 1601 1599 1602
f 1603 1600 1598
f 1603 1598 1601
f 1604 1601 1602
f 1603 1601 1605
f 1604 1605 1601
f 1604 1606 1605
f 1592 1607 1564
f 1564 1509 1592
f 1608 1565 1609
f 1609 1565 1564
f 1609 1564 1607
f 1610 1607 1592
f 1610 1592 1594
f 1608 1609 1611
f 1610 1611 1609
f 1609 1607 1610
f 1612 1567 1569
f 1612 1569 1614
f 1615 1613 1612
f 1612 1614 1615
f 1608 1614 1569
f 1569 1565 1608
f 1615 1614 1608
f 1615 1608 1611
f 1610 1594 1616
f 1617 1611 1610
f 1617 1610 1616
f 1617 1616 1618
f 1619 1613 1615
f 1619 1615 1620
f 1620 1621 1619
f 1617 1622 1615
f 1615 1611 1617
f 1622 1620 1615
f 1617 1623 1622
f 1623 1617 1618
f 1621 1620 1622
f 1623 1621 1622
f 1624 1578 1579
f 1624 1579 1625
f 1627 1626 1624
f 1627 1624 1625
f 1627 1625 1628
f 1630 1629 1582
f 1582 1583 1630
f 1629 1625 1579
f 1579 1582 1629
f 1631 1629 1630
f 1631 1630 1632
f 1631 1628 1625
f 1625 1629 1631
f 1624 1596 1514
f 1514 1578 1624
f 1626 1599 1596
f 1596 1624 1626
f 1633 1626 1627
f 1634 1633 1627
f 1627 1628 1634
f 1634 1636 1635
f 1635 1633 1634
f 1636 1634 1637
f 1639 1638 1631
f 1631 1632 1639
f 1634 1628 1631
f 1634 1631 1638
f 1639 1641 1638
f 1640 1637 1634
f 1634 1638 1640
f 1640 1638 1641
f 1602 1599 1626
f 1602 1626 1633
f 1635 1604 1602
f 1602 1633 1635
f 1604 1635 1636
f 1630 1583 1567
f 1630 1567 1612
f 1612 1632 1630
f 1632 1612 1613
f 1619 1639 1632
f 1632 1613 1619
f 1642 1641 1639
f 1639 1619 1642
f 1642 1619 1621
f 1618 1643 1623
f 1623 1661 1621
f 1643 1661 1623
f 1643 1644 1661
f 1640 1645 1637
f 1645 1640 1641
f 1645 1641 1646
f 1636 1647 1604
f 1648 1647 1636
f 1636 1637 1648
f 1606 1604 1647
f 1647 1648 1649
f 1606 1647 1650
f 1649 1651 1650
f 1650 1647 1649
f 1651 1649 1652
f 1648 1637 1645
f 1648 1645 1653
f 1653 1649 1648
f 1645 1654 1653
f 1654 1645 1646
f 1653 1652 1649
f 1652 1653 1655
f 1653 1654 1656
f 1656 1655 1653
f 1642 1657 1641
f 1621 1658 1657
f 1657 1642 1621
f 1659 1646 1641
f 1641 1657 1659
f 1659 1657 1658
f 1646 1659 1660
f 1659 1658 1664
f 1664 1660 1659
f 1621 1661 1658
f 1658 1661 1662
f 1644 1663 1662
f 1644 1662 1661
f 1664 1658 1662
f 1664 1662 1665
f 1665 1662 1663
f 1666 1654 1646
f 1646 1660 1666
f 1664 1666 1660
f 1665 1663 1667
f 1666 1664 1668
f 1656 1654 1666
f 1656 1666 1669
f 1669 1666 1668
f 1669 1668 1671
f 1664 1665 1670
f 1664 1670 1668
f 1670 1665 1667
f 1670 1667 1673
f 1671 1668 1670
f 1671 1670 1672
f 1673 1672 1670
f 1672 1673 1674
f 1677 1675 1678
f 1679 1677 1678
f 1679 1678 1702
f 1682 1681 1680
f 1683 1685 1684
f 1686 1680 32
f 1683 1686 32
f 32 33 1685
f 32 1685 1683
f 1688 1687 1683
f 1683 1684 1688
f 1682 1680 1686
f 1682 1686 1687
f 1683 1687 1686
f 1680 1689 37
f 37 38 1680
f 1690 40 1689
f 37 1689 40
f 1691 1689 1692
f 1681 1692 1689
f 1689 1680 1681
f 1691 1675 1676
f 1691 1676 1690
f 1690 1689 1691
f 32 1680 38
f 1694 1693 1681
f 1681 1682 1694
f 1696 1695 1693
f 1693 1694 1696
f 1697 1687 1688
f 1697 1688 1698
f 1697 1694 1682
f 1682 1687 1697
f 1700 1699 1697
f 1697 1698 1700
f 1696 1694 1697
f 1696 1697 1699
f 1701 1691 1692
f 1701 1692 1693
f 1693 1692 1681
f 1678 1675 1691
f 1678 1691 1701
f 1695 1702 1701
f 1701 1693 1695
f 1702 1678 1701
f 1715 1703 1679
f 1679 1702 1715
f 1705 1704 1703
f 1703 1715 1705
f 1704 1705 1706
f 1708 1695 1696
f 1708 1696 1709
f 1710 1708 1709
f 1711 1712 1699
f 1699 1700 1711
f 1709 1696 1699
f 1709 1699 1712
f 1711 1713 1712
f 1713 1711 1714
f 1712 1710 1709
f 1710 1712 1713
f 1708 1715 1702
f 1702 1695 1708
f 1717 1716 1715
f 1715 1708 1717
f 1717 1708 1710
f 1716 1705 1715
f 1714 1719 1713
f 1720 1718 1710
f 1710 1713 1720
f 1720 1713 1719
f 1793 1718 1720
f 1721 1793 1720
f 1720 1719 1721
f 1722 1716 1717
f 1722 1717 1710
f 1722 1710 1718
f 1706 1705 1716
f 1706 1716 1722
f 1724 1726 1723
f 1723 1722 1718
f 1723 1718 1724
f 1726 1725 1707
f 1707 1706 1722
f 1707 1722 1723
f 1707 1723 1726
f 1724 1718 1793
f 1728 1755 1729
f 1732 1730 1727
f 1727 1728 1732
f 1732 1728 1729
f 1732 1729 1733
f 1735 1734 1731
f 1731 1730 1732
f 1731 1732 1735
f 1735 1732 1733
f 1735 1733 1736
f 1737 1729 1755
f 1755 1758 1737
f 1737 1758 1759
f 1737 1759 1738
f 1738 1759 1739
f 1733 1729 1737
f 1733 1737 1741
f 1742 1741 1737
f 1737 1738 1742
f 1736 1733 1741
f 1736 1741 1743
f 1743 1741 1742
f 1743 1742 1744
f 1745 1742 1738
f 1738 1739 1745
f 1745 1739 1740
f 1745 1740 1747
f 1745 1747 1746
f 1748 1744 1742
f 1742 1745 1748
f 1749 1748 1745
f 1745 1746 1749
f 1750 1684 1685
f 1685 75 1750
f 75 76 1750
f 1750 76 77
f 1750 77 1751
f 75 1685 33
f 1688 1684 1750
f 1688 1750 1752
f 1752 1750 1751
f 1752 1751 1753
f 1751 77 81
f 1751 81 1754
f 1754 81 82
f 1754 82 1755
f 1727 1753 1751
f 1751 1754 1728
f 1751 1728 1727
f 1755 1728 1754
f 1698 1688 1752
f 1698 1752 1756
f 1730 1756 1752
f 1752 1753 1730
f 1757 1700 1698
f 1698 1756 1757
f 1731 1757 1756
f 1756 1730 1731
f 1757 1731 1734
f 1727 1730 1753
f 1755 82 95
f 1755 95 1758
f 1759 1758 95
f 95 96 1759
f 1760 1759 96
f 96 100 1760
f 1761 1760 100
f 100 101 1761
f 1760 1739 1759
f 1761 1740 1739
f 1739 1760 1761
f 1740 1761 1747
f 1763 1734 1735
f 1762 1763 1735
f 1735 1736 1762
f 1762 1766 1763
f 1764 1762 1736
f 1736 1743 1764
f 1765 1764 1743
f 1743 1744 1765
f 1766 1762 1764
f 1766 1764 1767
f 1768 1767 1764
f 1764 1765 1768
f 1765 1744 1748
f 1765 1748 1769
f 1769 1748 1749
f 1769 1749 1770
f 1768 1765 1769
f 1768 1769 1771
f 1771 1769 1770
f 1771 1770 1871
f 1772 1711 1700
f 1700 1757 1772
f 1773 1772 1757
f 1757 1734 1773
f 1774 1714 1711
f 1711 1772 1774
f 1775 1774 1772
f 1772 1773 1775
f 1773 1734 1763
f 1775 1773 1763
f 1775 1763 1776
f 1776 1763 1766
f 1777 1719 1714
f 1714 1774 1777
f 1778 1777 1774
f 1774 1775 1778
f 1777 1779 1719
f 1780 1779 1777
f 1780 1777 1778
f 1721 1719 1779
f 1781 1778 1775
f 1775 1776 1781
f 1782 1781 1776
f 1776 1766 1782
f 1783 1780 1778
f 1778 1781 1783
f 1784 1783 1781
f 1781 1782 1784
f 1782 1766 1767
f 1782 1767 1785
f 1785 1767 1768
f 1785 1768 1786
f 1787 1784 1782
f 1782 1785 1787
f 1788 1787 1785
f 1785 1786 1788
f 1789 1786 1768
f 1768 1771 1789
f 1790 1789 1771
f 1771 1871 1790
f 1788 1786 1789
f 1788 1789 1791
f 1791 1789 1790
f 1791 1790 1792
f 1721 1794 1793
f 1796 1726 1724
f 1795 1725 1726
f 1795 1726 1796
f 1799 1798 1797
f 1797 1795 1799
f 1795 1796 1799
f 1800 1796 1724
f 1724 1793 1800
f 1800 1793 1794
f 1800 1801 1796
f 1802 1801 1800
f 1800 1794 1802
f 1799 1796 1801
f 1799 1803 1798
f 1801 1804 1803
f 1801 1803 1799
f 1804 1801 1802
f 1804 1802 1805
f 1806 1794 1721
f 1721 1779 1806
f 1806 1779 1780
f 1807 1806 1780
f 1806 1808 1794
f 1807 1809 1808
f 1807 1808 1806
f 1784 1810 1783
f 1807 1780 1783
f 1807 1783 1811
f 1811 1783 1810
f 1811 1812 1809
f 1811 1809 1807
f 1812 1811 1810
f 1812 1810 1813
f 1802 1794 1808
f 1802 1808 1814
f 1814 1808 1809
f 1814 1815 1802
f 1809 1816 1815
f 1809 1815 1814
f 1817 1805 1802
f 1802 1815 1817
f 1816 1817 1815
f 1805 1817 1818
f 1817 1816 1819
f 1819 1818 1817
f 1820 1816 1809
f 1820 1809 1812
f 1821 1820 1812
f 1812 1813 1821
f 1816 1820 1822
f 1822 1819 1816
f 1833 1822 1820
f 1820 1821 1833
f 1787 1823 1810
f 1787 1810 1784
f 1788 1824 1823
f 1788 1823 1787
f 1825 1813 1810
f 1810 1823 1825
f 1826 1825 1823
f 1823 1824 1826
f 1791 1827 1824
f 1791 1824 1788
f 1791 1792 1828
f 1828 1827 1791
f 1829 1826 1824
f 1824 1827 1829
f 1829 1827 1828
f 1829 1828 1830
f 1821 1813 1825
f 1821 1825 1831
f 1831 1825 1826
f 1831 1826 1832
f 1833 1821 1831
f 1833 1831 1834
f 1835 1834 1831
f 1831 1832 1835
f 1836 1832 1826
f 1826 1829 1836
f 1837 1836 1829
f 1829 1830 1837
f 1838 1835 1832
f 1832 1836 1838
f 1838 1836 1837
f 1838 1837 1839
f 1835 2087 1834
f 1746 1747 1848
f 1749 1746 1848
f 1749 1848 1850
f 1840 1761 101
f 101 119 1840
f 1840 119 1841
f 120 1841 119
f 1842 1747 1761
f 1761 1840 1842
f 1843 1842 1840
f 1840 1841 1843
f 1844 1841 120
f 120 122 1844
f 1844 122 1845
f 1843 1841 1846
f 1844 1846 1841
f 1846 1844 1847
f 1844 1845 1847
f 126 1845 122
f 1842 1848 1747
f 1849 1848 1842
f 1842 1843 1849
f 1851 1850 1848
f 1848 1849 1851
f 1852 1849 1843
f 1843 1846 1852
f 1852 1846 1847
f 1852 1847 1853
f 1854 1851 1849
f 1849 1852 1854
f 1854 1852 1855
f 1855 1852 1853
f 1855 1853 1856
f 1847 1845 1857
f 1859 1845 126
f 1859 126 1858
f 1860 1859 1858
f 1858 1861 1860
f 1857 1845 1859
f 1857 1859 1862
f 1862 1859 1863
f 1863 1859 1860
f 1860 1861 1864
f 1865 1863 1860
f 1860 1864 1865
f 1853 1847 1857
f 1853 1857 1867
f 1866 1856 1853
f 1853 1867 1866
f 1867 1857 1862
f 1867 1862 1863
f 1867 1863 1868
f 1869 1866 1867
f 1867 1868 1869
f 2197 1868 1863
f 1863 1865 2197
f 1870 1869 1868
f 1868 2197 1870
f 1872 1770 1749
f 1749 1850 1872
f 1770 1872 1871
f 1872 1850 1851
f 1872 1851 1873
f 1874 1871 1872
f 1874 1872 1873
f 1874 1873 1875
f 1873 1851 1854
f 1873 1854 1876
f 1877 1876 1854
f 1854 1855 1877
f 1878 1877 1855
f 1855 1856 1878
f 1875 1873 1876
f 1875 1876 1879
f 1876 1877 1879
f 1880 1879 1877
f 1877 1878 1880
f 1790 1871 1874
f 1790 1874 1881
f 1881 1874 1875
f 1881 1875 1882
f 1792 1790 1881
f 1792 1881 1883
f 1884 1883 1881
f 1884 1881 1882
f 1885 1882 1875
f 1875 1879 1885
f 1886 1885 1879
f 1879 1880 1886
f 1885 1884 1882
f 1887 1884 1885
f 1887 1885 1886
f 1887 1886 1905
f 1888 1878 1856
f 1856 1866 1888
f 1880 1878 1888
f 1880 1888 1893
f 1889 1888 1866
f 1866 1869 1889
f 1891 1893 1888
f 1888 1889 1891
f 1890 1889 1869
f 1869 1870 1890
f 1892 1891 1889
f 1889 1890 1892
f 1893 1886 1880
f 1886 1893 1894
f 1886 1894 1905
f 1891 1894 1893
f 1894 1891 1897
f 1895 1905 1894
f 1895 1894 1897
f 1895 1897 1896
f 1898 1897 1891
f 1891 1892 1898
f 1896 1897 1898
f 1896 1898 1899
f 1883 1828 1792
f 1828 1883 1900
f 1901 1900 1883
f 1883 1884 1901
f 1830 1828 1900
f 1902 1830 1900
f 1900 1901 1903
f 1903 1902 1900
f 1901 1884 1887
f 1901 1887 1904
f 1887 1905 1904
f 1904 1903 1901
f 1904 1905 1906
f 1903 1904 1907
f 1907 1904 1906
f 1907 1906 1916
f 1837 1830 1902
f 1908 1837 1902
f 1902 1903 1908
f 1903 1909 1908
f 1910 1839 1837
f 1910 1837 1908
f 1908 1909 1911
f 1908 1911 1910
f 1903 1907 1912
f 1912 1909 1903
f 1916 1912 1907
f 1909 1912 1913
f 1921 1913 1912
f 1912 1916 1921
f 1913 1914 1911
f 1913 1911 1909
f 1921 1914 1913
f 1895 1906 1905
f 1906 1895 1917
f 1895 1896 1917
f 1915 1917 1896
f 1906 1917 1916
f 1916 1917 1918
f 1915 1918 1917
f 1918 1915 1919
f 1920 1915 1896
f 1896 1899 1920
f 1920 1919 1915
f 1916 1918 1921
f 1918 2316 1921
f 1919 2316 1918
f 1922 255 1690
f 1922 1923 254
f 1922 254 255
f 1676 1924 1922
f 1922 1690 1676
f 1924 1676 1675
f 1925 1927 1926
f 1922 1926 1927
f 1927 1923 1922
f 1926 1922 1924
f 1928 1929 1923
f 254 1923 1929
f 1930 259 1929
f 1930 1929 1928
f 1931 1928 1923
f 1931 1923 1927
f 1931 1927 1925
f 1931 1943 1930
f 1930 1928 1931
f 1677 1934 1924
f 1924 1675 1677
f 1932 1925 1926
f 1932 1926 1934
f 1934 1926 1924
f 1677 1933 1934
f 1933 1677 1679
f 1933 1935 1932
f 1932 1934 1933
f 1936 1943 1939
f 1938 1936 1939
f 1938 1939 1937
f 1932 1939 1931
f 1931 1925 1932
f 1931 1939 1943
f 1937 1939 1932
f 1937 1932 1935
f 40 1690 255
f 1942 1944 1943
f 1945 1940 1941
f 1945 1941 1944
f 1945 1944 1942
f 1930 1944 283
f 283 259 1930
f 283 1941 1940
f 1940 284 283
f 1941 283 1944
f 1930 1943 1944
f 1946 285 1940
f 1946 1947 286
f 286 285 1946
f 1945 1948 1946
f 1946 1940 1945
f 1948 1949 1947
f 1947 1946 1948
f 284 1940 285
f 1950 1942 1943
f 1950 1943 1936
f 1950 1951 1945
f 1945 1942 1950
f 1938 1952 1950
f 1950 1936 1938
f 1953 1951 1950
f 1953 1950 1952
f 1954 1948 1945
f 1954 1945 1951
f 1955 1949 1954
f 1948 1954 1949
f 1956 1954 1953
f 1951 1953 1954
f 1956 1957 1955
f 1955 1954 1956
f 1958 1933 1679
f 1958 1679 1703
f 1958 1959 1935
f 1935 1933 1958
f 1704 1965 1958
f 1958 1703 1704
f 1960 1959 1958
f 1960 1958 1965
f 1961 1962 1938
f 1938 1937 1961
f 1963 1964 1962
f 1962 1961 1963
f 1961 1937 1935
f 1961 1935 1959
f 1963 1961 1959
f 1963 1959 1960
f 1706 1966 1965
f 1965 1704 1706
f 1965 1967 1960
f 1967 1965 1966
f 1707 1968 1966
f 1966 1706 1707
f 1968 1707 1725
f 1968 1969 1967
f 1967 1966 1968
f 1971 1964 1963
f 1971 1963 1970
f 1972 1971 1970
f 1972 1970 1997
f 1967 1970 1963
f 1963 1960 1967
f 1969 1997 1970
f 1970 1967 1969
f 1962 1973 1952
f 1952 1938 1962
f 1974 1953 1973
f 1973 1953 1952
f 1975 1973 1962
f 1975 1962 1964
f 1975 1976 1974
f 1974 1973 1975
f 1974 1977 1956
f 1956 1953 1974
f 1977 1978 1957
f 1957 1956 1977
f 1976 1979 1977
f 1977 1974 1976
f 1507 1978 1977
f 1507 1977 1979
f 1971 1981 1975
f 1975 1964 1971
f 1980 1976 1975
f 1980 1975 1981
f 1972 1982 1981
f 1981 1971 1972
f 1982 1983 1980
f 1980 1981 1982
f 1980 1984 1979
f 1979 1976 1980
f 1508 1507 1979
f 1508 1979 1984
f 1985 1984 1980
f 1985 1980 1983
f 1509 1508 1984
f 1509 1984 1985
f 1947 1987 373
f 373 286 1947
f 1986 1988 1987
f 373 1987 1988
f 1989 1987 1949
f 1947 1949 1987
f 1989 1990 1986
f 1989 1986 1987
f 1986 1520 375
f 375 1988 1986
f 1520 1 375
f 1986 1519 1520
f 1519 1986 1990
f 1955 1991 1989
f 1989 1949 1955
f 1522 1990 1989
f 1522 1989 1991
f 1957 1523 1991
f 1991 1955 1957
f 1991 1523 1522
f 1990 1522 1519
f 1978 1523 1957
f 1993 1992 1968
f 1968 1725 1993
f 1969 1968 1994
f 1992 1994 1968
f 1993 1995 1992
f 1996 1994 1992
f 1996 1992 1995
f 1999 1998 1972
f 1972 1997 1999
f 1998 1999 2001
f 1969 1999 1997
f 1999 1969 1994
f 2000 1999 1994
f 2000 1994 1996
f 2000 2001 1999
f 1995 2010 1996
f 1996 2003 2000
f 2010 2003 1996
f 2000 2002 2001
f 2003 2002 2000
f 2010 2004 2003
f 2003 2005 2002
f 2004 2006 2005
f 2004 2005 2003
f 1993 1725 1795
f 2007 1995 1993
f 1993 1795 1797
f 1993 1797 2007
f 2007 1797 1798
f 2007 2008 1995
f 2008 2007 1798
f 2009 2008 1798
f 1798 1803 2009
f 2008 2010 1995
f 2009 2011 2008
f 2008 2012 2010
f 2011 2013 2012
f 2012 2008 2011
f 1804 2009 1803
f 2009 1804 2014
f 2014 2011 2009
f 1805 2015 2014
f 2014 1804 1805
f 2014 2013 2011
f 2012 2016 2004
f 2012 2004 2010
f 2016 2012 2017
f 2017 2012 2013
f 2019 1982 1972
f 2019 1972 1998
f 2019 2018 1983
f 1983 1982 2019
f 2020 2019 1998
f 2020 1998 2001
f 2018 2019 2021
f 2020 2021 2019
f 2022 1985 1983
f 2022 1983 2018
f 1593 1509 1985
f 1593 1985 2022
f 2023 2022 2018
f 2023 2018 2021
f 2023 1594 1593
f 1593 2022 2023
f 2020 2001 2024
f 2020 2026 2025
f 2025 2021 2020
f 2026 2020 2024
f 2024 2031 2026
f 2024 2001 2002
f 2024 2002 2027
f 2002 2005 2027
f 2027 2005 2006
f 2031 2024 2027
f 2023 2021 2025
f 2023 2025 2028
f 2028 2025 2026
f 2023 2029 1594
f 2029 2023 2028
f 2030 2028 2026
f 2031 2030 2026
f 2028 2137 2029
f 2137 2028 2030
f 2004 2032 2006
f 2013 2014 2033
f 2015 2034 2014
f 2034 2033 2014
f 2017 2035 2016
f 2017 2013 2036
f 2036 2035 2017
f 2032 2016 2035
f 2035 2037 2032
f 2016 2032 2004
f 2038 2037 2035
f 2035 2036 2038
f 2038 2039 2037
f 2033 2040 2036
f 2036 2013 2033
f 2041 2040 2033
f 2033 2034 2041
f 2038 2036 2040
f 2040 2041 2042
f 2038 2040 2043
f 2043 2039 2038
f 2043 2040 2042
f 2043 2042 2044
f 2027 2006 2032
f 2032 2047 2027
f 2027 2045 2031
f 2046 2045 2027
f 2047 2046 2027
f 2047 2048 2046
f 2031 2049 2030
f 2030 2049 2140
f 2030 2140 2137
f 2050 2051 2049
f 2049 2031 2045
f 2049 2045 2050
f 2050 2045 2046
f 2140 2049 2051
f 2046 2048 2052
f 2050 2046 2052
f 2052 2051 2050
f 2051 2053 2140
f 2053 2051 2052
f 2053 2052 2054
f 2037 2047 2032
f 2037 2055 2047
f 2055 2037 2039
f 2039 2056 2055
f 2055 2057 2048
f 2055 2048 2047
f 2056 2058 2057
f 2057 2055 2056
f 2056 2039 2043
f 2056 2043 2059
f 2060 2059 2043
f 2043 2044 2060
f 2059 2058 2056
f 2061 2052 2048
f 2048 2057 2061
f 2061 2057 2058
f 2054 2052 2061
f 2060 2062 2059
f 2058 2059 2063
f 2063 2059 2062
f 2062 2064 2063
f 2061 2058 2065
f 2054 2061 2066
f 2066 2061 2065
f 2066 2065 2067
f 2065 2058 2063
f 2065 2063 2068
f 2068 2063 2064
f 2068 2064 2109
f 2068 2069 2067
f 2067 2065 2068
f 2069 2068 2109
f 2069 2109 2070
f 2071 2015 1805
f 1805 1818 2071
f 2072 2071 1818
f 1818 1819 2072
f 1822 2072 1819
f 2071 2072 2073
f 2034 2015 2071
f 2034 2071 2074
f 2075 2074 2071
f 2075 2071 2073
f 1822 1833 2076
f 2076 2081 1822
f 2081 2075 2073
f 2081 2073 1822
f 2073 2072 1822
f 2074 2041 2034
f 2041 2074 2077
f 2077 2042 2041
f 2075 2078 2077
f 2075 2077 2074
f 2044 2042 2077
f 2044 2077 2079
f 2079 2077 2078
f 2079 2078 2080
f 2078 2075 2081
f 2078 2081 2082
f 2082 2081 2076
f 2082 2076 2083
f 2084 2080 2078
f 2078 2082 2084
f 2083 2084 2082
f 2084 2083 2085
f 1833 1834 2087
f 2092 1833 2087
f 2087 2086 2092
f 1833 2092 2076
f 2087 1835 1838
f 2087 1838 2088
f 2089 2088 1838
f 1838 1839 2089
f 2087 2088 2090
f 2090 2086 2087
f 2089 2091 2090
f 2089 2090 2088
f 2083 2076 2092
f 2083 2092 2093
f 2093 2092 2086
f 2093 2086 2094
f 2095 2094 2086
f 2086 2090 2095
f 2096 2095 2090
f 2090 2091 2096
f 2083 2093 2097
f 2097 2085 2083
f 2093 2094 2098
f 2098 2097 2093
f 2095 2099 2098
f 2095 2098 2094
f 2096 2100 2099
f 2096 2099 2095
f 2079 2060 2044
f 2060 2079 2101
f 2101 2062 2060
f 2079 2080 2102
f 2079 2102 2101
f 2064 2062 2101
f 2064 2101 2103
f 2103 2101 2102
f 2103 2102 2106
f 2102 2080 2084
f 2102 2084 2104
f 2104 2084 2085
f 2104 2085 2105
f 2106 2102 2104
f 2106 2104 2107
f 2108 2107 2104
f 2104 2105 2108
f 2110 2109 2064
f 2064 2103 2110
f 2106 2110 2103
f 2110 2106 2111
f 2109 2110 2112
f 2109 2112 2070
f 2112 2110 2111
f 2112 2111 2113
f 2106 2107 2114
f 2106 2114 2111
f 2114 2107 2108
f 2114 2108 2115
f 2113 2111 2114
f 2113 2114 2116
f 2116 2114 2115
f 2116 2115 2117
f 2105 2085 2097
f 2105 2097 2118
f 2118 2097 2098
f 2118 2098 2119
f 2120 2108 2105
f 2105 2118 2120
f 2120 2118 2119
f 2120 2119 2121
f 2108 2120 2122
f 2121 2123 2122
f 2121 2122 2120
f 2124 2119 2098
f 2098 2099 2124
f 2125 2124 2099
f 2099 2100 2125
f 2121 2119 2124
f 2121 2124 2126
f 2126 2124 2125
f 2126 2125 2127
f 2126 2123 2121
f 2115 2108 2122
f 2115 2122 2128
f 2129 2128 2122
f 2122 2123 2129
f 2117 2115 2128
f 2117 2128 2130
f 2131 2130 2128
f 2128 2129 2131
f 2132 2129 2123
f 2123 2126 2132
f 2133 2132 2126
f 2133 2126 2127
f 2134 2131 2129
f 2129 2132 2134
f 2135 2134 2132
f 2132 2133 2135
f 1616 1594 2029
f 2136 1616 2029
f 2137 2136 2029
f 1618 1616 2136
f 2137 2138 2136
f 2140 2139 2138
f 2140 2138 2137
f 1618 2136 2141
f 2136 2138 2141
f 2141 2138 2139
f 2140 2142 2139
f 2141 2139 2142
f 2141 2142 2146
f 2053 2142 2140
f 2142 2053 2143
f 2143 2053 2054
f 2146 2142 2143
f 1643 1618 2141
f 2141 2144 1643
f 2145 2144 2141
f 2146 2145 2141
f 2144 1644 1643
f 1644 2144 2147
f 2147 2144 2145
f 2143 2054 2148
f 2143 2149 2146
f 2149 2143 2148
f 2149 2148 2150
f 2145 2146 2152
f 2145 2152 2151
f 2147 2145 2151
f 2149 2153 2152
f 2149 2152 2146
f 2154 2153 2149
f 2149 2150 2154
f 2151 2152 2153
f 2151 2153 2155
f 2155 2153 2154
f 2155 2154 2156
f 2148 2054 2066
f 2148 2066 2157
f 2158 2157 2066
f 2066 2067 2158
f 2159 2150 2148
f 2148 2157 2159
f 2159 2157 2158
f 2159 2158 2160
f 2158 2067 2069
f 2158 2069 2161
f 2161 2069 2070
f 2161 2070 2162
f 2160 2158 2161
f 2160 2161 2163
f 2163 2161 2162
f 2163 2162 2164
f 2154 2150 2159
f 2154 2159 2165
f 2165 2159 2160
f 2165 2160 2166
f 2156 2154 2165
f 2156 2165 2167
f 2167 2165 2166
f 2167 2166 2168
f 2166 2160 2163
f 2166 2163 2169
f 2169 2163 2164
f 2169 2164 2185
f 2169 2170 2168
f 2168 2166 2169
f 2185 2170 2169
f 1663 1644 2147
f 1663 2147 2151
f 2151 2171 1663
f 2171 1667 1663
f 2171 2151 2155
f 2174 2171 2155
f 2155 2156 2174
f 2171 2174 2172
f 2173 1674 1673
f 1673 1667 2171
f 1673 2171 2173
f 2173 2171 2172
f 2173 2172 2178
f 2174 2156 2167
f 2174 2167 2175
f 2175 2167 2168
f 2175 2168 2177
f 2172 2174 2175
f 2172 2175 2176
f 2177 2176 2175
f 2177 2168 2170
f 2178 2172 2176
f 2162 2070 2112
f 2162 2112 2179
f 2179 2112 2113
f 2179 2113 2180
f 2164 2162 2179
f 2164 2179 2181
f 2182 2181 2179
f 2179 2180 2182
f 2180 2113 2116
f 2180 2116 2183
f 2184 2183 2116
f 2184 2116 2117
f 2183 2182 2180
f 2181 2185 2164
f 2186 2184 2117
f 2117 2130 2186
f 2186 2130 2131
f 2186 2131 2187
f 2188 2187 2131
f 2131 2134 2188
f 2189 2188 2134
f 2134 2135 2189
f 2188 2189 2190
f 2191 1864 1861
f 1861 552 2191
f 2191 552 554
f 2191 554 2195
f 2192 1865 1864
f 1864 2191 2192
f 2193 2192 2191
f 2193 2191 2195
f 2193 2195 2194
f 554 2196 2195
f 2197 1865 2192
f 2198 2197 2192
f 2192 2193 2198
f 2207 2198 2193
f 2193 2194 2207
f 1870 2197 2198
f 1870 2198 2199
f 2198 2207 2199
f 1890 1870 2199
f 1890 2199 2200
f 1892 1890 2200
f 1892 2200 2201
f 2202 1898 1892
f 1892 2201 2202
f 2203 1899 1898
f 1898 2202 2203
f 2195 2196 2204
f 561 2204 2196
f 2204 561 2205
f 2194 2195 2204
f 2194 2204 2206
f 2206 2204 2205
f 2206 2205 2216
f 2208 2199 2207
f 2207 2194 2206
f 2207 2206 2209
f 2210 2209 2206
f 2206 2216 2210
f 2209 2210 2211
f 2208 2207 2209
f 2208 2209 2212
f 2209 2211 2212
f 2213 2212 2211
f 2205 561 566
f 2205 566 2214
f 567 2214 566
f 2215 2214 567
f 2205 2214 2216
f 2217 2216 2214
f 2217 2214 2215
f 2217 2215 2218
f 2215 567 571
f 2215 571 2219
f 2219 571 572
f 2219 572 2220
f 2218 2215 2219
f 2218 2219 2221
f 2221 2219 2220
f 2221 2220 2222
f 2223 2211 2210
f 2210 2216 2217
f 2210 2217 2223
f 2223 2217 2218
f 2223 2218 2224
f 2213 2211 2223
f 2213 2223 2225
f 2225 2223 2224
f 2225 2224 2226
f 2224 2218 2221
f 2224 2221 2227
f 2227 2221 2222
f 2227 2222 2228
f 2226 2224 2227
f 2226 2227 2229
f 2229 2227 2228
f 2229 2228 2230
f 2231 2200 2199
f 2199 2208 2231
f 2232 2201 2200
f 2200 2231 2232
f 2231 2208 2212
f 2231 2212 2233
f 2234 2233 2212
f 2212 2213 2234
f 2235 2232 2231
f 2231 2233 2235
f 2235 2233 2234
f 2235 2234 2236
f 2237 2202 2201
f 2201 2232 2237
f 2203 2202 2237
f 2203 2237 2238
f 2237 2232 2235
f 2237 2235 2239
f 2240 2239 2235
f 2235 2236 2240
f 2241 2238 2237
f 2237 2239 2241
f 2238 2241 2242
f 2240 2242 2241
f 2241 2239 2240
f 2242 2240 2243
f 2234 2213 2225
f 2234 2225 2244
f 2244 2225 2226
f 2244 2226 2245
f 2236 2234 2244
f 2236 2244 2246
f 2246 2244 2245
f 2246 2245 2247
f 2245 2226 2229
f 2245 2229 2248
f 2248 2229 2230
f 2248 2230 2249
f 2250 2247 2245
f 2245 2248 2250
f 2251 2250 2248
f 2248 2249 2251
f 2252 2240 2236
f 2236 2246 2252
f 2253 2252 2246
f 2246 2247 2253
f 2254 2243 2240
f 2240 2252 2254
f 2255 2254 2252
f 2252 2253 2255
f 2256 2253 2247
f 2247 2250 2256
f 2257 2256 2250
f 2250 2251 2257
f 2258 2255 2253
f 2253 2256 2258
f 2259 2258 2256
f 2256 2257 2259
f 2220 572 592
f 2220 592 2260
f 2261 2260 592
f 592 593 2261
f 2222 2220 2260
f 2222 2260 2262
f 2263 2262 2260
f 2260 2261 2263
f 2264 2261 593
f 593 598 2264
f 2265 2264 598
f 598 599 2265
f 2266 2263 2261
f 2261 2264 2266
f 2267 2266 2264
f 2264 2265 2267
f 2228 2222 2262
f 2228 2262 2268
f 2269 2268 2262
f 2262 2263 2269
f 2230 2228 2268
f 2230 2268 2270
f 2271 2270 2268
f 2268 2269 2271
f 2272 2269 2263
f 2263 2266 2272
f 2273 2272 2266
f 2266 2267 2273
f 2274 2271 2269
f 2269 2272 2274
f 2275 2274 2272
f 2272 2273 2275
f 2276 2267 2265
f 2265 599 601
f 2265 601 2276
f 2277 2276 601
f 601 602 2277
f 2278 2275 2273
f 2273 2267 2276
f 2273 2276 2278
f 2279 2278 2276
f 2276 2277 2279
f 2280 2249 2230
f 2230 2270 2280
f 2280 2270 2271
f 2280 2271 2281
f 2282 2251 2249
f 2249 2280 2282
f 2282 2280 2281
f 2282 2281 2283
f 2281 2271 2274
f 2281 2274 2284
f 2284 2274 2275
f 2284 2275 2285
f 2283 2281 2284
f 2283 2284 2286
f 2286 2284 2285
f 2286 2285 2287
f 2257 2251 2282
f 2257 2282 2288
f 2288 2282 2283
f 2288 2283 2289
f 2259 2257 2288
f 2259 2288 2290
f 2290 2288 2289
f 2290 2289 2291
f 2289 2283 2286
f 2289 2286 2292
f 2292 2286 2287
f 2292 2287 2293
f 2291 2289 2292
f 2291 2292 2294
f 2294 2292 2293
f 2294 2293 2295
f 2298 2287 2285
f 2278 2298 2285
f 2285 2275 2278
f 2298 2278 2296
f 2303 2296 2278
f 2303 2278 2279
f 2303 2279 2297
f 2293 2287 2298
f 2293 2298 2299
f 2299 2298 2296
f 2299 2296 2300
f 2295 2293 2299
f 2295 2299 2301
f 2302 2301 2299
f 2302 2299 2300
f 2304 2300 2296
f 2296 2303 2304
f 2304 2303 2297
f 2304 2297 2305
f 2306 2302 2304
f 2304 2302 2300
f 2306 2304 2305
f 2306 2305 2307
f 1911 1914 2308
f 2309 2308 1914
f 1914 1921 2309
f 1920 1899 2310
f 2310 1899 2203
f 2310 2203 2311
f 2311 2203 2314
f 2312 1919 1920
f 1920 2310 2312
f 2311 2312 2310
f 2312 2311 2313
f 2311 2314 2313
f 2313 2314 2315
f 2316 1919 2317
f 1921 2316 2318
f 1921 2318 2309
f 2317 2318 2316
f 2309 2318 2319
f 2320 2319 2318
f 2318 2317 2320
f 2312 2317 1919
f 2317 2312 2322
f 2317 2322 2321
f 2313 2322 2312
f 2321 2320 2317
f 2323 2319 2320
f 2321 2322 2324
f 2324 2322 2313
f 2324 2313 2315
f 2324 2315 2326
f 2324 2326 2325
f 2324 2323 2320
f 2324 2320 2321
f 2323 2324 2328
f 2323 2328 2327
f 2324 2325 2328
f 2325 2326 2330
f 2325 2330 2329
f 2329 2330 2331
f 2332 2327 2328
f 2328 2333 2332
f 2329 2333 2328
f 2329 2328 2325
f 2334 2332 2333
f 2331 2334 2333
f 2331 2333 2329
f 2335 2337 2334
f 2335 2334 2331
f 2338 2337 2335
f 2338 2335 2336
f 1910 2339 2089
f 2089 1839 1910
f 1911 2340 2339
f 1911 2339 1910
f 2089 2339 2341
f 2341 2339 2340
f 2341 2340 2342
f 2341 2343 2091
f 2341 2091 2089
f 2342 2343 2341
f 2308 2340 1911
f 2344 2342 2340
f 2344 2340 2308
f 2308 2345 2344
f 2346 2345 2308
f 2346 2308 2309
f 2347 2096 2091
f 2091 2343 2347
f 2348 2347 2343
f 2343 2342 2348
f 2096 2347 2349
f 2350 2349 2347
f 2347 2348 2350
f 2348 2351 2350
f 2352 2345 2346
f 2345 2353 2348
f 2344 2345 2348
f 2348 2342 2344
f 2352 2353 2345
f 2354 2351 2348
f 2348 2353 2354
f 2355 2354 2353
f 2355 2353 2352
f 2349 2100 2096
f 2319 2346 2309
f 2356 2352 2346
f 2346 2319 2356
f 2319 2323 2356
f 2357 2352 2356
f 2356 2323 2327
f 2327 2357 2356
f 2357 2355 2352
f 2359 2351 2354
f 2358 2359 2354
f 2354 2355 2358
f 2360 2359 2358
f 2362 2125 2100
f 2100 2349 2362
f 2350 2351 2363
f 2363 2362 2350
f 2362 2349 2350
f 2364 2127 2125
f 2125 2362 2364
f 2365 2364 2362
f 2362 2363 2365
f 2359 2363 2351
f 2359 2366 2365
f 2359 2365 2363
f 2360 2366 2359
f 2405 2135 2133
f 2368 2405 2133
f 2133 2127 2364
f 2133 2364 2368
f 2364 2365 2368
f 2405 2368 2367
f 2369 2368 2365
f 2365 2366 2369
f 2360 2361 2369
f 2369 2366 2360
f 2370 2368 2369
f 2369 2371 2370
f 2372 2371 2369
f 2369 2361 2372
f 2370 2367 2368
f 2373 2357 2327
f 2373 2327 2374
f 2375 2373 2374
f 2374 2376 2375
f 2373 2358 2355
f 2373 2355 2357
f 2377 2360 2358
f 2358 2373 2377
f 2373 2375 2377
f 2327 2332 2374
f 2332 2334 2376
f 2376 2374 2332
f 2378 2375 2376
f 2361 2360 2377
f 2361 2377 2379
f 2375 2378 2379
f 2379 2377 2375
f 2380 2361 2379
f 2379 2381 2380
f 2378 2419 2381
f 2381 2379 2378
f 2334 2337 2378
f 2378 2376 2334
f 2338 2419 2378
f 2338 2378 2337
f 2361 2380 2372
f 2314 2203 2238
f 2382 2314 2238
f 2238 2242 2382
f 2382 2242 2383
f 2243 2383 2242
f 2382 2315 2314
f 2315 2382 2326
f 2382 2383 2326
f 2254 2384 2383
f 2254 2383 2243
f 2385 2384 2254
f 2254 2255 2385
f 2386 2326 2383
f 2383 2384 2386
f 2386 2384 2385
f 2386 2385 2387
f 2388 2385 2255
f 2255 2258 2388
f 2389 2388 2258
f 2258 2259 2389
f 2387 2385 2388
f 2387 2388 2390
f 2390 2388 2389
f 2390 2389 2391
f 2386 2330 2326
f 2387 2331 2330
f 2387 2330 2386
f 2390 2335 2331
f 2390 2331 2387
f 2391 2336 2335
f 2391 2335 2390
f 2393 2338 2336
f 2336 2392 2393
f 2394 2393 2392
f 2392 2395 2394
f 2396 2394 2395
f 2395 2466 2396
f 2397 2396 2466
f 2466 2467 2397
f 2400 2397 2467
f 2467 2398 2400
f 2401 2400 2398
f 2398 2399 2401
f 2402 3612 2403
f 2401 2399 2402
f 2401 2402 2404
f 2404 2402 2403
f 2404 2403 2452
f 2406 2189 2135
f 2135 2405 2406
f 2407 2406 2405
f 2405 2367 2407
f 2190 2189 2406
f 2408 2190 2406
f 2409 2408 2406
f 2406 2407 2409
f 2370 2371 2410
f 2410 2371 2372
f 2410 2372 2411
f 2412 2410 2411
f 2370 2410 2407
f 2407 2367 2370
f 2413 2409 2407
f 2407 2410 2413
f 2410 2412 2413
f 2414 2408 2409
f 2416 2414 2409
f 2409 2413 2416
f 2412 2415 2416
f 2416 2413 2412
f 2417 2414 2416
f 2416 2418 2417
f 2432 2418 2416
f 2416 2415 2432
f 2420 2380 2381
f 2419 2422 2420
f 2419 2420 2381
f 2420 2422 2423
f 2420 2423 2421
f 2419 2338 2393
f 2419 2393 2422
f 2423 2422 2393
f 2393 2394 2423
f 2424 2421 2423
f 2423 2425 2424
f 2426 2424 2425
f 2427 2423 2394
f 2394 2428 2427
f 2396 2428 2394
f 2427 2428 2430
f 2427 2430 2429
f 2397 2430 2428
f 2397 2428 2396
f 2427 2425 2423
f 2429 2426 2425
f 2429 2425 2427
f 2380 2420 2411
f 2411 2372 2380
f 2420 2421 2412
f 2420 2412 2411
f 2415 2412 2421
f 2415 2421 2431
f 2421 2424 2431
f 2432 2415 2431
f 2431 2433 2432
f 2424 2426 2433
f 2433 2431 2424
f 2434 2417 2418
f 2435 2434 2418
f 2418 2432 2435
f 2437 2436 2434
f 2434 2435 2437
f 2438 2436 2437
f 2438 2437 2439
f 2440 2438 2439
f 2440 2439 2441
f 2429 2430 2444
f 2400 2444 2430
f 2400 2430 2397
f 2401 2445 2444
f 2401 2444 2400
f 2444 2442 2426
f 2444 2426 2429
f 2445 2443 2442
f 2445 2442 2444
f 2446 2448 2447
f 2445 2450 2449
f 2401 2404 2450
f 2450 2445 2401
f 2451 2449 2450
f 2450 2452 2451
f 2452 2450 2404
f 2449 2446 2443
f 2449 2443 2445
f 2449 2451 2448
f 2448 2446 2449
f 2453 2432 2433
f 2426 2442 2453
f 2453 2433 2426
f 2442 2443 2454
f 2454 2453 2442
f 2432 2453 2435
f 2453 2454 2437
f 2437 2435 2453
f 2446 2455 2454
f 2446 2454 2443
f 2455 2457 2456
f 2447 2457 2455
f 2447 2455 2446
f 2455 2439 2437
f 2455 2437 2454
f 2456 2441 2439
f 2456 2439 2455
f 2389 2259 2290
f 2389 2290 2458
f 2458 2290 2291
f 2458 2291 2459
f 2460 2391 2389
f 2389 2458 2460
f 2461 2460 2458
f 2458 2459 2461
f 2459 2291 2294
f 2459 2294 2462
f 2463 2462 2294
f 2463 2294 2295
f 2464 2461 2459
f 2459 2462 2464
f 2464 2462 2463
f 2465 2464 2463
f 2460 2392 2336
f 2460 2336 2391
f 2461 2395 2392
f 2461 2392 2460
f 2395 2461 2464
f 2395 2464 2466
f 2466 2464 2465
f 2466 2465 2467
f 2295 2301 2468
f 2468 2463 2295
f 2468 2302 2469
f 2302 2468 2301
f 2465 2463 2468
f 2465 2468 2470
f 2470 2468 2469
f 2470 2469 2471
f 2469 2302 2306
f 2469 2306 2472
f 2472 2306 2307
f 2472 2307 2473
f 2471 2469 2472
f 2471 2472 2474
f 2474 2472 2473
f 2474 2473 3612
f 2467 2465 2470
f 2467 2470 2398
f 2470 2471 2398
f 2471 2399 2398
f 2471 2474 2402
f 2402 2399 2471
f 3612 2402 2474
f 2170 2185 2475
f 2177 2476 2176
f 2170 2477 2177
f 2477 2170 2475
f 2477 2475 2478
f 2177 2477 2479
f 2177 2479 2476
f 2479 2477 2478
f 2479 2478 2480
f 2176 2476 2481
f 2176 2481 2178
f 2481 2476 2479
f 2482 2481 2479
f 2479 2480 2482
f 2182 2183 2483
f 2183 2184 2484
f 2484 2483 2183
f 2181 2485 2185
f 2181 2182 2486
f 2181 2486 2485
f 2475 2185 2485
f 2485 2487 2475
f 2487 2485 2486
f 2487 2486 2488
f 2486 2182 2483
f 2486 2483 2489
f 2489 2483 2484
f 2489 2484 2490
f 2488 2486 2489
f 2488 2489 2491
f 2491 2489 2490
f 2491 2490 2492
f 2484 2184 2186
f 2484 2186 2493
f 2494 2493 2186
f 2186 2187 2494
f 2188 2190 2497
f 2188 2497 2494
f 2494 2187 2188
f 2496 2492 2490
f 2490 2484 2493
f 2496 2490 2493
f 2493 2494 2496
f 2492 2496 2495
f 2498 2496 2494
f 2494 2497 2498
f 2499 2498 2497
f 2497 2190 2499
f 2500 2495 2496
f 2496 2498 2500
f 2501 2500 2498
f 2498 2499 2501
f 2478 2475 2487
f 2478 2487 2502
f 2502 2487 2488
f 2502 2488 2503
f 2480 2478 2502
f 2480 2502 2504
f 2504 2502 2503
f 2504 2503 2505
f 2506 2505 2503
f 2503 2488 2491
f 2506 2503 2491
f 2491 2492 2506
f 2482 2480 2504
f 2507 2482 2504
f 2504 2505 2507
f 2507 2505 2506
f 2507 2506 2508
f 2510 2506 2492
f 2492 2495 2510
f 2506 2510 2509
f 2511 2510 2495
f 2495 2500 2511
f 2512 2511 2500
f 2500 2501 2512
f 2513 2509 2510
f 2510 2511 2513
f 2514 2513 2511
f 2511 2512 2514
f 2520 2508 2506
f 2506 2509 2520
f 2508 2520 2515
f 2513 2514 2517
f 2513 2517 2516
f 2516 2517 2519
f 2518 2516 2519
f 2513 2516 2520
f 2513 2520 2509
f 2515 2520 2518
f 2520 2516 2518
f 2408 2521 2499
f 2499 2190 2408
f 2414 2521 2408
f 2522 2501 2499
f 2499 2521 2522
f 2414 2417 2522
f 2414 2522 2521
f 2523 2512 2501
f 2501 2522 2523
f 2524 2523 2522
f 2522 2417 2524
f 2525 2514 2512
f 2512 2523 2525
f 2526 2525 2523
f 2523 2524 2526
f 2417 2434 2524
f 2434 2436 2526
f 2526 2524 2434
f 2527 2517 2514
f 2514 2525 2527
f 2527 2525 2526
f 2527 2526 2528
f 2519 2517 2527
f 2519 2527 2529
f 2529 2527 2528
f 2529 2528 2530
f 2438 2528 2526
f 2438 2526 2436
f 2440 2530 2528
f 2440 2528 2438
f 2532 2531 2601
f 2533 2532 2601
f 2533 2601 2534
f 2534 2535 2533
f 2537 2539 2538
f 2541 2542 2546
f 2543 2545 2544
f 2546 2548 2547
f 2540 2547 2548
f 2548 2544 2540
f 2542 2543 2548
f 2542 2548 2546
f 2544 2548 2543
f 2550 2551 2554
f 2552 2553 2874
f 2554 2556 2555
f 2549 2555 2556
f 2556 2874 2549
f 2556 2551 2552
f 2551 2556 2554
f 2874 2556 2552
f 2558 2610 2540
f 2610 2558 2563
f 2563 2557 2610
f 2559 2561 2560
f 2559 2558 2562
f 2561 2559 2562
f 2561 2562 2549
f 2536 2557 2563
f 2563 2559 2537
f 2563 2537 2536
f 2560 2539 2537
f 2560 2537 2559
f 2559 2563 2558
f 2544 2554 2558
f 2558 2540 2544
f 2554 2544 2550
f 2544 2545 2550
f 2555 2562 2558
f 2554 2555 2558
f 2549 2562 2555
f 2566 2569 2567
f 2569 2571 2570
f 2570 2571 2564
f 2570 2564 2565
f 2568 2570 2565
f 2572 2568 2573
f 2567 2569 2570
f 2572 2567 2570
f 2568 2572 2570
f 2576 2557 2577
f 2578 2577 2579
f 2565 2576 2578
f 2576 2577 2578
f 2580 2582 2581
f 2577 2557 2536
f 2580 2577 2536
f 2580 2536 2537
f 2537 2538 2582
f 2582 2580 2537
f 2579 2577 2580
f 2574 2579 2580
f 2580 2581 2574
f 2581 2575 2574
f 2585 2583 2586
f 2583 2574 2587
f 2588 2587 2574
f 2574 2575 2588
f 2586 2583 2587
f 2586 2587 2589
f 2589 2587 2588
f 2589 2588 2590
f 2568 2578 2591
f 2591 2578 2579
f 2583 2591 2579
f 2578 2568 2565
f 2573 2568 2591
f 2584 2573 2591
f 2591 2585 2584
f 2583 2585 2591
f 2574 2583 2579
f 2603 2594 2597
f 2594 2596 2595
f 2592 2595 2596
f 2596 2540 2593
f 2596 2593 2592
f 2597 2599 2598
f 2598 2599 2592
f 2564 2598 2592
f 2564 2592 2593
f 2593 2565 2564
f 2594 2595 2597
f 2595 2599 2597
f 2592 2599 2595
f 2600 2546 2594
f 2600 2531 2541
f 2541 2546 2600
f 2601 2600 2603
f 2603 2600 2594
f 2601 2531 2600
f 2546 2547 2596
f 2546 2596 2594
f 2540 2596 2547
f 2606 2597 2569
f 2602 2603 2606
f 2597 2606 2603
f 2604 2606 2605
f 2566 2605 2606
f 2606 2569 2566
f 2606 2607 2602
f 2607 2606 2604
f 2569 2597 2598
f 2598 2571 2569
f 2564 2571 2598
f 2602 2534 2601
f 2601 2603 2602
f 2607 2608 2534
f 2534 2602 2607
f 2608 2609 2535
f 2535 2534 2608
f 2593 2610 2576
f 2610 2557 2576
f 2610 2593 2540
f 2576 2565 2593
f 2612 2614 2611
f 2613 2615 2614
f 2616 2615 2613
f 2617 2613 2614
f 2612 2617 2614
f 2624 2616 2613
f 2624 2613 2617
f 2618 2611 2531
f 2618 2619 2612
f 2612 2611 2618
f 2532 2620 2618
f 2618 2531 2532
f 2620 2621 2619
f 2619 2618 2620
f 2622 2617 2612
f 2622 2612 2619
f 2617 2623 2624
f 2623 2617 2622
f 2621 2625 2622
f 2622 2619 2621
f 2622 2625 2623
f 2627 2620 2532
f 2627 2532 2533
f 2626 2678 2621
f 2626 2621 2620
f 2626 2620 2627
f 2533 2535 2627
f 2621 2678 2625
f 2628 2632 2631
f 2629 2631 2632
f 2629 2632 2645
f 2645 2630 2629
f 2637 2634 2633
f 2628 2635 2633
f 2636 2637 2635
f 2637 2633 2635
f 2639 2640 2645
f 2638 2633 2634
f 2634 616 2639
f 2634 2639 2638
f 617 2640 2639
f 616 617 2639
f 2638 2639 2632
f 2632 2628 2633
f 2632 2633 2638
f 2645 2632 2639
f 2641 2643 2642
f 2614 2644 2641
f 2644 2628 2643
f 2644 2643 2641
f 2611 2641 2541
f 2641 2642 2542
f 2641 2542 2541
f 2641 2611 2614
f 2642 2643 2631
f 2543 2642 2631
f 2629 2630 2545
f 2545 2543 2631
f 2545 2631 2629
f 2631 2643 2628
f 2543 2542 2642
f 2644 2614 2615
f 2615 2635 2644
f 2628 2644 2635
f 2636 2635 2615
f 2615 2616 2636
f 2630 2645 2646
f 2550 2630 2646
f 2646 622 2551
f 2646 2551 2550
f 623 2553 2552
f 622 623 2552
f 2552 2551 622
f 2646 2645 2640
f 2640 628 2646
f 622 2646 628
f 628 2640 617
f 2550 2545 2630
f 2649 634 2634
f 2649 2634 2637
f 2647 633 634
f 2649 2647 634
f 2648 2649 2637
f 2648 2637 2636
f 2650 2649 2648
f 2647 2649 2650
f 634 616 2634
f 2651 638 633
f 2651 633 2647
f 2652 2651 2647
f 2652 2647 2650
f 2653 642 638
f 2653 638 2651
f 2653 2654 642
f 2652 2655 2651
f 2653 2651 2655
f 2655 2656 2657
f 2657 2654 2653
f 2657 2653 2655
f 2616 2658 2648
f 2648 2636 2616
f 2659 2650 2648
f 2659 2648 2658
f 2659 2662 2650
f 2624 2660 2658
f 2658 2616 2624
f 2658 2660 2659
f 2659 2661 2662
f 2661 2659 2660
f 2694 2662 2661
f 2652 2650 2662
f 2662 2663 2664
f 2664 2655 2652
f 2664 2652 2662
f 2665 2664 2663
f 2665 2666 2656
f 2656 2655 2664
f 2656 2664 2665
f 2662 2694 2663
f 2667 2665 2694
f 2665 2663 2694
f 2665 2667 2666
f 2668 2657 2656
f 2666 2669 2670
f 2666 2670 2668
f 2668 2656 2666
f 2667 2671 2669
f 2669 2666 2667
f 2671 2672 2673
f 2671 2673 2669
f 2541 2531 2611
f 2674 2624 2623
f 2623 2675 2676
f 2676 2674 2623
f 2675 2623 2625
f 2677 2676 2675
f 2609 2679 2627
f 2627 2535 2609
f 2626 2679 2680
f 2680 2678 2626
f 2679 2626 2627
f 2681 2680 2679
f 2682 2625 2678
f 2625 2682 2675
f 2683 2684 2685
f 2685 2677 2683
f 2683 2677 2675
f 2675 2682 2683
f 2678 2680 2682
f 2680 2686 2683
f 2683 2682 2680
f 2686 2680 2681
f 2683 2686 2684
f 2687 2685 2684
f 2688 2686 2681
f 2687 2684 2686
f 2687 2686 2688
f 2689 2687 2688
f 2624 2690 2660
f 2690 2624 2674
f 2690 2691 2660
f 2661 2660 2691
f 2674 2676 2690
f 2676 2692 2691
f 2691 2690 2676
f 2692 2676 2677
f 2661 2693 2694
f 2693 2661 2691
f 2695 2694 2693
f 2696 2691 2692
f 2691 2696 2693
f 2697 2698 2695
f 2697 2695 2693
f 2696 2697 2693
f 2695 2698 2667
f 2667 2694 2695
f 2677 2685 2692
f 2696 2692 2687
f 2692 2685 2687
f 2704 2696 2687
f 2696 2704 2697
f 2687 2689 2704
f 2699 2698 2697
f 2667 2698 2700
f 2667 2700 2671
f 2701 2672 2671
f 2701 2671 2700
f 2699 2706 2700
f 2700 2698 2699
f 2706 2712 2700
f 2700 2712 2701
f 2715 2702 2703
f 2703 2672 2701
f 2715 2703 2701
f 2701 2712 2715
f 2705 2706 2699
f 2705 2699 2697
f 2704 2705 2697
f 2707 2706 2705
f 2708 2709 2704
f 2689 2708 2704
f 2710 2709 2708
f 2704 2709 2705
f 2710 2828 2707
f 2707 2705 2710
f 2705 2709 2710
f 2711 2707 2828
f 2712 2706 2707
f 2713 2712 2707
f 2712 2713 2715
f 2714 2717 2702
f 2714 2702 2715
f 2715 2713 2714
f 2707 2711 2713
f 2716 2717 2714
f 2716 2714 2713
f 2711 2716 2713
f 2721 2573 2718
f 2718 2720 2721
f 2720 2718 2719
f 2722 2723 2566
f 2566 2567 2722
f 2724 2727 2723
f 2723 2722 2724
f 2721 2722 2572
f 2572 2573 2721
f 2572 2722 2567
f 2721 2724 2722
f 2724 2721 2720
f 2726 2725 2720
f 2720 2719 2726
f 2726 2731 2725
f 2724 2729 2727
f 2728 2729 2724
f 2728 2724 2720
f 2728 2720 2725
f 2725 2730 2728
f 2731 2774 2730
f 2731 2730 2725
f 2730 2732 2729
f 2730 2729 2728
f 2732 2730 2774
f 2733 2735 2734
f 2718 2573 2584
f 2585 2733 2718
f 2718 2584 2585
f 2585 2586 2735
f 2735 2733 2585
f 2719 2733 2736
f 2736 2733 2734
f 2736 2734 2737
f 2733 2719 2718
f 2738 2734 2735
f 2735 2589 2738
f 2739 2738 2589
f 2589 2590 2739
f 2589 2735 2586
f 2737 2734 2738
f 2737 2738 2740
f 2741 2740 2738
f 2738 2739 2741
f 2726 2719 2736
f 2726 2736 2742
f 2742 2736 2737
f 2742 2737 2743
f 2742 2744 2726
f 2744 2742 2743
f 2744 2743 2745
f 2744 2731 2726
f 2743 2737 2740
f 2743 2740 2746
f 2746 2740 2741
f 2746 2741 2747
f 2745 2743 2746
f 2745 2746 2748
f 2746 2747 2749
f 2746 2749 2748
f 2750 2604 2605
f 2750 2605 2723
f 2566 2723 2605
f 2750 2751 2607
f 2607 2604 2750
f 2752 2750 2723
f 2752 2723 2727
f 2753 2751 2750
f 2753 2750 2752
f 2751 2754 2608
f 2608 2607 2751
f 2755 2609 2754
f 2609 2608 2754
f 2753 2756 2754
f 2754 2751 2753
f 2754 2756 2755
f 2765 2755 2756
f 2727 2757 2752
f 2757 2727 2729
f 2752 2757 2758
f 2752 2758 2753
f 2757 2759 2758
f 2729 2760 2757
f 2759 2757 2760
f 2760 2761 2759
f 2760 2729 2732
f 2760 2732 2762
f 2763 2761 2760
f 2760 2762 2763
f 2762 2768 2763
f 2753 2758 2756
f 2759 2764 2756
f 2756 2758 2759
f 2756 2764 2765
f 2759 2761 2764
f 2764 2766 2765
f 2767 2764 2761
f 2761 2763 2767
f 2763 2768 2769
f 2769 2767 2763
f 2766 2764 2767
f 2770 2766 2767
f 2767 2769 2770
f 2771 2769 2768
f 2772 2770 2769
f 2772 2769 2771
f 2773 2772 2771
f 2774 2775 2732
f 2744 2776 2731
f 2744 2745 2777
f 2744 2777 2776
f 2778 2777 2745
f 2745 2748 2778
f 2749 2779 2778
f 2748 2749 2778
f 2776 2780 2774
f 2776 2774 2731
f 2780 2776 2777
f 2780 2777 2781
f 2782 2775 2774
f 2774 2780 2782
f 2783 2782 2780
f 2780 2781 2783
f 2781 2777 2778
f 2781 2778 2784
f 2785 2784 2778
f 2778 2779 2785
f 2786 2783 2781
f 2781 2784 2786
f 2786 2784 2785
f 2786 2785 2787
f 2762 2732 2775
f 2775 2788 2762
f 2768 2762 2788
f 2789 2788 2775
f 2775 2782 2789
f 2790 2789 2782
f 2782 2783 2790
f 2791 2768 2788
f 2788 2789 2791
f 2792 2791 2789
f 2789 2790 2792
f 2793 2790 2783
f 2783 2786 2793
f 2794 2793 2786
f 2786 2787 2794
f 2795 2792 2790
f 2790 2793 2795
f 2796 2795 2793
f 2793 2794 2796
f 2771 2768 2791
f 2797 2771 2791
f 2791 2792 2797
f 2771 2797 2773
f 2798 2797 2792
f 2792 2795 2798
f 2799 2798 2795
f 2795 2796 2799
f 2773 2797 2798
f 2798 2800 2773
f 2801 2800 2798
f 2798 2799 2801
f 2609 2755 2679
f 2802 2679 2755
f 2681 2679 2802
f 2765 2802 2755
f 2803 2681 2802
f 2804 2802 2765
f 2803 2802 2804
f 2804 2806 2803
f 2688 2681 2803
f 2807 2688 2803
f 2688 2807 2689
f 2803 2806 2807
f 2804 2765 2766
f 2805 2804 2766
f 2804 2805 2806
f 2766 2770 2805
f 2807 2808 2809
f 2807 2809 2689
f 2810 2809 2808
f 2807 2806 2811
f 2811 2812 2807
f 2813 2812 2811
f 2807 2812 2808
f 2810 2808 2812
f 2810 2812 2813
f 2814 2810 2813
f 2815 2817 2816
f 2815 2816 2806
f 2806 2805 2815
f 2819 2816 2817
f 2815 2805 2770
f 2770 2772 2815
f 2772 2817 2815
f 2818 2817 2772
f 2772 2773 2818
f 2817 2818 2819
f 2800 2820 2818
f 2773 2800 2818
f 2821 2820 2800
f 2818 2820 2822
f 2818 2822 2819
f 2823 2822 2820
f 2823 2820 2821
f 2806 2816 2811
f 2813 2811 2816
f 2816 2819 2813
f 2819 2824 2825
f 2825 2813 2819
f 2826 2825 2824
f 2813 2825 2814
f 2825 2827 2814
f 2827 2825 2826
f 2819 2822 2824
f 2824 2822 2823
f 2826 2824 2823
f 2689 2809 2708
f 2828 2710 2810
f 2710 2708 2810
f 2708 2809 2810
f 2829 2828 2810
f 2828 2829 2711
f 2829 2830 2711
f 2810 2814 2829
f 2814 2831 2832
f 2814 2832 2829
f 2829 2832 2830
f 2711 2830 2716
f 2814 2827 2831
f 2821 2800 2801
f 2834 2538 2539
f 2539 2878 2834
f 2834 2878 2833
f 2835 2834 2833
f 2836 2838 2837
f 2835 2833 2836
f 2835 2836 2839
f 2836 2837 2839
f 2837 2840 2839
f 2841 2843 2842
f 2844 2846 2845
f 2853 2847 2843
f 2848 2850 2849
f 673 2849 2850
f 2850 672 673
f 2853 2849 673
f 673 2847 2853
f 2851 2853 2852
f 2841 2852 2853
f 2853 2843 2841
f 2845 2846 2848
f 2851 2845 2848
f 2848 2849 2851
f 2849 2853 2851
f 2855 2841 2842
f 2855 2842 2854
f 2857 2856 2854
f 2858 2901 2855
f 2856 2858 2855
f 2855 2854 2856
f 2861 2837 2838
f 2838 2844 2861
f 2861 2844 2845
f 2859 2861 2845
f 2845 2860 2859
f 2840 2863 2862
f 2862 2863 2859
f 2901 2862 2859
f 2859 2860 2901
f 2837 2861 2863
f 2863 2840 2837
f 2859 2863 2861
f 2860 2851 2852
f 2860 2852 2855
f 2841 2855 2852
f 2851 2860 2845
f 2860 2855 2901
f 2549 2866 2865
f 2865 2866 2867
f 2864 2865 2867
f 2868 2870 2869
f 2871 2873 2872
f 2867 2868 2871
f 2867 2871 2864
f 2869 2873 2871
f 2869 2871 2868
f 2874 2876 2875
f 2875 2876 674
f 2875 674 2867
f 2553 2877 2876
f 2553 2876 2874
f 674 2876 2877
f 2874 2875 2866
f 2866 2549 2874
f 2867 2866 2875
f 674 679 2867
f 679 680 2868
f 679 2868 2867
f 681 2870 2868
f 681 2868 680
f 2560 2561 2865
f 2560 2865 2878
f 2833 2878 2865
f 2833 2865 2864
f 2865 2561 2549
f 2878 2539 2560
f 2871 2836 2833
f 2871 2833 2864
f 2872 2838 2836
f 2872 2836 2871
f 2879 2881 2880
f 2879 2869 2870
f 2870 687 2879
f 687 688 2879
f 688 2881 2879
f 2844 2872 2873
f 2873 2879 2844
f 2879 2880 2844
f 2880 2846 2844
f 2879 2873 2869
f 2848 2880 2881
f 2850 2881 692
f 2881 2850 2848
f 672 2850 692
f 692 2881 688
f 2848 2846 2880
f 687 2870 681
f 2844 2838 2872
f 2884 2886 2885
f 2887 2581 2582
f 2582 2834 2887
f 2888 2887 2834
f 2834 2835 2888
f 2834 2582 2538
f 2581 2887 2882
f 2882 2575 2581
f 2887 2888 2883
f 2883 2882 2887
f 2889 2888 2835
f 2835 2839 2889
f 2890 2889 2839
f 2839 2840 2890
f 2889 2884 2883
f 2889 2883 2888
f 2889 2890 2886
f 2886 2884 2889
f 2588 2575 2882
f 2588 2882 2891
f 2892 2891 2882
f 2882 2883 2892
f 2590 2588 2891
f 2590 2891 2893
f 2894 2893 2891
f 2891 2892 2894
f 2895 2892 2883
f 2883 2884 2895
f 2895 2884 2885
f 2895 2885 2896
f 2897 2894 2892
f 2892 2895 2897
f 2897 2895 2896
f 2897 2896 2898
f 2899 2901 2900
f 2902 2885 2886
f 2886 2899 2902
f 2902 2899 2900
f 2902 2900 2906
f 2903 2856 2857
f 2903 2857 1512
f 2858 2900 2901
f 2900 2858 2903
f 2856 2903 2858
f 2904 2906 2903
f 1512 2904 2903
f 2904 1512 1510
f 2900 2903 2906
f 2890 2840 2862
f 2890 2862 2899
f 2862 2901 2899
f 2899 2886 2890
f 2908 2906 2905
f 2896 2885 2902
f 2896 2902 2908
f 2902 2906 2908
f 2909 2907 2908
f 2908 2905 2909
f 2907 2898 2896
f 2896 2908 2907
f 2904 2905 2906
f 2905 2904 1513
f 1510 1513 2904
f 1515 2909 2905
f 2905 1513 1515
f 1530 2912 706
f 2843 707 2912
f 2912 707 706
f 2910 2912 2911
f 1530 2911 2912
f 2911 1530 1529
f 2910 2842 2843
f 2843 2912 2910
f 1530 706 5
f 2843 2847 707
f 1538 2854 2910
f 2910 2911 1538
f 2911 1529 1538
f 2910 2854 2842
f 1538 2857 2854
f 2857 1538 1537
f 2857 1537 1512
f 2877 2553 623
f 2913 2703 2702
f 2717 2914 2913
f 2913 2702 2717
f 2917 2913 2914
f 2915 2717 2716
f 2914 2717 2915
f 2916 2917 2914
f 2916 2914 2915
f 2916 2918 2919
f 2919 2917 2916
f 2920 2919 2918
f 2923 2924 2922
f 2926 3287 2925
f 2923 2927 2925
f 2925 2924 2923
f 2927 2928 2926
f 2927 2926 2925
f 2739 2590 2893
f 2739 2893 2929
f 2929 2893 2930
f 2894 2930 2893
f 2931 2741 2739
f 2739 2929 2931
f 2932 2931 2929
f 2929 2930 2932
f 2930 2894 2897
f 2930 2897 2933
f 2933 2897 2898
f 2933 2898 2943
f 2932 2930 2933
f 2932 2933 2934
f 2935 2934 2933
f 2933 2943 2935
f 2747 2741 2931
f 2936 2747 2931
f 2932 2936 2931
f 2936 2932 2937
f 2936 2749 2747
f 2749 2936 2938
f 2938 2936 2937
f 2938 2937 2941
f 2937 2932 2934
f 2937 2934 2939
f 2940 2939 2934
f 2934 2935 2940
f 2941 2937 2939
f 2939 2942 2941
f 2940 2950 2942
f 2940 2942 2939
f 2944 2943 2907
f 2944 2907 2909
f 2944 2909 1597
f 2898 2907 2943
f 2945 2943 2944
f 1600 2945 2944
f 2944 1597 1600
f 2935 2943 2945
f 2909 1515 1597
f 2948 2947 2946
f 2946 2945 1600
f 2946 1600 2948
f 2940 2935 2945
f 2940 2945 2946
f 2940 2946 2947
f 2948 2949 2947
f 2951 2950 2940
f 2940 2947 2951
f 2951 2947 2949
f 1603 2948 1600
f 1605 2949 2948
f 2948 1603 1605
f 2938 2779 2749
f 2952 2785 2779
f 2779 2938 2952
f 2953 2952 2938
f 2938 2941 2953
f 2954 2787 2785
f 2785 2952 2954
f 2955 2954 2952
f 2952 2953 2955
f 2942 2956 2953
f 2941 2942 2953
f 2950 2957 2956
f 2950 2956 2942
f 2956 2958 2955
f 2955 2953 2956
f 2959 2958 2956
f 2956 2957 2959
f 2958 2959 2960
f 2951 2949 2966
f 2949 1605 2961
f 2961 1605 1606
f 2966 2949 2961
f 2961 1606 2962
f 2961 2963 2966
f 2963 2961 2962
f 2963 2962 2964
f 2951 2965 2957
f 2957 2950 2951
f 2966 2965 2951
f 2959 2957 2965
f 2965 2966 2967
f 2959 2965 2968
f 2968 2960 2959
f 2968 2965 2967
f 2968 2967 2969
f 2963 2970 2967
f 2963 2967 2966
f 2970 2963 2964
f 2971 2969 2967
f 2967 2970 2971
f 2964 2972 2970
f 2970 2972 2973
f 2971 2970 2973
f 2794 2787 2954
f 2794 2954 2974
f 2975 2974 2954
f 2954 2955 2975
f 2976 2796 2794
f 2794 2974 2976
f 2975 2977 2976
f 2976 2974 2975
f 2975 2955 2958
f 2975 2958 2978
f 2978 2958 2960
f 2978 2960 2979
f 2977 2975 2978
f 2977 2978 2980
f 2980 2978 2979
f 2980 2979 2981
f 2982 2801 2799
f 2799 2796 2976
f 2982 2799 2976
f 2976 2977 2982
f 2982 2977 2980
f 2988 2982 2980
f 2980 2981 2988
f 2982 2988 2983
f 2979 2960 2968
f 2979 2968 2984
f 2984 2968 2969
f 2984 2969 2985
f 2981 2979 2984
f 2981 2984 2986
f 2986 2984 2985
f 2986 2985 2987
f 2995 2985 2969
f 2995 2969 2971
f 2995 2997 2987
f 2987 2985 2995
f 2989 2988 2981
f 2981 2986 2989
f 2990 2989 2986
f 2986 2987 2990
f 2991 2983 2988
f 2988 2989 2991
f 2992 2991 2989
f 2989 2990 2992
f 2997 2993 2990
f 2990 2987 2997
f 2994 2992 2990
f 2990 2993 2994
f 2993 3025 2994
f 2995 2971 2973
f 2995 2973 2996
f 2998 2997 2995
f 2995 2996 2998
f 2999 2993 2997
f 2997 2998 2999
f 2993 2999 3025
f 3000 2962 1606
f 1650 3000 1606
f 2964 2962 3000
f 1650 3001 3000
f 1651 1652 3002
f 1650 1651 3002
f 3002 3001 1650
f 3000 3001 3003
f 2964 3000 3003
f 3003 3001 3002
f 3003 3002 3004
f 3002 1652 1655
f 3002 1655 3005
f 1656 3006 3005
f 3005 1655 1656
f 3004 3002 3007
f 3002 3005 3007
f 3007 3005 3006
f 3007 3006 3008
f 2972 2964 3003
f 2972 3003 3009
f 3009 3003 3004
f 3009 3004 3010
f 2973 2972 3009
f 2973 3009 3011
f 3011 3009 3010
f 3011 3010 3012
f 3013 3010 3004
f 3013 3004 3007
f 3013 3016 3012
f 3012 3010 3013
f 3007 3014 3013
f 3014 3007 3008
f 3014 3008 3015
f 3016 3013 3014
f 3017 3016 3014
f 3014 3015 3017
f 3018 3006 1656
f 1656 1669 3018
f 1671 3018 1669
f 3018 1671 3019
f 3008 3006 3018
f 3008 3018 3020
f 3020 3018 3019
f 3020 3019 3021
f 3022 3021 3019
f 3019 1671 1672
f 3022 3019 1672
f 1672 1674 3022
f 3023 3017 3015
f 3015 3008 3020
f 3015 3020 3023
f 3020 3021 3023
f 3024 3023 3021
f 3021 3022 3024
f 3026 2996 2973
f 2973 3011 3026
f 3027 3026 3011
f 3011 3012 3027
f 3028 2998 2996
f 2996 3026 3028
f 3029 3028 3026
f 3026 3027 3029
f 3016 3030 3027
f 3027 3012 3016
f 3031 3029 3027
f 3027 3030 3031
f 3030 3032 3031
f 3030 3016 3017
f 3017 3033 3030
f 3030 3033 3032
f 3034 2999 2998
f 2998 3028 3034
f 3035 3034 3028
f 3028 3029 3035
f 2999 3034 3025
f 3034 3036 3025
f 3037 3036 3034
f 3034 3035 3037
f 3038 3035 3029
f 3029 3031 3038
f 3039 3038 3031
f 3031 3032 3039
f 3040 3037 3035
f 3035 3038 3040
f 3041 3040 3038
f 3038 3039 3041
f 3044 3032 3033
f 3023 3044 3033
f 3033 3017 3023
f 3044 3023 3042
f 3053 3042 3023
f 3053 3023 3024
f 3053 3024 3043
f 3045 3039 3044
f 3039 3032 3044
f 3042 3046 3045
f 3042 3045 3044
f 3047 3041 3039
f 3039 3045 3047
f 3047 3045 3046
f 3047 3046 3048
f 3042 3053 3049
f 3049 3046 3042
f 3053 3043 3050
f 3050 3049 3053
f 3048 3046 3049
f 3048 3049 3051
f 3051 3049 3050
f 3051 3050 3052
f 3054 2823 2821
f 3055 2827 2826
f 3056 2826 2823
f 2823 3054 3056
f 3054 3057 3056
f 2826 3056 3055
f 3056 3057 3058
f 3056 3058 3055
f 3099 3060 3058
f 3059 3099 3058
f 3058 3057 3059
f 3061 3060 3099
f 3063 2832 2831
f 3062 2830 2832
f 3062 2832 3063
f 3064 3062 3063
f 3062 2915 2716
f 2716 2830 3062
f 3062 3065 3066
f 3066 2915 3062
f 2915 3066 2916
f 3062 3064 3065
f 3067 3066 3065
f 2918 2916 3066
f 2918 3066 3067
f 3068 2920 2918
f 3068 2918 3067
f 3064 3074 3067
f 3067 3065 3064
f 3074 3069 3070
f 3070 3067 3074
f 3067 3070 3068
f 3063 2831 2827
f 3063 2827 3055
f 3071 3072 3063
f 3055 3071 3063
f 3063 3072 3064
f 3055 3058 3071
f 3073 3072 3071
f 3073 3074 3064
f 3064 3072 3073
f 3075 3076 3074
f 3075 3074 3073
f 3071 3058 3060
f 3073 3071 3060
f 3077 3073 3060
f 3077 3060 3061
f 3073 3077 3075
f 3074 3076 3069
f 3068 3078 2921
f 2921 2920 3068
f 3078 3079 3080
f 3080 2921 3078
f 3081 3070 3069
f 3078 3068 3070
f 3070 3081 3078
f 3082 3079 3078
f 3078 3081 3082
f 3083 3080 3079
f 3094 3083 3079
f 3094 3079 3082
f 3095 3084 3083
f 3095 3083 3094
f 3085 3076 3075
f 3086 3087 3077
f 3086 3077 3061
f 3088 3087 3086
f 3075 3077 3087
f 3075 3087 3085
f 3085 3087 3088
f 3088 3089 3085
f 3092 3089 3088
f 3088 3090 3092
f 3093 3092 3090
f 3090 3091 3093
f 3081 3069 3076
f 3076 3085 3081
f 3085 3089 3082
f 3082 3081 3085
f 3089 3092 3094
f 3094 3082 3089
f 3092 3093 3095
f 3095 3094 3092
f 2982 3054 2821
f 2821 2801 2982
f 3054 2982 3096
f 3098 3096 2982
f 3098 2982 2983
f 3098 2983 3097
f 3054 3096 3057
f 3059 3057 3096
f 3096 3098 3059
f 3098 3099 3059
f 3100 3099 3098
f 3098 3097 3100
f 3061 3099 3100
f 3107 3097 2983
f 3107 2983 2991
f 3102 3107 2991
f 2991 2992 3102
f 3107 3102 3101
f 3103 3102 2992
f 2992 2994 3103
f 3104 3103 2994
f 2994 3025 3104
f 3105 3101 3102
f 3102 3103 3105
f 3106 3105 3103
f 3103 3104 3106
f 3108 3100 3107
f 3100 3097 3107
f 3109 3108 3107
f 3110 3061 3100
f 3100 3108 3110
f 3111 3110 3108
f 3108 3109 3111
f 3107 3101 3109
f 3112 3113 3111
f 3111 3109 3112
f 3115 3114 3113
f 3115 3113 3112
f 3109 3101 3105
f 3112 3109 3105
f 3115 3112 3105
f 3105 3106 3115
f 3061 3110 3086
f 3086 3110 3111
f 3086 3111 3088
f 3088 3111 3113
f 3088 3113 3090
f 3091 3090 3113
f 3113 3114 3091
f 3117 3180 3119
f 3118 3436 3119
f 3118 3119 3180
f 3121 3122 3120
f 3095 3140 3120
f 3120 3084 3095
f 3123 3121 3120
f 3123 3120 3140
f 3124 3125 3122
f 3124 3122 3121
f 3126 3127 3125
f 3126 3125 3124
f 3129 3130 3128
f 3121 3123 3128
f 3121 3128 3124
f 3124 3128 3130
f 3124 3130 3126
f 3093 3091 3131
f 3093 3131 3133
f 3133 3131 3132
f 3133 3132 3134
f 3135 3136 3137
f 3138 3167 3139
f 3134 3132 3138
f 3134 3138 3135
f 3136 3135 3138
f 3138 3139 3136
f 3133 3140 3095
f 3133 3095 3093
f 3133 3134 3123
f 3123 3140 3133
f 3134 3135 3128
f 3134 3128 3123
f 3129 3128 3135
f 3135 3137 3129
f 3143 3144 3141
f 3466 3142 3144
f 3466 3144 3143
f 3126 3145 2922
f 2922 3127 3126
f 3145 3146 2923
f 3145 2923 2922
f 3149 3145 3130
f 3149 3130 3129
f 3141 3146 3145
f 3149 3141 3145
f 3126 3130 3145
f 3147 2927 3146
f 3147 3142 2928
f 2928 2927 3147
f 2923 3146 2927
f 3146 3141 3144
f 3146 3144 3147
f 3147 3144 3142
f 3136 3150 3149
f 3149 3137 3136
f 3148 3141 3149
f 3148 3149 3150
f 3167 3116 3150
f 3150 3139 3167
f 3148 3116 3117
f 3116 3148 3150
f 3150 3136 3139
f 3148 3151 3152
f 3151 3436 3466
f 3466 3152 3151
f 3143 3141 3148
f 3148 3152 3143
f 3143 3152 3466
f 3151 3148 3117
f 3117 3119 3151
f 3436 3151 3119
f 3149 3129 3137
f 3036 3153 3104
f 3025 3036 3104
f 3154 3153 3036
f 3155 3106 3104
f 3104 3153 3155
f 3156 3155 3153
f 3153 3154 3156
f 3159 3156 3154
f 3154 3157 3159
f 3159 3157 3158
f 3159 3158 3160
f 3163 3161 3114
f 3163 3114 3115
f 3163 3164 3162
f 3162 3161 3163
f 3163 3115 3106
f 3106 3155 3163
f 3164 3163 3155
f 3155 3156 3164
f 3164 3168 3166
f 3166 3162 3164
f 3165 3167 3166
f 3165 3166 3168
f 3164 3156 3159
f 3164 3159 3168
f 3165 3168 3159
f 3165 3159 3160
f 3036 3037 3154
f 3154 3037 3040
f 3154 3040 3157
f 3158 3157 3040
f 3040 3041 3158
f 3169 3170 3171
f 3160 3158 3169
f 3160 3169 3172
f 3172 3169 3171
f 3172 3171 3173
f 3170 3051 3176
f 3176 3171 3170
f 3051 3052 3177
f 3177 3176 3051
f 3174 3173 3171
f 3174 3171 3176
f 3175 3174 3176
f 3176 3177 3175
f 3178 3173 3179
f 3167 3165 3178
f 3167 3178 3116
f 3116 3178 3179
f 3116 3179 3117
f 3178 3165 3160
f 3160 3172 3178
f 3173 3178 3172
f 3174 3180 3179
f 3174 3179 3173
f 3175 3118 3180
f 3180 3174 3175
f 3180 3117 3179
f 3169 3158 3041
f 3041 3047 3169
f 3170 3169 3047
f 3047 3048 3170
f 3051 3170 3048
f 3131 3091 3114
f 3114 3161 3131
f 3132 3131 3161
f 3161 3162 3132
f 3138 3132 3162
f 3162 3166 3138
f 3167 3138 3166
f 896 642 2654
f 3181 908 896
f 3181 896 2654
f 3182 908 3181
f 908 3182 909
f 2668 3183 3181
f 3181 2654 2657
f 3181 2657 2668
f 3184 3182 3181
f 3184 3181 3183
f 3185 3186 913
f 913 909 3182
f 913 3182 3185
f 3187 914 913
f 3187 913 3186
f 3184 3188 3185
f 3185 3182 3184
f 3185 3188 3186
f 3188 3189 3187
f 3187 3186 3188
f 2668 2670 3183
f 2669 3190 3184
f 3184 3183 2670
f 3184 2670 2669
f 2669 2673 3190
f 3191 3189 3188
f 3190 3191 3188
f 3188 3184 3190
f 2672 3191 3190
f 3190 2673 2672
f 2672 2703 3191
f 3192 987 914
f 3192 914 3187
f 3192 3193 988
f 988 987 3192
f 3194 3192 3187
f 3194 3187 3189
f 3195 3193 3192
f 3195 3192 3194
f 3196 988 3193
f 3196 3193 3195
f 992 988 3196
f 992 3196 993
f 3197 3195 3194
f 3191 3197 3194
f 3194 3189 3191
f 3198 3196 3195
f 3198 3195 3197
f 3199 3202 999
f 3199 999 993
f 993 3196 3199
f 3202 3200 3217
f 3217 1000 999
f 3217 999 3202
f 3201 3202 3199
f 3198 3201 3199
f 3199 3196 3198
f 3201 3203 3204
f 3204 3202 3201
f 3202 3204 3200
f 2913 3205 3197
f 2913 3197 3191
f 2913 3191 2703
f 3207 3206 3198
f 3198 3197 3207
f 3197 3205 3207
f 2913 2917 3205
f 2917 2919 3207
f 3207 3205 2917
f 3208 3206 3207
f 3208 3207 2919
f 2919 2920 3208
f 3209 3201 3198
f 3209 3198 3206
f 3212 3214 3253
f 3253 3203 3201
f 3212 3253 3201
f 3201 3209 3212
f 2921 3080 3210
f 3210 3209 3206
f 3210 3206 3208
f 2921 3210 3208
f 3208 2920 2921
f 3211 3212 3209
f 3210 3211 3209
f 3211 3213 3214
f 3214 3212 3211
f 3215 3211 3210
f 3215 3210 3080
f 3216 3213 3211
f 3216 3211 3215
f 3219 3218 1000
f 3219 1000 3217
f 3220 1043 3218
f 3220 3218 3219
f 3221 3219 3217
f 3221 3217 3200
f 3222 3220 3219
f 3222 3219 3221
f 3220 3223 1047
f 1047 1043 3220
f 3223 3224 1048
f 1048 1047 3223
f 3225 3223 3220
f 3225 3220 3222
f 3225 3226 3224
f 3224 3223 3225
f 3203 3227 3228
f 3228 3204 3203
f 3229 3228 3227
f 3231 3232 3230
f 3228 3221 3200
f 3228 3200 3204
f 3233 3222 3221
f 3233 3221 3228
f 3228 3229 3233
f 3234 3225 3222
f 3234 3222 3233
f 3234 3235 3226
f 3226 3225 3234
f 3234 3233 3229
f 3229 3230 3234
f 3234 3230 3232
f 3234 3232 3235
f 3237 1058 1064
f 3237 1064 3236
f 3238 3236 3243
f 3238 3239 3237
f 3237 3236 3238
f 3224 3240 1061
f 1061 1048 3224
f 3240 3241 1062
f 1062 1061 3240
f 3226 3242 3240
f 3240 3224 3226
f 3242 3243 3241
f 3241 3240 3242
f 3241 3236 1064
f 1064 1062 3241
f 3243 3236 3241
f 3245 3246 3244
f 3247 3244 3232
f 3247 3232 3231
f 3248 3245 3244
f 3247 3248 3244
f 3249 3238 3243
f 3249 3243 3246
f 3249 3246 3245
f 3249 3250 3239
f 3239 3238 3249
f 3248 3252 3249
f 3249 3245 3248
f 3251 3250 3252
f 3250 3249 3252
f 3235 3244 3242
f 3242 3226 3235
f 3242 3244 3246
f 3246 3243 3242
f 3235 3232 3244
f 3254 3227 3203
f 3254 3203 3253
f 3255 3229 3227
f 3255 3227 3254
f 3256 3254 3253
f 3256 3253 3214
f 3257 3255 3254
f 3257 3254 3256
f 3258 3230 3229
f 3258 3229 3255
f 3258 3259 3231
f 3231 3230 3258
f 3260 3258 3255
f 3260 3255 3257
f 3260 3269 3259
f 3259 3258 3260
f 3213 3261 3262
f 3262 3214 3213
f 3263 3262 3261
f 3214 3262 3256
f 3257 3256 3262
f 3262 3263 3257
f 3264 3261 3213
f 3264 3213 3216
f 3264 3265 3263
f 3263 3261 3264
f 3266 3267 3263
f 3268 3269 3267
f 3268 3267 3266
f 3257 3263 3267
f 3257 3267 3260
f 3260 3267 3269
f 3265 3125 3266
f 3266 3263 3265
f 3125 3127 3268
f 3268 3266 3125
f 3259 3270 3247
f 3247 3231 3259
f 3270 3271 3248
f 3248 3247 3270
f 3269 3272 3270
f 3270 3259 3269
f 3270 3272 3273
f 3273 3271 3270
f 3275 3251 3274
f 3271 3274 3252
f 3252 3248 3271
f 3252 3274 3251
f 3276 3274 3273
f 3276 3287 3275
f 3275 3274 3276
f 3271 3273 3274
f 3277 3272 3269
f 3277 3269 3268
f 3277 2924 3273
f 3273 3272 3277
f 2922 3277 3268
f 2922 3268 3127
f 3277 2922 2924
f 2924 2925 3276
f 3276 3273 2924
f 3276 2925 3287
f 3080 3083 3215
f 3216 3215 3083
f 3083 3084 3216
f 3216 3084 3120
f 3216 3120 3264
f 3264 3120 3122
f 3264 3122 3265
f 3265 3122 3125
f 3702 3278 1344
f 3278 3702 3703
f 3708 3291 3278
f 3278 3703 3708
f 3292 3291 3708
f 3708 3286 3292
f 3278 3280 1347
f 1347 1344 3278
f 3279 1348 1347
f 3279 1347 3280
f 3310 3282 3279
f 3279 3281 3310
f 3278 3291 3315
f 3315 3283 3280
f 3315 3280 3278
f 3281 3279 3280
f 3281 3280 3283
f 3285 3286 3289
f 3288 3289 3287
f 3288 3293 3285
f 3288 3285 3289
f 3290 3291 3295
f 3285 3295 3292
f 3292 3286 3285
f 3292 3295 3291
f 3294 3295 3293
f 3294 3306 3290
f 3290 3295 3294
f 3285 3293 3295
f 3298 3306 3297
f 3300 3297 3296
f 3300 3299 3298
f 3298 3297 3300
f 3302 3293 3301
f 2926 3301 3288
f 2926 3288 3287
f 3288 3301 3293
f 3465 3301 2928
f 3465 3296 3302
f 3302 3301 3465
f 2926 2928 3301
f 3302 3297 3294
f 3302 3294 3293
f 3294 3297 3306
f 3302 3296 3297
f 3304 3305 3303
f 3307 3308 3306
f 3309 3304 3303
f 3307 3309 3303
f 3303 3308 3307
f 3311 3310 3281
f 3311 3281 3305
f 3311 3305 3304
f 3311 3314 3282
f 3282 3310 3311
f 3313 3314 3312
f 3309 3312 3311
f 3311 3304 3309
f 3311 3312 3314
f 3290 3308 3315
f 3315 3291 3290
f 3315 3303 3305
f 3305 3283 3315
f 3303 3315 3308
f 3290 3306 3308
f 3283 3305 3281
f 3298 3316 3307
f 3307 3306 3298
f 3307 3316 3317
f 3317 3309 3307
f 3318 3316 3299
f 3319 3317 3316
f 3318 3319 3316
f 3298 3299 3316
f 3320 3312 3317
f 3320 3321 3313
f 3313 3312 3320
f 3309 3317 3312
f 3319 3452 3320
f 3320 3317 3319
f 3284 3321 3320
f 3284 3320 3452
f 3322 3323 1376
f 1376 1375 3322
f 3329 3324 3584
f 3584 1377 1376
f 3584 1376 3329
f 1376 3323 3329
f 3367 3325 3328
f 3328 3323 3322
f 3328 3322 3367
f 3326 3327 3324
f 3324 3329 3326
f 3330 3329 3323
f 3330 3323 3328
f 3330 3326 3329
f 3327 3326 3331
f 3332 3330 3328
f 3332 3328 3325
f 3332 3331 3326
f 3326 3330 3332
f 3333 1380 1348
f 3333 1348 3279
f 3333 3334 1381
f 1381 1380 3333
f 3360 3358 3333
f 3360 3333 3279
f 3279 3282 3360
f 3358 3335 3334
f 3334 3333 3358
f 3334 3322 1375
f 1375 1381 3334
f 3367 3322 3334
f 3334 3335 3367
f 3337 3338 3336
f 3341 3339 3338
f 3341 3338 3337
f 3341 3342 3340
f 3340 3339 3341
f 3343 3325 3367
f 3343 3367 3368
f 3345 3343 3368
f 3345 3368 3344
f 3347 3332 3325
f 3347 3325 3343
f 3347 3346 3331
f 3331 3332 3347
f 3345 3349 3347
f 3347 3343 3345
f 3349 3348 3346
f 3346 3347 3349
f 3350 3344 3340
f 3350 3351 3345
f 3345 3344 3350
f 3342 3352 3350
f 3350 3340 3342
f 3352 3353 3351
f 3351 3350 3352
f 3351 3355 3349
f 3349 3345 3351
f 3354 3348 3349
f 3354 3349 3355
f 3356 3354 3519
f 3353 3519 3355
f 3355 3351 3353
f 3519 3354 3355
f 3359 3358 3357
f 3357 3360 3282
f 3357 3282 3314
f 3360 3357 3358
f 3361 3357 3314
f 3361 3314 3313
f 3361 3362 3359
f 3359 3357 3361
f 3365 3363 3366
f 3359 3366 3335
f 3335 3358 3359
f 3365 3366 3359
f 3359 3362 3365
f 3321 3364 3361
f 3361 3313 3321
f 3364 3338 3362
f 3362 3361 3364
f 3321 3284 3336
f 3321 3336 3364
f 3364 3336 3338
f 3338 3339 3365
f 3365 3362 3338
f 3365 3339 3340
f 3340 3363 3365
f 3366 3368 3367
f 3367 3335 3366
f 3344 3368 3366
f 3344 3366 3363
f 3363 3340 3344
f 3022 1674 2173
f 3022 2173 3369
f 3370 3369 2173
f 2173 2178 3370
f 3371 3024 3022
f 3022 3369 3371
f 3372 3371 3369
f 3369 3370 3372
f 2178 3373 3370
f 3374 3375 3372
f 3373 3374 3372
f 3372 3370 3373
f 3376 3377 3375
f 3376 3375 3374
f 3043 3024 3371
f 3043 3371 3378
f 3379 3378 3371
f 3371 3372 3379
f 3380 3477 3050
f 3050 3043 3378
f 3050 3378 3380
f 3385 3380 3378
f 3378 3379 3385
f 3484 3385 3486
f 3386 3379 3372
f 3386 3372 3375
f 3386 3375 3390
f 3375 3393 3390
f 3400 3393 3375
f 3375 3377 3400
f 3393 3400 3384
f 3387 3385 3379
f 3379 3386 3387
f 3388 3387 3386
f 3386 3390 3388
f 3389 3486 3385
f 3385 3387 3389
f 3381 3389 3387
f 3387 3388 3381
f 3390 3393 3391
f 3391 3388 3390
f 3384 3392 3391
f 3384 3391 3393
f 3381 3388 3391
f 3381 3391 3382
f 3383 3382 3391
f 3391 3392 3383
f 3376 3394 3401
f 3401 3377 3376
f 3402 3400 3377
f 3377 3401 3402
f 3403 3402 3401
f 3403 3401 3394
f 3404 3384 3400
f 3400 3402 3404
f 3405 3404 3402
f 3402 3403 3405
f 3717 3406 3403
f 3717 3403 3394
f 3407 3406 3717
f 3408 3405 3403
f 3403 3406 3408
f 3409 3408 3406
f 3406 3407 3409
f 3404 3410 3392
f 3404 3392 3384
f 3405 3411 3410
f 3405 3410 3404
f 3396 3383 3392
f 3392 3410 3396
f 3397 3396 3410
f 3410 3411 3397
f 3412 3413 3411
f 3412 3411 3405
f 3414 3413 3412
f 3398 3397 3411
f 3411 3413 3398
f 3399 3398 3413
f 3413 3414 3399
f 3405 3408 3412
f 3412 3408 3409
f 3412 3409 3414
f 3417 3418 3419
f 3422 3409 3407
f 3407 3420 3422
f 3422 3420 3421
f 3422 3421 3423
f 3421 3424 3425
f 3424 3395 3426
f 3426 3425 3424
f 3423 3421 3425
f 3423 3425 3427
f 3427 3425 3426
f 3427 3426 3681
f 3415 3399 3414
f 3414 3428 3415
f 3415 3428 3429
f 3415 3429 3416
f 3414 3409 3422
f 3414 3422 3428
f 3429 3428 3422
f 3422 3423 3429
f 3429 3430 3431
f 3430 3681 3432
f 3432 3431 3430
f 3417 3416 3429
f 3429 3431 3417
f 3418 3417 3431
f 3431 3432 3418
f 3430 3429 3423
f 3423 3427 3430
f 3681 3430 3427
f 3434 3435 3433
f 3438 3439 3437
f 3441 3442 3440
f 3436 3118 3440
f 3436 3440 3437
f 3438 3437 3440
f 3440 3442 3438
f 3444 3433 3439
f 3444 3439 3438
f 3444 3446 3434
f 3434 3433 3444
f 3443 3444 3442
f 3443 3442 3441
f 3445 3446 3444
f 3445 3444 3443
f 3444 3438 3442
f 3449 3447 3435
f 3449 3435 3434
f 3450 3448 3447
f 3449 3450 3447
f 3451 3452 3448
f 3453 3284 3452
f 3453 3452 3451
f 3450 3454 3451
f 3451 3448 3450
f 3454 3455 3453
f 3453 3451 3454
f 3446 3457 3449
f 3449 3434 3446
f 3457 3459 3450
f 3450 3449 3457
f 3456 3457 3446
f 3456 3446 3445
f 3458 3459 3457
f 3458 3457 3456
f 3459 3462 3454
f 3454 3450 3459
f 3460 3455 3454
f 3460 3454 3462
f 3461 3462 3459
f 3461 3459 3458
f 3463 3460 3462
f 3463 3462 3461
f 3464 3465 3142
f 3464 3469 3296
f 3296 3465 3464
f 3468 3469 3467
f 3466 3467 3464
f 3466 3464 3142
f 3464 3467 3469
f 3470 3471 3469
f 3472 3299 3471
f 3472 3471 3470
f 3296 3469 3471
f 3471 3300 3296
f 3300 3471 3299
f 3468 3433 3470
f 3470 3469 3468
f 3470 3433 3435
f 3470 3435 3472
f 2928 3142 3465
f 3436 3437 3467
f 3436 3467 3466
f 3467 3437 3439
f 3467 3439 3468
f 3468 3439 3433
f 3472 3447 3318
f 3318 3299 3472
f 3447 3448 3319
f 3447 3319 3318
f 3472 3435 3447
f 3319 3448 3452
f 3175 3473 3474
f 3473 3475 3476
f 3476 3474 3473
f 3052 3477 3478
f 3478 3177 3052
f 3477 3380 3479
f 3479 3478 3477
f 3473 3175 3177
f 3177 3478 3473
f 3475 3473 3478
f 3478 3479 3475
f 3480 3481 3476
f 3480 3476 3475
f 3482 3483 3481
f 3482 3481 3480
f 3484 3485 3479
f 3484 3479 3380
f 3486 3487 3485
f 3485 3484 3486
f 3480 3475 3479
f 3479 3485 3480
f 3480 3485 3487
f 3480 3487 3482
f 3440 3118 3175
f 3175 3474 3440
f 3441 3440 3474
f 3474 3476 3441
f 3443 3441 3476
f 3476 3481 3443
f 3445 3443 3481
f 3481 3483 3445
f 3477 3052 3050
f 3484 3380 3385
f 3482 3488 3489
f 3489 3483 3482
f 3488 3490 3491
f 3491 3489 3488
f 3486 3389 3492
f 3492 3487 3486
f 3389 3381 3493
f 3493 3492 3389
f 3482 3487 3492
f 3482 3492 3488
f 3488 3492 3493
f 3488 3493 3490
f 3490 3496 3494
f 3494 3491 3490
f 3496 3495 3463
f 3463 3494 3496
f 3381 3382 3496
f 3381 3496 3493
f 3496 3382 3383
f 3496 3383 3495
f 3496 3490 3493
f 3456 3445 3483
f 3483 3489 3456
f 3456 3489 3491
f 3456 3491 3458
f 3458 3491 3494
f 3458 3494 3461
f 3461 3494 3463
f 3453 3497 3336
f 3336 3284 3453
f 3497 3498 3337
f 3337 3336 3497
f 3455 3499 3497
f 3497 3453 3455
f 3499 3501 3498
f 3498 3497 3499
f 3498 3500 3341
f 3341 3337 3498
f 3500 3504 3342
f 3342 3341 3500
f 3503 3504 3502
f 3498 3501 3502
f 3502 3500 3498
f 3500 3502 3504
f 3508 3509 3507
f 3510 3511 3460
f 3512 3501 3511
f 3512 3511 3510
f 3455 3460 3511
f 3455 3511 3499
f 3499 3511 3501
f 3463 3505 3510
f 3510 3460 3463
f 3505 3506 3512
f 3505 3512 3510
f 3513 3502 3501
f 3512 3513 3501
f 3513 3509 3503
f 3503 3502 3513
f 3512 3506 3507
f 3512 3507 3513
f 3513 3507 3509
f 3504 3514 3352
f 3352 3342 3504
f 3514 3515 3353
f 3514 3353 3352
f 3516 3514 3504
f 3516 3504 3503
f 3517 3515 3514
f 3516 3517 3514
f 3518 3519 3515
f 3519 3520 3356
f 3520 3519 3518
f 3353 3515 3519
f 3517 3521 3518
f 3518 3515 3517
f 3521 3528 3520
f 3520 3518 3521
f 3522 3523 3509
f 3522 3509 3508
f 3524 3525 3523
f 3524 3523 3522
f 3527 3528 3526
f 3524 3529 3526
f 3526 3525 3524
f 3529 3695 3527
f 3527 3526 3529
f 3509 3523 3516
f 3516 3503 3509
f 3523 3525 3517
f 3517 3516 3523
f 3526 3521 3517
f 3526 3517 3525
f 3521 3526 3528
f 3531 3505 3463
f 3531 3463 3495
f 3530 3506 3505
f 3531 3530 3505
f 3495 3383 3396
f 3495 3396 3531
f 3530 3531 3396
f 3530 3396 3397
f 3507 3506 3530
f 3530 3532 3507
f 3508 3507 3532
f 3532 3533 3508
f 3532 3530 3397
f 3397 3398 3532
f 3533 3532 3398
f 3398 3399 3533
f 3522 3508 3533
f 3533 3534 3522
f 3522 3534 3535
f 3522 3535 3524
f 3534 3533 3399
f 3399 3415 3534
f 3535 3534 3415
f 3415 3416 3535
f 3536 3537 3535
f 3538 3695 3537
f 3538 3537 3536
f 3524 3535 3537
f 3524 3537 3529
f 3529 3537 3695
f 3535 3416 3417
f 3535 3417 3536
f 3536 3417 3419
f 3536 3419 3538
f 3540 1459 1458
f 3540 1458 3539
f 3541 3539 1458
f 1458 1461 3541
f 3543 3540 3539
f 3543 3539 3542
f 3544 3542 3539
f 3539 3541 3544
f 3582 3545 1465
f 1465 1464 3582
f 3590 3546 3545
f 3548 1461 1466
f 3548 1466 3547
f 3541 1461 3548
f 3547 1466 1465
f 3547 1465 3545
f 3550 3548 3547
f 3550 3547 3549
f 3544 3541 3548
f 3544 3548 3550
f 3564 3549 3547
f 3564 3547 3545
f 3564 3545 3546
f 3551 3543 3542
f 3556 3551 3542
f 3556 3542 3544
f 3552 3556 3544
f 3554 3555 3553
f 3553 3551 3556
f 3553 3556 3557
f 3557 3556 3552
f 3557 3552 3558
f 3554 3553 3557
f 3554 3557 3559
f 3560 3561 3558
f 3561 3559 3557
f 3557 3558 3561
f 3566 3563 3550
f 3550 3549 3566
f 3563 3566 3562
f 3563 3552 3544
f 3563 3544 3550
f 3566 3549 3564
f 3566 3564 3565
f 3596 3565 3564
f 3564 3546 3596
f 3562 3566 3565
f 3562 3565 3567
f 3598 3567 3565
f 3565 3596 3598
f 3568 3569 3563
f 3563 3562 3568
f 3570 3571 3569
f 3569 3568 3570
f 3569 3558 3552
f 3552 3563 3569
f 3560 3558 3569
f 3560 3569 3571
f 3568 3562 3567
f 3568 3567 3572
f 3604 3572 3567
f 3567 3598 3604
f 3573 3570 3568
f 3568 3572 3573
f 3573 3572 3604
f 3573 3604 3606
f 2277 602 1459
f 2277 1459 3540
f 2279 2277 3540
f 2279 3540 3543
f 3574 2297 2279
f 3574 2279 3543
f 3574 3543 3551
f 2305 2297 3574
f 2305 3574 3575
f 3553 3575 3574
f 3574 3551 3553
f 2307 2305 3575
f 2307 3575 3555
f 3575 3553 3555
f 3577 1468 3579
f 3577 3578 3576
f 3578 3577 3579
f 3579 3580 3578
f 3580 3579 3585
f 3576 3581 1464
f 3581 3576 3578
f 3581 3582 1464
f 3581 3578 3583
f 3581 3583 3545
f 3545 3582 3581
f 3580 3583 3578
f 3584 3579 1468
f 1468 1377 3584
f 3324 3585 3579
f 3579 3584 3324
f 3586 3587 3580
f 3580 3585 3586
f 3587 3586 3588
f 3589 3590 3545
f 3545 3583 3589
f 3587 3589 3583
f 3583 3580 3587
f 3546 3590 3589
f 3546 3589 3591
f 3591 3589 3587
f 3591 3587 3588
f 3592 3585 3324
f 3592 3324 3327
f 3592 3586 3585
f 3593 3592 3327
f 3593 3327 3331
f 3593 3588 3586
f 3586 3592 3593
f 3596 3546 3591
f 3596 3591 3597
f 3597 3591 3588
f 3597 3588 3594
f 3598 3596 3597
f 3598 3597 3599
f 3599 3597 3594
f 3599 3594 3595
f 3600 3593 3331
f 3600 3331 3346
f 3600 3594 3588
f 3588 3593 3600
f 3601 3600 3346
f 3601 3346 3348
f 3601 3595 3594
f 3594 3600 3601
f 3604 3598 3599
f 3604 3599 3605
f 3602 3605 3599
f 3599 3595 3602
f 3606 3604 3605
f 3606 3605 3607
f 3603 3607 3605
f 3605 3602 3603
f 3354 3608 3601
f 3601 3348 3354
f 3602 3595 3601
f 3602 3601 3608
f 3356 3609 3608
f 3608 3354 3356
f 3603 3602 3608
f 3603 3608 3609
f 3610 3613 3555
f 3555 3554 3610
f 3612 3613 3611
f 3610 3611 3613
f 3611 3610 3614
f 3610 3554 3559
f 3610 3559 3616
f 3615 3616 3561
f 3561 3560 3615
f 3559 3561 3616
f 3617 3614 3610
f 3610 3616 3617
f 3617 3616 3615
f 3617 3615 3618
f 3619 2403 3612
f 3612 3611 3619
f 3619 3611 3614
f 3619 3614 3626
f 3620 2452 2403
f 2403 3619 3620
f 3620 3626 3621
f 3626 3620 3619
f 3623 3622 3624
f 3625 3626 3617
f 3614 3617 3626
f 3625 3617 3618
f 3625 3618 3622
f 3625 3621 3626
f 3623 3621 3625
f 3622 3623 3625
f 3628 3629 3627
f 3633 3630 3629
f 3629 3628 3633
f 3631 3630 3678
f 3678 3633 3632
f 3633 3678 3630
f 3635 3634 3571
f 3571 3570 3635
f 3636 3634 3635
f 3636 3635 3642
f 3615 3560 3571
f 3615 3571 3634
f 3636 3618 3615
f 3615 3634 3636
f 3635 3570 3573
f 3635 3573 3637
f 3637 3573 3606
f 3637 3606 3627
f 3638 3642 3637
f 3635 3637 3642
f 3629 3638 3637
f 3637 3627 3629
f 3639 3622 3636
f 3641 3642 3640
f 3641 3639 3636
f 3636 3642 3641
f 3644 3645 3643
f 3624 3622 3639
f 3624 3639 3645
f 3624 3645 3644
f 3640 3643 3645
f 3645 3641 3640
f 3643 3640 3631
f 3641 3645 3639
f 3636 3622 3618
f 3638 3640 3642
f 3640 3638 3630
f 3629 3630 3638
f 3640 3630 3631
f 3647 3648 3646
f 3650 3651 3649
f 3653 3654 3652
f 2440 3655 3650
f 3655 2440 2441
f 3655 2441 3653
f 3655 3656 3651
f 3655 3651 3650
f 3652 3656 3655
f 3653 3652 3655
f 3649 3651 3659
f 3657 3649 3659
f 3659 3658 3657
f 3395 3658 3660
f 3660 3658 3659
f 3660 3659 3679
f 3652 3654 3647
f 3661 3652 3647
f 3661 3662 3679
f 3647 3646 3662
f 3647 3662 3661
f 3659 3651 3656
f 3659 3656 3661
f 3661 3656 3652
f 3679 3659 3661
f 3665 2447 2448
f 2448 3667 3665
f 3665 3667 3663
f 3666 3665 3663
f 3666 3663 3664
f 2451 2452 3620
f 3667 2451 3620
f 3663 3667 3620
f 3620 3621 3663
f 3621 3664 3663
f 3667 2448 2451
f 3664 3623 3669
f 3669 3670 3668
f 3669 3623 3624
f 3624 3670 3669
f 3666 3669 3647
f 3669 3666 3664
f 3647 3669 3668
f 3668 3648 3647
f 3623 3664 3621
f 2456 2457 3665
f 2456 3665 3653
f 3665 2457 2447
f 3665 3666 3654
f 3665 3654 3653
f 3653 2441 2456
f 3647 3654 3666
f 3672 3631 3677
f 3673 3646 3648
f 3673 3648 3672
f 3671 3673 3677
f 3677 3673 3672
f 3676 3632 3674
f 3675 3671 3676
f 3675 3674 3419
f 3675 3419 3418
f 3676 3674 3675
f 3677 3678 3676
f 3677 3631 3678
f 3632 3676 3678
f 3677 3676 3671
f 3679 3680 3682
f 3682 3683 3681
f 3683 3680 3671
f 3680 3683 3682
f 3426 3395 3660
f 3426 3660 3682
f 3679 3682 3660
f 3682 3681 3426
f 3680 3662 3673
f 3662 3680 3679
f 3673 3662 3646
f 3671 3680 3673
f 3675 3681 3683
f 3681 3675 3432
f 3675 3683 3671
f 3418 3432 3675
f 3668 3670 3644
f 3668 3644 3643
f 3672 3668 3643
f 3644 3670 3624
f 3631 3672 3643
f 3672 3648 3668
f 2473 2307 3555
f 2473 3555 3613
f 2473 3613 3612
f 3684 3603 3687
f 3686 3687 3685
f 3687 3688 3684
f 3688 3687 3686
f 3690 3627 3606
f 3606 3607 3690
f 3627 3690 3689
f 3684 3689 3690
f 3690 3607 3603
f 3690 3603 3684
f 3692 3689 3691
f 3628 3627 3689
f 3628 3689 3692
f 3691 3689 3684
f 3691 3684 3688
f 3520 3687 3609
f 3609 3356 3520
f 3687 3603 3609
f 3520 3685 3687
f 3685 3520 3528
f 3694 3686 3685
f 3694 3685 3528
f 3694 3528 3527
f 3694 3693 3688
f 3688 3686 3694
f 3632 3693 3696
f 3527 3695 3696
f 3696 3694 3527
f 3694 3696 3693
f 3692 3691 3693
f 3633 3692 3693
f 3633 3628 3692
f 3688 3693 3691
f 3693 3632 3633
f 3538 3674 3696
f 3696 3695 3538
f 3696 3674 3632
f 3538 3419 3674
f 3237 3698 1503
f 1503 1058 3237
f 3697 1501 1503
f 3697 1503 3698
f 3700 3699 3697
f 3239 3700 3698
f 3698 3237 3239
f 3700 3697 3698
f 3697 3701 1506
f 1506 1501 3697
f 3702 1344 1506
f 3702 1506 3701
f 3699 3703 3701
f 3701 3697 3699
f 3702 3701 3703
f 3705 3706 3699
f 3699 3700 3705
f 3706 3705 3704
f 3250 3704 3705
f 3705 3700 3239
f 3705 3239 3250
f 3707 3704 3251
f 3707 3286 3706
f 3706 3704 3707
f 3250 3251 3704
f 3708 3703 3699
f 3708 3699 3706
f 3708 3706 3286
f 3275 3289 3707
f 3707 3251 3275
f 3707 3289 3286
f 3275 3287 3289
f 3373 2178 2481
f 2481 3709 3373
f 3710 3709 2481
f 2481 2482 3710
f 3373 3709 3374
f 3374 3709 3710
f 3374 3710 3376
f 3711 3710 2482
f 2482 2507 3711
f 3714 3711 2507
f 3714 2507 2508
f 3714 2508 3712
f 3713 3376 3710
f 3710 3711 3713
f 3394 3376 3713
f 3715 3713 3711
f 3711 3714 3715
f 3716 3715 3714
f 3714 3712 3716
f 3717 3394 3713
f 3713 3715 3717
f 3718 3717 3715
f 3715 3716 3718
f 3725 3712 2508
f 3720 3725 2508
f 2508 2515 3720
f 3725 3720 3719
f 3720 2518 3721
f 3721 2518 2519
f 3721 2519 3722
f 3719 3720 3721
f 3719 3721 3723
f 3723 3721 3722
f 3723 3722 3724
f 3720 2515 2518
f 3726 3716 3712
f 3712 3725 3726
f 3726 3725 3719
f 3726 3719 3727
f 3728 3718 3716
f 3716 3726 3728
f 3728 3726 3727
f 3728 3727 3729
f 3727 3719 3723
f 3727 3723 3730
f 3730 3723 3724
f 3730 3724 3731
f 3729 3727 3730
f 3729 3730 3732
f 3395 3732 3730
f 3730 3731 3395
f 3717 3718 3407
f 3407 3718 3728
f 3407 3728 3420
f 3421 3420 3728
f 3728 3729 3421
f 3424 3421 3729
f 3729 3732 3424
f 3424 3732 3395
f 3722 2519 2529
f 3722 2529 3733
f 3733 2529 2530
f 3733 2530 3650
f 3724 3722 3733
f 3724 3733 3649
f 3650 3649 3733
f 3650 2530 2440
f 3658 3731 3724
f 3657 3658 3724
f 3724 3649 3657
f 3395 3731 3658
