# Created by meshio v5.3.5, 2026-07-28T12:30:34.087446
v 1.598094418350375 -4.910805566531116 -2.6904126157277903
v 4.057212848700069 -5.030865868814516 -1.9165400636217018
v 3.948703208728828 -5.05377703985885 -2.2754049569249655
v 3.9262716329009484 -5.062430245024581 -2.148884594892052
v 4.812192535461898 -4.965553024690474 -2.08604846842825
v 4.576396310335609 -4.999812247479099 -2.1416907494529034
v 4.580205538377276 -4.997575941863255 -2.0051185829498177
v 1.6550777689229437 -4.668785440483903 -2.0520550399530904
v 2.323952515848877 -4.744362349697426 -1.884193261672081
v 1.7918238364401828 -4.483269545002531 -1.8073960226926404
v 2.4791433660881914 -4.55883752152162 -1.6621132274911565
v 1.9826253836122805 -4.271098313607065 -1.6154631570137747
v 2.7350028477919643 -4.994991210517766 -2.207637067123855
v 2.7929640894344763 -5.00059527485122 -2.4548674079729613
v 1.8779786979690458 -4.850500088283239 -2.3510005842782795
v 1.55541802758483 -4.81339617985807 -2.4241419912708517
v 1.5558652689462584 -4.762897241693202 -2.2812798571440096
v 2.1550709012875857 -4.896259817535064 -2.299123262603333
v 2.1792097042529925 -4.8420870950345085 -2.105496780136506
v 2.3422505629258703 -4.949147568681191 -2.5309072743605094
v 2.1796033986642662 -4.916099105797831 -2.4265183371464194
v 3.321164879671284 -5.043681935275816 -2.0886992030810148
v 2.806712041051986 -4.9088939739781425 -1.918745106171353
v 3.4592071166257132 -4.927699299442486 -1.7535599369967052
v -5.06356067869547 -8.107277298217761 -7.813107629788397
v -4.846372528912905 -8.262399166589997 -8.94964908873418
v -5.088606663540894 -8.226583922837728 -8.807818121447763
v -4.1825685059496776 -8.213190759135331 -8.124415588570809
v -4.475819585464065 -8.253104755696489 -8.505698612121657
v -4.459242341463002 -8.180424100058227 -7.958643183253277
v -5.008180239388491 -8.23528763657331 -10.262988579505446
v -4.441239899342829 -8.229052773503374 -11.013206346846985
v -4.998634222151022 -8.061654674239481 -11.561346379318046
v -3.5606838231301388 -8.26050895664576 -8.560477829983908
v -3.8479718445723545 -8.306705272404797 -8.973775693700757
v -3.832725109006822 -8.244199730232092 -8.358776673701696
v -3.589233879130904 -8.317316496880055 -9.928638363263948
v -3.8369861118941815 -8.312493232668068 -10.269640211244907
v -3.849404598202506 -8.331175601989875 -9.683360826328098
v -3.09580790990382 -8.25746776327617 -9.166050194970664
v -4.182500338640198 -8.320399503879116 -9.41258050607846
v -4.478007039010119 -8.30889959623251 -9.779087442730454
v -4.48103329773108 -8.299337734731587 -9.19296898145261
v -5.628130441897042 -7.9400244996669285 -7.374924067833352
v -6.215469447839416 -7.920492302766607 -7.932676896952156
v -6.188636155854808 -7.805812326022544 -7.267376308180104
v -6.676580036162828 -7.663610695750994 -7.185329335131428
v -7.276446632897416 -7.555976309333933 -7.65782333609695
v -7.262354885588788 -7.467453045135111 -7.0479723950998014
v -6.563990610444181 -7.853296357303241 -8.209600171771916
v -7.260299189297525 -7.603968545180942 -8.636335077614438
v -7.27596407202782 -7.589892890229262 -8.052912934899105
v -7.776159769045883 -7.269853750216048 -6.991869211893103
v -8.25530802656931 -7.032507503687867 -7.090204901288146
v -8.682515680776254 -6.713349551308117 -7.243027702484538
v -9.009146808392787 -6.377301838360945 -7.202130755614705
v -7.767951243788868 -7.350265418544278 -7.9566992316684
v -8.218042994681984 -7.057026944344734 -8.040813783499523
v -7.72510327854721 -7.333714388452342 -8.793017526901952
v -8.15808828487639 -7.006446013156619 -8.844665871658972
v -8.622487189365172 -6.692176338653751 -8.165048908667158
v -9.017104656980592 -6.287806664703678 -7.943408030562236
v -8.565110220901918 -6.634419430805181 -8.817331180160206
v -8.964074019473756 -6.240113004686951 -8.555907158736128
v -5.689321785228764 -8.128373441554087 -9.815661901874273
v -6.183135264177385 -7.960178294460043 -10.16384999773741
v -6.205701515571273 -7.995050360162974 -9.597397851029243
v -6.748084664840966 -7.802072003940872 -9.409683347173026
v -7.219761169158434 -7.568080078270287 -9.461829263332007
v -6.676320759091087 -7.718398235240329 -10.426534725552523
v -7.1011430905658335 -7.347138759553467 -10.965517883447506
v -5.665073178607508 -8.108295392814068 -8.526122117885725
v -6.2163050607603685 -7.996905174017711 -9.052639107098527
v -5.605915280259595 -8.043391878582895 -10.895260700560215
v -5.290673096479318 -7.940862155221916 -11.789083198667162
v -5.553017760294057 -7.918120627571263 -11.590458240462766
v -6.012439404714363 -7.622470595014965 -11.978432573686053
v -6.1296935332917935 -7.795793904725406 -11.246163340102342
v -6.624058329718701 -7.608551700386986 -11.054224887807726
v -7.044490287279921 -7.227030499234668 -11.475383102795085
v -6.479610328340088 -7.345084777885915 -12.047002929881756
v -6.928271510633859 -7.0350369318070145 -12.079913400403395
v -7.660886211266107 -7.251321437241425 -9.701984954821222
v -7.68939849008767 -7.293101630307692 -9.308416707679687
v -8.11215275967879 -6.946919854951218 -9.388068887890636
v -7.541375854187089 -7.0194674046797525 -10.982845582068833
v -8.001262412669007 -6.7449900978546475 -10.621645944060594
v -8.609229853967427 -6.400199710475014 -9.633206928300662
v -8.407444170093884 -6.366615731109035 -10.567055856884247
v -8.795423434620947 -5.96213529529443 -10.458009816797674
v -8.849867795583814 -6.074917450294369 -9.81940428997692
v -7.479697506895621 -6.89323279106446 -11.482312049873995
v -7.900531212890241 -6.534041590165674 -11.461366482836203
v -7.949252390864991 -6.631291336690621 -11.094183095005201
v -7.362486897628005 -6.699469755613457 -12.084853766477462
v -7.785025557675987 -6.343257109637344 -12.067227047982664
v -8.330721439735942 -6.189132370104437 -11.285682740493359
v -8.522279070952061 -5.939705147945693 -11.382359306932168
v -8.684303912391167 -5.716059036345046 -11.47484230424764
v -8.19767498087366 -5.9695836840686285 -12.030545326388149
v -8.596892164477746 -5.572204602408356 -11.967912853690121
v -9.368890324059613 -5.819742877359323 -7.789074720854271
v -9.527603930943819 -5.571228697807255 -7.688107001847998
v -9.256468057579458 -5.8235522726676505 -8.667946790638092
v -9.635985069022691 -5.2673829962909045 -8.352890543337768
v -9.666729038338651 -5.287507644743549 -7.897183130985757
v -9.20538909323509 -5.492311150405776 -10.206575952493463
v -9.236280457595715 -5.673479346270234 -9.400173198650645
v -9.50837513860981 -5.064520918580573 -10.071813852400025
v -9.591733253181257 -5.177126463622396 -9.149411487380299
v -9.883517075698402 -4.66605728705254 -8.907205729429018
v -9.875483713768721 -4.817585206077385 -8.123929487456822
v -10.045467373329993 -4.326191005463992 -8.706695537088864
v -9.855641680453827 -4.529057328012219 -9.686965087583335
v -10.111977936525836 -4.009655929980211 -9.443818293285155
v -10.13831354183601 -4.058493216916258 -8.946323566599368
v -9.078633315431402 -5.315439251216172 -11.214546876357161
v -9.463972839167052 -4.955998458060153 -10.607678267132894
v -9.027279891188723 -5.103900776177108 -11.797490282791294
v -9.335238511154667 -4.6712532521479035 -11.726526163204358
v -9.584052342685624 -4.642887567808815 -10.859402577097823
v -9.791109996789373 -3.9365081834147184 -11.442490806483393
v -9.713048411949497 -4.252904003711461 -11.18157591097923
v -9.754605776050747 -4.378748588643553 -10.694677212760613
v -10.062132609744674 -3.8449246166808715 -10.293136873736348
v -9.969358249836704 -3.6125987490974576 -11.239137752673667
v -10.235294596950693 -3.7249103440140083 -9.25587464779799
v -10.37431545156715 -3.1307288911524527 -9.818754819476299
v -8.206533283505003 -6.6898194807610025 -5.4333751853213315
v -8.657414182485295 -6.49662962890667 -5.474445615192562
v -9.099645208734792 -6.208673398195613 -5.630018750148209
v -7.948034097106192 -6.282663191531288 -4.356260655605517
v -7.527294022470979 -6.632372050387155 -4.919231188215457
v -8.07995431445031 -6.502157948612995 -4.859780259119597
v -7.415040907025881 -6.343882013364133 -4.374356375178602
v -8.761605924013006 -6.256188704398007 -4.862995984636877
v -9.052800411351278 -6.09221405084944 -4.918143804954844
v -8.488238074804245 -6.154366452111111 -4.307913187798057
v -6.528491273196384 -6.136851909300794 -3.9702335251620444
v -6.802067046183596 -6.296203171566183 -4.2295891198439906
v -6.551249583933006 -5.7744431086208845 -3.54183252739593
v -5.154620657982637 -5.322093325176267 -2.842264592708425
v -8.975650664660114 -5.964519748388163 -4.316741498196124
v -8.87570642524003 -5.8299208986486 -3.791855197973841
v -7.947814139033126 -5.744471801726435 -3.3926696697176695
v -8.387205612179955 -5.932207684188054 -3.7768630801700356
v -8.222768754339715 -5.740174665547795 -3.357971367165058
v -8.755042265114575 -5.687939203910532 -3.3012765917112654
v -7.276960214662987 -5.207095178845402 -2.6347939552356774
v -7.430897715076455 -5.3673183517536955 -2.859593326052974
v -8.452732432645753 -5.532779147846907 -2.846560606943746
v -8.681858322790019 -5.599776628876568 -3.0334045412514032
v -8.473718053483433 -5.229133041733517 -2.2151098193306233
v -8.066632836679897 -5.523469930910107 -2.9252468298887937
v -7.9742196724275995 -5.322578568852437 -2.473672096190065
v -7.822178651510519 -6.009492883605201 -3.861497805366901
v -7.102123468410239 -5.78744938167978 -3.5399013566882704
v -7.665265530907075 -5.741700770634272 -3.4294832593957643
v -7.357450384312761 -6.047519911494082 -3.9036538035425234
v -6.685903415636713 -5.440033106413044 -3.127109977906857
v -6.936602388161086 -5.438314350389597 -3.1003019198910966
v -6.767468655255809 -5.154573878043875 -2.719391446484548
v -6.386690400006404 -5.452260407373944 -3.1545832900668946
v -3.5946094013065055 -4.907909563532815 -1.453778124924861
v -2.6890881654860723 -4.468916222871744 0.4390922730689222
v -3.2132418850150852 -4.582244041852034 0.049913412592238075
v -3.0454449653370186 -4.343613604258018 0.5612546447840143
v -2.1666808587903232 -5.001036188188279 -1.2886262580740704
v -2.554622026571467 -5.018243192517582 -1.5282552696060359
v -2.4086509174042536 -5.008902797768991 -1.2376106656425305
v -2.2707322455166463 -5.025804212072314 -0.8534084687335816
v -3.1991304185283385 -4.960582474571786 -1.0877231363434299
v -3.5272636380909064 -4.910351849371652 -1.2391252276039786
v -3.4664564201111165 -4.92115499721425 -1.0464726212495767
v -2.6136299096098066 -5.0348569579330835 -0.7673226020686936
v -2.881593943705648 -5.00380620275788 -0.9241635431724622
v -3.3316932848298424 -4.86873391571338 -0.563901106915332
v -3.0757748264654943 -4.974758148262375 -1.5190500794689055
v -2.948830413979095 -4.981539750119774 -1.1320320309746497
v -2.1257443359053605 -4.976128166735865 -0.3961279068029103
v -1.8576407005941844 -4.7204294557971105 0.06529823681217323
v -1.5419503334559412 -4.989285390134165 -0.6473395780789175
v -1.6957677908326139 -4.95142649405161 -0.9876345831551268
v -1.069968798251781 -5.194806784556499 -0.4262199214637131
v -1.3872818836415546 -4.96578354976554 -0.20987818966705504
v -2.6689065427207943 -4.80618941184284 -0.17551362199733708
v -8.187124276641864 -4.717732460780749 -1.0917707422953078
v -8.327416566671427 -4.910168900904337 -1.5143451906921495
v -8.050234941509999 -4.472583115258821 -0.5164126298804829
v -7.310500908709062 -4.277916384370808 -0.4047513228096056
v -7.490847703881642 -3.5004482040793357 1.7196262201778445
v -7.061624069574416 -3.2468002542058216 2.159384466366622
v -7.3514683458080095 -3.216687404930275 2.318981765857318
v -6.498035208621587 -3.87945244501748 0.3339492634536132
v -7.540103122063913 -3.987010937590698 0.48988857605717395
v -7.928376943663456 -4.230864046420689 0.07184415438195736
v -7.779335307685869 -3.9836971799976135 0.6386689135087054
v -7.743485112779736 -3.731386091944665 1.2737578817744317
v -6.802083462338157 -4.022493183137103 0.05299415436657132
v -7.175221452656434 -3.9959809542194322 0.26638767485524234
v -5.322731830135837 -3.5084300167141134 1.2905587574797075
v -6.90108929653628 -3.5052663600098954 1.4139645079910617
v -6.98816124619444 -3.660256055654809 1.0510131640741835
v -6.764779053848171 -3.2644097913790535 1.9883767678002569
v -6.320039920433894 -3.5609224777555673 1.0958662200867018
v -5.340815957277288 -4.626839675186399 -1.2165097270024847
v -5.7767991963425205 -4.667764345924177 -1.596934722801457
v -5.631155087437109 -4.541799574377522 -1.1262149636790995
v -3.829329282588029 -5.060455077662954 -2.120369247311408
v -4.87411285204778 -4.870645948836919 -2.126860082423782
v -5.921407443748064 -4.773333310371188 -2.009856317750117
v -4.605782641032535 -4.716274977307423 -1.3331023017353216
v -7.1693956072773 -5.014413723519567 -2.215305554495633
v -6.44010249807482 -4.800076486807568 -1.9697453268347005
v -7.017011458358723 -4.8323414422739495 -1.7520343288740041
v -7.752449380917392 -5.096964264134722 -2.083859078370547
v -7.278721817691206 -4.795450908481573 -1.615821600514483
v -7.592561550917803 -4.761371084336969 -1.4437194799814361
v -6.867120470066578 -4.5610086577823585 -1.2104795839593503
v -6.410617484415299 -4.3476149882445085 -0.7935914595077505
v -6.726606269291227 -4.294595375608079 -0.6375633041488576
v -6.315202182952305 -4.6693398249707085 -1.4595659918474424
v -6.168872001700036 -4.3984437614139935 -0.9044773744521697
v -7.448462649689398 -4.494313097467636 -0.884722423470814
v -6.284454752144413 -5.16420024380384 -2.774037894743102
v -6.069039180250316 -4.9370852970557495 -2.4025841055348427
v -6.834840799900409 -4.959132757517986 -2.286684360715373
v -3.8761385263541763 -4.61530412916161 -0.3590570925397873
v -4.418704177651312 -4.585531456285747 -0.651541101003454
v -4.3340191839903035 -4.43089813514847 -0.29277201711615314
v -5.355785796294712 -4.038632862472505 0.023112390277316035
v -4.060892716968766 -3.9406868670592132 0.8638853046309323
v -3.6977849095977318 -4.4021270135110155 0.15198703422841087
v -4.197743726290245 -4.182842787956803 0.2845059516326195
v -3.5564061790454224 -4.145645235861866 0.7178731836499289
v -4.015854886943085 -4.827540455418719 -1.4055364241381845
v -3.970232752015128 -4.826875458800708 -0.9710136881053891
v -5.000452382771428 -7.842801301402177 -6.701088711982856
v -4.899798310609562 -7.556863586288937 -5.894800643488608
v -3.515343254081112 -7.133337825652244 -4.926617451324197
v -4.757313777164737 -7.275519464175713 -5.282915837018832
v -4.66580062500204 -6.882826757610408 -4.615010996569671
v -3.9362618973464847 -7.400462973288178 -5.417653478154534
v -4.28159479680984 -7.5730318019605924 -5.830115880752522
v -4.211661517307142 -7.351948651358436 -5.3382296956946185
v -4.201622106416158 -6.969371458999975 -4.691008303896272
v -1.8280141841335877 -5.80741432015996 -3.2774212453642213
v -4.0512355963223925 -6.216670415836912 -3.6785060416575988
v -4.527520469289683 -6.4926415266545865 -4.077141913280391
v -4.399290227391257 -6.155331453989159 -3.650617982107759
v -4.125201681873416 -5.53097830374093 -2.8796780902375434
v -2.6231264751559946 -6.436369339970183 -3.9701720453623066
v -3.262453408764858 -6.326352669466049 -3.77439838067337
v -2.0932776048329123 -7.863784049098587 -7.423159371498019
v -2.474228499249621 -8.075983645340667 -8.271967846513181
v -2.3714127103765064 -7.8750002816837625 -7.167280535114209
v -2.2773933015935337 -7.6532022971522125 -6.408981419015639
v -1.7744714174206597 -7.228270792763251 -5.652202884843484
v -1.4806594771891075 -7.360586435739183 -6.270838763202081
v -3.750826433035848 -8.086032448772206 -7.446530917281623
v -4.412373117449517 -8.01257272601903 -7.164695234053255
v -3.2682518033861996 -7.503266342402221 -5.6606136699560246
v -3.693617558639761 -7.738548048024786 -6.22704953537037
v -3.6086722957928083 -7.454209399174675 -5.5265976871658795
v -2.8765043709217086 -7.16304796518592 -5.05555964924781
v -2.686906965624109 -7.56165456729923 -5.95347533505023
v -3.071056052552555 -7.817011605592502 -6.56961535610173
v -2.9752673923281234 -7.538190483605577 -5.796338038413639
v -3.0416902088437094 -8.09916409454179 -7.753784315925836
v -2.58230311132467 -7.871743322166035 -6.997878229383851
v -2.005673996602458 -6.444866205734163 -4.111399284121667
v -1.8705106403837983 -6.827223069920543 -4.786801493456702
v -2.2091661208104854 -7.17317881608368 -5.288571162915303
v -2.10301519014199 -6.819166495264902 -4.67212673736686
v -1.486967776172515 -6.423898567336502 -4.2937776767147335
v -1.5736517588669463 -6.0429576008815955 -3.6719861297780243
v -1.8957040398399267 -6.0359572756112545 -3.571851868769894
v -1.179127441932313 -6.09034011376833 -3.893840803332217
v -0.7352845818795662 -5.6824250041767606 -3.4769354375786974
v -1.0508064742212921 -6.446523950352168 -4.554080076600677
v -1.3513914656153798 -6.797406503387553 -5.035485001010062
v -1.2623899959653313 -6.433174344878651 -4.418988868416759
v -0.9967330293094898 -6.833271273829674 -5.402449826325264
v -0.6546036186878332 -6.466515640865725 -4.8523723856379135
v -0.32875439485147445 -6.135793820637213 -4.356145581152481
v 0.03610775457177122 -5.841920276141362 -3.919910785410816
v -0.6952357833599702 -6.06143382322691 -4.084415717054981
v -2.397116757242013 -6.799472795631095 -4.5518134837036435
v -2.7656344511182076 -6.769886295368278 -4.426816966468289
v -3.004610867259802 -6.745370981410726 -4.3598755280597885
v -6.735495726441597 -7.3774776106325035 -6.243644931034378
v -7.237601358220922 -7.3747175100086935 -6.629645578681014
v -7.203309941285659 -7.2634215720661235 -6.2252352088308935
v -6.567845505588515 -7.146176538732021 -5.5939667669096185
v -6.019113476474146 -7.284433330679578 -5.670467869266227
v -5.904096258938282 -6.975036970647784 -5.040828224802056
v -5.252652791487969 -6.846675136124683 -4.666200216418602
v -5.77175259346581 -6.648459224241712 -4.4968689585228425
v -7.11672150731043 -7.004325688558669 -5.524857067122143
v -6.993611951666669 -6.720930059599762 -4.940782664836788
v -6.011854424435542 -6.5924361542210885 -4.479518252939735
v -6.477758991288607 -6.8019584037648615 -4.923851671533683
v -6.314208366898232 -6.525733489540587 -4.458580709097878
v -5.863370613672439 -7.634386246722016 -6.458857555295229
v -6.145804218397021 -7.665123981760016 -6.731295997515398
v -5.356515216622764 -7.448311004190296 -5.78996834665847
v -5.510002165496667 -7.557585402470236 -6.095393141096428
v -5.561562406486895 -7.714123471401143 -6.531152959279261
v -5.463669894234586 -7.07851755647096 -5.096286217469875
v -7.723001454519573 -7.073118175152878 -6.093765168155531
v -8.230561384811255 -6.889509270139447 -6.160535060683518
v -7.648626853434498 -6.869799667044935 -5.486784366622462
v -8.693908831197575 -6.650811815025321 -6.4432290277148745
v -9.100328835670386 -6.283849455457132 -6.449012939768717
v -5.47752271886915 -5.943236828003595 -3.5950524380095668
v -5.627351205540906 -6.293235212639492 -4.020850753438326
v -6.164625623292674 -6.186384534470757 -3.993988216215099
v -6.097771649367534 -5.829389651408846 -3.569210707578956
v -1.1415594571701881 -4.959048096186818 -1.872892454129855
v -1.474908941563852 -5.048261215092032 -2.0652722597180913
v -1.3772727379948224 -4.966799320802479 -1.8149379229838638
v -1.6006439417828424 -5.229155003288925 -2.437784316058675
v -1.665339790239445 -5.359670345845527 -2.648684501684867
v -1.2578936108415701 -5.417099029129344 -2.8686038616377014
v -0.9355338109906771 -5.193141458009052 -2.6263660949824574
v -0.7119061737160317 -4.930991749950333 -1.986614797315613
v -0.7714129213230407 -4.973517373477642 -2.1262796028033075
v -0.46956126360795947 -5.014041946036589 -2.375429631315345
v -0.8973102004277359 -5.028479987850472 -2.257673722743707
v -3.028511938559557 -5.681057146852923 -2.9555221448106446
v -2.9054041215723294 -5.424412056752462 -2.6055363034565553
v -2.2125354235202868 -5.2502816144732405 -2.341039352692332
v -2.264606802233616 -5.331539285719524 -2.4970659668171957
v -2.7656785448745422 -5.1947401174803955 -2.2221449433295932
v -2.6627040942516853 -5.093757047879853 -1.9407149993625668
v -1.9644777010653445 -5.034020083732361 -1.7761328483717729
v -2.204954982091257 -5.113233421042763 -2.0038736657661476
v -2.2997564227526452 -5.699561712855324 -3.0503166669819137
v -2.5295371793900125 -5.4318771656161005 -2.6467647743076466
v -1.1450247448119797 -4.94311433923318 -1.3048025500481741
v -1.3972090628051874 -4.934683168387302 -1.4719321748086083
v -0.952268476417009 -5.099871651363748 -0.8929000620653705
v -0.513979861602457 -5.201018785942602 -0.7100521406333409
v -0.7942058938500565 -5.2231330470975905 -0.5670719814731107
v -0.30163437389039915 -5.059906920590395 -1.1705642280120085
v -0.4475354286371532 -5.017553503419413 -1.4010981581517685
v -0.02563296985257746 -5.030070488807318 -0.9542579597504365
v 0.13256843434639654 -4.866292237842662 -1.9793231611378694
v 0.2876285793282478 -4.804628623698192 -1.715915754894061
v -0.2901468148235953 -4.9352052960535255 -1.8143057519148764
v -0.6894436116454001 -4.9552214518955715 -1.6794374761181448
v -0.01649701067994683 -4.9073901136922835 -1.607452007294993
v 0.6768504120240837 -4.593423873803738 -1.5707320758037178
v 0.46662116731915343 -4.709319987618526 -1.493041253549696
v 0.6796089893851252 -4.520606268176086 -1.2888529282655372
v 0.21586586090886856 -4.844041940507318 -1.3942561717313156
v 0.41115996283850353 -4.7266899883370845 -1.1694302355300603
v -1.8398571754231885 -4.960710067584988 -1.364010776441826
v -0.13470016102418259 -5.191394824330852 -2.8207504170450735
v -0.16209928571295992 -5.306689855137491 -2.9992205649609156
v -0.7827832829793271 -5.390668288329202 -3.0047214156016855
v -1.094557420800384 -5.6470842960718715 -3.2757189354958762
v -1.0062610168345751 -5.390732178164691 -2.937943067525544
v -0.39756490156254803 -5.185096099519726 -2.737403477983357
v -0.073351091744078 -5.036156935152315 -2.51606545169723
v 0.3032825961965879 -4.8957751851538065 -2.301043835480549
v -0.05596422795896322 -4.933849556731763 -2.193883426505988
v 0.37119799647772134 -5.024853126209301 -2.632191885872747
v 0.021794517648663483 -5.485833239831002 -3.332046855110531
v -0.22948596484276979 -5.676073553418019 -3.5706870976228062
v -0.189678250179488 -5.45538734232108 -3.2287648915302762
v 0.3820104066036845 -5.251433747312058 -3.0341788341291394
v 0.3814551639462376 -5.559065095067618 -3.544279255722274
v 1.2220626383521422 -4.836445851223905 -2.5357792258095353
v 1.1505756458578869 -5.0422947858191804 -2.9286735764197
v 0.7983119592364508 -4.999724315977614 -2.7627740680321535
v 0.6490690904553431 -4.745302517266895 -2.1024842824325214
v 1.208492443631654 -4.683222306328725 -2.2071133618554675
v 0.8320124432366007 -4.800273941726206 -2.3953932638471973
v 0.9010737863945054 -4.684560188884938 -2.147213218204268
v 1.267387154359842 -4.358596174682363 -1.7228502657637796
v 1.0892131994473224 -4.500637079177022 -1.844540401447663
v 1.4547788689705503 -4.098571675194206 -1.5275357367201396
v -8.999955648458398 -5.07818892201376 -2.009759306067816
v -9.493485681454132 -4.816749280296776 -2.033407517152014
v -9.78859322770367 -4.3949421044277 -1.9598821182634347
v -9.42037611535158 -5.860004120563891 -5.666648368620287
v -9.399126058041293 -5.785903108283249 -4.979011854264383
v -9.77854607395832 -5.206659373459579 -4.789115383794198
v -9.76620500964087 -5.1905510682785625 -4.540734698182728
v -9.78845727611208 -5.247321883112777 -5.472172940832328
v -9.787575728410244 -5.2305740263873695 -5.206739549044976
v -9.9257687619281 -4.8930248339970515 -4.667988908300118
v -9.931952271194474 -4.94216171176137 -5.354215621107324
v -10.056311607192452 -4.621567287776759 -5.216941558007694
v -10.049226271032788 -4.593452208170431 -4.817013884648037
v -10.179622752411886 -4.2199187141019525 -5.029781169375649
v -9.101102176062012 -5.570418049392576 -3.260373205744233
v -9.608833796997894 -5.162917595280183 -3.2647530424330595
v -9.38258179082348 -5.625603343718647 -4.175674998467566
v -9.334027148985092 -5.582587508627583 -3.8191567452590305
v -9.847313063805613 -4.963579143464012 -3.999215436054522
v -10.002644622222675 -4.5714706925714506 -3.818875837707741
v -9.981215980567033 -4.581160037319711 -3.5386151520084708
v -10.089351720020183 -4.278259648087913 -3.664288292909883
v -9.129243662272406 -5.281413914274775 -2.6107154908885253
v -9.57277412736265 -4.961231489610817 -2.598045911588774
v -9.978291632061461 -4.362901773250972 -2.866608676951704
v -10.179643488479815 -3.7637880359154834 -3.276913610626875
v -10.037699762031774 -4.574052846853576 -4.52277430095562
v -10.02176912253737 -4.5652278369142705 -4.16475065069366
v -10.145210646769772 -4.203225561678321 -4.341966719758165
v -10.232728489878381 -3.7051890680893207 -3.950670487741469
v -10.257194722614425 -3.876003818591879 -4.856184646386759
v -10.245302164455502 -3.84661505433034 -4.542748441613121
v -10.210706977552348 -3.161462638763417 -2.913322485740754
v -10.307342030395002 -3.5892564312735598 -4.705046105864305
v -10.299574196525382 -2.925728708643302 -3.6299759451939875
v -10.24587183119452 -2.840679195907904 -3.1479185015073154
v -10.273742406640698 -2.568279695567488 -3.315047944658306
v -10.367227192320199 -2.9737662911352336 -4.37925447912343
v -10.371160356350574 -2.484372049384129 -4.050257550919029
v -10.34341542682722 -1.835530908218109 -3.8193809240536063
v -8.616801007288906 -4.143833535833793 0.4647226625100095
v -9.09426178806015 -4.092704394236788 0.31796470972077834
v -9.032937113326655 -3.9822419348603613 0.6024035568697477
v -9.516073810806601 -3.590702803607399 0.4489562551630748
v -9.321073577362341 -4.503510868868607 -0.9468453698011896
v -9.26584898610313 -4.403569485064841 -0.6376695002834709
v -8.886312970435023 -4.844966431857503 -1.3884877997074696
v -9.373803140152118 -4.599343075475798 -1.277984505531288
v -9.707192977306464 -3.9459246587346613 -0.752920341439371
v -9.75910752880339 -4.178901599992161 -1.3976316885777045
v -9.94329505122688 -3.8101183557200566 -1.608569222556159
v -9.969036383587092 -3.450161364759834 -1.351164617422078
v -8.359160410674656 -4.443598159892558 -0.3306181540944526
v -8.795120999626937 -4.585558217354744 -0.6970264694945958
v -8.636249066148848 -4.39527824090014 -0.18460406493668197
v -9.153695024405534 -4.200314651539115 -0.007806779345551629
v -9.56561553793844 -3.8251313361631905 -0.06783418011527703
v -9.79902906613489 -3.237981978433834 -0.27074675736408294
v -9.729382799968894 -3.012486005231351 0.19350767019792747
v -9.893242426870737 -2.780756574257194 -0.7989817185250295
v -9.764913649211216 -2.3453061038063976 -0.3926831797581375
v -8.251853863633611 -3.9480553600690436 0.9280717754136718
v -8.901747056821794 -3.746151562207896 1.1889130183611882
v -8.233155658260067 -3.6705809211220606 1.5539057340140838
v -9.327201816192071 -3.393659395521632 1.1583767266026272
v -9.57699939586438 -2.935359770450055 0.9106037301328115
v -9.539313251421634 -2.668520343264259 1.1357297998746039
v -8.7282990076208 -3.434869173334493 1.8546995172747294
v -8.59909807832558 -3.2037619088894673 2.2699700434352517
v -7.916668880690834 -3.152242743876548 2.5518911120227585
v -8.42565829865156 -2.893865233742952 2.759760135568397
v -8.182991887047502 -3.3726857545829327 2.1393798787344833
v -9.109051008869443 -3.0022913538529776 1.9574069521769752
v -9.089999519120626 -2.731947773803878 2.1743901265937726
v -8.92857046156825 -2.32309172637025 2.581552589639578
v -9.300963139706457 -2.150929915940588 1.7869824527451548
v -9.070972512686247 -1.8343623885482214 2.2313755355039837
v -9.641017859494864 -2.397014903681166 0.461646926737804
v -9.470578820495652 -1.9948841975076075 0.8683917596897467
v -9.59805686753958 -1.94018102255341 0.013989541267541775
v -9.396640824488243 -1.6214832102316197 0.42114447104059183
v -9.262287743397474 -1.6389377257726874 1.2757967798405518
v -9.012672071697693 -1.401914292345837 1.6841989051187527
v -9.16576967288924 -1.3758912835512005 0.8288113397617043
v -8.86211682482931 -1.171237290114693 1.237286941626088
v -10.09612737482846 -3.685004218419616 -2.423126425792291
v -10.02381625806202 -3.551220324975526 -1.790403639427648
v -10.095906347135129 -3.2041991391050586 -2.058865246377568
v -10.026380041587354 -2.7235286120971645 -1.6534883277329226
v -10.158147792890938 -2.6998727716476227 -2.514094769158812
v -10.04120952359001 -2.4872113970989935 -1.8598887712688887
v -10.054039780284437 -2.2078143589640167 -2.102242786553546
v -9.871459887261949 -2.1803401371167386 -1.150693472189526
v -9.749360569968584 -1.9584048440643202 -0.7544052181999336
v -9.912350105439499 -1.77292145316471 -1.6959435694702365
v -9.736105808015244 -1.4932818523482356 -1.2890836554390896
v -10.200880138171403 -2.1175910072081914 -2.946049957026684
v -10.08686656906437 -1.6134543856404993 -2.6447548374843395
v -10.234942033505932 -1.5932084134882278 -3.309207689781132
v -10.080135244136878 -1.2865415816898116 -2.980315761408873
v -9.89402446050746 -1.3612600950919362 -2.2349587203316177
v -9.60247315262258 -1.2297616866415468 -1.7606334290313825
v -9.446784404654164 -1.0164816065818487 -2.1861177621061465
v -9.557542091449571 -1.619748999181729 -0.3621121555930853
v -9.344134987547493 -1.4051230954042673 0.09407903999948744
v -9.452630521443592 -1.2971182244002981 -0.8819256682077832
v -9.107163668205093 -1.138742653685455 -0.47438497321433576
v -8.501237610340564 -0.9141192997973149 0.5823940997782355
v -8.962280094492199 -1.1674477465414157 0.39291701737711654
v -8.748761405309146 -0.979708327325499 -0.06594195787425082
v -8.37930053651974 -0.8124212657727554 0.3427056054989707
v -8.8475743878075 -0.8487294964998833 -1.0972683893655708
v -8.732595678300966 -0.7204534007615064 -1.3703292160762868
v -7.929753687057801 -0.4193236515828469 -0.6435082116007685
v -8.218974045981707 -0.5433315865309917 -0.8168423554240402
v -9.37620138698652 -5.936633157226215 -6.41835567129692
v -9.418096591042959 -5.830327464379734 -7.042609124117042
v -9.729324251981664 -5.3016494811653745 -6.848015884397789
v -9.773172489316622 -5.272578031980196 -6.054834654402511
v -10.012970299602813 -4.689485774227211 -6.570058222088266
v -10.04306169532063 -4.658560801060914 -5.8869436772361645
v -10.051397725695743 -4.637394013486765 -5.533949428192479
v -10.161462280605253 -4.326920757791044 -5.738781252719141
v -10.270796233007067 -3.9576233974044843 -5.566056147246799
v -10.266882744428699 -3.9175697751362217 -5.226407455708899
v -10.316981749409287 -3.7930253324892873 -6.148655147374652
v -9.6868486005945 -5.292241550699418 -7.564363161802008
v -10.265547347861888 -3.964727015532369 -6.93056067192796
v -9.972425484643617 -4.7114772896890456 -7.294902378847325
v -10.337178399376622 -3.6549884360356484 -5.414432976099984
v -10.445166928059574 -3.1546140890690024 -5.811689866576524
v -10.435888554119014 -3.3366339815104396 -6.593818542974143
v -10.589464969048231 -2.6838679352043795 -6.978041813096655
v -10.631716961545015 -2.2283586152547343 -6.635563944477637
v -10.414844616405468 -3.1030529733278245 -5.120943401465528
v -10.453750091475646 -2.4840094967838873 -4.760030470883271
v -10.510240539185316 -2.5573634531102383 -5.46546549071764
v -10.52514620892935 -2.2616827729834545 -5.293132863663965
v -10.513641439416812 -2.087281976275417 -5.058523783567298
v -10.442018346150954 -2.0259691012641 -4.433270408220592
v -10.37800121993869 -1.4505953850383904 -4.088552996408667
v -10.491402676932928 -1.4626258559137837 -4.80986545206545
v -10.350460662465425 -1.091204023103894 -4.523813803988578
v -10.564103552313739 -2.4504725544319843 -6.0686799134028435
v -10.545266955985502 -2.3486839367433814 -5.6404230773609045
v -10.583702613102375 -2.102539054725291 -5.864196419946197
v -10.586394187270239 -1.4176434258284636 -5.695710774237253
v -10.641493802264874 -1.6041415734933708 -6.29428899787122
v -10.606760059647023 -1.2295024542945667 -5.960061860011191
v -10.546949817328628 -1.3180387918865468 -5.361101576351963
v -10.509036931532613 -1.2329170179089073 -5.090178378129297
v -10.246367383499031 -0.9086182096861564 -4.842766568247412
v -10.377821906026776 -0.9690667909151016 -5.5890190932201405
v -10.079055657793058 -0.660702284157518 -5.349485760126909
v -10.156012320420977 -4.080062650350239 -8.565373902842182
v -10.190315264051916 -4.110970073321825 -7.794294362970728
v -10.430221105542392 -3.428493265622483 -7.410948256846263
v -10.362543323815647 -3.4021642382648873 -9.045831045244999
v -10.396777643293557 -3.4470923407532115 -8.430931911900172
v -10.495018162395828 -3.046369560514392 -8.81416573236288
v -10.586735004557408 -2.7516288198791212 -8.599622882102667
v -10.584255991643795 -2.845841843766116 -7.95395134044591
v -10.660301943505102 -2.4380088499214034 -8.366724629535915
v -10.66609215842225 -2.3432857782314302 -7.4665672705589134
v -10.692709463712532 -1.8148190833672309 -7.090980990957175
v -10.718356670046543 -1.9431588582962889 -7.944961352554462
v -10.73083342530641 -1.3894831531445844 -7.568570179820594
v -10.576904368867021 -2.6082062593152298 -9.244123563057768
v -10.654480124399972 -1.8194672076644636 -9.721151011547835
v -10.708014460321685 -1.9497095301393894 -8.881290474544558
v -10.706326124696265 -1.4866975456852334 -9.404037980589411
v -10.747841701766244 -1.4530101496214904 -8.45268718146589
v -10.727392107331937 -1.0807846504956513 -8.047937908948102
v -10.680109651017279 -1.3186731665446942 -6.741107607571875
v -10.474426437794845 -0.9703573043750827 -6.507101564975213
v -10.613568509217973 -1.0576168339471168 -7.177535664951901
v -10.322803106146523 -0.8555524958631225 -6.0175847149227355
v -10.598688335281887 -0.8144959636147694 -8.513426690585282
v -10.407152446138344 -0.8394497101317666 -6.7849880834262875
v -9.886004059187815 -0.3621993198621212 -6.039810089386276
v -10.522278326802507 -0.8510670675292048 -7.62373485692656
v -10.297860625095339 -0.629039015086448 -7.222715944784607
v -10.394165271428966 -0.620136153135963 -8.079246156759806
v -10.191754657218404 -0.4459306700295088 -7.672372501240202
v -10.159263022620014 -0.5897512936312728 -6.40703014420563
v -9.949072294380613 -0.333455075845172 -6.703319380897802
v -9.797426073596569 -0.2494333801535186 -6.355736444216991
v -9.908847934126113 -0.23838730953157036 -7.276293367763611
v -9.632897384770034 -0.04541304713610998 -6.901310523594059
v -9.811221268250657 -0.6930026849532006 -3.7441943078899476
v -9.132513356607895 -0.3707980443122796 -3.008969426171721
v -9.873941926243813 -0.5084393980796127 -4.919401814956742
v -9.519580759717968 -0.2739552215183245 -4.515804376862569
v -8.379061139598475 -0.20263228010377016 -2.251117627120694
v -7.571065589934957 -0.04067875983457495 -1.463631396731876
v -8.062810945807014 0.3362524489442021 -3.085269286951175
v -8.688950789041712 0.09683574989497512 -3.6695017485495116
v -7.22883 0.7103689999999988 -2.3627699999999976
v -7.964447008517985 0.5233462642646409 -3.385193244986893
v -6.990130000000001 1.4905100000000002 -3.338350000000001
v -7.190600000000001 1.3309099999999976 -3.4973799999999993
v -6.92629 1.7006099999999988 -3.687500000000001
v -9.221907983668089 0.09726939840891793 -5.490239678822855
v -8.569351921678722 0.44042275414300125 -4.639556555681649
v -9.588624480797217 -0.16488448342295742 -5.67784324856999
v -9.53001468709899 -0.0911766415652853 -5.882077457181001
v -9.463870324092179 -0.012136380944702443 -6.101627417907936
v -9.143325997530361 0.19795049685386487 -5.753539918030224
v -9.335294686162507 0.16202449731858312 -6.54431505040819
v -9.015561369499828 0.38448674371707287 -6.203371233549046
v -8.92908283828918 0.23434907555768178 -4.979177230747426
v -8.870363242706924 0.3231572729803572 -5.187790014011726
v -8.802758288431754 0.4191709925174157 -5.416491153302285
v -8.46177 0.6388849999999983 -5.044270000000001
v -8.67262 0.6227210000000003 -5.876490000000002
v -8.3231 0.8961259999999998 -5.568370000000002
v -7.796760000000001 0.9007109999999984 -3.97828
v -7.57565 1.4379900000000003 -4.98942
v -6.78345 1.7693399999999992 -4.384830000000003
v 11.940646146924317 -5.021216310139214 3.9159217641744175
v 11.46112247520703 -4.932482397000329 3.7490037104254283
v 11.48973064807397 -4.833253903719091 4.071231235840429
v 13.090269032921498 -5.236684696724487 4.18122488913647
v 12.56122077558667 -5.047592243829274 4.444544357973897
v 13.451735702558118 -5.064298797305748 4.694836614084565
v 13.206211161270803 -4.996824683484029 4.844729264340931
v 11.60108064036512 -4.608942730646141 4.778776094460263
v 12.486378133127529 -4.676817066595714 5.167149053717775
v 12.125321366716745 -4.679092479558775 4.9871723242025165
v 12.199574716303633 -4.5266528236684405 5.272661780789491
v 11.711178216808772 -4.2840999358344565 5.459938260161457
v 12.062054940315358 -4.823411105126783 4.635925733438521
v 13.99301834469989 -6.027430390350478 1.2399627812513594
v 13.468454352124864 -5.993060021751659 0.9786453216865181
v 13.506447144705811 -5.884075792474576 1.4127786053731026
v 11.982075551421486 -5.430180107115232 2.1545700646689006
v 11.352741107361958 -5.4829219682930495 1.8590057765159802
v 11.39523574199929 -5.2692560655913185 2.4396636779889818
v 12.311784487085092 -6.023353199325215 0.3930092477302043
v 11.183212266238543 -6.1460025648899546 -0.17684086617641517
v 11.273889013836149 -5.81720205854426 0.884480903133678
v 12.980334303159907 -5.717982310815991 1.6814995126363708
v 12.411399314651561 -5.702103805514326 1.4184196491797632
v 12.448446327717269 -5.569965729876525 1.9223669038468612
v 13.007667166065557 -5.947239461889061 0.7967477598872885
v 13.623167416795441 -5.509530416826561 2.9610507793693412
v 13.679895400467311 -5.3496857294801785 3.7774161540104743
v 14.00028843768817 -5.08074918138073 4.218436677490874
v 14.394576509899798 -4.963624254151799 3.739974005427275
v 14.817892875815948 -5.6906714620744046 2.1507369117585164
v 14.669607491790005 -5.968851654619327 1.6695961314710146
v 13.748409102908044 -5.740263614094884 2.093062149019493
v 14.206153110906547 -5.619960976952225 2.594058287083863
v 14.108373903424383 -5.8377067512010505 1.9094069702231171
v 15.047172926417225 -5.244406946424457 2.376896002954008
v 14.66059612261791 -5.326565569645641 2.8864381216441277
v 14.16877614511196 -5.364988348646598 3.359410569253192
v 14.692264831640024 -4.762174963673289 3.2620337795722527
v 14.86987536955681 -4.478717271917188 2.7704698152505305
v 12.858187410502488 -5.336932543422437 3.43716366195117
v 12.499909556293929 -5.306162757719884 3.275140280575436
v 12.513362737283398 -5.236590513797225 3.6242669208562344
v 12.84319757203105 -5.492333324114421 2.5614054748479016
v 12.474123535267784 -5.466947486337685 2.3857297510649143
v 12.489721387032281 -5.393420551628653 2.748366602638053
v 11.941595389131466 -5.226783069131214 3.027678332811796
v 11.415506979224713 -5.155162027564887 2.816094337846632
v 11.437216088199026 -5.050394628078967 3.2682933535287044
v 3.6694842118076587 -1.3672637341197496 4.120352396103989
v 3.164204139433818 -1.3656982448818091 4.243916277910616
v 3.802648630745589 -1.075288983950525 4.676669892133264
v 3.318323857039309 -1.0957549759059764 4.769812242100425
v 4.294457468739089 -1.0120664047298218 4.573512203869685
v 4.467148252744793 -0.8028174273840119 5.046945211468328
v 5.103580679279008 -0.7106232705756501 5.313337229855602
v 4.643410286362961 -0.6571078105662357 5.52852122517686
v 3.972378556633095 -0.8406142985496894 5.163878387459375
v 3.4830537931682035 -0.8686659666185583 5.2685263577386525
v 4.142866960749015 -0.6752300846100557 5.654637281619998
v 4.83161280976533 -0.5223266330885755 5.983697014420227
v 5.392732080979391 -0.5258337779764928 5.86506898207119
v 5.31931766119474 -0.28019329337686755 6.206154843213804
v 5.0581779236854665 -0.30404029959486556 6.324372051766753
v 3.681757115929173 -0.675672485225875 5.884868441565898
v 3.809852202838066 -0.5757929542046885 6.274983644301644
v 4.351143625120773 -0.40151381443472683 6.6256026511982276
v 3.9992756426603853 -0.3977973927174194 6.704004431153573
v 4.093225668626699 -0.5721407733177761 6.21519629053443
v 6.939987803852082 -4.772478652595142 -1.4650761501040113
v 6.680913331463488 -4.761289217847882 -1.564588588279559
v 10.050385823467177 -6.164098549878269 -0.8547151694026107
v 10.079531345049833 -6.123754199945867 -0.4213827099065587
v 9.639535381707807 -6.050456746620946 -0.0025064802045980713
v 9.050464305564228 -6.116137481975277 -0.16695851274044438
v 9.188686383179594 -5.998002319004777 0.442917445899009
v 9.703730060174015 -6.167596523886316 -0.8815580282367939
v 9.272322964001408 -6.14900485218139 -0.7157447084960119
v 8.926620622899653 -6.103232949128263 -1.0425500546301028
v 8.9708227607386 -6.153973036094994 -0.6273776568071238
v 8.123855245781805 -6.003032087551903 0.48042917468871704
v 7.632382472559521 -5.894282163632256 0.536718619082176
v 7.007347110337224 -5.9662612576481955 -0.06867241364231677
v 7.164138297976382 -5.783036866833268 0.5906081759923674
v 8.506257966544162 -5.822429167723054 -1.1431275316078058
v 8.033384612346255 -5.508695490927945 -1.2136824834168916
v 8.157218341788791 -6.011712280117628 -0.8788830819817122
v 7.200545065885183 -5.952323097527904 -0.6835121389304238
v 6.824932536378457 -5.788353064328053 -0.7389022547526296
v 7.48128525288281 -5.1841052995590635 -1.2936322314400388
v 7.006052949166557 -5.390915796760273 -1.0743668968973652
v 8.609799479884844 -6.136419121462399 -0.5481693465658767
v 8.032870239283644 -6.091152683373408 -0.16929675186393559
v 7.6279504630287835 -5.834812392336899 -0.8693228802797408
v 7.503517138746519 -6.054397838998985 -0.26335048455805654
v 3.242594724023748 -3.511692062679888 2.003059028097308
v 2.740362173242725 -3.4629366272123456 2.00323954172515
v 4.614562057602512 -4.467046857201169 1.221083750708871
v 3.929938847333193 -4.870645429222073 0.8920729659091386
v 4.123723078567881 -3.943064751519199 1.6474877001256727
v 3.483113275236166 -4.350922919917144 1.364760484689082
v 3.2323382348815803 -5.133972857611672 0.6935822300984724
v 2.6305708023486187 -5.32551343088773 0.4902821224722221
v 5.3308501473078005 -4.879444983335872 -1.92135791564303
v 5.965793185489243 -4.789450386801973 -1.7987710807525819
v 5.371207147372479 -4.812157176759939 -1.6186880705758067
v 4.146783103872277 -4.864329605317688 -1.622943201738244
v 5.091133898986677 -4.78917443047459 -1.5545807885449983
v 4.673050650638646 -4.906722474491131 -1.7148123685455496
v 4.844299370342292 -4.755207479505627 -1.5052041991238432
v 4.342636213245133 -4.643540580108026 -1.4251375681985219
v 5.990633020573346 -4.997737035732686 -1.2278398399607378
v 5.530975154186201 -4.758103972982521 -1.3729609195685537
v 5.523385961100704 -4.931279648707944 -1.1847620075742284
v 6.05580829560181 -4.710826594967267 -1.5033797193548795
v 6.522355107458078 -4.983228921551042 -1.3159856984940044
v 5.035948311923461 -4.643272617606016 -1.2909940293406383
v 4.687979422096552 -4.806088792703115 -1.1650370227180604
v 5.222260580132196 -5.005347133359025 -1.0624052664788495
v 4.919066681976044 -5.071288356657758 -0.9486991352277181
v 3.2712831681240235 -4.622702065990512 -1.514994005732618
v 2.9890740388885195 -4.752923013287653 -1.6696000089218288
v 3.371164408451031 -4.309712689134445 -1.3358130576820229
v 2.6827193254318105 -4.316008450209713 -1.476462450637343
v 2.189673013411226 -3.968037236581187 -1.4246857861509927
v 2.904758211562243 -4.095547244774135 -1.3000620772361475
v 2.3525423908355654 -4.245748376309236 -1.2191034440700603
v 3.3694867060464495 -4.458094692354537 -1.1542681215720798
v 3.0236712792860305 -4.465106730471829 -1.1103492383791793
v 2.640820836413824 -4.551018255350375 -1.0338576602159308
v 3.20496510479752 -4.842228835444225 -0.902967556908689
v 2.54895168728547 -5.091801218489943 -0.7104139144907867
v 3.643995971768358 -4.750682345009049 -1.5519008260713036
v 3.856735680814043 -4.482122566179211 -1.3689005070038613
v 4.167565020800419 -4.667700898991012 -1.2038135249490718
v 3.739483911006165 -4.512750996290895 -1.2199290772964655
v 4.4810021216833 -4.932290168310324 -0.9769972186307677
v 3.911869657986 -4.751747843897383 -0.99845295516071
v 6.396987212532586 -5.829721743937483 0.05221492052425998
v 6.018852274666653 -5.745207300394493 0.09823239465042802
v 6.129890957951622 -5.42701699721943 0.6606744400254451
v 5.563418970327655 -5.308009365023512 0.6273994260509143
v 5.187017598298066 -5.409419945795815 0.3759270164690016
v 5.143730312874686 -4.946600727417286 0.8873303032572849
v 5.558043312602754 -5.663980097716613 0.05913961014457483
v 5.0927949513224435 -5.683909518481773 -0.3415804318495216
v 5.0049663316951545 -5.577756093277291 -0.0027579343238622427
v 6.442963458540978 -5.377080617025985 -0.9996139596465335
v 5.843665287595885 -5.327077586183744 -0.918156516553769
v 6.41971332908637 -5.842709290558503 -0.590417995355355
v 5.8790007471083445 -5.8308842249682185 -0.4364447991789833
v 5.359009606566677 -5.373213874242067 -0.768916350433923
v 4.880223514425937 -5.33148242010243 -0.6772523230363283
v 5.3730089575354025 -5.671394956116196 -0.46557556296428343
v 4.5571313599182295 -5.463933849735176 -0.3750614357854305
v 3.8399651066388176 -5.59427783808506 -0.20952692214549445
v 2.510496947779367 -5.584709938164108 0.0536769845105807
v 3.843886393435037 -5.213992717788293 -0.6465984418527486
v 3.171459300906923 -5.411366013387392 -0.5033784046378913
v 2.5475386617544373 -5.621078454146546 -0.35088453372949846
v 3.7349953929956463 -5.35646337100524 0.3376151818792861
v 4.557949230873717 -5.244950106475885 0.3575380145564405
v 3.097377019861607 -5.5621900400146815 0.045209622335840915
v 4.3558367286633315 -5.103072073368946 -0.7507031211739256
v 9.843186934670118 -4.922963543303331 2.9522123122905533
v 9.170037155478207 -5.014685702207973 2.622690221924506
v 9.515377097708884 -4.599657618824824 3.4300496006131485
v 7.090357562871436 -4.348276790665558 2.2925392997828746
v 8.37525419572964 -4.69076967803734 2.730256313980303
v 11.236834258496108 -4.082030445881445 5.633548648923109
v 10.720873817910487 -3.7950577555136547 5.91730937104364
v 10.190681273137894 -3.471719427551763 6.188110449209216
v 9.712226534231938 -3.3262185606462293 6.045039763022278
v 10.620207529264444 -4.061228558640307 5.279089810070888
v 10.110094638447215 -3.880923675866026 5.276688875485595
v 9.647753628580267 -3.5417724265977943 5.578912861824077
v 10.506872306531804 -4.381315794518378 4.463358703370373
v 10.926568681867991 -4.849747749721967 3.514637742096644
v 10.393364173797979 -4.773142775539888 3.3046644420185878
v 10.429954127291056 -4.6431071544981695 3.700491631464102
v 9.566513399789846 -4.255709623293358 3.991043199381628
v 9.940723162313345 -4.41904984730035 3.894786473407005
v 10.027501672863494 -4.141098091089599 4.649633580246858
v 10.991298047294006 -4.610580147337308 4.2702014936448025
v 11.085995228586299 -4.3406912512782005 4.994339179556561
v 9.466962879740887 -3.8246284100666736 4.897036932400245
v 9.065940877497503 -3.631133466167181 4.970986036140844
v 8.50173800710909 -3.3659368355877146 4.494547006009613
v 8.589153408446014 -3.1610345023755495 5.053188094526911
v 7.780253192055702 -3.1646451039709067 3.970113503241151
v 8.861242490314076 -3.059241258803313 5.762377139166985
v 9.19765428332093 -3.2038535157218284 5.88141660244197
v 9.2831539686044 -2.9024348403265323 6.45321153869758
v 8.82288201213285 -2.708440834047697 6.493568518646432
v 8.193626291668618 -2.5491196217671317 5.503422229649755
v 7.680423930499118 -2.131731652241315 5.29999007611362
v 7.768750394328052 -2.0228713751023806 5.743326407038967
v 8.121111121880618 -2.6745172161265036 5.097327043138426
v 9.010311740012495 -4.387632508624781 3.494894454707634
v 8.967678281224233 -3.9116959253770807 4.220069262513208
v 8.366045080994514 -3.8596736169865578 3.727043781117556
v 10.541588527193465 -5.540201222863635 1.5980106673218069
v 9.52645850532765 -5.851654582736258 0.832360383145452
v 9.127312121708623 -5.81412363549784 1.0796665356341204
v 9.981442208597535 -5.800721959654113 0.8258385607692019
v 9.70201553741472 -5.4799294610298555 1.7932292571672186
v 9.063749065470818 -5.53208435733393 1.7352334571339039
v 10.300380824428593 -5.176026467081985 2.47575834109611
v 10.293634786080998 -6.023076631621857 0.06749618318838428
v 10.157198163827614 -5.774105242739903 0.6155435187849652
v 8.617226324341758 -5.408506449263755 1.8760352561233575
v 8.226993935395624 -5.785698949751945 1.0862430804191603
v 8.141424982763574 -5.33591351572591 1.8131638908518053
v 8.625863367352252 -6.018183202621666 0.43691982621703707
v 8.722112086280877 -5.76868618469619 1.2323304671245296
v 7.777166846650515 -5.54359609104712 1.3273113547752167
v 7.186563410217909 -5.341560099069188 1.2680708965897518
v 7.689538419603596 -4.896473817267888 2.101371748228943
v 10.987673905010155 -5.145454256077205 2.630995085619713
v 5.114120969984785 -1.917138303890968 2.834146343544563
v 7.013731974158054 -2.5748084250272902 3.836071725176497
v 6.371547476062593 -1.6656583405640757 3.9652702343318538
v 5.574141522939556 -0.9219850867600605 4.1520581926087985
v 5.253047001210611 -0.9626414131831408 3.9354568386709365
v 5.320950623463737 -0.8336415090859938 4.223508005391048
v 6.2159207777076615 -2.3497013479071884 3.3250907829944243
v 5.6947290019020205 -1.9114271849475368 3.1266314868647935
v 5.736057824041063 -1.6606231063414232 3.464449741560746
v 5.198909767466635 -1.2506047777856004 3.6346452979443598
v 5.845372167700968 -1.1522240714904934 4.081610841452114
v 6.247818501324861 -3.367553707972701 2.5953031932924575
v 6.675470904325303 -4.509151949236652 1.874731640369368
v 6.679489362583281 -3.887729029069482 2.446562157409562
v 5.1475014284611635 -2.9917010842955856 2.372296254310952
v 5.579062377583534 -2.8162835962493213 2.599047298471574
v 5.760943501301557 -2.437539431640539 2.9187090941450107
v 6.191291299217763 -4.5667109204114835 1.5768371209388097
v 5.674520716887922 -4.742167600850666 1.228983031662928
v 5.671887619369178 -3.714148374264618 2.0519768031028662
v 5.167614925728272 -4.053603187923142 1.6574005382982773
v 6.813480822634015 -3.6199885267577168 2.7828583338038633
v 7.480958136623836 -3.734590761334542 3.156523051217285
v 6.729184964957139 -3.0624924071717183 3.188702151888452
v 4.223889533686434 -1.9631345948253924 3.239736766390398
v 4.658975143003872 -2.430872718123274 2.7329671800367965
v 4.175226257489258 -2.919316933763457 2.484803980887982
v 4.572347030239057 -1.6611602496617042 3.1784139715271307
v 3.5904493150541836 -2.525239336553504 2.8931580806921438
v 2.880010695156852 -2.5771513862150224 2.7940765582127955
v 3.753001858180198 -1.7571658048812897 3.614908510203707
v 3.1153146757581682 -1.7828241754820173 3.6524884341131423
v 3.732853633838654 -3.485727648584942 2.044254262324351
v 4.93741206107067 -1.1836441868582643 3.729110258414957
v 4.614116527784086 -1.4164895001731501 3.5237229481669705
v 4.668839702839902 -1.201511581554548 3.83029308612831
v 4.1482927029283285 -1.289104491174536 4.0165456255561205
v 4.808560242764554 -0.9282960993448588 4.395495610499765
v 4.659129499599603 -3.434506488209591 2.056254250143337
v 7.253983318550851 -1.8154623110849202 5.113930732561026
v 6.54728906939443 -1.360925942522466 4.764093103522702
v 6.647828982994714 -1.2938207033001488 5.146864393662763
v 7.520550915516086 -2.412537295810476 4.473063806502012
v 7.014142721172779 -1.9028542074760912 4.513930291199719
v 6.271748958803836 -1.2151182496834776 4.6077047707624095
v 5.916270668107654 -1.0579903070353482 4.384944828833243
v 5.9890340812450855 -1.0348793115304904 4.661462095289147
v 5.477531563747934 -0.8327658503204604 4.7807370200752874
v 6.151256104022597 -0.9941100454345757 5.205790550822216
v 5.648024465923107 -0.7910033720996547 5.297751473836662
v 7.2817328636142165 -1.5926879866808532 5.713029183915018
v 6.8030688586584445 -1.2298897714263126 5.7100515435910575
v 6.331093925831127 -0.9192177727016362 5.704834352056863
v 5.849828907766463 -0.6727315569163704 5.7305577486721475
v 6.530070793642992 -0.7970563144840614 6.146954762907259
v 6.096425059390768 -0.45574983720107365 6.040678904070715
v 4.7464294012213415 -0.7900536093046198 4.979615398845972
v 5.607207772431489 -0.28884957098948383 6.097287869700976
v 6.77207330767142 -5.666496562514652 0.6077732178098509
v 6.6123267254855564 -5.202199322013715 1.160944315035041
v 13.557631556422717 -4.5504876389959055 5.064911599995707
v 12.813985694160758 -4.347564517966117 5.538235472010529
v 13.25628233908476 -3.863126102315948 5.319219758101792
v 12.401321130786869 -4.171169925712322 5.746370489478991
v 11.880717828819684 -3.956071181236462 6.0263675790955915
v 12.6552749571768 -3.7634964663978483 5.806945059089672
v 12.5222503802671 -3.4745712769447836 5.911184677492018
v 12.2090484813372 -3.4259654551964047 6.17492308845598
v 12.900381357912327 -3.4491415941667083 5.520171279481573
v 12.355387412331766 -3.2052145075286944 5.985494651499389
v 12.558565571450481 -2.9015909902144426 5.532769281290955
v 13.977409109463515 -4.469096408544942 4.587169608414522
v 14.282603675654709 -4.362103476490367 4.055922703168107
v 14.455172720731692 -4.120038862111541 3.5384119826924656
v 14.597721894040953 -3.9299139382665857 2.9715288855600592
v 13.795385746393032 -4.0668984704879145 4.735946967229925
v 13.463784568263462 -3.5572896440978865 4.870749773859139
v 13.973711957892393 -3.812475856348685 4.23476666194797
v 13.620092712025654 -3.3371654297490574 4.341270397469758
v 13.198643722226588 -3.2102128718699094 4.939601030019612
v 13.245217239247806 -2.952427186071436 4.417346073214003
v 13.171780524533927 -2.997561245772729 4.717947064399331
v 13.042252152929574 -2.783785740382376 4.454995079649682
v 12.723142857703053 -2.6732095597125105 5.022842956364442
v 14.276306772716366 -3.8283965309975496 3.625950899047675
v 13.762232180294736 -3.229579557583862 3.7846385634387936
v 14.139403859186226 -3.40692194556516 3.1515109191765798
v 13.893276196854027 -3.2000766459250825 3.2189958160113608
v 13.38247011907551 -2.9234012465219945 3.863969931498533
v 12.995951512719591 -2.6167496566420887 3.931473467997779
v 12.910478685983497 -2.629773326064212 4.28263303928801
v 13.51668071559166 -2.894624446285232 3.306635194653741
v 13.133699990924558 -2.587976969143661 3.3828271072053986
v 9.454166802865434 -2.6880939449788435 7.070108828435009
v 8.936275811467777 -2.432538416108297 7.132962472458847
v 9.110346982401765 -2.0790986348584024 7.612735485476805
v 8.398173075340413 -2.3012462428331952 6.737293926142651
v 8.477037800168844 -2.1968160932437706 7.108543710942686
v 7.923156020204029 -1.9153874780105502 6.623669400242842
v 8.017110849377737 -1.862327659209178 7.029859631004027
v 8.642664278765766 -1.8355614860868572 7.582617734319602
v 8.190075884019574 -1.5585664775977897 7.487085034915399
v 9.723333867061697 -2.087626467098176 7.616966808153952
v 9.316887728154722 -1.6685065711531313 7.69803175864009
v 8.87085254813784 -1.3746894538110435 7.6610835288654755
v 8.392232657019715 -1.145132812181193 7.56300424244197
v 7.448192538369394 -1.5556829558591743 6.5282531280600455
v 7.555202147982291 -1.4884166743937346 6.9125582988436305
v 7.012716938071929 -1.1754161651140524 6.513933224950031
v 7.093329941913909 -1.0646315338738725 6.761442075301593
v 7.250996782631364 -0.9751475080723628 6.993300896687209
v 7.880601899130814 -0.9931072668914815 7.394800982701609
v 5.22455836279659 -0.10802682555787317 6.4294124068172165
v 5.107035407003931 0.03347816042635164 6.58869444019515
v 4.77737489105331 -0.05248071356509466 6.787585515616689
v 4.250688049957258 0.044596641228400895 6.944637227233508
v 4.938433701030817 0.2139369951077003 6.737771586810663
v 4.535717554716649 0.6120307613544871 6.819902801354975
v 10.812614566232533 -3.575970598219518 6.435957679915493
v 11.15281106383746 -3.1020469097849315 6.918474461789364
v 11.364090974071384 -3.7373640760743005 6.30734923081445
v 11.92191390070421 -3.367138781338283 6.4004651527238
v 10.365787926114727 -3.223113469172845 6.796710533979464
v 9.881457959154297 -2.933105339877626 6.978849087563512
v 10.589362324078722 -2.857522418561875 7.198844062728597
v 9.994441706641107 -2.5466805653885287 7.441015530443393
v 11.638564082703851 -3.292588666664335 6.603680169204663
v 11.434533068881144 -2.5781286012361764 6.619541681421661
v 10.816709068243775 -2.489812622946158 7.117846269240374
v 10.429095013069933 -2.033797462031541 7.2226348378630805
v 11.05327556775632 -2.124333273651989 6.709272838388194
v 10.640282192274963 -1.7091704031567925 6.7699694444368745
v 12.003394818774883 -2.7239761029808354 6.088366276385099
v 11.631927250008323 -2.271814445060654 6.165816777575326
v 12.180956121340419 -2.4619619714161 5.601855277172462
v 11.79033482320878 -2.0651856163395186 5.6562978359085045
v 11.23596676130344 -1.8522736602378593 6.214024723596272
v 10.817034091120409 -1.448374233168078 6.257717257670122
v 11.385607721910297 -1.734089844325604 5.694806375046567
v 10.96731202043156 -1.4064901182027942 5.728107053085552
v 10.008373959889317 -1.6208239640654367 7.289874675437094
v 9.562568352120303 -1.22277892735509 7.339211123582551
v 10.207707317010287 -1.319709159471446 6.810348858300288
v 9.758367526863308 -0.951662095820243 6.82737397860814
v 9.099315305268545 -0.9586062104693969 7.300868010813626
v 8.660053458691493 -0.7137780211284595 7.201724018114572
v 9.291153525017942 -0.6389418112556172 6.785034110283874
v 8.821977335866126 -0.4092442381267135 6.686765584642317
v 10.381218853745626 -1.0925009085065787 6.282615753063607
v 9.92674552450261 -0.7729683970952521 6.270065523253563
v 10.53299761962654 -1.0877246908909535 5.742946570374535
v 10.084080675653869 -0.7775721060126712 5.730019718080524
v 9.463296679945497 -0.45394520742760447 6.237395530847047
v 8.994666255682947 -0.21427813975768767 6.153629184278388
v 9.625223828124337 -0.45833816341250644 5.696395059456187
v 9.159583714736147 -0.1562841179497375 5.650797688920074
v 12.33153530507443 -2.3527121194871548 5.086570151420935
v 11.932087315213312 -2.0319603386064435 5.1358399777986214
v 12.464309861466603 -2.329239028723813 4.5483235131318125
v 12.065449800305453 -2.0138270806231477 4.600747772523499
v 11.524660326415225 -1.7119385406254082 5.1715834977367665
v 11.107289585534835 -1.397094835900721 5.194670515383883
v 11.660416283247454 -1.695398445045316 4.641581009166298
v 11.24447357939529 -1.3832107721485618 4.663440661370955
v 12.685057739546705 -2.365689576655428 3.9884634694277405
v 12.750990758794568 -2.2732504120150105 3.4551160521758977
v 12.405049157074536 -1.9849967946471425 3.516901820944836
v 12.21395386583858 -1.9855782791182344 4.062233309401632
v 11.814809477315531 -1.6612374083471835 4.1141013974286835
v 11.400591580728019 -1.3332289683370222 4.138026361293701
v 11.968816612093491 -1.6129234736933216 3.574777428018137
v 11.559690112730047 -1.2794760184530358 3.607408643554436
v 10.681790472166364 -1.0836557329196856 5.210353336698269
v 10.240927941023507 -0.7636864484131949 5.200018841261705
v 10.828049076044206 -1.0564948878371883 4.68036783096963
v 10.398721076114969 -0.7311951393675046 4.6790563383389845
v 9.508217851312361 -0.055297934536718676 4.659620059161406
v 10.718878930309284 -0.6127472208983987 3.6382135772476283
v 9.863664033712647 0.1102981839153515 3.662035069152323
v 6.738195611984523 -0.642275145018618 6.540986594506285
v 6.357430489095983 -0.20629278349553326 6.294591942716501
v 7.013885208112222 -0.35495808560829173 6.752967142802244
v 6.489944455631973 -0.06868125605529625 6.369101788990313
v 6.686818269980245 0.1554407641914164 6.368781332055871
v 8.154570218845917 -0.49746273918393485 7.081564971005312
v 7.649010609645388 -0.3340276572253334 6.936162964999392
v 8.345194839108055 -0.18278535932906673 6.59972729472762
v 7.854183974287085 0.021629489857451226 6.497817473973769
v 7.349579232919341 0.2032402086082662 6.368262687473505
v 6.844191241279795 0.38386880803672013 6.236395294818142
v 8.521336140549346 0.045417337861201494 6.0873063538404955
v 8.041715027903935 0.3061841889067236 6.0111206383259725
v 8.693208150166305 0.11957782619221452 5.591031289949081
v 8.224019594367544 0.40900105512756263 5.531421568085851
v 7.553535231214881 0.5665256342882361 5.927479698272963
v 7.071800751687982 0.7997905097931653 5.849876208293013
v 7.7500687846417 0.7128553198099591 5.475052821973876
v 7.277520346296947 1.0295201028448593 5.415692989587363
v 5.375763154874408 0.08910647807872052 6.427505544323352
v 5.915751386264179 0.05620055120751663 6.22769656271061
v 5.591704975989613 0.3753924390568353 6.336969431659244
v 4.803514740793203 1.0598643872306395 6.481480262658404
v 5.305736698817094 0.9142114297681592 6.324509119229673
v 6.2979505808080924 0.500563364113936 6.172038284932388
v 5.88878835994861 0.8607366856325266 6.0926533326025245
v 5.443972814343972 1.1670242326411628 6.089128371859638
v 4.986728108706131 1.4511343638231302 6.055006696927903
v 6.59583242256695 1.0429458740018598 5.782256424317401
v 6.125208772738973 1.2942718030338265 5.723768139174707
v 6.807661749358676 1.3607488340028266 5.357924199351435
v 6.335630101902846 1.658397949278883 5.296228537773928
v 5.655837643593234 1.5477480240206163 5.670105942841511
v 5.18155288917225 1.7929415273942615 5.601035667260934
v 5.859311556009447 1.8972694823631124 5.2264859797201435
v 5.263538236620994 2.168095145434389 5.116528940336887
v 8.608497519405244 0.6314346746605396 4.601987903162471
v 8.412429436070333 0.5184818557728496 5.063756804063349
v 7.9478219435207835 0.8484019942554871 5.019266600218919
v 7.480793127109338 1.1847989372235932 4.967750677056522
v 8.149921741073266 0.9794004944875682 4.562540509001556
v 7.684888967959474 1.3280831885673965 4.511945633024322
v 8.986015147760003 0.8705186618520484 3.655593483408367
v 8.80168876752897 0.7489636017760317 4.133172664246856
v 8.34827058715182 1.1132455961570509 4.099279630856722
v 7.8835820052151435 1.4709502087991617 4.048660247090456
v 8.535357987899612 1.2439306933279162 3.623886394603821
v 8.074360413165172 1.6106489549936442 3.5760845972477022
v 5.729817796147607 2.6310892104253454 4.2481591719249145
v 7.014304298017157 1.5286385866436034 4.913145419355446
v 6.5402332361556885 1.865553693542326 4.8458458949643735
v 7.215247043039908 1.676850890946606 4.453394418933317
v 6.740204308419918 2.0150653965434926 4.381428538153103
v 6.060058656719963 2.193627979735007 4.766972588812925
v 5.44358634293725 2.4766329703060155 4.6374256465198425
v 6.256593859230995 2.344534179451328 4.295283476944219
v 6.130643925736971 2.686495547847829 3.7411009360904384
v 6.125412584005301 2.9322334905682563 3.202847385348083
v 7.411154600289073 1.8261132697834292 3.9873240787619753
v 6.933812291397433 2.1673489583953334 3.911929043764188
v 7.604692554579431 1.971698236339883 3.5162621313596074
v 7.125650903412975 2.318938977932838 3.439369350906178
v 6.445179663267384 2.495360310634531 3.816739424451115
v 6.467582231003487 2.7465401272880543 3.297121806089738
v -2.0904382841436995 -2.7554530595908826 3.800539233499817
v -2.3198028108648523 -3.05238492031628 3.39283479736829
v -1.8214179739441285 -2.158092647258816 4.371929967264103
v -2.2282215365838782 -4.291813875839547 0.8524629759836675
v -2.442197986328468 -4.385977326305719 0.6520488137585339
v -2.900835303519827 -4.081577461586289 1.1194393073952185
v -2.214876045116351 -3.9604333223264008 1.4514273336513592
v -1.3099612180611724 -3.456774568756842 2.17289754681285
v -1.4728441219259205 -3.7631879854388623 1.6949747056422528
v -2.7698055677086635 -3.810858822600234 1.7145493062116788
v -2.62110190882977 -3.5825509772359165 2.2549947502868286
v -1.9110931349430482 -3.4532028341346352 2.487596148238765
v -2.4831760145479502 -3.340174414556425 2.8263187600514676
v -2.1816022603781215 -3.6703244151979524 2.052173361429996
v -1.8070681726315287 -4.398090332233142 0.6444210795271039
v -1.7405009176612205 -4.072162793908548 1.211375174079044
v -1.4237205860802666 -4.6186759467535365 0.4193041977516988
v -1.1058544906221013 -4.504515136381855 0.8013181912646102
v -0.6709947940740026 -3.8359547009146415 1.6681921649804823
v -0.8709639578474013 -4.199052980849139 1.275108894857537
v -1.1361838200327146 -3.1283038816619184 2.6632439600337054
v -0.7245362972681103 -2.707587861217269 2.9073829353878913
v -1.7577819194520892 -3.1471693321014014 3.0676299841004138
v -1.2859310588542594 -2.8076595298845244 3.3442654050944554
v -1.5717897701415122 -2.814392054992022 3.5275859704758985
v -0.6734718563289999 -2.2883448460100015 3.374222373222564
v -1.1412684222299165 -2.386793685618889 3.7507645737754336
v -1.1005918142196227 -1.957267843759924 4.1049374564219425
v -1.7478739601474313 -1.8944991613807327 4.554971741844968
v -0.5776831316916128 -1.7639507427332886 3.7164992170069535
v -0.3425572578653967 -2.9849247010268134 2.258778933237917
v 0.21927921019776325 -2.5437639801686185 2.0278379343194928
v -0.19874879359459158 -2.602607044724025 2.415195402549621
v -0.15121233621054747 -2.0883911470733394 2.874252076961354
v -0.08994225024186209 -1.6111767573713955 3.2769367522871113
v -0.35037022166787385 -1.6947433764289281 3.513773533678812
v 0.3435382789461997 -1.9429816188748985 2.4341934996771126
v 0.08339261335880445 -2.0129710259080396 2.659819859921085
v 0.41629058389327833 -1.5289695456476 2.888282228554766
v -3.7826509287120125 -3.444824409459889 2.1676523328138826
v -5.037889857986366 -3.471522477460481 1.483617126630499
v -4.843378083399514 -3.1316528539192507 2.3988689169637945
v -3.678080167268087 -3.2623928037923164 2.644707021497608
v -2.790719022370208 -3.2646001845811767 2.954516911104504
v -3.1061531598998284 -3.3475757039613767 2.7063034966391357
v -3.5360218311484926 -3.0132326726447416 3.2044955055723676
v -4.691167582607737 -2.926477777540218 2.9401402073650598
v -4.563092580769088 -2.642161485660919 3.525933805044848
v -4.322729816683734 -3.3036607660629898 2.220202044933385
v -4.194372040852481 -3.0807115896946935 2.812565270363895
v -7.200383041931445 -2.9445846192304983 2.859045669124798
v -6.214265293209226 -2.8126257179098015 2.98207353221285
v -6.632536515223604 -3.0169736328432832 2.5827852137210106
v -6.480266606050587 -2.765657068408555 3.1079624458677073
v -7.143980759337119 -2.620508792650854 3.4158878972586875
v -5.4893746685375415 -2.3404073212740446 3.84083062010511
v -5.7775121305144825 -2.595734350642076 3.403294857919028
v -6.314123240530823 -2.4728847794600903 3.6118913029710464
v -6.8669160018718705 -2.2995748935563483 3.8250448316094894
v -6.12041869819738 -2.129544697482539 4.052517919272388
v -6.742356116421549 -1.8630731280798172 4.231808214863863
v -5.92161256699668 -2.862206399720285 2.8415439920606556
v -6.271207379355854 -3.317011019464569 1.7236070274767532
v -6.057709737611675 -3.0995099301489915 2.2679782440153105
v -5.246954682582928 -3.0134547444005455 2.5493753350327353
v -5.2351829768474465 -2.7380258646249427 3.1667426440008746
v -5.0811721104602245 -2.4680364519501263 3.6977594160005527
v -2.8580353013143265 -2.9096362546418417 3.5533419313012256
v -3.3728293881564833 -2.724955611838661 3.7148407680354727
v -2.673197116503669 -2.5805687024518837 4.013559632491352
v -3.3018406634829067 -2.345699149443747 4.201402509131725
v -3.621169324958326 -2.6346450623311926 3.791255277827159
v -4.060370288640442 -2.810025191081833 3.398680526059366
v -3.8834935880920534 -2.5340876165735837 3.8681540735241535
v -4.391816253599717 -2.340402422741275 4.017276687757668
v -3.6904720952880727 -2.191814068456355 4.309319604601673
v -4.192590123643154 -1.9864446165515812 4.443325163468782
v -2.4630504299313642 -2.204185296402482 4.4141911060937415
v -3.1441360536181473 -1.940857610550803 4.608040820881487
v -2.2254213829832223 -1.7752276449013462 4.748215917200893
v -2.735270350578249 -1.5839042752670198 4.898004065169233
v -3.473192521163541 -1.8023073346135228 4.691053436044962
v -3.96651498218481 -1.5816072721910994 4.80505323110422
v -3.711952383565024 -1.1252550287845973 5.101311844798062
v -5.401908280990928 -1.9455478743894388 4.301707392185823
v -4.926856762475578 -1.6667835063947134 4.620977697201589
v -5.8952793411918325 -1.7252056292645297 4.419971288063752
v -6.369252734551965 -1.4549846850279942 4.494794102586594
v -5.639362882168721 -1.2664472872972183 4.7161765245490335
v -5.065720079411006 -1.3440608139136159 4.791781203270268
v -5.957054585551343 -0.7945285998447745 4.748437810696995
v -5.052823126751078 -2.0943252703612973 4.2145630085452686
v -4.688785762268816 -1.7716238068602073 4.564572164319533
v -4.447483114549506 -1.3394828608369886 4.892631444471006
v -4.910711591826582 -1.0655944994163689 4.940580970936649
v -4.173015892999797 -0.8463787988701225 5.143683614072869
v -5.342042793749343 -0.7334832018646384 4.9166253651729095
v -4.943738022784999 -0.12867809111482345 4.960205550940558
v -5.142289864770682 0.25205486878926564 4.437018036335018
v -3.4065376185954785 -3.909884777351475 1.2683920088967686
v -3.932647068500774 -3.708394075353375 1.454096369288124
v -3.2861432488213738 -3.662707317564353 1.8753564366285693
v -3.3534643959431163 -3.376592718336727 2.5391509683333817
v -4.818271190341765 0.5409168929098929 4.130015587938775
v 2.5847319967349636 -1.5522124583677857 3.7449721937408413
v 2.7023743889923972 -1.3346962950422134 4.281700454186184
v 2.1407714171666727 -1.4817549782475532 3.7216659421508487
v 2.259778422397904 -1.2648109865450947 4.272464951520332
v 2.849229015211052 -1.0841814494462962 4.825041321753866
v 2.401413044967264 -1.0274741358290893 4.827497016169885
v 1.7192541930913832 -1.302633370195463 3.745963477011845
v 1.8317631862834778 -1.1059991733965506 4.224253100442018
v 1.396459295405873 -0.7641081927415192 4.183740721536292
v 1.9733907585206774 -0.851690546530379 4.77531904694575
v 1.5455936325592379 -0.4970048538035556 4.712382826727077
v -1.1830623766625645 -1.3146299460073896 4.5563348842366755
v -0.6460307532746072 -1.1611279999332909 4.183092845523713
v -0.7271402491272254 -0.6256708110720481 4.516259118128652
v -0.990310183808144 -0.6357503399260729 4.688785532062421
v -0.8216061439212147 -0.32555411611125756 4.69714709763105
v -0.03381545363017315 -1.1181434270911785 3.6932692571040446
v 0.5647986401801769 -1.1396640202573312 3.312183742052705
v 1.135267913041647 -0.9621516417467753 3.6606863941535317
v 0.7541890398615092 -0.8001756335627639 3.751726045879395
v 0.11190799113440511 -0.669620892725098 4.031145204913258
v -0.3791150773152016 -0.633196356845639 4.305980452946693
v 0.9289235095381412 -0.48839855339772154 4.222729312010176
v 0.42208353320411185 -0.291527204220454 4.356408282566457
v 1.0967206041760857 -0.1867306006144598 4.704175369939033
v 0.6235726396780433 0.07326323048497965 4.7582848920446095
v 0.06515069039178323 -0.18826777775488632 4.481641448152463
v -0.6391600183729087 0.008428226744208792 4.745766753421568
v -0.15066580618795344 0.4693931127058492 4.877648532947129
v 0.04516813518660902 0.13583457484614747 4.727224626906548
v 3.0433179100399004 -0.8274474289253985 5.4756061014735655
v 3.1688099284260343 -0.6902092595031099 5.8475668977671225
v 2.553789506556596 -0.8176612786458008 5.364110204092811
v 2.7189721354326757 -0.6117409101112746 5.8507378802471095
v 2.1516319487611466 -0.5222855765011385 5.400016269788345
v 2.143127328371189 -0.1283798024834966 5.736766088771111
v 1.7009407289731853 -0.2131130453115742 5.218714050135294
v 1.8839450482185995 0.12861533075290132 5.651795070834547
v 3.3362979816970695 -0.5316975847170016 6.333685205681992
v 2.8917073960344024 -0.2724164466518751 6.298081097774708
v 3.53013577207016 -0.20522198339495196 6.724792288316339
v 2.9500742851492614 0.33096492602484096 6.555630109580497
v 2.4512652849381684 0.1524149096577017 6.156071630732256
v 2.1124247424519056 0.5653666616407422 5.968359129490738
v 2.740458850049377 0.6213224219266765 6.403082422211869
v 1.271983271041114 0.13383755983338924 5.161886649181355
v 0.8332970075886692 0.4567227375237598 5.135420189056976
v 1.4822068079305009 0.5246817078494287 5.530031388635357
v 1.0838311416835373 0.9207367313361657 5.409080367221723
v 0.4029411420930204 0.7905609480417849 5.0953327821638785
v 0.7288926622566732 1.3533537383870278 5.228498396786492
v 0.13608996744744362 1.4243029915124814 4.960688709345699
v 1.8288133005790044 1.1736068993029294 5.741547596176445
v 1.2591056138991608 1.2467787713490914 5.469829890510207
v -1.9331509531567768 -1.270957619842725 4.997364429778299
v -2.468640891091977 -1.1044407620396761 5.166684916222096
v -3.20652627771795 -1.3604195875039788 5.024565019659571
v -2.9585275333353236 -0.8774917922428638 5.270541563201934
v -3.422285736450409 -0.6038439913186684 5.316554435825275
v -2.5339570633036037 -0.33586765597464485 5.380538306182958
v -3.002106924341577 0.0010848078434948158 5.371706582399314
v -4.535153237714605 -0.3886522475573448 5.127682828413017
v -3.9132696610740707 -0.37861125115104743 5.267099670069017
v -3.5688079813979297 0.24695439732512764 5.2332925382197155
v -4.250282095834098 0.3152216141873939 5.015519587955003
v -4.626311451443456 0.39177374398534126 4.7618204632321
v -1.593332150203929 -0.6248664159242951 5.05219953591362
v -2.1894550236509795 -0.5969082435395483 5.2830488291973925
v -1.8620910404869617 0.0037460584263889762 5.196734045341576
v -1.0780936059652484 0.13152872968729432 4.909033918589696
v -1.6101256943097724 0.46870074791550687 5.036765620614889
v -2.288164809158766 0.34616608649081604 5.217460276033173
v -2.7623854782617046 0.6006440732177791 5.1406162997003495
v -2.243082437528633 0.9620369689144943 4.886439220915328
v -2.514588553674304 1.046159672256878 4.802657846483867
v -2.100796359686779 0.6910149270051267 5.04260477422318
v -0.7576585591686243 0.9110635859850725 4.871535901343559
v -1.1180966080401382 1.3732837685200523 4.660077208728369
v -1.7535774702621842 1.308204209950966 4.620832553864908
v -2.259329559033369 1.4387651219530748 4.4040384272152835
v -1.2065163611413443 1.6749037136724458 4.4030869625946885
v -1.508559375134149 1.7146229079360142 4.276569391241874
v -2.050720031772647 1.7308003078524743 4.009564969428019
v -3.40336587098624 0.6906116865464365 5.0030884458962595
v -3.78521610231296 0.8049813519513118 4.718646933172046
v -3.2396869444399266 1.1046224371960782 4.464886928496669
v -3.4746983522524824 1.0803981273555363 4.318986527745651
v -4.154282240357837 0.7793347080414005 4.495994025843058
v -3.902974746499063 1.033645215896285 4.048604179555168
v -4.494290666142567 0.8314193100061329 3.657933629221945
v -3.0144821405850846 1.116423206500148 4.594146415469325
v -2.994620440956818 1.370908705520392 4.017459477072971
v -3.1842204660635933 1.344231371903806 3.894781518737528
v -2.836616167659318 1.5862904631690051 3.5268006889127737
v -4.145834364716193 1.1366756086951084 3.2730414317275383
v -3.6056943379141164 1.3323865803426922 3.5266913005670597
v -3.8398848550225937 1.4318521275031575 2.8882329127002673
v -3.3660041491050636 1.5166004175678782 3.1952449293900402
v -2.7248822060479974 1.399586909217323 4.183267462804294
v -2.4518122622625826 1.6534408292072986 3.7672467768416165
v -0.30376681648513976 1.5138591300652273 4.773886344588181
v -0.9619627539321758 1.6384519192275797 4.501747223459242
v -0.2928396502755812 -5.23868732358722 -0.4226661989916335
v -0.8138221411633014 -5.069339484943697 -0.015767963371020252
v -0.118883466751719 -5.0584080562091005 -0.04399913381008297
v -0.4450755626228994 -4.918009213295422 0.28280533266050933
v 0.16286525310284586 -4.9571986358092115 -0.6904748250066267
v 0.2780518631789482 -4.9901251630931185 -0.32924562265016416
v 0.03591250324658414 -4.685427433847704 0.36479733848634
v -0.24251927481332383 -4.545190454598958 0.7079623599524298
v 0.26135567814275695 -4.086235039312663 0.7737185732110984
v -0.01054147706441512 -4.015476791975972 1.099522934066516
v 0.35643131402039396 -4.91255168051242 -0.07599235180964814
v 0.4596124131014456 -4.672568593080774 0.22439594056341355
v 0.9196395248513429 -4.186309513792415 -1.0967997180485656
v 0.5701947211347028 -4.547622697797016 -0.9293392075037775
v 0.62956435292713 -4.679216352172845 -0.73179742994949
v 1.1921287900834596 -4.535491621431197 -0.8301047201432139
v 1.388207400700594 -5.08328045288064 -0.3813568549009587
v 0.7630098426881394 -4.907773755272751 -0.3982650076071377
v 0.8768257565022496 -4.9099829830864845 0.0808323021054452
v 0.5333683647029219 -3.3445593708410333 1.1843903653676024
v 0.14994393410343296 -3.331690221998438 1.5356324492286657
v 0.7861995761261337 -2.5618570361005166 1.5921203156670347
v 0.5249376290178902 -2.533782206153183 1.7839396993776766
v 0.7403289791772425 -4.107044396441639 0.7392582528156741
v 1.182817817712927 -3.9106181451791597 1.089182973638056
v 0.9049108841217142 -3.2956355259866235 1.2938346060071626
v 1.7100105305473825 -3.7189329776550006 1.4819094207365922
v 2.273952744157749 -3.6422348733577743 1.7675657189041178
v 2.470460105420845 -2.825853090922073 2.4179389219908334
v 1.025179669718749 -2.074249680038509 2.0013795901793867
v 0.7475180434556606 -1.979072026688385 2.1539009450351974
v 1.3605016854453431 -2.1058348885156057 2.3906194965305487
v 0.9382944102224502 -1.5699251032774337 2.5962877207765906
v 1.321348327886752 -2.7592904427281777 1.776867303019141
v 1.551259406325756 -4.923296707548251 0.643387530728918
v 1.6871839702191893 -5.437580321135214 -0.0529120257313989
v 1.2359564919682748 -5.1631511578749905 0.11649399365839844
v 2.0846981963422566 -5.44925391227909 0.2745343367715899
v 1.1191681984319874 -4.599195237369039 0.5189611786283733
v 2.7317874048914614 -4.503552626706542 1.2273142705208226
v 2.2629844971470456 -4.9776158427234245 0.7394587662022594
v 2.0736302898991545 -4.487821800351892 1.1441953738455193
v 1.663007391503807 -3.737934441374028 -1.3318918625187712
v 1.7108921068409244 -4.180021666813105 -1.1433374268949446
v 1.2981378231036036 -4.775462499544999 -0.6389511303199047
v 1.8807106656754105 -4.686625898347848 -0.836048947294538
v 2.1107962631413875 -5.664824431832695 -0.14921591197128445
v 2.0100706329678095 -5.321236163492708 -0.46254808777152395
v 2.412092071055174 -2.321417783584377 2.874131710491835
v 2.632013744712337 -1.9965880840323549 3.2881839769546777
v 1.9433440225386236 -2.5261041188788824 2.422064334998562
v 2.2168957565204166 -1.9110406725989573 3.2073306795551964
v 1.6267166033662015 -1.7292937327815208 3.0396906825403276
v 1.0998334110315953 -1.28582932107388 3.1081217738009412
v 2.4464110942624586 1.1509116646518025 6.074813150077603
v 0.49129875016588626 1.9613699832864226 4.751082008691332
v 0.5948622666491613 2.2643301486027454 4.466884966626227
v 1.4476247624890306 1.7331319838824926 5.280656627917136
v 2.226137410830135 1.7279853407389076 5.564891722898515
v 2.42381885089024 2.13169184519597 5.158230033965918
v 1.7909665035491293 2.220251596983889 4.867619845756424
v 1.0051274853325243 1.9011294185723893 5.000026043911407
v 1.5110203821310382 2.266954668477593 4.7431992092957085
v 1.2286891184727007 2.305159864670222 4.612175906788499
v 2.628904702684469 2.4497117558596573 4.7079271940205185
v 1.9860679862153467 2.5239772704685697 4.419782802216518
v 2.8046180229219 2.710038203071801 4.22248564101764
v 1.943265281196968 2.762914326335621 3.8471158879038403
v 1.6998229900423838 2.5639560962271526 4.2944095807046105
v 1.4280681320025712 2.5810447311852944 4.172019605405521
v 0.8318440671569407 2.530441010295045 3.9001945529871693
v 1.616523713908984 2.7270030297655192 3.7023517947976434
v 1.0001005404031105 2.6829487782963897 3.436644978253463
v 3.9179310269711825 3.528960836321991 2.6588776212853333
v 2.5446211798820424 3.104626622988302 2.993287558462782
v 1.4263902573389033 3.0256042771464973 2.5605645401120096
v 2.934068667826894 3.4794845017694604 2.069156566853196
v 1.728767730636068 3.429612676419671 1.657558017574557
v -1.1881044901837239 1.9900993476947626 3.952735086019538
v -1.751506432975701 1.9021945841564096 3.649259515972808
v -1.1492360360305471 2.090224255615713 3.722832176694272
v -1.4949562586342335 2.0877330234069547 3.2785623377742064
v -0.902295638259141 2.522030646347589 2.6086573663306964
v -2.55208129666875 1.7699694458553115 2.977580845612475
v -3.2677730995656584 1.771061896599884 2.172360236430241
v -2.421966504230854 1.8831633820155282 2.7073533446478146
v -2.2724086571098736 2.2259355683530844 1.7799703266384186
v -2.7169036770941286 2.150828702574805 1.4842627962753787
v -1.837994000190264 2.310238589611834 2.05395340160741
v -0.27401788744627353 1.7948326584173282 4.594480769504061
v -0.7093196662592336 2.018566264103404 4.171596068544702
v -0.21594059530040297 2.028231278798048 4.400774584619729
v -0.20764324524947786 2.2572938781200795 3.91906541066973
v -0.47784047842304683 2.2288054237083177 3.7921828873209145
v 0.08661249912602777 2.2956843489036567 4.059490093579189
v -0.09740684348978317 2.430854944844297 3.4712394871328307
v 0.3047920099694879 2.466148069670162 3.6508483632071442
v -0.009059238243251513 2.60054330998638 3.0176272329500047
v 0.5182956801738088 2.6323519672202815 3.2317193526427435
v -0.8547581011428851 2.615589030048966 2.356340955913346
v -2.13871715922186 2.634801539300147 0.8445543261628492
v -0.7092466805524054 2.8695279820180644 1.7149256314947805
v -1.3451569794040354 2.745740004945908 1.3496341156682927
v -2.017658695761924 2.816729169820657 0.5449003060965911
v -0.4451677576471682 3.278668553430628 0.8251141520449176
v -0.9050976499194212 3.212653833916919 0.584547765682522
v -1.7382196231378526 3.1805170264018408 0.10642584380226806
v 0.4223975626960329 2.9830969138414596 2.2066884893190175
v -0.5240360732423884 2.905568418698316 1.8109902912633236
v 0.8530146753823656 3.4043490122435793 1.3660926032441345
v -0.10509441381869597 3.342748801231844 0.9941207472288867
v -7.490571251873651 -2.88827086541216 3.005985084218151
v -7.752523537755245 -2.808628766390958 3.112519042808927
v -8.235881901975855 -2.554873555749799 3.211194826400306
v -7.562027610916925 -2.4677866600593665 3.561741467044687
v -8.02093632558322 -2.1721038066733023 3.6052030604765823
v -8.673505497330716 -1.986213044419922 2.9901057266039928
v -8.399567549919015 -1.7400116868679363 3.34094120042416
v -8.873911868541976 -1.5187532480566295 2.4309406490273346
v -8.4577741033339 -1.2612012541072812 2.9499891825173594
v -7.3443741944154874 -2.0795637527882116 3.9487555604759716
v -7.774245870901306 -1.7333171703440406 3.9256216756705227
v -7.312669688435517 -1.4336581587792072 4.223363022114635
v -7.5872480606326835 -1.419742269738256 4.081814578874925
v -7.945647942109904 -1.484860350098736 3.8098962551304645
v -8.056345012492958 -1.2439022838332083 3.5700378163419675
v -8.081117075666288 -1.0721668580176147 3.3599507720698343
v -7.651719755431257 -0.8985463810938064 3.7706377276073395
v -7.848848277963109 -0.9754699204948334 3.5868551403161657
v -8.421928343558482 -1.0056696017115843 2.451591362320727
v -7.948860796619802 -0.8237331563928324 2.912435372385093
v -7.503563506451113 -0.675199643663439 3.4361002783884524
v -7.675927089614522 -0.6483691566398179 2.465449464485171
v -7.925459405803545 -0.7517045794168714 2.2275755963747734
v -7.223820624280565 -0.46331726734507117 2.876041774288408
v -8.726048115302852 -1.1772319244181497 2.09314597125825
v -8.490592589843871 -1.001074634829779 1.646226264677176
v -7.030995060045832 -1.5213463359318076 4.321220100617467
v -6.798061593221632 -1.1676359130835592 4.4690914300958315
v -7.109400504746269 -0.768868617812901 4.186979107733458
v -6.42835708019402 -0.7400149498217159 4.565529477693308
v -6.433814519751284 -0.340895526100894 4.14838797091273
v -6.698147732233845 -0.402899353551211 3.9654727292209033
v -6.204711481060147 -0.08047972421016947 3.7007570732510957
v -7.004385662159027 -0.4897392205104314 3.734760052920454
v -6.739766867719253 -0.27019045673251996 3.2879416724329227
v -7.008485547525446 -0.3748199388774135 3.064255927770172
v -5.635519512396842 -0.2889192119719752 4.712905588492507
v -6.101216833660175 -0.2665387594954084 4.368024587004576
v -5.6237137450020604 0.10717660022215776 4.114490988167837
v -6.9575458917509785 -0.2568803461873322 2.4292782305544924
v -7.4161283801000035 -0.44089806666884723 1.9860312848421957
v -6.709950600763189 -0.07428158800368023 1.98215809922704
v -7.168459311092071 -0.27085810723836706 1.5710525260476966
v -6.4161171293581685 0.18504463223157397 1.4221998537273146
v -8.234351173020023 -0.8248187521352427 1.1989577177126816
v -7.841943722290879 -0.6387310872800359 1.6083026469326147
v -8.097360117200715 -0.6793298347608171 0.64651858593913
v -7.592495415974418 -0.4527185737410183 1.1609263531265523
v -7.1531652597198825 -0.09991778053020005 0.265935912707716
v -5.956717143763942 0.12523584131308865 3.2837395311411135
v -6.609245635550629 -0.12135340677860201 2.7245646134478916
v -6.216233493033812 0.13551315866510785 2.393901049937864
v -5.486061537978487 0.2494939841064547 3.857152142390115
v -5.569192108450855 0.3989662559109287 2.890990036651622
v -4.99161718672944 0.6351549477173715 3.3128280639543637
v -5.22845252485128 0.8707145646537603 1.9113482012369891
v -6.100804130763749 0.4362236208334776 1.2135796495974063
v -4.068762075630861 1.3572752298030935 2.739131052180902
v -4.85846742921117 1.0455252503638517 2.1875552504886073
v -6.922049054064477 0.22743188169278164 -0.8138603995380804
v -5.8022467737722625 0.8875839054671604 0.1928468576013202
v -6.56643 0.5869869999999998 -0.9850539999999984
v -6.3301799999999995 1.1717199999999992 -1.6000199999999989
v -5.41956 1.3130199999999994 -0.7365719999999993
v -6.061950000000001 1.2204199999999994 -1.3494200000000007
v -4.847999318927054 1.2555278794493803 1.0173959446023249
v -5.355759813381174 1.071241840334287 0.5942598644693092
v -3.7579332074588745 1.6553128357649096 1.8445669643832256
v -4.235308834657876 1.4782087837539608 1.4954292779278706
v -4.474592299199203 1.5883251740417785 0.12464022025708273
v -4.72084718796365 1.4895916159144367 -0.08550068875970215
v -3.449074636200044 2.0135662309294817 0.9509744021446308
v -3.6620588336059763 1.9196792852359899 0.7835992415546212
v -6.088220000000001 1.8142899999999988 -2.603989999999997
v -5.15003 2.0752699999999997 -1.8061299999999987
v -5.36185 2.013739999999999 -1.9936700000000014
v -5.928509999999999 2.0240799999999988 -3.68838
v -6.509229999999999 1.8490599999999988 -4.1582300000000005
v -5.05569 2.2503999999999986 -2.4124599999999985
v -4.849710000000001 2.408749999999998 -2.809450000000002
v -4.23116 2.152189999999999 -0.720455
v -3.2510682419956507 2.3353173357747536 0.2787259988469686
v -3.1293899999999986 3.2444199999999985 -1.12447
v -3.64666 3.0331599999999987 -1.6700900000000016
v -4.078189999999999 2.798239999999999 -2.10733
v -3.204568632327072 2.460344001777974 0.05787368075020708
v -1.9491683450512212 3.2341397052136474 -0.05466714296400979
v 3.191751006329786 0.3265155604148477 6.689041377241642
v 3.7277233456166776 0.19263787943237107 6.888752642305978
v 4.059590097505921 0.8530191110281989 6.746141972451081
v 3.4419455714030676 0.8174427733708665 6.657208363856291
v 3.32503630808272 1.05570371310118 6.497117872102836
v 2.9920881076892063 1.1080479547846263 6.350022400222471
v 4.298968422075354 1.3082697885053438 6.397325468826155
v 3.783932867701428 1.465029154709049 6.238802521189659
v 4.675180830275835 1.6072250053112531 6.004726705693455
v 3.9901512581284506 1.8332104817135086 5.806613535123377
v 2.696247442374795 1.6699628247000695 5.786250073423858
v 3.2508841007223874 1.587100801627423 6.028309560124988
v 2.9129306195870592 2.058032287773646 5.378475708509968
v 3.4202458248222993 1.9649942838431917 5.593626757436152
v 4.891727124128704 1.926879702800026 5.545641220745958
v 4.181981639189335 2.1610603990368125 5.339303043083139
v 4.8822315777732275 2.313075583061885 5.018866493531831
v 4.365243455440672 2.469394689581603 4.855522771620729
v 3.1035028469273986 2.392637790106846 4.917176604188836
v 3.6028389869185578 2.2962489964973436 5.125737621033329
v 3.770269806544679 2.4926994682405184 4.82739577185172
v 3.2826172829806604 2.6526273224823735 4.431526632850746
v 5.063609718302811 2.607291668050758 4.528297425730723
v 4.542612053610588 2.7374412170275733 4.358522650712088
v 5.241229355304153 2.8682253367597323 4.029646091547739
v 4.717948013570245 2.9781871251834016 3.8567678364890705
v 4.154954451617748 2.8073176639936364 4.2195975219802335
v 3.4580858814739974 2.90042380175474 3.9349584438607303
v 4.476167572220775 3.0243673223696628 3.771903259021527
v 4.182866732804523 3.071603558333228 3.660638855861273
v 3.440025300982434 3.179429870559389 3.361853069618502
v 5.419889946314625 3.0280482180707686 3.532329584946597
v 5.111918868602942 3.356724767182558 2.866717825813929
v 4.895637134989617 3.2797492507391914 3.220928778629161
v 5.600696863555201 3.1516194867707115 3.0368097097405253
v 4.356468568434622 3.3092773614528537 3.154622328062923
v 3.8136315810164616 3.3946164886511205 2.9428367207759947
v 4.5316869959011346 3.549300679305559 2.65086159660285
v 1.8569499999999999 -6.1450000000000005 -6.09971
v 2.0627 -6.06722 -7.11679
v 2.2439000000000004 -5.887120000000001 -7.78933
v 7.319057706926149 -4.820666089985402 -3.56329056636329
v 7.051854647675283 -4.833129969984284 -3.5913998693597513
v 6.983311929463727 -4.755728305751468 -3.309199236112364
v 7.750099149414375 -4.894588800493907 -3.9288301627907343
v 7.331732919696076 -5.049681135598929 -4.541921277250814
v 8.168495678724092 -5.018673439403739 -4.386228539310757
v 7.8532156157846345 -5.012177312324173 -4.440514391894965
v 2.3302269269292606 -4.983838640367642 -2.8066834877686846
v 1.9338476282895043 -5.222854465647891 -3.3611268995664965
v 1.7158667212715475 -5.310975752875608 -3.498963541415786
v 1.6884271205064532 -5.15914987947482 -3.21035887154722
v 2.410139341408537 -5.050559771195383 -3.0276596422484174
v 1.7579614013229015 -5.554535634972996 -3.9760839833189174
v 1.7411337066524097 -5.904335617250339 -4.813101674283592
v 2.2053276113581584 -5.640181448932772 -4.352650446037877
v 2.4202431273919265 -5.283979724085505 -3.5758630431638516
v 2.8749085274968977 -5.114845421655872 -3.3244677751747247
v 2.569652885301231 -5.368292412747028 -3.8424840135186313
v 3.323630507264729 -5.086089243796797 -3.544143437795269
v 5.525793815894968 -4.693880974670343 -2.461306386246879
v 5.320906078205554 -4.801444467211273 -2.303152323899899
v 4.616659182589666 -4.916216138195265 -2.3828944753129786
v 4.074386892404236 -4.9644817461798745 -2.472470563849504
v 4.782168317005276 -4.8195397146159085 -2.5104755106581513
v 4.5547185714237965 -4.745457972857435 -3.1367906841543136
v 4.477551396586255 -4.7549338160570525 -2.988294403481198
v 5.559175758633057 -4.623880957467077 -2.701361864073495
v 6.3358188965273445 -4.655411669323651 -2.9185191417853393
v 6.137112437630446 -4.62571482803914 -2.7126319203956104
v 5.079033244460174 -4.682555093325584 -2.7618747789797564
v 5.620311629254353 -4.608072356350473 -2.977002922652353
v 5.127661007752183 -4.655574587246682 -3.0364486401464976
v 3.751110737483235 -4.9764656579031925 -2.52259859609319
v 3.49744479844266 -4.983744929470651 -2.564701389631601
v 3.363627875172225 -5.040031388994454 -2.3675890296509925
v 3.066460432355102 -4.9847795837096545 -2.9007794145188663
v 2.952805419700402 -4.982071298223792 -2.7135582913113527
v 4.044127948742432 -4.87987681206899 -2.689739419688298
v 3.6559731591100952 -4.925045399005741 -2.76520310688639
v 3.5488167426195023 -4.943213283788093 -3.073816169997212
v 3.198817059025252 -5.022787474224155 -3.1889391604669135
v 3.8126184737312276 -4.8883304125974725 -3.0006883389150167
v 3.869656612762664 -4.907718433255913 -3.321350745745794
v 2.08673 -5.93122 -5.25027
v 2.687267460986453 -5.5703968434976945 -4.574556699191771
v 2.3670600000000017 -5.90031 -5.727730000000002
v 3.51889892784833 -5.114990817834836 -3.920253625814053
v 3.8112112249595445 -5.083697061431033 -4.295147806653509
v 3.584283748143653 -5.190077916124452 -4.446338118058433
v 2.9825097389158715 -5.393915702380719 -4.302457739904434
v 3.256340836146169 -5.36377029756522 -4.708954081263615
v 2.6211700000000007 -5.80898 -6.252079999999999
v 2.947700000000002 -5.62483 -5.8056100000000015
v 2.811869999999998 -5.64082 -5.2117700000000005
v 2.8535399999999993 -5.65395 -6.825720000000001
v 3.109259999999999 -5.52692 -6.461820000000001
v 4.102423379405931 -5.041399291279809 -4.73484356128072
v 4.457940000000002 -4.972910000000001 -5.212450000000002
v 3.6194695716265866 -5.2476380697309875 -5.0833681776242825
v 3.8828999999999985 -5.1431900000000015 -5.59647
v 5.1438048064520325 -4.689611603167564 -3.3837096248398857
v 4.693859181034326 -4.762030291382898 -3.4744224063182747
v 5.410084220962622 -4.730774731008453 -3.7138246069969676
v 4.824623451361605 -4.8101647410728825 -3.8888406433611995
v 5.983215308479575 -4.706608703425455 -3.289032300682017
v 5.755985286847098 -4.646776714019518 -3.12904518145882
v 6.374986119135539 -4.728253585859886 -3.255700095708342
v 5.931734563815902 -4.79862325915439 -3.7036383677414144
v 6.596054233972691 -5.0670298328129855 -4.679305597239641
v 6.145418506313847 -5.036111164606454 -4.7585964426188525
v 6.01433211322698 -4.929443163897109 -4.230661915787987
v 5.496978211018129 -4.859350886247726 -4.269304722363923
v 5.380351786725387 -4.909645660087988 -4.896959286968002
v 5.0761360242615154 -4.912479109656041 -4.976476904284247
v 4.9427965642932 -4.873031824635763 -4.416838406818404
v 7.152861922564352 -4.950793956116385 -4.0404121027921915
v 6.587609245588805 -4.958036998621827 -4.116014161073702
v 6.475083113163686 -4.838612718037872 -3.664049287364298
v 4.0350203028282685 -4.889197008483709 -3.4689238446032165
v 4.531922894094834 -4.860752807023527 -3.9715459984945376
v 4.240101264885424 -4.932184279537298 -4.078776470808745
v 4.375634284648059 -4.963391059685017 -4.593793142690677
v 2.6356099999999985 -5.574260000000001 -8.12878
v 2.4403200000000007 -5.622090000000001 -8.458049999999998
v 2.745260000000001 -5.151420000000001 -8.98448
v 7.880661152714109 -5.089789158156958 -4.993235907258351
v 7.386243550095451 -5.118884487299453 -5.127454658656886
v 8.474590730612302 -5.06724158368499 -4.837208993703797
v 8.159310000000001 -5.092200000000001 -5.490890000000002
v 7.549540000000005 -5.0883 -5.694120000000001
v 8.81157 -5.02605 -5.253679999999999
v 8.292860000000001 -5.001490000000001 -6.006640000000001
v 7.761230000000004 -4.998580000000001 -6.220950000000002
v 8.792100000000001 -4.929000000000001 -5.758140000000003
v 8.202990000000002 -4.80104 -6.568359999999999
v 8.762609999999999 -4.71649 -6.317110000000002
v 8.584239999999998 -4.3787400000000005 -6.792960000000001
v 3.0624099999999994 -5.42864 -7.449950000000001
v 3.50603 -5.239560000000001 -6.832409999999999
v 3.293870000000001 -5.33281 -7.114830000000002
v 3.2093699999999994 -5.10139 -8.12344
v 3.532630000000002 -4.99668 -7.66204
v 4.679169999999997 -4.87722 -5.787529999999999
v 4.882459999999998 -4.674530000000001 -6.420180000000001
v 4.057360000000002 -5.0147900000000005 -6.2341
v 4.2707 -4.761660000000001 -6.83871
v 3.230170000000001 -4.51161 -8.99581
v 3.70696 -4.72446 -7.8983599999999985
v 3.5961100000000004 -3.8178200000000007 -9.17008
v 4.917300000000002 -4.3306000000000004 -7.104860000000001
v 4.541650000000001 -4.35753 -7.361960000000001
v 4.786909999999999 -3.8745700000000007 -7.861940000000001
v 4.23044 -4.40595 -7.63073
v 4.225660000000002 -3.897650000000001 -8.34211
v 6.760501835641027 -5.1137852210390875 -4.999641604048211
v 6.274220000000003 -5.0798000000000005 -5.37521
v 7.242799999999999 -5.0880600000000005 -5.777210000000002
v 6.98653 -5.078660000000001 -5.84615
v 6.44933 -5.010150000000001 -5.970839999999999
v 5.703579999999999 -4.98129 -5.283880000000001
v 5.231199999999999 -4.86285 -5.59283
v 6.030110000000001 -4.91197 -6.05552
v 5.418009999999995 -4.73091 -6.21338
v 7.386370000000001 -4.943760000000001 -6.3291
v 6.672789999999999 -4.82788 -6.513560000000001
v 7.359960000000005 -4.80062 -6.656459999999998
v 7.268850000000001 -4.653270000000001 -6.8819599999999985
v 7.08778 -4.44729 -7.112150000000001
v 6.1526 -4.68465 -6.6183200000000015
v 5.65539 -4.50695 -6.7703
v 6.445450000000003 -4.3921800000000015 -7.09633
v 5.863310000000001 -4.185020000000001 -7.249559999999999
v 5.427019999999997 -4.0078 -7.468499999999999
v 3.98786 -3.3349500000000014 -9.169470000000002
v 4.286170000000001 -2.987450000000001 -9.151439999999997
v 6.569689999999996 -3.980280000000001 -7.487359999999999
v 6.301050000000001 -3.87234 -7.5785
v 7.839490000000004 -4.382110000000001 -7.106659999999999
v 7.307970000000003 -4.245000000000001 -7.27271
v 7.5156200000000055 -4.04633 -7.36956
v 8.34446 -3.8827700000000003 -7.114200000000001
v 8.047210000000005 -3.858750000000002 -7.270150000000001
v 7.763630000000001 -3.8020300000000007 -7.391200000000001
v 7.189840000000004 -3.6928400000000003 -7.58168
v 6.81691 -3.483280000000002 -7.743060000000001
v 7.481730000000002 -3.4002300000000014 -7.593869999999999
v 7.087900000000002 -3.0942200000000004 -7.80156
v 5.578749999999998 -3.86769 -7.6274
v 5.253219999999997 -3.4540800000000007 -8.115479999999998
v 5.790559999999998 -3.6660400000000024 -7.799479999999998
v 5.999190000000001 -3.464300000000001 -7.907869999999998
v 4.585049999999999 -3.3351900000000008 -8.615519999999998
v 4.937689999999999 -3.0230999999999995 -8.63758
v 4.607949999999999 -2.6105599999999995 -9.129999999999997
v 5.573380000000002 -3.0138300000000005 -8.33284
v 5.154089999999999 -2.8407500000000008 -8.643379999999999
v 6.234860000000001 -3.2322900000000003 -7.988970000000001
v 4.915749999999998 -2.3239199999999993 -9.061729999999999
v 5.971889999999997 -2.811440000000001 -8.274129999999998
v 6.6838799999999985 -2.8232399999999997 -7.99537
v 5.585759999999999 -2.4751300000000005 -8.582339999999999
v 6.20457 -2.4540200000000003 -8.245679999999998
v 5.835599999999999 -2.2656300000000007 -8.46581
v 5.23139 -2.08153 -8.897809999999998
v 5.464269999999997 -1.8963400000000012 -8.751279999999998
v -2.3313015498601426 -7.996221157994929 -10.36915712398939
v -2.3751098759098084 -8.068072980880215 -9.871943540919172
v -1.9034442243892946 -7.747442915121406 -10.758800830843331
v -2.2006115903893595 -7.755302429666769 -11.287592262523303
v -1.6618068031095512 -7.442887023079779 -11.403778699309491
v -3.7795811650749185 -8.17881274333898 -11.404785208559918
v -3.349587631728179 -7.9708112045569965 -12.051309769962256
v -3.6632621598822404 -7.9104630366465996 -12.434188364622676
v -4.653113246747266 -7.942304821891437 -12.22926887381876
v -4.894624218509441 -7.8666353498720385 -12.315996134179859
v -4.950593724203599 -7.958753980931139 -12.008195873483212
v -4.35749546186589 -8.020527954025575 -12.112188274851274
v -4.216350318446639 -7.831249617845913 -12.633151825376562
v -4.754292809456218 -7.632268647954769 -12.87411262349241
v -3.130382870947429 -8.214832653688447 -10.51170011450008
v -2.4913376836321572 -8.126090507021752 -9.42444957565334
v -2.744643801392549 -8.01744784507236 -11.081082476339494
v -3.031193308274411 -8.008593587062725 -11.558156827254301
v -2.9684224988066714 -7.676106235018424 -12.56401849816844
v -3.502372149522525 -7.639943223263064 -12.95266755305084
v -2.6935175714197928 -7.327770493095554 -13.053498702947897
v -3.304753546346278 -7.3045851959335835 -13.400248185402349
v -3.962095472204904 -7.5442094465840075 -13.154322707087358
v -4.577567013440592 -7.333705083023558 -13.361897861591247
v -3.6739259494956285 -7.226560432564318 -13.561247275358333
v -4.374963543004567 -6.989521775494436 -13.799776452578696
v -2.448534935371893 -7.743261860380759 -11.710135410506531
v -2.2165977147113725 -7.393188352222824 -12.3716739496296
v -1.4743410762824363 -7.066740938985981 -12.081467332840699
v -1.3270136281970104 -6.622554267886181 -12.790371255663924
v -1.582797130816208 -6.56373339396198 -13.23994231448101
v -1.3257481977060475 -6.0698250007604715 -13.704272979471794
v -1.1914674399745955 -5.825571403514188 -13.875423693414408
v -2.6928842460806224 -6.957181069532534 -13.591776975223693
v -3.080601435991293 -6.922398591316481 -13.796547177194984
v -2.724396836871673 -6.515624233484323 -14.095436870794272
v -4.15486419761967 -6.614472146743604 -14.203884432972512
v -3.5653449065695546 -6.740424318925856 -14.08061550364365
v -3.558290546943049 -6.335085712419186 -14.455919521946878
v -3.916966758217836 -6.208014324666667 -14.57359003509236
v -1.8179438239453631 -7.017635710011451 -12.696234208481044
v -1.92114269287239 -6.52643641014001 -13.624933900709339
v -2.232040835227316 -6.540119300447789 -13.820552213808234
v -2.5854290920814913 -6.051126778423973 -14.480199954946135
v -3.668437281041739 -5.759817756719954 -14.905359064015265
v -3.1360444271333896 -5.945175660778535 -14.728302434676602
v -3.3769245942272326 -5.281790066230902 -15.188974179927442
v -1.8514869103116687 -6.089758737150881 -14.07199636309974
v -1.8405807268885266 -5.868962504199132 -14.281145989254151
v -2.289132868030356 -5.565905702183894 -14.755470746979434
v -1.1706555566591719 -5.588756163420711 -14.106073296079638
v -1.6898022634028755 -5.610067767138175 -14.431628174427598
v -5.954961238147337 -6.9838467817527885 -13.099223416153405
v -6.239415802098056 -6.942746851347238 -12.939850286814561
v -6.631309994403266 -6.537271544394719 -13.164515046947693
v -5.578652064415369 -6.893638149281577 -13.442034557262506
v -5.478919064740502 -6.724324576667525 -13.665826734744495
v -5.999387005806748 -6.537259962963061 -13.606889824157813
v -6.4527746651785725 -6.235502919725244 -13.648800474199085
v -5.36293335071302 -6.45978172664706 -13.987909765828958
v -5.799234330741793 -6.197331399113771 -14.049408103221214
v -6.256165469349991 -5.901829439783093 -14.098220947220348
v -7.0719849997167685 -6.213084432764325 -13.181949554076443
v -7.50306325745498 -5.871942194387627 -13.180812974367267
v -7.96557118892945 -5.582227253621338 -12.989529481368944
v -8.151145363246252 -5.290819335792276 -13.127652616596382
v -6.898155635517111 -5.9196106415694 -13.67533493258537
v -7.334669256056388 -5.588050028805608 -13.68472156763628
v -6.705135737557727 -5.592265226511792 -14.131675587643691
v -7.14511220104486 -5.266811887343942 -14.147784906337437
v -7.7580488937762695 -5.233266094512068 -13.668781280183312
v -8.165300721402529 -4.8500421910012275 -13.621786362836442
v -8.276280910291277 -5.036881496416433 -13.273284417601939
v -7.572509176959933 -4.919137394371232 -14.139646604559205
v -7.9839492625797615 -4.543294130607776 -14.100775710096556
v -5.400778939257617 -7.658042363642418 -12.45985441947842
v -5.8811241738051665 -7.403904256916008 -12.553880126477956
v -5.248415391931276 -7.402390539262815 -12.99471163319117
v -5.720008572242644 -7.1327650344610225 -13.071844939270541
v -6.340975956756295 -7.113576737311332 -12.60835507226467
v -6.7430458372658535 -6.725095721686696 -12.790303362898841
v -5.064627177324261 -7.0913771275103485 -13.468893961107192
v -4.863415246277147 -6.749648633113376 -13.909479742662528
v -7.189944791818567 -6.411051248958925 -12.768221494169525
v -7.595447701597209 -6.026708856844797 -12.839154196871055
v -8.06678515296201 -5.751709275713228 -12.606802783281946
v -8.472469979423408 -5.365716314254119 -12.556676921237303
v -6.042762778505172 -5.538553772560707 -14.515282135492434
v -5.448704247673296 -5.9034234320281 -14.437216169941868
v -6.49387872233319 -5.232773486533637 -14.552950242583071
v -6.9353878317459206 -4.909999357358077 -14.571965164450877
v -5.847722455405327 -5.10553875203907 -14.89052406900558
v -6.182836383907356 -4.701245078517084 -15.028246952056424
v -6.6438822629928245 -4.4120215939902065 -15.02553825347568
v -7.364944688441993 -4.566131853525496 -14.56802828431394
v -7.779148215571712 -4.195178839521605 -14.53445545741293
v -7.031837071044043 -3.997070216823524 -15.084781332050568
v -4.644510797582281 -6.37668181609797 -14.315797667651651
v -5.115384676552606 -6.105740464948651 -14.391561493035804
v -4.4091213864025605 -5.974653909926356 -14.690415406895392
v -4.8835899352044665 -5.710070633196561 -14.773088814699857
v -5.34728648121338 -5.4264762712008885 -14.835003151572776
v -4.152955314497754 -5.536000442387507 -15.024809228917494
v -4.628513155122716 -5.273363880638735 -15.109598280604617
v -3.9490183039994733 -5.185882246477798 -15.23581101233056
v -4.1514986635917115 -4.8971003372823505 -15.359603150212909
v -5.093021218128034 -4.991212020883086 -15.173118241469465
v -5.549335480024068 -4.694585003689953 -15.22078122192701
v -4.676551795194458 -4.275590172093643 -15.564505195532877
v -5.266864684940216 -4.209537162502536 -15.504473175951455
v -5.997437746265496 -4.3835076427446795 -15.25258616278842
v -6.441667071247396 -4.0655634460666645 -15.277012444407974
v -5.717735611091135 -3.9033126163369767 -15.541686771780903
v -6.163745336024765 -3.5885078648414876 -15.569546530695398
v -6.874410605615111 -3.7273146303900093 -15.279200973238801
v -7.291957813466556 -3.3622190414520845 -15.252053505383417
v -6.598437841738401 -3.253708652402666 -15.575548821143965
v -7.016565513845827 -2.8896562643656183 -15.549626410139014
v -2.713220147849073 -5.388574754020319 -15.01081812978528
v -3.0375732904629498 -4.723545853868682 -15.394148177839073
v -1.2838710010147663 -5.088807453586918 -14.614280674023213
v -1.9570232193424426 -5.016646304665928 -14.979206594443088
v -1.229615226018168 -4.8178967254251495 -14.769389390721
v -1.3295900532257472 -4.485433711108827 -15.004016207204412
v -1.6350863818609696 -4.43849984032252 -15.150629646140755
v -2.531671121476834 -4.9054570081028945 -15.21932775585854
v -2.178979107191991 -4.296422947868545 -15.367311595152621
v -2.581639843221925 -3.909100871920962 -15.55909184219537
v -1.4813686433818256 -4.172586532369462 -15.184811922262252
v -1.929277432451196 -3.5326904241628174 -15.459721376966153
v -2.184232656776263 -3.2203742115569725 -15.568669408691616
v -3.553213136840606 -4.504371239631842 -15.524900187612477
v -4.0336580935641315 -4.250359577337553 -15.619120992246613
v -3.394915916118014 -4.231130695591153 -15.596934235106694
v -3.7247672943750048 -3.7169267285715213 -15.749373389532671
v -5.014434131183529 -3.7749070378868628 -15.689698755808436
v -4.498998380032027 -3.9696978031667918 -15.684284817911866
v -4.3042591811891056 -3.263077557617734 -15.852790450905431
v -4.575769045398279 -3.017612045155832 -15.889391105195784
v -3.196089661421674 -3.887523202697929 -15.664414062003727
v -2.952226890873602 -3.4654926309531375 -15.7081391251151
v -3.2772985128697383 -2.9422975053611378 -15.816891217155321
v -2.7921625963607934 -3.188123949554827 -15.713541980457178
v -2.5660244645318033 -2.7957531013142694 -15.692622797169669
v -2.9617909924516477 -2.394844541070957 -15.78531525620425
v -3.7432446278489047 -2.662843080163581 -15.894618863851164
v -4.209538759501589 -2.38375130012729 -15.950388409354831
v -3.2915252607671475 -1.8788949866906033 -15.84015645351296
v -5.482434167575 -3.498229056294576 -15.717817518051973
v -5.896246112111641 -3.1279827440201426 -15.77003804000435
v -4.991492526293244 -2.6507032310000316 -15.937258919867453
v -5.456808449572396 -2.3694771558745726 -15.96507516802057
v -6.32679891210432 -2.786220872206175 -15.784786970547438
v -6.7873153221399765 -2.4952542910722806 -15.732311154884565
v -5.9418326443931475 -2.1219108014840904 -15.966444814224324
v -6.3266417073191485 -1.7002656484031782 -15.953033227231389
v -4.616942459533945 -2.0023575152941655 -15.994977985835364
v -5.052080040855542 -1.6688103174410707 -16.02833164814213
v -3.9222729239754046 -1.50542835866369 -15.933955259987965
v -4.221216546748377 -1.3157896203913588 -15.968865471510147
v -4.673053302328607 -1.0113262648431562 -16.00825615400167
v -5.549033673157002 -1.441979972891421 -16.037206809559684
v -5.871902990359766 -0.9129567751211519 -16.022188863472266
v -5.079053371155405 -0.6268525294534791 -16.017390714397532
v -5.491484243994505 -0.25291067882188895 -15.993872635238676
v -8.859235144704282 -4.946300561415552 -12.469981730913569
v -9.299175920523613 -4.442333049613227 -12.214675282560346
v -8.720569158921734 -4.714699811732499 -13.031382310192404
v -9.092849876399045 -4.26970721454351 -12.91675224300064
v -9.564582663553882 -3.987091870240243 -12.165050298988348
v -9.893756989978405 -3.4085830085943627 -11.854651413768725
v -9.439721928863664 -3.7699391818829127 -12.73266343789351
v -9.746942673685052 -3.219929550830544 -12.512769900730506
v -8.413514604490702 -4.598338069151911 -13.579439631308208
v -8.934058324672275 -4.0027335132454 -13.439353855478004
v -8.365693358344847 -4.144931533299049 -14.027170091608077
v -8.752333412277876 -3.6952856532699134 -13.917644936854716
v -9.409057202125023 -3.2955809378075775 -13.187816786120703
v -9.594272414236904 -2.963660500413687 -13.047230181008503
v -9.0997539487465 -3.2062664774771643 -13.755104325681776
v -9.282740577875078 -2.902600147482882 -13.634615245025051
v -9.416637235966974 -2.6633995449617203 -13.533616882888062
v -9.910098825470687 -2.864430394979814 -12.341252959395014
v -10.189825921723413 -3.18386727062597 -10.903759603055565
v -10.14068833828442 -2.7993758498065056 -11.610185135680622
v -10.38362194651008 -2.203330564510572 -11.154561579280784
v -10.461280206663789 -2.4333543653766556 -10.499095333460861
v -10.017714437723226 -2.5955980962654346 -12.202126166522977
v -10.20154050687935 -2.1046190063479933 -11.940563148928382
v -10.456472727114868 -1.9885848116826124 -10.95125149791436
v -10.399926492025187 -1.440757043627638 -11.515602108234956
v -9.717553058850708 -2.090625826071202 -13.182217470797543
v -9.869172264763632 -2.3465861363387637 -12.744595493731069
v -10.109090069873545 -1.6680006880537992 -12.403954299764898
v -9.98098858701314 -1.2937922257040881 -12.834778028273755
v -10.216869575772579 -0.7633017834423385 -12.262991989664116
v -7.556817953238535 -3.7803571577951507 -14.919842298945564
v -8.131525175796472 -3.835144327965799 -14.47234419262316
v -8.549645408041783 -3.3508529884244957 -14.355444214568193
v -7.9445765523184875 -3.398479085238935 -14.84976443074849
v -8.32232737021094 -2.9630297644957526 -14.745776237356537
v -8.898008306918419 -2.8635084466975522 -14.19475819007076
v -9.07835519904313 -2.56973373880414 -14.080333340998335
v -9.218271275332924 -2.3264990625609454 -13.97995977426281
v -8.779386478402845 -2.3097782561622733 -14.524761104092523
v -8.998803806841181 -1.9524752290062521 -14.385625933911953
v -7.6932272803668305 -2.9683576455184255 -15.193592662745017
v -8.068009119081891 -2.527670237943326 -15.084091928913736
v -7.289133053543289 -2.274278981723366 -15.587375608080027
v -7.684393433634691 -2.1732793049228847 -15.406414443981927
v -8.423820286728155 -2.170555261356081 -14.897767222741756
v -8.757006432879962 -1.5391871324180528 -14.748184579877769
v -8.146773648596277 -1.5780456850053808 -15.232579920260697
v -9.505982867683082 -1.7320867966740978 -13.70214391540973
v -9.821533787132395 -0.9262214065003758 -13.281242147666498
v -9.982562463316551 -0.368088033159885 -12.955548377813287
v -9.570852143143568 -0.7575068169101806 -13.823606798053191
v -9.835775690875593 0.08611894911193403 -13.325593318190442
v -9.265431229219471 -1.322895966382195 -14.19694331802144
v -9.040781398846224 -1.048466774966494 -14.546799352231162
v -8.81116079317771 -0.5459411440562831 -14.84932935788488
v -9.086851247658315 0.00022010558672457144 -14.599479870699108
v -9.375597263273988 -0.3300877236340827 -14.2036648026451
v -9.58744547741959 0.27272634607090407 -13.851666328076721
v -9.350460828735251 0.6635396271989022 -14.207051784987483
v -7.106469292285208 -1.9598082540158364 -15.719375756445048
v -7.48162274625953 -1.519844369955148 -15.610724180123482
v -6.741578048373486 -1.3843315484369483 -15.879787322515803
v -7.2073427449550165 -1.046635096344067 -15.750125874884567
v -7.849034680090018 -1.0007550206858926 -15.470171330055022
v -8.488181962263592 -0.9530712296776495 -15.072045743566823
v -8.189941438493232 -0.5654480815534326 -15.312413998223356
v -7.510554726205755 -0.4821518433921208 -15.663044411885704
v -6.531582300467686 -0.5193277625667041 -15.926146700917041
v -6.814265827560532 -0.3670842090800989 -15.869958165537724
v -5.893816889257907 0.01715007464052419 -15.952052011140285
v -6.369248722018909 0.4045248503868391 -15.863851201849439
v -7.311003387225511 -0.13739429142646983 -15.736742532380527
v -7.13594612585111 0.15883946972721819 -15.769433866331259
v -6.9036437521543546 0.5433247013659267 -15.769046396868035
v -8.82098079643703 0.48754980769545064 -14.864656010457745
v -7.905232050536753 0.039086215669460106 -15.49712382162023
v -8.516051664410668 0.08365111371832336 -15.120605305954971
v -8.199087763221739 0.4662965263750367 -15.326618981648576
v -8.48568 1.0558199999999998 -15.046
v -8.969779999999998 0.8686259999999989 -14.658899999999997
v -7.627929999999998 0.812627 -15.536799999999998
v -2.1006045199544343 -8.005443087138207 -8.712889128139935
v -1.5453234301374459 -7.70597260712705 -7.611450947815292
v -1.7415601954739546 -7.863744923856439 -9.258822921995552
v -1.3323558589561277 -7.680605224327394 -8.416031968617915
v -1.526921896968069 -7.777221086041323 -8.82197564965095
v -1.5491377558627557 -7.759435983164356 -8.082153555841371
v -1.3093605073258414 -7.519123655238935 -7.13346672218626
v -1.5208640467360985 -7.554817276119008 -6.883069176635636
v -0.9573166807069428 -7.178138087604664 -6.428293998942601
v -0.9576791796941012 -7.426636564612194 -7.626027501080203
v -1.024310747301975 -7.517707885570942 -8.980883690135197
v -1.1904736293486813 -7.40133911827251 -10.473035463964129
v -1.4281874420164256 -7.654264263552687 -9.85686236819439
v -0.7605802754063128 -7.301734621641382 -9.588282296497649
v -0.27554486899999536 -7.048341975971091 -7.4156011253637555
v -0.4214315607811017 -7.15690064136578 -8.63066835218229
v 0.02337229441210458 -6.942688583879219 -7.965593231249372
v -0.48934970934991373 -7.179817736781844 -7.833660257285494
v -0.4084997851144383 -6.473164425345203 -5.063294507484337
v -0.43752365617016836 -6.636704611874294 -5.442785131991822
v -0.26032071004768415 -6.819548617264875 -6.2059604952500145
v -0.5117494433555041 -7.101335589528728 -7.036201769478446
v -0.4756722526532389 -6.82959337943843 -5.953922394449526
v 0.0720875000000008 -6.569350000000001 -5.589950000000003
v 0.051464766065889976 -6.22192490297452 -4.66831856469034
v 0.3884212676033611 -5.9290693833569525 -4.202660541679966
v 0.3973722261290916 -6.304840034612182 -5.034478905716545
v 0.7096909688082242 -6.02265765773101 -4.537448044066012
v 0.07931339999999905 -6.82713 -6.689920000000002
v 0.413821000000001 -6.61573 -6.042340000000001
v 0.3866970000000003 -6.806680000000001 -7.227920000000001
v 0.6178690000000003 -6.6861000000000015 -6.757120000000001
v 0.6417850000000003 -6.354420000000001 -5.327640000000001
v 1.0739013705751468 -6.102358463083621 -4.909804157569773
v 1.0634200000000018 -6.40609 -5.911680000000001
v 1.3991000000000007 -6.158720000000001 -5.33542
v -1.0337763011570726 -7.076405912834668 -11.222977735744212
v -0.5410281235945852 -7.026535628722998 -10.235112359033774
v -0.3517926118327578 -6.691861890802569 -10.918821357499851
v -0.23999303035262615 -6.931035429399712 -9.610312785349393
v 0.2830319999999997 -6.829609999999999 -8.583069999999998
v 0.019442652706746985 -6.641065527546959 -10.18110327715161
v 0.5054160000000005 -6.649600000000001 -9.239479999999999
v -0.7506577590332862 -6.494458132561788 -12.158743483650014
v -0.6465326975202145 -6.246676343490053 -12.511365872665035
v -0.181936894840387 -6.300405274098767 -11.636193389290685
v -0.4651301272278372 -5.749210080630792 -13.146162216150694
v -0.051436513410751186 -5.895698662707062 -12.401532651145624
v 0.16725424175000037 -6.349622975116014 -10.95870870580202
v 0.6908447052916813 -6.401980395275111 -9.9358093125653
v 0.8505446699196421 -6.081142023000228 -10.668611796544107
v 0.7025760000000013 -6.71159 -7.70745
v 1.0080299999999998 -6.581239999999999 -7.087690000000001
v 0.8272609999999995 -6.626370000000001 -8.300980000000001
v 1.2460700000000002 -6.4737 -7.673229999999998
v 1.350110000000001 -6.389849999999999 -6.419149999999999
v 1.796860000000001 -6.10512 -5.6525500000000015
v 1.5939900000000007 -6.30952 -6.968029999999999
v 1.448059999999999 -6.293890000000001 -8.2969
v 1.0968900000000001 -6.337560000000001 -9.17392
v 1.2967599999999988 -6.07846 -9.67652
v 1.6373599999999993 -6.04514 -8.959969999999998
v 1.8134699999999997 -6.16497 -7.5585
v 2.0189100000000004 -5.952799999999999 -8.19095
v 1.1034763997540182 -5.352863521329289 -3.4327796001994413
v 0.7724073036334751 -5.617305416015857 -3.781915307022024
v 0.797341257814291 -5.267075194122666 -3.207038901205074
v 1.079939792285785 -5.72402474559005 -4.0839486190547944
v 1.467668171076404 -5.448617605952699 -3.6943275677384566
v 1.4305883548148282 -5.818897785838079 -4.4251530341490355
v -0.506401692529263 -5.143539929571336 -14.105090358995394
v -0.7618814804238303 -5.087888242974655 -14.302489619339394
v -0.03552462418844233 -5.379596325431709 -13.332238256378096
v -0.5206135279720954 -4.684174789165813 -14.533026499443787
v 0.13011933577280022 -4.934095073534303 -13.750502744341388
v 0.40764814840505514 -6.007401266540505 -11.582834538376776
v 1.002795584229862 -5.65767382293494 -11.422254323611693
v 0.6488867496799052 -5.606516286737866 -12.095615351874597
v 0.5970765372006648 -4.983502950485579 -13.076393096960455
v 1.023816835323698 -4.963502214110792 -12.437769916096546
v 1.0200285475529622 -4.314854111399785 -12.965426001201784
v 0.6065693967616417 -4.173909696020527 -13.679480744383362
v 0.4290707448257603 -3.1867104983948327 -14.2504097180181
v 0.9021475694920338 -3.7599237239757497 -13.426897997708414
v 0.7596880665464468 -3.330999688066225 -13.759792571237451
v -1.055957470610985 -4.518419699768734 -14.865890293993974
v -0.8589164960469449 -3.8224349700921554 -15.040776134164101
v -1.2320594342854911 -3.7406858970992767 -15.201373867228812
v -0.0811415129792166 -3.9648354695830377 -14.620318031633792
v -1.081922196817754 -3.4804020965208844 -15.198914221890206
v -0.3759369387947751 -3.3404790948362324 -14.920534174083024
v -0.7095060880649904 -2.9433044325280573 -15.105426082163541
v -1.3734060637091188 -2.899750102617709 -15.354394440204524
v -1.8213699392393534 -2.5902063396249155 -15.502260070080887
v 0.15020341721534297 -3.046264756711987 -14.62124168509776
v -0.1938387029578804 -3.0080438342158002 -14.858786565578821
v 1.8234999999999995 -5.724660000000001 -9.66267
v 1.5253373337499267 -5.722387722159724 -10.28128218934225
v 1.5309186199778355 -5.227229582865371 -11.268049550391716
v 1.8124387042345944 -5.270398470769437 -10.664888778777293
v 2.215300000000001 -5.668420000000001 -8.865860000000001
v 2.3501300000000005 -5.26905 -9.577239999999998
v 1.4678902047577937 -4.378265471076664 -12.175582986463974
v 1.959300752430008 -5.053886132997465 -10.697696902308325
v 1.9389434672695902 -4.654826894233263 -11.153095142520796
v 1.1370340988185046 -3.5160379042724537 -13.087888121088884
v 2.28006529716905 -4.594736910888635 -10.580200998722612
v 2.7942099999999996 -4.683480000000001 -9.55583
v 2.2419600569282063 -3.9145536178666056 -11.119690337371248
v 1.834684501183394 -3.804653885298335 -11.835455234872757
v 0.6186201183763569 -2.9700395870046536 -14.03788922773983
v -1.0894188610430506 -2.4062032986162167 -15.280660413529125
v -1.4679359918196475 -1.9760349353394426 -15.411807938129927
v -0.034665522624996094 -2.7177490354839184 -14.804218167844112
v -0.3832324107395664 -2.241042779659514 -15.002530087710703
v 0.28069920440837076 -2.1774968480354615 -14.478305898329202
v -0.23050686025933786 -1.962808175539442 -14.92484671388809
v -0.06539615062327339 -1.6932390522618563 -14.805653992097174
v -0.7393889647797918 -1.8650226437699808 -15.140648296293241
v -1.308689927572758 -1.698184541944204 -15.340163495434307
v -1.1420933917963534 -1.3968643011150452 -15.260815239050707
v -0.4429360635377667 -1.238477501752683 -14.96698684821649
v -0.8351690674980243 -0.8408217948740003 -15.067472106079643
v 1.5492669406630106 -3.12799594952528 -12.558008784967758
v 1.4188034885305052 -2.8323856548999453 -12.809898659542654
v 0.8950105271097768 -2.6068571274559913 -13.639500207675189
v 1.2344730575865297 -2.4635674268142487 -13.094686238042868
v 2.141034704049711 -3.536731799953854 -11.492880135003231
v 1.7308173991545948 -2.968860111025308 -12.31174652202784
v 1.9436250078886221 -3.0494658113648305 -11.978567707580186
v 1.5232323179341585 -2.2590359273907987 -12.625554678336794
v 2.152322326696117 -2.6048866342907124 -11.767595585729898
v 1.8109738654134515 -2.125991154490517 -12.204702042650732
v 0.5960369932208618 -2.0433781457210816 -14.010895147608814
v 0.2309570030105311 -1.4574458318632721 -14.332479721981235
v 0.8838515441625254 -1.8704566249160401 -13.487072361530167
v 0.527919267527234 -1.3849575113909776 -13.818857412833355
v -0.1641580153947273 -0.8651635122935332 -14.58306913127023
v -0.6770745261268322 -0.5544002669255856 -14.949294217000514
v 1.0907054595636478 -1.7476708052714898 -13.122318641278644
v -0.5401543225054721 -0.3694718856051642 -14.803783989785348
v 0.13633950396382388 -0.7502025378038769 -14.090073618228388
v -0.24906389514593583 -0.19145330242288588 -14.345590862093175
v 0.796650923503611 -1.1446368840048224 -13.334729266629385
v 1.4466305203171999 -1.5119084765763375 -12.574974512686055
v 1.0749454129999587 -0.973904410093192 -12.908568043642191
v 0.4187402062227067 -0.5911905801175912 -13.633130371708514
v 0.7051742533695706 -0.48281243687806297 -13.207768523801317
v 0.3075450520256619 0.1076485413240417 -13.479576746596623
v -2.266592938683431 -2.27557504658986 -15.628463678217067
v -2.8139331303162924 -2.137963407729444 -15.751196067854233
v -2.6076693619742297 -1.7795529002282597 -15.697852383084932
v -1.8161551008326842 -1.4925180877253197 -15.486845850823556
v -2.0703771267677142 -1.3718606608864183 -15.547215316514652
v -3.0884372450881656 -0.43631738160965416 -15.698202860092918
v -1.5411598445564456 -1.0103459563823545 -15.34601753871823
v -1.9484552374207285 -0.6323141879209792 -15.412672840997514
v -1.4217754482614395 -0.29371457488848185 -15.176420552118865
v -1.6933345693149358 -0.18020269612144943 -15.245427498594497
v -2.6770262185008904 -0.8105574751374908 -15.640641750520594
v -2.3590427009745554 -0.256655192588697 -15.472099235061082
v -2.664998754027473 0.30150870664734347 -15.4557255910975
v -2.18357850642407 0.049279872898593716 -15.358999732178816
v -2.4657399999999994 0.6489299999999993 -15.331299999999999
v -3.931124760589792 0.27845342567754844 -15.768955032289622
v -4.261355396627422 -0.2961576949922102 -15.91010455337395
v -4.616954923535413 0.17599889643168792 -15.89659838996538
v -5.085077321028762 0.45308606417933084 -15.88876034368356
v -4.3656999999999995 0.6134709999999991 -15.774899999999999
v -4.81109 0.9303309999999992 -15.756599999999999
v -3.5056391887603144 -0.07192859419394501 -15.742823222185928
v -3.130269999999999 0.5822709999999995 -15.5211
v -3.5749499999999994 0.899643999999999 -15.546299999999999
v -3.9973 1.2564700000000004 -15.528200000000002
v -4.394389999999999 1.6554899999999984 -15.4612
v -2.8869399999999974 1.0068199999999987 -15.367299999999998
v -3.3196499999999993 1.34519 -15.377399999999998
v -3.7631699999999997 1.661519999999998 -15.3634
v -4.21619 1.943049999999997 -15.328
v -0.9376309226283941 0.07700903317644185 -14.9360414287154
v -1.3409964198916438 0.4496140656341887 -15.011548911967498
v -0.6442326789377057 0.35365989582085666 -14.560550635497421
v -1.750099999999998 0.8112319999999984 -15.0744
v -2.1648199999999993 1.174239999999998 -15.1248
v -1.2305899999999996 1.113329999999999 -14.8029
v -1.5061699999999998 1.245269999999998 -14.878800000000002
v -1.9917099999999985 1.4768299999999996 -14.983099999999999
v -0.046087372105407726 0.07184804747337903 -13.947953674815494
v -0.48625642999729163 0.43802661302853296 -14.314874781544043
v -0.7682539999999994 1.0263699999999996 -14.3069
v -0.09022159999999851 0.6363369999999982 -13.7062
v -0.49812399999999996 1.1494200000000003 -13.8908
v -1.1817299999999997 1.5401599999999995 -14.456499999999998
v -1.6006399999999996 2.0343299999999993 -14.579999999999998
v -0.9131900000000007 1.647279999999999 -14.0432
v -1.3339999999999979 2.123969999999998 -14.1676
v -2.588749999999999 1.5274999999999994 -15.154599999999999
v -3.024239999999999 1.8461899999999982 -15.1586
v -2.4536300000000004 1.7607799999999982 -15.041599999999999
v -2.8824999999999994 2.079319999999999 -15.0361
v -2.3021399999999983 2.0099899999999993 -14.916099999999998
v -2.73975 2.31853 -14.9153
v -3.47071 2.13906 -15.1379
v -3.9014399999999987 2.4023399999999993 -15.096799999999998
v -3.27837 2.4619699999999973 -14.966699999999998
v -3.5900399999999992 2.8520599999999985 -14.841399999999998
v -2.0284599999999986 2.468809999999998 -14.6476
v -2.46629 2.7879799999999992 -14.6473
v -1.7631799999999997 2.510769999999998 -14.2511
v -2.2013599999999998 2.921049999999999 -14.302899999999998
v -2.900579999999998 3.082049999999999 -14.6223
v -3.29987 3.3053900000000005 -14.5779
v -2.6271199999999975 3.3085699999999987 -14.319799999999997
v -3.027340000000001 3.6087599999999975 -14.294399999999998
v 3.148270000000002 -3.9639600000000006 -9.6467
v 2.70255734375428 -3.968337128888125 -10.337901767835428
v 3.033365845361074 -3.5470940987207205 -10.167401588112552
v 2.932543033406843 -3.2846304592478357 -10.489600440163048
v 2.46321775850887 -3.2066548375354276 -11.1855890888248
v 3.2477735676224913 -3.3134021366978166 -10.050100859265605
v 2.7648156925426552 -2.9179983678307844 -10.893497197662352
v 2.4420682466170485 -2.377180987945631 -11.416510156458612
v 3.668070000000001 -2.85917 -9.834610000000001
v 3.518778352996396 -2.611133542672756 -10.113401751568901
v 3.030771275865873 -2.5805432646710984 -10.674104490469759
v 3.8639799999999993 -2.6463900000000016 -9.747539999999999
v 2.0919135246361042 -1.8291116800000224 -11.838414989765027
v 2.7300121601810554 -2.1020766616565534 -11.119015556428737
v 2.3723403663730185 -1.6015498925740856 -11.518918140433277
v 3.6383627739743036 -2.062685262182709 -10.189303426421816
v 3.3530382713949627 -2.346628552608614 -10.390004979020066
v 3.0117070880368004 -1.8484649030155675 -10.854112337585404
v 2.764401254549068 -1.5324575286495872 -11.108315017971
v 3.252873559415499 -1.6338523732304822 -10.629310041556796
v 2.90979501572018 -1.160176089758062 -10.959113598514225
v 1.7252824393475863 -1.3139118957419496 -12.19910012670549
v 1.2804050648237963 -0.8456376099925005 -12.611185730630865
v 1.9105719962439862 -1.181513153202897 -11.961310581967947
v 1.6169658065948072 -0.621111017321252 -12.172806349239956
v 0.9638206440569352 -0.2817591763619377 -12.814292863793078
v 0.573009606263249 0.24236477244688126 -13.080391670923541
v 1.2268190348945212 -0.12735313296933165 -12.452401700469952
v 0.8317167935248638 0.37679203553758966 -12.710697767891487
v 2.266597570381032 -0.9114542812384008 -11.557115368057689
v 1.8780362986838486 -0.4453042577458032 -11.851015291110325
v 2.524027371327088 -0.7223830267309637 -11.268114250164992
v 2.130451586446413 -0.32008531746278673 -11.534015750398883
v 1.4824124381962878 0.0062320796566049524 -12.111705811888529
v 1.7334968160659163 0.047625149943939876 -11.766508138140601
v 4.1856700000000036 -1.4997600000000018 -9.860140000000001
v 3.409081728294761 -0.8139056776784831 -10.438607056417004
v 4.670140000000001 -1.1444600000000018 -9.41412
v 3.163829887407917 -0.9672634574734437 -10.698810552993123
v 2.769250743702269 -0.6039865846990037 -10.96291147413694
v 2.909018857298682 -0.3848119861027934 -10.756008865565414
v 2.3482952238903825 -0.21874197934494224 -11.228511620915818
v 3.6866837470171525 -0.415112628823605 -10.023301090742256
v 0.17299300000000056 0.7589409999999998 -13.308
v -0.23662799999999817 1.2629599999999992 -13.4954
v 0.37750899999999976 0.8990419999999996 -12.910500000000003
v -0.06644020000000084 1.2356499999999992 -13.226
v -0.5883559999999985 1.6295099999999991 -13.5319
v -1.0478999999999983 2.0010600000000007 -13.7427
v 1.0809516996905084 0.41671341834749676 -12.337399951072042
v -1.5207899999999996 2.4205899999999994 -13.8648
v -1.9614699999999994 2.823349999999998 -13.9347
v -2.2140000000000004 3.092789999999999 -13.937899999999999
v -2.7679100000000005 3.58026 -13.931100000000002
v -2.6245299999999996 3.5793299999999997 -13.7348
v -10.603601247379395 -1.6816430258997053 -10.218140977033976
v -10.44949492939121 -1.2396975250552997 -11.290191951433862
v -10.510698963561113 -0.9684460951812093 -10.990238911077554
v -10.561530215032183 -0.6024402694778651 -10.482541563816605
v -10.656233008843225 -0.9462142130085911 -9.83202301812481
v -10.724111674912841 -1.0312326120274236 -8.968720681513782
v -10.298179559159005 -1.0046041917742714 -11.985967523796342
v -10.404362967639857 -0.44053686730660124 -11.545772880934749
v -10.28645345269523 0.04641247806302129 -11.964186179758531
v -10.142333846479175 0.386546761460818 -12.42981953084297
v -9.967800090124303 0.6831661535225347 -12.922296907546652
v -9.747390548405642 1.0086837916483105 -13.366877374896907
v -9.473805909599571 1.3508633639358034 -13.772184665394878
v -10.629274868871763 -0.7144758532022019 -9.463905308823204
v -10.449017465865731 -0.5510085450490418 -8.989123702024955
v -10.469856583769355 -0.3918798999241606 -9.966810659497344
v -10.436981874528318 -0.2518981270803458 -11.227822869439825
v -10.267264423662475 0.31798459743905105 -11.565450631076796
v -10.301574705906726 -0.018256843330017918 -10.485548797304308
v -10.201795124938716 -0.09345145976241354 -9.720604939520834
v -10.170644028984611 0.06636322927505127 -10.12236844042366
v -10.076879962999522 0.45081541586607643 -10.861687592029137
v -9.941559797200073 0.4875699725306145 -10.50744773400282
v -10.251815752146268 -0.39379093901422235 -8.539023168091337
v -10.007376395503403 -0.22888170737155417 -8.124605672714306
v -10.226261383716624 -0.21485902669800902 -9.350920800516086
v -10.070656486572076 -0.12354781911869332 -9.023057181220981
v -9.841003876740922 -0.001473306816305961 -8.594273219905588
v -9.757650464029837 -0.05257808919432109 -7.728098184201548
v -9.487592365304755 0.14437021734475924 -7.355698205650432
v -9.594788871982178 0.16853792898967423 -8.196245478432912
v -9.330166638104565 0.36885957904253386 -7.82721492322506
v -9.898369976366087 0.172543737638009 -9.516581276247038
v -9.668199068082293 0.28051115910350494 -9.081661431626536
v -9.725100067074582 0.5410388101892264 -10.028121049074722
v -9.493674163227784 0.6342955944344838 -9.587384182086737
v -9.42389521743829 0.4393095768720998 -8.68211434903718
v -9.164610000000001 0.6427819999999995 -8.31688
v -9.25077758148753 0.7778458864168163 -9.18625069613404
v -8.99562 0.9827239999999982 -8.82398
v -10.094134635257586 0.7655272184613064 -12.072489611186265
v -9.910458782615708 1.125821247128364 -12.518368655120828
v -9.963148833550822 0.9207089100049032 -11.552692612399866
v -9.769752824179468 0.9611329045357964 -11.042327915435093
v -9.788707398788468 1.4659549727735754 -12.154671882190339
v -9.585709742158757 1.5122974833778828 -11.584208074280912
v -9.696598353653478 1.4764526509996687 -12.963751155916905
v -9.429494365566109 1.7914975035907588 -13.40822973051162
v -9.586832434858554 1.798734435436247 -12.625926425935889
v -9.374932950574832 2.1238532222411033 -12.125571051163522
v -9.433565783973325 2.0304099528527284 -12.785731700376878
v -9.255150913346213 2.292067695184119 -12.889949552075562
v -9.1186 2.551779999999998 -12.596100000000002
v -9.551727016418656 0.9956575210345031 -10.55479307710583
v -9.31752895371911 1.072307044690291 -10.10818327731894
v -9.366392082178256 1.5285715271408484 -11.088961930781439
v -9.12952 1.5882399999999994 -10.636400000000002
v -9.07371 1.2020299999999984 -9.704599999999997
v -8.82037 1.3944099999999997 -9.34372
v -8.883269999999998 1.7047900000000002 -10.229000000000001
v -8.63037 1.8833299999999977 -9.866969999999998
v -9.155689999999998 2.123679999999998 -11.6223
v -8.91643 2.165499999999999 -11.163000000000002
v -8.89896 2.7428 -12.146499999999998
v -8.65845 2.7263399999999987 -11.6755
v -8.66856 2.268439999999999 -10.750400000000003
v -8.416219999999997 2.3951599999999993 -10.377000000000002
v -8.41137 2.7571899999999974 -11.247800000000002
v -8.16316 2.8426599999999986 -10.8625
v -9.195443518980273 0.361246010464547 -7.005256891724306
v -8.879270000000002 0.5969979999999993 -6.67418
v -9.04466 0.5954849999999992 -7.4848099999999995
v -8.73592 0.8470609999999993 -7.16601
v -8.53745 0.8511099999999991 -6.35976
v -8.197399999999998 1.1551399999999985 -6.071770000000002
v -8.40339 1.1208899999999997 -6.868249999999999
v -8.07565 1.3724199999999993 -6.6018
v -8.88657 0.8795299999999995 -7.98285
v -8.5889 1.1479699999999988 -7.677949999999999
v -8.72558 1.229269999999999 -8.49837
v -8.439259999999999 1.5130699999999997 -8.205629999999998
v -8.27153 1.4151900000000004 -7.398939999999999
v -7.96002 1.5905199999999988 -7.153089999999998
v -8.13684 1.6833499999999972 -7.94218
v -7.84412 1.8812599999999973 -7.712339999999999
v -7.38386 1.774989999999999 -6.119070000000001
v -6.58015 1.9314599999999986 -5.499210000000001
v -7.194639999999999 2.183329999999998 -7.225349999999998
v -6.4266000000000005 2.2506999999999993 -6.64041
v -8.55696 1.647460000000001 -9.023630000000002
v -8.28181 1.8773999999999988 -8.73945
v -8.371449999999998 2.1262199999999987 -9.547980000000003
v -8.10417 2.2255599999999993 -9.25322
v -7.99267 2.0239299999999982 -8.48549
v -7.716080000000001 2.1831800000000006 -8.242659999999999
v -7.82831 2.31036 -8.98022
v -7.5587 2.444459999999997 -8.730789999999999
v -8.15975 2.51941 -10.0388
v -7.898790000000001 2.544939999999998 -9.73406
v -7.91376 2.904719999999998 -10.516200000000001
v -7.66492 2.9200999999999984 -10.205200000000001
v -7.63641 2.6207899999999986 -9.45831
v -7.380529999999999 2.7534199999999993 -9.20591
v -7.42006 2.9945599999999972 -9.924269999999998
v -7.179560000000001 3.0997800000000004 -9.660889999999998
v -6.964579999999999 2.579819999999998 -8.210359999999998
v -6.29657 2.6955499999999986 -7.680509999999999
v -7.277189999999999 2.54791 -8.477989999999998
v -7.107849999999999 2.80321 -8.941780000000001
v -6.82675 2.8636399999999993 -8.682669999999998
v -6.92453 3.1133299999999995 -9.390229999999999
v -6.68398 3.155069999999999 -9.14516
v -6.659129999999999 2.6294699999999986 -7.9618199999999995
v -6.63958 2.9149499999999993 -8.518319999999997
v -6.2127300000000005 3.0048399999999984 -8.16397
v -6.39481 3.2267299999999985 -8.87043
v -6.09136 3.2884899999999977 -8.61105
v -6.54799 1.1691899999999997 -15.684999999999999
v -6.989829999999999 1.3723699999999983 -15.552099999999998
v -9.058239999999998 1.1667999999999985 -14.488399999999999
v -9.120940000000001 1.5303399999999991 -14.256099999999998
v -8.697119999999998 1.6798499999999987 -14.639599999999998
v -8.635399999999999 2.199499999999999 -14.2934
v -9.030669999999999 2.0038899999999993 -13.9665
v -8.52887 2.60944 -13.8876
v -7.94472 0.8962449999999994 -15.3962
v -8.0126 1.726059999999998 -15.092099999999999
v -7.57125 1.565379999999997 -15.352
v -7.215569999999999 2.0665899999999993 -15.189299999999996
v -7.69767 2.1968799999999984 -14.937900000000003
v -8.036829999999998 2.227759999999998 -14.733099999999997
v -8.27785 2.232219999999999 -14.5709
v -7.22238 2.737199999999999 -14.645099999999998
v -7.975879999999999 2.610909999999999 -14.380100000000002
v -7.8252 3.0660699999999985 -13.9218
v -8.172549999999998 3.027309999999998 -13.6494
v -6.98659 3.031589999999999 -14.464199999999998
v -7.5525 3.0734899999999996 -14.114899999999999
v -7.6370700000000005 3.438439999999999 -13.514699999999998
v -7.859389999999999 3.4098299999999973 -13.3383
v -7.57629 3.780499999999998 -12.985300000000002
v -7.019889999999999 3.4612199999999964 -13.954
v -7.245889999999999 3.463269999999999 -13.8023
v -6.841949999999999 3.8574199999999985 -13.546899999999999
v -7.264330000000001 3.9575299999999993 -12.6314
v -7.04222 4.023909999999996 -12.2284
v -6.655520017585626 4.260150000133824 -13.139400044174208
v -6.489910068859178 4.356520008007085 -12.757900132546425
v -5.593090000000001 0.6613979999999989 -15.864999999999998
v -6.062649999999998 0.9372979999999995 -15.792699999999998
v -5.429870000000001 0.9455200000000008 -15.799699999999998
v -5.799229999999998 1.3959899999999985 -15.678999999999998
v -5.26714 1.2291399999999988 -15.714499999999997
v -5.957099999999999 1.625179999999999 -15.5997
v -6.10058 1.8929899999999984 -15.477099999999997
v -6.681010000000001 1.9377799999999987 -15.3906
v -4.96721 1.7468699999999995 -15.5058
v -5.407750000000001 1.9825100000000002 -15.433399999999999
v -4.7377400000000005 2.062189999999998 -15.3336
v -4.880820000000001 2.3017899999999996 -15.223500000000001
v -4.972479999999999 2.505589999999998 -15.1142
v -6.25953 2.374599999999997 -15.176299999999998
v -5.844950000000001 2.1826299999999987 -15.3281
v -5.50412 2.5924599999999995 -15.074299999999997
v -5.968429999999999 2.776419999999999 -14.9277
v -6.799859999999999 2.508969999999998 -14.982599999999998
v -6.305959999999999 2.8847000000000005 -14.796300000000002
v -5.65694 3.194739999999998 -14.6441
v -5.12627 3.1013399999999978 -14.739199999999997
v -5.1738599999999995 3.5637100000000004 -14.418899999999999
v -5.17096 3.9650499999999984 -14.123100000000003
v -4.30913 2.6231599999999977 -15.0316
v -4.738810000000001 2.82433 -14.929799999999998
v -4.00267 3.0787999999999967 -14.7726
v -4.435299999999999 3.28981 -14.6722
v -4.89182 3.468220000000001 -14.524499999999998
v -3.8853300000000006 4.087469999999998 -14.118699999999997
v -4.155570000000001 3.7553599999999996 -14.3975
v -4.61556 3.95894 -14.250299999999996
v -4.125240000121774 4.201790000790072 -14.04160000386828
v -4.349160004200228 4.307300014144679 -13.964400069388383
v -4.840540029439048 4.490510034686676 -13.747100188705318
v -6.28514 3.1584499999999993 -14.57
v -6.67805 3.442849999999999 -14.169399999999994
v -6.1407799999999995 3.816809999999998 -13.984799999999998
v -6.39721 3.851000000000001 -13.8407
v -5.86784 3.76739 -14.126499999999998
v -6.0689200150848555 4.264640002538625 -13.536200041933151
v -5.60636000164764 4.206060000436751 -13.797500005763316
v -5.104990055168674 4.56723003755572 -13.607900239618132
v -5.359480091544149 4.642570033232401 -13.4709002865348
v -8.968799999999998 2.4568299999999974 -13.446000000000002
v -8.925419999999999 2.7323199999999987 -12.872000000000002
v -8.57185 3.1564099999999975 -12.629600000000002
v -8.27334 3.2796900000000004 -12.249199999999998
v -8.159560000000003 3.3410700000000007 -13.0742
v -7.928899999999999 3.6497399999999978 -12.6602
v -8.00175 3.3138699999999983 -11.846100000000002
v -7.80231 3.339889999999999 -11.4026
v -7.69617 3.6324000000000005 -12.2079
v -7.47417 3.6928699999999983 -11.801200000000001
v -6.85065 4.02749 -11.852500000000001
v -6.242970128862575 4.410390027811162 -12.383300218540152
v -6.0180100738316975 4.2942000213890035 -12.072100120623062
v -6.596849999999999 4.003969999999999 -11.4561
v -6.0097 4.162099999999999 -11.6189
v -5.857500000000002 4.161139999999998 -11.310200000000002
v -5.996079999999999 4.002789999999998 -10.493000000000002
v -5.92079 4.056689999999998 -10.3418
v -5.710120060126124 4.240720040809641 -11.021900129963333
v -5.555780273070983 4.378200226628035 -10.745800674933484
v -5.78875 4.104879999999999 -9.98273
v -5.46588030136243 4.32559025094098 -9.831300854502553
v -5.371470517443829 4.525680493057325 -10.475501531163648
v -3.4452799999999995 3.8521699999999974 -14.2269
v -3.1881799999999987 3.9420099999999993 -13.892300000000002
v -3.6296799988209547 4.276090018817722 -13.80840006196653
v -2.8927899999999984 3.898759999999998 -13.499099999999999
v -3.3891399977361 4.232290011827542 -13.489800033856097
v -4.172080010922749 4.500630058540549 -13.754800221200773
v -4.590010048076799 4.642290090022818 -13.437200349786544
v -4.190100021693412 4.52901010713569 -13.211000315044444
v -3.8591900024645955 4.452360088977482 -13.348800243929015
v -3.103589999999999 4.14905 -13.113
v -4.188850028317776 4.540570141062958 -12.924100424053593
v -3.6388599930511623 4.415810105651934 -13.065100257465584
v -3.170909981293565 4.294400049236174 -12.872000141528655
v -3.437319969718819 4.440420136572309 -12.7956003870441
v -5.815450153669938 4.65322003074147 -13.01040034478406
v -5.035850089783377 4.585740067410621 -13.07480032349948
v -4.921850090814736 4.515500086874973 -12.815100353079687
v -5.697740160062894 4.5543800451627785 -12.774100322375606
v -5.432920138732335 4.442120056315915 -12.492900279339628
v -4.901190118164301 4.50113011803353 -12.431600452753257
v -5.220000138997674 4.431840083988564 -12.221500346068996
v -4.829390164010089 4.564100184878963 -12.102500683112694
v -5.498880130525306 4.359270053044562 -12.025500229934195
v -5.8072600447951235 4.245920015785537 -11.786400072890418
v -5.382580167289843 4.385360082885844 -11.707300325777677
v -5.614600085692982 4.279330034821154 -11.519100140953421
v -4.665060091926409 4.541630140180076 -12.578000504584343
v -4.157150043362481 4.634510247519745 -12.496200800213305
v -4.4691501039359665 4.633610234602346 -12.328000812619646
v -3.1700599329559873 4.439890148032317 -12.550000462533761
v -3.762829972808241 4.696470364703905 -12.336201146702761
v -3.063759874074293 4.503490211821286 -12.246300704319577
v -3.602679908814298 4.785940507847313 -12.059001653759845
v -2.8586898406651997 4.451310188809911 -11.953000661996006
v -3.3981898185695916 4.750530512848019 -11.763901752354556
v -2.495009944624019 4.252260041285903 -11.693500153058366
v -3.216889765294229 4.684940454371883 -11.44480178888343
v -4.733430222134731 4.668320294051269 -11.795201063822434
v -4.611370281235492 4.806050458938179 -11.503501656478914
v -5.440690224462646 4.390290141129767 -11.261400479296613
v -5.286360418406371 4.542830343070774 -10.991801171089609
v -4.506940414880761 4.935130646155586 -11.184202809928268
v -4.184550348556805 4.957670687035318 -10.955703750474528
v -4.422800540988888 4.9667707386676225 -10.807103906994723
v -4.958240621170094 4.783720618750857 -10.850002472086603
v -5.151770612404048 4.670790580682499 -10.682202092393055
v -4.7389007451060365 4.905520805308389 -10.579003763478156
v -5.035730749388612 4.725450763704178 -10.313202971994821
v -4.090680047264619 4.744200380062518 -12.178601263971752
v -4.138850086049035 4.8691805470435465 -11.79420188466331
v -3.7711899347384894 4.875600682448334 -11.597202343078104
v -3.4674098617206917 4.783000556797933 -11.333402476372214
v -3.795920056530312 4.891040642604735 -11.173103269785438
v -7.61983 3.307569999999999 -10.9824
v -7.321729999999999 3.4134100000000003 -10.764
v -7.261090000000002 3.699039999999998 -11.436400000000003
v -7.054989999999999 3.7069299999999994 -11.1068
v -7.1396299999999995 3.437389999999998 -10.419999999999998
v -7.03855 3.418339999999999 -10.2088
v -6.854139999999999 3.7229299999999985 -10.800000000000002
v -6.639169999999999 3.6790299999999982 -10.504100000000001
v -6.439570000000001 3.939809999999997 -11.222
v -6.25744 3.9137299999999975 -10.918400000000002
v -6.80355 3.2899899999999977 -9.64005
v -6.469519999999999 3.472309999999999 -9.55273
v -6.42915 3.702189999999999 -10.227000000000004
v -6.216219999999999 3.777420000000001 -9.96186
v -6.216209999999999 3.550479999999998 -9.294760000000002
v -5.930710000000001 3.6203499999999997 -9.03662
v -5.98422 3.87359 -9.70189
v 1.333011494711744 0.3756354506163678 -11.974401579859563
v 2.613960982021043 -0.2002131699147954 -10.905408681930895
v 1.9750825508544312 0.04619734118014347 -11.42080867680217
v 1.5768344120721784 0.3391633806561774 -11.631303135537486
v 2.2154308675136205 0.039485150959595164 -11.109107067281276
v 1.8116637308033767 0.25721273262335337 -11.304004518555725
v 3.057330524934498 -0.19082608674863225 -10.30370338090895
v 2.2453103907054968 0.15820850453646398 -10.685403536073537
v -0.3952189999999996 1.583679999999998 -13.2436
v -0.8134750000000002 1.9910300000000007 -13.3811
v 0.6822149999999998 0.768813999999999 -12.539000000000001
v 0.2757469999999993 1.1457999999999988 -12.7227
v 0.9321649999999992 0.7280829999999977 -12.1784
v 0.5243009999999985 1.0470799999999973 -12.362899999999998
v -0.13891199999999856 1.5282099999999985 -12.879
v -0.5588799999999998 1.9072699999999991 -13.0192
v 0.10972000000000047 1.3815399999999987 -12.528499999999996
v -0.31188499999999947 1.7413900000000002 -12.673400000000003
v -1.240149999999999 2.406829999999998 -13.489400000000002
v -1.6778100000000007 2.818979999999999 -13.560499999999998
v -1.1696899999999983 2.580699999999999 -12.916200000000002
v -1.4201099999999993 2.7271399999999986 -13.2338
v -2.114519999999999 3.220639999999998 -13.596299999999998
v -1.8629599999999977 3.1413799999999994 -13.293599999999998
v -2.2839999999999976 3.5061899999999997 -13.3068
v -1.6083700000000003 3.04363 -12.999400000000001
v -2.0617599999999987 3.4648999999999988 -13.0287
v 1.17347 0.6104690000000002 -11.8311
v 0.764511 0.9097909999999989 -12.0183
v 1.4051133862305563 0.5094774238937956 -11.498300763760048
v 0.9955310000000006 0.8012399999999995 -11.6905
v 0.16741899999999976 1.5298099999999988 -12.0622
v 1.428660000000002 0.6861369999999993 -11.0996
v 0.605173000000001 1.4503899999999998 -11.520900000000001
v -0.6888909999999998 2.39633 -12.3305
v -0.9267949999999999 2.4695299999999993 -12.6166
v -1.3641199999999993 2.96474 -12.713999999999999
v -1.8163300000000004 3.405059999999999 -12.7518
v -1.054069999999998 2.883969999999998 -12.34
v -1.5848099999999985 3.3505599999999975 -12.4748
v -0.25900699999999943 2.350109999999998 -11.8103
v -1.001989999999997 2.9375399999999985 -12.169600000000003
v -1.3694400000000004 3.294259999999997 -12.1936
v -0.7018340000000002 2.7937199999999995 -11.9117
v -1.170789999999999 3.238259999999998 -11.9073
v -0.46888999999999914 2.3622799999999993 -12.0696
v -2.7139500000000005 3.8450000000000006 -13.271900000000002
v -2.5003899999999986 3.8480399999999966 -13.006000000000002
v -2.2842899999999995 3.8427099999999994 -12.7397
v -2.769989989937562 4.221170013127296 -12.662900042344296
v -2.0536899999999982 3.790309999999999 -12.463999999999999
v -2.5465399999999994 4.187079999999998 -12.3871
v -1.8420499999999997 3.7210099999999984 -12.1765
v -2.3384199999999984 4.117969999999998 -12.0947
v -1.6499499999999998 3.646259999999999 -11.8769
v -2.15178 4.024029999999998 -11.7852
v 15.45443125513041 -7.06521292452347 -2.725027904441596
v 15.838047970827958 -6.869402399810525 -3.1801204010625956
v 15.995737468266707 -6.506080577035615 -3.6414667564743564
v 15.747184363167959 -6.71634328698662 -4.172241948843951
v 16.000165930540454 -6.238351745294081 -3.89337184599592
v 11.66371781199453 -6.544720261390587 -3.2970138224308205
v 11.387068148770732 -6.468556038659325 -3.2919715001484806
v 10.876151959009814 -6.2643065463224685 -3.2490573076270226
v 10.885265733257457 -6.300063938453983 -2.917544776400988
v 13.184342697559082 -6.9326238849050155 -3.111976916199785
v 14.82373782388285 -7.023737970723945 -2.2882660196848117
v 14.289871994295245 -6.8809369122423245 -2.034708926206017
v 13.787436555100888 -6.756101485276139 -1.8487785030272152
v 13.174641014219214 -6.753541990751736 -2.2509693660871983
v 13.23837542535995 -6.60183958673041 -1.585689930409691
v 14.032067637066655 -6.964848643891347 -2.715113122879083
v 13.67844690664257 -6.9587061748578 -2.9132015926468497
v 13.701708457297288 -6.896390036214191 -2.557965577994661
v 11.19053171587418 -6.553205903820499 -2.113741928567836
v 12.761737370627952 -6.5195613079719905 -1.3776848251643017
v 12.191526955019217 -6.447895842464996 -1.123175633826555
v 11.663172156710088 -6.375602493619888 -0.9095455919330099
v 11.140298907300076 -6.271406923005834 -0.6381983948427995
v 12.053044161698827 -6.624858840190564 -1.8208960114694936
v 11.546208225747677 -6.65034453971508 -2.0356264986568653
v 11.589885407604948 -6.553777227725652 -1.61780957194763
v 11.938399274364663 -6.6077021602312485 -3.2866961132964376
v 12.025545315399956 -6.713735533887261 -2.5920500228108176
v 11.462604971356946 -6.53800303126403 -2.720380203806189
v 10.905765722136904 -6.325635492097143 -2.725073858803232
v 10.938154327607842 -6.374356738332092 -2.4750761807393546
v 11.51455104189154 -6.630579669077134 -2.261722020908871
v 11.97118120186802 -6.646573935027795 -2.9658084007242573
v 13.340563152607292 -6.846114824525117 -4.360781918114046
v 13.07351168973347 -6.783202959539998 -4.264161634694518
v 14.652899999999999 -6.9550600000000005 -5.432020000000001
v 14.333099999999998 -6.92224 -5.477339999999999
v 13.154071553903874 -6.736914375222545 -4.894212458080599
v 14.294764424802137 -6.975474451831828 -4.996389937274098
v 13.699644322330625 -6.8685836123959465 -4.917133911625101
v 13.676000921622617 -6.891327001452572 -4.612451388668869
v 13.754700000000003 -6.823600000000001 -5.495930000000002
v 13.201000000000006 -6.716490000000001 -5.593600000000001
v 11.358001071492994 -6.391048915044042 -4.300319372942217
v 10.950895019072632 -6.244364283826547 -4.093727981801066
v 12.485949012085204 -6.668455980661778 -3.8010980082500785
v 11.932152420809514 -6.563436791128115 -3.9215612226486773
v 12.51540641782049 -6.62999584948367 -4.359896699843048
v 11.971188310552318 -6.546453933297908 -4.344548310849107
v 11.617553568059089 -6.498093108289232 -3.818042837198897
v 10.906262508190178 -6.240445917639754 -3.7258897108613693
v 10.884063923681776 -6.249607629598886 -3.4370063534023485
v 12.087042732376915 -6.534528136980837 -4.826993785055393
v 12.926100000000003 -6.654490000000001 -5.47466
v 12.651099999999998 -6.592660000000001 -5.457419999999999
v 12.1308 -6.52803 -5.413830000000002
v 11.543270298305409 -6.4215199740391835 -4.790844454910759
v 11.067492124182845 -6.249663603065689 -4.68297713673413
v 11.663999999999996 -6.41822 -5.42952
v 11.198299999999998 -6.24025 -5.2001800000000005
v 12.587157173150983 -6.598186633180667 -4.88302268523813
v 13.359873894213656 -6.918336243790069 -3.784209292390397
v 13.069409797990483 -6.844824187516812 -3.602516264001505
v 14.133910649744774 -7.089944659075068 -3.6004450605976546
v 13.646777408956522 -7.007280773874666 -3.761532806672727
v 13.658667415485183 -7.020294833490488 -3.3471374431766927
v 14.189982116588938 -7.0559906413325715 -4.335826762196197
v 13.658336037927562 -6.921878401409995 -4.343729312395012
v 13.64340328402782 -6.9785341842009165 -3.970811152709656
v 14.823022193366382 -7.103531811194844 -3.1862370045143695
v 15.513072828043715 -7.02064053582133 -3.508095564940834
v 15.290879626459631 -7.005227373233026 -4.492153953646218
v 14.854553784121828 -7.126915038930661 -4.029107874145613
v 15.2007604174638 -6.923566169735201 -5.248103552258636
v 14.98324435955089 -6.953363058667054 -5.340270474476205
v 14.94317187196904 -7.03276630341531 -4.9877442555781615
v 15.588960289765987 -6.743441353360995 -4.941638455839378
v 15.839625613776963 -6.411873129160452 -4.519228314432145
v 15.960348440104887 -5.979417386047142 -4.105827884603868
v 12.518285244245003 -6.725015444874988 -3.2378901387173133
v 15.438498270229868 -7.035303878117955 -1.8872226888563162
v 15.919212286233403 -6.8158248191449635 -1.4217345366980072
v 15.79615609756005 -6.644154859090023 -0.5500767132751486
v 15.459849215945404 -6.888575909943724 -0.9410696218793217
v 15.59149326750107 -6.683213206861707 -0.35542926375551187
v 15.949503416327536 -6.138483302964798 -0.0907500881582233
v 16.120509547354914 -6.427502390194354 -1.0112733035219292
v 15.921293980276985 -6.881575040711134 -2.2985974743177575
v 16.194976847445716 -6.559368818772361 -1.8847786931020079
v 16.15332914305226 -6.580868801714015 -2.7605499243265554
v 16.298011360504724 -6.155064467000232 -2.349214196179517
v 16.2683665031863 -6.068066755532606 -1.4774085308000608
v 16.21843902347193 -5.7094077226664215 -1.2475134441849776
v 16.118283883997094 -5.832676412195873 -0.581780669257674
v 16.257618100885484 -5.687046332024866 -1.9325091803742864
v 16.185858077207996 -5.867147683790783 -3.037636519770345
v 16.13504607991626 -5.969319451163914 -3.33574180922426
v 14.433055077441116 -6.593115446289438 -0.5444870931496161
v 13.565797464204843 -6.499613414254657 -0.9545777508872998
v 13.313549398358258 -6.423277630759928 -0.8536374300793508
v 13.829702274374194 -6.578970102644016 -1.0606076360301087
v 13.89595760078672 -6.411867284041277 -0.31100543617848186
v 14.470182213108586 -6.41245459980087 0.24310503360485422
v 14.549625094325508 -6.222928473750124 0.9562589848056468
v 14.98356198466494 -6.631719296355329 -0.12874082808716394
v 15.571564506284098 -6.380600511091484 0.3139721980099573
v 15.01512624619151 -6.346779134135952 0.7128120210962221
v 14.210762395658804 -6.31848671030167 0.3459136565749782
v 13.958156032548814 -6.235464107841636 0.4461899105609518
v 13.443793206023345 -6.067660936494639 0.6537295671203018
v 14.69614695355885 -6.861574729483744 -1.4047895830877168
v 14.322863399824872 -6.794009826573372 -1.5794765879362567
v 14.345439328884838 -6.7336702381516425 -1.2660314061359232
v 14.923145786328089 -6.771510461222533 -0.7113686631834563
v 13.382752497774142 -6.242904899375455 -0.07306968316641227
v 12.85722098204336 -6.108142967146542 0.12270037131676478
v 15.366309578968023 -5.557470775937029 1.568050572572235
v 15.6813489102313 -5.909359324871953 0.7129724447082161
v 15.265177399159562 -6.044112781346279 1.174144205745516
v 15.610446376283718 -5.375369007286268 1.040478716486756
v 15.277005941189827 -4.969738814619888 1.9057695452158148
v 15.419123755254954 -4.780629176185683 1.3308549303569572
v 15.023798969187103 -4.329924018017918 2.177520878318583
v 14.835825381423858 -3.968003157428681 2.3052517785038082
v 15.19502458090211 -4.310501744885258 1.5110548190990416
v 14.821664460460129 -3.835171198760652 1.7467371179375806
v 14.765736850580677 -3.829942903568493 2.1014373709653906
v 15.883508500266077 -5.601767405406077 0.2463004338874154
v 15.787377886176126 -5.27583860215499 0.4134667303012005
v 15.891004885375532 -5.141169392986759 -0.23106703926187147
v 15.613011395240896 -4.581559681703781 0.010893884888651194
v 15.561770609017007 -4.670276429610027 0.5539298534794489
v 15.22797563878373 -4.208560034787102 0.9062425957314226
v 15.183819841061705 -4.204030440848625 1.220206164470173
v 15.087496903855083 -4.050957986231489 0.9953590254600866
v 14.912554747640268 -3.8554780666375486 1.1022609082183155
v 14.950339470248633 -3.8309859983398233 0.6066426352022085
v 14.651164549573895 -3.6503944165017335 1.838828734887103
v 14.450227624367631 -3.330319590019246 1.375140653106283
v 14.5489877855336 -3.4860415455151976 1.5984136503192399
v 14.690202468947607 -3.504646876283795 0.6466633365122401
v 14.236998106874053 -2.9917669192583585 0.9097358809070271
v 14.322922628243846 -3.142267160234682 1.1181153113537352
v 16.118890136789656 -5.397140258514242 -1.0865024450838106
v 16.02485021267469 -5.023640130865 -1.689256669427759
v 16.008992068491853 -5.027005229297927 -1.3732303118754199
v 15.89251071493075 -4.813833543802359 -1.5684323554765054
v 16.23498820418857 -5.765263084463063 -2.6783716197121032
v 15.902889537094543 -5.348617501593979 -3.6434392491134817
v 15.969770570557403 -5.200522261057803 -3.048408698217524
v 15.69550005790293 -4.942960725492752 -3.2793450563726325
v 16.022701717279993 -5.066466723137805 -2.288421057481488
v 15.884645112982387 -4.925167527636837 -2.433555199447788
v 15.738178777982764 -4.735567340514511 -2.2803985665424724
v 15.745064492792617 -4.664397940912644 -1.7555961853731068
v 15.72483911680332 -4.786752640523788 -2.5928889288787245
v 15.46039969183008 -4.385182764116378 -2.09117298578795
v 15.430474859606214 -4.513132860234166 -2.905551449753543
v 15.144497943309709 -4.064717415924946 -2.50619690908323
v 15.977332934613557 -5.0514346852626995 -0.9274521183863101
v 15.709876543563212 -4.622170582709958 -0.7067345771817268
v 15.737415946479288 -4.63179311490708 -1.434340933823884
v 15.385750000849482 -4.248210151380759 -0.45693925171478134
v 15.309836701769543 -4.229339333503986 0.23089789866686006
v 15.206431324677252 -4.035899267969006 -0.32146603266779006
v 15.443323659992782 -4.281310623597598 -1.1733423463023605
v 15.153221699443263 -3.913274653900694 -0.9351655729527595
v 15.113540621650362 -3.897158745990544 -0.51051348370532
v 14.979212002591535 -3.6884246724140657 -0.7903804115315733
v 14.782387476316138 -3.510396730122116 -0.007647841675855215
v 14.47397894569085 -3.1314370911098486 0.20481894940087914
v 13.90250602330499 -2.3864880168913585 -0.10238955559879728
v 13.852410053971978 -2.391771381096485 0.21166263324018364
v 15.110461957569537 -3.8963099037170377 -1.6451722812095313
v 14.901762455701272 -3.6032696141516154 -1.4456872201658413
v 14.880645036062537 -3.5508138820926343 -0.9673664339409178
v 14.612967505695405 -3.191557223746374 -1.191195502962437
v 14.906972905487804 -3.7175637564516864 -2.27261679761595
v 14.908165765663181 -3.6707714721700437 -1.918137447039019
v 14.754942080044438 -3.485313110017784 -2.114716770787422
v 14.338738205594858 -2.8661275303811475 -1.7194975600470177
v 14.544569349886093 -3.1467326237402027 -0.36908745045427227
v 14.295389136553837 -2.7814384515324972 -0.8236879962205248
v 14.145116614722998 -2.5946100053367163 -0.8655549072426385
v 14.237865692018088 -2.759437485380129 -0.2692962329850607
v 14.036470865707154 -2.4676690880206165 -1.500379326076719
v 13.993356193660977 -2.417975233784445 -0.9032698063687886
v 13.231700000000004 -6.74333 -6.152470000000001
v 13.306500000000002 -6.706060000000001 -6.735060000000002
v 13.997200000000001 -6.659529999999999 -6.654840000000001
v 13.752100000000008 -6.76779 -6.225180000000001
v 14.421100000000001 -6.8423 -6.012470000000001
v 15.04819759870348 -6.838381238910248 -5.87271466304177
v 14.739500000000001 -6.6084900000000015 -6.4828600000000005
v 14.170400000000003 -6.32557 -6.99339
v 13.5351 -6.43778 -7.24776
v 15.296775337155786 -6.432595264082096 -6.314308855545359
v 14.688499999999998 -6.153150000000001 -6.77207
v 15.186016478202605 -5.97505228796644 -6.511775057685943
v 14.506400000000003 -5.811120000000001 -6.9074300000000015
v 13.937200000000002 -5.88621 -7.302520000000001
v 14.612599999999999 -5.3962200000000005 -6.640180000000001
v 12.696600000000002 -6.6428699999999985 -6.12414
v 12.1986 -6.533360000000001 -6.037659999999998
v 12.165099999999999 -6.53296 -5.7393800000000015
v 12.7806 -6.607380000000001 -6.78033
v 12.3137 -6.47434 -6.645350000000001
v 11.748900000000004 -6.399670000000001 -5.8857800000000005
v 11.328399999999998 -6.203860000000001 -5.691160000000002
v 11.8921 -6.32254 -6.4405100000000015
v 11.496999999999998 -6.11579 -6.1960299999999995
v 12.975100000000001 -6.385220000000001 -7.2693200000000004
v 12.513200000000001 -6.297550000000001 -7.13922
v 13.194800000000004 -6.01688 -7.50888
v 12.853000000000002 -5.937480000000001 -7.431899999999999
v 12.103199999999998 -6.14664 -6.911010000000002
v 11.724100000000002 -5.936499999999998 -6.633309999999999
v 12.406099999999999 -5.82307 -7.19528
v 11.911700000000003 -5.75637 -6.836079999999999
v 15.499416874235816 -6.653711929890293 -5.62549115630849
v 15.76853229281284 -6.352157927810129 -5.291548314493395
v 15.643101701241573 -6.259541948572458 -5.951472461275743
v 15.837226024710478 -5.876462411041822 -5.579735226392523
v 15.891651994772808 -5.925662994955666 -4.9048564087981745
v 15.86733338785283 -5.431723150947801 -4.468170982803131
v 15.880185776438921 -5.39825050924741 -5.176100408475712
v 15.558605356075443 -5.792743600378706 -6.153987340895217
v 15.789657832994937 -5.571050482088879 -5.718087372487893
v 15.665777037948201 -5.2798180582140475 -5.809503078894366
v 15.32588760794284 -5.3964364678520065 -6.25914701798735
v 15.514433714204827 -5.125839053867397 -5.876832392393997
v 14.806100000000002 -5.09569 -6.287070000000001
v 15.162545245572346 -4.902268784973214 -5.911186769050566
v 15.652545038906144 -4.920371622651627 -5.424250829723893
v 15.709164672643555 -4.83222227533916 -4.743238093021397
v 15.429845715663383 -4.4770625571534834 -4.997162862694536
v 15.320150116544923 -4.6584350745170235 -5.489649592853013
v 14.8035 -4.71711 -5.875590000000001
v 14.947047553813432 -4.4626486623719135 -5.493828789307689
v 15.07943063298912 -4.2376518683829545 -5.0505826963771945
v 14.5808 -4.29066 -5.45796
v 14.701711411641078 -4.034561551257214 -5.057626436061216
v 14.27137439236213 -3.905592128368117 -5.115139386635936
v 14.186400000000004 -5.57211 -7.009319999999999
v 14.4005 -5.28411 -6.6468500000000015
v 13.5919 -5.682750000000001 -7.363919999999999
v 13.1925 -5.54407 -7.28658
v 12.7574 -5.43911 -7.12243
v 12.295900000000005 -5.331120000000001 -6.853960000000002
v 13.824800000000003 -5.38868 -7.023160000000001
v 13.4268 -5.250160000000001 -6.95519
v 14.026200000000001 -5.11455 -6.63317
v 13.632000000000005 -4.96916 -6.57779
v 13.0041 -5.12073 -6.804849999999998
v 12.564400000000003 -4.99329 -6.59961
v 13.219200000000003 -4.8174600000000005 -6.4392000000000005
v 12.792300000000004 -4.67702 -6.276409999999999
v 14.5989 -5.00081 -6.274660000000001
v 14.216100000000003 -4.838380000000001 -6.246220000000001
v 13.8234 -4.6767 -6.182470000000001
v 14.3957 -4.561180000000001 -5.863800000000002
v 14.001700000000003 -4.385180000000001 -5.792280000000002
v 13.417100000000003 -4.51522 -6.068120000000001
v 12.9999 -4.36373 -5.93801
v 13.5991 -4.21516 -5.695140000000001
v 13.188500000000001 -4.053839999999999 -5.5898200000000005
v 14.165100000000002 -4.10095 -5.40204
v 13.767600000000002 -3.9184700000000006 -5.324740000000002
v 13.363600000000002 -3.74542 -5.2431100000000015
v 13.973560766892865 -3.522510037687547 -4.802789087401129
v 13.524779365352213 -3.4391313513025015 -4.897742709550759
v 15.670544141220521 -4.953612343379874 -4.073286276366262
v 15.406688668389657 -4.540388879753362 -3.641155826216511
v 15.445920453336415 -4.438801175064365 -4.333507386950072
v 15.135750502024624 -4.127829882001159 -4.696060323147753
v 15.065352856064631 -3.9684476389270547 -3.9240893370284446
v 15.058779142615927 -4.003593490434265 -3.264190361425667
v 14.882948982051621 -3.730271991658471 -3.0625013359637823
v 14.895490306085115 -3.759520643153202 -2.7522096618763006
v 14.71248907615174 -3.465466194939655 -2.8820043820412335
v 14.863852412895028 -3.7067345443484845 -3.741729046942049
v 14.870307477096642 -3.7140369075121358 -3.39839369823578
v 14.601573027841532 -3.3569739725623977 -3.5347335119611336
v 14.260965886758632 -2.8546665937733815 -3.1869013454554236
v 14.96022601587728 -3.9513863514668746 -4.556661719674125
v 14.854248018462137 -3.721808568516451 -4.027599667860336
v 14.818108588383517 -3.7975805242860075 -4.449392571228451
v 14.431676670846112 -3.5906633701625905 -4.590430690871856
v 14.429174555135484 -3.34225438803296 -4.134844904683405
v 14.05354452483948 -3.3616066279167063 -4.566783991182822
v 13.688396626136752 -3.157016609838718 -4.544449347392856
v 14.163968782084606 -3.1345152679121018 -4.152930407064759
v 13.800668989394126 -2.879257027651796 -4.172006943063704
v 14.20557871534393 -3.0493810920473576 -3.9369549933153243
v 14.24411596506675 -2.9759238093780347 -3.6899620459545224
v 13.94414050794034 -2.6858580378487424 -3.7116226252139404
v 13.978338691425693 -2.520446861505576 -3.2725373260293
v 14.626336972199475 -3.3365614193865665 -2.262883657173531
v 14.331508660016954 -2.8866143881234416 -2.5066859097980845
v 14.045703900296283 -2.471835334134972 -2.2605545901616027
v 14.0093614639668 -2.4785119730724037 -2.989066867769979
v 14.028596204782314 -2.4622917212491213 -2.7115095511014933
v 10.136755948095594 -5.921957775157135 -2.6429935230723647
v 10.406189333579087 -6.02067875873508 -3.2058596042017413
v 9.957484910715127 -5.756884424149089 -3.082097814131372
v 9.492057733669375 -5.5352360639390685 -2.4497316526495228
v 9.028347978897173 -5.238278599023666 -2.4736991921219738
v 9.019706418197448 -5.27006116147175 -2.3024552777618474
v 9.43968293786592 -5.429950141335324 -2.9432697661632754
v 9.060587329245115 -5.20809411595391 -2.8225869853044387
v 7.008156705304635 -4.7049916695285985 -2.2891889967784342
v 6.642211991014732 -4.687672831929587 -2.3355892765397996
v 6.59081670342327 -4.734923755368477 -2.0503872217179664
v 8.443139086887047 -5.02715861396116 -2.0781485562305098
v 7.932240248600069 -4.816315178951097 -2.1214847611144783
v 7.934986791867223 -4.8648942558223105 -1.8826385737815392
v 6.467705797426909 -4.7526154350721574 -1.6407476849693199
v 7.631180415908582 -4.78179056797877 -1.752954066968137
v 7.299413265811948 -4.7571493968334355 -1.8418214309516407
v 7.338304952433772 -4.779127434006709 -1.6270446641044098
v 7.618951422352546 -4.720175154432619 -2.174094078087137
v 7.294411206643713 -4.710614733982239 -2.2372314601653933
v 7.077273681240548 -4.750404757673207 -1.904025998120185
v 6.743186569722639 -4.654928580597862 -2.5850078500775573
v 7.343346301298227 -4.67498289670309 -2.4669937080229274
v 7.175246270224265 -4.664510844316593 -2.8475768034273026
v 6.852340742105073 -4.664028737594633 -2.874288090993917
v 7.452418081915688 -4.663895567468269 -2.825699346079201
v 8.208288679475665 -4.852401352461805 -2.4705472473999057
v 7.951264730166358 -4.7829283386956885 -2.3457463769612215
v 8.526416020526343 -4.982246614968904 -2.456712511636853
v 8.57959941177089 -4.965964341656429 -2.8316667343095805
v 8.546430030835396 -4.969057633487173 -2.6236937795151505
v 9.974646886639015 -5.933076500515019 -2.11640847725714
v 10.455213648898882 -6.188679479950399 -2.2118692478566757
v 10.501247387003819 -6.329868828147604 -1.8228511232826463
v 9.854746724802974 -6.060693297482516 -1.5752493621471242
v 9.305967906494363 -5.9459874376634705 -1.3558907738321477
v 9.0109105507098 -5.524086417388097 -1.5886712991926033
v 8.845790695543055 -5.729572653366665 -1.349533747371344
v 9.497270395633297 -5.677251779152157 -1.9649713202343875
v 9.013603288843264 -5.338936864030132 -2.050003650965972
v 9.011379633358189 -5.428194577687864 -1.8079709511556579
v 10.990232472061699 -6.429672809475841 -1.3204087918959415
v 10.537754985172416 -6.40383903158521 -1.491260160800589
v 10.558584448005405 -6.338475511936169 -1.1791490839212952
v 10.698428115528174 -6.177674258320957 -0.43389292660870915
v 10.409951609148022 -6.078947651835531 -2.683138562966916
v 8.47089724068563 -5.3379706732319185 -1.5482303440465814
v 7.948498375585875 -4.911462612387166 -1.6852740220727591
v 7.968837852311524 -4.988186587300086 -1.4439899441348316
v 10.497639163821393 -6.021443434716926 -3.9848500158614817
v 10.04318587570285 -5.766159793273221 -3.7498983117395563
v 9.615256918312253 -5.503920007129857 -3.6259399016598635
v 9.208568820076117 -5.272568769407789 -3.6786009117256393
v 9.164878433262182 -5.246656060526379 -3.471081030753398
v 10.444359831434715 -6.009842609780909 -3.623425613314766
v 10.004566793414162 -5.753204676010923 -3.504582993684724
v 9.573087290671008 -5.484768965710408 -3.3795702672860686
v 9.128923716665504 -5.225180724359186 -3.2741699123511414
v 10.62166653841775 -6.03651894082474 -4.5408678562960745
v 10.192709766571644 -5.798444939928045 -4.386343538503123
v 10.783488036864416 -6.0222632767947415 -5.077952545765991
v 10.340998702431076 -5.7907137061375575 -4.832888112200753
v 9.765856662694299 -5.553561526546587 -4.238600058120168
v 9.322066885149669 -5.31071943078059 -4.07288846593101
v 9.917703969089192 -5.54631880579878 -4.640518354888626
v 9.47396639020011 -5.3187994793549995 -4.471157202928323
v 8.62136035548835 -4.97601630487109 -3.195456202606554
v 8.119437297418484 -4.800308160202365 -3.139800001780007
v 7.984697741104848 -4.738890678841396 -2.8030865866646253
v 8.730152620397469 -5.050984896362776 -3.5658912072558744
v 7.5570234319206735 -4.701566019099362 -3.1121796179553565
v 7.637335101148058 -4.799128180739448 -3.529566970386115
v 8.313333134150987 -4.9726325996347835 -3.922460251053239
v 8.18486633799522 -4.882400228180902 -3.5364817756843228
v 9.215060855990426 -5.2132370301628175 -4.404619158020951
v 8.891838300368777 -5.123115845027264 -4.101261040864701
v 8.447520507154854 -5.0400924909750975 -4.357784708637755
v 6.349812754761161 -4.664161823718632 -2.3650992003445976
v 6.027941283715917 -4.636518989357304 -2.396210521307283
v 5.932686028889855 -4.7398035428227345 -2.1682073383304123
v 13.546946884265896 -2.034144108942433 0.027883612414427383
v 13.638968810606519 -2.0432458653852694 -0.6204372189142997
v 13.712529865606465 -2.0989428660994354 -1.332302105564065
v 13.353279356752111 -1.7314752990161917 -1.1787567657429803
v 13.198069404276787 -1.6298553249081285 -0.48547363950130606
v 12.982894012032773 -1.388051784689206 -1.0725994152833247
v 12.92840932590592 -1.375063775166073 -0.6685984177941733
v 12.575884817712023 -1.0689821685068686 -0.8615805591854707
v 12.203956507430206 -0.7173692541610869 -0.9846170692723333
v 8.89659119985808 2.614660147842397 -1.3134799913425883
v 8.174458298706558 3.1717205410300107 -1.6537562621432946
v 8.135942704006741 3.0962429020188003 -0.8959225314598369
v 7.675118926079465 3.3704226380572897 -0.890107166914822
v 7.083070666071705 3.708904124769445 -1.2577627093704382
v 7.559936320171117 3.5302417256795526 -2.0959398750882996
v 7.132566153720855 3.7453240176726883 -2.229941166133568
v 10.9219 -5.97928 -5.483010000000002
v 10.482099999999999 -5.75777 -5.19135
v 11.111599999999997 -5.87982 -5.946460000000002
v 10.6611 -5.669710000000001 -5.554420000000001
v 10.099817248482584 -5.503811254340516 -5.046180600543299
v 10.314499999999999 -5.40241 -5.434910000000002
v 9.876270000000002 -5.20027 -5.261510000000002
v 11.359500000000002 -5.70398 -6.324760000000002
v 10.977399999999998 -5.44598 -6.02037
v 11.6902 -5.365309999999999 -6.546330000000002
v 10.575700000000001 -5.22 -5.7757200000000015
v 10.137699999999999 -5.03101 -5.606960000000003
v 11.2866 -5.096849999999999 -6.206939999999999
v 10.8924 -4.933650000000001 -5.99066
v 9.548377070205408 -5.244265290078796 -4.8424590923081166
v 9.168109693208221 -5.131868752893229 -4.783058822398276
v 9.558579999999997 -5.09289 -5.191280000000002
v 9.510939999999998 -4.98737 -5.353640000000001
v 9.468299999999997 -4.87716 -5.543120000000001
v 9.068390000000004 -4.88311 -5.634530000000002
v 9.356179999999998 -4.63745 -5.945730000000002
v 10.392500000000004 -4.73163 -5.84424
v 9.96896 -4.641920000000001 -5.81982
v 12.114000000000003 -4.86721 -6.3769100000000005
v 11.662699999999997 -4.73047 -6.1612599999999995
v 12.359599999999999 -4.5360700000000005 -6.108419999999998
v 11.930400000000002 -4.38387 -5.958210000000001
v 11.227499999999996 -4.5691 -5.995110000000002
v 10.819200000000002 -4.377689999999999 -5.908400000000002
v 11.5148 -4.2145600000000005 -5.848790000000001
v 10.977599999999995 -4.18941 -5.857450000000002
v 11.1147 -4.018419999999999 -5.796720000000001
v 9.146820000000007 -4.3422600000000005 -6.409179999999998
v 8.860590000000002 -3.9992400000000012 -6.76934
v 9.46742 -3.9763599999999997 -6.343659999999999
v 9.12318 -3.766830000000001 -6.59184
v 10.443099999999998 -4.174890000000001 -5.90704
v 9.749920000000001 -4.247410000000001 -6.088690000000001
v 10.0853 -3.9122100000000013 -6.012040000000001
v 10.729800000000001 -3.80427 -5.800039999999999
v 10.3545 -3.57256 -5.85533
v 9.630480000000004 -3.570660000000001 -6.22101
v 9.970929999999997 -3.3945100000000004 -5.978650000000001
v 9.384409999999997 -3.381320000000002 -6.356970000000001
v 9.61236 -3.06705 -6.104450000000001
v 12.579800000000006 -4.211060000000002 -5.810340000000002
v 12.280100000000004 -4.094950000000001 -5.730930000000002
v 12.777899999999999 -3.8907600000000007 -5.4932
v 12.403499999999998 -3.7306700000000004 -5.426410000000001
v 11.7601 -3.869660000000001 -5.6329899999999995
v 11.365300000000005 -3.6747200000000015 -5.6011200000000025
v 11.979000000000001 -3.53285 -5.3813200000000005
v 11.586299999999998 -3.3376900000000003 -5.362750000000001
v 12.748181198291304 -3.054536376826206 -4.844261278626602
v 11.978549292385637 -2.6609912464654264 -4.855912535872184
v 10.9768 -3.4643200000000007 -5.604830000000001
v 10.591599999999998 -3.2382799999999996 -5.6442499999999995
v 11.194599999999996 -3.129820000000002 -5.366930000000002
v 10.805299999999999 -2.90437 -5.404050000000002
v 11.789353635501646 -3.0002867461853544 -5.111356304192232
v 11.39464929519736 -2.794939344478685 -5.116105738395188
v 11.002904950664378 -2.5684827817622877 -5.1543135331686445
v 11.587169883332493 -2.454911071455454 -4.8746959866539585
v 11.189704664869035 -2.2309810879785448 -4.906096026566134
v 10.604299999999999 -2.3214500000000013 -5.216630000000001
v 10.786308510790061 -1.9782959024074103 -4.960237058329166
v 10.2944 -3.0529100000000007 -5.70007
v 9.82346 -2.7411200000000013 -5.841940000000004
v 10.584300000000004 -2.7697000000000007 -5.437100000000003
v 10.021400000000002 -2.401080000000001 -5.580410000000001
v 10.2059 -2.0497600000000005 -5.317280000000001
v 8.70525 -3.8605 -6.887909999999999
v 8.519940000000004 -3.6975499999999997 -7.025960000000002
v 8.155510000000003 -3.39846 -7.25714
v 8.782980000000002 -3.4014300000000004 -6.8165000000000004
v 8.408440000000002 -3.11582 -7.029769999999999
v 7.769009999999998 -3.10388 -7.463560000000001
v 7.370930000000001 -2.83658 -7.6523
v 7.974070000000002 -2.8793700000000007 -7.2804199999999994
v 7.613499999999999 -2.581300000000001 -7.4289400000000025
v 9.01756 -3.1073900000000005 -6.55555
v 8.63575 -2.8311500000000005 -6.7601200000000015
v 9.232340000000004 -2.8017700000000003 -6.275090000000001
v 8.843979999999998 -2.530410000000001 -6.474070000000001
v 8.444950000000004 -2.69444 -6.865840000000001
v 8.242250000000002 -2.563750000000001 -6.971619999999999
v 7.836720000000001 -2.3233100000000007 -7.171080000000001
v 8.606960000000003 -2.37331 -6.603110000000003
v 8.041410000000004 -2.041930000000001 -6.899310000000001
v 6.82982 -2.6903500000000014 -7.927439999999999
v 6.541050000000002 -2.30215 -8.04632
v 7.19984 -2.3301100000000003 -7.62377
v 6.780359999999999 -2.0677000000000008 -7.836469999999999
v 5.940409999999999 -1.4779900000000001 -8.35542
v 7.209100000000002 -1.5399500000000015 -7.387840000000001
v 6.345310000000004 -1.0097400000000005 -7.893659999999999
v 10.335996506062378 -1.6592554342486963 -5.067923718538576
v 9.43319 -2.4763400000000004 -5.99553
v 9.038520000000005 -2.203620000000001 -6.191370000000001
v 9.623700000000005 -2.128190000000001 -5.727430000000002
v 9.223560000000003 -1.8522300000000014 -5.920850000000001
v 8.598909999999998 -2.0347500000000007 -6.462099999999999
v 8.819300000000004 -1.609940000000001 -6.1303100000000015
v 8.345180000000003 -1.4998500000000003 -6.455730000000001
v 8.230849999999998 -1.72544 -6.627520000000003
v 9.803260000000002 -1.7598400000000012 -5.466740000000002
v 9.397689999999999 -1.4770700000000014 -5.656350000000001
v 10.039499999999999 -1.2061500000000007 -5.0896099999999995
v 9.55671 -1.0776100000000015 -5.386440000000002
v 8.987160000000001 -1.2187700000000008 -5.866710000000003
v 8.569680000000005 -0.9610480000000001 -6.1041799999999995
v 9.137270000000001 -0.7938090000000007 -5.5924900000000015
v 8.710220000000003 -0.5127710000000016 -5.823110000000002
v 7.588850000000003 -0.7949190000000014 -6.841350000000001
v 6.683489999999999 -0.36594000000000093 -7.39789
v 8.073220000000001 -1.168300000000001 -6.56765
v 8.14507 -0.7034990000000013 -6.362280000000001
v 7.712540000000004 -0.44214500000000073 -6.632820000000001
v 8.275640000000001 -0.2353990000000011 -6.0705800000000005
v 7.833729999999999 0.044069399999998496 -6.33036
v 7.273030000000004 -0.17092700000000186 -6.912330000000001
v 6.825250000000002 0.05888949999999815 -7.138760000000001
v 7.423260000000003 0.5384179999999997 -6.449300000000002
v 6.955990000000002 0.6517249999999998 -6.72684
v 7.150089999999998 -0.5368700000000014 -7.124559999999998
v 13.410266929496895 -2.6868150628157017 -4.242802880172849
v 13.634961967644642 -2.199434226220247 -3.410445608986628
v 13.549099095509817 -2.3866549829573547 -3.808122155040081
v 13.151785426010944 -2.2174777754091055 -3.9885931791038436
v 13.2949168920426 -1.8808542113485163 -3.4625374554504553
v 13.038081672020839 -2.0265565592064085 -3.895388608450124
v 12.939403146588985 -1.6052229671449787 -3.5532573370735143
v 12.591917145890417 -1.3619366899569183 -3.6178894527015997
v 13.737670747706648 -2.067816405748912 -2.0472975419388915
v 13.806200091131249 -2.177509827987609 -2.8206316162167244
v 13.264387531970963 -1.4443022477806562 -2.4719220295540087
v 13.403532361054078 -1.6792642283998571 -1.8822877479408608
v 13.387172419137524 -1.7225463683562956 -1.597690939141305
v 13.100857681452599 -1.3632338520848464 -1.7798089864576423
v 12.672735958916064 -0.9230059022840694 -1.6518851179657033
v 12.716600000000001 -0.8356150000000011 -2.2712
v 12.696114117006694 -0.8692079072763342 -1.9441602434206595
v 13.338588140850351 -1.7762571192820102 -3.2339662309210726
v 13.374285966636391 -1.6932304693456672 -2.988571680827028
v 13.082345773584482 -1.422858312615792 -3.0836207151919197
v 13.073672767275777 -1.2329191080787554 -2.550004817576613
v 12.698100000000002 -0.951014 -2.921150000000002
v 12.716800000000003 -0.8747430000000009 -2.6784599999999994
v 12.663100000000002 -1.0789200000000003 -3.2083599999999985
v 12.283422654045802 -0.5455253813718137 -1.5729031929631205
v 11.87968908035679 -0.15542760543731848 -1.5286744010978943
v 11.829457172637959 -0.2560034643729788 -1.1648851329781185
v 12.3368 -0.4660840000000007 -2.1917600000000004
v 12.027199999999999 -0.17961400000000227 -2.1583199999999994
v 11.428024280101866 0.19503156664377214 -1.2532345772034084
v 11.020621312804716 0.6639939106816466 -1.4335385710154762
v 12.235499999999996 -0.4594810000000007 -2.8135700000000012
v 12.241699999999996 -0.9645520000000014 -3.4957500000000006
v 12.2841 -0.8127800000000013 -3.2955699999999997
v 11.8784 -0.5913649999999998 -3.39701
v 11.951000000000002 -0.2005009999999989 -2.7876699999999994
v 11.466899999999999 -0.2756860000000013 -3.4244199999999996
v 11.034600000000001 0.10867299999999928 -3.5032499999999986
v 11.5341 0.12597399999999945 -2.8722200000000013
v 11.0955 0.4721569999999988 -3.010799999999998
v 11.527700000000001 0.28308900000000015 -2.257580000000001
v 11.092000000000002 0.6903689999999998 -2.26293
v 13.062414535187914 -2.4157957524379743 -4.224586120020794
v 12.309906421445813 -1.994744835255299 -4.300592247839533
v 12.690161906895767 -2.199859740506342 -4.264110285092778
v 12.87467140039476 -1.768375822459074 -3.7784170505933456
v 12.452599487602228 -1.6681381429958735 -3.9908257148148074
v 11.521023863132427 -1.577901292820422 -4.367905151090854
v 11.36397713101976 -1.8984199568049551 -4.6488980737361585
v 10.955640130841417 -1.6409426488609364 -4.698013096285084
v 10.544799190827295 -1.331268521877858 -4.796308657780903
v 11.11296320031898 -1.3163023648014398 -4.4213973313475545
v 10.697399999999998 -0.9786450000000003 -4.521239999999999
v 11.991085765140387 -1.8077194117414075 -4.3116283982941725
v 12.065213049441745 -1.4642056663051197 -4.034766962190402
v 11.62783974793856 -1.346132475420235 -4.152219866450721
v 12.187999999999999 -1.1352399999999998 -3.6952099999999994
v 11.788999999999998 -0.9237810000000012 -3.74206
v 11.323800000000006 -1.057920000000001 -4.10588
v 11.375 -0.6766189999999994 -3.786300000000002
v 10.9487 -0.27142100000000047 -3.88544
v 10.857799999999997 -0.5659330000000017 -4.153289999999999
v 8.552026616839838 1.91629681427319 -4.662136646523342
v 8.16734639629039 2.1410664647444255 -4.828690518106104
v 7.169260000000001 1.9514499999999981 -5.480840000000001
v 7.679057372353626 2.370314878196991 -4.834650520699403
v 10.582673687248732 1.1109075019384242 -1.4871994596797793
v 10.144612039042629 1.5690478024427563 -1.7141363254611026
v 10.11915573010105 1.543899676091928 -1.386520820653554
v 10.3427 1.3917799999999994 -2.391469999999999
v 9.681865665166995 2.0025197373098282 -1.8649584498243015
v 9.652933081666447 1.9834172103736183 -1.3947485778382314
v 9.204706675357151 2.409622587514683 -2.0564195678324055
v 9.169216049785243 2.39686347599912 -1.356574652888353
v 9.705941072870337 1.9708133360284896 -2.432604685645817
v 9.228516895025647 2.318550241958264 -2.8561993214810393
v 9.217676273795245 2.385656492069514 -2.4343259255561347
v 10.5886 0.529721 -3.6380499999999993
v 10.130500000000001 0.9346910000000005 -3.8210899999999994
v 10.649400000000002 0.9417379999999966 -2.9844799999999987
v 10.1463 1.3701099999999984 -3.167020000000001
v 9.708910742911849 1.7407576804132348 -3.2998517845363247
v 9.218330253174429 2.049953567388366 -3.6091473274428525
v 9.22815577020271 2.1894067584435235 -3.291200286659618
v 9.668070000000005 1.3686799999999986 -3.9493199999999993
v 9.200861241172227 1.8535947235853616 -3.9616724760303024
v 10.6448 1.1080400000000006 -2.364689999999998
v 8.224988667250107 2.9974037106863127 -3.322847544297446
v 7.169782938042563 3.5102290108125285 -3.130509384835398
v 7.714151981875771 3.1421509920366564 -3.6856564292307903
v 7.703688327514318 3.3442538806853928 -3.256382747708661
v 8.545680185517162 2.9148305868255138 -2.3758449461480167
v 8.204863532939406 3.1561286813742666 -2.435026100906791
v 7.692712264505126 3.424365063771091 -2.840642457575111
v 8.337877261178091 2.5633372020375425 -4.1088861840445094
v 8.73228517196693 2.632094403740598 -3.2197060801811634
v 8.716877483525927 2.308528114340235 -3.9687288266832548
v 7.70151028104026 2.6441792584691184 -4.482422593115731
v 7.712800645269763 2.8680427307453087 -4.1545741061110615
v 10.127100000000002 -0.9841329999999997 -4.94337
v 9.662539999999998 -0.7826880000000009 -5.193430000000001
v 10.274599999999998 -0.594413000000001 -4.67269
v 9.845099999999999 -0.2347810000000003 -4.844899999999998
v 9.248529999999999 -0.430878000000001 -5.366109999999999
v 8.810220000000001 -0.13293200000000188 -5.592110000000002
v 9.406450000000003 0.1197289999999981 -5.038570000000001
v 8.95709 0.465840999999998 -5.241
v 10.513899999999996 0.17612899999999848 -4.024989999999999
v 10.0705 0.6117829999999997 -4.183589999999999
v 10.4349 -0.11197000000000018 -4.28638
v 9.980900000000002 0.23963600000000063 -4.504410000000001
v 9.283159999999999 0.7830779999999988 -4.824370000000002
v 9.61591 1.03063 -4.346219999999999
v 9.17349685033299 1.6092224264129786 -4.301282729432785
v 9.533120000000002 0.6296619999999987 -4.691559999999999
v 8.35505 0.11664099999999827 -5.855000000000001
v 7.890560000000005 0.33774699999999924 -6.147090000000002
v 7.933880000000001 0.584102999999999 -5.994900000000003
v 8.495830000000005 0.8058069999999992 -5.440670000000001
v 8.04643 1.277839999999997 -5.551160000000001
v 7.682640000000001 1.36964 -5.7791999999999994
v 7.067860000000002 1.377639999999998 -6.06626
v 7.47389 0.8813899999999989 -6.2230099999999995
v 7.013920000000001 0.9812660000000001 -6.428249999999999
v 8.554600000000002 1.1136599999999977 -5.240079999999999
v 8.109870000000003 1.697389999999999 -5.241710000000002
v 7.629690000000002 1.9510699999999983 -5.293660000000001
v 14.379356128270928 -3.4930424700956832 2.5210117016519837
v 13.975770279655526 -3.1816250392024563 2.8529538314354506
v 14.4941349775169 -3.485236065064416 1.91821302486183
v 14.146680959950292 -3.1573127988910565 2.0580083713562387
v 13.881237871705231 -3.0564076006068865 2.686802852734715
v 13.650672960046311 -2.867283347873789 2.74747048188552
v 13.271009462192923 -2.5587284117344633 2.8339301012757785
v 13.722395920728129 -2.7746752585514183 2.200412274262542
v 13.417435645234248 -2.5157854746509187 2.2796643696342827
v 14.262690091082444 -3.145925967217006 1.4577124063152118
v 13.675961884482675 -2.444797644411891 1.1196758166660659
v 12.889552233591244 -2.2419649827302317 2.907357763864703
v 12.508346380095588 -1.905639067926979 2.976359437522019
v 13.03778725341054 -2.1828002741614516 2.3600831149930337
v 12.654675038840448 -1.8478070672304774 2.4304491490917766
v 11.785517102991907 -1.209154199166164 2.788015246896629
v 12.925343983773713 -1.7645342162054822 1.299474362423381
v 12.126005504544835 -1.1223324895602171 1.3995863918397122
v 11.431811924692745 -0.84369780032341 2.554934333673456
v 10.176504441884356 0.23447929652133892 2.613993194703649
v 11.298465315545942 -0.4442193011806751 1.458068328329908
v 11.044038207138422 -0.49874970833876153 2.4761720626658112
v 10.459023393318823 0.3041197589945888 1.499343961260284
v 10.325550737095416 0.27880308935163134 2.0453022696653056
v 13.171054203164214 -1.7005807314144663 0.1207959797528068
v 12.379783993967557 -1.073465964700216 0.23730104566026375
v 12.780329424161021 -1.3849395268518068 0.18747524535476104
v 12.495132974484338 -1.0614773614217838 -0.36123226068860365
v 11.491933988006243 -0.3435946581790015 0.320008330543353
v 11.680491391237723 -0.3918623039259598 -0.27078997579004255
v 11.264654033973821 -0.019846675432817887 -0.24134720807976448
v 11.152150558293242 -0.032946800890311066 0.2907981151268999
v 10.84388693409807 0.37086656047888245 -0.2273439394890916
v 10.769409772151695 0.3638374695718136 0.14122032408751195
v 11.374539141098255 0.07859869751046211 -0.8797803470761448
v 10.95071617132097 0.5288267450127749 -0.8818768514311675
v 10.027484879922412 0.18510451513084944 3.150146972573252
v 9.428404959267407 0.4943764398204399 3.6714850000952604
v 9.600295042059477 0.5833173889209937 3.168639409025089
v 9.160544482684177 0.9709233325759852 3.160615805415277
v 9.754303598503213 0.6398439578163199 2.6357943119154394
v 9.320588090947451 1.0430563688493952 2.6384151769346693
v 8.713076164146678 1.3542861676779103 3.1314741458276787
v 8.256986372336057 1.7331191143942322 3.088483230957448
v 8.879002750952573 1.4429176983498286 2.6181408753496482
v 8.427556483517359 1.835232664482981 2.58080584174282
v 10.034635260372347 0.7095132511905592 1.5138487010957467
v 9.947294290238148 0.6980881389084517 1.8917798716972858
v 9.542177157463353 1.121178534302519 1.7944901485232614
v 9.115952726776694 1.5449045951349032 1.7420495606918747
v 8.725578405398123 1.976861243832614 1.4884818611444677
v 8.658224852911886 1.953621420944943 1.7644410942029551
v 9.46899159993392 1.1013510913449003 2.0905188929036136
v 9.031005983056957 1.5154000806203776 2.078887036046477
v 8.58353641002932 1.9210716986497605 2.0484901488568577
v 6.821052657236834 2.7831022012344477 2.8601878613806964
v 6.3099778208597 3.0579066221836064 2.712144579772091
v 6.995620844744132 2.915563052046303 2.3463533029275805
v 6.484885698011563 3.17824375477323 2.2065508592143006
v 7.7909187408202465 2.103495346571819 3.0327662655231724
v 7.313680358148834 2.459421977143196 2.957748644662281
v 7.9649827060551655 2.217368372073674 2.5286304785148728
v 7.276131326992215 2.7324588447564984 2.4119178696099977
v 7.963444577007306 2.4421568801241165 1.9761528868251679
v 7.648879659916347 2.682107627503133 1.9217323973138258
v 7.566517659718781 2.6321225831282202 2.2027669874314046
v 8.268921891544112 2.3784992981960325 1.4407667557397548
v 7.796062090580298 2.7583806393676773 1.364968458745071
v 7.157009348196175 3.0247105148616393 1.8152621204445498
v 6.647542345555332 3.2788759419656723 1.6758335652225365
v 6.796458853799709 3.3529854335871545 1.117761897560191
v 7.30433965674024 3.096529734058771 1.2558781706891256
v 10.593427362968992 0.32870066244385465 0.9311921320316299
v 10.167829877649956 0.7342797395580063 0.9418216727267756
v 9.738581383417989 1.1628525729545787 0.9477696760455868
v 10.297367029719252 0.7669173890716066 0.36765492911122705
v 9.86635613834228 1.1985800452087594 0.36930258123458715
v 9.302228748686522 1.5971458832295518 0.9399195633970885
v 8.859436229945514 2.0240043608337785 0.9144541442795677
v 9.42792279652412 1.6372315180474646 0.3570070987428543
v 10.417133456928962 0.7841036839701608 -0.2224136935337166
v 10.360461195138607 0.7796396922436334 0.07073345978424735
v 9.933989533824832 1.2120641710476936 0.03654092548997957
v 10.519136701897697 0.994990035550069 -0.9106746965578498
v 10.07798497510132 1.4676647376746694 -0.970142685065698
v 9.538246522207933 1.7097063940122181 -0.28038007949612465
v 9.489147999735193 1.6499429163448907 0.039495468972943704
v 9.082778851351517 2.1850655374104737 -0.3726865017917018
v 9.023098398777258 2.0746414561860886 0.08982698719402926
v 8.402608049300762 2.4333721622139963 0.8638425621443612
v 7.92765238600135 2.818228934357493 0.7828963494156619
v 8.469864262609072 2.5213396499083673 0.22429742164304417
v 7.999869216187001 2.8447538052686916 0.4041895431764386
v 7.445916530640076 3.140519076330187 0.6852693865629045
v 6.916657805534818 3.400735080616179 0.5113389058748741
v 7.538020405311489 3.1925600680734263 0.019729934491276135
v 8.614442355957998 2.6381578126856096 -0.5068921943341064
v 4.352900929535494 3.9721990620057825 1.4594374904429372
v 2.319178703457969 3.812526016671208 0.772568277172488
v 3.3008098781562714 3.8564085053816615 1.0972016240328624
v 3.349310865193153 4.275904275241724 -0.3487282264301635
v 2.5928444809218036 4.2169784234468 -0.697150296129243
v 3.6093279358898718 4.259418461910825 -0.20816927391022752
v 3.174280000000001 3.1789299999999994 -4.14727
v 5.847153974066193 3.881975660573955 0.10173721301233404
v 5.740707613480949 3.8193556193774354 0.6870674470888031
v 6.96610436970581 3.579268011836978 -0.37085655361244196
v 6.4831541401620765 3.8289435311282203 -0.5656729521561968
v 6.224806890491316 3.699263123698625 0.27451224140507285
v 4.77656147931793 4.294796426216897 -0.5744539585939902
v 4.65344763909037 4.0921576752068 0.34723429330672034
v 5.187496469022278 4.038778627750592 0.5430799818180382
v 5.888451606491806 4.1733562770831725 -1.037237535293067
v 5.400741289339076 4.348219220626403 -1.243687717734424
v 5.256440358789432 4.198421286237446 -0.4133955337152714
v 6.174225057757755 3.8167194126119686 -2.743104954319939
v 5.47972 4.046699999999998 -2.224059999999999
v 4.9327299999999985 3.8649199999999984 -2.56057
v 5.073920000000002 3.528149999999998 -3.3476700000000004
v 5.525059999999999 3.634919999999999 -3.2037700000000013
v 6.557529936192543 3.9752348783744083 -1.5585652263012333
v 6.010944337955889 4.138798765432576 -1.9107939028767702
v 4.011113345341228 4.387710890595732 -1.0207663795795487
v 3.7240825770828376 4.292698012355855 -1.1698149338659183
v 3.670883320321603 4.389162531225911 -0.6883506714418177
v 4.807520000000001 4.180839999999997 -1.7061999999999984
v 4.334000000000002 4.111879999999999 -1.8776800000000005
v 4.2795970756281765 4.311697755019891 -1.2619258598686363
v 3.8214599999999996 4.029169999999996 -2.1280100000000006
v 3.0981111961848677 4.2976354271207935 -0.474760259465618
v 3.2144900000000014 4.13947 -1.4051499999999995
v 3.31834 3.8880299999999988 -2.32733
v 2.8478500000000015 3.820169999999999 -2.4557000000000007
v 2.776630000000001 3.958759999999998 -1.9599900000000006
v 4.127125080739406 4.217666159851008 0.09449330315150963
v 4.2609400000000015 3.720229999999998 -2.89766
v 3.8785400000000005 3.842819999999998 -2.68342
v 4.49762 3.355459999999997 -3.7072000000000007
v 4.011870000000001 3.315569999999998 -3.9071600000000006
v 3.4323900000000007 3.5802099999999975 -3.2033600000000004
v 2.9611400000000008 3.5107999999999993 -3.327619999999998
v -0.16902089238008106 3.956431998299267 -0.2213730067841797
v -0.514177999999999 3.8729299999999993 -0.4515689999999985
v -1.3516200000000007 3.770829999999999 -0.9970440000000017
v -0.2098619999999993 4.109170000000001 -1.73826
v -0.9874569999999977 3.910869999999999 -1.4743399999999984
v -1.1981199999999987 3.9137599999999986 -1.594299999999999
v -0.3524840000000001 3.9884399999999993 -1.087349999999999
v -0.9873829999999999 3.7946000000000004 -0.7650349999999986
v -0.7688009999999985 3.9240999999999984 -1.3446299999999989
v -0.9483459999999992 4.065639999999999 -2.1472200000000017
v -0.6312269999999983 4.066969999999998 -1.9743299999999993
v 1.2509816917881236 3.8442129850275473 0.44770083600904453
v 0.2733170745718191 3.9376061641562776 0.06729898277749913
v 0.6387233516040881 4.212801447153668 -1.3187963095282207
v 2.559149999999999 3.275609999999999 -3.9368200000000018
v 2.148840000000001 3.1440099999999975 -4.385360000000001
v 2.06828 3.3997199999999985 -3.7942799999999997
v 1.5623800000000003 3.5813099999999984 -3.6363799999999986
v 1.05899 3.815119999999999 -3.3713
v 1.690370000000001 3.1990299999999996 -4.48117
v 1.2321200000000008 3.3078599999999985 -4.5664000000000025
v -0.08892289999999982 4.187969999999998 -2.419909999999999
v 0.5226299999999982 4.089609999999998 -2.84472
v 0.01035139999999857 4.161929999999999 -3.143240000000002
v -0.9116659150612028 4.224817157039044 -2.8125229437330965
v -0.5162949999999994 4.192419999999999 -2.624690000000002
v -0.8382078124003214 4.312834405598087 -3.4644900683893636
v -0.42303604168882614 4.230720170667806 -3.3039323367098614
v 0.6394680000000001 3.8120200000000004 -3.814810000000001
v 0.16086199999999973 3.98109 -3.9130099999999985
v 0.7725830000000005 3.4792799999999993 -4.637700000000001
v 0.3077469999999981 3.711 -4.698160000000002
v -0.6784992564611875 4.32548551436722 -4.104022077938526
v -0.32727500000000115 4.184029999999999 -4.01567
v -0.662867671906077 4.224925080470922 -4.847585528261282
v 2.387199999999999 4.026709999999998 -1.6804700000000001
v 1.6476900000000003 4.167509999999998 -1.0076600000000002
v 1.7746899999999983 4.049949999999998 -1.8251300000000013
v 2.0993999999999993 4.165649999999999 -0.8764759999999991
v 2.3802399999999997 3.8075599999999983 -2.565919999999999
v 1.9160400000000009 3.8377599999999976 -2.6640999999999995
v 0.9769599999999997 3.9801199999999985 -2.8699899999999983
v 2.496730000000001 3.489669999999999 -3.4357399999999987
v 1.4486700000000003 3.8946199999999984 -2.7652099999999997
v 0.8189569999999993 4.154679999999999 -2.0671299999999992
v 0.13247900000000012 4.169249999999998 -1.5465499999999976
v 0.22071011952646857 4.205917741462504 -2.2707963965795672
v 5.101240000000002 -0.8738750000000004 -8.89498
v 4.273030000000002 -0.278280000000002 -9.44926
v 5.48321 -0.4664770000000009 -8.413799999999998
v 4.637419999999998 -0.10262400000000198 -8.9289
v 3.773640000000002 -0.20460800000000115 -9.62514
v 3.5543899999999997 -0.08483030000000157 -9.608569999999999
v 3.7944700000000005 0.09534299999999922 -9.302649999999998
v 2.8350200000000005 0.22846699999999912 -9.76935
v 2.943520000000001 0.3099789999999998 -9.6086
v 5.805690000000003 0.06386719999999944 -7.93703
v 4.933679999999998 0.2390249999999981 -8.39015
v 6.038679999999999 0.7107690000000005 -7.32834
v 4.198460000000001 1.1501099999999973 -8.29818
v 3.8532299999999995 1.1686899999999987 -8.39673
v 3.4036799999999996 1.2179000000000006 -8.53151
v 3.22302 0.696122 -9.10533
v 5.062760000000002 0.5080159999999976 -8.11265
v 4.50479 0.3587989999999993 -8.622739999999999
v 4.63126 0.6198279999999999 -8.344109999999999
v 4.19731 0.7939770000000004 -8.592829999999998
v 4.733860000000001 0.9423259999999983 -7.99747
v 4.011550000000002 0.5011389999999987 -8.85581
v 3.7612600000000027 0.8489509999999985 -8.716539999999998
v 3.3251600000000003 0.9442689999999994 -8.85051
v 3.6435999999999997 0.5645509999999988 -8.96903
v 2.121059999999999 0.7776309999999999 -10.0254
v -0.5611230000000006 3.2175899999999973 -10.811699999999998
v 2.9694400000000014 1.3705899999999978 -8.59904
v 2.5286499999999985 1.536239999999999 -8.716009999999997
v 2.0869100000000005 1.7353599999999987 -8.93337
v 1.65964 2.05615 -9.03428
v 3.0851200000000008 0.464297999999997 -9.37335
v 2.523920000000001 0.5029980000000001 -9.80158
v 2.661960000000001 0.6458819999999998 -9.55776
v 2.2501300000000004 0.9178779999999992 -9.78216
v 2.8084800000000003 0.8896809999999983 -9.254899999999997
v 2.4039200000000003 1.16271 -9.405810000000002
v 1.8441699999999996 1.2812599999999983 -10.02
v 1.4087999999999994 1.694869999999999 -10.2971
v 1.95816 1.4333099999999996 -9.71953
v 1.5466399999999996 1.8505899999999993 -9.91262
v 2.89276 1.0931999999999982 -9.00188
v 2.465940000000002 1.3083499999999981 -9.16937
v 2.0036799999999997 1.511869999999998 -9.545420000000002
v 2.0438700000000014 1.59817 -9.340679999999999
v 1.59924 1.9240299999999984 -9.66117
v 1.232390000000001 2.413729999999998 -9.095049999999999
v 0.7933240000000005 2.7733699999999986 -9.127799999999999
v 0.3310469999999994 3.15072 -9.15775
v -0.16689500000000004 3.5193899999999987 -9.21152
v -0.15774000000000032 3.4970300000000005 -8.82516
v 1.0098199999999988 2.19069 -10.4057
v 0.5611200000000012 2.5973899999999985 -10.4965
v 1.1261400000000001 2.29149 -10.0461
v 0.687805999999999 2.702009999999998 -10.101599999999998
v 0.04865959999999966 2.953759999999999 -10.616299999999999
v 0.1122300000000003 3.003400000000001 -10.4587
v -0.37739000000000106 3.3598699999999986 -10.382700000000002
v 0.22503500000000087 3.0962299999999994 -10.0807
v 1.1832100000000014 2.3452799999999985 -9.737989999999998
v 0.7534550000000022 2.7497199999999995 -9.718110000000001
v 0.26792099999999874 3.12559 -9.853800000000001
v 0.30224100000000087 3.1490899999999984 -9.60392
v -0.1881109999999985 3.5119699999999994 -9.47878
v 5.658026011888696 2.81315632601551 -4.857455104861764
v 5.16425 2.713459999999998 -5.068029999999999
v 5.122789999999998 2.8708499999999977 -4.730270000000002
v 6.985377899047691 2.5262097960251064 -4.903721343665918
v 6.671877056636265 2.601668900196686 -4.922034852366638
v 6.167120000000001 2.4214799999999994 -5.394439999999999
v 6.160255759092664 2.735559548156323 -4.928301074671561
v 6.6462 2.0604699999999996 -5.60607
v 6.1648099999999975 1.890449999999998 -6.0905
v 6.168199999999999 2.164559999999999 -5.74439
v 5.7175400000000005 1.9039499999999987 -6.303840000000002
v 5.692469999999998 2.368159999999999 -5.614750000000001
v 5.286550000000001 1.941189999999999 -6.477319999999999
v 5.256509999999999 2.240389999999999 -5.980680000000001
v 4.4522 2.9833299999999987 -4.56721
v 4.091950000000002 3.070909999999998 -4.488030000000001
v 4.703029999999998 2.6947499999999995 -5.245950000000003
v 4.251390000000001 2.7396699999999985 -5.41939
v 3.6634099999999994 2.9680899999999997 -4.8307199999999995
v 3.5765200000000004 3.144170000000001 -4.31334
v 3.2021300000000013 2.901439999999998 -4.943610000000001
v 3.799080000000001 2.756669999999998 -5.561980000000001
v 3.3397700000000006 2.693709999999999 -5.676290000000001
v 4.859609999999999 2.0298499999999984 -6.662630000000001
v 4.80028 2.3900199999999976 -5.959600000000001
v 4.425159999999999 2.1538000000000004 -6.861770000000001
v 4.3811800000000005 2.4074000000000004 -6.316359999999999
v 3.5357000000000025 2.4925200000000007 -6.349450000000001
v 3.9764000000000017 2.2162699999999993 -7.02822
v 3.92401 2.491339999999999 -6.3885900000000015
v 3.5160699999999987 2.0386099999999994 -7.397600000000001
v 6.641523162937802 3.447961635300349 -3.4564863492027764
v 6.608538762878423 3.7612958368405103 -2.7291440425006606
v 7.196928905908078 3.0040205431847844 -4.129104160299056
v 6.673012786858581 3.0095388172057604 -4.29922244144816
v 6.15078568739256 2.9245851961628486 -4.6196096245564595
v 6.11230319383401 3.347128300510609 -3.8317008127983496
v 5.586326350284497 3.224738492450858 -4.072336316689045
v 5.55333 3.44676 -3.6144300000000023
v 5.0779700000000005 3.0736799999999986 -4.308460000000001
v 6.586330000000001 1.2846599999999997 -6.428190000000001
v 6.61101 1.536539999999998 -6.17871
v 6.132279999999998 1.3262499999999988 -6.719630000000002
v 6.155390000000001 1.6252899999999975 -6.400710000000001
v 6.492720000000004 0.6624529999999977 -7.017409999999999
v 6.558290000000002 1.0490999999999981 -6.65521
v 6.111349999999997 1.1358099999999995 -6.913689999999999
v 5.694909999999999 1.3744999999999978 -6.950220000000001
v 5.715440000000004 1.6731399999999992 -6.603610000000001
v 5.268049999999998 1.429949999999999 -7.139340000000002
v 5.28804 1.705499999999999 -6.80796
v 5.75564 0.7797229999999984 -7.50719
v 5.674760000000001 1.1961099999999971 -7.1458200000000005
v 5.166100000000001 0.8383400000000004 -7.77159
v 5.244609999999998 1.2383199999999999 -7.353629999999999
v 4.841750000000001 1.5341099999999996 -7.349049999999998
v 4.862479999999998 1.7839699999999987 -7.03648
v 4.406679999999999 1.677989999999999 -7.57691
v 4.428329999999997 1.9193899999999995 -7.25259
v 4.814589999999998 1.32994 -7.585059999999999
v 4.379200000000003 1.4822299999999982 -7.8192699999999995
v 3.9800000000000018 2.0181699999999982 -7.37543
v 3.4868000000000015 1.673249999999999 -7.95514
v 3.945460000000001 1.659309999999998 -7.856179999999999
v 2.7384700000000017 2.8521699999999974 -5.060950000000003
v 2.2749200000000016 2.8339399999999997 -5.176520000000003
v 2.87277 2.6300000000000003 -5.8019
v 1.8132500000000005 2.8609299999999998 -5.283610000000001
v 2.29787 2.5788899999999986 -5.958139999999999
v 1.8955400000000011 2.6620599999999994 -5.804860000000001
v 1.4727499999999998 2.6416699999999986 -6.147420000000001
v 1.3988700000000014 2.8316799999999995 -5.657760000000001
v 2.817730000000002 2.09155 -7.359180000000001
v 2.5561900000000017 2.1014300000000006 -7.3837
v 2.071120000000001 2.2017399999999983 -7.27665
v 1.6308500000000006 2.252139999999997 -7.659469999999999
v 1.5983599999999987 2.325759999999999 -7.23355
v 2.98052 2.3989399999999987 -6.544370000000002
v 2.934410000000002 2.5119599999999997 -6.19239
v 2.5040200000000024 2.34412 -6.682089999999999
v 2.0297399999999994 2.3316199999999982 -6.811510000000001
v 0.7134169999999995 3.2267599999999996 -5.453990000000004
v 0.41860699999999906 3.4609699999999974 -5.32325
v 1.0184800000000003 2.792789999999999 -6.20966
v 0.563228000000001 3.03778 -6.242329999999999
v -0.025866199999999846 3.6979600000000006 -5.51146
v -0.14294399999999904 3.9470999999999994 -4.88433
v -0.515810000000001 3.959719999999997 -5.57863
v 0.09589659999999824 3.304299999999998 -6.271230000000002
v 1.1839200000000007 2.4672000000000005 -7.717909999999998
v 1.1370499999999995 2.5028299999999977 -7.194710000000001
v 0.734597000000001 2.6867199999999976 -7.742429999999999
v 0.6712710000000005 2.6922699999999997 -7.10712
v 0.40114100000000064 2.80751 -7.01792
v -0.28943099999999955 3.3069699999999984 -7.062670000000001
v -0.3518799999999999 3.48963 -6.59207
v 0.2725120000000003 2.9616899999999995 -7.758719999999999
v 2.7098100000000014 1.7644699999999978 -8.111959999999998
v 3.0249100000000024 1.7295999999999982 -8.020369999999998
v 2.106499999999999 1.9577099999999996 -8.175439999999998
v 1.6593200000000006 2.1746999999999987 -8.226479999999999
v 1.2218199999999988 2.4480399999999998 -8.344319999999998
v 0.7764450000000005 2.734929999999999 -8.34573
v 0.3225459999999991 3.08523 -8.46635
v 0.3034920000000002 3.0334599999999994 -8.137639999999998
v -0.16373800000000108 3.45951 -8.49881
v -5.76803 2.214799999999999 -4.869290000000001
v -6.10767 2.085579999999999 -5.133830000000001
v -4.888809999999999 2.569470000000001 -4.171820000000002
v -5.645380000000001 2.4363199999999985 -6.0367999999999995
v -5.849929999999999 2.3807100000000005 -6.19645
v -4.791109999999999 2.674449999999999 -5.364700000000002
v -3.2963599999999995 3.398639999999999 -2.5854299999999992
v -3.0932799999999996 3.6944899999999983 -3.55171
v -4.03523 3.0006299999999984 -3.3546900000000015
v -4.5190399999999995 2.7408399999999995 -3.832430000000001
v -3.9560499999999994 3.1135800000000007 -4.600860000000002
v -4.309689999999999 2.90092 -4.939740000000003
v -5.6832899999999995 2.8029599999999997 -7.226130000000001
v -4.800779999999999 2.9904499999999987 -6.56887
v -5.63298 3.065179999999998 -7.732409999999999
v -5.39288 3.388309999999999 -8.07452
v -5.60517 3.3468199999999975 -8.238849999999998
v -5.13636 2.9137399999999998 -6.821510000000001
v -5.081900000000001 3.1510899999999995 -7.322129999999999
v -4.83928 3.1971399999999974 -7.138439999999998
v -5.012059999999999 3.4496599999999993 -7.789259999999998
v -4.612030000000001 3.5241200000000004 -7.48638
v -4.8081700000000005 3.4843699999999993 -7.636449999999999
v -3.887389999999999 3.3636599999999985 -5.7740300000000016
v -4.178939999999999 3.206029999999999 -6.048960000000003
v -3.5411499999999996 3.419879999999999 -4.168540000000001
v -3.58947 3.471619999999997 -4.866150000000002
v -3.9189799999999995 3.221879999999999 -5.204270000000002
v -3.531879999999999 3.611429999999998 -5.40947
v -3.8524999999999996 3.547269999999998 -6.305479999999999
v -4.25829 3.35288 -6.6746599999999985
v -3.7922899999999986 3.8059799999999995 -6.79968
v -4.19731 3.6243499999999997 -7.160270000000001
v -3.449659999999998 3.825369999999997 -5.895720000000002
v -3.458869999999999 4.031589999999999 -6.469670000000002
v -5.92937 2.7593999999999994 -7.406849999999999
v -5.8555399999999995 3.0450399999999997 -7.89412
v -2.5912599999999992 3.4008599999999984 -0.712618999999999
v -2.1696528214169923 3.287279372449487 -0.23276803364544157
v -2.508729999999999 3.537719999999999 -1.1737099999999998
v -1.906769999999999 3.6550499999999997 -0.9148780000000011
v -2.261309999999999 3.7233899999999984 -1.6287499999999988
v -2.921379999999998 3.43961 -1.5515799999999993
v -3.14128 3.369719999999998 -1.7669800000000002
v -2.5797799999999986 3.6665000000000005 -1.8918700000000022
v -1.528809999999999 3.6318599999999983 -0.42570800000000025
v -1.889239999999999 3.751259999999999 -1.3556600000000003
v -1.8689799999999988 3.9065699999999985 -2.017900000000002
v -2.1237399999999993 3.8903599999999976 -2.1965899999999996
v -1.84849 4.082069999999998 -2.6777999999999995
v -2.62979 3.7848299999999986 -2.606870000000003
v -3.1096799999999987 3.594050000000001 -3.05661
v -2.537269999999998 3.9364799999999995 -3.1204499999999995
v -1.6480099999999984 3.9166499999999984 -1.8689499999999997
v -1.5275599999999974 4.095650000000001 -2.469730000000001
v -1.8225089861683148 4.2487436400586285 -3.3215212118833493
v -1.7819923704554939 4.380557805080029 -3.941118746711949
v -2.9960999999999998 3.902399999999999 -4.251670000000001
v -2.4449 4.124489999999998 -3.7806500000000005
v -3.0333999999999985 3.9622899999999976 -4.901620000000001
v -2.424546006297202 4.213550991551649 -4.396836540487516
v -1.4304194815393827 4.266998385350146 -3.078312699692436
v -1.3535232745752963 4.39314820658234 -3.69443171663561
v -1.7124032411721901 4.4665452472922835 -4.536612633530434
v -1.638982891237825 4.507117568673665 -5.161225201431038
v -2.9982900000000003 4.123759999999997 -5.451850000000002
v -2.3778565302754044 4.343867534169111 -4.966538383152161
v -2.896376120924976 4.390872738388451 -5.935024588416299
v -2.3441537469114953 4.540163433507785 -5.530763573110541
v -1.2936319956911329 4.470866904535232 -4.322311641531322
v -1.1824319198303301 4.4018262361154425 -4.98787958569704
v -5.27376 3.750569999999999 -8.50563
v -5.42875 4.05709 -9.18015
v -5.662139999999999 3.98347 -9.388649999999998
v -5.60804 3.672539999999998 -8.77565
v -5.10641 4.144489999999997 -8.910999999999998
v -4.50853 3.8814399999999987 -7.929100000000001
v -4.79557 3.833019999999998 -8.14347
v -4.800239999999999 4.079709999999999 -8.50626
v -4.342660296416245 4.25014995110063 -8.345780901666854
v -5.187470693152141 4.42854029030448 -9.566652022946473
v -4.935630796445162 4.715140827039688 -9.968373509962841
v -4.539281173408006 4.789550540949174 -9.678805331948407
v -4.117591328057347 4.530409838833555 -8.741494853450405
v -4.1197010616095415 4.675170140093485 -9.428475237799418
v -3.616670744915578 4.539419927196378 -9.183034382849478
v -4.50554137480711 4.556890008640742 -9.025854575970948
v -4.855761098894166 4.517120199621365 -9.31374342378957
v -2.8085772145299157 4.575503240404646 -6.422462730124907
v -2.421945996136115 4.574240616986266 -6.987649797797992
v -2.6753356232350267 4.557550964095743 -7.146677437669127
v -2.5809023113627405 4.510060876671106 -7.845940238525164
v -2.5970503650589323 4.441440595282241 -8.639204628891648
v -1.3535500184128533 4.216470107151962 -8.010970711830899
v -1.9811222518732594 4.464270533927724 -7.511971236901456
v -4.0930599999999995 3.9593499999999997 -7.60928
v -3.6827599999999996 4.135609999999998 -7.260689999999999
v -4.008700728550675 4.294430034163824 -8.105052092080621
v -3.278444750262553 4.407241168274759 -6.8658813375513965
v -2.986904778142463 4.520201062504791 -7.353443849796546
v -3.58809098432664 4.465509814112731 -8.476224391302646
v -3.100451442854966 4.479400428267459 -8.17232655327647
v -3.350200953988323 4.45992004733849 -8.332674822167483
v -3.3949328719171294 4.445000609600466 -7.743908037559722
v -3.126210519183396 4.462680177825546 -8.919924072478942
v -3.3494806063054967 4.489220051766906 -9.041744110020504
v -3.3440307345799525 4.46864004677362 -8.720244323779514
v -2.4192399536650817 4.2819899752698065 -10.015800696184254
v -2.7779199357513766 4.41740000561082 -10.171801719131008
v -2.7181399808568467 4.380189999571423 -9.83923170674994
v -1.5410899999999996 3.654099999999999 -11.1999
v -2.0066799999999976 3.93734 -11.4141
v -1.8297099999999988 3.8657699999999986 -11.133100000000002
v -2.633299880655433 4.368610066330118 -10.853700915664481
v -3.0656298250866882 4.5972602744461755 -11.074901938215504
v -2.919859866539789 4.525580141614117 -10.728701953636936
v -2.508229904963891 4.293210062548691 -11.31230035315255
v -2.3613499754024043 4.221310008990707 -10.96310012202287
v -1.22847 3.5089899999999963 -11.064100000000002
v -0.9980349999999992 3.4130500000000006 -10.969700000000001
v -1.6844999999999994 3.86245 -10.795300000000001
v -1.0217299999999985 3.5878999999999976 -10.6053
v -2.18345 4.160590000000001 -10.6109
v -2.1162999999999967 4.172709999999999 -10.1787
v -4.228730569948901 4.846830615227736 -10.199904729490342
v -4.100160520256952 4.794050504897912 -10.020704820045331
v -3.828280217297242 4.85373052371282 -10.706004098887437
v -3.563530113452262 4.749670352528954 -10.55230386090916
v -4.352370615565208 4.89541070509119 -10.369004570023574
v -3.0686201680177208 4.458440077535036 -9.605322866909056
v -3.497400219945375 4.609270125059672 -9.885833845032371
v -3.3713204510187813 4.513150056366052 -9.38223382534428
v -1.3379100000000002 4.045279999999998 -9.53692
v -2.6583100850195813 4.373290141706135 -9.403232245921773
v -2.047819999999999 4.182339999999999 -9.85139
v -0.6652189999999996 3.8259500000000006 -8.57332
v -0.6243009999999991 3.7819899999999986 -9.30415
v -1.2743499999999996 4.141519999999999 -8.84385
v -1.9889099959206793 4.305870293527985 -9.062741840850288
v -2.0836102182310463 4.4221411234657895 -8.333755358868807
v -1.5705799999999985 3.9029000000000003 -10.398999999999997
v -1.4394999999999998 3.9578299999999977 -10.0154
v -0.3114439999999995 3.4821599999999986 -9.966989999999997
v -0.943004 3.709559999999998 -10.1631
v -0.7868509999999992 3.7689299999999983 -9.801310000000003
v -1.5765340831661407 4.4240217358293155 -5.866441725865561
v -0.6296820000000017 3.780339999999998 -6.357050000000001
v -0.903113 3.966179999999999 -6.410710000000001
v -0.976725 4.106720000000001 -5.984439999999999
v -1.4452320446206337 4.290691053338685 -6.555978736520055
v -2.1594505737423177 4.561098649587511 -6.1213467497926315
v -2.236469631914384 4.577142732272656 -5.805221015594974
v -1.6946440686322235 4.4040508612085745 -6.643815525417596
v -2.028164887466943 4.512269766397541 -6.785028186872932
v -1.374960195907211 4.221169973780864 -7.0125114691845765
v -0.7998039999999994 3.7792199999999982 -7.13414
v -0.3049199999999985 3.431089999999999 -7.86624
v -0.749827 3.759869999999998 -7.57094
v 5.2480232489470255 3.504502968806286 2.353378189228977
v 5.782604763606438 3.2819598977881936 2.5421474225571035
v 5.422416683388952 3.630108364726186 1.846054621611286
v 5.844548286435901 3.4566615729691477 1.9985736352816175
v 4.710418478717619 3.7354726680424504 2.1543893221889547
v 4.363691486721373 3.8209259887173315 2.028709330431821
v 4.88609561387248 3.8689472073510394 1.6495816404261303
v 6.267759368264616 3.4526842302649965 1.5567300256707388
v 6.038688480641783 3.4612957893729797 1.787835326284721
v 5.5850010280074835 3.7358584036180504 1.3134731339297119
v 6.265065772072834 3.5865415419250612 0.9373297161939472
v 5.000200796811437 3.9498546799903442 1.2889484457026137
v 3.447140000000001 -0.13214600000000157 -9.75247
v 2.620475090594279 0.1528381784916255 -10.10930086927603
v 1.8003100000000012 0.6611439999999987 -10.543300000000002
v 0.9835489999999998 1.4658300000000004 -11.0102
v 1.9655200000000006 0.7051689999999987 -10.2879
v 1.3951800000000005 1.0346399999999991 -10.787600000000001
v 1.56238 1.0861599999999985 -10.5409
v 1.1543599999999996 1.5350599999999985 -10.773000000000001
v 1.7679799999999997 1.2018099999999983 -10.168400000000002
v 1.3042600000000006 1.6151599999999982 -10.5157
v 0.11973899999999923 2.407169999999999 -11.3058
v -0.09250590000000235 2.3598999999999988 -11.5953
v -0.5168189999999994 2.7967399999999993 -11.616300000000003
v -0.9887270000000006 3.188709999999998 -11.615600000000002
v -0.3401490000000005 2.7996899999999987 -11.343199999999998
v -0.8205789999999995 3.163649999999998 -11.321100000000001
v 0.5597989999999998 1.932549999999999 -11.1881
v 0.7318350000000002 2.0143999999999984 -10.949699999999998
v 0.28989999999999877 2.4608999999999988 -11.048600000000002
v 0.883558000000001 2.1039499999999993 -10.6881
v 0.44177600000000006 2.5263199999999992 -10.7701
v -0.17533000000000057 2.8382299999999994 -11.0678
v -0.6631490000000004 3.1811599999999993 -11.023800000000001
v -0.024969799999998994 2.903599999999998 -10.776
v -1.476789999999999 3.5672499999999996 -11.565800000000001
f 5 7 6
f 4 6 7
f 7 2 4
f 6 4 3
f 8 9 10
f 9 724 11
f 11 12 10
f 10 9 11
f 14 1544 13
f 15 17 16
f 13 19 18
f 15 18 19
f 19 8 17
f 19 17 15
f 16 20 21
f 21 15 16
f 20 16 1
f 14 13 18
f 14 18 21
f 14 21 20
f 15 21 18
f 13 22 23
f 22 2 24
f 24 724 23
f 23 22 24
f 3 4 22
f 3 22 1544
f 22 13 1544
f 22 4 2
f 23 9 19
f 19 13 23
f 8 19 9
f 724 9 23
f 28 30 29
f 26 29 30
f 27 30 25
f 30 27 26
f 32 31 33
f 34 36 35
f 37 39 38
f 40 34 37
f 34 35 39
f 34 39 37
f 41 43 42
f 42 43 26
f 42 26 27
f 31 42 27
f 29 35 36
f 36 28 29
f 41 35 29
f 29 43 41
f 26 43 29
f 42 38 39
f 39 41 42
f 38 42 32
f 31 32 42
f 41 39 35
f 44 46 45
f 47 49 48
f 50 52 51
f 50 45 46
f 50 46 47
f 48 52 50
f 48 50 47
f 57 48 49
f 49 53 57
f 57 53 54
f 57 54 58
f 59 51 52
f 52 57 59
f 60 59 57
f 57 58 60
f 57 52 48
f 61 58 54
f 54 55 61
f 62 61 55
f 55 56 62
f 60 58 61
f 60 61 63
f 63 61 64
f 62 64 61
f 65 67 66
f 70 66 67
f 67 68 70
f 70 68 69
f 70 69 71
f 72 45 73
f 72 25 44
f 44 45 72
f 27 72 65
f 72 73 65
f 73 67 65
f 72 27 25
f 73 45 50
f 68 73 50
f 68 50 51
f 51 69 68
f 68 67 73
f 31 65 74
f 74 65 66
f 74 66 78
f 76 78 77
f 33 31 74
f 75 33 74
f 74 76 75
f 78 76 74
f 79 71 80
f 66 70 79
f 66 79 78
f 71 79 70
f 77 78 79
f 77 79 81
f 81 79 80
f 81 80 82
f 65 31 27
f 69 84 83
f 83 84 85
f 71 69 83
f 71 83 86
f 87 86 83
f 83 85 87
f 89 87 85
f 85 88 89
f 90 89 88
f 88 91 90
f 51 59 84
f 84 69 51
f 60 85 84
f 60 84 59
f 63 88 85
f 63 85 60
f 88 63 64
f 88 64 91
f 92 80 71
f 71 86 92
f 92 86 94
f 92 94 93
f 87 94 86
f 82 80 92
f 82 92 95
f 96 95 92
f 92 93 96
f 93 94 97
f 89 97 94
f 89 94 87
f 98 97 89
f 98 89 90
f 98 90 99
f 100 96 93
f 93 97 100
f 100 97 98
f 101 100 98
f 98 99 101
f 62 56 102
f 102 104 64
f 64 62 102
f 105 104 102
f 102 103 105
f 103 106 105
f 105 106 112
f 90 91 107
f 108 91 64
f 64 104 108
f 108 104 110
f 105 110 104
f 108 107 91
f 109 107 108
f 108 110 109
f 111 110 105
f 111 105 112
f 111 112 113
f 109 110 114
f 111 114 110
f 114 111 115
f 111 113 116
f 111 116 115
f 117 99 90
f 90 107 117
f 117 107 118
f 101 99 119
f 117 119 99
f 120 119 117
f 117 118 120
f 120 118 121
f 120 121 123
f 120 123 122
f 109 118 107
f 121 118 109
f 124 121 109
f 109 114 124
f 124 114 125
f 115 125 114
f 124 123 121
f 126 122 123
f 123 124 126
f 124 125 126
f 115 116 127
f 128 125 115
f 115 127 128
f 126 125 1858
f 1858 125 128
f 1858 128 1861
f 133 134 129
f 133 140 135
f 135 132 134
f 134 133 135
f 132 138 136
f 136 138 143
f 143 137 136
f 134 136 130
f 134 130 129
f 136 137 131
f 131 130 136
f 136 134 132
f 139 318 141
f 142 225 163
f 318 142 163
f 163 141 318
f 146 144 143
f 145 147 146
f 144 146 147
f 147 148 144
f 151 155 153
f 145 150 154
f 154 147 145
f 152 148 147
f 152 147 154
f 152 154 151
f 150 149 155
f 150 155 154
f 155 151 154
f 132 159 156
f 159 157 158
f 158 156 159
f 140 139 159
f 140 159 135
f 159 132 135
f 141 157 159
f 159 139 141
f 156 146 138
f 138 132 156
f 146 143 138
f 145 146 156
f 156 158 145
f 157 160 161
f 161 150 158
f 158 157 161
f 160 225 162
f 162 161 160
f 150 161 162
f 150 162 149
f 160 157 141
f 141 163 160
f 225 160 163
f 150 145 158
f 209 169 178
f 178 164 209
f 165 167 166
f 168 170 169
f 168 183 171
f 171 170 168
f 172 174 173
f 176 175 177
f 172 176 177
f 177 174 172
f 178 169 170
f 170 179 178
f 173 164 178
f 172 173 178
f 178 179 172
f 176 179 170
f 176 170 171
f 176 171 175
f 172 179 176
f 171 183 182
f 182 180 171
f 182 184 185
f 181 180 182
f 182 185 181
f 175 180 186
f 186 166 177
f 177 175 186
f 186 180 181
f 181 165 186
f 165 166 186
f 180 175 171
f 187 224 189
f 190 196 189
f 190 189 224
f 191 192 193
f 195 197 196
f 195 203 198
f 198 197 195
f 190 199 200
f 195 196 190
f 190 200 195
f 194 203 200
f 194 200 199
f 203 195 200
f 201 1127 205
f 194 201 205
f 198 203 202
f 202 191 198
f 202 1127 204
f 192 191 202
f 202 204 192
f 203 194 205
f 203 205 202
f 1127 202 205
f 206 208 207
f 142 209 210
f 226 225 142
f 210 211 226
f 226 142 210
f 209 164 236
f 236 212 210
f 236 210 209
f 207 211 210
f 207 210 212
f 207 212 206
f 149 227 213
f 227 214 215
f 215 213 227
f 216 188 153
f 216 153 155
f 216 217 218
f 188 216 218
f 188 218 187
f 216 155 149
f 216 149 213
f 217 216 213
f 213 215 217
f 219 220 221
f 214 207 222
f 222 219 215
f 215 214 222
f 207 208 223
f 207 223 222
f 220 219 222
f 222 223 220
f 217 219 224
f 224 218 217
f 224 187 218
f 221 190 224
f 224 219 221
f 217 215 219
f 162 225 226
f 226 227 162
f 227 149 162
f 211 214 227
f 227 226 211
f 207 214 211
f 228 230 229
f 229 230 231
f 206 229 231
f 231 208 206
f 166 233 228
f 233 234 230
f 233 230 228
f 233 166 167
f 167 235 233
f 234 233 235
f 234 235 232
f 234 201 231
f 231 230 234
f 201 234 232
f 173 174 237
f 236 173 237
f 237 229 212
f 212 236 237
f 177 228 237
f 237 174 177
f 228 229 237
f 236 164 173
f 206 212 229
f 166 228 177
f 194 221 220
f 231 194 220
f 220 223 231
f 223 208 231
f 199 190 221
f 199 221 194
f 201 194 231
f 244 239 238
f 241 246 242
f 243 245 244
f 239 244 245
f 245 241 239
f 243 240 246
f 246 245 243
f 246 241 245
f 248 250 249
f 248 330 251
f 251 250 248
f 290 252 253
f 253 240 290
f 249 242 246
f 248 249 246
f 246 240 253
f 246 253 248
f 252 247 338
f 338 330 253
f 338 253 252
f 330 248 253
f 254 256 255
f 258 273 257
f 254 1929 257
f 257 256 254
f 259 258 257
f 259 257 1929
f 267 263 260
f 261 238 25
f 261 263 244
f 244 238 261
f 260 261 30
f 260 30 28
f 25 30 261
f 263 261 260
f 262 264 263
f 265 240 264
f 265 264 262
f 266 268 267
f 267 268 262
f 267 262 263
f 266 273 265
f 265 268 266
f 262 268 265
f 244 263 264
f 264 243 244
f 243 264 240
f 34 269 260
f 260 36 34
f 270 267 269
f 260 269 267
f 255 269 40
f 34 40 269
f 269 255 256
f 256 270 269
f 28 36 260
f 270 257 266
f 266 267 270
f 266 257 273
f 270 256 257
f 272 274 273
f 275 271 274
f 275 274 272
f 276 277 271
f 276 362 247
f 247 277 276
f 275 278 276
f 276 271 275
f 279 362 278
f 276 278 362
f 258 281 272
f 272 273 258
f 280 282 281
f 272 281 282
f 282 275 272
f 283 281 259
f 258 259 281
f 283 284 280
f 280 281 283
f 286 370 285
f 287 278 282
f 287 282 280
f 275 282 278
f 287 370 279
f 279 278 287
f 284 285 287
f 287 280 284
f 287 285 370
f 288 289 265
f 290 240 265
f 265 289 290
f 288 271 252
f 252 289 288
f 290 289 252
f 265 273 274
f 274 288 265
f 288 274 271
f 252 271 277
f 252 277 247
f 291 293 292
f 295 294 291
f 294 299 293
f 294 293 291
f 309 296 295
f 297 298 296
f 297 296 309
f 302 300 299
f 301 303 302
f 300 302 303
f 303 140 300
f 294 295 296
f 296 302 294
f 302 299 294
f 301 302 296
f 296 298 301
f 307 306 295
f 304 307 295
f 295 305 304
f 238 308 44
f 305 44 308
f 308 304 305
f 44 305 46
f 308 238 239
f 239 306 307
f 239 307 308
f 304 308 307
f 47 305 291
f 291 292 49
f 291 49 47
f 295 291 305
f 47 46 305
f 306 241 309
f 309 295 306
f 242 297 309
f 309 241 242
f 306 239 241
f 299 312 310
f 312 129 311
f 312 311 310
f 292 293 310
f 53 292 310
f 310 311 54
f 310 54 53
f 299 310 293
f 130 313 311
f 129 130 311
f 131 314 313
f 131 313 130
f 313 55 54
f 313 54 311
f 56 55 313
f 56 313 314
f 312 299 300
f 300 133 312
f 129 312 133
f 140 133 300
f 53 49 292
f 316 249 250
f 250 315 316
f 297 249 316
f 316 298 297
f 301 316 317
f 317 303 301
f 140 303 317
f 140 317 139
f 315 318 317
f 317 316 315
f 318 139 317
f 301 298 316
f 315 250 251
f 315 251 142
f 318 315 142
f 297 242 249
f 238 44 25
f 319 321 320
f 324 323 247
f 324 325 322
f 322 323 324
f 329 320 322
f 327 326 319
f 327 319 320
f 329 327 320
f 328 329 325
f 322 325 329
f 367 326 327
f 328 367 327
f 327 329 328
f 339 331 330
f 331 333 332
f 332 334 331
f 333 331 339
f 331 334 209
f 331 209 251
f 331 251 330
f 337 335 334
f 336 169 335
f 336 335 337
f 332 320 337
f 337 334 332
f 337 320 321
f 321 336 337
f 209 334 335
f 169 209 335
f 338 323 339
f 339 330 338
f 333 323 322
f 322 332 333
f 323 333 339
f 338 247 323
f 320 332 322
f 351 341 321
f 351 321 319
f 351 346 340
f 340 341 351
f 343 344 342
f 346 345 342
f 346 342 340
f 343 342 345
f 345 347 343
f 350 351 326
f 319 326 351
f 352 346 351
f 352 351 350
f 367 348 350
f 350 326 367
f 350 348 349
f 350 349 352
f 353 354 349
f 355 354 353
f 356 345 346
f 352 356 346
f 356 357 347
f 347 345 356
f 352 349 354
f 352 354 356
f 357 356 354
f 354 355 357
f 336 341 358
f 169 336 358
f 169 358 168
f 340 183 358
f 340 358 341
f 183 168 358
f 341 336 321
f 183 340 342
f 183 342 182
f 184 182 342
f 342 344 184
f 361 363 362
f 362 363 324
f 362 324 247
f 364 325 363
f 364 363 361
f 324 363 325
f 279 371 361
f 361 362 279
f 360 359 364
f 360 364 361
f 360 361 371
f 366 367 365
f 368 365 359
f 368 379 366
f 366 365 368
f 364 365 328
f 328 325 364
f 328 365 367
f 364 359 365
f 369 371 370
f 372 359 360
f 372 360 371
f 372 371 369
f 373 369 370
f 286 373 370
f 373 1988 372
f 372 369 373
f 279 370 371
f 372 376 368
f 368 359 372
f 374 379 376
f 368 376 379
f 375 376 1988
f 372 1988 376
f 1 374 375
f 374 376 375
f 377 348 367
f 377 367 366
f 377 382 349
f 349 348 377
f 378 380 379
f 366 379 380
f 380 377 366
f 8 382 380
f 8 380 378
f 377 380 382
f 382 381 353
f 382 353 349
f 353 381 383
f 353 383 355
f 382 8 10
f 382 10 381
f 381 10 12
f 381 12 383
f 374 16 17
f 17 378 374
f 378 379 374
f 378 17 8
f 374 1 16
f 209 142 251
f 388 137 143
f 388 143 400
f 389 388 400
f 400 390 389
f 388 387 131
f 131 137 388
f 391 387 388
f 388 392 391
f 388 389 392
f 389 390 393
f 391 392 394
f 393 394 392
f 392 389 393
f 395 394 393
f 393 396 395
f 395 396 397
f 400 143 144
f 144 401 400
f 402 400 401
f 398 401 144
f 144 148 398
f 399 402 401
f 399 401 398
f 402 399 404
f 402 404 403
f 403 404 405
f 152 151 406
f 398 152 406
f 399 398 406
f 399 406 407
f 406 151 153
f 406 153 384
f 385 407 406
f 385 406 384
f 398 148 152
f 408 399 407
f 386 408 407
f 386 407 385
f 408 386 469
f 399 408 404
f 408 405 404
f 409 405 408
f 469 409 408
f 400 402 390
f 402 393 390
f 393 402 411
f 393 411 410
f 410 411 412
f 403 411 402
f 412 411 403
f 412 403 405
f 413 412 405
f 410 396 393
f 397 396 410
f 397 410 412
f 414 397 412
f 412 415 414
f 413 415 412
f 409 413 405
f 409 469 416
f 414 415 417
f 417 415 413
f 417 413 421
f 413 409 418
f 418 409 416
f 416 419 418
f 418 419 420
f 413 418 421
f 421 418 422
f 422 418 420
f 422 420 423
f 424 426 425
f 427 425 426
f 437 429 428
f 384 188 430
f 430 431 385
f 385 384 430
f 430 188 187
f 187 437 430
f 428 431 430
f 437 428 430
f 432 428 429
f 386 385 431
f 386 431 433
f 386 433 434
f 428 432 433
f 433 431 428
f 435 434 433
f 435 433 432
f 436 438 437
f 429 437 438
f 438 439 429
f 436 196 424
f 424 438 436
f 425 439 438
f 424 425 438
f 436 437 187
f 187 189 436
f 196 436 189
f 440 432 429
f 440 429 439
f 432 440 441
f 425 427 440
f 440 439 425
f 442 440 427
f 440 442 441
f 441 435 432
f 435 441 443
f 444 443 441
f 441 442 444
f 424 445 446
f 446 426 424
f 445 198 447
f 447 451 446
f 446 445 447
f 448 427 426
f 448 426 446
f 427 448 449
f 456 448 446
f 456 446 451
f 450 449 448
f 450 448 456
f 455 452 451
f 455 453 454
f 454 452 455
f 198 191 455
f 455 447 198
f 455 451 447
f 193 453 455
f 455 191 193
f 456 451 452
f 452 457 456
f 458 457 452
f 458 452 454
f 456 457 459
f 456 459 450
f 458 460 459
f 458 459 457
f 424 196 197
f 197 445 424
f 198 445 197
f 449 442 427
f 442 449 461
f 461 449 450
f 462 461 450
f 444 442 461
f 444 461 463
f 463 461 462
f 463 462 464
f 462 450 459
f 462 459 465
f 466 465 459
f 459 460 466
f 467 464 462
f 462 465 467
f 468 467 465
f 465 466 468
f 188 384 153
f 386 434 470
f 386 470 469
f 435 470 434
f 469 470 471
f 471 470 435
f 472 471 435
f 416 469 471
f 473 416 471
f 471 472 474
f 474 473 471
f 473 474 475
f 472 435 443
f 472 443 476
f 476 443 444
f 444 477 476
f 476 474 472
f 478 475 474
f 474 476 478
f 479 478 476
f 476 477 479
f 473 419 416
f 480 420 419
f 419 473 480
f 480 473 475
f 480 475 481
f 482 423 420
f 420 480 482
f 481 482 480
f 482 481 483
f 481 475 478
f 481 478 484
f 484 478 479
f 484 479 485
f 483 481 484
f 486 483 484
f 484 485 486
f 444 463 487
f 487 477 444
f 464 488 487
f 464 487 463
f 479 477 487
f 479 487 489
f 490 489 487
f 487 488 490
f 467 492 488
f 467 488 464
f 491 492 467
f 467 468 491
f 493 490 488
f 488 492 493
f 493 492 491
f 493 491 494
f 489 490 495
f 495 485 489
f 485 479 489
f 486 485 495
f 486 495 496
f 493 498 495
f 495 490 493
f 498 493 494
f 498 494 497
f 496 495 498
f 499 314 131
f 499 131 387
f 499 387 502
f 500 56 314
f 314 499 500
f 500 499 501
f 502 501 499
f 503 501 502
f 391 502 387
f 504 502 391
f 391 394 504
f 394 505 504
f 504 505 506
f 395 505 394
f 507 506 505
f 505 395 397
f 505 397 508
f 505 508 507
f 504 503 502
f 509 503 504
f 504 506 509
f 507 509 506
f 500 102 56
f 103 102 500
f 510 103 500
f 510 500 501
f 510 106 103
f 510 501 512
f 503 512 501
f 511 512 503
f 112 106 510
f 510 512 112
f 112 512 539
f 511 539 512
f 509 511 503
f 507 508 513
f 509 507 513
f 509 513 514
f 539 511 540
f 515 511 509
f 514 515 509
f 515 514 527
f 511 515 540
f 516 540 515
f 516 515 527
f 516 527 517
f 414 508 397
f 513 508 414
f 513 414 417
f 518 513 417
f 421 518 417
f 518 421 519
f 518 514 513
f 520 514 518
f 520 518 519
f 521 520 519
f 519 522 521
f 519 421 422
f 523 519 422
f 423 523 422
f 523 522 519
f 523 423 524
f 522 523 525
f 525 523 524
f 525 524 526
f 514 520 527
f 520 528 527
f 521 528 520
f 527 528 529
f 529 528 521
f 530 529 521
f 521 522 530
f 517 527 529
f 517 529 531
f 529 530 531
f 531 530 532
f 533 530 522
f 522 525 533
f 525 534 533
f 526 534 525
f 534 526 535
f 536 532 530
f 530 533 536
f 533 534 536
f 536 534 535
f 536 535 537
f 539 113 112
f 113 539 538
f 538 116 113
f 538 539 542
f 540 542 539
f 542 540 545
f 541 127 116
f 541 116 538
f 538 542 541
f 541 542 543
f 544 543 542
f 542 545 544
f 544 545 546
f 516 545 540
f 545 516 547
f 547 516 517
f 548 547 517
f 547 546 545
f 546 547 549
f 548 549 547
f 550 549 548
f 541 128 127
f 551 128 541
f 541 543 551
f 544 551 543
f 1861 128 551
f 551 544 546
f 551 546 553
f 552 1861 551
f 551 553 552
f 552 553 554
f 546 549 553
f 555 553 549
f 555 549 550
f 556 555 550
f 555 554 553
f 554 555 2196
f 555 556 2196
f 531 548 517
f 548 531 557
f 557 531 532
f 557 532 558
f 550 548 557
f 550 557 559
f 557 558 559
f 560 558 532
f 532 536 560
f 537 560 536
f 559 556 550
f 561 2196 556
f 559 558 562
f 568 562 558
f 568 558 560
f 563 568 560
f 560 537 563
f 556 559 564
f 564 559 562
f 564 562 565
f 561 556 564
f 561 564 566
f 566 564 565
f 567 566 565
f 565 562 568
f 565 568 569
f 569 568 563
f 563 570 569
f 569 567 565
f 567 569 571
f 572 571 569
f 569 570 572
f 573 526 524
f 524 423 482
f 573 524 482
f 482 483 573
f 573 483 486
f 573 486 574
f 575 537 535
f 535 526 573
f 575 535 573
f 573 576 575
f 574 580 576
f 574 576 573
f 577 574 486
f 486 496 577
f 577 496 498
f 578 577 498
f 498 497 578
f 580 574 577
f 580 577 579
f 581 579 577
f 577 578 581
f 579 582 580
f 581 584 582
f 582 579 581
f 584 581 583
f 583 585 584
f 588 563 537
f 588 537 575
f 588 575 576
f 588 576 586
f 594 586 576
f 594 576 580
f 594 580 587
f 563 588 589
f 589 570 563
f 570 589 590
f 586 589 588
f 591 590 589
f 589 586 591
f 572 570 590
f 572 590 592
f 592 590 591
f 592 591 593
f 594 595 586
f 591 586 595
f 591 595 596
f 587 597 595
f 587 595 594
f 596 595 597
f 598 593 591
f 591 596 598
f 599 598 596
f 596 597 599
f 587 580 582
f 587 582 600
f 600 582 584
f 601 599 597
f 597 587 600
f 597 600 601
f 585 601 600
f 600 584 585
f 601 585 602
f 603 605 604
f 608 609 606
f 609 611 607
f 609 607 606
f 611 613 612
f 612 613 614
f 610 612 614
f 607 615 603
f 615 610 605
f 615 605 603
f 612 615 607
f 611 612 607
f 610 615 612
f 616 618 617
f 619 621 620
f 622 624 623
f 625 627 626
f 628 626 622
f 628 617 618
f 628 618 625
f 626 628 625
f 626 627 619
f 626 619 620
f 626 620 624
f 626 624 622
f 640 630 629
f 640 632 631
f 631 630 640
f 636 629 635
f 634 637 616
f 618 637 635
f 637 618 616
f 637 634 633
f 633 636 637
f 635 637 636
f 639 640 636
f 640 629 636
f 641 640 639
f 632 640 641
f 639 636 633
f 639 633 638
f 642 641 639
f 642 639 638
f 643 645 644
f 646 648 647
f 629 643 646
f 646 643 644
f 644 648 646
f 649 651 650
f 644 645 603
f 644 603 649
f 603 604 651
f 603 651 649
f 619 647 648
f 619 648 649
f 650 621 619
f 649 650 619
f 649 648 644
f 630 606 643
f 606 607 645
f 606 645 643
f 606 630 631
f 631 608 606
f 643 629 630
f 603 645 607
f 635 646 625
f 646 647 627
f 646 627 625
f 646 635 629
f 625 618 635
f 619 627 647
f 652 653 853
f 652 656 654
f 654 655 653
f 653 652 654
f 878 657 656
f 878 658 659
f 659 657 878
f 654 656 657
f 657 660 654
f 660 661 655
f 655 654 660
f 659 662 660
f 660 657 659
f 662 667 661
f 661 660 662
f 664 663 659
f 659 658 664
f 665 666 663
f 664 665 663
f 671 668 667
f 671 669 670
f 670 668 671
f 663 671 662
f 662 659 663
f 671 667 662
f 669 671 663
f 669 663 666
f 2877 675 674
f 676 678 677
f 680 682 681
f 679 674 675
f 679 675 676
f 676 680 679
f 677 682 680
f 677 680 676
f 684 686 685
f 687 689 688
f 672 692 693
f 688 689 696
f 692 688 696
f 690 691 693
f 693 692 696
f 693 696 690
f 677 678 816
f 677 816 694
f 816 683 695
f 816 695 694
f 681 682 694
f 687 681 694
f 694 695 689
f 694 689 687
f 694 682 677
f 695 697 696
f 690 696 697
f 697 685 690
f 685 691 690
f 684 697 695
f 684 695 683
f 685 697 684
f 696 689 695
f 700 702 701
f 702 854 703
f 703 854 698
f 1310 703 698
f 698 699 1310
f 704 1310 705
f 701 702 703
f 701 703 704
f 703 1310 704
f 706 707 708
f 2 711 709
f 710 712 711
f 709 711 712
f 712 713 709
f 706 711 7
f 706 7 5
f 711 2 7
f 710 711 706
f 706 708 710
f 714 716 715
f 707 2847 717
f 717 715 708
f 708 707 717
f 673 672 718
f 673 718 717
f 673 717 2847
f 714 715 717
f 717 718 714
f 710 715 719
f 719 712 710
f 719 720 713
f 713 712 719
f 719 715 716
f 716 721 719
f 721 722 720
f 720 719 721
f 715 710 708
f 724 723 726
f 724 726 11
f 726 727 12
f 12 11 726
f 728 726 725
f 726 723 725
f 729 727 726
f 729 726 728
f 730 731 728
f 730 728 725
f 732 729 728
f 732 728 731
f 733 731 730
f 733 734 732
f 732 731 733
f 709 735 24
f 24 2 709
f 723 724 24
f 24 735 723
f 713 736 735
f 735 709 713
f 723 735 736
f 725 723 736
f 737 736 713
f 737 713 720
f 738 725 736
f 738 736 737
f 739 737 720
f 739 720 722
f 740 738 737
f 740 737 739
f 725 738 730
f 730 738 740
f 730 740 733
f 685 686 880
f 685 880 741
f 741 880 743
f 743 742 741
f 744 746 745
f 747 749 748
f 743 744 747
f 743 747 742
f 745 749 747
f 745 747 744
f 714 750 751
f 751 716 714
f 750 691 752
f 752 753 751
f 751 750 752
f 693 750 718
f 718 672 693
f 714 718 750
f 750 693 691
f 751 754 721
f 721 716 751
f 754 755 722
f 722 721 754
f 753 756 754
f 754 751 753
f 756 748 755
f 755 754 756
f 685 741 752
f 752 691 685
f 741 742 753
f 753 752 741
f 747 756 753
f 747 753 742
f 748 756 747
f 757 758 760
f 733 760 761
f 761 762 734
f 734 733 761
f 758 765 761
f 758 761 760
f 762 761 765
f 762 765 759
f 764 745 746
f 746 700 764
f 764 700 701
f 763 764 701
f 757 748 749
f 749 764 757
f 758 757 764
f 758 764 763
f 764 749 745
f 763 704 765
f 765 704 705
f 759 765 705
f 704 763 701
f 765 758 763
f 755 766 739
f 739 722 755
f 766 760 740
f 740 739 766
f 766 755 757
f 755 748 757
f 760 766 757
f 760 733 740
f 767 769 768
f 768 769 801
f 771 768 801
f 801 803 771
f 844 771 803
f 803 792 844
f 820 771 844
f 844 770 820
f 772 773 776
f 777 778 788
f 773 774 777
f 773 777 776
f 775 778 777
f 774 775 777
f 780 782 781
f 604 605 786
f 604 786 780
f 786 779 782
f 786 782 780
f 779 785 784
f 783 784 785
f 783 785 788
f 781 782 784
f 781 784 767
f 769 767 784
f 769 784 783
f 784 782 779
f 610 787 786
f 779 786 787
f 787 776 779
f 787 610 614
f 787 614 772
f 776 787 772
f 786 605 610
f 779 776 777
f 777 785 779
f 788 785 777
f 789 791 790
f 790 791 800
f 864 790 800
f 800 798 864
f 790 864 792
f 775 795 794
f 793 794 795
f 795 796 793
f 778 794 789
f 778 789 788
f 793 791 789
f 789 794 793
f 794 778 775
f 797 799 798
f 796 918 797
f 797 793 796
f 918 920 799
f 799 797 918
f 797 800 791
f 797 791 793
f 798 800 797
f 783 802 801
f 803 801 802
f 803 802 790
f 788 789 802
f 788 802 783
f 790 802 789
f 801 769 783
f 792 803 790
f 804 808 807
f 805 807 808
f 808 809 806
f 808 806 805
f 620 621 821
f 804 620 821
f 821 810 804
f 768 809 808
f 767 768 808
f 808 804 810
f 808 810 767
f 812 623 624
f 624 804 812
f 623 812 811
f 2877 623 811
f 811 675 2877
f 811 812 807
f 676 811 807
f 805 806 678
f 805 678 676
f 676 807 805
f 807 812 804
f 676 675 811
f 804 624 620
f 813 815 814
f 806 817 816
f 816 817 814
f 683 816 814
f 809 813 817
f 817 806 809
f 814 817 813
f 818 814 815
f 818 815 820
f 820 770 819
f 820 819 818
f 684 683 814
f 684 814 818
f 819 686 684
f 819 684 818
f 771 815 813
f 768 771 813
f 813 809 768
f 820 815 771
f 816 678 806
f 821 650 651
f 821 651 780
f 781 810 821
f 780 781 821
f 780 651 604
f 821 621 650
f 767 810 781
f 823 824 828
f 825 827 826
f 828 830 829
f 829 830 831
f 822 829 831
f 824 832 830
f 824 830 828
f 826 831 830
f 825 826 830
f 830 832 825
f 770 835 834
f 834 835 833
f 839 834 833
f 833 838 837
f 837 838 822
f 836 837 822
f 839 841 840
f 842 840 841
f 841 836 842
f 833 837 841
f 833 841 839
f 836 841 837
f 844 845 843
f 833 843 845
f 833 845 828
f 823 845 844
f 844 792 823
f 828 845 823
f 843 835 770
f 843 770 844
f 833 835 843
f 828 829 838
f 828 838 833
f 822 838 829
f 822 849 847
f 847 849 846
f 846 848 847
f 846 852 850
f 850 852 853
f 853 851 850
f 848 850 854
f 698 854 850
f 698 850 851
f 851 699 698
f 850 848 846
f 855 857 856
f 856 857 858
f 846 856 858
f 826 827 859
f 855 826 859
f 859 857 855
f 859 656 858
f 858 857 859
f 855 856 849
f 855 849 822
f 822 831 855
f 846 849 856
f 855 831 826
f 852 846 858
f 852 858 652
f 853 852 652
f 656 652 858
f 836 847 860
f 860 847 848
f 860 848 702
f 847 836 822
f 842 836 860
f 700 842 860
f 702 700 860
f 848 854 702
f 861 863 862
f 823 792 864
f 864 865 823
f 865 862 824
f 824 823 865
f 861 865 864
f 864 798 861
f 862 865 861
f 866 868 867
f 867 868 869
f 825 867 869
f 869 827 825
f 862 863 870
f 866 862 870
f 870 868 866
f 870 871 869
f 869 868 870
f 867 832 824
f 866 867 824
f 824 862 866
f 825 832 867
f 798 799 872
f 861 798 872
f 872 873 863
f 863 861 872
f 920 928 872
f 872 799 920
f 928 930 873
f 873 872 928
f 873 874 870
f 870 863 873
f 874 875 871
f 871 870 874
f 876 874 873
f 876 873 930
f 876 877 875
f 875 874 876
f 869 878 859
f 859 827 869
f 878 656 859
f 658 878 869
f 658 869 871
f 664 658 871
f 871 875 664
f 875 877 664
f 877 879 664
f 664 879 665
f 819 881 880
f 743 880 881
f 881 839 743
f 834 881 819
f 834 819 770
f 839 881 834
f 880 686 819
f 839 840 743
f 840 744 743
f 840 842 746
f 746 744 840
f 700 746 842
f 882 609 608
f 883 611 609
f 883 609 882
f 884 883 882
f 611 883 885
f 885 613 611
f 885 886 614
f 614 613 885
f 887 885 883
f 885 888 889
f 889 886 885
f 888 885 887
f 884 890 887
f 887 883 884
f 887 890 888
f 891 889 888
f 892 891 888
f 892 888 890
f 894 893 631
f 894 631 632
f 895 894 632
f 895 632 641
f 896 895 641
f 896 641 642
f 893 882 608
f 893 608 631
f 897 882 893
f 897 898 884
f 884 882 897
f 899 897 893
f 899 893 894
f 900 898 897
f 900 897 899
f 901 890 884
f 901 884 898
f 900 902 903
f 903 901 898
f 903 898 900
f 904 903 902
f 905 892 890
f 905 890 901
f 904 912 905
f 905 901 903
f 905 903 904
f 895 906 894
f 899 894 906
f 907 900 899
f 907 899 906
f 896 908 906
f 906 895 896
f 908 909 907
f 907 906 908
f 910 902 900
f 910 900 907
f 910 911 912
f 912 904 910
f 904 902 910
f 913 910 907
f 913 907 909
f 914 911 910
f 914 910 913
f 915 947 924
f 924 917 916
f 916 915 924
f 916 919 918
f 918 919 921
f 918 921 920
f 917 922 919
f 919 916 917
f 923 921 919
f 923 919 922
f 924 925 917
f 925 926 922
f 922 917 925
f 927 923 922
f 927 922 926
f 920 921 929
f 920 929 928
f 930 928 929
f 929 931 930
f 933 929 921
f 933 921 923
f 932 931 929
f 932 929 933
f 933 923 927
f 934 666 665
f 937 670 669
f 934 935 936
f 936 669 666
f 936 666 934
f 937 669 936
f 938 936 935
f 939 937 936
f 939 936 938
f 772 886 942
f 942 940 773
f 773 772 942
f 943 948 942
f 943 942 886
f 941 940 942
f 942 948 941
f 940 944 774
f 944 945 775
f 944 775 774
f 941 946 944
f 944 940 941
f 946 947 945
f 945 944 946
f 774 773 940
f 949 941 948
f 941 950 946
f 951 947 946
f 951 946 950
f 949 952 950
f 950 941 949
f 952 953 951
f 951 950 952
f 886 772 614
f 886 889 943
f 954 948 943
f 954 943 889
f 954 889 891
f 954 955 949
f 949 948 954
f 892 956 954
f 954 891 892
f 957 955 954
f 957 954 956
f 955 958 952
f 952 949 955
f 958 959 953
f 953 952 958
f 960 958 955
f 960 955 957
f 961 959 958
f 961 958 960
f 795 775 945
f 795 945 915
f 916 796 795
f 916 795 915
f 947 915 945
f 918 796 916
f 951 962 924
f 924 947 951
f 962 963 925
f 925 924 962
f 953 964 962
f 962 951 953
f 964 965 963
f 963 962 964
f 925 963 966
f 966 926 925
f 927 926 966
f 927 966 967
f 965 968 966
f 966 963 965
f 969 967 966
f 969 966 968
f 970 964 953
f 970 953 959
f 971 965 964
f 971 964 970
f 972 970 959
f 972 959 961
f 972 973 971
f 971 970 972
f 971 974 968
f 968 965 971
f 974 975 969
f 969 968 974
f 973 976 974
f 974 971 973
f 976 977 975
f 975 974 976
f 978 956 892
f 978 892 905
f 979 957 956
f 979 956 978
f 980 978 905
f 980 905 912
f 981 979 978
f 981 978 980
f 982 960 957
f 982 957 979
f 983 961 960
f 983 960 982
f 984 982 979
f 984 979 981
f 985 983 982
f 985 982 984
f 986 912 911
f 914 987 986
f 986 911 914
f 988 986 987
f 980 912 986
f 989 981 980
f 989 980 986
f 989 986 988
f 990 984 981
f 990 981 989
f 991 985 984
f 991 984 990
f 992 990 989
f 992 989 988
f 993 991 990
f 993 990 992
f 994 972 961
f 994 961 983
f 994 995 973
f 973 972 994
f 996 994 983
f 996 983 985
f 997 995 994
f 997 994 996
f 998 977 976
f 995 998 976
f 976 973 995
f 998 995 997
f 999 997 996
f 991 999 996
f 996 985 991
f 999 991 993
f 1000 998 997
f 1000 997 999
f 930 931 1001
f 1001 876 930
f 1001 1002 877
f 877 876 1001
f 932 1003 1001
f 932 1001 931
f 1004 1002 1001
f 1003 1004 1001
f 1003 1005 1004
f 1006 933 927
f 1006 927 967
f 1007 932 933
f 1007 933 1006
f 969 1008 1006
f 1006 967 969
f 1009 1007 1006
f 1009 1006 1008
f 1003 932 1007
f 1010 1003 1007
f 1010 1007 1009
f 1010 1011 1005
f 1005 1003 1010
f 975 1012 1008
f 1008 969 975
f 1012 1013 1009
f 1009 1008 1012
f 977 1014 1012
f 1012 975 977
f 1014 1015 1013
f 1013 1012 1014
f 1016 1010 1009
f 1016 1009 1013
f 1017 1011 1010
f 1017 1010 1016
f 1015 1018 1016
f 1016 1013 1015
f 1019 1017 1016
f 1019 1016 1018
f 1021 879 877
f 1021 877 1002
f 934 665 879
f 934 879 1021
f 1021 1020 934
f 1021 1002 1004
f 1022 1020 1021
f 1021 1004 1005
f 1005 1025 1021
f 1022 1021 1025
f 1025 1026 1022
f 934 1020 935
f 1022 1024 938
f 1022 938 935
f 935 1020 1022
f 1023 939 938
f 1023 938 1024
f 1022 1026 1024
f 1025 1005 1011
f 1027 1024 1026
f 1028 1023 1024
f 1028 1024 1027
f 1029 1025 1011
f 1029 1011 1017
f 1030 1026 1025
f 1030 1025 1029
f 1031 1029 1017
f 1031 1017 1019
f 1032 1030 1029
f 1032 1029 1031
f 1033 1027 1026
f 1033 1026 1030
f 1034 1028 1027
f 1034 1027 1033
f 1035 1033 1030
f 1035 1030 1032
f 1036 1034 1033
f 1036 1033 1035
f 998 1037 1038
f 1038 1015 1014
f 1038 1014 998
f 1014 977 998
f 1038 1039 1018
f 1018 1015 1038
f 1040 1019 1018
f 1040 1018 1039
f 1041 1039 1038
f 1041 1038 1037
f 1042 1040 1039
f 1042 1039 1041
f 3218 1043 1044
f 1044 1037 998
f 3218 1044 998
f 998 1000 3218
f 1044 1045 1041
f 1041 1037 1044
f 1045 1046 1042
f 1042 1041 1045
f 1043 1047 1045
f 1045 1044 1043
f 1047 1048 1046
f 1046 1045 1047
f 1050 1031 1019
f 1050 1019 1040
f 1051 1032 1031
f 1051 1031 1050
f 1042 1052 1050
f 1050 1040 1042
f 1052 1053 1051
f 1051 1050 1052
f 1054 1035 1032
f 1054 1032 1051
f 1054 1055 1036
f 1036 1035 1054
f 1053 1056 1054
f 1054 1051 1053
f 1049 1055 1054
f 1049 1054 1056
f 1058 1057 1064
f 1046 1059 1052
f 1052 1042 1046
f 1059 1060 1053
f 1053 1052 1059
f 1048 1061 1059
f 1059 1046 1048
f 1061 1062 1060
f 1060 1059 1061
f 1060 1063 1056
f 1056 1053 1060
f 1057 1049 1056
f 1057 1056 1063
f 1062 1064 1063
f 1063 1060 1062
f 1064 1057 1063
f 1069 1068 1070
f 1069 1070 167
f 1069 167 165
f 1068 1080 1071
f 1071 1074 1070
f 1070 1068 1071
f 1078 1075 1074
f 1078 1076 1077
f 1077 1075 1078
f 1080 1073 1078
f 1078 1071 1080
f 1078 1074 1071
f 1078 1073 1072
f 1072 1076 1078
f 181 1081 1079
f 1081 1082 1080
f 1080 1079 1081
f 1272 1081 185
f 1272 185 184
f 1081 181 185
f 1274 1082 1081
f 1274 1081 1272
f 1069 165 181
f 1069 181 1079
f 1069 1079 1068
f 1080 1068 1079
f 1084 1073 1080
f 1084 1080 1082
f 1084 1083 1072
f 1084 1072 1073
f 1278 1084 1082
f 1278 1082 1274
f 1280 1083 1084
f 1278 1280 1084
f 1087 1066 1077
f 1077 1076 1087
f 1088 1089 1087
f 1065 1066 1087
f 1087 1089 1065
f 1087 1076 1072
f 1072 1085 1087
f 1088 1087 1085
f 1085 1086 1088
f 1091 1089 1088
f 1067 1065 1089
f 1089 1091 1067
f 1093 1067 1092
f 1067 1091 1092
f 1091 1088 1086
f 1086 1090 1091
f 1094 1092 1091
f 1094 1091 1090
f 1085 1072 1083
f 1083 1095 1085
f 1095 1097 1086
f 1095 1086 1085
f 1291 1095 1083
f 1291 1083 1280
f 1096 1097 1095
f 1291 1096 1095
f 1098 1090 1086
f 1098 1086 1097
f 1098 1099 1100
f 1100 1090 1098
f 1096 1101 1102
f 1102 1097 1096
f 1097 1102 1098
f 1103 1102 1101
f 1099 1098 1102
f 1102 1103 1099
f 1090 1100 1094
f 1105 1104 1113
f 1113 1106 1105
f 1167 1107 1104
f 1109 1108 1110
f 1167 1109 1110
f 1110 1107 1167
f 1111 1137 1112
f 1104 1107 1114
f 1114 1113 1104
f 1114 1111 1106
f 1106 1113 1114
f 1110 1137 1114
f 1114 1107 1110
f 1137 1111 1114
f 192 1117 1115
f 1115 193 192
f 1116 1118 1117
f 1115 1117 1118
f 1118 1119 1115
f 1116 1121 1122
f 1122 1118 1116
f 1122 1123 1119
f 1119 1118 1122
f 1122 1121 1120
f 1120 1124 1122
f 1124 1125 1123
f 1123 1122 1124
f 201 1105 1106
f 1106 1129 201
f 1129 1126 1128
f 1128 1127 201
f 201 1129 1128
f 204 1127 1128
f 1128 1117 204
f 1117 192 204
f 1116 1117 1128
f 1128 1126 1116
f 1129 1111 1130
f 1130 1121 1126
f 1126 1129 1130
f 1112 1131 1130
f 1130 1111 1112
f 1120 1121 1130
f 1130 1131 1120
f 1129 1106 1111
f 1121 1116 1126
f 1108 1066 1132
f 1132 1133 1110
f 1110 1108 1132
f 1066 1065 1134
f 1066 1134 1132
f 1134 1135 1133
f 1133 1132 1134
f 1136 1138 1137
f 1112 1137 1138
f 1138 1139 1112
f 1136 1135 1140
f 1140 1138 1136
f 1140 1141 1139
f 1139 1138 1140
f 1136 1137 1110
f 1110 1133 1136
f 1135 1136 1133
f 1142 1134 1065
f 1142 1065 1067
f 1143 1135 1134
f 1143 1134 1142
f 1067 1093 1144
f 1144 1142 1067
f 1145 1143 1142
f 1145 1142 1144
f 1143 1146 1140
f 1143 1140 1135
f 1147 1141 1140
f 1147 1140 1146
f 1225 1146 1143
f 1148 1147 1146
f 1148 1146 1225
f 1143 1145 1225
f 1120 1156 1149
f 1150 1154 1149
f 1150 1149 1156
f 1151 1124 1120
f 1151 1120 1149
f 1152 1125 1124
f 1152 1124 1151
f 1153 1151 1149
f 1153 1149 1154
f 1155 1152 1151
f 1155 1151 1153
f 1154 1161 1153
f 1155 1153 1161
f 1139 1156 1131
f 1131 1112 1139
f 1156 1120 1131
f 1141 1157 1156
f 1156 1139 1141
f 1156 1157 1150
f 1158 1157 1141
f 1158 1141 1147
f 1150 1157 1158
f 1154 1150 1158
f 1158 1159 1154
f 1160 1158 1147
f 1160 1147 1148
f 1230 1159 1158
f 1230 1158 1160
f 1161 1154 1159
f 1161 1418 1155
f 1161 1159 1230
f 1161 1230 1162
f 1418 1161 1162
f 1418 1162 1163
f 232 1164 1165
f 1164 1074 1166
f 1166 1104 1165
f 1165 1164 1166
f 235 167 1070
f 235 1070 1164
f 232 235 1164
f 1074 1164 1070
f 1165 1105 201
f 201 232 1165
f 1104 1105 1165
f 1166 1074 1075
f 1075 1167 1166
f 1104 1166 1167
f 1109 1167 1075
f 1108 1109 1075
f 1075 1077 1108
f 1066 1108 1077
f 853 653 1170
f 853 1170 1169
f 1169 1170 1172
f 1169 1172 1171
f 655 1173 1170
f 1170 653 655
f 1173 1174 1172
f 1172 1170 1173
f 1175 1171 1172
f 1172 1176 1175
f 1175 1176 1177
f 1175 1177 1187
f 1178 1176 1172
f 1178 1172 1174
f 1179 1177 1176
f 1179 1176 1178
f 1180 1093 1092
f 1181 1092 1094
f 1092 1181 1180
f 1182 1183 1180
f 1181 1182 1180
f 1184 1183 1182
f 1185 1100 1099
f 1099 1103 1186
f 1099 1186 1185
f 1186 1187 1188
f 1186 1188 1189
f 1186 1189 1185
f 1181 1094 1100
f 1100 1185 1181
f 1189 1190 1181
f 1185 1189 1181
f 1181 1190 1182
f 1177 1191 1187
f 1191 1188 1187
f 1191 1192 1189
f 1189 1188 1191
f 1179 1193 1191
f 1191 1177 1179
f 1193 1194 1192
f 1192 1191 1193
f 1195 1190 1189
f 1184 1182 1190
f 1190 1195 1196
f 1190 1196 1184
f 1198 1197 1196
f 1196 1195 1198
f 1189 1192 1195
f 1195 1192 1194
f 1198 1195 1194
f 667 1200 1199
f 1199 1200 1202
f 1199 1202 1201
f 661 1199 1173
f 1173 655 661
f 1199 1201 1174
f 1174 1173 1199
f 667 1199 661
f 1203 1201 1202
f 1202 1204 1203
f 1203 1178 1174
f 1203 1174 1201
f 1205 1179 1178
f 1205 1178 1203
f 1204 1206 1205
f 1203 1204 1205
f 667 668 1207
f 667 1207 1200
f 1207 1208 1202
f 1202 1200 1207
f 670 1209 1207
f 1207 668 670
f 1209 1469 1208
f 1208 1207 1209
f 1211 1204 1202
f 1211 1202 1208
f 1210 1211 1208
f 1208 1469 1210
f 1204 1211 1212
f 1212 1206 1204
f 1210 1213 1211
f 1212 1211 1213
f 1212 1213 1325
f 1214 1193 1179
f 1214 1179 1205
f 1214 1215 1194
f 1194 1193 1214
f 1206 1216 1214
f 1214 1205 1206
f 1216 1217 1215
f 1215 1214 1216
f 1218 1198 1194
f 1218 1194 1215
f 1197 1198 1218
f 1197 1218 1220
f 1218 1215 1217
f 1218 1217 1219
f 1220 1218 1219
f 1212 1221 1216
f 1216 1206 1212
f 1222 1217 1216
f 1221 1222 1216
f 1221 1212 1325
f 1219 1217 1222
f 1223 1144 1093
f 1224 1145 1144
f 1224 1144 1223
f 1223 1236 1224
f 1225 1227 1148
f 1145 1224 1226
f 1145 1226 1225
f 1227 1225 1226
f 1228 1226 1224
f 1228 1224 1236
f 1227 1226 1229
f 1226 1228 1229
f 1231 1160 1148
f 1231 1148 1227
f 1230 1160 1231
f 1231 1233 1230
f 1232 1231 1227
f 1232 1227 1229
f 1233 1231 1232
f 1234 1162 1230
f 1233 1234 1230
f 1163 1162 1234
f 1093 1180 1223
f 1235 1223 1180
f 1236 1223 1235
f 1180 1183 1235
f 1237 1236 1235
f 1184 1238 1235
f 1235 1183 1184
f 1235 1238 1239
f 1235 1239 1237
f 1240 1228 1236
f 1240 1236 1237
f 1240 1241 1229
f 1229 1228 1240
f 1240 1237 1239
f 1239 1244 1240
f 1242 1243 1241
f 1241 1240 1244
f 1241 1244 1242
f 1184 1196 1238
f 1245 1238 1196
f 1196 1197 1245
f 1245 1246 1239
f 1239 1238 1245
f 1243 1242 1248
f 1247 1244 1239
f 1247 1239 1246
f 1247 1248 1242
f 1242 1244 1247
f 1249 1250 1247
f 1247 1246 1249
f 1247 1251 1248
f 1251 1247 1250
f 1229 1252 1232
f 1253 1233 1232
f 1253 1232 1252
f 1254 1255 1253
f 1253 1252 1254
f 1234 1233 1256
f 1168 1163 1234
f 1168 1234 1256
f 1253 1256 1233
f 1258 1168 1256
f 1258 1256 1257
f 1255 1257 1256
f 1256 1253 1255
f 1252 1229 1241
f 1259 1252 1241
f 1259 1241 1243
f 1259 1254 1252
f 1260 1261 1255
f 1255 1254 1260
f 1261 1260 1262
f 1263 1258 1257
f 1263 1257 1264
f 1261 1264 1257
f 1257 1255 1261
f 1264 1265 1263
f 1265 1264 1266
f 1262 1266 1264
f 1264 1261 1262
f 1267 1259 1243
f 1267 1243 1248
f 1267 1260 1254
f 1254 1259 1267
f 1251 1268 1267
f 1267 1248 1251
f 1268 1262 1260
f 1260 1267 1268
f 1245 1197 1220
f 1245 1220 1269
f 1269 1270 1246
f 1246 1245 1269
f 1249 1246 1270
f 1271 1272 344
f 1271 344 343
f 1273 1274 1272
f 1273 1272 1271
f 1271 343 347
f 347 1275 1271
f 1273 1271 1275
f 1275 1276 1273
f 1277 1278 1274
f 1277 1274 1273
f 1277 1279 1280
f 1280 1278 1277
f 1277 1273 1276
f 1276 1281 1277
f 1277 1281 1282
f 1277 1282 1279
f 1284 1275 347
f 1284 347 357
f 1285 1276 1275
f 1285 1275 1284
f 1284 357 355
f 355 1283 1284
f 1285 1284 1283
f 1283 1286 1285
f 1288 1281 1276
f 1288 1276 1285
f 1288 1289 1282
f 1282 1281 1288
f 1286 1315 1288
f 1286 1288 1285
f 1287 1289 1288
f 1287 1288 1315
f 1272 184 344
f 1279 1290 1291
f 1291 1280 1279
f 1290 1292 1293
f 1293 1291 1290
f 1279 1282 1294
f 1279 1294 1290
f 1294 1295 1296
f 1290 1294 1296
f 1290 1296 1292
f 699 1299 1298
f 1298 1299 1321
f 1297 1298 1321
f 1292 1300 1301
f 1301 1293 1292
f 1300 1302 1303
f 1303 1301 1300
f 1295 1297 1304
f 1304 1296 1295
f 1292 1296 1304
f 1292 1304 1300
f 1304 1297 1321
f 1304 1321 1302
f 1300 1304 1302
f 1306 1307 1287
f 1306 1308 1305
f 1305 1307 1306
f 1289 1309 1294
f 1294 1282 1289
f 1309 1305 1295
f 1295 1294 1309
f 1289 1287 1307
f 1289 1307 1309
f 1309 1307 1305
f 1310 1312 1311
f 1305 1311 1312
f 1312 1297 1305
f 1310 699 1298
f 1298 1312 1310
f 1297 1312 1298
f 705 1310 1311
f 705 1311 1308
f 1305 1308 1311
f 1295 1305 1297
f 1291 1293 1096
f 1096 1293 1301
f 1096 1301 1101
f 1101 1301 1303
f 1101 1303 1103
f 355 383 1313
f 355 1313 1283
f 1286 1283 1314
f 1283 1313 1314
f 383 12 727
f 383 727 1313
f 1314 1313 727
f 1314 727 729
f 1316 1315 1286
f 1314 1316 1286
f 1316 1318 1287
f 1287 1315 1316
f 1316 1314 729
f 1316 729 732
f 734 1318 1316
f 1316 732 734
f 1318 1317 1306
f 1318 1306 1287
f 759 1308 1317
f 1306 1317 1308
f 1318 734 762
f 1318 762 1317
f 1317 762 759
f 1308 759 705
f 851 1320 1319
f 1319 1320 1322
f 1319 1322 1321
f 853 1169 1320
f 1320 851 853
f 1169 1171 1322
f 1322 1320 1169
f 851 1319 1299
f 1299 699 851
f 1321 1299 1319
f 1321 1322 1323
f 1302 1321 1323
f 1323 1324 1303
f 1303 1302 1323
f 1171 1175 1323
f 1323 1322 1171
f 1175 1187 1324
f 1324 1323 1175
f 1103 1303 1324
f 1103 1324 1186
f 1187 1186 1324
f 1220 1219 1326
f 1221 1328 1222
f 1221 1325 1329
f 1329 1328 1221
f 1331 1328 1329
f 1331 1329 1330
f 1332 1219 1222
f 1332 1222 1328
f 1326 1219 1332
f 1333 1334 1332
f 1332 1328 1333
f 1327 1326 1332
f 1327 1332 1334
f 1331 1333 1328
f 1335 1336 1331
f 1331 1330 1335
f 1337 1338 1336
f 1336 1335 1337
f 1340 1334 1333
f 1340 1333 1339
f 1341 1327 1334
f 1341 1334 1340
f 1336 1339 1333
f 1333 1331 1336
f 1342 1340 1339
f 1342 1339 1338
f 1342 1343 1341
f 1341 1340 1342
f 1338 1339 1336
f 1345 1338 1337
f 1499 1345 1337
f 1346 1343 1342
f 1345 1346 1342
f 1342 1338 1345
f 1344 1347 1345
f 1345 1499 1344
f 1347 1348 1346
f 1346 1345 1347
f 1250 1249 1349
f 1350 1251 1250
f 1350 1250 1349
f 1351 1352 1350
f 1350 1349 1351
f 1352 1351 1353
f 1355 1265 1266
f 1354 1355 1266
f 1266 1262 1354
f 1355 1354 1356
f 1350 1356 1354
f 1354 1262 1268
f 1354 1268 1350
f 1268 1251 1350
f 1356 1350 1352
f 1357 1358 1355
f 1355 1356 1357
f 1359 1356 1352
f 1359 1352 1353
f 1359 1357 1356
f 1360 1361 1270
f 1270 1269 1360
f 1361 1360 1362
f 1326 1362 1360
f 1360 1269 1220
f 1360 1220 1326
f 1363 1364 1361
f 1361 1362 1363
f 1327 1365 1362
f 1362 1326 1327
f 1365 1363 1362
f 1361 1349 1249
f 1249 1270 1361
f 1351 1349 1361
f 1351 1361 1364
f 1364 1363 1366
f 1341 1367 1365
f 1365 1327 1341
f 1367 1366 1363
f 1363 1365 1367
f 1369 1367 1341
f 1369 1341 1343
f 1369 1368 1366
f 1366 1367 1369
f 1366 1353 1351
f 1351 1364 1366
f 1353 1366 1368
f 1358 1357 1371
f 1370 1373 1359
f 1359 1353 1370
f 1373 1370 1372
f 1373 1371 1357
f 1357 1359 1373
f 1375 1376 1373
f 1373 1372 1375
f 1376 1377 1374
f 1374 1371 1373
f 1374 1373 1376
f 1378 1368 1369
f 1346 1378 1369
f 1369 1343 1346
f 1378 1379 1370
f 1370 1353 1368
f 1370 1368 1378
f 1348 1380 1378
f 1378 1346 1348
f 1381 1379 1378
f 1381 1378 1380
f 1372 1370 1379
f 1381 1375 1372
f 1372 1379 1381
f 453 1382 1383
f 1383 1384 454
f 454 453 1383
f 1382 1119 1385
f 1385 1383 1382
f 1385 1386 1384
f 1384 1383 1385
f 1382 453 193
f 193 1115 1382
f 1119 1382 1115
f 1387 458 454
f 1387 454 1384
f 1388 1387 1384
f 1388 1384 1386
f 1389 460 458
f 1389 458 1387
f 1390 1389 1387
f 1387 1388 1390
f 1119 1123 1391
f 1391 1385 1119
f 1392 1386 1385
f 1392 1385 1391
f 1125 1408 1391
f 1125 1391 1123
f 1394 1392 1391
f 1393 1394 1391
f 1391 1408 1393
f 1395 1388 1386
f 1386 1392 1395
f 1395 1392 1394
f 1395 1396 1388
f 1390 1388 1396
f 1390 1396 1397
f 1399 1396 1395
f 1399 1395 1394
f 1398 1399 1394
f 1397 1396 1399
f 1390 1400 1389
f 1401 1400 1390
f 1390 1397 1401
f 1398 1402 1399
f 1401 1397 1399
f 1401 1399 1402
f 1401 1404 1400
f 1404 1401 1403
f 1405 1403 1401
f 1401 1402 1405
f 466 460 1389
f 1406 466 1389
f 1406 1389 1400
f 1407 468 466
f 466 1406 1407
f 1407 1406 1400
f 1407 1400 1404
f 1408 1125 1152
f 1152 1409 1408
f 1393 1408 1409
f 1409 1410 1394
f 1409 1394 1393
f 1409 1152 1411
f 1152 1155 1411
f 1410 1409 1411
f 1398 1394 1410
f 1413 1410 1411
f 1412 1413 1411
f 1414 1413 1412
f 1415 1402 1398
f 1398 1410 1415
f 1415 1410 1413
f 1417 1402 1415
f 1417 1415 1416
f 1405 1402 1417
f 1416 1415 1413
f 1416 1413 1414
f 1419 1411 1155
f 1419 1155 1418
f 1412 1411 1419
f 1419 1418 1420
f 1414 1412 1419
f 1414 1419 1420
f 1163 1420 1418
f 1422 1404 1403
f 1421 1422 1403
f 1403 1405 1421
f 1421 1424 1422
f 1424 1421 1423
f 1423 1425 1424
f 1426 491 468
f 468 1407 1426
f 1427 1426 1407
f 1407 1404 1427
f 1426 1428 491
f 494 491 1428
f 1429 1428 1426
f 1426 1427 1429
f 1427 1404 1422
f 1424 1429 1427
f 1427 1422 1424
f 497 494 1428
f 1430 497 1428
f 1428 1429 1430
f 1430 1429 1424
f 1425 1430 1424
f 1430 1425 1438
f 1432 1417 1416
f 1421 1405 1417
f 1421 1417 1432
f 1431 1432 1416
f 1416 1414 1431
f 1423 1421 1432
f 1423 1432 1433
f 1435 1433 1432
f 1432 1431 1435
f 1434 1431 1414
f 1414 1420 1434
f 1434 1420 1163
f 1434 1163 1168
f 1435 1431 1434
f 1435 1434 1436
f 1436 1434 1168
f 1436 1168 1258
f 1433 1438 1425
f 1425 1423 1433
f 1437 1438 1433
f 1433 1435 1437
f 1440 1435 1436
f 1439 1440 1436
f 1436 1258 1439
f 1437 1435 1440
f 1263 1439 1258
f 1439 1263 1265
f 1430 1441 497
f 578 497 1441
f 1442 1441 1430
f 1430 1438 1442
f 1443 581 578
f 578 1441 1443
f 581 1443 1444
f 1445 1446 1443
f 1443 1441 1442
f 1443 1442 1445
f 1444 1443 1446
f 1448 1438 1437
f 1448 1437 1447
f 1449 1450 1440
f 1440 1439 1449
f 1447 1437 1440
f 1447 1440 1450
f 1452 1448 1447
f 1452 1447 1451
f 1453 1454 1450
f 1450 1449 1453
f 1451 1447 1450
f 1451 1450 1454
f 1442 1438 1448
f 1445 1442 1448
f 1445 1448 1452
f 1455 583 581
f 581 1444 1455
f 1457 1446 1445
f 1457 1445 1456
f 1455 1444 1446
f 1455 1446 1457
f 1455 1459 585
f 585 583 1455
f 1459 1455 1458
f 1456 1460 1457
f 1460 1458 1455
f 1455 1457 1460
f 1458 1460 1461
f 1451 1462 1452
f 1453 1463 1454
f 1463 1462 1451
f 1451 1454 1463
f 1462 1463 1467
f 1465 1462 1467
f 1465 1467 1464
f 1462 1456 1445
f 1445 1452 1462
f 1466 1461 1460
f 1460 1456 1462
f 1460 1462 1466
f 1466 1462 1465
f 602 585 1459
f 1355 1449 1439
f 1439 1265 1355
f 1358 1453 1449
f 1449 1355 1358
f 1371 1467 1463
f 1463 1453 1358
f 1463 1358 1371
f 3577 3576 1467
f 1467 1371 1374
f 1467 1374 3577
f 1374 1468 3577
f 1467 3576 1464
f 1468 1374 1377
f 1470 1209 670
f 1470 670 937
f 1469 1209 1470
f 1470 1472 1469
f 1471 1470 937
f 1471 937 939
f 1472 1470 1471
f 1474 1213 1210
f 1473 1474 1210
f 1210 1469 1472
f 1210 1472 1473
f 1325 1213 1474
f 1023 1475 1471
f 1471 939 1023
f 1476 1472 1471
f 1476 1471 1475
f 1475 1023 1477
f 1478 1476 1475
f 1478 1475 1477
f 1480 1474 1473
f 1479 1325 1474
f 1479 1474 1480
f 1476 1480 1473
f 1473 1472 1476
f 1482 1481 1479
f 1479 1480 1482
f 1476 1482 1480
f 1482 1476 1478
f 1028 1477 1023
f 1483 1484 1478
f 1478 1477 1483
f 1485 1483 1036
f 1485 1486 1484
f 1484 1483 1485
f 1487 1481 1482
f 1487 1482 1488
f 1484 1488 1482
f 1482 1478 1484
f 1489 1490 1487
f 1487 1488 1489
f 1489 1488 1484
f 1489 1484 1486
f 1483 1477 1028
f 1483 1028 1034
f 1036 1483 1034
f 1329 1325 1479
f 1481 1330 1329
f 1329 1479 1481
f 1335 1330 1481
f 1335 1481 1487
f 1337 1335 1487
f 1337 1487 1490
f 1491 1485 1036
f 1491 1036 1055
f 1491 1492 1486
f 1486 1485 1491
f 1493 1491 1055
f 1493 1055 1049
f 1493 1494 1492
f 1492 1491 1493
f 1495 1496 1490
f 1490 1489 1495
f 1495 1489 1486
f 1495 1486 1492
f 1498 1495 1497
f 1498 1499 1496
f 1496 1495 1498
f 1497 1495 1492
f 1497 1492 1494
f 1057 1500 1493
f 1493 1049 1057
f 1500 1502 1494
f 1494 1493 1500
f 1058 1503 1500
f 1500 1057 1058
f 1503 1501 1502
f 1502 1500 1503
f 1504 1498 1497
f 1504 1497 1502
f 1504 1505 1499
f 1499 1498 1504
f 1502 1497 1494
f 1501 1506 1504
f 1504 1502 1501
f 1344 1505 1504
f 1344 1504 1506
f 1496 1499 1337
f 1337 1490 1496
f 1505 1344 1499
f 1510 1512 1511
f 1585 1513 1510
f 1510 1511 1585
f 1516 1515 1513
f 1516 1513 1585
f 1516 1585 1514
f 1517 1 1520
f 1518 1520 1519
f 1520 1521 1517
f 1521 1520 1518
f 1524 1522 1523
f 1525 1518 1519
f 1525 1519 1522
f 1526 1521 1525
f 1525 1521 1518
f 1527 1525 1522
f 1527 1522 1524
f 1527 1528 1526
f 1526 1525 1527
f 1532 1531 3
f 1531 1530 5
f 5 6 1531
f 6 3 1531
f 1533 1531 1532
f 1533 1532 1547
f 1533 1529 1530
f 1530 1531 1533
f 1536 1538 1529
f 1540 1537 1538
f 1538 1536 1540
f 1539 1533 1547
f 1539 1547 1535
f 1539 1536 1529
f 1529 1533 1539
f 1541 1540 1539
f 1535 1541 1539
f 1541 1535 1534
f 1536 1539 1540
f 1542 1544 1543
f 14 1543 1544
f 1543 14 1546
f 1548 1547 1542
f 1542 1543 1548
f 1546 1548 1543
f 1548 1546 1545
f 1517 1546 20
f 20 1 1517
f 14 20 1546
f 1517 1545 1546
f 1545 1517 1521
f 1542 1532 3
f 3 1544 1542
f 1532 1542 1547
f 1550 1549 1545
f 1551 1535 1547
f 1547 1548 1551
f 1549 1551 1548
f 1548 1545 1549
f 1552 1549 1550
f 1552 1550 1528
f 1551 1534 1535
f 1534 1551 1552
f 1551 1549 1552
f 1526 1550 1545
f 1545 1521 1526
f 1528 1550 1526
f 1553 1523 1978
f 1553 1554 1524
f 1524 1523 1553
f 1507 1555 1553
f 1553 1978 1507
f 1555 1563 1554
f 1554 1553 1555
f 1557 1556 1558
f 1559 1527 1554
f 1554 1527 1524
f 1556 1528 1527
f 1556 1527 1559
f 1560 1559 1554
f 1560 1554 1563
f 1558 1556 1559
f 1558 1559 1560
f 1508 1561 1555
f 1555 1507 1508
f 1555 1562 1563
f 1562 1555 1561
f 1509 1564 1561
f 1561 1508 1509
f 1565 1562 1561
f 1565 1561 1564
f 1566 1557 1558
f 1566 1558 1568
f 1569 1567 1566
f 1566 1568 1569
f 1562 1568 1560
f 1560 1563 1562
f 1568 1558 1560
f 1565 1569 1568
f 1568 1562 1565
f 1571 1570 1534
f 1573 1572 1570
f 1570 1571 1573
f 1576 1512 1537
f 1575 1576 1537
f 1537 1540 1575
f 1576 1575 1574
f 1577 1587 1574
f 1576 1511 1512
f 1511 1576 1587
f 1576 1574 1587
f 1570 1574 1575
f 1575 1540 1541
f 1575 1541 1570
f 1541 1534 1570
f 1577 1574 1570
f 1577 1570 1572
f 1578 1580 1579
f 1581 1580 1572
f 1581 1572 1573
f 1581 1573 1584
f 1582 1584 1583
f 1581 1579 1580
f 1579 1581 1582
f 1581 1584 1582
f 1585 1587 1586
f 1577 1586 1587
f 1586 1577 1580
f 1511 1587 1585
f 1514 1585 1586
f 1514 1586 1578
f 1586 1580 1578
f 1577 1572 1580
f 1588 1552 1528
f 1588 1528 1556
f 1588 1571 1534
f 1534 1552 1588
f 1590 1589 1588
f 1590 1588 1556
f 1590 1556 1557
f 1589 1573 1571
f 1571 1588 1589
f 1591 1584 1589
f 1589 1590 1591
f 1566 1591 1590
f 1590 1557 1566
f 1573 1589 1584
f 1591 1583 1584
f 1583 1591 1567
f 1591 1566 1567
f 1592 1509 1593
f 1592 1593 1594
f 1596 1595 1514
f 1595 1597 1515
f 1515 1516 1595
f 1516 1514 1595
f 1599 1598 1595
f 1595 1596 1599
f 1600 1597 1595
f 1600 1595 1598
f 1601 1598 1599
f 1601 1599 1602
f 1603 1600 1598
f 1603 1598 1601
f 1604 1601 1602
f 1603 1601 1605
f 1604 1605 1601
f 1604 1606 1605
f 1592 1607 1564
f 1564 1509 1592
f 1608 1565 1609
f 1609 1565 1564
f 1609 1564 1607
f 1610 1607 1592
f 1610 1592 1594
f 1608 1609 1611
f 1610 1611 1609
f 1609 1607 1610
f 1612 1567 1569
f 1612 1569 1614
f 1615 1613 1612
f 1612 1614 1615
f 1608 1614 1569
f 1569 1565 1608
f 1615 1614 1608
f 1615 1608 1611
f 1610 1594 1616
f 1617 1611 1610
f 1617 1610 1616
f 1617 1616 1618
f 1619 1613 1615
f 1619 1615 1620
f 1620 1621 1619
f 1617 1622 1615
f 1615 1611 1617
f 1622 1620 1615
f 1617 1623 1622
f 1623 1617 1618
f 1621 1620 1622
f 1623 1621 1622
f 1624 1578 1579
f 1624 1579 1625
f 1627 1626 1624
f 1627 1624 1625
f 1627 1625 1628
f 1630 1629 1582
f 1582 1583 1630
f 1629 1625 1579
f 1579 1582 1629
f 1631 1629 1630
f 1631 1630 1632
f 1631 1628 1625
f 1625 1629 1631
f 1624 1596 1514
f 1514 1578 1624
f 1626 1599 1596
f 1596 1624 1626
f 1633 1626 1627
f 1634 1633 1627
f 1627 1628 1634
f 1634 1636 1635
f 1635 1633 1634
f 1636 1634 1637
f 1639 1638 1631
f 1631 1632 1639
f 1634 1628 1631
f 1634 1631 1638
f 1639 1641 1638
f 1640 1637 1634
f 1634 1638 1640
f 1640 1638 1641
f 1602 1599 1626
f 1602 1626 1633
f 1635 1604 1602
f 1602 1633 1635
f 1604 1635 1636
f 1630 1583 1567
f 1630 1567 1612
f 1612 1632 1630
f 1632 1612 1613
f 1619 1639 1632
f 1632 1613 1619
f 1642 1641 1639
f 1639 1619 1642
f 1642 1619 1621
f 1618 1643 1623
f 1623 1661 1621
f 1643 1661 1623
f 1643 1644 1661
f 1640 1645 1637
f 1645 1640 1641
f 1645 1641 1646
f 1636 1647 1604
f 1648 1647 1636
f 1636 1637 1648
f 1606 1604 1647
f 1647 1648 1649
f 1606 1647 1650
f 1649 1651 1650
f 1650 1647 1649
f 1651 1649 1652
f 1648 1637 1645
f 1648 1645 1653
f 1653 1649 1648
f 1645 1654 1653
f 1654 1645 1646
f 1653 1652 1649
f 1652 1653 1655
f 1653 1654 1656
f 1656 1655 1653
f 1642 1657 1641
f 1621 1658 1657
f 1657 1642 1621
f 1659 1646 1641
f 1641 1657 1659
f 1659 1657 1658
f 1646 1659 1660
f 1659 1658 1664
f 1664 1660 1659
f 1621 1661 1658
f 1658 1661 1662
f 1644 1663 1662
f 1644 1662 1661
f 1664 1658 1662
f 1664 1662 1665
f 1665 1662 1663
f 1666 1654 1646
f 1646 1660 1666
f 1664 1666 1660
f 1665 1663 1667
f 1666 1664 1668
f 1656 1654 1666
f 1656 1666 1669
f 1669 1666 1668
f 1669 1668 1671
f 1664 1665 1670
f 1664 1670 1668
f 1670 1665 1667
f 1670 1667 1673
f 1671 1668 1670
f 1671 1670 1672
f 1673 1672 1670
f 1672 1673 1674
f 1677 1675 1678
f 1679 1677 1678
f 1679 1678 1702
f 1682 1681 1680
f 1683 1685 1684
f 1686 1680 32
f 1683 1686 32
f 32 33 1685
f 32 1685 1683
f 1688 1687 1683
f 1683 1684 1688
f 1682 1680 1686
f 1682 1686 1687
f 1683 1687 1686
f 1680 1689 37
f 37 38 1680
f 1690 40 1689
f 37 1689 40
f 1691 1689 1692
f 1681 1692 1689
f 1689 1680 1681
f 1691 1675 1676
f 1691 1676 1690
f 1690 1689 1691
f 32 1680 38
f 1694 1693 1681
f 1681 1682 1694
f 1696 1695 1693
f 1693 1694 1696
f 1697 1687 1688
f 1697 1688 1698
f 1697 1694 1682
f 1682 1687 1697
f 1700 1699 1697
f 1697 1698 1700
f 1696 1694 1697
f 1696 1697 1699
f 1701 1691 1692
f 1701 1692 1693
f 1693 1692 1681
f 1678 1675 1691
f 1678 1691 1701
f 1695 1702 1701
f 1701 1693 1695
f 1702 1678 1701
f 1715 1703 1679
f 1679 1702 1715
f 1705 1704 1703
f 1703 1715 1705
f 1704 1705 1706
f 1708 1695 1696
f 1708 1696 1709
f 1710 1708 1709
f 1711 1712 1699
f 1699 1700 1711
f 1709 1696 1699
f 1709 1699 1712
f 1711 1713 1712
f 1713 1711 1714
f 1712 1710 1709
f 1710 1712 1713
f 1708 1715 1702
f 1702 1695 1708
f 1717 1716 1715
f 1715 1708 1717
f 1717 1708 1710
f 1716 1705 1715
f 1714 1719 1713
f 1720 1718 1710
f 1710 1713 1720
f 1720 1713 1719
f 1793 1718 1720
f 1721 1793 1720
f 1720 1719 1721
f 1722 1716 1717
f 1722 1717 1710
f 1722 1710 1718
f 1706 1705 1716
f 1706 1716 1722
f 1724 1726 1723
f 1723 1722 1718
f 1723 1718 1724
f 1726 1725 1707
f 1707 1706 1722
f 1707 1722 1723
f 1707 1723 1726
f 1724 1718 1793
f 1728 1755 1729
f 1732 1730 1727
f 1727 1728 1732
f 1732 1728 1729
f 1732 1729 1733
f 1735 1734 1731
f 1731 1730 1732
f 1731 1732 1735
f 1735 1732 1733
f 1735 1733 1736
f 1737 1729 1755
f 1755 1758 1737
f 1737 1758 1759
f 1737 1759 1738
f 1738 1759 1739
f 1733 1729 1737
f 1733 1737 1741
f 1742 1741 1737
f 1737 1738 1742
f 1736 1733 1741
f 1736 1741 1743
f 1743 1741 1742
f 1743 1742 1744
f 1745 1742 1738
f 1738 1739 1745
f 1745 1739 1740
f 1745 1740 1747
f 1745 1747 1746
f 1748 1744 1742
f 1742 1745 1748
f 1749 1748 1745
f 1745 1746 1749
f 1750 1684 1685
f 1685 75 1750
f 75 76 1750
f 1750 76 77
f 1750 77 1751
f 75 1685 33
f 1688 1684 1750
f 1688 1750 1752
f 1752 1750 1751
f 1752 1751 1753
f 1751 77 81
f 1751 81 1754
f 1754 81 82
f 1754 82 1755
f 1727 1753 1751
f 1751 1754 1728
f 1751 1728 1727
f 1755 1728 1754
f 1698 1688 1752
f 1698 1752 1756
f 1730 1756 1752
f 1752 1753 1730
f 1757 1700 1698
f 1698 1756 1757
f 1731 1757 1756
f 1756 1730 1731
f 1757 1731 1734
f 1727 1730 1753
f 1755 82 95
f 1755 95 1758
f 1759 1758 95
f 95 96 1759
f 1760 1759 96
f 96 100 1760
f 1761 1760 100
f 100 101 1761
f 1760 1739 1759
f 1761 1740 1739
f 1739 1760 1761
f 1740 1761 1747
f 1763 1734 1735
f 1762 1763 1735
f 1735 1736 1762
f 1762 1766 1763
f 1764 1762 1736
f 1736 1743 1764
f 1765 1764 1743
f 1743 1744 1765
f 1766 1762 1764
f 1766 1764 1767
f 1768 1767 1764
f 1764 1765 1768
f 1765 1744 1748
f 1765 1748 1769
f 1769 1748 1749
f 1769 1749 1770
f 1768 1765 1769
f 1768 1769 1771
f 1771 1769 1770
f 1771 1770 1871
f 1772 1711 1700
f 1700 1757 1772
f 1773 1772 1757
f 1757 1734 1773
f 1774 1714 1711
f 1711 1772 1774
f 1775 1774 1772
f 1772 1773 1775
f 1773 1734 1763
f 1775 1773 1763
f 1775 1763 1776
f 1776 1763 1766
f 1777 1719 1714
f 1714 1774 1777
f 1778 1777 1774
f 1774 1775 1778
f 1777 1779 1719
f 1780 1779 1777
f 1780 1777 1778
f 1721 1719 1779
f 1781 1778 1775
f 1775 1776 1781
f 1782 1781 1776
f 1776 1766 1782
f 1783 1780 1778
f 1778 1781 1783
f 1784 1783 1781
f 1781 1782 1784
f 1782 1766 1767
f 1782 1767 1785
f 1785 1767 1768
f 1785 1768 1786
f 1787 1784 1782
f 1782 1785 1787
f 1788 1787 1785
f 1785 1786 1788
f 1789 1786 1768
f 1768 1771 1789
f 1790 1789 1771
f 1771 1871 1790
f 1788 1786 1789
f 1788 1789 1791
f 1791 1789 1790
f 1791 1790 1792
f 1721 1794 1793
f 1796 1726 1724
f 1795 1725 1726
f 1795 1726 1796
f 1799 1798 1797
f 1797 1795 1799
f 1795 1796 1799
f 1800 1796 1724
f 1724 1793 1800
f 1800 1793 1794
f 1800 1801 1796
f 1802 1801 1800
f 1800 1794 1802
f 1799 1796 1801
f 1799 1803 1798
f 1801 1804 1803
f 1801 1803 1799
f 1804 1801 1802
f 1804 1802 1805
f 1806 1794 1721
f 1721 1779 1806
f 1806 1779 1780
f 1807 1806 1780
f 1806 1808 1794
f 1807 1809 1808
f 1807 1808 1806
f 1784 1810 1783
f 1807 1780 1783
f 1807 1783 1811
f 1811 1783 1810
f 1811 1812 1809
f 1811 1809 1807
f 1812 1811 1810
f 1812 1810 1813
f 1802 1794 1808
f 1802 1808 1814
f 1814 1808 1809
f 1814 1815 1802
f 1809 1816 1815
f 1809 1815 1814
f 1817 1805 1802
f 1802 1815 1817
f 1816 1817 1815
f 1805 1817 1818
f 1817 1816 1819
f 1819 1818 1817
f 1820 1816 1809
f 1820 1809 1812
f 1821 1820 1812
f 1812 1813 1821
f 1816 1820 1822
f 1822 1819 1816
f 1833 1822 1820
f 1820 1821 1833
f 1787 1823 1810
f 1787 1810 1784
f 1788 1824 1823
f 1788 1823 1787
f 1825 1813 1810
f 1810 1823 1825
f 1826 1825 1823
f 1823 1824 1826
f 1791 1827 1824
f 1791 1824 1788
f 1791 1792 1828
f 1828 1827 1791
f 1829 1826 1824
f 1824 1827 1829
f 1829 1827 1828
f 1829 1828 1830
f 1821 1813 1825
f 1821 1825 1831
f 1831 1825 1826
f 1831 1826 1832
f 1833 1821 1831
f 1833 1831 1834
f 1835 1834 1831
f 1831 1832 1835
f 1836 1832 1826
f 1826 1829 1836
f 1837 1836 1829
f 1829 1830 1837
f 1838 1835 1832
f 1832 1836 1838
f 1838 1836 1837
f 1838 1837 1839
f 1835 2087 1834
f 1746 1747 1848
f 1749 1746 1848
f 1749 1848 1850
f 1840 1761 101
f 101 119 1840
f 1840 119 1841
f 120 1841 119
f 1842 1747 1761
f 1761 1840 1842
f 1843 1842 1840
f 1840 1841 1843
f 1844 1841 120
f 120 122 1844
f 1844 122 1845
f 1843 1841 1846
f 1844 1846 1841
f 1846 1844 1847
f 1844 1845 1847
f 126 1845 122
f 1842 1848 1747
f 1849 1848 1842
f 1842 1843 1849
f 1851 1850 1848
f 1848 1849 1851
f 1852 1849 1843
f 1843 1846 1852
f 1852 1846 1847
f 1852 1847 1853
f 1854 1851 1849
f 1849 1852 1854
f 1854 1852 1855
f 1855 1852 1853
f 1855 1853 1856
f 1847 1845 1857
f 1859 1845 126
f 1859 126 1858
f 1860 1859 1858
f 1858 1861 1860
f 1857 1845 1859
f 1857 1859 1862
f 1862 1859 1863
f 1863 1859 1860
f 1860 1861 1864
f 1865 1863 1860
f 1860 1864 1865
f 1853 1847 1857
f 1853 1857 1867
f 1866 1856 1853
f 1853 1867 1866
f 1867 1857 1862
f 1867 1862 1863
f 1867 1863 1868
f 1869 1866 1867
f 1867 1868 1869
f 2197 1868 1863
f 1863 1865 2197
f 1870 1869 1868
f 1868 2197 1870
f 1872 1770 1749
f 1749 1850 1872
f 1770 1872 1871
f 1872 1850 1851
f 1872 1851 1873
f 1874 1871 1872
f 1874 1872 1873
f 1874 1873 1875
f 1873 1851 1854
f 1873 1854 1876
f 1877 1876 1854
f 1854 1855 1877
f 1878 1877 1855
f 1855 1856 1878
f 1875 1873 1876
f 1875 1876 1879
f 1876 1877 1879
f 1880 1879 1877
f 1877 1878 1880
f 1790 1871 1874
f 1790 1874 1881
f 1881 1874 1875
f 1881 1875 1882
f 1792 1790 1881
f 1792 1881 1883
f 1884 1883 1881
f 1884 1881 1882
f 1885 1882 1875
f 1875 1879 1885
f 1886 1885 1879
f 1879 1880 1886
f 1885 1884 1882
f 1887 1884 1885
f 1887 1885 1886
f 1887 1886 1905
f 1888 1878 1856
f 1856 1866 1888
f 1880 1878 1888
f 1880 1888 1893
f 1889 1888 1866
f 1866 1869 1889
f 1891 1893 1888
f 1888 1889 1891
f 1890 1889 1869
f 1869 1870 1890
f 1892 1891 1889
f 1889 1890 1892
f 1893 1886 1880
f 1886 1893 1894
f 1886 1894 1905
f 1891 1894 1893
f 1894 1891 1897
f 1895 1905 1894
f 1895 1894 1897
f 1895 1897 1896
f 1898 1897 1891
f 1891 1892 1898
f 1896 1897 1898
f 1896 1898 1899
f 1883 1828 1792
f 1828 1883 1900
f 1901 1900 1883
f 1883 1884 1901
f 1830 1828 1900
f 1902 1830 1900
f 1900 1901 1903
f 1903 1902 1900
f 1901 1884 1887
f 1901 1887 1904
f 1887 1905 1904
f 1904 1903 1901
f 1904 1905 1906
f 1903 1904 1907
f 1907 1904 1906
f 1907 1906 1916
f 1837 1830 1902
f 1908 1837 1902
f 1902 1903 1908
f 1903 1909 1908
f 1910 1839 1837
f 1910 1837 1908
f 1908 1909 1911
f 1908 1911 1910
f 1903 1907 1912
f 1912 1909 1903
f 1916 1912 1907
f 1909 1912 1913
f 1921 1913 1912
f 1912 1916 1921
f 1913 1914 1911
f 1913 1911 1909
f 1921 1914 1913
f 1895 1906 1905
f 1906 1895 1917
f 1895 1896 1917
f 1915 1917 1896
f 1906 1917 1916
f 1916 1917 1918
f 1915 1918 1917
f 1918 1915 1919
f 1920 1915 1896
f 1896 1899 1920
f 1920 1919 1915
f 1916 1918 1921
f 1918 2316 1921
f 1919 2316 1918
f 1922 255 1690
f 1922 1923 254
f 1922 254 255
f 1676 1924 1922
f 1922 1690 1676
f 1924 1676 1675
f 1925 1927 1926
f 1922 1926 1927
f 1927 1923 1922
f 1926 1922 1924
f 1928 1929 1923
f 254 1923 1929
f 1930 259 1929
f 1930 1929 1928
f 1931 1928 1923
f 1931 1923 1927
f 1931 1927 1925
f 1931 1943 1930
f 1930 1928 1931
f 1677 1934 1924
f 1924 1675 1677
f 1932 1925 1926
f 1932 1926 1934
f 1934 1926 1924
f 1677 1933 1934
f 1933 1677 1679
f 1933 1935 1932
f 1932 1934 1933
f 1936 1943 1939
f 1938 1936 1939
f 1938 1939 1937
f 1932 1939 1931
f 1931 1925 1932
f 1931 1939 1943
f 1937 1939 1932
f 1937 1932 1935
f 40 1690 255
f 1942 1944 1943
f 1945 1940 1941
f 1945 1941 1944
f 1945 1944 1942
f 1930 1944 283
f 283 259 1930
f 283 1941 1940
f 1940 284 283
f 1941 283 1944
f 1930 1943 1944
f 1946 285 1940
f 1946 1947 286
f 286 285 1946
f 1945 1948 1946
f 1946 1940 1945
f 1948 1949 1947
f 1947 1946 1948
f 284 1940 285
f 1950 1942 1943
f 1950 1943 1936
f 1950 1951 1945
f 1945 1942 1950
f 1938 1952 1950
f 1950 1936 1938
f 1953 1951 1950
f 1953 1950 1952
f 1954 1948 1945
f 1954 1945 1951
f 1955 1949 1954
f 1948 1954 1949
f 1956 1954 1953
f 1951 1953 1954
f 1956 1957 1955
f 1955 1954 1956
f 1958 1933 1679
f 1958 1679 1703
f 1958 1959 1935
f 1935 1933 1958
f 1704 1965 1958
f 1958 1703 1704
f 1960 1959 1958
f 1960 1958 1965
f 1961 1962 1938
f 1938 1937 1961
f 1963 1964 1962
f 1962 1961 1963
f 1961 1937 1935
f 1961 1935 1959
f 1963 1961 1959
f 1963 1959 1960
f 1706 1966 1965
f 1965 1704 1706
f 1965 1967 1960
f 1967 1965 1966
f 1707 1968 1966
f 1966 1706 1707
f 1968 1707 1725
f 1968 1969 1967
f 1967 1966 1968
f 1971 1964 1963
f 1971 1963 1970
f 1972 1971 1970
f 1972 1970 1997
f 1967 1970 1963
f 1963 1960 1967
f 1969 1997 1970
f 1970 1967 1969
f 1962 1973 1952
f 1952 1938 1962
f 1974 1953 1973
f 1973 1953 1952
f 1975 1973 1962
f 1975 1962 1964
f 1975 1976 1974
f 1974 1973 1975
f 1974 1977 1956
f 1956 1953 1974
f 1977 1978 1957
f 1957 1956 1977
f 1976 1979 1977
f 1977 1974 1976
f 1507 1978 1977
f 1507 1977 1979
f 1971 1981 1975
f 1975 1964 1971
f 1980 1976 1975
f 1980 1975 1981
f 1972 1982 1981
f 1981 1971 1972
f 1982 1983 1980
f 1980 1981 1982
f 1980 1984 1979
f 1979 1976 1980
f 1508 1507 1979
f 1508 1979 1984
f 1985 1984 1980
f 1985 1980 1983
f 1509 1508 1984
f 1509 1984 1985
f 1947 1987 373
f 373 286 1947
f 1986 1988 1987
f 373 1987 1988
f 1989 1987 1949
f 1947 1949 1987
f 1989 1990 1986
f 1989 1986 1987
f 1986 1520 375
f 375 1988 1986
f 1520 1 375
f 1986 1519 1520
f 1519 1986 1990
f 1955 1991 1989
f 1989 1949 1955
f 1522 1990 1989
f 1522 1989 1991
f 1957 1523 1991
f 1991 1955 1957
f 1991 1523 1522
f 1990 1522 1519
f 1978 1523 1957
f 1993 1992 1968
f 1968 1725 1993
f 1969 1968 1994
f 1992 1994 1968
f 1993 1995 1992
f 1996 1994 1992
f 1996 1992 1995
f 1999 1998 1972
f 1972 1997 1999
f 1998 1999 2001
f 1969 1999 1997
f 1999 1969 1994
f 2000 1999 1994
f 2000 1994 1996
f 2000 2001 1999
f 1995 2010 1996
f 1996 2003 2000
f 2010 2003 1996
f 2000 2002 2001
f 2003 2002 2000
f 2010 2004 2003
f 2003 2005 2002
f 2004 2006 2005
f 2004 2005 2003
f 1993 1725 1795
f 2007 1995 1993
f 1993 1795 1797
f 1993 1797 2007
f 2007 1797 1798
f 2007 2008 1995
f 2008 2007 1798
f 2009 2008 1798
f 1798 1803 2009
f 2008 2010 1995
f 2009 2011 2008
f 2008 2012 2010
f 2011 2013 2012
f 2012 2008 2011
f 1804 2009 1803
f 2009 1804 2014
f 2014 2011 2009
f 1805 2015 2014
f 2014 1804 1805
f 2014 2013 2011
f 2012 2016 2004
f 2012 2004 2010
f 2016 2012 2017
f 2017 2012 2013
f 2019 1982 1972
f 2019 1972 1998
f 2019 2018 1983
f 1983 1982 2019
f 2020 2019 1998
f 2020 1998 2001
f 2018 2019 2021
f 2020 2021 2019
f 2022 1985 1983
f 2022 1983 2018
f 1593 1509 1985
f 1593 1985 2022
f 2023 2022 2018
f 2023 2018 2021
f 2023 1594 1593
f 1593 2022 2023
f 2020 2001 2024
f 2020 2026 2025
f 2025 2021 2020
f 2026 2020 2024
f 2024 2031 2026
f 2024 2001 2002
f 2024 2002 2027
f 2002 2005 2027
f 2027 2005 2006
f 2031 2024 2027
f 2023 2021 2025
f 2023 2025 2028
f 2028 2025 2026
f 2023 2029 1594
f 2029 2023 2028
f 2030 2028 2026
f 2031 2030 2026
f 2028 2137 2029
f 2137 2028 2030
f 2004 2032 2006
f 2013 2014 2033
f 2015 2034 2014
f 2034 2033 2014
f 2017 2035 2016
f 2017 2013 2036
f 2036 2035 2017
f 2032 2016 2035
f 2035 2037 2032
f 2016 2032 2004
f 2038 2037 2035
f 2035 2036 2038
f 2038 2039 2037
f 2033 2040 2036
f 2036 2013 2033
f 2041 2040 2033
f 2033 2034 2041
f 2038 2036 2040
f 2040 2041 2042
f 2038 2040 2043
f 2043 2039 2038
f 2043 2040 2042
f 2043 2042 2044
f 2027 2006 2032
f 2032 2047 2027
f 2027 2045 2031
f 2046 2045 2027
f 2047 2046 2027
f 2047 2048 2046
f 2031 2049 2030
f 2030 2049 2140
f 2030 2140 2137
f 2050 2051 2049
f 2049 2031 2045
f 2049 2045 2050
f 2050 2045 2046
f 2140 2049 2051
f 2046 2048 2052
f 2050 2046 2052
f 2052 2051 2050
f 2051 2053 2140
f 2053 2051 2052
f 2053 2052 2054
f 2037 2047 2032
f 2037 2055 2047
f 2055 2037 2039
f 2039 2056 2055
f 2055 2057 2048
f 2055 2048 2047
f 2056 2058 2057
f 2057 2055 2056
f 2056 2039 2043
f 2056 2043 2059
f 2060 2059 2043
f 2043 2044 2060
f 2059 2058 2056
f 2061 2052 2048
f 2048 2057 2061
f 2061 2057 2058
f 2054 2052 2061
f 2060 2062 2059
f 2058 2059 2063
f 2063 2059 2062
f 2062 2064 2063
f 2061 2058 2065
f 2054 2061 2066
f 2066 2061 2065
f 2066 2065 2067
f 2065 2058 2063
f 2065 2063 2068
f 2068 2063 2064
f 2068 2064 2109
f 2068 2069 2067
f 2067 2065 2068
f 2069 2068 2109
f 2069 2109 2070
f 2071 2015 1805
f 1805 1818 2071
f 2072 2071 1818
f 1818 1819 2072
f 1822 2072 1819
f 2071 2072 2073
f 2034 2015 2071
f 2034 2071 2074
f 2075 2074 2071
f 2075 2071 2073
f 1822 1833 2076
f 2076 2081 1822
f 2081 2075 2073
f 2081 2073 1822
f 2073 2072 1822
f 2074 2041 2034
f 2041 2074 2077
f 2077 2042 2041
f 2075 2078 2077
f 2075 2077 2074
f 2044 2042 2077
f 2044 2077 2079
f 2079 2077 2078
f 2079 2078 2080
f 2078 2075 2081
f 2078 2081 2082
f 2082 2081 2076
f 2082 2076 2083
f 2084 2080 2078
f 2078 2082 2084
f 2083 2084 2082
f 2084 2083 2085
f 1833 1834 2087
f 2092 1833 2087
f 2087 2086 2092
f 1833 2092 2076
f 2087 1835 1838
f 2087 1838 2088
f 2089 2088 1838
f 1838 1839 2089
f 2087 2088 2090
f 2090 2086 2087
f 2089 2091 2090
f 2089 2090 2088
f 2083 2076 2092
f 2083 2092 2093
f 2093 2092 2086
f 2093 2086 2094
f 2095 2094 2086
f 2086 2090 2095
f 2096 2095 2090
f 2090 2091 2096
f 2083 2093 2097
f 2097 2085 2083
f 2093 2094 2098
f 2098 2097 2093
f 2095 2099 2098
f 2095 2098 2094
f 2096 2100 2099
f 2096 2099 2095
f 2079 2060 2044
f 2060 2079 2101
f 2101 2062 2060
f 2079 2080 2102
f 2079 2102 2101
f 2064 2062 2101
f 2064 2101 2103
f 2103 2101 2102
f 2103 2102 2106
f 2102 2080 2084
f 2102 2084 2104
f 2104 2084 2085
f 2104 2085 2105
f 2106 2102 2104
f 2106 2104 2107
f 2108 2107 2104
f 2104 2105 2108
f 2110 2109 2064
f 2064 2103 2110
f 2106 2110 2103
f 2110 2106 2111
f 2109 2110 2112
f 2109 2112 2070
f 2112 2110 2111
f 2112 2111 2113
f 2106 2107 2114
f 2106 2114 2111
f 2114 2107 2108
f 2114 2108 2115
f 2113 2111 2114
f 2113 2114 2116
f 2116 2114 2115
f 2116 2115 2117
f 2105 2085 2097
f 2105 2097 2118
f 2118 2097 2098
f 2118 2098 2119
f 2120 2108 2105
f 2105 2118 2120
f 2120 2118 2119
f 2120 2119 2121
f 2108 2120 2122
f 2121 2123 2122
f 2121 2122 2120
f 2124 2119 2098
f 2098 2099 2124
f 2125 2124 2099
f 2099 2100 2125
f 2121 2119 2124
f 2121 2124 2126
f 2126 2124 2125
f 2126 2125 2127
f 2126 2123 2121
f 2115 2108 2122
f 2115 2122 2128
f 2129 2128 2122
f 2122 2123 2129
f 2117 2115 2128
f 2117 2128 2130
f 2131 2130 2128
f 2128 2129 2131
f 2132 2129 2123
f 2123 2126 2132
f 2133 2132 2126
f 2133 2126 2127
f 2134 2131 2129
f 2129 2132 2134
f 2135 2134 2132
f 2132 2133 2135
f 1616 1594 2029
f 2136 1616 2029
f 2137 2136 2029
f 1618 1616 2136
f 2137 2138 2136
f 2140 2139 2138
f 2140 2138 2137
f 1618 2136 2141
f 2136 2138 2141
f 2141 2138 2139
f 2140 2142 2139
f 2141 2139 2142
f 2141 2142 2146
f 2053 2142 2140
f 2142 2053 2143
f 2143 2053 2054
f 2146 2142 2143
f 1643 1618 2141
f 2141 2144 1643
f 2145 2144 2141
f 2146 2145 2141
f 2144 1644 1643
f 1644 2144 2147
f 2147 2144 2145
f 2143 2054 2148
f 2143 2149 2146
f 2149 2143 2148
f 2149 2148 2150
f 2145 2146 2152
f 2145 2152 2151
f 2147 2145 2151
f 2149 2153 2152
f 2149 2152 2146
f 2154 2153 2149
f 2149 2150 2154
f 2151 2152 2153
f 2151 2153 2155
f 2155 2153 2154
f 2155 2154 2156
f 2148 2054 2066
f 2148 2066 2157
f 2158 2157 2066
f 2066 2067 2158
f 2159 2150 2148
f 2148 2157 2159
f 2159 2157 2158
f 2159 2158 2160
f 2158 2067 2069
f 2158 2069 2161
f 2161 2069 2070
f 2161 2070 2162
f 2160 2158 2161
f 2160 2161 2163
f 2163 2161 2162
f 2163 2162 2164
f 2154 2150 2159
f 2154 2159 2165
f 2165 2159 2160
f 2165 2160 2166
f 2156 2154 2165
f 2156 2165 2167
f 2167 2165 2166
f 2167 2166 2168
f 2166 2160 2163
f 2166 2163 2169
f 2169 2163 2164
f 2169 2164 2185
f 2169 2170 2168
f 2168 2166 2169
f 2185 2170 2169
f 1663 1644 2147
f 1663 2147 2151
f 2151 2171 1663
f 2171 1667 1663
f 2171 2151 2155
f 2174 2171 2155
f 2155 2156 2174
f 2171 2174 2172
f 2173 1674 1673
f 1673 1667 2171
f 1673 2171 2173
f 2173 2171 2172
f 2173 2172 2178
f 2174 2156 2167
f 2174 2167 2175
f 2175 2167 2168
f 2175 2168 2177
f 2172 2174 2175
f 2172 2175 2176
f 2177 2176 2175
f 2177 2168 2170
f 2178 2172 2176
f 2162 2070 2112
f 2162 2112 2179
f 2179 2112 2113
f 2179 2113 2180
f 2164 2162 2179
f 2164 2179 2181
f 2182 2181 2179
f 2179 2180 2182
f 2180 2113 2116
f 2180 2116 2183
f 2184 2183 2116
f 2184 2116 2117
f 2183 2182 2180
f 2181 2185 2164
f 2186 2184 2117
f 2117 2130 2186
f 2186 2130 2131
f 2186 2131 2187
f 2188 2187 2131
f 2131 2134 2188
f 2189 2188 2134
f 2134 2135 2189
f 2188 2189 2190
f 2191 1864 1861
f 1861 552 2191
f 2191 552 554
f 2191 554 2195
f 2192 1865 1864
f 1864 2191 2192
f 2193 2192 2191
f 2193 2191 2195
f 2193 2195 2194
f 554 2196 2195
f 2197 1865 2192
f 2198 2197 2192
f 2192 2193 2198
f 2207 2198 2193
f 2193 2194 2207
f 1870 2197 2198
f 1870 2198 2199
f 2198 2207 2199
f 1890 1870 2199
f 1890 2199 2200
f 1892 1890 2200
f 1892 2200 2201
f 2202 1898 1892
f 1892 2201 2202
f 2203 1899 1898
f 1898 2202 2203
f 2195 2196 2204
f 561 2204 2196
f 2204 561 2205
f 2194 2195 2204
f 2194 2204 2206
f 2206 2204 2205
f 2206 2205 2216
f 2208 2199 2207
f 2207 2194 2206
f 2207 2206 2209
f 2210 2209 2206
f 2206 2216 2210
f 2209 2210 2211
f 2208 2207 2209
f 2208 2209 2212
f 2209 2211 2212
f 2213 2212 2211
f 2205 561 566
f 2205 566 2214
f 567 2214 566
f 2215 2214 567
f 2205 2214 2216
f 2217 2216 2214
f 2217 2214 2215
f 2217 2215 2218
f 2215 567 571
f 2215 571 2219
f 2219 571 572
f 2219 572 2220
f 2218 2215 2219
f 2218 2219 2221
f 2221 2219 2220
f 2221 2220 2222
f 2223 2211 2210
f 2210 2216 2217
f 2210 2217 2223
f 2223 2217 2218
f 2223 2218 2224
f 2213 2211 2223
f 2213 2223 2225
f 2225 2223 2224
f 2225 2224 2226
f 2224 2218 2221
f 2224 2221 2227
f 2227 2221 2222
f 2227 2222 2228
f 2226 2224 2227
f 2226 2227 2229
f 2229 2227 2228
f 2229 2228 2230
f 2231 2200 2199
f 2199 2208 2231
f 2232 2201 2200
f 2200 2231 2232
f 2231 2208 2212
f 2231 2212 2233
f 2234 2233 2212
f 2212 2213 2234
f 2235 2232 2231
f 2231 2233 2235
f 2235 2233 2234
f 2235 2234 2236
f 2237 2202 2201
f 2201 2232 2237
f 2203 2202 2237
f 2203 2237 2238
f 2237 2232 2235
f 2237 2235 2239
f 2240 2239 2235
f 2235 2236 2240
f 2241 2238 2237
f 2237 2239 2241
f 2238 2241 2242
f 2240 2242 2241
f 2241 2239 2240
f 2242 2240 2243
f 2234 2213 2225
f 2234 2225 2244
f 2244 2225 2226
f 2244 2226 2245
f 2236 2234 2244
f 2236 2244 2246
f 2246 2244 2245
f 2246 2245 2247
f 2245 2226 2229
f 2245 2229 2248
f 2248 2229 2230
f 2248 2230 2249
f 2250 2247 2245
f 2245 2248 2250
f 2251 2250 2248
f 2248 2249 2251
f 2252 2240 2236
f 2236 2246 2252
f 2253 2252 2246
f 2246 2247 2253
f 2254 2243 2240
f 2240 2252 2254
f 2255 2254 2252
f 2252 2253 2255
f 2256 2253 2247
f 2247 2250 2256
f 2257 2256 2250
f 2250 2251 2257
f 2258 2255 2253
f 2253 2256 2258
f 2259 2258 2256
f 2256 2257 2259
f 2220 572 592
f 2220 592 2260
f 2261 2260 592
f 592 593 2261
f 2222 2220 2260
f 2222 2260 2262
f 2263 2262 2260
f 2260 2261 2263
f 2264 2261 593
f 593 598 2264
f 2265 2264 598
f 598 599 2265
f 2266 2263 2261
f 2261 2264 2266
f 2267 2266 2264
f 2264 2265 2267
f 2228 2222 2262
f 2228 2262 2268
f 2269 2268 2262
f 2262 2263 2269
f 2230 2228 2268
f 2230 2268 2270
f 2271 2270 2268
f 2268 2269 2271
f 2272 2269 2263
f 2263 2266 2272
f 2273 2272 2266
f 2266 2267 2273
f 2274 2271 2269
f 2269 2272 2274
f 2275 2274 2272
f 2272 2273 2275
f 2276 2267 2265
f 2265 599 601
f 2265 601 2276
f 2277 2276 601
f 601 602 2277
f 2278 2275 2273
f 2273 2267 2276
f 2273 2276 2278
f 2279 2278 2276
f 2276 2277 2279
f 2280 2249 2230
f 2230 2270 2280
f 2280 2270 2271
f 2280 2271 2281
f 2282 2251 2249
f 2249 2280 2282
f 2282 2280 2281
f 2282 2281 2283
f 2281 2271 2274
f 2281 2274 2284
f 2284 2274 2275
f 2284 2275 2285
f 2283 2281 2284
f 2283 2284 2286
f 2286 2284 2285
f 2286 2285 2287
f 2257 2251 2282
f 2257 2282 2288
f 2288 2282 2283
f 2288 2283 2289
f 2259 2257 2288
f 2259 2288 2290
f 2290 2288 2289
f 2290 2289 2291
f 2289 2283 2286
f 2289 2286 2292
f 2292 2286 2287
f 2292 2287 2293
f 2291 2289 2292
f 2291 2292 2294
f 2294 2292 2293
f 2294 2293 2295
f 2298 2287 2285
f 2278 2298 2285
f 2285 2275 2278
f 2298 2278 2296
f 2303 2296 2278
f 2303 2278 2279
f 2303 2279 2297
f 2293 2287 2298
f 2293 2298 2299
f 2299 2298 2296
f 2299 2296 2300
f 2295 2293 2299
f 2295 2299 2301
f 2302 2301 2299
f 2302 2299 2300
f 2304 2300 2296
f 2296 2303 2304
f 2304 2303 2297
f 2304 2297 2305
f 2306 2302 2304
f 2304 2302 2300
f 2306 2304 2305
f 2306 2305 2307
f 1911 1914 2308
f 2309 2308 1914
f 1914 1921 2309
f 1920 1899 2310
f 2310 1899 2203
f 2310 2203 2311
f 2311 2203 2314
f 2312 1919 1920
f 1920 2310 2312
f 2311 2312 2310
f 2312 2311 2313
f 2311 2314 2313
f 2313 2314 2315
f 2316 1919 2317
f 1921 2316 2318
f 1921 2318 2309
f 2317 2318 2316
f 2309 2318 2319
f 2320 2319 2318
f 2318 2317 2320
f 2312 2317 1919
f 2317 2312 2322
f 2317 2322 2321
f 2313 2322 2312
f 2321 2320 2317
f 2323 2319 2320
f 2321 2322 2324
f 2324 2322 2313
f 2324 2313 2315
f 2324 2315 2326
f 2324 2326 2325
f 2324 2323 2320
f 2324 2320 2321
f 2323 2324 2328
f 2323 2328 2327
f 2324 2325 2328
f 2325 2326 2330
f 2325 2330 2329
f 2329 2330 2331
f 2332 2327 2328
f 2328 2333 2332
f 2329 2333 2328
f 2329 2328 2325
f 2334 2332 2333
f 2331 2334 2333
f 2331 2333 2329
f 2335 2337 2334
f 2335 2334 2331
f 2338 2337 2335
f 2338 2335 2336
f 1910 2339 2089
f 2089 1839 1910
f 1911 2340 2339
f 1911 2339 1910
f 2089 2339 2341
f 2341 2339 2340
f 2341 2340 2342
f 2341 2343 2091
f 2341 2091 2089
f 2342 2343 2341
f 2308 2340 1911
f 2344 2342 2340
f 2344 2340 2308
f 2308 2345 2344
f 2346 2345 2308
f 2346 2308 2309
f 2347 2096 2091
f 2091 2343 2347
f 2348 2347 2343
f 2343 2342 2348
f 2096 2347 2349
f 2350 2349 2347
f 2347 2348 2350
f 2348 2351 2350
f 2352 2345 2346
f 2345 2353 2348
f 2344 2345 2348
f 2348 2342 2344
f 2352 2353 2345
f 2354 2351 2348
f 2348 2353 2354
f 2355 2354 2353
f 2355 2353 2352
f 2349 2100 2096
f 2319 2346 2309
f 2356 2352 2346
f 2346 2319 2356
f 2319 2323 2356
f 2357 2352 2356
f 2356 2323 2327
f 2327 2357 2356
f 2357 2355 2352
f 2359 2351 2354
f 2358 2359 2354
f 2354 2355 2358
f 2360 2359 2358
f 2362 2125 2100
f 2100 2349 2362
f 2350 2351 2363
f 2363 2362 2350
f 2362 2349 2350
f 2364 2127 2125
f 2125 2362 2364
f 2365 2364 2362
f 2362 2363 2365
f 2359 2363 2351
f 2359 2366 2365
f 2359 2365 2363
f 2360 2366 2359
f 2405 2135 2133
f 2368 2405 2133
f 2133 2127 2364
f 2133 2364 2368
f 2364 2365 2368
f 2405 2368 2367
f 2369 2368 2365
f 2365 2366 2369
f 2360 2361 2369
f 2369 2366 2360
f 2370 2368 2369
f 2369 2371 2370
f 2372 2371 2369
f 2369 2361 2372
f 2370 2367 2368
f 2373 2357 2327
f 2373 2327 2374
f 2375 2373 2374
f 2374 2376 2375
f 2373 2358 2355
f 2373 2355 2357
f 2377 2360 2358
f 2358 2373 2377
f 2373 2375 2377
f 2327 2332 2374
f 2332 2334 2376
f 2376 2374 2332
f 2378 2375 2376
f 2361 2360 2377
f 2361 2377 2379
f 2375 2378 2379
f 2379 2377 2375
f 2380 2361 2379
f 2379 2381 2380
f 2378 2419 2381
f 2381 2379 2378
f 2334 2337 2378
f 2378 2376 2334
f 2338 2419 2378
f 2338 2378 2337
f 2361 2380 2372
f 2314 2203 2238
f 2382 2314 2238
f 2238 2242 2382
f 2382 2242 2383
f 2243 2383 2242
f 2382 2315 2314
f 2315 2382 2326
f 2382 2383 2326
f 2254 2384 2383
f 2254 2383 2243
f 2385 2384 2254
f 2254 2255 2385
f 2386 2326 2383
f 2383 2384 2386
f 2386 2384 2385
f 2386 2385 2387
f 2388 2385 2255
f 2255 2258 2388
f 2389 2388 2258
f 2258 2259 2389
f 2387 2385 2388
f 2387 2388 2390
f 2390 2388 2389
f 2390 2389 2391
f 2386 2330 2326
f 2387 2331 2330
f 2387 2330 2386
f 2390 2335 2331
f 2390 2331 2387
f 2391 2336 2335
f 2391 2335 2390
f 2393 2338 2336
f 2336 2392 2393
f 2394 2393 2392
f 2392 2395 2394
f 2396 2394 2395
f 2395 2466 2396
f 2397 2396 2466
f 2466 2467 2397
f 2400 2397 2467
f 2467 2398 2400
f 2401 2400 2398
f 2398 2399 2401
f 2402 3612 2403
f 2401 2399 2402
f 2401 2402 2404
f 2404 2402 2403
f 2404 2403 2452
f 2406 2189 2135
f 2135 2405 2406
f 2407 2406 2405
f 2405 2367 2407
f 2190 2189 2406
f 2408 2190 2406
f 2409 2408 2406
f 2406 2407 2409
f 2370 2371 2410
f 2410 2371 2372
f 2410 2372 2411
f 2412 2410 2411
f 2370 2410 2407
f 2407 2367 2370
f 2413 2409 2407
f 2407 2410 2413
f 2410 2412 2413
f 2414 2408 2409
f 2416 2414 2409
f 2409 2413 2416
f 2412 2415 2416
f 2416 2413 2412
f 2417 2414 2416
f 2416 2418 2417
f 2432 2418 2416
f 2416 2415 2432
f 2420 2380 2381
f 2419 2422 2420
f 2419 2420 2381
f 2420 2422 2423
f 2420 2423 2421
f 2419 2338 2393
f 2419 2393 2422
f 2423 2422 2393
f 2393 2394 2423
f 2424 2421 2423
f 2423 2425 2424
f 2426 2424 2425
f 2427 2423 2394
f 2394 2428 2427
f 2396 2428 2394
f 2427 2428 2430
f 2427 2430 2429
f 2397 2430 2428
f 2397 2428 2396
f 2427 2425 2423
f 2429 2426 2425
f 2429 2425 2427
f 2380 2420 2411
f 2411 2372 2380
f 2420 2421 2412
f 2420 2412 2411
f 2415 2412 2421
f 2415 2421 2431
f 2421 2424 2431
f 2432 2415 2431
f 2431 2433 2432
f 2424 2426 2433
f 2433 2431 2424
f 2434 2417 2418
f 2435 2434 2418
f 2418 2432 2435
f 2437 2436 2434
f 2434 2435 2437
f 2438 2436 2437
f 2438 2437 2439
f 2440 2438 2439
f 2440 2439 2441
f 2429 2430 2444
f 2400 2444 2430
f 2400 2430 2397
f 2401 2445 2444
f 2401 2444 2400
f 2444 2442 2426
f 2444 2426 2429
f 2445 2443 2442
f 2445 2442 2444
f 2446 2448 2447
f 2445 2450 2449
f 2401 2404 2450
f 2450 2445 2401
f 2451 2449 2450
f 2450 2452 2451
f 2452 2450 2404
f 2449 2446 2443
f 2449 2443 2445
f 2449 2451 2448
f 2448 2446 2449
f 2453 2432 2433
f 2426 2442 2453
f 2453 2433 2426
f 2442 2443 2454
f 2454 2453 2442
f 2432 2453 2435
f 2453 2454 2437
f 2437 2435 2453
f 2446 2455 2454
f 2446 2454 2443
f 2455 2457 2456
f 2447 2457 2455
f 2447 2455 2446
f 2455 2439 2437
f 2455 2437 2454
f 2456 2441 2439
f 2456 2439 2455
f 2389 2259 2290
f 2389 2290 2458
f 2458 2290 2291
f 2458 2291 2459
f 2460 2391 2389
f 2389 2458 2460
f 2461 2460 2458
f 2458 2459 2461
f 2459 2291 2294
f 2459 2294 2462
f 2463 2462 2294
f 2463 2294 2295
f 2464 2461 2459
f 2459 2462 2464
f 2464 2462 2463
f 2465 2464 2463
f 2460 2392 2336
f 2460 2336 2391
f 2461 2395 2392
f 2461 2392 2460
f 2395 2461 2464
f 2395 2464 2466
f 2466 2464 2465
f 2466 2465 2467
f 2295 2301 2468
f 2468 2463 2295
f 2468 2302 2469
f 2302 2468 2301
f 2465 2463 2468
f 2465 2468 2470
f 2470 2468 2469
f 2470 2469 2471
f 2469 2302 2306
f 2469 2306 2472
f 2472 2306 2307
f 2472 2307 2473
f 2471 2469 2472
f 2471 2472 2474
f 2474 2472 2473
f 2474 2473 3612
f 2467 2465 2470
f 2467 2470 2398
f 2470 2471 2398
f 2471 2399 2398
f 2471 2474 2402
f 2402 2399 2471
f 3612 2402 2474
f 2170 2185 2475
f 2177 2476 2176
f 2170 2477 2177
f 2477 2170 2475
f 2477 2475 2478
f 2177 2477 2479
f 2177 2479 2476
f 2479 2477 2478
f 2479 2478 2480
f 2176 2476 2481
f 2176 2481 2178
f 2481 2476 2479
f 2482 2481 2479
f 2479 2480 2482
f 2182 2183 2483
f 2183 2184 2484
f 2484 2483 2183
f 2181 2485 2185
f 2181 2182 2486
f 2181 2486 2485
f 2475 2185 2485
f 2485 2487 2475
f 2487 2485 2486
f 2487 2486 2488
f 2486 2182 2483
f 2486 2483 2489
f 2489 2483 2484
f 2489 2484 2490
f 2488 2486 2489
f 2488 2489 2491
f 2491 2489 2490
f 2491 2490 2492
f 2484 2184 2186
f 2484 2186 2493
f 2494 2493 2186
f 2186 2187 2494
f 2188 2190 2497
f 2188 2497 2494
f 2494 2187 2188
f 2496 2492 2490
f 2490 2484 2493
f 2496 2490 2493
f 2493 2494 2496
f 2492 2496 2495
f 2498 2496 2494
f 2494 2497 2498
f 2499 2498 2497
f 2497 2190 2499
f 2500 2495 2496
f 2496 2498 2500
f 2501 2500 2498
f 2498 2499 2501
f 2478 2475 2487
f 2478 2487 2502
f 2502 2487 2488
f 2502 2488 2503
f 2480 2478 2502
f 2480 2502 2504
f 2504 2502 2503
f 2504 2503 2505
f 2506 2505 2503
f 2503 2488 2491
f 2506 2503 2491
f 2491 2492 2506
f 2482 2480 2504
f 2507 2482 2504
f 2504 2505 2507
f 2507 2505 2506
f 2507 2506 2508
f 2510 2506 2492
f 2492 2495 2510
f 2506 2510 2509
f 2511 2510 2495
f 2495 2500 2511
f 2512 2511 2500
f 2500 2501 2512
f 2513 2509 2510
f 2510 2511 2513
f 2514 2513 2511
f 2511 2512 2514
f 2520 2508 2506
f 2506 2509 2520
f 2508 2520 2515
f 2513 2514 2517
f 2513 2517 2516
f 2516 2517 2519
f 2518 2516 2519
f 2513 2516 2520
f 2513 2520 2509
f 2515 2520 2518
f 2520 2516 2518
f 2408 2521 2499
f 2499 2190 2408
f 2414 2521 2408
f 2522 2501 2499
f 2499 2521 2522
f 2414 2417 2522
f 2414 2522 2521
f 2523 2512 2501
f 2501 2522 2523
f 2524 2523 2522
f 2522 2417 2524
f 2525 2514 2512
f 2512 2523 2525
f 2526 2525 2523
f 2523 2524 2526
f 2417 2434 2524
f 2434 2436 2526
f 2526 2524 2434
f 2527 2517 2514
f 2514 2525 2527
f 2527 2525 2526
f 2527 2526 2528
f 2519 2517 2527
f 2519 2527 2529
f 2529 2527 2528
f 2529 2528 2530
f 2438 2528 2526
f 2438 2526 2436
f 2440 2530 2528
f 2440 2528 2438
f 2532 2531 2601
f 2533 2532 2601
f 2533 2601 2534
f 2534 2535 2533
f 2537 2539 2538
f 2541 2542 2546
f 2543 2545 2544
f 2546 2548 2547
f 2540 2547 2548
f 2548 2544 2540
f 2542 2543 2548
f 2542 2548 2546
f 2544 2548 2543
f 2550 2551 2554
f 2552 2553 2874
f 2554 2556 2555
f 2549 2555 2556
f 2556 2874 2549
f 2556 2551 2552
f 2551 2556 2554
f 2874 2556 2552
f 2558 2610 2540
f 2610 2558 2563
f 2563 2557 2610
f 2559 2561 2560
f 2559 2558 2562
f 2561 2559 2562
f 2561 2562 2549
f 2536 2557 2563
f 2563 2559 2537
f 2563 2537 2536
f 2560 2539 2537
f 2560 2537 2559
f 2559 2563 2558
f 2544 2554 2558
f 2558 2540 2544
f 2554 2544 2550
f 2544 2545 2550
f 2555 2562 2558
f 2554 2555 2558
f 2549 2562 2555
f 2566 2569 2567
f 2569 2571 2570
f 2570 2571 2564
f 2570 2564 2565
f 2568 2570 2565
f 2572 2568 2573
f 2567 2569 2570
f 2572 2567 2570
f 2568 2572 2570
f 2576 2557 2577
f 2578 2577 2579
f 2565 2576 2578
f 2576 2577 2578
f 2580 2582 2581
f 2577 2557 2536
f 2580 2577 2536
f 2580 2536 2537
f 2537 2538 2582
f 2582 2580 2537
f 2579 2577 2580
f 2574 2579 2580
f 2580 2581 2574
f 2581 2575 2574
f 2585 2583 2586
f 2583 2574 2587
f 2588 2587 2574
f 2574 2575 2588
f 2586 2583 2587
f 2586 2587 2589
f 2589 2587 2588
f 2589 2588 2590
f 2568 2578 2591
f 2591 2578 2579
f 2583 2591 2579
f 2578 2568 2565
f 2573 2568 2591
f 2584 2573 2591
f 2591 2585 2584
f 2583 2585 2591
f 2574 2583 2579
f 2603 2594 2597
f 2594 2596 2595
f 2592 2595 2596
f 2596 2540 2593
f 2596 2593 2592
f 2597 2599 2598
f 2598 2599 2592
f 2564 2598 2592
f 2564 2592 2593
f 2593 2565 2564
f 2594 2595 2597
f 2595 2599 2597
f 2592 2599 2595
f 2600 2546 2594
f 2600 2531 2541
f 2541 2546 2600
f 2601 2600 2603
f 2603 2600 2594
f 2601 2531 2600
f 2546 2547 2596
f 2546 2596 2594
f 2540 2596 2547
f 2606 2597 2569
f 2602 2603 2606
f 2597 2606 2603
f 2604 2606 2605
f 2566 2605 2606
f 2606 2569 2566
f 2606 2607 2602
f 2607 2606 2604
f 2569 2597 2598
f 2598 2571 2569
f 2564 2571 2598
f 2602 2534 2601
f 2601 2603 2602
f 2607 2608 2534
f 2534 2602 2607
f 2608 2609 2535
f 2535 2534 2608
f 2593 2610 2576
f 2610 2557 2576
f 2610 2593 2540
f 2576 2565 2593
f 2612 2614 2611
f 2613 2615 2614
f 2616 2615 2613
f 2617 2613 2614
f 2612 2617 2614
f 2624 2616 2613
f 2624 2613 2617
f 2618 2611 2531
f 2618 2619 2612
f 2612 2611 2618
f 2532 2620 2618
f 2618 2531 2532
f 2620 2621 2619
f 2619 2618 2620
f 2622 2617 2612
f 2622 2612 2619
f 2617 2623 2624
f 2623 2617 2622
f 2621 2625 2622
f 2622 2619 2621
f 2622 2625 2623
f 2627 2620 2532
f 2627 2532 2533
f 2626 2678 2621
f 2626 2621 2620
f 2626 2620 2627
f 2533 2535 2627
f 2621 2678 2625
f 2628 2632 2631
f 2629 2631 2632
f 2629 2632 2645
f 2645 2630 2629
f 2637 2634 2633
f 2628 2635 2633
f 2636 2637 2635
f 2637 2633 2635
f 2639 2640 2645
f 2638 2633 2634
f 2634 616 2639
f 2634 2639 2638
f 617 2640 2639
f 616 617 2639
f 2638 2639 2632
f 2632 2628 2633
f 2632 2633 2638
f 2645 2632 2639
f 2641 2643 2642
f 2614 2644 2641
f 2644 2628 2643
f 2644 2643 2641
f 2611 2641 2541
f 2641 2642 2542
f 2641 2542 2541
f 2641 2611 2614
f 2642 2643 2631
f 2543 2642 2631
f 2629 2630 2545
f 2545 2543 2631
f 2545 2631 2629
f 2631 2643 2628
f 2543 2542 2642
f 2644 2614 2615
f 2615 2635 2644
f 2628 2644 2635
f 2636 2635 2615
f 2615 2616 2636
f 2630 2645 2646
f 2550 2630 2646
f 2646 622 2551
f 2646 2551 2550
f 623 2553 2552
f 622 623 2552
f 2552 2551 622
f 2646 2645 2640
f 2640 628 2646
f 622 2646 628
f 628 2640 617
f 2550 2545 2630
f 2649 634 2634
f 2649 2634 2637
f 2647 633 634
f 2649 2647 634
f 2648 2649 2637
f 2648 2637 2636
f 2650 2649 2648
f 2647 2649 2650
f 634 616 2634
f 2651 638 633
f 2651 633 2647
f 2652 2651 2647
f 2652 2647 2650
f 2653 642 638
f 2653 638 2651
f 2653 2654 642
f 2652 2655 2651
f 2653 2651 2655
f 2655 2656 2657
f 2657 2654 2653
f 2657 2653 2655
f 2616 2658 2648
f 2648 2636 2616
f 2659 2650 2648
f 2659 2648 2658
f 2659 2662 2650
f 2624 2660 2658
f 2658 2616 2624
f 2658 2660 2659
f 2659 2661 2662
f 2661 2659 2660
f 2694 2662 2661
f 2652 2650 2662
f 2662 2663 2664
f 2664 2655 2652
f 2664 2652 2662
f 2665 2664 2663
f 2665 2666 2656
f 2656 2655 2664
f 2656 2664 2665
f 2662 2694 2663
f 2667 2665 2694
f 2665 2663 2694
f 2665 2667 2666
f 2668 2657 2656
f 2666 2669 2670
f 2666 2670 2668
f 2668 2656 2666
f 2667 2671 2669
f 2669 2666 2667
f 2671 2672 2673
f 2671 2673 2669
f 2541 2531 2611
f 2674 2624 2623
f 2623 2675 2676
f 2676 2674 2623
f 2675 2623 2625
f 2677 2676 2675
f 2609 2679 2627
f 2627 2535 2609
f 2626 2679 2680
f 2680 2678 2626
f 2679 2626 2627
f 2681 2680 2679
f 2682 2625 2678
f 2625 2682 2675
f 2683 2684 2685
f 2685 2677 2683
f 2683 2677 2675
f 2675 2682 2683
f 2678 2680 2682
f 2680 2686 2683
f 2683 2682 2680
f 2686 2680 2681
f 2683 2686 2684
f 2687 2685 2684
f 2688 2686 2681
f 2687 2684 2686
f 2687 2686 2688
f 2689 2687 2688
f 2624 2690 2660
f 2690 2624 2674
f 2690 2691 2660
f 2661 2660 2691
f 2674 2676 2690
f 2676 2692 2691
f 2691 2690 2676
f 2692 2676 2677
f 2661 2693 2694
f 2693 2661 2691
f 2695 2694 2693
f 2696 2691 2692
f 2691 2696 2693
f 2697 2698 2695
f 2697 2695 2693
f 2696 2697 2693
f 2695 2698 2667
f 2667 2694 2695
f 2677 2685 2692
f 2696 2692 2687
f 2692 2685 2687
f 2704 2696 2687
f 2696 2704 2697
f 2687 2689 2704
f 2699 2698 2697
f 2667 2698 2700
f 2667 2700 2671
f 2701 2672 2671
f 2701 2671 2700
f 2699 2706 2700
f 2700 2698 2699
f 2706 2712 2700
f 2700 2712 2701
f 2715 2702 2703
f 2703 2672 2701
f 2715 2703 2701
f 2701 2712 2715
f 2705 2706 2699
f 2705 2699 2697
f 2704 2705 2697
f 2707 2706 2705
f 2708 2709 2704
f 2689 2708 2704
f 2710 2709 2708
f 2704 2709 2705
f 2710 2828 2707
f 2707 2705 2710
f 2705 2709 2710
f 2711 2707 2828
f 2712 2706 2707
f 2713 2712 2707
f 2712 2713 2715
f 2714 2717 2702
f 2714 2702 2715
f 2715 2713 2714
f 2707 2711 2713
f 2716 2717 2714
f 2716 2714 2713
f 2711 2716 2713
f 2721 2573 2718
f 2718 2720 2721
f 2720 2718 2719
f 2722 2723 2566
f 2566 2567 2722
f 2724 2727 2723
f 2723 2722 2724
f 2721 2722 2572
f 2572 2573 2721
f 2572 2722 2567
f 2721 2724 2722
f 2724 2721 2720
f 2726 2725 2720
f 2720 2719 2726
f 2726 2731 2725
f 2724 2729 2727
f 2728 2729 2724
f 2728 2724 2720
f 2728 2720 2725
f 2725 2730 2728
f 2731 2774 2730
f 2731 2730 2725
f 2730 2732 2729
f 2730 2729 2728
f 2732 2730 2774
f 2733 2735 2734
f 2718 2573 2584
f 2585 2733 2718
f 2718 2584 2585
f 2585 2586 2735
f 2735 2733 2585
f 2719 2733 2736
f 2736 2733 2734
f 2736 2734 2737
f 2733 2719 2718
f 2738 2734 2735
f 2735 2589 2738
f 2739 2738 2589
f 2589 2590 2739
f 2589 2735 2586
f 2737 2734 2738
f 2737 2738 2740
f 2741 2740 2738
f 2738 2739 2741
f 2726 2719 2736
f 2726 2736 2742
f 2742 2736 2737
f 2742 2737 2743
f 2742 2744 2726
f 2744 2742 2743
f 2744 2743 2745
f 2744 2731 2726
f 2743 2737 2740
f 2743 2740 2746
f 2746 2740 2741
f 2746 2741 2747
f 2745 2743 2746
f 2745 2746 2748
f 2746 2747 2749
f 2746 2749 2748
f 2750 2604 2605
f 2750 2605 2723
f 2566 2723 2605
f 2750 2751 2607
f 2607 2604 2750
f 2752 2750 2723
f 2752 2723 2727
f 2753 2751 2750
f 2753 2750 2752
f 2751 2754 2608
f 2608 2607 2751
f 2755 2609 2754
f 2609 2608 2754
f 2753 2756 2754
f 2754 2751 2753
f 2754 2756 2755
f 2765 2755 2756
f 2727 2757 2752
f 2757 2727 2729
f 2752 2757 2758
f 2752 2758 2753
f 2757 2759 2758
f 2729 2760 2757
f 2759 2757 2760
f 2760 2761 2759
f 2760 2729 2732
f 2760 2732 2762
f 2763 2761 2760
f 2760 2762 2763
f 2762 2768 2763
f 2753 2758 2756
f 2759 2764 2756
f 2756 2758 2759
f 2756 2764 2765
f 2759 2761 2764
f 2764 2766 2765
f 2767 2764 2761
f 2761 2763 2767
f 2763 2768 2769
f 2769 2767 2763
f 2766 2764 2767
f 2770 2766 2767
f 2767 2769 2770
f 2771 2769 2768
f 2772 2770 2769
f 2772 2769 2771
f 2773 2772 2771
f 2774 2775 2732
f 2744 2776 2731
f 2744 2745 2777
f 2744 2777 2776
f 2778 2777 2745
f 2745 2748 2778
f 2749 2779 2778
f 2748 2749 2778
f 2776 2780 2774
f 2776 2774 2731
f 2780 2776 2777
f 2780 2777 2781
f 2782 2775 2774
f 2774 2780 2782
f 2783 2782 2780
f 2780 2781 2783
f 2781 2777 2778
f 2781 2778 2784
f 2785 2784 2778
f 2778 2779 2785
f 2786 2783 2781
f 2781 2784 2786
f 2786 2784 2785
f 2786 2785 2787
f 2762 2732 2775
f 2775 2788 2762
f 2768 2762 2788
f 2789 2788 2775
f 2775 2782 2789
f 2790 2789 2782
f 2782 2783 2790
f 2791 2768 2788
f 2788 2789 2791
f 2792 2791 2789
f 2789 2790 2792
f 2793 2790 2783
f 2783 2786 2793
f 2794 2793 2786
f 2786 2787 2794
f 2795 2792 2790
f 2790 2793 2795
f 2796 2795 2793
f 2793 2794 2796
f 2771 2768 2791
f 2797 2771 2791
f 2791 2792 2797
f 2771 2797 2773
f 2798 2797 2792
f 2792 2795 2798
f 2799 2798 2795
f 2795 2796 2799
f 2773 2797 2798
f 2798 2800 2773
f 2801 2800 2798
f 2798 2799 2801
f 2609 2755 2679
f 2802 2679 2755
f 2681 2679 2802
f 2765 2802 2755
f 2803 2681 2802
f 2804 2802 2765
f 2803 2802 2804
f 2804 2806 2803
f 2688 2681 2803
f 2807 2688 2803
f 2688 2807 2689
f 2803 2806 2807
f 2804 2765 2766
f 2805 2804 2766
f 2804 2805 2806
f 2766 2770 2805
f 2807 2808 2809
f 2807 2809 2689
f 2810 2809 2808
f 2807 2806 2811
f 2811 2812 2807
f 2813 2812 2811
f 2807 2812 2808
f 2810 2808 2812
f 2810 2812 2813
f 2814 2810 2813
f 2815 2817 2816
f 2815 2816 2806
f 2806 2805 2815
f 2819 2816 2817
f 2815 2805 2770
f 2770 2772 2815
f 2772 2817 2815
f 2818 2817 2772
f 2772 2773 2818
f 2817 2818 2819
f 2800 2820 2818
f 2773 2800 2818
f 2821 2820 2800
f 2818 2820 2822
f 2818 2822 2819
f 2823 2822 2820
f 2823 2820 2821
f 2806 2816 2811
f 2813 2811 2816
f 2816 2819 2813
f 2819 2824 2825
f 2825 2813 2819
f 2826 2825 2824
f 2813 2825 2814
f 2825 2827 2814
f 2827 2825 2826
f 2819 2822 2824
f 2824 2822 2823
f 2826 2824 2823
f 2689 2809 2708
f 2828 2710 2810
f 2710 2708 2810
f 2708 2809 2810
f 2829 2828 2810
f 2828 2829 2711
f 2829 2830 2711
f 2810 2814 2829
f 2814 2831 2832
f 2814 2832 2829
f 2829 2832 2830
f 2711 2830 2716
f 2814 2827 2831
f 2821 2800 2801
f 2834 2538 2539
f 2539 2878 2834
f 2834 2878 2833
f 2835 2834 2833
f 2836 2838 2837
f 2835 2833 2836
f 2835 2836 2839
f 2836 2837 2839
f 2837 2840 2839
f 2841 2843 2842
f 2844 2846 2845
f 2853 2847 2843
f 2848 2850 2849
f 673 2849 2850
f 2850 672 673
f 2853 2849 673
f 673 2847 2853
f 2851 2853 2852
f 2841 2852 2853
f 2853 2843 2841
f 2845 2846 2848
f 2851 2845 2848
f 2848 2849 2851
f 2849 2853 2851
f 2855 2841 2842
f 2855 2842 2854
f 2857 2856 2854
f 2858 2901 2855
f 2856 2858 2855
f 2855 2854 2856
f 2861 2837 2838
f 2838 2844 2861
f 2861 2844 2845
f 2859 2861 2845
f 2845 2860 2859
f 2840 2863 2862
f 2862 2863 2859
f 2901 2862 2859
f 2859 2860 2901
f 2837 2861 2863
f 2863 2840 2837
f 2859 2863 2861
f 2860 2851 2852
f 2860 2852 2855
f 2841 2855 2852
f 2851 2860 2845
f 2860 2855 2901
f 2549 2866 2865
f 2865 2866 2867
f 2864 2865 2867
f 2868 2870 2869
f 2871 2873 2872
f 2867 2868 2871
f 2867 2871 2864
f 2869 2873 2871
f 2869 2871 2868
f 2874 2876 2875
f 2875 2876 674
f 2875 674 2867
f 2553 2877 2876
f 2553 2876 2874
f 674 2876 2877
f 2874 2875 2866
f 2866 2549 2874
f 2867 2866 2875
f 674 679 2867
f 679 680 2868
f 679 2868 2867
f 681 2870 2868
f 681 2868 680
f 2560 2561 2865
f 2560 2865 2878
f 2833 2878 2865
f 2833 2865 2864
f 2865 2561 2549
f 2878 2539 2560
f 2871 2836 2833
f 2871 2833 2864
f 2872 2838 2836
f 2872 2836 2871
f 2879 2881 2880
f 2879 2869 2870
f 2870 687 2879
f 687 688 2879
f 688 2881 2879
f 2844 2872 2873
f 2873 2879 2844
f 2879 2880 2844
f 2880 2846 2844
f 2879 2873 2869
f 2848 2880 2881
f 2850 2881 692
f 2881 2850 2848
f 672 2850 692
f 692 2881 688
f 2848 2846 2880
f 687 2870 681
f 2844 2838 2872
f 2884 2886 2885
f 2887 2581 2582
f 2582 2834 2887
f 2888 2887 2834
f 2834 2835 2888
f 2834 2582 2538
f 2581 2887 2882
f 2882 2575 2581
f 2887 2888 2883
f 2883 2882 2887
f 2889 2888 2835
f 2835 2839 2889
f 2890 2889 2839
f 2839 2840 2890
f 2889 2884 2883
f 2889 2883 2888
f 2889 2890 2886
f 2886 2884 2889
f 2588 2575 2882
f 2588 2882 2891
f 2892 2891 2882
f 2882 2883 2892
f 2590 2588 2891
f 2590 2891 2893
f 2894 2893 2891
f 2891 2892 2894
f 2895 2892 2883
f 2883 2884 2895
f 2895 2884 2885
f 2895 2885 2896
f 2897 2894 2892
f 2892 2895 2897
f 2897 2895 2896
f 2897 2896 2898
f 2899 2901 2900
f 2902 2885 2886
f 2886 2899 2902
f 2902 2899 2900
f 2902 2900 2906
f 2903 2856 2857
f 2903 2857 1512
f 2858 2900 2901
f 2900 2858 2903
f 2856 2903 2858
f 2904 2906 2903
f 1512 2904 2903
f 2904 1512 1510
f 2900 2903 2906
f 2890 2840 2862
f 2890 2862 2899
f 2862 2901 2899
f 2899 2886 2890
f 2908 2906 2905
f 2896 2885 2902
f 2896 2902 2908
f 2902 2906 2908
f 2909 2907 2908
f 2908 2905 2909
f 2907 2898 2896
f 2896 2908 2907
f 2904 2905 2906
f 2905 2904 1513
f 1510 1513 2904
f 1515 2909 2905
f 2905 1513 1515
f 1530 2912 706
f 2843 707 2912
f 2912 707 706
f 2910 2912 2911
f 1530 2911 2912
f 2911 1530 1529
f 2910 2842 2843
f 2843 2912 2910
f 1530 706 5
f 2843 2847 707
f 1538 2854 2910
f 2910 2911 1538
f 2911 1529 1538
f 2910 2854 2842
f 1538 2857 2854
f 2857 1538 1537
f 2857 1537 1512
f 2877 2553 623
f 2913 2703 2702
f 2717 2914 2913
f 2913 2702 2717
f 2917 2913 2914
f 2915 2717 2716
f 2914 2717 2915
f 2916 2917 2914
f 2916 2914 2915
f 2916 2918 2919
f 2919 2917 2916
f 2920 2919 2918
f 2923 2924 2922
f 2926 3287 2925
f 2923 2927 2925
f 2925 2924 2923
f 2927 2928 2926
f 2927 2926 2925
f 2739 2590 2893
f 2739 2893 2929
f 2929 2893 2930
f 2894 2930 2893
f 2931 2741 2739
f 2739 2929 2931
f 2932 2931 2929
f 2929 2930 2932
f 2930 2894 2897
f 2930 2897 2933
f 2933 2897 2898
f 2933 2898 2943
f 2932 2930 2933
f 2932 2933 2934
f 2935 2934 2933
f 2933 2943 2935
f 2747 2741 2931
f 2936 2747 2931
f 2932 2936 2931
f 2936 2932 2937
f 2936 2749 2747
f 2749 2936 2938
f 2938 2936 2937
f 2938 2937 2941
f 2937 2932 2934
f 2937 2934 2939
f 2940 2939 2934
f 2934 2935 2940
f 2941 2937 2939
f 2939 2942 2941
f 2940 2950 2942
f 2940 2942 2939
f 2944 2943 2907
f 2944 2907 2909
f 2944 2909 1597
f 2898 2907 2943
f 2945 2943 2944
f 1600 2945 2944
f 2944 1597 1600
f 2935 2943 2945
f 2909 1515 1597
f 2948 2947 2946
f 2946 2945 1600
f 2946 1600 2948
f 2940 2935 2945
f 2940 2945 2946
f 2940 2946 2947
f 2948 2949 2947
f 2951 2950 2940
f 2940 2947 2951
f 2951 2947 2949
f 1603 2948 1600
f 1605 2949 2948
f 2948 1603 1605
f 2938 2779 2749
f 2952 2785 2779
f 2779 2938 2952
f 2953 2952 2938
f 2938 2941 2953
f 2954 2787 2785
f 2785 2952 2954
f 2955 2954 2952
f 2952 2953 2955
f 2942 2956 2953
f 2941 2942 2953
f 2950 2957 2956
f 2950 2956 2942
f 2956 2958 2955
f 2955 2953 2956
f 2959 2958 2956
f 2956 2957 2959
f 2958 2959 2960
f 2951 2949 2966
f 2949 1605 2961
f 2961 1605 1606
f 2966 2949 2961
f 2961 1606 2962
f 2961 2963 2966
f 2963 2961 2962
f 2963 2962 2964
f 2951 2965 2957
f 2957 2950 2951
f 2966 2965 2951
f 2959 2957 2965
f 2965 2966 2967
f 2959 2965 2968
f 2968 2960 2959
f 2968 2965 2967
f 2968 2967 2969
f 2963 2970 2967
f 2963 2967 2966
f 2970 2963 2964
f 2971 2969 2967
f 2967 2970 2971
f 2964 2972 2970
f 2970 2972 2973
f 2971 2970 2973
f 2794 2787 2954
f 2794 2954 2974
f 2975 2974 2954
f 2954 2955 2975
f 2976 2796 2794
f 2794 2974 2976
f 2975 2977 2976
f 2976 2974 2975
f 2975 2955 2958
f 2975 2958 2978
f 2978 2958 2960
f 2978 2960 2979
f 2977 2975 2978
f 2977 2978 2980
f 2980 2978 2979
f 2980 2979 2981
f 2982 2801 2799
f 2799 2796 2976
f 2982 2799 2976
f 2976 2977 2982
f 2982 2977 2980
f 2988 2982 2980
f 2980 2981 2988
f 2982 2988 2983
f 2979 2960 2968
f 2979 2968 2984
f 2984 2968 2969
f 2984 2969 2985
f 2981 2979 2984
f 2981 2984 2986
f 2986 2984 2985
f 2986 2985 2987
f 2995 2985 2969
f 2995 2969 2971
f 2995 2997 2987
f 2987 2985 2995
f 2989 2988 2981
f 2981 2986 2989
f 2990 2989 2986
f 2986 2987 2990
f 2991 2983 2988
f 2988 2989 2991
f 2992 2991 2989
f 2989 2990 2992
f 2997 2993 2990
f 2990 2987 2997
f 2994 2992 2990
f 2990 2993 2994
f 2993 3025 2994
f 2995 2971 2973
f 2995 2973 2996
f 2998 2997 2995
f 2995 2996 2998
f 2999 2993 2997
f 2997 2998 2999
f 2993 2999 3025
f 3000 2962 1606
f 1650 3000 1606
f 2964 2962 3000
f 1650 3001 3000
f 1651 1652 3002
f 1650 1651 3002
f 3002 3001 1650
f 3000 3001 3003
f 2964 3000 3003
f 3003 3001 3002
f 3003 3002 3004
f 3002 1652 1655
f 3002 1655 3005
f 1656 3006 3005
f 3005 1655 1656
f 3004 3002 3007
f 3002 3005 3007
f 3007 3005 3006
f 3007 3006 3008
f 2972 2964 3003
f 2972 3003 3009
f 3009 3003 3004
f 3009 3004 3010
f 2973 2972 3009
f 2973 3009 3011
f 3011 3009 3010
f 3011 3010 3012
f 3013 3010 3004
f 3013 3004 3007
f 3013 3016 3012
f 3012 3010 3013
f 3007 3014 3013
f 3014 3007 3008
f 3014 3008 3015
f 3016 3013 3014
f 3017 3016 3014
f 3014 3015 3017
f 3018 3006 1656
f 1656 1669 3018
f 1671 3018 1669
f 3018 1671 3019
f 3008 3006 3018
f 3008 3018 3020
f 3020 3018 3019
f 3020 3019 3021
f 3022 3021 3019
f 3019 1671 1672
f 3022 3019 1672
f 1672 1674 3022
f 3023 3017 3015
f 3015 3008 3020
f 3015 3020 3023
f 3020 3021 3023
f 3024 3023 3021
f 3021 3022 3024
f 3026 2996 2973
f 2973 3011 3026
f 3027 3026 3011
f 3011 3012 3027
f 3028 2998 2996
f 2996 3026 3028
f 3029 3028 3026
f 3026 3027 3029
f 3016 3030 3027
f 3027 3012 3016
f 3031 3029 3027
f 3027 3030 3031
f 3030 3032 3031
f 3030 3016 3017
f 3017 3033 3030
f 3030 3033 3032
f 3034 2999 2998
f 2998 3028 3034
f 3035 3034 3028
f 3028 3029 3035
f 2999 3034 3025
f 3034 3036 3025
f 3037 3036 3034
f 3034 3035 3037
f 3038 3035 3029
f 3029 3031 3038
f 3039 3038 3031
f 3031 3032 3039
f 3040 3037 3035
f 3035 3038 3040
f 3041 3040 3038
f 3038 3039 3041
f 3044 3032 3033
f 3023 3044 3033
f 3033 3017 3023
f 3044 3023 3042
f 3053 3042 3023
f 3053 3023 3024
f 3053 3024 3043
f 3045 3039 3044
f 3039 3032 3044
f 3042 3046 3045
f 3042 3045 3044
f 3047 3041 3039
f 3039 3045 3047
f 3047 3045 3046
f 3047 3046 3048
f 3042 3053 3049
f 3049 3046 3042
f 3053 3043 3050
f 3050 3049 3053
f 3048 3046 3049
f 3048 3049 3051
f 3051 3049 3050
f 3051 3050 3052
f 3054 2823 2821
f 3055 2827 2826
f 3056 2826 2823
f 2823 3054 3056
f 3054 3057 3056
f 2826 3056 3055
f 3056 3057 3058
f 3056 3058 3055
f 3099 3060 3058
f 3059 3099 3058
f 3058 3057 3059
f 3061 3060 3099
f 3063 2832 2831
f 3062 2830 2832
f 3062 2832 3063
f 3064 3062 3063
f 3062 2915 2716
f 2716 2830 3062
f 3062 3065 3066
f 3066 2915 3062
f 2915 3066 2916
f 3062 3064 3065
f 3067 3066 3065
f 2918 2916 3066
f 2918 3066 3067
f 3068 2920 2918
f 3068 2918 3067
f 3064 3074 3067
f 3067 3065 3064
f 3074 3069 3070
f 3070 3067 3074
f 3067 3070 3068
f 3063 2831 2827
f 3063 2827 3055
f 3071 3072 3063
f 3055 3071 3063
f 3063 3072 3064
f 3055 3058 3071
f 3073 3072 3071
f 3073 3074 3064
f 3064 3072 3073
f 3075 3076 3074
f 3075 3074 3073
f 3071 3058 3060
f 3073 3071 3060
f 3077 3073 3060
f 3077 3060 3061
f 3073 3077 3075
f 3074 3076 3069
f 3068 3078 2921
f 2921 2920 3068
f 3078 3079 3080
f 3080 2921 3078
f 3081 3070 3069
f 3078 3068 3070
f 3070 3081 3078
f 3082 3079 3078
f 3078 3081 3082
f 3083 3080 3079
f 3094 3083 3079
f 3094 3079 3082
f 3095 3084 3083
f 3095 3083 3094
f 3085 3076 3075
f 3086 3087 3077
f 3086 3077 3061
f 3088 3087 3086
f 3075 3077 3087
f 3075 3087 3085
f 3085 3087 3088
f 3088 3089 3085
f 3092 3089 3088
f 3088 3090 3092
f 3093 3092 3090
f 3090 3091 3093
f 3081 3069 3076
f 3076 3085 3081
f 3085 3089 3082
f 3082 3081 3085
f 3089 3092 3094
f 3094 3082 3089
f 3092 3093 3095
f 3095 3094 3092
f 2982 3054 2821
f 2821 2801 2982
f 3054 2982 3096
f 3098 3096 2982
f 3098 2982 2983
f 3098 2983 3097
f 3054 3096 3057
f 3059 3057 3096
f 3096 3098 3059
f 3098 3099 3059
f 3100 3099 3098
f 3098 3097 3100
f 3061 3099 3100
f 3107 3097 2983
f 3107 2983 2991
f 3102 3107 2991
f 2991 2992 3102
f 3107 3102 3101
f 3103 3102 2992
f 2992 2994 3103
f 3104 3103 2994
f 2994 3025 3104
f 3105 3101 3102
f 3102 3103 3105
f 3106 3105 3103
f 3103 3104 3106
f 3108 3100 3107
f 3100 3097 3107
f 3109 3108 3107
f 3110 3061 3100
f 3100 3108 3110
f 3111 3110 3108
f 3108 3109 3111
f 3107 3101 3109
f 3112 3113 3111
f 3111 3109 3112
f 3115 3114 3113
f 3115 3113 3112
f 3109 3101 3105
f 3112 3109 3105
f 3115 3112 3105
f 3105 3106 3115
f 3061 3110 3086
f 3086 3110 3111
f 3086 3111 3088
f 3088 3111 3113
f 3088 3113 3090
f 3091 3090 3113
f 3113 3114 3091
f 3117 3180 3119
f 3118 3436 3119
f 3118 3119 3180
f 3121 3122 3120
f 3095 3140 3120
f 3120 3084 3095
f 3123 3121 3120
f 3123 3120 3140
f 3124 3125 3122
f 3124 3122 3121
f 3126 3127 3125
f 3126 3125 3124
f 3129 3130 3128
f 3121 3123 3128
f 3121 3128 3124
f 3124 3128 3130
f 3124 3130 3126
f 3093 3091 3131
f 3093 3131 3133
f 3133 3131 3132
f 3133 3132 3134
f 3135 3136 3137
f 3138 3167 3139
f 3134 3132 3138
f 3134 3138 3135
f 3136 3135 3138
f 3138 3139 3136
f 3133 3140 3095
f 3133 3095 3093
f 3133 3134 3123
f 3123 3140 3133
f 3134 3135 3128
f 3134 3128 3123
f 3129 3128 3135
f 3135 3137 3129
f 3143 3144 3141
f 3466 3142 3144
f 3466 3144 3143
f 3126 3145 2922
f 2922 3127 3126
f 3145 3146 2923
f 3145 2923 2922
f 3149 3145 3130
f 3149 3130 3129
f 3141 3146 3145
f 3149 3141 3145
f 3126 3130 3145
f 3147 2927 3146
f 3147 3142 2928
f 2928 2927 3147
f 2923 3146 2927
f 3146 3141 3144
f 3146 3144 3147
f 3147 3144 3142
f 3136 3150 3149
f 3149 3137 3136
f 3148 3141 3149
f 3148 3149 3150
f 3167 3116 3150
f 3150 3139 3167
f 3148 3116 3117
f 3116 3148 3150
f 3150 3136 3139
f 3148 3151 3152
f 3151 3436 3466
f 3466 3152 3151
f 3143 3141 3148
f 3148 3152 3143
f 3143 3152 3466
f 3151 3148 3117
f 3117 3119 3151
f 3436 3151 3119
f 3149 3129 3137
f 3036 3153 3104
f 3025 3036 3104
f 3154 3153 3036
f 3155 3106 3104
f 3104 3153 3155
f 3156 3155 3153
f 3153 3154 3156
f 3159 3156 3154
f 3154 3157 3159
f 3159 3157 3158
f 3159 3158 3160
f 3163 3161 3114
f 3163 3114 3115
f 3163 3164 3162
f 3162 3161 3163
f 3163 3115 3106
f 3106 3155 3163
f 3164 3163 3155
f 3155 3156 3164
f 3164 3168 3166
f 3166 3162 3164
f 3165 3167 3166
f 3165 3166 3168
f 3164 3156 3159
f 3164 3159 3168
f 3165 3168 3159
f 3165 3159 3160
f 3036 3037 3154
f 3154 3037 3040
f 3154 3040 3157
f 3158 3157 3040
f 3040 3041 3158
f 3169 3170 3171
f 3160 3158 3169
f 3160 3169 3172
f 3172 3169 3171
f 3172 3171 3173
f 3170 3051 3176
f 3176 3171 3170
f 3051 3052 3177
f 3177 3176 3051
f 3174 3173 3171
f 3174 3171 3176
f 3175 3174 3176
f 3176 3177 3175
f 3178 3173 3179
f 3167 3165 3178
f 3167 3178 3116
f 3116 3178 3179
f 3116 3179 3117
f 3178 3165 3160
f 3160 3172 3178
f 3173 3178 3172
f 3174 3180 3179
f 3174 3179 3173
f 3175 3118 3180
f 3180 3174 3175
f 3180 3117 3179
f 3169 3158 3041
f 3041 3047 3169
f 3170 3169 3047
f 3047 3048 3170
f 3051 3170 3048
f 3131 3091 3114
f 3114 3161 3131
f 3132 3131 3161
f 3161 3162 3132
f 3138 3132 3162
f 3162 3166 3138
f 3167 3138 3166
f 896 642 2654
f 3181 908 896
f 3181 896 2654
f 3182 908 3181
f 908 3182 909
f 2668 3183 3181
f 3181 2654 2657
f 3181 2657 2668
f 3184 3182 3181
f 3184 3181 3183
f 3185 3186 913
f 913 909 3182
f 913 3182 3185
f 3187 914 913
f 3187 913 3186
f 3184 3188 3185
f 3185 3182 3184
f 3185 3188 3186
f 3188 3189 3187
f 3187 3186 3188
f 2668 2670 3183
f 2669 3190 3184
f 3184 3183 2670
f 3184 2670 2669
f 2669 2673 3190
f 3191 3189 3188
f 3190 3191 3188
f 3188 3184 3190
f 2672 3191 3190
f 3190 2673 2672
f 2672 2703 3191
f 3192 987 914
f 3192 914 3187
f 3192 3193 988
f 988 987 3192
f 3194 3192 3187
f 3194 3187 3189
f 3195 3193 3192
f 3195 3192 3194
f 3196 988 3193
f 3196 3193 3195
f 992 988 3196
f 992 3196 993
f 3197 3195 3194
f 3191 3197 3194
f 3194 3189 3191
f 3198 3196 3195
f 3198 3195 3197
f 3199 3202 999
f 3199 999 993
f 993 3196 3199
f 3202 3200 3217
f 3217 1000 999
f 3217 999 3202
f 3201 3202 3199
f 3198 3201 3199
f 3199 3196 3198
f 3201 3203 3204
f 3204 3202 3201
f 3202 3204 3200
f 2913 3205 3197
f 2913 3197 3191
f 2913 3191 2703
f 3207 3206 3198
f 3198 3197 3207
f 3197 3205 3207
f 2913 2917 3205
f 2917 2919 3207
f 3207 3205 2917
f 3208 3206 3207
f 3208 3207 2919
f 2919 2920 3208
f 3209 3201 3198
f 3209 3198 3206
f 3212 3214 3253
f 3253 3203 3201
f 3212 3253 3201
f 3201 3209 3212
f 2921 3080 3210
f 3210 3209 3206
f 3210 3206 3208
f 2921 3210 3208
f 3208 2920 2921
f 3211 3212 3209
f 3210 3211 3209
f 3211 3213 3214
f 3214 3212 3211
f 3215 3211 3210
f 3215 3210 3080
f 3216 3213 3211
f 3216 3211 3215
f 3219 3218 1000
f 3219 1000 3217
f 3220 1043 3218
f 3220 3218 3219
f 3221 3219 3217
f 3221 3217 3200
f 3222 3220 3219
f 3222 3219 3221
f 3220 3223 1047
f 1047 1043 3220
f 3223 3224 1048
f 1048 1047 3223
f 3225 3223 3220
f 3225 3220 3222
f 3225 3226 3224
f 3224 3223 3225
f 3203 3227 3228
f 3228 3204 3203
f 3229 3228 3227
f 3231 3232 3230
f 3228 3221 3200
f 3228 3200 3204
f 3233 3222 3221
f 3233 3221 3228
f 3228 3229 3233
f 3234 3225 3222
f 3234 3222 3233
f 3234 3235 3226
f 3226 3225 3234
f 3234 3233 3229
f 3229 3230 3234
f 3234 3230 3232
f 3234 3232 3235
f 3237 1058 1064
f 3237 1064 3236
f 3238 3236 3243
f 3238 3239 3237
f 3237 3236 3238
f 3224 3240 1061
f 1061 1048 3224
f 3240 3241 1062
f 1062 1061 3240
f 3226 3242 3240
f 3240 3224 3226
f 3242 3243 3241
f 3241 3240 3242
f 3241 3236 1064
f 1064 1062 3241
f 3243 3236 3241
f 3245 3246 3244
f 3247 3244 3232
f 3247 3232 3231
f 3248 3245 3244
f 3247 3248 3244
f 3249 3238 3243
f 3249 3243 3246
f 3249 3246 3245
f 3249 3250 3239
f 3239 3238 3249
f 3248 3252 3249
f 3249 3245 3248
f 3251 3250 3252
f 3250 3249 3252
f 3235 3244 3242
f 3242 3226 3235
f 3242 3244 3246
f 3246 3243 3242
f 3235 3232 3244
f 3254 3227 3203
f 3254 3203 3253
f 3255 3229 3227
f 3255 3227 3254
f 3256 3254 3253
f 3256 3253 3214
f 3257 3255 3254
f 3257 3254 3256
f 3258 3230 3229
f 3258 3229 3255
f 3258 3259 3231
f 3231 3230 3258
f 3260 3258 3255
f 3260 3255 3257
f 3260 3269 3259
f 3259 3258 3260
f 3213 3261 3262
f 3262 3214 3213
f 3263 3262 3261
f 3214 3262 3256
f 3257 3256 3262
f 3262 3263 3257
f 3264 3261 3213
f 3264 3213 3216
f 3264 3265 3263
f 3263 3261 3264
f 3266 3267 3263
f 3268 3269 3267
f 3268 3267 3266
f 3257 3263 3267
f 3257 3267 3260
f 3260 3267 3269
f 3265 3125 3266
f 3266 3263 3265
f 3125 3127 3268
f 3268 3266 3125
f 3259 3270 3247
f 3247 3231 3259
f 3270 3271 3248
f 3248 3247 3270
f 3269 3272 3270
f 3270 3259 3269
f 3270 3272 3273
f 3273 3271 3270
f 3275 3251 3274
f 3271 3274 3252
f 3252 3248 3271
f 3252 3274 3251
f 3276 3274 3273
f 3276 3287 3275
f 3275 3274 3276
f 3271 3273 3274
f 3277 3272 3269
f 3277 3269 3268
f 3277 2924 3273
f 3273 3272 3277
f 2922 3277 3268
f 2922 3268 3127
f 3277 2922 2924
f 2924 2925 3276
f 3276 3273 2924
f 3276 2925 3287
f 3080 3083 3215
f 3216 3215 3083
f 3083 3084 3216
f 3216 3084 3120
f 3216 3120 3264
f 3264 3120 3122
f 3264 3122 3265
f 3265 3122 3125
f 3702 3278 1344
f 3278 3702 3703
f 3708 3291 3278
f 3278 3703 3708
f 3292 3291 3708
f 3708 3286 3292
f 3278 3280 1347
f 1347 1344 3278
f 3279 1348 1347
f 3279 1347 3280
f 3310 3282 3279
f 3279 3281 3310
f 3278 3291 3315
f 3315 3283 3280
f 3315 3280 3278
f 3281 3279 3280
f 3281 3280 3283
f 3285 3286 3289
f 3288 3289 3287
f 3288 3293 3285
f 3288 3285 3289
f 3290 3291 3295
f 3285 3295 3292
f 3292 3286 3285
f 3292 3295 3291
f 3294 3295 3293
f 3294 3306 3290
f 3290 3295 3294
f 3285 3293 3295
f 3298 3306 3297
f 3300 3297 3296
f 3300 3299 3298
f 3298 3297 3300
f 3302 3293 3301
f 2926 3301 3288
f 2926 3288 3287
f 3288 3301 3293
f 3465 3301 2928
f 3465 3296 3302
f 3302 3301 3465
f 2926 2928 3301
f 3302 3297 3294
f 3302 3294 3293
f 3294 3297 3306
f 3302 3296 3297
f 3304 3305 3303
f 3307 3308 3306
f 3309 3304 3303
f 3307 3309 3303
f 3303 3308 3307
f 3311 3310 3281
f 3311 3281 3305
f 3311 3305 3304
f 3311 3314 3282
f 3282 3310 3311
f 3313 3314 3312
f 3309 3312 3311
f 3311 3304 3309
f 3311 3312 3314
f 3290 3308 3315
f 3315 3291 3290
f 3315 3303 3305
f 3305 3283 3315
f 3303 3315 3308
f 3290 3306 3308
f 3283 3305 3281
f 3298 3316 3307
f 3307 3306 3298
f 3307 3316 3317
f 3317 3309 3307
f 3318 3316 3299
f 3319 3317 3316
f 3318 3319 3316
f 3298 3299 3316
f 3320 3312 3317
f 3320 3321 3313
f 3313 3312 3320
f 3309 3317 3312
f 3319 3452 3320
f 3320 3317 3319
f 3284 3321 3320
f 3284 3320 3452
f 3322 3323 1376
f 1376 1375 3322
f 3329 3324 3584
f 3584 1377 1376
f 3584 1376 3329
f 1376 3323 3329
f 3367 3325 3328
f 3328 3323 3322
f 3328 3322 3367
f 3326 3327 3324
f 3324 3329 3326
f 3330 3329 3323
f 3330 3323 3328
f 3330 3326 3329
f 3327 3326 3331
f 3332 3330 3328
f 3332 3328 3325
f 3332 3331 3326
f 3326 3330 3332
f 3333 1380 1348
f 3333 1348 3279
f 3333 3334 1381
f 1381 1380 3333
f 3360 3358 3333
f 3360 3333 3279
f 3279 3282 3360
f 3358 3335 3334
f 3334 3333 3358
f 3334 3322 1375
f 1375 1381 3334
f 3367 3322 3334
f 3334 3335 3367
f 3337 3338 3336
f 3341 3339 3338
f 3341 3338 3337
f 3341 3342 3340
f 3340 3339 3341
f 3343 3325 3367
f 3343 3367 3368
f 3345 3343 3368
f 3345 3368 3344
f 3347 3332 3325
f 3347 3325 3343
f 3347 3346 3331
f 3331 3332 3347
f 3345 3349 3347
f 3347 3343 3345
f 3349 3348 3346
f 3346 3347 3349
f 3350 3344 3340
f 3350 3351 3345
f 3345 3344 3350
f 3342 3352 3350
f 3350 3340 3342
f 3352 3353 3351
f 3351 3350 3352
f 3351 3355 3349
f 3349 3345 3351
f 3354 3348 3349
f 3354 3349 3355
f 3356 3354 3519
f 3353 3519 3355
f 3355 3351 3353
f 3519 3354 3355
f 3359 3358 3357
f 3357 3360 3282
f 3357 3282 3314
f 3360 3357 3358
f 3361 3357 3314
f 3361 3314 3313
f 3361 3362 3359
f 3359 3357 3361
f 3365 3363 3366
f 3359 3366 3335
f 3335 3358 3359
f 3365 3366 3359
f 3359 3362 3365
f 3321 3364 3361
f 3361 3313 3321
f 3364 3338 3362
f 3362 3361 3364
f 3321 3284 3336
f 3321 3336 3364
f 3364 3336 3338
f 3338 3339 3365
f 3365 3362 3338
f 3365 3339 3340
f 3340 3363 3365
f 3366 3368 3367
f 3367 3335 3366
f 3344 3368 3366
f 3344 3366 3363
f 3363 3340 3344
f 3022 1674 2173
f 3022 2173 3369
f 3370 3369 2173
f 2173 2178 3370
f 3371 3024 3022
f 3022 3369 3371
f 3372 3371 3369
f 3369 3370 3372
f 2178 3373 3370
f 3374 3375 3372
f 3373 3374 3372
f 3372 3370 3373
f 3376 3377 3375
f 3376 3375 3374
f 3043 3024 3371
f 3043 3371 3378
f 3379 3378 3371
f 3371 3372 3379
f 3380 3477 3050
f 3050 3043 3378
f 3050 3378 3380
f 3385 3380 3378
f 3378 3379 3385
f 3484 3385 3486
f 3386 3379 3372
f 3386 3372 3375
f 3386 3375 3390
f 3375 3393 3390
f 3400 3393 3375
f 3375 3377 3400
f 3393 3400 3384
f 3387 3385 3379
f 3379 3386 3387
f 3388 3387 3386
f 3386 3390 3388
f 3389 3486 3385
f 3385 3387 3389
f 3381 3389 3387
f 3387 3388 3381
f 3390 3393 3391
f 3391 3388 3390
f 3384 3392 3391
f 3384 3391 3393
f 3381 3388 3391
f 3381 3391 3382
f 3383 3382 3391
f 3391 3392 3383
f 3376 3394 3401
f 3401 3377 3376
f 3402 3400 3377
f 3377 3401 3402
f 3403 3402 3401
f 3403 3401 3394
f 3404 3384 3400
f 3400 3402 3404
f 3405 3404 3402
f 3402 3403 3405
f 3717 3406 3403
f 3717 3403 3394
f 3407 3406 3717
f 3408 3405 3403
f 3403 3406 3408
f 3409 3408 3406
f 3406 3407 3409
f 3404 3410 3392
f 3404 3392 3384
f 3405 3411 3410
f 3405 3410 3404
f 3396 3383 3392
f 3392 3410 3396
f 3397 3396 3410
f 3410 3411 3397
f 3412 3413 3411
f 3412 3411 3405
f 3414 3413 3412
f 3398 3397 3411
f 3411 3413 3398
f 3399 3398 3413
f 3413 3414 3399
f 3405 3408 3412
f 3412 3408 3409
f 3412 3409 3414
f 3417 3418 3419
f 3422 3409 3407
f 3407 3420 3422
f 3422 3420 3421
f 3422 3421 3423
f 3421 3424 3425
f 3424 3395 3426
f 3426 3425 3424
f 3423 3421 3425
f 3423 3425 3427
f 3427 3425 3426
f 3427 3426 3681
f 3415 3399 3414
f 3414 3428 3415
f 3415 3428 3429
f 3415 3429 3416
f 3414 3409 3422
f 3414 3422 3428
f 3429 3428 3422
f 3422 3423 3429
f 3429 3430 3431
f 3430 3681 3432
f 3432 3431 3430
f 3417 3416 3429
f 3429 3431 3417
f 3418 3417 3431
f 3431 3432 3418
f 3430 3429 3423
f 3423 3427 3430
f 3681 3430 3427
f 3434 3435 3433
f 3438 3439 3437
f 3441 3442 3440
f 3436 3118 3440
f 3436 3440 3437
f 3438 3437 3440
f 3440 3442 3438
f 3444 3433 3439
f 3444 3439 3438
f 3444 3446 3434
f 3434 3433 3444
f 3443 3444 3442
f 3443 3442 3441
f 3445 3446 3444
f 3445 3444 3443
f 3444 3438 3442
f 3449 3447 3435
f 3449 3435 3434
f 3450 3448 3447
f 3449 3450 3447
f 3451 3452 3448
f 3453 3284 3452
f 3453 3452 3451
f 3450 3454 3451
f 3451 3448 3450
f 3454 3455 3453
f 3453 3451 3454
f 3446 3457 3449
f 3449 3434 3446
f 3457 3459 3450
f 3450 3449 3457
f 3456 3457 3446
f 3456 3446 3445
f 3458 3459 3457
f 3458 3457 3456
f 3459 3462 3454
f 3454 3450 3459
f 3460 3455 3454
f 3460 3454 3462
f 3461 3462 3459
f 3461 3459 3458
f 3463 3460 3462
f 3463 3462 3461
f 3464 3465 3142
f 3464 3469 3296
f 3296 3465 3464
f 3468 3469 3467
f 3466 3467 3464
f 3466 3464 3142
f 3464 3467 3469
f 3470 3471 3469
f 3472 3299 3471
f 3472 3471 3470
f 3296 3469 3471
f 3471 3300 3296
f 3300 3471 3299
f 3468 3433 3470
f 3470 3469 3468
f 3470 3433 3435
f 3470 3435 3472
f 2928 3142 3465
f 3436 3437 3467
f 3436 3467 3466
f 3467 3437 3439
f 3467 3439 3468
f 3468 3439 3433
f 3472 3447 3318
f 3318 3299 3472
f 3447 3448 3319
f 3447 3319 3318
f 3472 3435 3447
f 3319 3448 3452
f 3175 3473 3474
f 3473 3475 3476
f 3476 3474 3473
f 3052 3477 3478
f 3478 3177 3052
f 3477 3380 3479
f 3479 3478 3477
f 3473 3175 3177
f 3177 3478 3473
f 3475 3473 3478
f 3478 3479 3475
f 3480 3481 3476
f 3480 3476 3475
f 3482 3483 3481
f 3482 3481 3480
f 3484 3485 3479
f 3484 3479 3380
f 3486 3487 3485
f 3485 3484 3486
f 3480 3475 3479
f 3479 3485 3480
f 3480 3485 3487
f 3480 3487 3482
f 3440 3118 3175
f 3175 3474 3440
f 3441 3440 3474
f 3474 3476 3441
f 3443 3441 3476
f 3476 3481 3443
f 3445 3443 3481
f 3481 3483 3445
f 3477 3052 3050
f 3484 3380 3385
f 3482 3488 3489
f 3489 3483 3482
f 3488 3490 3491
f 3491 3489 3488
f 3486 3389 3492
f 3492 3487 3486
f 3389 3381 3493
f 3493 3492 3389
f 3482 3487 3492
f 3482 3492 3488
f 3488 3492 3493
f 3488 3493 3490
f 3490 3496 3494
f 3494 3491 3490
f 3496 3495 3463
f 3463 3494 3496
f 3381 3382 3496
f 3381 3496 3493
f 3496 3382 3383
f 3496 3383 3495
f 3496 3490 3493
f 3456 3445 3483
f 3483 3489 3456
f 3456 3489 3491
f 3456 3491 3458
f 3458 3491 3494
f 3458 3494 3461
f 3461 3494 3463
f 3453 3497 3336
f 3336 3284 3453
f 3497 3498 3337
f 3337 3336 3497
f 3455 3499 3497
f 3497 3453 3455
f 3499 3501 3498
f 3498 3497 3499
f 3498 3500 3341
f 3341 3337 3498
f 3500 3504 3342
f 3342 3341 3500
f 3503 3504 3502
f 3498 3501 3502
f 3502 3500 3498
f 3500 3502 3504
f 3508 3509 3507
f 3510 3511 3460
f 3512 3501 3511
f 3512 3511 3510
f 3455 3460 3511
f 3455 3511 3499
f 3499 3511 3501
f 3463 3505 3510
f 3510 3460 3463
f 3505 3506 3512
f 3505 3512 3510
f 3513 3502 3501
f 3512 3513 3501
f 3513 3509 3503
f 3503 3502 3513
f 3512 3506 3507
f 3512 3507 3513
f 3513 3507 3509
f 3504 3514 3352
f 3352 3342 3504
f 3514 3515 3353
f 3514 3353 3352
f 3516 3514 3504
f 3516 3504 3503
f 3517 3515 3514
f 3516 3517 3514
f 3518 3519 3515
f 3519 3520 3356
f 3520 3519 3518
f 3353 3515 3519
f 3517 3521 3518
f 3518 3515 3517
f 3521 3528 3520
f 3520 3518 3521
f 3522 3523 3509
f 3522 3509 3508
f 3524 3525 3523
f 3524 3523 3522
f 3527 3528 3526
f 3524 3529 3526
f 3526 3525 3524
f 3529 3695 3527
f 3527 3526 3529
f 3509 3523 3516
f 3516 3503 3509
f 3523 3525 3517
f 3517 3516 3523
f 3526 3521 3517
f 3526 3517 3525
f 3521 3526 3528
f 3531 3505 3463
f 3531 3463 3495
f 3530 3506 3505
f 3531 3530 3505
f 3495 3383 3396
f 3495 3396 3531
f 3530 3531 3396
f 3530 3396 3397
f 3507 3506 3530
f 3530 3532 3507
f 3508 3507 3532
f 3532 3533 3508
f 3532 3530 3397
f 3397 3398 3532
f 3533 3532 3398
f 3398 3399 3533
f 3522 3508 3533
f 3533 3534 3522
f 3522 3534 3535
f 3522 3535 3524
f 3534 3533 3399
f 3399 3415 3534
f 3535 3534 3415
f 3415 3416 3535
f 3536 3537 3535
f 3538 3695 3537
f 3538 3537 3536
f 3524 3535 3537
f 3524 3537 3529
f 3529 3537 3695
f 3535 3416 3417
f 3535 3417 3536
f 3536 3417 3419
f 3536 3419 3538
f 3540 1459 1458
f 3540 1458 3539
f 3541 3539 1458
f 1458 1461 3541
f 3543 3540 3539
f 3543 3539 3542
f 3544 3542 3539
f 3539 3541 3544
f 3582 3545 1465
f 1465 1464 3582
f 3590 3546 3545
f 3548 1461 1466
f 3548 1466 3547
f 3541 1461 3548
f 3547 1466 1465
f 3547 1465 3545
f 3550 3548 3547
f 3550 3547 3549
f 3544 3541 3548
f 3544 3548 3550
f 3564 3549 3547
f 3564 3547 3545
f 3564 3545 3546
f 3551 3543 3542
f 3556 3551 3542
f 3556 3542 3544
f 3552 3556 3544
f 3554 3555 3553
f 3553 3551 3556
f 3553 3556 3557
f 3557 3556 3552
f 3557 3552 3558
f 3554 3553 3557
f 3554 3557 3559
f 3560 3561 3558
f 3561 3559 3557
f 3557 3558 3561
f 3566 3563 3550
f 3550 3549 3566
f 3563 3566 3562
f 3563 3552 3544
f 3563 3544 3550
f 3566 3549 3564
f 3566 3564 3565
f 3596 3565 3564
f 3564 3546 3596
f 3562 3566 3565
f 3562 3565 3567
f 3598 3567 3565
f 3565 3596 3598
f 3568 3569 3563
f 3563 3562 3568
f 3570 3571 3569
f 3569 3568 3570
f 3569 3558 3552
f 3552 3563 3569
f 3560 3558 3569
f 3560 3569 3571
f 3568 3562 3567
f 3568 3567 3572
f 3604 3572 3567
f 3567 3598 3604
f 3573 3570 3568
f 3568 3572 3573
f 3573 3572 3604
f 3573 3604 3606
f 2277 602 1459
f 2277 1459 3540
f 2279 2277 3540
f 2279 3540 3543
f 3574 2297 2279
f 3574 2279 3543
f 3574 3543 3551
f 2305 2297 3574
f 2305 3574 3575
f 3553 3575 3574
f 3574 3551 3553
f 2307 2305 3575
f 2307 3575 3555
f 3575 3553 3555
f 3577 1468 3579
f 3577 3578 3576
f 3578 3577 3579
f 3579 3580 3578
f 3580 3579 3585
f 3576 3581 1464
f 3581 3576 3578
f 3581 3582 1464
f 3581 3578 3583
f 3581 3583 3545
f 3545 3582 3581
f 3580 3583 3578
f 3584 3579 1468
f 1468 1377 3584
f 3324 3585 3579
f 3579 3584 3324
f 3586 3587 3580
f 3580 3585 3586
f 3587 3586 3588
f 3589 3590 3545
f 3545 3583 3589
f 3587 3589 3583
f 3583 3580 3587
f 3546 3590 3589
f 3546 3589 3591
f 3591 3589 3587
f 3591 3587 3588
f 3592 3585 3324
f 3592 3324 3327
f 3592 3586 3585
f 3593 3592 3327
f 3593 3327 3331
f 3593 3588 3586
f 3586 3592 3593
f 3596 3546 3591
f 3596 3591 3597
f 3597 3591 3588
f 3597 3588 3594
f 3598 3596 3597
f 3598 3597 3599
f 3599 3597 3594
f 3599 3594 3595
f 3600 3593 3331
f 3600 3331 3346
f 3600 3594 3588
f 3588 3593 3600
f 3601 3600 3346
f 3601 3346 3348
f 3601 3595 3594
f 3594 3600 3601
f 3604 3598 3599
f 3604 3599 3605
f 3602 3605 3599
f 3599 3595 3602
f 3606 3604 3605
f 3606 3605 3607
f 3603 3607 3605
f 3605 3602 3603
f 3354 3608 3601
f 3601 3348 3354
f 3602 3595 3601
f 3602 3601 3608
f 3356 3609 3608
f 3608 3354 3356
f 3603 3602 3608
f 3603 3608 3609
f 3610 3613 3555
f 3555 3554 3610
f 3612 3613 3611
f 3610 3611 3613
f 3611 3610 3614
f 3610 3554 3559
f 3610 3559 3616
f 3615 3616 3561
f 3561 3560 3615
f 3559 3561 3616
f 3617 3614 3610
f 3610 3616 3617
f 3617 3616 3615
f 3617 3615 3618
f 3619 2403 3612
f 3612 3611 3619
f 3619 3611 3614
f 3619 3614 3626
f 3620 2452 2403
f 2403 3619 3620
f 3620 3626 3621
f 3626 3620 3619
f 3623 3622 3624
f 3625 3626 3617
f 3614 3617 3626
f 3625 3617 3618
f 3625 3618 3622
f 3625 3621 3626
f 3623 3621 3625
f 3622 3623 3625
f 3628 3629 3627
f 3633 3630 3629
f 3629 3628 3633
f 3631 3630 3678
f 3678 3633 3632
f 3633 3678 3630
f 3635 3634 3571
f 3571 3570 3635
f 3636 3634 3635
f 3636 3635 3642
f 3615 3560 3571
f 3615 3571 3634
f 3636 3618 3615
f 3615 3634 3636
f 3635 3570 3573
f 3635 3573 3637
f 3637 3573 3606
f 3637 3606 3627
f 3638 3642 3637
f 3635 3637 3642
f 3629 3638 3637
f 3637 3627 3629
f 3639 3622 3636
f 3641 3642 3640
f 3641 3639 3636
f 3636 3642 3641
f 3644 3645 3643
f 3624 3622 3639
f 3624 3639 3645
f 3624 3645 3644
f 3640 3643 3645
f 3645 3641 3640
f 3643 3640 3631
f 3641 3645 3639
f 3636 3622 3618
f 3638 3640 3642
f 3640 3638 3630
f 3629 3630 3638
f 3640 3630 3631
f 3647 3648 3646
f 3650 3651 3649
f 3653 3654 3652
f 2440 3655 3650
f 3655 2440 2441
f 3655 2441 3653
f 3655 3656 3651
f 3655 3651 3650
f 3652 3656 3655
f 3653 3652 3655
f 3649 3651 3659
f 3657 3649 3659
f 3659 3658 3657
f 3395 3658 3660
f 3660 3658 3659
f 3660 3659 3679
f 3652 3654 3647
f 3661 3652 3647
f 3661 3662 3679
f 3647 3646 3662
f 3647 3662 3661
f 3659 3651 3656
f 3659 3656 3661
f 3661 3656 3652
f 3679 3659 3661
f 3665 2447 2448
f 2448 3667 3665
f 3665 3667 3663
f 3666 3665 3663
f 3666 3663 3664
f 2451 2452 3620
f 3667 2451 3620
f 3663 3667 3620
f 3620 3621 3663
f 3621 3664 3663
f 3667 2448 2451
f 3664 3623 3669
f 3669 3670 3668
f 3669 3623 3624
f 3624 3670 3669
f 3666 3669 3647
f 3669 3666 3664
f 3647 3669 3668
f 3668 3648 3647
f 3623 3664 3621
f 2456 2457 3665
f 2456 3665 3653
f 3665 2457 2447
f 3665 3666 3654
f 3665 3654 3653
f 3653 2441 2456
f 3647 3654 3666
f 3672 3631 3677
f 3673 3646 3648
f 3673 3648 3672
f 3671 3673 3677
f 3677 3673 3672
f 3676 3632 3674
f 3675 3671 3676
f 3675 3674 3419
f 3675 3419 3418
f 3676 3674 3675
f 3677 3678 3676
f 3677 3631 3678
f 3632 3676 3678
f 3677 3676 3671
f 3679 3680 3682
f 3682 3683 3681
f 3683 3680 3671
f 3680 3683 3682
f 3426 3395 3660
f 3426 3660 3682
f 3679 3682 3660
f 3682 3681 3426
f 3680 3662 3673
f 3662 3680 3679
f 3673 3662 3646
f 3671 3680 3673
f 3675 3681 3683
f 3681 3675 3432
f 3675 3683 3671
f 3418 3432 3675
f 3668 3670 3644
f 3668 3644 3643
f 3672 3668 3643
f 3644 3670 3624
f 3631 3672 3643
f 3672 3648 3668
f 2473 2307 3555
f 2473 3555 3613
f 2473 3613 3612
f 3684 3603 3687
f 3686 3687 3685
f 3687 3688 3684
f 3688 3687 3686
f 3690 3627 3606
f 3606 3607 3690
f 3627 3690 3689
f 3684 3689 3690
f 3690 3607 3603
f 3690 3603 3684
f 3692 3689 3691
f 3628 3627 3689
f 3628 3689 3692
f 3691 3689 3684
f 3691 3684 3688
f 3520 3687 3609
f 3609 3356 3520
f 3687 3603 3609
f 3520 3685 3687
f 3685 3520 3528
f 3694 3686 3685
f 3694 3685 3528
f 3694 3528 3527
f 3694 3693 3688
f 3688 3686 3694
f 3632 3693 3696
f 3527 3695 3696
f 3696 3694 3527
f 3694 3696 3693
f 3692 3691 3693
f 3633 3692 3693
f 3633 3628 3692
f 3688 3693 3691
f 3693 3632 3633
f 3538 3674 3696
f 3696 3695 3538
f 3696 3674 3632
f 3538 3419 3674
f 3237 3698 1503
f 1503 1058 3237
f 3697 1501 1503
f 3697 1503 3698
f 3700 3699 3697
f 3239 3700 3698
f 3698 3237 3239
f 3700 3697 3698
f 3697 3701 1506
f 1506 1501 3697
f 3702 1344 1506
f 3702 1506 3701
f 3699 3703 3701
f 3701 3697 3699
f 3702 3701 3703
f 3705 3706 3699
f 3699 3700 3705
f 3706 3705 3704
f 3250 3704 3705
f 3705 3700 3239
f 3705 3239 3250
f 3707 3704 3251
f 3707 3286 3706
f 3706 3704 3707
f 3250 3251 3704
f 3708 3703 3699
f 3708 3699 3706
f 3708 3706 3286
f 3275 3289 3707
f 3707 3251 3275
f 3707 3289 3286
f 3275 3287 3289
f 3373 2178 2481
f 2481 3709 3373
f 3710 3709 2481
f 2481 2482 3710
f 3373 3709 3374
f 3374 3709 3710
f 3374 3710 3376
f 3711 3710 2482
f 2482 2507 3711
f 3714 3711 2507
f 3714 2507 2508
f 3714 2508 3712
f 3713 3376 3710
f 3710 3711 3713
f 3394 3376 3713
f 3715 3713 3711
f 3711 3714 3715
f 3716 3715 3714
f 3714 3712 3716
f 3717 3394 3713
f 3713 3715 3717
f 3718 3717 3715
f 3715 3716 3718
f 3725 3712 2508
f 3720 3725 2508
f 2508 2515 3720
f 3725 3720 3719
f 3720 2518 3721
f 3721 2518 2519
f 3721 2519 3722
f 3719 3720 3721
f 3719 3721 3723
f 3723 3721 3722
f 3723 3722 3724
f 3720 2515 2518
f 3726 3716 3712
f 3712 3725 3726
f 3726 3725 3719
f 3726 3719 3727
f 3728 3718 3716
f 3716 3726 3728
f 3728 3726 3727
f 3728 3727 3729
f 3727 3719 3723
f 3727 3723 3730
f 3730 3723 3724
f 3730 3724 3731
f 3729 3727 3730
f 3729 3730 3732
f 3395 3732 3730
f 3730 3731 3395
f 3717 3718 3407
f 3407 3718 3728
f 3407 3728 3420
f 3421 3420 3728
f 3728 3729 3421
f 3424 3421 3729
f 3729 3732 3424
f 3424 3732 3395
f 3722 2519 2529
f 3722 2529 3733
f 3733 2529 2530
f 3733 2530 3650
f 3724 3722 3733
f 3724 3733 3649
f 3650 3649 3733
f 3650 2530 2440
f 3658 3731 3724
f 3657 3658 3724
f 3724 3649 3657
f 3395 3731 3658
