# Created by meshio v5.3.5, 2026-07-28T10:39:07.208016
v -7.283076763153076 -254.90304565429688 -1887.5697021484375
v -31.331323623657227 -262.13629150390625 -1885.377685546875
v -21.615697860717773 -253.3273468017578 -1885.05615234375
v 2.6376330852508545 -268.2720031738281 -1882.5677490234375
v -43.6309928894043 -271.65789794921875 -1882.5457763671875
v -3.484220504760742 -259.2932434082031 -1883.810302734375
v -49.59572219848633 -276.8203125 -1883.1702880859375
v -16.97515296936035 -253.69737243652344 -1879.3785400390625
v 11.58081340789795 -278.78045654296875 -1879.0863037109375
v 33.4301872253418 -300.5986633300781 -1879.1529541015625
v -155.6190948486328 -290.2251892089844 -1877.9603271484375
v -62.94469451904297 -282.8542785644531 -1879.872314453125
v -11.113370895385742 -253.18142700195312 -1885.210693359375
v -35.866214752197266 -264.4714660644531 -1880.673583984375
v -25.561716079711914 -256.19122314453125 -1877.15625
v -38.690704345703125 -267.78009033203125 -1883.9940185546875
v -137.05227661132812 -307.5481262207031 -1876.810546875
v -57.685794830322266 -280.0208740234375 -1878.0550537109375
v -8.817837715148926 -255.4453582763672 -1877.8994140625
v -75.73383331298828 -283.1466369628906 -1868.4871826171875
v -90.50874328613281 -291.7389221191406 -1878.5589599609375
v 17.88896942138672 -285.2408752441406 -1880.017578125
v -4.945462703704834 -259.9452209472656 -1870.0126953125
v -73.95153045654297 -286.2625732421875 -1879.535888671875
v -130.90357971191406 -308.7673034667969 -1873.8714599609375
v -96.5954818725586 -295.6126708984375 -1879.2835693359375
v -79.01718139648438 -287.8462219238281 -1880.3114013671875
v -41.176475524902344 -265.1573486328125 -1870.971435546875
v 10.729040145874023 -276.1548156738281 -1873.7010498046875
v -27.671842575073242 -258.46673583984375 -1870.127197265625
v -109.39088439941406 -303.079833984375 -1874.645751953125
v -99.01887512207031 -297.231689453125 -1876.2896728515625
v -122.74311065673828 -307.8017272949219 -1876.308349609375
v -141.64541625976562 -304.845703125 -1875.6978759765625
v -149.20347595214844 -296.9080505371094 -1877.776611328125
v -69.67228698730469 -279.244873046875 -1864.3812255859375
v 1.6745423078536987 -267.18585205078125 -1873.4530029296875
v -34.12526321411133 -262.3018493652344 -1873.3858642578125
v 63.87147903442383 -334.3379211425781 -1871.591552734375
v -87.72711944580078 -289.8652648925781 -1873.8089599609375
v 41.306365966796875 -312.13720703125 -1876.8648681640625
v -144.16033935546875 -301.0102844238281 -1866.531494140625
v -116.9122085571289 -306.15093994140625 -1875.7650146484375
v 25.392484664916992 -291.7363586425781 -1879.0926513671875
v -3.910395860671997 -258.4753112792969 -1876.92578125
v 71.57794952392578 -338.75689697265625 -1869.0655517578125
v 55.82798767089844 -327.5455322265625 -1871.7833251953125
v 42.53685760498047 -312.3975524902344 -1869.0714111328125
v 30.654537200927734 -297.38531494140625 -1875.56201171875
v 36.482479095458984 -305.1510009765625 -1872.282470703125
v -139.23892211914062 -305.85443115234375 -1866.6923828125
v -92.72699737548828 -293.55670166015625 -1862.0859375
v 19.30208969116211 -282.2540588378906 -1868.938720703125
v -52.150550842285156 -273.74090576171875 -1869.9324951171875
v -11.506730079650879 -258.7982177734375 -1869.017822265625
v 82.66880798339844 -340.2275390625 -1869.1678466796875
v 60.442344665527344 -330.8036193847656 -1863.8917236328125
v -125.15686798095703 -308.04632568359375 -1865.5704345703125
v -105.20664978027344 -301.14813232421875 -1863.995361328125
v 0.904693603515625 -268.780029296875 -1865.5703125
v -33.76595687866211 -263.33642578125 -1864.459228515625
v -156.2584686279297 -284.6697692871094 -1861.093505859375
v 7.5756940841674805 -273.203857421875 -1868.90087890625
v -37.83266067504883 -263.8153076171875 -1869.7392578125
v 68.57125091552734 -336.5103454589844 -1857.86767578125
v -149.4463653564453 -295.6535339355469 -1860.83642578125
v -4.908664226531982 -263.4477233886719 -1864.351806640625
v 76.16497802734375 -339.891845703125 -1862.15966796875
v -61.310447692871094 -271.1380920410156 -1855.1915283203125
v 25.613800048828125 -287.819580078125 -1858.3089599609375
v -80.74382019042969 -284.7990417480469 -1862.890625
v -15.038434028625488 -269.4516906738281 -1854.91552734375
v -6.9908881187438965 -264.4570007324219 -1860.8988037109375
v -48.128604888916016 -265.391357421875 -1857.9774169921875
v -38.56541442871094 -265.233154296875 -1862.0074462890625
v -22.794048309326172 -261.0694274902344 -1863.1719970703125
v 28.738155364990234 -291.2850341796875 -1854.5853271484375
v 18.282339096069336 -279.5094909667969 -1861.6448974609375
v -3.56598162651062 -270.0303649902344 -1857.2764892578125
v -44.424102783203125 -264.8780822753906 -1858.2958984375
v 6.657763481140137 -276.04376220703125 -1857.7552490234375
v -31.454496383666992 -267.68780517578125 -1853.654296875
v 39.12919235229492 -304.45428466796875 -1857.0693359375
v 17.61384391784668 -280.5728759765625 -1856.2596435546875
v -39.3394660949707 -267.6435241699219 -1855.6165771484375
v -96.96036529541016 -295.25299072265625 -1851.545166015625
v -88.61592864990234 -290.2327575683594 -1854.84521484375
v 72.41349029541016 -336.372314453125 -1849.3619384765625
v 19.720003128051758 -286.4585266113281 -1845.1544189453125
v 47.5220947265625 -314.56109619140625 -1856.2559814453125
v -133.5215301513672 -307.52825927734375 -1854.3553466796875
v -123.02598571777344 -306.7196960449219 -1849.11865234375
v -120.76673889160156 -306.69927978515625 -1860.1737060546875
v 55.45778274536133 -323.6343688964844 -1855.97216796875
v 27.980804443359375 -290.6348876953125 -1845.97265625
v -8.873897552490234 -273.3594665527344 -1850.3798828125
v 84.36552429199219 -338.2402038574219 -1856.063232421875
v -145.24122619628906 -301.50640869140625 -1858.011962890625
v -153.3520965576172 -288.5283508300781 -1847.8800048828125
v -74.78888702392578 -279.3228454589844 -1853.5289306640625
v -15.21149730682373 -238.6177215576172 -1848.9053955078125
v -9.398361206054688 -230.0962677001953 -1848.743408203125
v 32.31576919555664 -294.3139343261719 -1850.5987548828125
v -9.052115440368652 -236.1016845703125 -1847.5718994140625
v -2.6100263595581055 -234.48275756835938 -1847.80810546875
v -14.475822448730469 -224.05149841308594 -1846.3929443359375
v -139.4388427734375 -305.09014892578125 -1849.985595703125
v -113.42029571533203 -303.1385192871094 -1848.367431640625
v -32.29387664794922 -271.6421813964844 -1848.78955078125
v -43.185813903808594 -271.09771728515625 -1846.4935302734375
v -60.33424377441406 -265.94122314453125 -1843.9093017578125
v -47.3491325378418 -266.2521667480469 -1850.1177978515625
v 9.376673698425293 -251.33314514160156 -1843.97509765625
v -14.985810279846191 -225.55398559570312 -1849.082763671875
v 48.95591735839844 -310.359375 -1844.6138916015625
v -155.81610107421875 -283.9395751953125 -1845.944580078125
v 8.571623802185059 -283.8732604980469 -1844.9569091796875
v 6.804371356964111 -238.74984741210938 -1846.3228759765625
v -0.7976766228675842 -230.77951049804688 -1847.1697998046875
v -22.54855728149414 -229.1551971435547 -1847.0701904296875
v -12.89150333404541 -229.12403869628906 -1842.7523193359375
v 0.5648261308670044 -279.4088134765625 -1847.3414306640625
v -53.362274169921875 -264.9687805175781 -1847.4234619140625
v -19.67729949951172 -244.06204223632812 -1844.6318359375
v 66.32254028320312 -330.2276916503906 -1839.3619384765625
v 52.50725173950195 -311.6302490234375 -1839.29638671875
v -17.42774200439453 -280.3497619628906 -1844.5340576171875
v -69.3290786743164 -273.3590393066406 -1848.1668701171875
v -27.035398483276367 -231.3104248046875 -1844.755615234375
v 79.08323669433594 -334.00018310546875 -1839.5831298828125
v 63.137962341308594 -331.113525390625 -1851.581787109375
v 25.780929565429688 -290.50341796875 -1840.7650146484375
v -57.31100845336914 -266.2434387207031 -1839.135498046875
v -9.32591438293457 -243.9995880126953 -1841.9290771484375
v 12.598783493041992 -246.06602478027344 -1844.07177734375
v -0.49049344658851624 -232.70838928222656 -1843.1214599609375
v -18.629165649414062 -230.44711303710938 -1842.7396240234375
v 41.097320556640625 -299.1011657714844 -1841.7950439453125
v -144.53988647460938 -300.98175048828125 -1847.2122802734375
v -15.263455390930176 -285.0894775390625 -1840.7579345703125
v -14.806520462036133 -248.32080078125 -1841.9053955078125
v -0.83278888463974 -293.8610534667969 -1840.532470703125
v 6.601365089416504 -255.35809326171875 -1840.806640625
v 17.334827423095703 -258.9873352050781 -1839.103515625
v -32.636165618896484 -240.06126403808594 -1837.6051025390625
v 11.078749656677246 -233.2499542236328 -1841.6217041015625
v -25.534929275512695 -225.7704620361328 -1843.57763671875
v -2.5294883251190186 -295.8994140625 -1840.8509521484375
v -12.02609634399414 -285.480224609375 -1840.075927734375
v -10.91984748840332 -281.00775146484375 -1841.918701171875
v -6.076503753662109 -238.5626220703125 -1845.78662109375
v -14.004756927490234 -237.1394500732422 -1839.234375
v -33.16654968261719 -232.0765838623047 -1839.8699951171875
v -150.03805541992188 -293.3160705566406 -1844.300537109375
v -88.0710678100586 -284.36492919921875 -1836.635009765625
v -65.13493347167969 -266.9424743652344 -1837.840087890625
v -130.96519470214844 -307.0346374511719 -1846.0965576171875
v -21.968347549438477 -293.47308349609375 -1831.780517578125
v -28.11481285095215 -280.9835510253906 -1841.32421875
v -21.58736228942871 -242.94174194335938 -1838.6357421875
v 60.2406005859375 -323.73583984375 -1837.308349609375
v 3.510249376296997 -299.5314025878906 -1837.1920166015625
v -10.297066688537598 -291.0801086425781 -1839.5223388671875
v -4.670875072479248 -291.5077819824219 -1839.039306640625
v -88.36265563964844 -287.3267517089844 -1842.7347412109375
v -18.50116729736328 -286.8779296875 -1837.6383056640625
v 17.90253448486328 -253.48594665527344 -1839.89111328125
v -18.2843074798584 -250.49754333496094 -1838.497802734375
v -139.33657836914062 -302.378662109375 -1836.947265625
v -146.86199951171875 -296.1105041503906 -1837.7930908203125
v -27.196773529052734 -289.47406005859375 -1834.73974609375
v -2.4405338764190674 -247.5443572998047 -1840.746337890625
v -27.427640914916992 -245.00730895996094 -1837.7734375
v -33.949432373046875 -230.51255798339844 -1837.8079833984375
v -121.2739486694336 -303.73919677734375 -1835.2158203125
v -134.41830444335938 -303.92315673828125 -1834.7752685546875
v 4.119209289550781 -297.2469482421875 -1836.9754638671875
v 15.830327033996582 -264.2054443359375 -1837.0628662109375
v -32.244712829589844 -238.41635131835938 -1837.3834228515625
v 16.0145206451416 -236.5945587158203 -1837.521484375
v 8.753530502319336 -301.33697509765625 -1838.051513671875
v 6.94870662689209 -288.25128173828125 -1838.61328125
v -8.18379020690918 -288.30059814453125 -1837.1219482421875
v -32.76265335083008 -286.4972839355469 -1835.090087890625
v -154.25173950195312 -283.0264892578125 -1836.91357421875
v 24.799821853637695 -231.80291748046875 -1831.406494140625
v 0.9490123391151428 -232.7745819091797 -1837.9344482421875
v -41.3338623046875 -281.3355712890625 -1833.2685546875
v -48.04456329345703 -275.0857238769531 -1837.152587890625
v 27.604976654052734 -267.9277038574219 -1833.1380615234375
v -41.919734954833984 -238.35928344726562 -1835.94091796875
v -46.54349899291992 -231.71322631835938 -1832.7659912109375
v 18.155973434448242 -306.2594909667969 -1834.060546875
v 19.5374698638916 -304.266845703125 -1834.3155517578125
v 35.90131378173828 -293.4452819824219 -1838.7498779296875
v -3.600182056427002 -292.68902587890625 -1833.3560791015625
v -2.9304888248443604 -289.36163330078125 -1836.57421875
v -12.43091106414795 -243.01571655273438 -1837.73291015625
v 20.79531478881836 -244.57257080078125 -1835.933837890625
v -39.57246780395508 -236.05137634277344 -1832.1878662109375
v 14.825910568237305 -234.24891662597656 -1836.3670654296875
v 15.364437103271484 -301.8007507324219 -1834.1187744140625
v 17.671428680419922 -304.47589111328125 -1831.9017333984375
v -34.38724899291992 -292.5081481933594 -1834.098388671875
v 22.42717933654785 -228.1577911376953 -1830.7935791015625
v -107.48793029785156 -297.42022705078125 -1836.499267578125
v -15.335186004638672 -290.908447265625 -1832.647705078125
v 25.208581924438477 -270.2328796386719 -1833.9775390625
v -13.437238693237305 -257.87701416015625 -1830.9073486328125
v 17.132282257080078 -305.73126220703125 -1832.43310546875
v -155.080810546875 -277.80523681640625 -1832.293212890625
v -32.566097259521484 -244.32427978515625 -1834.3179931640625
v -8.95026683807373 -232.7639617919922 -1834.166259765625
v -7.090014934539795 -232.44235229492188 -1834.99755859375
v 72.93162536621094 -331.5409851074219 -1835.5479736328125
v 47.619693756103516 -300.4137878417969 -1831.8995361328125
v -8.376347541809082 -296.541015625 -1833.8326416015625
v 22.754661560058594 -290.8211364746094 -1838.202392578125
v 19.988208770751953 -271.8061218261719 -1832.8790283203125
v -10.451991081237793 -256.87481689453125 -1832.63525390625
v 27.587223052978516 -250.20852661132812 -1830.6605224609375
v 27.993215560913086 -240.99195861816406 -1828.79541015625
v -42.036041259765625 -231.57298278808594 -1835.97998046875
v -28.388769149780273 -293.6432800292969 -1829.8431396484375
v -36.71909713745117 -285.89691162109375 -1831.52099609375
v -35.370853424072266 -292.23809814453125 -1827.2744140625
v -150.37875366210938 -289.151123046875 -1832.69921875
v -62.22943115234375 -270.0434875488281 -1827.8125
v 9.492987632751465 -268.2148132324219 -1832.3817138671875
v -68.21880340576172 -268.11419677734375 -1826.8038330078125
v 32.951534271240234 -264.30078125 -1828.415771484375
v -5.641213417053223 -260.0191955566406 -1830.4697265625
v 85.35305786132812 -330.8059387207031 -1836.0045166015625
v -13.862667083740234 -294.08917236328125 -1830.14599609375
v -108.88785552978516 -294.6857604980469 -1827.4683837890625
v -77.81966400146484 -269.8219299316406 -1824.314208984375
v 33.81711196899414 -292.8136901855469 -1828.900634765625
v -31.819217681884766 -294.1102600097656 -1828.135009765625
v -49.37297439575195 -284.871337890625 -1822.7371826171875
v 18.799577713012695 -230.3189239501953 -1831.7518310546875
v -1.0433368682861328 -232.44984436035156 -1825.9705810546875
v 31.775251388549805 -312.4678955078125 -1826.8916015625
v 25.58819580078125 -308.43096923828125 -1831.4178466796875
v -0.20928408205509186 -265.1289978027344 -1828.3746337890625
v -48.96549606323242 -242.68040466308594 -1831.7528076171875
v 41.518951416015625 -314.8473815917969 -1823.9007568359375
v 30.462839126586914 -311.0911865234375 -1826.0101318359375
v -126.19129180908203 -301.7391052246094 -1826.4625244140625
v -146.79898071289062 -288.46746826171875 -1823.328369140625
v -78.83906555175781 -274.001708984375 -1832.0601806640625
v -21.18706703186035 -273.42529296875 -1828.350830078125
v -48.93937301635742 -227.78897094726562 -1829.11865234375
v 66.33668518066406 -325.5750732421875 -1829.2535400390625
v 22.99216651916504 -278.5255432128906 -1828.1058349609375
v -41.05799865722656 -250.7674102783203 -1827.8656005859375
v -54.568756103515625 -233.25059509277344 -1826.5098876953125
v -142.30029296875 -297.7718200683594 -1829.8397216796875
v -13.503230094909668 -262.0970153808594 -1828.7833251953125
v -15.1533842086792 -261.0970764160156 -1827.3922119140625
v -7.787980079650879 -238.95179748535156 -1830.49072265625
v 10.217559814453125 -235.55796813964844 -1828.7720947265625
v -23.71491050720215 -269.0415954589844 -1828.658935546875
v -152.44918823242188 -274.6893005371094 -1822.9227294921875
v -9.747871398925781 -248.3768768310547 -1831.337158203125
v 34.42744064331055 -310.490234375 -1827.2855224609375
v 56.41518783569336 -313.79815673828125 -1829.2421875
v -3.8203728199005127 -297.00018310546875 -1827.4295654296875
v -148.70944213867188 -278.5414733886719 -1816.494140625
v 34.078861236572266 -273.3567810058594 -1826.1527099609375
v -19.201990127563477 -267.8665466308594 -1826.3548583984375
v -27.187074661254883 -266.15985107421875 -1824.7396240234375
v -48.99554443359375 -252.19508361816406 -1825.1004638671875
v 21.37232780456543 -294.9365234375 -1827.714599609375
v 41.96289825439453 -295.1955871582031 -1831.3619384765625
v 35.0816535949707 -294.10870361328125 -1822.97509765625
v -22.523250579833984 -277.46954345703125 -1821.1722412109375
v 35.924049377441406 -269.0243225097656 -1825.49951171875
v -12.661752700805664 -254.32542419433594 -1825.5439453125
v -40.012908935546875 -239.93548583984375 -1824.1573486328125
v 14.974552154541016 -238.92874145507812 -1821.493896484375
v -58.18972396850586 -236.5283203125 -1824.681640625
v 19.1728458404541 -234.74774169921875 -1822.494140625
v -10.401289939880371 -298.5308837890625 -1825.7698974609375
v -31.278974533081055 -297.96844482421875 -1822.4652099609375
v -25.1837158203125 -280.1978759765625 -1823.0601806640625
v -41.609283447265625 -246.2221221923828 -1823.686279296875
v -8.100645065307617 -237.28993225097656 -1819.5426025390625
v -60.11720657348633 -251.8188934326172 -1824.9281005859375
v 26.41354751586914 -230.4536590576172 -1823.373046875
v 33.06210708618164 -309.4200134277344 -1825.946044921875
v 16.609556198120117 -298.973388671875 -1821.2838134765625
v -93.51461029052734 -284.564453125 -1828.9205322265625
v 29.822853088378906 -277.504638671875 -1827.049560546875
v 7.04399299621582 -277.0627746582031 -1821.3338623046875
v -7.715290069580078 -246.79449462890625 -1823.1251220703125
v -50.25172424316406 -236.9977264404297 -1823.59326171875
v 6.402189254760742 -236.2291717529297 -1822.919189453125
v 61.3870964050293 -318.3199157714844 -1824.5677490234375
v 13.66025161743164 -293.90673828125 -1830.5546875
v -41.84459686279297 -257.2607421875 -1821.6326904296875
v -62.029144287109375 -249.2744598388672 -1825.233154296875
v -45.398441314697266 -234.66485595703125 -1824.827880859375
v -38.51575469970703 -254.74044799804688 -1816.433349609375
v 25.979938507080078 -237.5576171875 -1822.1087646484375
v -23.358097076416016 -301.82586669921875 -1822.67724609375
v -44.36327362060547 -297.7897033691406 -1812.5810546875
v -41.187984466552734 -248.8744354248047 -1826.697265625
v 34.7867431640625 -248.19642639160156 -1822.5289306640625
v 33.93879318237305 -232.6954345703125 -1820.9346923828125
v 83.36943054199219 -323.5513000488281 -1817.5631103515625
v 55.278526306152344 -320.2229309082031 -1816.5933837890625
v 51.820068359375 -315.73040771484375 -1818.1251220703125
v 49.5485725402832 -316.37017822265625 -1817.2406005859375
v 1.2420504093170166 -301.833740234375 -1820.9056396484375
v -26.81232261657715 -280.28985595703125 -1819.3709716796875
v -21.35968017578125 -257.3606872558594 -1815.1126708984375
v 17.457048416137695 -236.6583709716797 -1816.5400390625
v 53.08788299560547 -302.7970275878906 -1821.2734375
v -150.52687072753906 -268.15313720703125 -1814.0587158203125
v -21.85498809814453 -263.05206298828125 -1819.9500732421875
v -13.783515930175781 -259.50982666015625 -1820.1724853515625
v -10.505813598632812 -249.5731658935547 -1816.606689453125
v -38.31643295288086 -241.54269409179688 -1819.3536376953125
v 2.4123034477233887 -232.4549102783203 -1817.0806884765625
v 49.401092529296875 -318.2794494628906 -1817.3604736328125
v -18.671539306640625 -301.1668701171875 -1820.2896728515625
v -133.5673370361328 -297.4261169433594 -1819.239990234375
v 28.66338348388672 -285.45416259765625 -1820.386962890625
v -87.11474609375 -272.42236328125 -1819.108642578125
v -52.74195098876953 -238.57403564453125 -1816.6722412109375
v -67.35850524902344 -237.40647888183594 -1816.04052734375
v 6.510953426361084 -236.9346923828125 -1816.0496826171875
v -2.5121073722839355 -238.37216186523438 -1816.9376220703125
v 57.16221237182617 -306.8237609863281 -1816.0760498046875
v 47.927791595458984 -297.5655212402344 -1812.1317138671875
v -119.6434097290039 -298.03912353515625 -1822.1932373046875
v 37.84162902832031 -266.4970703125 -1823.046875
v -59.52931213378906 -238.5343780517578 -1817.731201171875
v -9.129314422607422 -274.0900573730469 -1818.070068359375
v -40.751068115234375 -262.546875 -1818.6121826171875
v -48.82554244995117 -261.82598876953125 -1816.486083984375
v -70.72726440429688 -254.3109588623047 -1818.9410400390625
v -32.086246490478516 -243.56103515625 -1812.957275390625
v 60.18289566040039 -318.05804443359375 -1813.578369140625
v -26.089488983154297 -304.4365234375 -1816.84765625
v -27.46608543395996 -263.1854553222656 -1814.88671875
v -68.19389343261719 -259.6332702636719 -1817.404052734375
v -35.501163482666016 -242.98321533203125 -1819.9697265625
v -64.04468536376953 -246.94480895996094 -1823.919921875
v 36.90048599243164 -238.33973693847656 -1817.7559814453125
v 31.803075790405273 -237.15354919433594 -1817.6236572265625
v 7.152484893798828 -289.833740234375 -1805.3055419921875
v -40.75624084472656 -259.3656311035156 -1816.1826171875
v -74.72479248046875 -248.74261474609375 -1814.783203125
v 42.81410598754883 -248.3763427734375 -1811.576171875
v -45.06224822998047 -241.00436401367188 -1812.038330078125
v 59.06403732299805 -319.4419250488281 -1816.330078125
v -19.686630249023438 -304.6173400878906 -1815.1165771484375
v -38.88750076293945 -299.06231689453125 -1815.45263671875
v 24.404804229736328 -289.9876708984375 -1816.247802734375
v -29.769515991210938 -287.8749084472656 -1814.6644287109375
v -18.141963958740234 -276.8213195800781 -1817.53369140625
v -75.9024658203125 -270.04010009765625 -1816.89794921875
v -32.8121452331543 -271.4573974609375 -1815.8145751953125
v -37.73539352416992 -263.9541931152344 -1813.28662109375
v -15.443394660949707 -244.00930786132812 -1810.98876953125
v -10.950521469116211 -237.15664672851562 -1814.2454833984375
v -67.78042602539062 -238.3223419189453 -1816.9498291015625
v 77.73934173583984 -322.4796142578125 -1813.66796875
v 69.78814697265625 -320.4527587890625 -1812.2996826171875
v 21.498510360717773 -239.2484130859375 -1814.2552490234375
v 49.92831802368164 -298.81219482421875 -1820.015869140625
v -22.05434226989746 -283.22149658203125 -1817.12255859375
v -35.47981262207031 -277.0755920410156 -1810.7677001953125
v -51.47001647949219 -267.6393127441406 -1808.976318359375
v -28.463666915893555 -252.96011352539062 -1812.2738037109375
v -32.44995880126953 -247.96250915527344 -1813.06201171875
v 11.446552276611328 -238.41395568847656 -1809.839111328125
v -11.909258842468262 -234.54299926757812 -1810.834716796875
v 73.1421127319336 -323.5970764160156 -1810.321044921875
v -21.610055923461914 -283.8917236328125 -1811.4136962890625
v -58.2912712097168 -281.6562194824219 -1818.4229736328125
v -144.8959197998047 -278.8974914550781 -1808.689208984375
v -19.815481185913086 -254.2388153076172 -1812.6689453125
v -40.71305847167969 -239.89202880859375 -1815.1676025390625
v 27.65660858154297 -237.42156982421875 -1813.9283447265625
v 74.23582458496094 -321.4858093261719 -1812.8839111328125
v 63.55491256713867 -320.4141540527344 -1811.2313232421875
v 10.404855728149414 -308.2919006347656 -1807.6107177734375
v -3.507159948348999 -273.36907958984375 -1819.2423095703125
v 42.684288024902344 -279.67327880859375 -1811.74609375
v -37.547508239746094 -268.66571044921875 -1813.5372314453125
v -32.41765594482422 -259.94110107421875 -1810.7677001953125
v -34.719303131103516 -256.9697265625 -1811.566162109375
v -14.539322853088379 -251.9866180419922 -1813.7724609375
v -67.84193420410156 -239.9698486328125 -1810.0118408203125
v 36.7875862121582 -239.80027770996094 -1807.7537841796875
v 70.7944564819336 -320.4673156738281 -1809.6632080078125
v -124.4217300415039 -291.3204650878906 -1807.61474609375
v -54.578060150146484 -295.0289611816406 -1805.597412109375
v -66.56993103027344 -276.31732177734375 -1815.9964599609375
v -67.11567687988281 -268.53466796875 -1804.9918212890625
v 40.681636810302734 -238.80152893066406 -1812.2540283203125
v 82.6794204711914 -321.49456787109375 -1811.6466064453125
v 67.35287475585938 -322.6240234375 -1810.443359375
v -23.000568389892578 -308.5068359375 -1811.9703369140625
v 35.35874557495117 -283.44171142578125 -1818.255859375
v -140.0111541748047 -291.2133483886719 -1816.2318115234375
v -56.630531311035156 -258.0228271484375 -1818.5245361328125
v 48.09676742553711 -254.2760009765625 -1803.6485595703125
v -23.055057525634766 -248.86619567871094 -1810.166259765625
v -21.955495834350586 -241.26751708984375 -1809.54931640625
v -10.551616668701172 -309.2401428222656 -1810.431396484375
v 26.187057495117188 -294.7136535644531 -1812.2435302734375
v -30.834745407104492 -282.8232727050781 -1808.7412109375
v -37.92958068847656 -275.7708740234375 -1808.9383544921875
v 30.28970718383789 -243.5807647705078 -1808.54150390625
v 0.24299393594264984 -241.79391479492188 -1810.2567138671875
v -0.9027933478355408 -311.1663818359375 -1807.38037109375
v 56.85669708251953 -302.8803405761719 -1809.7598876953125
v -4.859660625457764 -287.05938720703125 -1804.34228515625
v -74.12462615966797 -263.8772888183594 -1812.2762451171875
v -59.795894622802734 -240.689208984375 -1811.62255859375
v -17.08140754699707 -238.7393341064453 -1810.318115234375
v 71.20861053466797 -318.0444030761719 -1809.6142578125
v 38.057273864746094 -294.88079833984375 -1805.3271484375
v -30.062564849853516 -275.51312255859375 -1815.3968505859375
v -42.81106185913086 -276.9897155761719 -1807.5052490234375
v -79.49093627929688 -272.0324401855469 -1809.6759033203125
v -27.661222457885742 -243.224609375 -1810.4400634765625
v -47.973445892333984 -240.44032287597656 -1808.9188232421875
v 84.5887680053711 -323.5753479003906 -1808.051513671875
v 49.00858688354492 -279.5968017578125 -1805.1334228515625
v -81.55998229980469 -256.31341552734375 -1808.2459716796875
v 48.348609924316406 -288.8672180175781 -1801.3453369140625
v -97.64955139160156 -273.8448486328125 -1810.35107421875
v -59.25607681274414 -267.7122802734375 -1807.467529296875
v -147.1422882080078 -256.58184814453125 -1799.12353515625
v -74.58271026611328 -238.48776245117188 -1810.04931640625
v -28.064340591430664 -309.89093017578125 -1808.374755859375
v -20.656103134155273 -310.8753967285156 -1806.166015625
v 16.190458297729492 -293.7552795410156 -1805.603515625
v -116.30245971679688 -289.65570068359375 -1808.2447509765625
v 44.7844123840332 -271.27783203125 -1810.574951171875
v -95.26658630371094 -270.8544921875 -1806.8167724609375
v -148.65097045898438 -264.9725036621094 -1806.3031005859375
v -31.73359489440918 -240.8967742919922 -1807.24609375
v -17.93731689453125 -237.5843048095703 -1805.479736328125
v 20.2906551361084 -236.2904815673828 -1806.1837158203125
v -34.057029724121094 -312.5452880859375 -1799.4652099609375
v -102.49932098388672 -285.2127380371094 -1819.1580810546875
v -26.364709854125977 -241.0345916748047 -1806.310302734375
v 81.35874938964844 -320.8390808105469 -1806.1455078125
v 87.26809692382812 -318.8760986328125 -1804.95849609375
v -27.508068084716797 -315.89019775390625 -1801.104248046875
v -12.229262351989746 -282.3451232910156 -1810.0699462890625
v -133.42007446289062 -287.7356262207031 -1804.9552001953125
v -44.150325775146484 -282.4742431640625 -1801.5665283203125
v -6.374061584472656 -237.52334594726562 -1806.2869873046875
v 68.72789764404297 -314.51715087890625 -1807.0810546875
v 30.478261947631836 -301.19818115234375 -1810.2105712890625
v 58.453853607177734 -302.8944396972656 -1800.369384765625
v -80.75562286376953 -264.6356201171875 -1807.1151123046875
v -51.129913330078125 -237.5697784423828 -1803.0140380859375
v 13.136550903320312 -236.15985107421875 -1801.9510498046875
v -21.57567024230957 -316.30657958984375 -1798.015869140625
v -68.03350067138672 -287.44537353515625 -1802.2445068359375
v -36.90168380737305 -241.5038299560547 -1801.8922119140625
v -14.425909042358398 -233.00942993164062 -1803.9735107421875
v 63.53801345825195 -306.4073791503906 -1801.9747314453125
v -38.738250732421875 -285.4956359863281 -1801.010498046875
v -137.28057861328125 -281.3835754394531 -1801.3426513671875
v -10.555644989013672 -237.4985809326172 -1802.9320068359375
v -3.935811996459961 -240.7675018310547 -1796.2861328125
v 7.920358180999756 -235.9388885498047 -1805.5087890625
v 79.67426300048828 -320.1855163574219 -1799.8134765625
v -20.207353591918945 -289.4704284667969 -1804.171142578125
v -131.43740844726562 -274.119140625 -1787.21435546875
v -145.98374938964844 -268.2004699707031 -1799.7191162109375
v 44.063804626464844 -237.1986541748047 -1803.220458984375
v 50.56639099121094 -302.0026550292969 -1797.86328125
v 25.432939529418945 -240.21055603027344 -1802.146240234375
v -104.97691345214844 -271.6859436035156 -1795.6507568359375
v -89.59032440185547 -248.86610412597656 -1797.328369140625
v -30.077951431274414 -242.8052215576172 -1802.324462890625
v 2.97247052192688 -238.89688110351562 -1806.0283203125
v 40.731903076171875 -242.66775512695312 -1803.5799560546875
v -68.93587493896484 -240.65869140625 -1798.708984375
v 93.39947509765625 -310.1493225097656 -1802.614990234375
v 92.1321792602539 -295.6654357910156 -1800.3385009765625
v -20.146448135375977 -295.1507873535156 -1795.9222412109375
v 1.4950603246688843 -295.24273681640625 -1794.3875732421875
v -20.114938735961914 -241.1435546875 -1801.144287109375
v -45.5119743347168 -239.75588989257812 -1802.6156005859375
v 47.91861343383789 -241.0079345703125 -1800.6024169921875
v -57.870513916015625 -238.89358520507812 -1800.3922119140625
v 43.389862060546875 -299.22113037109375 -1805.7330322265625
v -85.51546478271484 -276.0279541015625 -1791.5400390625
v -57.1132698059082 -240.3115692138672 -1806.996337890625
v -27.261215209960938 -291.3905944824219 -1805.7799072265625
v -111.878662109375 -283.2704772949219 -1802.6060791015625
v -90.21170806884766 -274.84991455078125 -1795.6375732421875
v -9.306449890136719 -241.71302795410156 -1798.616455078125
v 10.295716285705566 -239.68545532226562 -1792.8690185546875
v 13.360034942626953 -240.53054809570312 -1792.9644775390625
v 75.107421875 -317.7745361328125 -1798.03955078125
v -44.9648551940918 -309.1663818359375 -1797.5496826171875
v 56.6104850769043 -302.8730163574219 -1795.57275390625
v -53.68406677246094 -305.91448974609375 -1794.238037109375
v -36.386531829833984 -289.33416748046875 -1798.4884033203125
v -50.702980041503906 -277.2530212402344 -1801.0631103515625
v -79.33277130126953 -274.56036376953125 -1796.1712646484375
v -70.5902099609375 -298.8503112792969 -1786.6837158203125
v -41.6147346496582 -291.2480773925781 -1794.0150146484375
v -120.65816497802734 -280.55181884765625 -1792.5084228515625
v -61.87944412231445 -274.07427978515625 -1799.1409912109375
v -145.96551513671875 -252.1678466796875 -1794.999267578125
v -142.9821014404297 -235.6719207763672 -1790.405029296875
v 16.12302017211914 -243.18060302734375 -1797.4521484375
v -32.09868621826172 -296.54888916015625 -1800.3782958984375
v -31.31958770751953 -288.88641357421875 -1801.4822998046875
v -93.3980712890625 -254.82493591308594 -1793.9857177734375
v -75.4111328125 -239.53555297851562 -1799.5640869140625
v -71.5129165649414 -239.49961853027344 -1794.734130859375
v 19.47861671447754 -304.310302734375 -1791.92041015625
v -92.1366958618164 -270.3963317871094 -1803.0889892578125
v 50.245277404785156 -250.5267791748047 -1795.523681640625
v 21.59722137451172 -244.564697265625 -1798.4881591796875
v 4.150234699249268 -242.66029357910156 -1799.480712890625
v 82.79181671142578 -320.4357604980469 -1790.296875
v -11.741678237915039 -314.9731140136719 -1801.54345703125
v 89.15878295898438 -317.4245910644531 -1801.1160888671875
v 39.95175552368164 -304.010498046875 -1791.6695556640625
v -25.82280158996582 -299.85784912109375 -1793.0557861328125
v -28.769533157348633 -298.0608825683594 -1790.9368896484375
v 91.91840362548828 -288.7969055175781 -1796.13427734375
v -36.65276336669922 -246.2142333984375 -1791.6317138671875
v 76.41011047363281 -320.2967224121094 -1787.6090087890625
v -0.5510042309761047 -317.6695556640625 -1795.3736572265625
v -31.158828735351562 -291.150634765625 -1794.9259033203125
v -3.3674254417419434 -292.63787841796875 -1796.8253173828125
v -128.1604766845703 -289.9407043457031 -1805.6346435546875
v -77.40739440917969 -278.506591796875 -1788.6346435546875
v 51.507572174072266 -245.18026733398438 -1792.068603515625
v 49.184146881103516 -241.45431518554688 -1793.6552734375
v 14.061615943908691 -314.96234130859375 -1794.6253662109375
v 89.13314056396484 -316.59521484375 -1794.2762451171875
v 32.70314025878906 -314.8840026855469 -1786.453125
v 93.13339233398438 -302.004150390625 -1802.2696533203125
v -33.94633865356445 -295.5341796875 -1791.721435546875
v -48.83140182495117 -285.7436218261719 -1793.823974609375
v 94.14163970947266 -285.5337219238281 -1798.671875
v 96.01091003417969 -267.9466552734375 -1793.6510009765625
v -54.412288665771484 -244.4943084716797 -1797.780029296875
v 43.94091033935547 -244.7605438232422 -1793.6533203125
v 98.2477798461914 -241.7664031982422 -1792.277099609375
v -143.75633239746094 -228.53175354003906 -1792.1915283203125
v 72.13147735595703 -314.338134765625 -1791.4259033203125
v -53.777137756347656 -286.8086242675781 -1790.66748046875
v -58.79521560668945 -244.52732849121094 -1795.1646728515625
v 37.04018783569336 -242.36180114746094 -1794.37841796875
v -33.56264114379883 -241.48243713378906 -1795.5731201171875
v -80.39796447753906 -237.87997436523438 -1802.1761474609375
v 98.93244934082031 -253.7698974609375 -1795.2275390625
v -48.53794860839844 -246.3955535888672 -1788.571533203125
v -28.342689514160156 -241.8050537109375 -1796.250732421875
v -0.4546232223510742 -291.9241638183594 -1791.560791015625
v -5.142510414123535 -294.1413269042969 -1790.7850341796875
v -78.75067138671875 -283.8077087402344 -1797.80029296875
v -93.46550750732422 -271.8400573730469 -1796.5390625
v -65.65689849853516 -241.28494262695312 -1787.06103515625
v 33.506134033203125 -241.5869140625 -1795.4251708984375
v -89.85011291503906 -237.18890380859375 -1790.0035400390625
v -76.75140380859375 -237.98275756835938 -1804.797119140625
v -30.274988174438477 -323.66552734375 -1786.6953125
v -28.876935958862305 -321.2138977050781 -1792.81591796875
v -22.325424194335938 -321.6529235839844 -1789.42822265625
v -62.79663848876953 -297.51715087890625 -1795.6068115234375
v -87.14727783203125 -287.24169921875 -1784.4237060546875
v 54.5650520324707 -283.1061706542969 -1795.0408935546875
v 52.949100494384766 -267.9895324707031 -1796.971435546875
v -16.901283264160156 -242.10618591308594 -1791.9156494140625
v -6.729000091552734 -243.0092010498047 -1790.5479736328125
v -64.5666275024414 -238.60362243652344 -1794.113037109375
v -96.62982177734375 -272.9841003417969 -1789.5802001953125
v -126.78791809082031 -274.4463806152344 -1785.52880859375
v 96.67234802246094 -242.01437377929688 -1789.504638671875
v -33.85352325439453 -321.41070556640625 -1787.239013671875
v 89.0579605102539 -292.6956481933594 -1787.77685546875
v -114.15320587158203 -276.29669189453125 -1789.6585693359375
v -137.9248046875 -272.86865234375 -1790.8310546875
v -91.24266052246094 -265.4159851074219 -1794.87646484375
v 24.628461837768555 -248.2635955810547 -1786.44873046875
v 22.87397003173828 -245.9020233154297 -1791.2071533203125
v 32.01881790161133 -244.2347412109375 -1789.105224609375
v -138.8556365966797 -216.12158203125 -1787.9180908203125
v -136.594970703125 -206.3112030029297 -1787.46240234375
v 91.84537506103516 -280.480712890625 -1789.02734375
v 95.00106048583984 -261.7106628417969 -1787.429931640625
v -145.4310302734375 -257.0883483886719 -1791.1212158203125
v 49.00132751464844 -246.64886474609375 -1786.3780517578125
v -140.21270751953125 -240.48077392578125 -1781.855224609375
v 36.00920486450195 -240.4865264892578 -1787.265625
v 91.53199005126953 -309.9032897949219 -1792.4737548828125
v 9.948994636535645 -308.3890075683594 -1781.3304443359375
v -4.3316569328308105 -300.4424743652344 -1787.469482421875
v -41.90406036376953 -292.7510070800781 -1788.7908935546875
v 52.38943099975586 -296.8106384277344 -1789.2105712890625
v -102.99308776855469 -270.65521240234375 -1789.176513671875
v -29.27920150756836 -240.65260314941406 -1787.6375732421875
v -22.822084426879883 -241.25759887695312 -1787.83349609375
v -12.338265419006348 -297.30389404296875 -1790.330810546875
v -141.95069885253906 -265.6448669433594 -1786.310546875
v -33.71564865112305 -248.0712890625 -1785.164794921875
v -85.33757781982422 -239.23776245117188 -1787.201904296875
v -70.46173095703125 -237.56048583984375 -1787.2977294921875
v -90.86656188964844 -236.07022094726562 -1786.4111328125
v -8.480204582214355 -322.66943359375 -1788.2900390625
v 29.80958366394043 -304.9893798828125 -1795.6806640625
v 25.147117614746094 -305.07763671875 -1794.8260498046875
v 44.84148025512695 -304.8683776855469 -1795.81689453125
v 66.17754364013672 -306.8751525878906 -1790.63134765625
v -26.415353775024414 -300.57305908203125 -1786.502685546875
v -111.90475463867188 -273.1554260253906 -1784.3812255859375
v 54.22588348388672 -258.6688537597656 -1793.21484375
v 94.60334014892578 -250.10775756835938 -1782.067138671875
v 43.47726058959961 -247.0352783203125 -1784.5396728515625
v -1.5490407943725586 -241.077392578125 -1787.623046875
v -76.78105163574219 -239.6153564453125 -1785.9866943359375
v -54.52112579345703 -312.7606201171875 -1786.1561279296875
v -35.28534698486328 -296.4307861328125 -1788.4737548828125
v 90.15492248535156 -282.93011474609375 -1780.12255859375
v -65.12881469726562 -283.31292724609375 -1786.578125
v 55.78583908081055 -289.87969970703125 -1789.70458984375
v -119.5713882446289 -275.9829406738281 -1785.8795166015625
v -92.76213836669922 -236.5328826904297 -1784.4444580078125
v -139.53355407714844 -229.71022033691406 -1784.4090576171875
v -32.58460998535156 -301.3539123535156 -1785.0501708984375
v -67.33600616455078 -241.18051147460938 -1778.4739990234375
v 0.8897713422775269 -299.0416259765625 -1790.38232421875
v -103.87449645996094 -271.7847900390625 -1783.6116943359375
v 4.982193946838379 -243.42245483398438 -1788.7882080078125
v -44.74140930175781 -318.074462890625 -1785.733642578125
v 56.698482513427734 -306.2467346191406 -1784.77294921875
v -86.66415405273438 -279.5984802246094 -1783.436279296875
v -29.31041717529297 -247.2667236328125 -1783.974609375
v 41.303749084472656 -242.8592987060547 -1780.4991455078125
v -1.3761993646621704 -324.564208984375 -1784.507080078125
v 15.331914901733398 -323.1877746582031 -1779.6162109375
v -10.027607917785645 -298.052490234375 -1785.5911865234375
v -94.67860412597656 -275.6891784667969 -1779.4559326171875
v -14.968546867370605 -241.5446014404297 -1781.41357421875
v -60.96969985961914 -243.29168701171875 -1783.8272705078125
v 96.20723724365234 -227.6450958251953 -1788.76806640625
v -132.97853088378906 -208.0162353515625 -1778.457275390625
v 75.17920684814453 -322.2281188964844 -1777.2764892578125
v -24.206037521362305 -303.4047546386719 -1785.1673583984375
v -72.69590759277344 -281.7318420410156 -1785.015380859375
v 61.47314453125 -266.4305114746094 -1783.5093994140625
v 37.473289489746094 -248.30416870117188 -1779.0321044921875
v 19.668325424194336 -247.2631378173828 -1782.233642578125
v 58.10189437866211 -245.51026916503906 -1782.6552734375
v 94.68494415283203 -232.12966918945312 -1781.880859375
v 87.9146499633789 -300.31927490234375 -1783.5570068359375
v -14.009398460388184 -300.716796875 -1780.25830078125
v -130.19773864746094 -269.9782409667969 -1775.364990234375
v -98.93628692626953 -258.8853454589844 -1783.228759765625
v 18.274063110351562 -245.7830810546875 -1777.1854248046875
v -54.09687042236328 -243.4607696533203 -1784.0850830078125
v 15.746073722839355 -242.7198028564453 -1781.01123046875
v 27.894428253173828 -313.41156005859375 -1780.405029296875
v 43.58323287963867 -317.3404541015625 -1773.99951171875
v -11.910036087036133 -301.37493896484375 -1778.7054443359375
v 59.97015380859375 -276.1559143066406 -1785.6552734375
v 67.15641784667969 -255.0092315673828 -1771.880615234375
v 49.992549896240234 -249.998046875 -1776.4749755859375
v -20.877727508544922 -246.4497833251953 -1782.864501953125
v -27.9909725189209 -307.79498291015625 -1782.758056640625
v -10.628096580505371 -307.09649658203125 -1778.8701171875
v 9.919085502624512 -246.91087341308594 -1777.5565185546875
v 43.980316162109375 -245.04733276367188 -1776.8245849609375
v -8.131450653076172 -244.07687377929688 -1774.7628173828125
v -136.0247802734375 -219.26028442382812 -1779.720458984375
v -4.684600353240967 -309.56005859375 -1776.24365234375
v 55.548362731933594 -298.7163391113281 -1779.7142333984375
v -48.046695709228516 -245.85093688964844 -1779.419189453125
v -5.1490302085876465 -242.5752716064453 -1784.6951904296875
v -50.46220397949219 -245.8856658935547 -1778.851806640625
v -70.21572875976562 -238.2294158935547 -1776.4696044921875
v 54.60367202758789 -304.81298828125 -1771.876953125
v -44.44800567626953 -298.5246887207031 -1783.685791015625
v -23.428974151611328 -249.52023315429688 -1779.35107421875
v -99.85710144042969 -236.09478759765625 -1776.046142578125
v 68.92636108398438 -310.7455749511719 -1781.194091796875
v -27.61518669128418 -307.28826904296875 -1778.3524169921875
v -21.01462745666504 -307.5790710449219 -1776.272216796875
v -37.18360900878906 -304.2198486328125 -1777.782470703125
v 88.27184295654297 -294.94818115234375 -1772.5711669921875
v -79.87627410888672 -240.93923950195312 -1780.3731689453125
v -137.7597198486328 -235.02468872070312 -1777.243408203125
v -23.929636001586914 -327.95269775390625 -1778.2890625
v 80.48297882080078 -321.9943542480469 -1779.94921875
v -113.5335693359375 -272.7956237792969 -1777.447998046875
v -120.691650390625 -272.20440673828125 -1779.8575439453125
v -101.35696411132812 -267.08251953125 -1775.168212890625
v -104.91056823730469 -244.87367248535156 -1772.1409912109375
v -98.49382781982422 -249.0906982421875 -1783.9576416015625
v -58.57795333862305 -241.16102600097656 -1778.292236328125
v -51.48052978515625 -236.80885314941406 -1777.1280517578125
v -99.6169662475586 -234.87979125976562 -1773.860595703125
v 63.41075134277344 -308.7184143066406 -1778.46533203125
v -32.31306457519531 -306.4840087890625 -1776.4461669921875
v -17.839345932006836 -306.0713195800781 -1774.302978515625
v 63.755550384521484 -285.238525390625 -1775.628662109375
v -101.96763610839844 -277.6083984375 -1774.87890625
v 65.54467010498047 -276.9203796386719 -1776.1385498046875
v -120.82644653320312 -269.9168701171875 -1772.9949951171875
v 93.69583129882812 -262.0873718261719 -1780.5267333984375
v -142.4637451171875 -251.5352020263672 -1779.9375
v -57.39165496826172 -242.161865234375 -1774.87109375
v -62.58979415893555 -312.8320617675781 -1779.2119140625
v -101.41830444335938 -253.9679718017578 -1780.04931640625
v -104.50601959228516 -260.7347412109375 -1773.01904296875
v -1.2831368446350098 -245.4529266357422 -1776.320556640625
v 94.8382797241211 -247.63189697265625 -1774.4521484375
v -73.3957290649414 -238.557861328125 -1777.494140625
v -91.39989471435547 -238.84735107421875 -1781.7640380859375
v 36.13480758666992 -320.34130859375 -1773.77685546875
v 32.59967803955078 -314.8728332519531 -1777.3658447265625
v -17.00609588623047 -313.7028503417969 -1767.871826171875
v -80.88423156738281 -297.2657470703125 -1779.3485107421875
v -63.14434051513672 -288.9964904785156 -1780.7791748046875
v -30.118839263916016 -252.1121826171875 -1777.0732421875
v -15.931658744812012 -252.7476806640625 -1772.1201171875
v -45.35145568847656 -249.3314971923828 -1776.1094970703125
v 29.15629768371582 -250.0741729736328 -1776.942138671875
v -71.4371109008789 -235.09536743164062 -1773.6375732421875
v 94.68836975097656 -233.51829528808594 -1776.3057861328125
v -30.65264892578125 -328.9600830078125 -1778.435302734375
v 22.15189552307129 -325.923828125 -1770.6068115234375
v -136.5231475830078 -265.87310791015625 -1774.13330078125
v 67.2967529296875 -264.07244873046875 -1773.405517578125
v -40.25061798095703 -247.6347198486328 -1777.4404296875
v -134.61163330078125 -219.1193084716797 -1774.3809814453125
v -52.274417877197266 -323.1660461425781 -1774.582275390625
v 88.13525390625 -312.41064453125 -1773.2908935546875
v 87.88597869873047 -297.1956787109375 -1778.9556884765625
v -56.815399169921875 -299.33123779296875 -1773.8790283203125
v 95.8070297241211 -244.51499938964844 -1772.817626953125
v -57.8621826171875 -320.89349365234375 -1772.4444580078125
v 16.042325973510742 -311.18096923828125 -1778.6280517578125
v -29.89930534362793 -309.7924499511719 -1773.846435546875
v -21.403499603271484 -308.2455749511719 -1768.2337646484375
v -46.68853759765625 -307.8116760253906 -1770.818359375
v -89.52680206298828 -295.4951477050781 -1771.107666015625
v -109.31275939941406 -274.564697265625 -1772.2581787109375
v 26.39679527282715 -249.72425842285156 -1772.669677734375
v 63.60805892944336 -245.63046264648438 -1773.906982421875
v -130.86724853515625 -204.23394775390625 -1773.17138671875
v -26.64254379272461 -308.3524169921875 -1773.35546875
v -83.8236083984375 -286.02081298828125 -1772.537841796875
v -25.31481170654297 -250.86056518554688 -1774.8475341796875
v -52.63178253173828 -247.12991333007812 -1773.0166015625
v -62.46030807495117 -243.70394897460938 -1770.0462646484375
v -2.484846830368042 -243.50558471679688 -1769.87255859375
v -84.6356430053711 -240.56874084472656 -1772.08642578125
v -63.502891540527344 -240.46173095703125 -1772.7698974609375
v -136.16908264160156 -231.9541473388672 -1768.8134765625
v 61.71246337890625 -296.7506103515625 -1770.7867431640625
v -11.622086524963379 -248.9955596923828 -1775.0982666015625
v 51.9688835144043 -248.09388732910156 -1771.8819580078125
v 56.30961990356445 -248.9398956298828 -1773.80908203125
v 4.244844913482666 -246.39051818847656 -1774.199951171875
v -138.78829956054688 -241.1693115234375 -1769.4383544921875
v -53.10523986816406 -327.0496826171875 -1769.12548828125
v 12.482799530029297 -312.9463195800781 -1774.8402099609375
v -75.71310424804688 -307.6126403808594 -1769.6732177734375
v -73.35432434082031 -290.324951171875 -1772.026123046875
v -140.33729553222656 -261.012451171875 -1774.156494140625
v -91.50359344482422 -239.4997100830078 -1772.2982177734375
v -28.346681594848633 -331.8602294921875 -1771.9102783203125
v 71.22930145263672 -318.1933898925781 -1778.2877197265625
v 87.7090835571289 -317.45587158203125 -1780.182373046875
v -67.03413391113281 -317.081298828125 -1768.59716796875
v 94.3992919921875 -262.8043518066406 -1768.1173095703125
v 24.1319637298584 -247.86471557617188 -1768.8123779296875
v 66.89018249511719 -241.77464294433594 -1767.836181640625
v -66.69725799560547 -236.53941345214844 -1769.9637451171875
v -35.84149169921875 -331.9205017089844 -1770.0823974609375
v 84.29647064208984 -320.42413330078125 -1780.4210205078125
v 87.00135803222656 -315.9405212402344 -1767.4559326171875
v -105.57003784179688 -272.2734069824219 -1762.4298095703125
v 91.14510345458984 -277.9011535644531 -1771.5491943359375
v -130.3159637451172 -268.6524658203125 -1768.4080810546875
v 36.900089263916016 -250.36721801757812 -1774.057861328125
v 15.656169891357422 -248.8135986328125 -1767.66650390625
v 45.72766876220703 -246.27963256835938 -1767.2823486328125
v -67.23416900634766 -240.02951049804688 -1765.7474365234375
v -97.26121520996094 -237.66856384277344 -1771.060302734375
v -26.78182601928711 -336.895263671875 -1761.7166748046875
v -32.08364486694336 -336.2628173828125 -1765.720458984375
v -46.0168571472168 -327.66534423828125 -1770.3193359375
v 43.39070129394531 -309.78839111328125 -1778.4129638671875
v 49.610286712646484 -311.75946044921875 -1766.6953125
v -24.14291000366211 -253.9029083251953 -1767.602783203125
v -18.110363006591797 -254.265869140625 -1764.74169921875
v -40.846275329589844 -252.45460510253906 -1769.578857421875
v 57.167388916015625 -248.2464141845703 -1767.9652099609375
v -77.28419494628906 -238.0950164794922 -1767.7904052734375
v -70.4115219116211 -230.66311645507812 -1769.6011962890625
v -13.600125312805176 -332.22735595703125 -1772.446533203125
v -59.907039642333984 -328.7226867675781 -1770.580078125
v -28.154659271240234 -314.9992370605469 -1770.8724365234375
v 86.92374420166016 -305.6732177734375 -1769.6005859375
v -139.77899169921875 -245.2583770751953 -1771.3026123046875
v 2.2082974910736084 -247.2314910888672 -1768.816650390625
v -74.17595672607422 -229.97361755371094 -1764.0556640625
v -9.165641784667969 -335.5671691894531 -1767.2939453125
v 1.882575273513794 -330.2878112792969 -1774.0634765625
v 36.407405853271484 -318.0403747558594 -1768.6597900390625
v -85.19235229492188 -303.4759521484375 -1764.846435546875
v 66.92456817626953 -292.6951599121094 -1764.909912109375
v -106.77444458007812 -278.2138977050781 -1767.1793212890625
v -118.60973358154297 -270.0610656738281 -1765.737548828125
v -107.24856567382812 -265.2482604980469 -1764.6346435546875
v 29.69493293762207 -318.2663269042969 -1770.9595947265625
v -33.828948974609375 -311.2557067871094 -1766.580078125
v -27.387571334838867 -311.2234802246094 -1766.4454345703125
v -93.83123779296875 -293.9399108886719 -1765.9771728515625
v 90.13408660888672 -289.17205810546875 -1769.18603515625
v -32.380035400390625 -251.312255859375 -1770.8243408203125
v 34.00788497924805 -250.43865966796875 -1767.733642578125
v -5.613437652587891 -245.91627502441406 -1765.5897216796875
v -50.98661804199219 -246.08200073242188 -1766.9903564453125
v 95.47225189208984 -230.0892333984375 -1770.926025390625
v -132.0962371826172 -209.12310791015625 -1767.4163818359375
v 10.665054321289062 -321.12945556640625 -1758.374755859375
v -107.76251983642578 -276.296630859375 -1769.5189208984375
v -141.76036071777344 -256.5555419921875 -1774.8177490234375
v -35.907188415527344 -249.58657836914062 -1768.005615234375
v 68.44510650634766 -242.1940460205078 -1764.4052734375
v -40.765220642089844 -311.16680908203125 -1768.33251953125
v -131.79470825195312 -267.69561767578125 -1760.5435791015625
v 23.374462127685547 -248.20233154296875 -1763.585693359375
v 49.224544525146484 -245.6715545654297 -1767.962158203125
v -104.1907958984375 -231.039306640625 -1765.5379638671875
v -142.9587860107422 -214.29627990722656 -1765.755126953125
v -4.951825141906738 -336.4296875 -1764.090087890625
v 59.13856887817383 -313.42010498046875 -1768.2103271484375
v -96.07950592041016 -303.2641906738281 -1747.924560546875
v -83.4862289428711 -291.9762878417969 -1761.8037109375
v -92.70923614501953 -283.8024597167969 -1770.8531494140625
v -139.51722717285156 -209.18389892578125 -1765.8582763671875
v 44.43024444580078 -320.5250549316406 -1766.673583984375
v 66.33729553222656 -312.4908752441406 -1771.4727783203125
v 61.03325653076172 -304.0448303222656 -1763.471435546875
v 7.689162254333496 -247.6308135986328 -1761.1092529296875
v 43.98149108886719 -246.75558471679688 -1763.9482421875
v -111.3867416381836 -240.59764099121094 -1757.7462158203125
v -100.49574279785156 -234.1329345703125 -1763.20361328125
v -66.75157165527344 -231.80368041992188 -1764.050048828125
v -137.00926208496094 -206.3814239501953 -1763.357177734375
v -36.502960205078125 -335.1299133300781 -1763.42138671875
v -44.819217681884766 -334.5065002441406 -1759.6983642578125
v -26.89937973022461 -314.6760559082031 -1761.173828125
v -136.3865509033203 -263.8097839355469 -1760.4127197265625
v 72.8180923461914 -255.7431182861328 -1759.5679931640625
v -32.257511138916016 -250.36492919921875 -1760.8775634765625
v 11.570682525634766 -247.14297485351562 -1762.202880859375
v -108.71627807617188 -251.23721313476562 -1765.8958740234375
v -80.03295135498047 -235.76425170898438 -1762.3580322265625
v -80.8281021118164 -237.2301483154297 -1760.4617919921875
v -8.402039527893066 -344.0921936035156 -1762.81494140625
v -32.28203201293945 -341.0783386230469 -1760.4556884765625
v -58.22523498535156 -326.7164001464844 -1762.7091064453125
v -61.15357971191406 -323.2407531738281 -1765.31787109375
v -115.5747299194336 -276.3665466308594 -1751.5704345703125
v 95.4284896850586 -270.1974792480469 -1757.7911376953125
v -8.766674995422363 -250.57119750976562 -1763.797607421875
v 49.70376205444336 -246.72177124023438 -1762.882568359375
v -69.29859161376953 -245.1304931640625 -1756.33984375
v -92.33739471435547 -238.95875549316406 -1765.5262451171875
v -14.275447845458984 -341.0068359375 -1756.206787109375
v -13.352502822875977 -337.0483703613281 -1764.3389892578125
v 86.93467712402344 -311.3484802246094 -1760.6392822265625
v -98.84956359863281 -280.9134216308594 -1763.6590576171875
v -111.37657928466797 -255.67591857910156 -1759.4271240234375
v -50.900238037109375 -246.6998748779297 -1761.5499267578125
v 27.970746994018555 -244.7921600341797 -1762.400146484375
v -87.03718566894531 -238.27500915527344 -1760.5579833984375
v -71.03447723388672 -237.34718322753906 -1761.4300537109375
v -103.66864013671875 -225.32891845703125 -1761.071533203125
v 85.35260009765625 -320.744140625 -1768.0438232421875
v 88.20515441894531 -305.531982421875 -1755.64453125
v -138.37564086914062 -259.2602233886719 -1756.901611328125
v 35.49148941040039 -247.71829223632812 -1762.522216796875
v 60.516109466552734 -245.28652954101562 -1762.7950439453125
v -58.64165115356445 -242.26402282714844 -1762.1956787109375
v -23.7552490234375 -318.7284240722656 -1756.8209228515625
v -30.9777774810791 -315.1683654785156 -1764.7755126953125
v -55.00601577758789 -312.95745849609375 -1757.47265625
v 64.21548461914062 -300.75299072265625 -1762.710205078125
v 69.61481475830078 -280.0509033203125 -1765.72998046875
v -139.8321990966797 -254.93637084960938 -1762.3736572265625
v -10.809743881225586 -253.9095001220703 -1760.3499755859375
v 58.979286193847656 -244.50796508789062 -1757.4600830078125
v 64.78823852539062 -241.3123016357422 -1763.065185546875
v -135.09640502929688 -225.13719177246094 -1760.2362060546875
v -105.867919921875 -225.91102600097656 -1759.8505859375
v -133.93435668945312 -213.4898681640625 -1756.7093505859375
v 13.317770957946777 -334.81304931640625 -1755.86328125
v -17.1522274017334 -319.56781005859375 -1758.729248046875
v 61.19142532348633 -309.2478332519531 -1754.6690673828125
v -3.4079136848449707 -244.65721130371094 -1760.61767578125
v -139.76893615722656 -246.5557861328125 -1759.7769775390625
v 3.094270944595337 -244.11672973632812 -1760.34375
v 69.45450592041016 -235.23345947265625 -1757.6055908203125
v -138.4955291748047 -238.4089813232422 -1760.7020263671875
v 96.8623046875 -230.53292846679688 -1762.8719482421875
v 63.771114349365234 -315.4929504394531 -1763.76220703125
v 43.42743682861328 -318.2611389160156 -1760.951171875
v -72.28749084472656 -296.2253112792969 -1765.471923828125
v 71.33514404296875 -272.0719909667969 -1764.4947509765625
v -104.28611755371094 -225.15797424316406 -1758.0421142578125
v -145.53591918945312 -220.50563049316406 -1758.17822265625
v -142.29324340820312 -220.85118103027344 -1752.154541015625
v -139.6046142578125 -215.04531860351562 -1750.9327392578125
v -16.431922912597656 -340.4415588378906 -1756.63330078125
v -67.78557586669922 -304.783203125 -1756.6571044921875
v -75.75640106201172 -300.361083984375 -1753.717041015625
v -16.878034591674805 -253.6048583984375 -1752.427490234375
v -113.8375015258789 -246.21336364746094 -1752.5540771484375
v -96.77525329589844 -235.2211456298828 -1758.3790283203125
v -138.60726928710938 -203.45639038085938 -1758.5634765625
v -116.32193756103516 -272.4039306640625 -1758.9932861328125
v -139.60264587402344 -247.72784423828125 -1752.8450927734375
v -109.61630249023438 -227.30897521972656 -1753.8760986328125
v -137.23667907714844 -205.56478881835938 -1759.8763427734375
v 81.08576202392578 -325.0279541015625 -1758.2130126953125
v 51.23836898803711 -323.161865234375 -1744.4727783203125
v 21.630422592163086 -244.96153259277344 -1758.0267333984375
v -52.415771484375 -243.6069793701172 -1757.4661865234375
v 98.88508605957031 -229.1517333984375 -1757.1781005859375
v -131.88967895507812 -205.48065185546875 -1760.6982421875
v -34.70002746582031 -341.02020263671875 -1756.3533935546875
v -10.35599136352539 -315.7396545410156 -1765.91064453125
v -37.35500717163086 -318.8238525390625 -1754.3143310546875
v 55.2700309753418 -312.1402282714844 -1759.40185546875
v -45.787845611572266 -247.093017578125 -1757.0191650390625
v -43.48981475830078 -249.74453735351562 -1761.6444091796875
v 3.1017661094665527 -248.80137634277344 -1749.4190673828125
v 45.496070861816406 -245.30618286132812 -1756.7701416015625
v -73.39476013183594 -240.79489135742188 -1754.75244140625
v 95.68907165527344 -243.01904296875 -1767.0888671875
v 63.873992919921875 -236.4737548828125 -1757.9771728515625
v 66.17332458496094 -322.96112060546875 -1758.61328125
v -69.99874114990234 -319.5597229003906 -1760.0545654296875
v -31.151750564575195 -318.45416259765625 -1753.345458984375
v -49.58601379394531 -318.0243225097656 -1753.5194091796875
v 72.9546890258789 -289.91888427734375 -1750.422119140625
v 101.43743133544922 -256.7029113769531 -1742.529052734375
v -21.96510887145996 -252.54183959960938 -1751.1787109375
v 12.592052459716797 -246.39463806152344 -1752.933349609375
v -61.092472076416016 -244.29908752441406 -1756.4642333984375
v 26.950925827026367 -243.45790100097656 -1757.906005859375
v 71.49529266357422 -239.4897003173828 -1757.0382080078125
v -83.32353210449219 -235.85691833496094 -1757.67236328125
v -7.09840726852417 -339.5444030761719 -1756.7257080078125
v 71.130126953125 -325.90692138671875 -1759.482666015625
v 58.21441650390625 -320.9591979980469 -1756.81005859375
v 84.83821868896484 -320.6844482421875 -1758.5933837890625
v -140.87228393554688 -206.70428466796875 -1752.911865234375
v -12.133979797363281 -342.78302001953125 -1749.51025390625
v -87.92427062988281 -306.04937744140625 -1757.122802734375
v 90.52479553222656 -297.7985534667969 -1756.326904296875
v 107.62655639648438 -289.0543518066406 -1750.521240234375
v -102.94475555419922 -280.7488098144531 -1756.9097900390625
v 95.78094482421875 -257.3007507324219 -1762.9561767578125
v -37.12766647338867 -247.71377563476562 -1760.45849609375
v 74.72672271728516 -254.23731994628906 -1752.5096435546875
v 51.380821228027344 -242.0816192626953 -1753.2020263671875
v -100.39932250976562 -230.41722106933594 -1756.4998779296875
v -144.12245178222656 -223.70188903808594 -1758.2242431640625
v -133.70484924316406 -206.34060668945312 -1750.5699462890625
v 30.474416732788086 -330.36285400390625 -1756.8602294921875
v -9.281338691711426 -322.7896423339844 -1752.361572265625
v -100.16650390625 -290.7646484375 -1759.3961181640625
v -3.5732548236846924 -247.74945068359375 -1754.82275390625
v 34.86997985839844 -249.78480529785156 -1758.1678466796875
v -37.212982177734375 -245.57273864746094 -1751.82666015625
v 49.611209869384766 -237.10707092285156 -1751.7646484375
v -44.4359245300293 -338.2807312011719 -1751.9556884765625
v -51.233516693115234 -336.5122375488281 -1749.2733154296875
v -44.86288070678711 -318.1610412597656 -1755.7371826171875
v 94.25823211669922 -284.16253662109375 -1755.623291015625
v -136.43310546875 -260.9090881347656 -1748.7235107421875
v -55.21921920776367 -244.88717651367188 -1753.1759033203125
v 70.3696060180664 -238.50843811035156 -1755.09716796875
v -89.31456756591797 -232.63682556152344 -1752.52001953125
v -31.032772064208984 -342.4766540527344 -1754.6365966796875
v 8.146350860595703 -339.9257507324219 -1746.4398193359375
v -55.568355560302734 -329.2650451660156 -1759.158447265625
v 78.28105163574219 -327.2052307128906 -1754.1817626953125
v 72.5696029663086 -239.37782287597656 -1753.17333984375
v -105.3062744140625 -234.4853973388672 -1753.025390625
v -112.96287536621094 -231.18006896972656 -1749.007568359375
v -138.81039428710938 -213.29261779785156 -1749.137939453125
v -34.07263946533203 -344.8189392089844 -1748.4862060546875
v -26.309040069580078 -341.6767883300781 -1751.7451171875
v 63.650264739990234 -312.92242431640625 -1742.158935546875
v -93.33995056152344 -286.6689147949219 -1762.519775390625
v -125.76174926757812 -269.7091064453125 -1758.7265625
v -139.70579528808594 -256.2815246582031 -1746.3685302734375
v -45.903926849365234 -247.4069366455078 -1750.1044921875
v -140.78701782226562 -213.3863983154297 -1748.5926513671875
v 75.00098419189453 -327.547607421875 -1755.536376953125
v 108.30713653564453 -279.51287841796875 -1748.6820068359375
v -123.8919906616211 -272.8351135253906 -1750.9222412109375
v 76.4135971069336 -270.35552978515625 -1747.0125732421875
v 32.356964111328125 -244.66041564941406 -1750.89306640625
v -69.15274047851562 -244.79454040527344 -1749.9959716796875
v 40.53257369995117 -329.5597839355469 -1750.935791015625
v 85.61317443847656 -316.6968078613281 -1751.16943359375
v 16.7392578125 -245.09739685058594 -1757.054931640625
v 35.36288070678711 -243.94430541992188 -1751.445556640625
v 56.82988357543945 -236.20538330078125 -1751.5120849609375
v -29.750741958618164 -250.9720001220703 -1749.5833740234375
v -8.082803726196289 -247.90711975097656 -1744.0926513671875
v -33.08140563964844 -247.9386444091797 -1748.8331298828125
v -98.30555725097656 -236.323974609375 -1750.4476318359375
v -145.54452514648438 -224.7978515625 -1747.2403564453125
v -142.51295471191406 -215.82022094726562 -1753.732421875
v -138.1044464111328 -206.9071502685547 -1750.816650390625
v 52.546443939208984 -326.4792785644531 -1750.125
v 25.5153865814209 -322.2583312988281 -1759.6873779296875
v 107.05642700195312 -287.0082702636719 -1747.9356689453125
v 105.05730438232422 -278.1941223144531 -1752.1549072265625
v -41.13518142700195 -245.58840942382812 -1746.8687744140625
v 18.675443649291992 -244.4707489013672 -1745.869140625
v 59.368003845214844 -239.53704833984375 -1752.9954833984375
v 52.96937561035156 -234.7736053466797 -1749.5537109375
v -136.87808227539062 -219.20310974121094 -1747.703125
v -42.808406829833984 -323.496337890625 -1748.0303955078125
v -120.24608612060547 -278.6541748046875 -1741.6041259765625
v 22.40104866027832 -246.62020874023438 -1749.0230712890625
v 39.275184631347656 -245.29409790039062 -1747.8348388671875
v -59.545127868652344 -243.2195281982422 -1745.51708984375
v 67.120849609375 -240.3141632080078 -1755.055908203125
v 47.85372543334961 -244.0634765625 -1750.17236328125
v -143.25819396972656 -217.8041229248047 -1747.71728515625
v -139.8947296142578 -211.62078857421875 -1745.2138671875
v 62.76559829711914 -326.6773681640625 -1749.667236328125
v -110.92967224121094 -280.34552001953125 -1734.6761474609375
v 104.73490142822266 -274.55474853515625 -1747.6497802734375
v 110.57583618164062 -275.2337646484375 -1744.5899658203125
v -112.85140228271484 -263.47479248046875 -1750.7034912109375
v -77.96646881103516 -240.71923828125 -1752.90771484375
v -93.82127380371094 -241.4342041015625 -1745.9332275390625
v -138.76698303222656 -217.46334838867188 -1744.5927734375
v 99.45219421386719 -249.63414001464844 -1752.7303466796875
v -23.691232681274414 -251.12545776367188 -1743.94921875
v 23.02313995361328 -243.45162963867188 -1743.552734375
v -65.11385345458984 -242.65074157714844 -1741.590576171875
v 55.888816833496094 -238.7227783203125 -1743.6461181640625
v 34.06209182739258 -324.9123840332031 -1752.7923583984375
v -76.4118423461914 -315.0220031738281 -1756.8709716796875
v 98.76925659179688 -275.6670227050781 -1746.228515625
v 107.46368408203125 -280.0812072753906 -1744.5609130859375
v -28.849895477294922 -248.86398315429688 -1744.5355224609375
v -84.92457580566406 -240.7566375732422 -1751.6884765625
v -98.0616455078125 -240.2251739501953 -1743.322998046875
v 100.58304595947266 -230.4772491455078 -1751.5755615234375
v 57.022857666015625 -330.6763610839844 -1741.6029052734375
v 56.69479751586914 -318.9123229980469 -1744.79296875
v 88.78766632080078 -309.88427734375 -1742.9630126953125
v 95.36788177490234 -290.91412353515625 -1745.6436767578125
v 108.83190155029297 -285.22235107421875 -1746.2193603515625
v 107.31255340576172 -273.64923095703125 -1745.7974853515625
v -134.63067626953125 -267.1158752441406 -1745.5843505859375
v 68.58097839355469 -239.8235626220703 -1745.283447265625
v 63.87160110473633 -242.9157257080078 -1743.563232421875
v 71.45649719238281 -234.5675811767578 -1739.671875
v -138.38668823242188 -227.6494598388672 -1747.6802978515625
v -47.079715728759766 -340.28179931640625 -1742.4930419921875
v 25.406709671020508 -329.5068664550781 -1742.16552734375
v 45.762176513671875 -325.29498291015625 -1745.179443359375
v -76.13487243652344 -305.4703369140625 -1742.093505859375
v -129.6985626220703 -270.2545471191406 -1740.0743408203125
v 110.05628967285156 -269.9383850097656 -1742.7435302734375
v -117.24441528320312 -266.7692565917969 -1728.3333740234375
v -52.97666549682617 -246.053466796875 -1748.2669677734375
v 75.36309051513672 -237.5003662109375 -1744.764892578125
v -34.328372955322266 -349.17095947265625 -1738.6588134765625
v -63.45237731933594 -334.1056213378906 -1737.513916015625
v -65.47864532470703 -327.1138916015625 -1751.291748046875
v 31.77536964416504 -245.96875 -1746.1075439453125
v -101.8755874633789 -241.96127319335938 -1739.8607177734375
v -89.44273376464844 -237.5036163330078 -1745.75927734375
v 7.700380802154541 -341.97821044921875 -1741.31103515625
v -44.25635528564453 -325.91925048828125 -1740.3634033203125
v -75.66631317138672 -324.6686706542969 -1740.6572265625
v 68.6633071899414 -297.1335754394531 -1755.5736083984375
v 47.75056838989258 -242.94642639160156 -1741.2156982421875
v -73.18598937988281 -239.91751098632812 -1746.9591064453125
v 28.32344627380371 -333.8017578125 -1750.7159423828125
v 75.62145233154297 -330.4832458496094 -1743.68212890625
v 81.1587142944336 -326.151123046875 -1748.1923828125
v -109.08655548095703 -289.4440002441406 -1741.9638671875
v 107.5184555053711 -270.61566162109375 -1742.381103515625
v -35.2169303894043 -249.17457580566406 -1744.0023193359375
v -3.1365559101104736 -247.19692993164062 -1736.6318359375
v -43.24677276611328 -243.49696350097656 -1738.3731689453125
v -1.361340045928955 -345.5954895019531 -1735.1959228515625
v 110.41434478759766 -265.7585754394531 -1739.011962890625
v 102.45198822021484 -246.6208038330078 -1741.076416015625
v -19.053163528442383 -249.8965606689453 -1742.9210205078125
v 18.026979446411133 -242.1238250732422 -1738.989013671875
v -116.80609893798828 -247.05760192871094 -1741.1341552734375
v 50.88861846923828 -238.7033233642578 -1743.70361328125
v -140.8498992919922 -250.5868682861328 -1742.409912109375
v -139.9803466796875 -218.66966247558594 -1733.785400390625
v -20.934877395629883 -347.5489807128906 -1737.7060546875
v 69.139404296875 -330.3470458984375 -1745.488037109375
v -102.10040283203125 -288.66766357421875 -1741.7451171875
v -1.8475823402404785 -246.9766845703125 -1743.3211669921875
v 64.36109924316406 -240.09730529785156 -1737.0947265625
v -109.26883697509766 -239.14926147460938 -1741.24853515625
v -140.54129028320312 -226.4077911376953 -1736.157470703125
v -135.6705322265625 -202.14959716796875 -1741.7313232421875
v -21.0364933013916 -324.34649658203125 -1748.344970703125
v -29.820966720581055 -325.64959716796875 -1737.761962890625
v -37.18027877807617 -324.7488098144531 -1739.2908935546875
v 67.06908416748047 -306.6626281738281 -1744.71875
v 75.45183563232422 -291.89764404296875 -1736.9117431640625
v 112.50813293457031 -263.91436767578125 -1737.2574462890625
v -137.11648559570312 -261.65740966796875 -1741.0794677734375
v -51.89033889770508 -244.25599670410156 -1739.1114501953125
v -116.21021270751953 -231.59640502929688 -1739.082763671875
v 60.22842025756836 -335.1313171386719 -1733.548828125
v -51.851348876953125 -321.7978515625 -1744.0760498046875
v 74.21598815917969 -296.77740478515625 -1735.857177734375
v -32.195526123046875 -247.93844604492188 -1739.04345703125
v 14.204118728637695 -247.24195861816406 -1742.2318115234375
v 102.27201843261719 -228.47897338867188 -1742.8671875
v -136.94070434570312 -213.13778686523438 -1744.216796875
v -139.71424865722656 -207.15164184570312 -1733.0513916015625
v -92.00505065917969 -313.3350830078125 -1737.4327392578125
v -111.44230651855469 -271.38970947265625 -1746.5755615234375
v -116.72350311279297 -255.79681396484375 -1739.9010009765625
v -19.04842758178711 -247.2324981689453 -1739.129638671875
v 38.0668830871582 -245.55162048339844 -1740.441650390625
v -86.89334869384766 -241.24668884277344 -1739.8995361328125
v -73.35440826416016 -241.49131774902344 -1739.0450439453125
v 71.29683685302734 -237.58059692382812 -1749.480712890625
v -88.54839324951172 -296.2920837402344 -1746.608154296875
v -100.79524230957031 -300.78936767578125 -1742.58544921875
v 24.61100959777832 -245.21702575683594 -1740.001953125
v 32.83561706542969 -246.45509338378906 -1736.7403564453125
v -79.62236785888672 -245.24412536621094 -1738.8951416015625
v 72.16864013671875 -235.65106201171875 -1730.9217529296875
v -28.713397979736328 -346.3394775390625 -1740.3023681640625
v 7.365266799926758 -327.2335510253906 -1744.8189697265625
v -73.54059600830078 -319.30023193359375 -1739.6553955078125
v 84.81287384033203 -319.1161804199219 -1741.436767578125
v -135.24392700195312 -266.17498779296875 -1735.7772216796875
v 108.50369262695312 -262.78497314453125 -1736.943603515625
v 36.041664123535156 -246.88914489746094 -1731.4090576171875
v 5.685179710388184 -247.2279510498047 -1736.86572265625
v -52.173946380615234 -241.20101928710938 -1732.663818359375
v 48.56203842163086 -239.40293884277344 -1738.105712890625
v -24.57316780090332 -330.7579345703125 -1732.6358642578125
v -35.9805908203125 -328.8548278808594 -1735.6981201171875
v -84.15663146972656 -322.8251953125 -1732.21142578125
v -80.77542114257812 -318.3354797363281 -1734.0235595703125
v -105.14965057373047 -299.584228515625 -1734.9859619140625
v -72.3650131225586 -240.062255859375 -1732.0587158203125
v -75.31078338623047 -327.95733642578125 -1732.412353515625
v -98.61177062988281 -312.13848876953125 -1728.5819091796875
v 77.30699920654297 -279.4804382324219 -1738.936279296875
v 103.53067779541016 -264.1372985839844 -1732.58544921875
v -25.82668113708496 -250.52386474609375 -1733.9462890625
v -3.9181294441223145 -245.7148895263672 -1733.0003662109375
v -67.93795013427734 -244.6367950439453 -1734.876708984375
v 14.862712860107422 -343.5444030761719 -1735.2308349609375
v -53.066749572753906 -340.5108642578125 -1731.7413330078125
v -73.9263916015625 -321.21807861328125 -1735.6143798828125
v 102.82904815673828 -266.6081237792969 -1736.6939697265625
v 108.2864990234375 -259.14111328125 -1736.6978759765625
v 105.62806701660156 -251.44046020507812 -1731.4171142578125
v -44.9976692199707 -244.56112670898438 -1732.8538818359375
v 42.37520217895508 -335.81622314453125 -1736.1492919921875
v -72.90143585205078 -311.53472900390625 -1730.1845703125
v -113.79914855957031 -284.61724853515625 -1740.067138671875
v 103.94966888427734 -259.55413818359375 -1734.16650390625
v -78.14146423339844 -244.39109802246094 -1735.2298583984375
v -95.75789642333984 -242.1103973388672 -1733.0380859375
v 37.50379943847656 -332.2370910644531 -1734.0533447265625
v 78.44182586669922 -252.73992919921875 -1741.064697265625
v 107.6739730834961 -256.2430114746094 -1732.167724609375
v -93.4026870727539 -243.3912811279297 -1735.70361328125
v 76.67688751220703 -231.19992065429688 -1734.3922119140625
v 102.13900756835938 -230.20556640625 -1735.0013427734375
v -10.258171081542969 -346.32366943359375 -1737.838623046875
v -30.49374008178711 -329.9057922363281 -1732.225341796875
v -64.1817398071289 -317.02874755859375 -1739.7882080078125
v -69.60098266601562 -313.8369140625 -1737.114013671875
v 99.6942367553711 -282.8310852050781 -1736.86572265625
v -126.60877227783203 -276.5703125 -1736.4432373046875
v -39.57833480834961 -245.62501525878906 -1735.60205078125
v -12.620353698730469 -248.1259002685547 -1732.6121826171875
v -27.436141967773438 -248.96653747558594 -1727.2398681640625
v 10.736860275268555 -245.86590576171875 -1733.974609375
v 44.656558990478516 -241.74105834960938 -1732.6016845703125
v 22.603233337402344 -334.8220520019531 -1729.91015625
v -115.51080322265625 -272.86248779296875 -1728.316650390625
v -121.94181823730469 -244.6419677734375 -1719.1671142578125
v 19.7142391204834 -242.66903686523438 -1734.47509765625
v -82.26700592041016 -242.32034301757812 -1733.43017578125
v -47.18368148803711 -238.54640197753906 -1731.993896484375
v 56.30771255493164 -237.40399169921875 -1733.3128662109375
v 70.0151596069336 -238.67739868164062 -1737.13427734375
v 49.4802131652832 -336.0506896972656 -1732.7701416015625
v 71.25101470947266 -336.0982360839844 -1727.1175537109375
v -82.18144226074219 -325.7817687988281 -1730.822998046875
v 73.8791732788086 -307.0849304199219 -1722.5919189453125
v 4.121034622192383 -243.1831817626953 -1730.9014892578125
v -115.53804016113281 -235.10362243652344 -1735.144775390625
v 79.50291442871094 -231.1210174560547 -1730.8927001953125
v -55.703495025634766 -325.4303283691406 -1728.551025390625
v 88.27464294433594 -314.5106506347656 -1733.71337890625
v -70.68684387207031 -313.5043029785156 -1729.6103515625
v -100.16758728027344 -293.4289855957031 -1733.951904296875
v -20.637636184692383 -248.8877716064453 -1727.4261474609375
v 11.537866592407227 -246.79559326171875 -1728.964599609375
v 28.803306579589844 -247.21958923339844 -1729.493896484375
v -61.784969329833984 -246.6700897216797 -1727.17529296875
v -79.48925018310547 -240.95806884765625 -1729.663330078125
v 60.63039016723633 -236.1109619140625 -1729.9683837890625
v -35.104679107666016 -351.1562194824219 -1732.219482421875
v -10.724843978881836 -332.183837890625 -1732.2099609375
v 81.80738830566406 -325.7808837890625 -1732.2093505859375
v -77.08402252197266 -319.5888366699219 -1728.55517578125
v 62.35905456542969 -320.7305603027344 -1727.67578125
v 20.658674240112305 -242.06976318359375 -1729.9580078125
v 59.02313995361328 -240.84715270996094 -1726.93994140625
v -117.8270034790039 -229.58705139160156 -1729.0662841796875
v -140.8178253173828 -227.4990692138672 -1730.340087890625
v 43.06863021850586 -333.9107360839844 -1726.5755615234375
v -34.12169647216797 -330.23687744140625 -1728.5555419921875
v 109.08985137939453 -256.10833740234375 -1728.2015380859375
v -13.111424446105957 -244.78074645996094 -1728.736572265625
v 34.855770111083984 -245.66624450683594 -1727.173583984375
v 25.57465362548828 -244.5520477294922 -1731.7955322265625
v 51.74525833129883 -246.1669921875 -1726.7581787109375
v -103.2413330078125 -244.1795654296875 -1732.5926513671875
v -109.99874114990234 -240.81060791015625 -1734.0234375
v 63.723487854003906 -238.08245849609375 -1733.630859375
v -141.9208221435547 -203.10523986816406 -1726.4456787109375
v 53.85938262939453 -328.4967041015625 -1726.2923583984375
v -74.94593048095703 -315.0062255859375 -1726.0855712890625
v 68.66922760009766 -312.6035461425781 -1728.2054443359375
v 80.43108367919922 -285.2579650878906 -1725.9075927734375
v 102.66448211669922 -237.73902893066406 -1736.3702392578125
v -37.53489685058594 -351.559326171875 -1727.128173828125
v -79.03845977783203 -310.0676574707031 -1726.14208984375
v -61.6429328918457 -283.0420227050781 -1727.2333984375
v -65.18740844726562 -295.1944274902344 -1726.5352783203125
v -56.721153259277344 -268.7570495605469 -1727.6160888671875
v -52.551570892333984 -270.3727111816406 -1726.7030029296875
v -101.89415740966797 -240.956298828125 -1720.2823486328125
v -93.3157958984375 -241.27687072753906 -1729.82275390625
v 67.91925048828125 -237.46681213378906 -1726.242431640625
v -117.9686508178711 -234.6731719970703 -1734.4266357421875
v 42.877254486083984 -340.9771728515625 -1724.5433349609375
v -38.77981185913086 -332.7060852050781 -1720.100341796875
v -76.7748031616211 -322.22723388671875 -1726.013671875
v -118.20512390136719 -286.1606140136719 -1730.6522216796875
v -60.675682067871094 -282.1429138183594 -1726.261474609375
v 86.51644134521484 -254.67994689941406 -1714.7470703125
v 42.80827331542969 -249.13980102539062 -1726.116943359375
v -83.51023864746094 -245.62464904785156 -1727.648681640625
v -140.7910919189453 -244.84547424316406 -1727.897216796875
v 105.31503295898438 -227.02996826171875 -1729.7525634765625
v -30.565380096435547 -333.43408203125 -1722.551025390625
v -77.0864028930664 -312.3896484375 -1725.924072265625
v 103.93350219726562 -272.66790771484375 -1728.1546630859375
v -55.88302230834961 -268.375 -1726.663818359375
v 106.85616302490234 -260.9542236328125 -1722.99951171875
v -0.3561636805534363 -245.99346923828125 -1728.3900146484375
v -115.09908294677734 -235.4119873046875 -1725.4912109375
v 75.603515625 -230.69906616210938 -1728.9246826171875
v -30.87253189086914 -351.4263916015625 -1725.1300048828125
v -82.8931884765625 -320.4410095214844 -1727.0640869140625
v -66.56446075439453 -283.5910339355469 -1726.2066650390625
v -66.14982604980469 -287.22552490234375 -1725.2801513671875
v -113.556884765625 -281.19158935546875 -1724.275634765625
v -17.003402709960938 -246.1405487060547 -1726.4105224609375
v 3.9311623573303223 -246.85499572753906 -1725.512451171875
v 62.069854736328125 -237.7135467529297 -1726.630126953125
v -140.756591796875 -232.6709442138672 -1723.7158203125
v 103.93755340576172 -235.03622436523438 -1728.0743408203125
v -91.69889831542969 -347.53619384765625 -1724.5018310546875
v 28.703336715698242 -338.41259765625 -1719.92578125
v -29.141223907470703 -335.8666076660156 -1720.1837158203125
v -84.28601837158203 -327.6560974121094 -1724.8470458984375
v -74.06200408935547 -311.70098876953125 -1724.778076171875
v -83.77191162109375 -330.8948669433594 -1723.9620361328125
v -81.44483184814453 -318.8135681152344 -1723.1336669921875
v -58.328033447265625 -285.6741943359375 -1725.4798583984375
v -4.342284679412842 -244.28538513183594 -1724.8365478515625
v -71.56118774414062 -242.151123046875 -1721.0015869140625
v -18.522865295410156 -241.62216186523438 -1724.275390625
v -110.16053771972656 -238.69252014160156 -1722.755126953125
v -143.60159301757812 -216.70114135742188 -1722.1632080078125
v -87.4421157836914 -351.1949768066406 -1723.9808349609375
v -56.61435317993164 -344.06695556640625 -1719.6329345703125
v -79.28121948242188 -328.5149841308594 -1725.529052734375
v -89.5842056274414 -323.3706359863281 -1722.700927734375
v -70.7199935913086 -313.9399108886719 -1724.8277587890625
v -69.3600082397461 -306.02667236328125 -1724.6859130859375
v -61.40110778808594 -295.4747314453125 -1722.67578125
v -92.24284362792969 -299.8373718261719 -1730.3414306640625
v -52.6130256652832 -272.03814697265625 -1724.6300048828125
v -60.45608139038086 -269.040283203125 -1725.085693359375
v -61.260986328125 -266.91754150390625 -1725.483642578125
v 84.2696304321289 -262.89178466796875 -1719.5970458984375
v 43.582763671875 -250.51400756835938 -1722.499755859375
v -140.63063049316406 -253.4386749267578 -1726.0191650390625
v 29.181703567504883 -246.32058715820312 -1723.1468505859375
v 6.814741134643555 -245.46458435058594 -1726.6632080078125
v -12.184830665588379 -244.6112060546875 -1723.7598876953125
v -140.2420196533203 -238.45172119140625 -1720.6566162109375
v 80.51506042480469 -229.6420440673828 -1725.2249755859375
v -91.78353881835938 -346.1091613769531 -1722.873291015625
v -88.08817291259766 -347.57867431640625 -1723.4273681640625
v -70.71443176269531 -334.9809265136719 -1725.860595703125
v -95.69442749023438 -317.7007141113281 -1723.711669921875
v -77.12834167480469 -325.1175231933594 -1723.8018798828125
v -64.74014282226562 -302.7763671875 -1724.361083984375
v 99.19568634033203 -300.4822692871094 -1712.8739013671875
v 98.55043029785156 -296.0772399902344 -1724.9525146484375
v -68.91638946533203 -285.86761474609375 -1723.1182861328125
v -64.07139587402344 -271.47705078125 -1724.3460693359375
v 80.35462188720703 -262.183349609375 -1734.3909912109375
v -137.83750915527344 -262.00030517578125 -1722.785888671875
v -40.22616195678711 -246.7708282470703 -1723.614990234375
v -21.878673553466797 -244.92941284179688 -1723.4864501953125
v -142.35418701171875 -222.26283264160156 -1726.1944580078125
v -140.31602478027344 -212.52491760253906 -1728.3043212890625
v -35.551185607910156 -355.218505859375 -1723.4932861328125
v -17.33429527282715 -351.35498046875 -1721.9549560546875
v -87.38277435302734 -328.9975891113281 -1723.2691650390625
v 53.58707809448242 -245.85594177246094 -1722.859619140625
v -66.75608825683594 -245.0689239501953 -1719.486328125
v -29.866647720336914 -245.25177001953125 -1724.2862548828125
v -16.141557693481445 -241.16287231445312 -1722.6412353515625
v -95.61579132080078 -347.4022521972656 -1722.3548583984375
v -83.7753677368164 -353.25714111328125 -1720.047607421875
v -76.42094421386719 -334.5525817871094 -1719.7401123046875
v -79.50894927978516 -306.9165954589844 -1722.639404296875
v 78.95171356201172 -300.33404541015625 -1715.4677734375
v -121.25630950927734 -290.8887939453125 -1715.0517578125
v -53.46406936645508 -280.91729736328125 -1719.00732421875
v 59.093441009521484 -242.6246795654297 -1721.7177734375
v 65.58180236816406 -237.36688232421875 -1720.737060546875
v 83.80746459960938 -233.39610290527344 -1718.9254150390625
v -86.72435760498047 -352.16375732421875 -1721.6292724609375
v -94.53233337402344 -346.2511291503906 -1720.731689453125
v -75.90229797363281 -332.9604797363281 -1721.880859375
v -81.16168975830078 -307.54534912109375 -1719.294921875
v -85.66294860839844 -306.0447998046875 -1721.3956298828125
v -65.1062240600586 -308.6036376953125 -1720.5333251953125
v -111.81627655029297 -297.9013366699219 -1721.34423828125
v -76.90223693847656 -304.673828125 -1722.16455078125
v -56.970672607421875 -289.29962158203125 -1719.5267333984375
v -71.56381225585938 -285.46575927734375 -1721.1951904296875
v -113.15983581542969 -287.6800537109375 -1713.7421875
v 107.0114517211914 -245.74879455566406 -1723.6875
v -57.50327682495117 -245.0864715576172 -1722.9517822265625
v -14.137079238891602 -248.58169555664062 -1718.7406005859375
v 19.201618194580078 -246.16845703125 -1721.4266357421875
v 60.84516906738281 -240.97702026367188 -1719.596923828125
v 77.76407623291016 -236.99679565429688 -1719.545654296875
v -119.31510925292969 -225.55160522460938 -1723.979248046875
v -143.24656677246094 -204.42601013183594 -1718.5589599609375
v 12.223654747009277 -334.59521484375 -1729.6951904296875
v 12.4127779006958 -341.320068359375 -1714.1220703125
v -89.67462921142578 -327.4994812011719 -1719.908447265625
v -68.8126220703125 -314.5784606933594 -1721.8084716796875
v -56.987037658691406 -287.55560302734375 -1723.440185546875
v -63.307090759277344 -269.8021545410156 -1721.6995849609375
v -123.01856994628906 -251.15557861328125 -1711.66259765625
v -78.3160171508789 -244.02896118164062 -1724.041259765625
v -75.53680419921875 -332.8531494140625 -1718.4703369140625
v -64.31156158447266 -320.1976013183594 -1725.296630859375
v -60.654205322265625 -298.9903869628906 -1718.8436279296875
v -73.3453140258789 -293.72772216796875 -1720.281982421875
v -58.751808166503906 -293.97149658203125 -1721.97412109375
v -51.85621643066406 -242.92884826660156 -1722.3101806640625
v 74.08987426757812 -231.99072265625 -1722.8685302734375
v -30.108097076416016 -353.1593933105469 -1719.00439453125
v -79.64225006103516 -342.36737060546875 -1720.8955078125
v -79.03765106201172 -342.3366394042969 -1718.276611328125
v -86.72941589355469 -324.6432800292969 -1719.104736328125
v -135.2342071533203 -268.88739013671875 -1724.60205078125
v -119.78675842285156 -270.4958801269531 -1710.3245849609375
v 57.724769592285156 -259.5834655761719 -1716.283935546875
v 61.14060592651367 -248.15463256835938 -1720.4344482421875
v -141.97068786621094 -246.3515625 -1717.1070556640625
v -30.53692626953125 -248.7310333251953 -1717.8197021484375
v 2.663681983947754 -244.54530334472656 -1720.93408203125
v 10.434257507324219 -244.6023406982422 -1721.5859375
v -121.09709167480469 -228.09103393554688 -1721.751708984375
v -37.46369934082031 -354.6462707519531 -1718.1151123046875
v -65.38292694091797 -309.125244140625 -1715.927001953125
v -128.68099975585938 -278.4176330566406 -1725.199462890625
v -71.8399658203125 -290.0803527832031 -1717.23876953125
v -49.70622253417969 -271.00006103515625 -1723.153076171875
v 52.03527069091797 -254.08050537109375 -1721.72119140625
v -6.1427154541015625 -247.36837768554688 -1715.585693359375
v -8.426541328430176 -245.1136474609375 -1722.1424560546875
v 64.83253479003906 -244.9459686279297 -1717.3408203125
v -89.49380493164062 -243.29940795898438 -1724.1417236328125
v -93.85919189453125 -241.62794494628906 -1717.62841796875
v -140.8448486328125 -225.1488494873047 -1719.6337890625
v -141.82144165039062 -220.737548828125 -1714.8450927734375
v -10.613456726074219 -350.08087158203125 -1723.6602783203125
v -46.882110595703125 -346.75238037109375 -1724.263916015625
v 58.158695220947266 -338.4277648925781 -1726.208740234375
v -95.04706573486328 -344.87158203125 -1719.11279296875
v -94.3586196899414 -321.41961669921875 -1716.9686279296875
v -94.91849517822266 -304.1349792480469 -1715.5479736328125
v -51.42094039916992 -278.6110534667969 -1719.4610595703125
v 108.60944366455078 -267.4784240722656 -1716.394287109375
v 69.18509674072266 -253.177490234375 -1713.05224609375
v -78.22288513183594 -243.911865234375 -1717.4161376953125
v 108.08114624023438 -246.4825439453125 -1717.9034423828125
v 5.7847580909729 -347.85223388671875 -1726.867919921875
v 30.60867691040039 -343.753173828125 -1727.41015625
v -68.1145248413086 -340.0403747558594 -1717.1741943359375
v -75.36959838867188 -336.2001037597656 -1715.9892578125
v 77.71197509765625 -331.2467956542969 -1732.2210693359375
v -58.12446975708008 -328.2320251464844 -1715.3663330078125
v -68.05451965332031 -315.4484558105469 -1717.035400390625
v -56.47855758666992 -288.7763671875 -1717.6097412109375
v -101.62654113769531 -297.9540100097656 -1721.17578125
v -63.8720703125 -267.2945251464844 -1718.391357421875
v 106.6529312133789 -270.2950744628906 -1717.623046875
v 107.75118255615234 -257.96575927734375 -1720.6807861328125
v -140.2760772705078 -253.7493438720703 -1712.326416015625
v 111.2937240600586 -243.51231384277344 -1716.718017578125
v -87.96693420410156 -239.59127807617188 -1713.4986572265625
v 62.70711135864258 -236.21929931640625 -1716.522705078125
v 109.85858917236328 -239.80857849121094 -1712.74560546875
v -110.41719055175781 -235.00193786621094 -1716.6724853515625
v -115.564697265625 -230.32208251953125 -1718.4281005859375
v -52.016849517822266 -329.4336242675781 -1724.10498046875
v -90.59881591796875 -324.431396484375 -1718.269287109375
v -66.67884063720703 -303.23468017578125 -1712.2894287109375
v -71.94795227050781 -286.7437438964844 -1716.6458740234375
v -55.93769073486328 -276.2997741699219 -1713.677001953125
v -51.69000244140625 -274.0249328613281 -1715.621337890625
v -62.79810333251953 -268.880859375 -1717.8223876953125
v -138.07371520996094 -264.5400085449219 -1715.9068603515625
v 45.808921813964844 -263.10089111328125 -1715.5343017578125
v -120.44139862060547 -257.5686340332031 -1720.5999755859375
v 63.44550704956055 -256.63787841796875 -1715.23046875
v 84.14463806152344 -240.92056274414062 -1721.1865234375
v -38.9083137512207 -245.5831756591797 -1718.8583984375
v -73.94440460205078 -241.0572509765625 -1717.9327392578125
v 67.88282775878906 -239.3935546875 -1715.4957275390625
v -121.20851135253906 -230.82228088378906 -1716.00390625
v 1.207263469696045 -353.7588195800781 -1713.9293212890625
v -97.26300048828125 -345.1226806640625 -1718.329345703125
v -95.79481506347656 -345.7237548828125 -1715.675537109375
v -84.80282592773438 -321.6208801269531 -1714.68359375
v -102.66344451904297 -313.61553955078125 -1715.333251953125
v -79.38312530517578 -307.7416076660156 -1716.6439208984375
v -63.25381088256836 -304.6258239746094 -1714.93603515625
v -61.820518493652344 -293.11456298828125 -1713.559814453125
v -61.90922546386719 -271.7989501953125 -1713.044189453125
v 31.816740036010742 -250.10940551757812 -1717.394287109375
v -37.279632568359375 -243.38758850097656 -1715.7567138671875
v -95.74333953857422 -239.99754333496094 -1707.7899169921875
v -68.07379150390625 -238.12393188476562 -1714.7974853515625
v -82.46299743652344 -351.7568664550781 -1716.82470703125
v -89.75668334960938 -328.5830078125 -1715.25390625
v -108.43846130371094 -290.2611083984375 -1724.4635009765625
v -67.1214370727539 -282.20526123046875 -1715.0377197265625
v 38.12530517578125 -260.17218017578125 -1717.2117919921875
v 109.60655975341797 -252.84898376464844 -1715.77734375
v -63.81703186035156 -245.60415649414062 -1715.106689453125
v -44.29208755493164 -246.9581298828125 -1717.765380859375
v -102.86654663085938 -235.31271362304688 -1713.4735107421875
v -16.888349533081055 -354.032470703125 -1714.485107421875
v -83.1198959350586 -308.22747802734375 -1716.149169921875
v -75.27025604248047 -304.3965759277344 -1713.11181640625
v -71.54673767089844 -290.00146484375 -1713.7291259765625
v -65.83712005615234 -283.25396728515625 -1713.5972900390625
v -59.48002243041992 -270.1271057128906 -1713.5841064453125
v -57.109432220458984 -247.04356384277344 -1714.7216796875
v -124.16785430908203 -237.62937927246094 -1709.7301025390625
v 105.49005889892578 -228.6621551513672 -1724.2391357421875
v -141.7699432373047 -234.43142700195312 -1715.4180908203125
v 54.26032638549805 -342.68304443359375 -1717.183837890625
v -95.63005828857422 -342.81048583984375 -1713.8994140625
v -47.9249267578125 -333.6957702636719 -1714.98388671875
v -88.66327667236328 -328.9967956542969 -1713.0181884765625
v -66.79768371582031 -320.372314453125 -1714.09619140625
v 91.79325866699219 -314.40924072265625 -1716.0206298828125
v -62.78794860839844 -286.9668273925781 -1712.6417236328125
v -56.03242492675781 -284.57550048828125 -1714.7569580078125
v -123.10282135009766 -232.94219970703125 -1714.042724609375
v 36.225399017333984 -349.31787109375 -1710.4892578125
v 51.41558074951172 -337.6009521484375 -1705.6263427734375
v -71.58820343017578 -314.7384338378906 -1711.9931640625
v -68.27812957763672 -313.12274169921875 -1714.1112060546875
v -79.63363647460938 -311.00775146484375 -1710.75732421875
v -80.25674438476562 -307.8984680175781 -1714.115966796875
v -62.95180892944336 -298.1579895019531 -1712.6485595703125
v -54.938316345214844 -276.3179626464844 -1712.951904296875
v -58.29328918457031 -272.64532470703125 -1712.0487060546875
v -54.93174362182617 -270.0828857421875 -1713.02294921875
v -19.906639099121094 -250.76922607421875 -1710.3780517578125
v -95.26700592041016 -347.11669921875 -1712.75830078125
v -85.540771484375 -351.9844055175781 -1711.9700927734375
v -79.82674407958984 -342.7966003417969 -1713.015869140625
v -96.13890075683594 -346.6099853515625 -1711.98486328125
v 74.28499603271484 -336.2791442871094 -1720.8900146484375
v -77.03437042236328 -333.3285217285156 -1713.5909423828125
v -88.86823272705078 -325.81787109375 -1712.6947021484375
v -93.5690689086914 -346.7244873046875 -1711.281005859375
v -67.5653305053711 -293.4103698730469 -1712.336181640625
v -109.57218170166016 -293.2503662109375 -1713.813720703125
v -63.277565002441406 -294.7923889160156 -1711.722900390625
v -131.2891082763672 -276.5255432128906 -1716.826416015625
v 110.34676361083984 -258.613525390625 -1714.091796875
v 2.346970796585083 -247.3486785888672 -1712.567626953125
v 6.602004528045654 -247.43798828125 -1713.884033203125
v -46.442344665527344 -244.53317260742188 -1711.3221435546875
v 76.92581176757812 -241.92111206054688 -1712.542724609375
v -114.8754653930664 -238.2493133544922 -1712.900634765625
v -42.404109954833984 -352.84088134765625 -1717.312255859375
v -85.99396514892578 -353.6271057128906 -1710.241455078125
v -80.64032745361328 -332.2430419921875 -1710.81298828125
v -76.86763763427734 -314.7130126953125 -1711.3865966796875
v -66.46394348144531 -290.5794982910156 -1711.253173828125
v -73.80714416503906 -300.8641052246094 -1711.4154052734375
v -109.93518829345703 -304.988525390625 -1712.5247802734375
v -124.80179595947266 -289.0295715332031 -1707.3460693359375
v 110.26509857177734 -252.12416076660156 -1710.536865234375
v 72.24456787109375 -245.23715209960938 -1712.4012451171875
v -35.73149108886719 -357.1380310058594 -1713.0284423828125
v -92.50496673583984 -349.6189880371094 -1710.1087646484375
v -85.57537078857422 -335.6484375 -1710.294677734375
v -36.39751052856445 -335.3341064453125 -1711.59375
v -74.50789642333984 -309.4661560058594 -1710.283935546875
v -67.79925537109375 -304.13836669921875 -1711.2191162109375
v -95.82451629638672 -306.3943176269531 -1708.025390625
v 82.8128662109375 -289.64483642578125 -1714.758544921875
v 28.721540451049805 -256.0556640625 -1712.9735107421875
v 9.957521438598633 -243.27598571777344 -1710.577392578125
v -103.00985717773438 -238.21762084960938 -1707.639892578125
v -88.41999816894531 -352.11419677734375 -1710.138671875
v -89.36822509765625 -347.9984436035156 -1709.5692138671875
v -93.84056854248047 -345.39501953125 -1710.3048095703125
v -83.30549621582031 -344.16436767578125 -1709.9061279296875
v -78.1628646850586 -336.13336181640625 -1711.921142578125
v -82.09759521484375 -329.93634033203125 -1709.301025390625
v -86.10383605957031 -329.07928466796875 -1710.5111083984375
v -122.2178955078125 -262.5219421386719 -1705.9769287109375
v 11.159479141235352 -245.16175842285156 -1713.4649658203125
v -144.9646453857422 -205.67892456054688 -1709.2447509765625
v -91.68696594238281 -350.355224609375 -1708.510009765625
v -32.76926803588867 -337.6417236328125 -1713.505859375
v -23.504240036010742 -339.75054931640625 -1711.31689453125
v -86.97808074951172 -339.1891784667969 -1708.83935546875
v -74.97563934326172 -314.65545654296875 -1709.5762939453125
v -74.78864288330078 -245.0641632080078 -1710.7056884765625
v 83.74101257324219 -240.38775634765625 -1710.0123291015625
v -144.31240844726562 -213.09352111816406 -1713.459716796875
v -37.53349304199219 -336.99725341796875 -1707.494873046875
v -96.76313018798828 -320.9082946777344 -1711.23876953125
v 54.78287887573242 -265.0558776855469 -1710.34228515625
v -39.05924987792969 -245.8394012451172 -1709.4556884765625
v 89.94781494140625 -251.44532775878906 -1706.44775390625
v -63.14154815673828 -241.05104064941406 -1709.238525390625
v -109.3788070678711 -241.1293182373047 -1709.3251953125
v 17.868745803833008 -241.03321838378906 -1705.913330078125
v 89.24116516113281 -235.95077514648438 -1707.830078125
v -142.2837677001953 -223.5429229736328 -1707.8453369140625
v -40.136837005615234 -355.25494384765625 -1709.43603515625
v -54.192726135253906 -349.8277893066406 -1706.74658203125
v 107.01741027832031 -272.8973388671875 -1706.6180419921875
v -135.6079559326172 -269.0404052734375 -1710.0137939453125
v 26.17792320251465 -259.2359313964844 -1707.5025634765625
v -1.763960838317871 -249.27976989746094 -1708.8743896484375
v -16.861799240112305 -247.2729949951172 -1705.3609619140625
v 77.89942169189453 -245.6511993408203 -1708.802490234375
v 110.6709976196289 -241.28515625 -1708.4334716796875
v -13.539583206176758 -338.7330322265625 -1715.8089599609375
v 86.69647216796875 -322.1564025878906 -1715.411376953125
v -87.59375762939453 -312.4525146484375 -1703.8245849609375
v -89.41776275634766 -308.94866943359375 -1709.2816162109375
v -116.4178466796875 -281.00286865234375 -1711.63330078125
v -11.718088150024414 -249.67437744140625 -1707.736083984375
v -106.85240936279297 -239.3781280517578 -1696.927734375
v -145.75112915039062 -202.84056091308594 -1698.593017578125
v -34.87656021118164 -341.077392578125 -1708.3790283203125
v -87.98873901367188 -326.7994689941406 -1705.531494140625
v -67.33136749267578 -325.5875549316406 -1701.3062744140625
v 108.75460052490234 -268.6617126464844 -1708.13720703125
v 39.96689987182617 -266.2325134277344 -1708.825927734375
v 4.314183712005615 -246.4384002685547 -1706.87841796875
v -30.393835067749023 -356.5335693359375 -1707.115234375
v -63.677467346191406 -346.3816223144531 -1704.6995849609375
v -46.18315887451172 -337.04656982421875 -1706.0462646484375
v 80.67333221435547 -331.5744323730469 -1713.3988037109375
v 102.92235565185547 -286.30181884765625 -1711.7816162109375
v 33.857540130615234 -264.7943420410156 -1707.9036865234375
v 19.398019790649414 -246.1238555908203 -1707.964111328125
v 16.656476974487305 -344.0650634765625 -1706.0888671875
v 71.24312591552734 -319.2442626953125 -1708.7030029296875
v -103.37992095947266 -298.9311218261719 -1714.1953125
v 63.57468795776367 -263.0375671386719 -1708.785888671875
v -141.73704528808594 -243.66665649414062 -1707.2412109375
v -87.29899597167969 -241.07342529296875 -1707.21875
v -125.23921203613281 -235.63131713867188 -1702.54638671875
v 113.4015121459961 -247.5719757080078 -1700.0120849609375
v 66.36285400390625 -326.9384765625 -1704.496337890625
v -6.736377239227295 -246.55369567871094 -1704.0328369140625
v -56.05317687988281 -243.34500122070312 -1705.206787109375
v -141.69810485839844 -233.344482421875 -1705.94482421875
v -123.21995544433594 -235.86558532714844 -1704.8834228515625
v -37.95286178588867 -357.94244384765625 -1707.144775390625
v -68.9244384765625 -342.1677551269531 -1705.493408203125
v -37.66560363769531 -337.2608947753906 -1703.4346923828125
v -77.95272827148438 -336.917236328125 -1705.9871826171875
v -77.34069061279297 -318.2388610839844 -1702.6285400390625
v 71.84017181396484 -260.4334411621094 -1703.8375244140625
v 80.85652160644531 -251.7353057861328 -1700.3546142578125
v -26.277902603149414 -247.06524658203125 -1708.242919921875
v -42.442161560058594 -245.3801727294922 -1704.078125
v -34.980857849121094 -245.59361267089844 -1703.7662353515625
v -85.66545867919922 -241.43690490722656 -1702.78955078125
v -103.7987060546875 -236.99180603027344 -1701.44970703125
v 1.2063339948654175 -357.8580627441406 -1704.8060302734375
v -50.95120620727539 -335.5152893066406 -1705.6053466796875
v -100.60675811767578 -319.4378662109375 -1699.37109375
v -104.77438354492188 -314.21673583984375 -1704.8035888671875
v 110.18926239013672 -268.24530029296875 -1701.812744140625
v 50.250205993652344 -270.282470703125 -1701.0836181640625
v 110.56210327148438 -257.1831970214844 -1708.2679443359375
v 17.224241256713867 -244.69744873046875 -1701.4683837890625
v -92.49453735351562 -239.18177795410156 -1701.441162109375
v 110.71869659423828 -237.56692504882812 -1703.9110107421875
v 82.48883819580078 -307.58599853515625 -1694.6070556640625
v 79.12964630126953 -309.96661376953125 -1702.2796630859375
v 100.99756622314453 -296.62603759765625 -1698.8135986328125
v 21.230205535888672 -254.35804748535156 -1700.1162109375
v -71.40361785888672 -349.1859436035156 -1702.380615234375
v -71.89945220947266 -341.76922607421875 -1699.638671875
v 28.08216094970703 -262.913330078125 -1699.333984375
v 114.13749694824219 -252.62147521972656 -1701.841064453125
v -125.06900787353516 -248.7823486328125 -1700.5833740234375
v -20.630340576171875 -248.98977661132812 -1699.9677734375
v -118.77975463867188 -240.54759216308594 -1701.5574951171875
v 61.113407135009766 -344.5476379394531 -1708.1298828125
v 105.37762451171875 -280.24481201171875 -1698.1064453125
v 37.44337844848633 -356.4833984375 -1692.363037109375
v 25.77274513244629 -343.8291931152344 -1704.4451904296875
v -58.191680908203125 -333.31634521484375 -1698.5943603515625
v -72.43497467041016 -242.17840576171875 -1706.7469482421875
v 86.24166870117188 -243.0482177734375 -1700.35546875
v 111.3381576538086 -236.7786407470703 -1700.5
v 111.17415618896484 -231.955078125 -1705.52783203125
v -144.45948791503906 -211.11026000976562 -1701.1453857421875
v -62.967018127441406 -347.9959716796875 -1698.4208984375
v 60.05251693725586 -332.5186462402344 -1704.477294921875
v 98.51567840576172 -305.7848205566406 -1701.7598876953125
v -105.66663360595703 -301.4922180175781 -1695.5361328125
v -110.5109634399414 -296.9703674316406 -1688.7286376953125
v -139.27345275878906 -262.15057373046875 -1707.2457275390625
v -32.93950653076172 -249.4742431640625 -1699.5225830078125
v 92.65862274169922 -237.78216552734375 -1698.67578125
v 91.8365249633789 -235.2362823486328 -1697.0277099609375
v -144.01707458496094 -223.7511749267578 -1703.2701416015625
v -10.930376052856445 -358.69842529296875 -1706.2047119140625
v 71.59027862548828 -345.4706726074219 -1686.81689453125
v -112.11154174804688 -291.67877197265625 -1706.944091796875
v -118.13008880615234 -281.4429931640625 -1700.5908203125
v 85.88495635986328 -276.5509338378906 -1706.6722412109375
v 109.61772155761719 -270.0751037597656 -1694.9417724609375
v -13.78455638885498 -246.4810333251953 -1698.4896240234375
v -99.26522827148438 -242.7796173095703 -1697.234375
v -143.4556884765625 -236.5914306640625 -1700.9808349609375
v 113.54016876220703 -234.71804809570312 -1701.6932373046875
v 43.369529724121094 -350.5948181152344 -1704.33154296875
v 0.1887141615152359 -344.5096435546875 -1705.06640625
v -29.266416549682617 -345.3969421386719 -1691.1043701171875
v 7.794559001922607 -249.23365783691406 -1697.706787109375
v -29.26702117919922 -246.59854125976562 -1700.934814453125
v -66.82974243164062 -242.87547302246094 -1700.1688232421875
v -112.22364807128906 -242.2144775390625 -1698.7142333984375
v -21.248638153076172 -361.66400146484375 -1699.2823486328125
v 19.63656997680664 -352.52911376953125 -1710.0543212890625
v -22.52812957763672 -343.0693359375 -1701.8428955078125
v 13.278129577636719 -249.25559997558594 -1695.2198486328125
v -59.72850036621094 -246.46844482421875 -1700.326171875
v -48.27136993408203 -354.26275634765625 -1701.4173583984375
v 77.64364624023438 -337.6603698730469 -1700.5313720703125
v 88.62035369873047 -282.1697082519531 -1690.7655029296875
v 112.2130126953125 -270.7909851074219 -1694.0885009765625
v 112.63573455810547 -264.07989501953125 -1697.80078125
v -47.416221618652344 -248.37744140625 -1701.01953125
v -48.46555709838867 -248.39529418945312 -1689.46142578125
v -20.943206787109375 -246.4579315185547 -1695.3868408203125
v -94.10193634033203 -245.93031311035156 -1694.0738525390625
v 93.19345092773438 -250.09304809570312 -1695.1744384765625
v -35.39588928222656 -360.007080078125 -1697.134765625
v -40.03277587890625 -358.57293701171875 -1701.2457275390625
v 37.56028747558594 -342.5961608886719 -1702.97998046875
v -79.88465881347656 -337.75250244140625 -1695.171142578125
v -74.12223052978516 -323.61822509765625 -1694.7003173828125
v -82.10369110107422 -319.524169921875 -1694.0548095703125
v 43.662113189697266 -271.7696838378906 -1691.6995849609375
v 18.40187644958496 -246.565185546875 -1695.6619873046875
v 34.2705078125 -345.1756286621094 -1694.5511474609375
v 97.52684783935547 -313.2486267089844 -1684.4739990234375
v -115.40935516357422 -303.0596008300781 -1702.2381591796875
v 101.46290588378906 -294.78863525390625 -1693.9478759765625
v -131.11949157714844 -281.0352783203125 -1699.2340087890625
v 59.951560974121094 -268.8746337890625 -1700.1514892578125
v -117.17957305908203 -240.78518676757812 -1696.30322265625
v -111.95526123046875 -241.4235076904297 -1694.446533203125
v -125.10384368896484 -233.78941345214844 -1696.2264404296875
v 114.39514923095703 -239.4768524169922 -1692.2110595703125
v -145.3278045654297 -219.5724334716797 -1697.0333251953125
v -143.43104553222656 -223.83888244628906 -1695.5103759765625
v -144.44699096679688 -213.47886657714844 -1695.900634765625
v -9.992456436157227 -363.5589904785156 -1694.8321533203125
v 63.916770935058594 -345.895751953125 -1701.1715087890625
v -46.61543655395508 -340.5693054199219 -1695.1920166015625
v 74.9312973022461 -320.27532958984375 -1696.6568603515625
v 23.536020278930664 -255.58984375 -1693.371826171875
v -7.102121353149414 -248.06295776367188 -1698.35595703125
v -143.0115509033203 -240.6068878173828 -1696.89013671875
v -126.74114227294922 -236.33204650878906 -1694.2452392578125
v -141.71490478515625 -228.72946166992188 -1697.8944091796875
v 1.2399091720581055 -363.25396728515625 -1690.58984375
v -33.3398323059082 -342.91815185546875 -1700.5550537109375
v -97.40371704101562 -307.41558837890625 -1701.034423828125
v -134.205322265625 -275.1274719238281 -1691.0596923828125
v -66.47117614746094 -247.43894958496094 -1694.941650390625
v -15.581974029541016 -363.86102294921875 -1694.5482177734375
v 3.7827327251434326 -345.8004455566406 -1702.1092529296875
v -44.672950744628906 -339.00439453125 -1699.1602783203125
v -40.07630157470703 -339.01763916015625 -1695.791015625
v -89.642578125 -329.3644714355469 -1692.9912109375
v 78.25655364990234 -316.3837585449219 -1694.6727294921875
v -115.6806411743164 -288.83074951171875 -1690.19287109375
v 104.45513153076172 -286.7312927246094 -1697.4163818359375
v -123.04246520996094 -266.26129150390625 -1694.9246826171875
v -125.29808044433594 -256.5064392089844 -1692.466552734375
v -60.51848220825195 -248.2432861328125 -1688.1383056640625
v -141.04888916015625 -253.4132537841797 -1694.9796142578125
v 101.14562225341797 -301.4076843261719 -1690.7503662109375
v 90.50176239013672 -263.90936279296875 -1699.934814453125
v 1.7572678327560425 -250.4490966796875 -1693.920166015625
v -145.92263793945312 -227.673095703125 -1689.76318359375
v 77.71588134765625 -338.8480224609375 -1691.3916015625
v -98.41947174072266 -308.30902099609375 -1692.430419921875
v 85.94403076171875 -293.4679870605469 -1695.6019287109375
v 111.60428619384766 -265.7075500488281 -1691.963623046875
v -39.11830520629883 -249.4463653564453 -1697.213623046875
v 21.500267028808594 -246.1531982421875 -1690.73193359375
v -78.9560546875 -243.63662719726562 -1700.2052001953125
v 88.37004852294922 -242.27610778808594 -1694.268310546875
v -145.19349670410156 -208.2010040283203 -1692.44580078125
v -10.108072280883789 -370.4347839355469 -1692.4464111328125
v 31.271554946899414 -360.88311767578125 -1683.26513671875
v 86.0262680053711 -327.50030517578125 -1697.4376220703125
v -125.35615539550781 -290.1076354980469 -1699.4691162109375
v 53.9853630065918 -272.0075988769531 -1691.961181640625
v -108.46707153320312 -243.03887939453125 -1691.03857421875
v -146.41358947753906 -203.77760314941406 -1691.5638427734375
v -57.54621887207031 -351.8251647949219 -1693.7340087890625
v -40.620304107666016 -342.2001037597656 -1689.501708984375
v -16.000490188598633 -245.5171356201172 -1691.700439453125
v 13.323881149291992 -361.51519775390625 -1687.4417724609375
v -30.759239196777344 -364.8013916015625 -1688.823974609375
v -48.46669006347656 -341.61383056640625 -1685.5408935546875
v 47.57825469970703 -342.8846435546875 -1693.3177490234375
v 72.1202621459961 -327.208984375 -1688.0748291015625
v -116.04933166503906 -306.2552795410156 -1691.5277099609375
v 51.467010498046875 -272.1485595703125 -1683.4263916015625
v 41.817970275878906 -271.0405578613281 -1687.394775390625
v 67.87491607666016 -266.94732666015625 -1695.372802734375
v 113.84070587158203 -252.9312744140625 -1691.2322998046875
v -43.89332580566406 -249.4623260498047 -1687.6290283203125
v 112.8072280883789 -247.1309051513672 -1691.81982421875
v 95.44459533691406 -234.00155639648438 -1688.494384765625
v -143.3839569091797 -231.5368194580078 -1690.073486328125
v -18.332141876220703 -365.41033935546875 -1690.4320068359375
v 30.718647003173828 -350.1850891113281 -1677.0948486328125
v 26.398521423339844 -261.98443603515625 -1688.572021484375
v 78.54380798339844 -258.6151428222656 -1693.564208984375
v 83.85030364990234 -252.89366149902344 -1687.910888671875
v -22.30404281616211 -249.7560272216797 -1692.407958984375
v -127.63963317871094 -251.1843719482422 -1676.969970703125
v -127.80686950683594 -235.89988708496094 -1687.638916015625
v -117.8637924194336 -237.51705932617188 -1684.752685546875
v -125.64363861083984 -260.0201110839844 -1677.4783935546875
v -27.455673217773438 -250.29039001464844 -1691.832275390625
v -79.01636505126953 -243.56045532226562 -1689.4210205078125
v -40.628662109375 -360.5979919433594 -1688.210693359375
v -42.42436981201172 -358.52325439453125 -1694.5726318359375
v 56.41531753540039 -354.2409362792969 -1682.793212890625
v -34.367164611816406 -344.7078857421875 -1690.984375
v 54.12928009033203 -342.62774658203125 -1682.0277099609375
v 59.28989791870117 -339.71044921875 -1683.1893310546875
v 104.41230010986328 -284.5458984375 -1689.1622314453125
v -138.86326599121094 -261.01416015625 -1688.330810546875
v 17.612812042236328 -249.2956085205078 -1688.6895751953125
v -88.55811309814453 -247.52125549316406 -1688.4326171875
v 90.07231140136719 -236.59893798828125 -1688.9459228515625
v -124.17938995361328 -232.47767639160156 -1691.8614501953125
v 94.22376251220703 -232.06150817871094 -1690.1116943359375
v -70.33792877197266 -350.4023132324219 -1671.2314453125
v -105.50822448730469 -301.6434326171875 -1687.633544921875
v -127.59610748291016 -244.4855499267578 -1687.9464111328125
v 113.35662078857422 -227.57601928710938 -1690.445556640625
v -146.1762237548828 -205.8411865234375 -1683.0147705078125
v 90.42701721191406 -322.20098876953125 -1695.2415771484375
v -87.06351470947266 -317.5527648925781 -1690.77294921875
v -94.44548797607422 -315.385498046875 -1676.89990234375
v 74.20679473876953 -263.8267822265625 -1684.741943359375
v 77.94783782958984 -260.3877868652344 -1684.4638671875
v 114.1432876586914 -229.39781188964844 -1683.89306640625
v -7.090384483337402 -365.1383056640625 -1687.4097900390625
v -132.14393615722656 -280.38970947265625 -1684.6414794921875
v 61.93916320800781 -270.555419921875 -1687.37109375
v 33.541473388671875 -267.4405822753906 -1689.88427734375
v 19.06374168395996 -249.1743927001953 -1679.22802734375
v -143.87586975097656 -234.853271484375 -1686.92529296875
v 8.933401107788086 -349.4858703613281 -1691.002685546875
v 20.159318923950195 -351.26416015625 -1681.0811767578125
v -22.147607803344727 -349.7660827636719 -1681.2052001953125
v 103.5836181640625 -291.7774658203125 -1686.0972900390625
v 96.3623046875 -231.83189392089844 -1682.46826171875
v -146.05874633789062 -214.328125 -1690.5550537109375
v -146.93222045898438 -200.0895233154297 -1676.80322265625
v 44.41048812866211 -345.2552185058594 -1680.20654296875
v 67.31690979003906 -333.34478759765625 -1683.7451171875
v 85.87650299072266 -304.88690185546875 -1685.3955078125
v -142.76702880859375 -244.11007690429688 -1689.8065185546875
v 94.77819061279297 -227.97573852539062 -1678.2515869140625
v -43.453739166259766 -360.3987121582031 -1681.7178955078125
v -39.04615783691406 -344.9515075683594 -1683.18994140625
v -64.621337890625 -332.0610656738281 -1687.029052734375
v -124.75631713867188 -296.37994384765625 -1680.256103515625
v 95.70935821533203 -254.64608764648438 -1682.659912109375
v -13.46621036529541 -247.17861938476562 -1681.64404296875
v -142.59588623046875 -248.47946166992188 -1683.8673095703125
v 96.60213470458984 -245.3217315673828 -1679.8165283203125
v -82.29447174072266 -243.54794311523438 -1680.7933349609375
v -43.00267028808594 -366.559326171875 -1683.478515625
v 105.06920623779297 -290.4912109375 -1679.6160888671875
v 107.96247863769531 -281.6291809082031 -1681.146240234375
v 91.53385162353516 -278.44189453125 -1679.1463623046875
v -114.25214385986328 -237.92816162109375 -1680.644287109375
v -15.185471534729004 -367.1726989746094 -1682.91796875
v -69.26994323730469 -345.2880859375 -1694.8154296875
v -98.35335540771484 -311.62548828125 -1678.029296875
v 29.155872344970703 -262.8496398925781 -1681.3192138671875
v -109.95626068115234 -242.7197723388672 -1686.2257080078125
v 89.21455383300781 -233.8517303466797 -1684.5289306640625
v -54.25029754638672 -356.1478271484375 -1677.0587158203125
v -1.7413288354873657 -352.28314208984375 -1681.6527099609375
v -108.22993469238281 -317.1644592285156 -1683.8515625
v 35.614192962646484 -267.2150573730469 -1681.3785400390625
v 22.30743980407715 -245.9109344482422 -1681.5848388671875
v -75.06084442138672 -246.4431610107422 -1688.9954833984375
v -120.48206329345703 -238.42330932617188 -1679.8514404296875
v -83.05508422851562 -341.5470275878906 -1674.460693359375
v -101.10531616210938 -323.65228271484375 -1683.6873779296875
v 114.02637481689453 -255.44154357910156 -1683.026611328125
v -25.054651260375977 -249.34324645996094 -1683.7376708984375
v 89.55488586425781 -239.08645629882812 -1682.348876953125
v 90.13887786865234 -231.54544067382812 -1681.3199462890625
v 115.22395324707031 -228.01815795898438 -1680.0189208984375
v -27.06555938720703 -367.8358154296875 -1680.45751953125
v -54.470359802246094 -338.5316467285156 -1685.32861328125
v 100.86463928222656 -303.61370849609375 -1681.0498046875
v -134.60562133789062 -272.6483154296875 -1680.392822265625
v 22.35416603088379 -253.3809814453125 -1684.0120849609375
v -19.81519889831543 -249.3898162841797 -1684.52099609375
v -73.48821258544922 -248.24105834960938 -1681.5758056640625
v 28.248950958251953 -251.69891357421875 -1673.1727294921875
v -93.37007141113281 -246.93692016601562 -1682.9813232421875
v 101.45758819580078 -298.1077575683594 -1683.8658447265625
v 102.61056518554688 -298.41290283203125 -1677.1055908203125
v 91.74432373046875 -290.9322204589844 -1675.0067138671875
v 42.20934295654297 -268.0162353515625 -1674.2171630859375
v -136.90078735351562 -263.0328063964844 -1681.450927734375
v -7.0304274559021 -249.8280487060547 -1677.958251953125
v -128.9686279296875 -238.82720947265625 -1680.4033203125
v -147.10018920898438 -216.1427764892578 -1680.1788330078125
v 75.32233428955078 -343.966064453125 -1677.7205810546875
v 92.78604888916016 -266.8526916503906 -1689.2371826171875
v 55.84223937988281 -269.7386474609375 -1675.0960693359375
v 113.82779693603516 -250.01939392089844 -1681.9366455078125
v 10.654121398925781 -250.3058319091797 -1678.7366943359375
v 88.5508804321289 -245.35870361328125 -1678.989501953125
v -107.41027069091797 -240.38340759277344 -1675.5943603515625
v -35.26908874511719 -365.3564147949219 -1684.6949462890625
v 10.860685348510742 -356.62713623046875 -1667.2061767578125
v -8.167439460754395 -349.68353271484375 -1688.2862548828125
v -40.869266510009766 -346.91290283203125 -1679.6875
v 94.83445739746094 -318.6880187988281 -1681.8951416015625
v -112.909912109375 -316.0964660644531 -1668.8568115234375
v 2.97546648979187 -251.3599090576172 -1676.7760009765625
v 88.40762329101562 -238.36770629882812 -1678.07275390625
v -146.80465698242188 -211.86788940429688 -1678.6051025390625
v -32.091426849365234 -346.0815124511719 -1682.7962646484375
v 112.4681625366211 -267.1468811035156 -1680.18310546875
v 65.52960968017578 -267.30877685546875 -1676.0172119140625
v 1.815195918083191 -250.33169555664062 -1684.194091796875
v 86.42378997802734 -242.983154296875 -1674.323974609375
v -149.99400329589844 -208.5493621826172 -1677.245849609375
v 41.6768913269043 -361.98297119140625 -1670.640380859375
v 66.80631256103516 -348.42767333984375 -1687.2384033203125
v -46.20162582397461 -345.197265625 -1679.400146484375
v -107.97248077392578 -299.16558837890625 -1677.6412353515625
v 29.64076042175293 -258.0156555175781 -1674.158447265625
v 83.86953735351562 -253.3992156982422 -1676.2557373046875
v -62.73590087890625 -248.16261291503906 -1676.2955322265625
v -79.10664367675781 -246.61965942382812 -1678.0467529296875
v -126.05194854736328 -237.42791748046875 -1680.3614501953125
v 96.93794250488281 -230.12240600585938 -1675.3037109375
v 91.0651626586914 -229.6197509765625 -1676.75439453125
v -146.259521484375 -223.24327087402344 -1678.356689453125
v -147.85025024414062 -208.3203582763672 -1678.85888671875
v -150.9918670654297 -202.14627075195312 -1674.0341796875
v -42.1103630065918 -365.92559814453125 -1678.290771484375
v -77.52915954589844 -346.084228515625 -1671.5872802734375
v -95.13662719726562 -331.4696960449219 -1673.9327392578125
v -130.97946166992188 -283.9308776855469 -1677.910400390625
v -119.97331237792969 -279.5858154296875 -1683.638427734375
v -133.07699584960938 -274.09393310546875 -1672.78125
v 111.38741302490234 -266.89288330078125 -1683.408447265625
v 77.7064437866211 -258.8251037597656 -1673.70361328125
v -94.54591369628906 -243.2978973388672 -1676.944580078125
v 87.76000213623047 -235.57083129882812 -1675.404052734375
v -146.9546356201172 -213.49761962890625 -1669.1004638671875
v 59.68841552734375 -342.1849060058594 -1668.8184814453125
v 90.14710235595703 -298.7841796875 -1678.4337158203125
v 95.41305541992188 -262.3126525878906 -1669.513916015625
v 113.36282348632812 -259.65447998046875 -1675.7010498046875
v -22.093494415283203 -250.67626953125 -1674.400390625
v -88.26555633544922 -242.77020263671875 -1677.066162109375
v -147.67514038085938 -200.8186798095703 -1670.354736328125
v -72.48609924316406 -330.85107421875 -1673.694580078125
v 92.82129669189453 -275.0597839355469 -1671.3970947265625
v -43.32024383544922 -248.57666015625 -1681.633056640625
v -73.0834732055664 -247.26766967773438 -1677.8265380859375
v -118.77494812011719 -306.4776916503906 -1677.3974609375
v 108.16984558105469 -282.3757019042969 -1672.5328369140625
v -129.79638671875 -284.6941223144531 -1675.4423828125
v 112.06941986083984 -267.37982177734375 -1675.9918212890625
v -115.04026794433594 -240.14675903320312 -1676.3450927734375
v -142.9358673095703 -236.21353149414062 -1675.065185546875
v 99.06706237792969 -228.65139770507812 -1665.9161376953125
v -35.34657287597656 -366.8522644042969 -1673.2943115234375
v 56.96116256713867 -356.8407287597656 -1672.5556640625
v -24.48814582824707 -353.3994445800781 -1670.6617431640625
v 89.03141021728516 -327.8242492675781 -1679.9774169921875
v -128.88992309570312 -289.1358642578125 -1680.0628662109375
v -119.03369140625 -281.01031494140625 -1668.4320068359375
v 60.060916900634766 -266.8965759277344 -1671.5294189453125
v 96.6705551147461 -253.51646423339844 -1672.5640869140625
v -60.66032028198242 -246.99644470214844 -1670.8060302734375
v 86.012451171875 -229.990234375 -1677.547607421875
v 2.9355430603027344 -369.6278381347656 -1667.87890625
v 106.4724349975586 -292.4216003417969 -1669.9407958984375
v 91.63236999511719 -282.6689453125 -1672.3856201171875
v -134.52528381347656 -278.14788818359375 -1675.188720703125
v -135.27206420898438 -275.6116027832031 -1671.2513427734375
v 17.009048461914062 -250.17572021484375 -1665.5279541015625
v 81.76904296875 -229.62786865234375 -1667.380615234375
v -147.24777221679688 -211.2282257080078 -1663.701904296875
v -20.140010833740234 -371.3119812011719 -1666.2266845703125
v 47.44691848754883 -264.8866271972656 -1668.5791015625
v 74.7757797241211 -255.75669860839844 -1665.1644287109375
v 112.50840759277344 -257.7898254394531 -1669.323486328125
v 28.272035598754883 -243.38291931152344 -1674.5975341796875
v 22.405529022216797 -246.0888671875 -1668.4296875
v -121.765380859375 -236.3784637451172 -1673.014892578125
v 92.83724975585938 -229.68809509277344 -1664.873779296875
v -42.452857971191406 -365.7749938964844 -1670.1396484375
v 27.916040420532227 -366.93798828125 -1665.3634033203125
v 40.09527587890625 -349.1409912109375 -1668.4453125
v -48.07379913330078 -346.6256103515625 -1669.5670166015625
v 72.73582458496094 -331.4355773925781 -1674.0223388671875
v -91.58382415771484 -321.35821533203125 -1667.4990234375
v 38.437522888183594 -260.50811767578125 -1669.283203125
v 80.73197174072266 -253.5518035888672 -1668.747802734375
v -33.02928924560547 -250.26747131347656 -1679.2119140625
v 34.4089241027832 -254.7958221435547 -1669.3487548828125
v -48.79757308959961 -249.30868530273438 -1668.039794921875
v -53.853309631347656 -249.59796142578125 -1665.2587890625
v 116.16736602783203 -228.8190460205078 -1673.902099609375
v -46.45421600341797 -360.8203125 -1671.0970458984375
v -33.671695709228516 -349.263427734375 -1672.1650390625
v -40.98404312133789 -347.9830017089844 -1671.0069580078125
v 111.68385314941406 -266.06976318359375 -1670.276611328125
v 97.55223846435547 -246.03073120117188 -1674.0714111328125
v 7.6773295402526855 -251.26966857910156 -1664.713134765625
v -103.46784973144531 -244.1280517578125 -1670.421630859375
v 24.238279342651367 -354.24468994140625 -1665.660888671875
v -84.3111801147461 -323.2748107910156 -1680.1837158203125
v -29.49469566345215 -252.4332733154297 -1667.599365234375
v 82.80216979980469 -246.6434326171875 -1666.3343505859375
v 83.73271942138672 -235.20855712890625 -1667.767822265625
v -32.469993591308594 -354.09820556640625 -1665.6031494140625
v 79.5370864868164 -324.5181579589844 -1671.1065673828125
v -133.2469024658203 -274.72418212890625 -1665.44677734375
v -19.478097915649414 -250.27806091308594 -1670.153076171875
v -7.104942798614502 -251.0978546142578 -1672.7122802734375
v -84.76146697998047 -247.34591674804688 -1670.698974609375
v -138.41661071777344 -258.431396484375 -1672.7877197265625
v -114.5008544921875 -291.0567321777344 -1681.6165771484375
v 95.88129425048828 -257.0107116699219 -1665.8057861328125
v 115.23892974853516 -244.58285522460938 -1667.4658203125
v -143.58204650878906 -231.25485229492188 -1666.62451171875
v 18.886625289916992 -367.79888916015625 -1667.531982421875
v -6.823660373687744 -357.3117980957031 -1661.383056640625
v 86.4397201538086 -311.4986572265625 -1673.8548583984375
v 107.09976959228516 -284.3553771972656 -1667.43701171875
v -136.63504028320312 -259.2900695800781 -1661.2318115234375
v -31.493854522705078 -250.72085571289062 -1671.8106689453125
v -25.14897346496582 -250.5915985107422 -1664.4298095703125
v 24.682903289794922 -244.7692413330078 -1665.7093505859375
v -111.85635375976562 -241.22622680664062 -1668.4669189453125
v -82.6758804321289 -327.67779541015625 -1663.8280029296875
v 46.78096389770508 -256.3752746582031 -1662.5069580078125
v -128.7759552001953 -232.92422485351562 -1671.047607421875
v 116.1683349609375 -228.68740844726562 -1668.0662841796875
v 9.244685173034668 -372.51312255859375 -1659.4312744140625
v -8.70555305480957 -355.8464660644531 -1666.5438232421875
v 10.491918563842773 -358.0300598144531 -1659.947265625
v -122.86074829101562 -303.4942932128906 -1665.023193359375
v -122.31145477294922 -271.4038391113281 -1663.8590087890625
v 91.20633697509766 -252.93215942382812 -1665.829833984375
v -148.7597198486328 -202.10069274902344 -1662.2818603515625
v 87.04835510253906 -331.5615539550781 -1675.3052978515625
v 98.66510772705078 -313.926025390625 -1671.0662841796875
v 55.8038330078125 -263.5453186035156 -1665.78125
v 42.0194206237793 -249.42681884765625 -1662.7901611328125
v 34.81194305419922 -245.0886993408203 -1668.6451416015625
v 49.04161834716797 -362.1170349121094 -1661.74609375
v -40.04560089111328 -350.9917907714844 -1663.7286376953125
v 82.56925964355469 -339.8409729003906 -1661.2371826171875
v 104.51920318603516 -298.5187072753906 -1666.0174560546875
v -126.2834701538086 -294.7033386230469 -1663.063720703125
v 92.49996948242188 -276.1995544433594 -1667.015869140625
v -4.696723461151123 -252.40606689453125 -1666.7791748046875
v -87.55538940429688 -246.38311767578125 -1666.0628662109375
v -66.78113555908203 -245.76220703125 -1666.6820068359375
v -142.4622039794922 -239.20079040527344 -1668.411865234375
v -129.05787658691406 -238.869140625 -1664.6466064453125
v -118.1417007446289 -243.62850952148438 -1664.51025390625
v -48.01765823364258 -361.9351501464844 -1662.256103515625
v -100.2588882446289 -311.15582275390625 -1666.42822265625
v 90.53253936767578 -312.3243103027344 -1653.2674560546875
v 107.33998107910156 -288.2583312988281 -1664.2176513671875
v 115.25186920166016 -249.50570678710938 -1677.0638427734375
v -72.2578125 -246.60537719726562 -1664.9898681640625
v 77.67545318603516 -240.80213928222656 -1660.8790283203125
v -92.04042053222656 -338.72064208984375 -1664.8619384765625
v 108.09608459472656 -296.74102783203125 -1650.48974609375
v -71.08158874511719 -248.68019104003906 -1654.785888671875
v -103.56124114990234 -327.48492431640625 -1664.624267578125
v 100.61019134521484 -316.6155700683594 -1650.3858642578125
v 102.44928741455078 -305.78131103515625 -1665.9078369140625
v -126.26777648925781 -256.4765625 -1668.23046875
v 86.0307846069336 -231.3407745361328 -1659.74365234375
v -25.350605010986328 -370.5273132324219 -1666.649658203125
v -45.04880142211914 -366.87554931640625 -1659.736572265625
v 66.11898803710938 -352.6094055175781 -1670.398681640625
v 51.46550750732422 -345.6037292480469 -1663.9814453125
v 68.13700866699219 -339.393310546875 -1662.1488037109375
v 66.01022338867188 -258.70263671875 -1663.9476318359375
v -63.0484733581543 -247.96563720703125 -1662.3416748046875
v 97.94396209716797 -244.81185913085938 -1668.457763671875
v -79.98953247070312 -244.30856323242188 -1657.063720703125
v 44.115440368652344 -242.27676391601562 -1663.387451171875
v 76.43461608886719 -230.1854248046875 -1663.727783203125
v -23.387319564819336 -372.0464172363281 -1653.2701416015625
v -63.47926712036133 -356.1922302246094 -1660.8604736328125
v 82.81314086914062 -319.21942138671875 -1672.8779296875
v 92.72602844238281 -289.5099182128906 -1665.3131103515625
v 111.54813385009766 -275.0442810058594 -1666.1082763671875
v -133.67724609375 -269.6330871582031 -1657.728271484375
v 113.6601333618164 -268.32763671875 -1657.61962890625
v 57.33650207519531 -254.2108612060547 -1660.8538818359375
v -42.30466079711914 -249.16464233398438 -1657.911865234375
v -117.25041961669922 -245.468994140625 -1656.4945068359375
v 50.42367172241211 -239.1486053466797 -1662.525146484375
v -38.257080078125 -367.82171630859375 -1654.2498779296875
v -87.81639862060547 -326.9651184082031 -1650.0513916015625
v -129.14190673828125 -287.9581298828125 -1661.079345703125
v 110.16651916503906 -285.8137512207031 -1651.0711669921875
v 115.25248718261719 -259.6626281738281 -1656.138671875
v 14.277190208435059 -249.02015686035156 -1654.9913330078125
v 29.059795379638672 -246.59014892578125 -1656.67041015625
v 49.06447982788086 -243.1043701171875 -1658.1192626953125
v 74.35232543945312 -233.6739501953125 -1661.085693359375
v 59.44602584838867 -357.9704284667969 -1661.403564453125
v -116.3031997680664 -280.4010009765625 -1652.1220703125
v -130.22756958007812 -282.33038330078125 -1658.5396728515625
v 64.38092041015625 -249.3773193359375 -1655.798583984375
v -38.43130111694336 -251.1147918701172 -1660.4295654296875
v 75.54069519042969 -247.55992126464844 -1660.7747802734375
v 20.591007232666016 -246.3564910888672 -1660.1611328125
v -128.3388214111328 -241.19593811035156 -1659.7462158203125
v -74.73619842529297 -352.81365966796875 -1654.18603515625
v -131.52162170410156 -273.80828857421875 -1652.308349609375
v 97.07959747314453 -265.1014709472656 -1657.444580078125
v 96.96997833251953 -253.96412658691406 -1663.97509765625
v -8.740328788757324 -252.4013214111328 -1660.105224609375
v -105.68766021728516 -246.2913055419922 -1657.66357421875
v 53.320186614990234 -247.06687927246094 -1660.211181640625
v 72.68383026123047 -241.9324493408203 -1657.823974609375
v 65.89885711669922 -235.43556213378906 -1656.436279296875
v 54.59730529785156 -238.2137451171875 -1658.274169921875
v -17.41720199584961 -372.6981201171875 -1654.4595947265625
v -77.0313720703125 -350.796875 -1657.904052734375
v 90.1707763671875 -303.8061828613281 -1667.700927734375
v 91.74417114257812 -294.0400695800781 -1666.1217041015625
v -34.71333694458008 -249.447021484375 -1654.462646484375
v 57.86847686767578 -241.8260040283203 -1654.525146484375
v -83.115234375 -346.745361328125 -1656.9395751953125
v -109.38365173339844 -297.5082702636719 -1657.82666015625
v 92.75464630126953 -289.60382080078125 -1659.8975830078125
v 116.16853332519531 -249.1619415283203 -1658.4949951171875
v -98.23381805419922 -244.32225036621094 -1659.8565673828125
v -6.954066276550293 -372.3226013183594 -1658.802734375
v -84.86766052246094 -352.30078125 -1656.180419921875
v 50.16582107543945 -349.0918884277344 -1649.42236328125
v 88.29947662353516 -335.3565368652344 -1653.242919921875
v 106.0577392578125 -305.9709167480469 -1644.551513671875
v -113.05687713623047 -288.7598571777344 -1661.61572265625
v -85.18807983398438 -243.92787170410156 -1659.2032470703125
v 99.72821807861328 -226.46205139160156 -1658.810302734375
v -112.57274627685547 -320.9732971191406 -1647.7943115234375
v 62.72123718261719 -236.5763702392578 -1654.4520263671875
v 59.45468521118164 -234.77294921875 -1653.5770263671875
v 80.00055694580078 -232.87193298339844 -1655.63720703125
v 19.489513397216797 -372.2744140625 -1652.3382568359375
v 93.51341247558594 -278.1874694824219 -1661.7120361328125
v -120.95586395263672 -269.5392150878906 -1648.3795166015625
v 113.68516540527344 -264.1185302734375 -1654.8897705078125
v -52.89068603515625 -250.3110809326172 -1655.5615234375
v -98.52574920654297 -249.03822326660156 -1647.8143310546875
v -87.9132080078125 -246.48316955566406 -1650.325439453125
v 117.16085052490234 -240.06236267089844 -1658.1732177734375
v 69.02796173095703 -244.91659545898438 -1654.122314453125
v -142.78952026367188 -233.8959503173828 -1656.533203125
v 92.41459655761719 -226.6566925048828 -1653.1328125
v -3.4108099937438965 -359.4241027832031 -1651.8643798828125
v -28.017637252807617 -357.4775695800781 -1657.943115234375
v -135.23863220214844 -258.4193420410156 -1654.2359619140625
v -22.860740661621094 -252.32666015625 -1660.55126953125
v 116.0945816040039 -242.9562225341797 -1659.9549560546875
v -140.6206512451172 -240.12112426757812 -1658.976806640625
v -55.82755661010742 -343.4262390136719 -1663.6380615234375
v -69.33052825927734 -337.678955078125 -1649.628662109375
v 110.2799072265625 -274.1098327636719 -1654.696044921875
v -12.140170097351074 -253.4339141845703 -1655.241943359375
v -61.25405502319336 -247.93531799316406 -1653.8731689453125
v -137.5313720703125 -251.3436737060547 -1655.14892578125
v 34.3102912902832 -248.2293701171875 -1659.28076171875
v -74.5298843383789 -245.78150939941406 -1653.2940673828125
v 15.262157440185547 -245.51370239257812 -1650.4259033203125
v -32.654842376708984 -355.9308776855469 -1662.547119140625
v 94.37582397460938 -324.0248107910156 -1663.745849609375
v -132.19625854492188 -278.0061340332031 -1648.5316162109375
v -104.08091735839844 -247.95664978027344 -1648.0106201171875
v 79.89637756347656 -346.2607116699219 -1644.8751220703125
v 64.59758758544922 -342.4210510253906 -1649.10546875
v -134.05410766601562 -273.3976745605469 -1652.2637939453125
v 103.2786865234375 -229.4969024658203 -1652.0137939453125
v 11.007787704467773 -374.7213134765625 -1650.1270751953125
v -24.255077362060547 -358.45513916015625 -1651.6663818359375
v 13.646784782409668 -358.98394775390625 -1654.2198486328125
v -85.69355773925781 -346.2051086425781 -1653.097900390625
v -114.96882629394531 -282.1755065917969 -1640.0894775390625
v -80.36895751953125 -247.4967041015625 -1651.9959716796875
v 78.3321762084961 -235.28640747070312 -1652.810302734375
v -144.99188232421875 -226.2991943359375 -1651.8846435546875
v -49.17689895629883 -363.97235107421875 -1647.800048828125
v -40.0023193359375 -354.52081298828125 -1648.365478515625
v -86.04258728027344 -352.8481140136719 -1654.4375
v -83.8235855102539 -349.6276550292969 -1646.1446533203125
v -97.58582305908203 -335.4186096191406 -1659.1807861328125
v -82.95624542236328 -329.6108093261719 -1652.281005859375
v 86.62451934814453 -321.19415283203125 -1651.8734130859375
v 92.63014221191406 -306.48004150390625 -1649.8443603515625
v -106.10203552246094 -303.0864562988281 -1660.6075439453125
v -112.1762924194336 -292.02032470703125 -1641.2593994140625
v -135.02911376953125 -264.1346130371094 -1646.485595703125
v 0.7876337766647339 -252.25982666015625 -1654.3905029296875
v -55.58451461791992 -248.76937866210938 -1649.2567138671875
v 34.09993362426758 -249.38278198242188 -1649.2049560546875
v 96.64279174804688 -228.77427673339844 -1648.7274169921875
v 84.70183563232422 -226.7686004638672 -1653.38427734375
v -3.91767954826355 -376.9150085449219 -1645.98193359375
v 94.67061614990234 -279.4936828613281 -1654.4693603515625
v -32.85824203491211 -251.43682861328125 -1647.794677734375
v 117.71075439453125 -242.68345642089844 -1649.8785400390625
v 69.38687133789062 -237.0446319580078 -1652.232421875
v 45.830326080322266 -366.1106872558594 -1646.906005859375
v 110.82360076904297 -281.2586669921875 -1651.843505859375
v 116.30201721191406 -260.6881408691406 -1650.6219482421875
v -150.04110717773438 -201.22557067871094 -1652.4034423828125
v 72.9871597290039 -350.0886535644531 -1655.5372314453125
v 48.62497329711914 -243.16795349121094 -1652.0947265625
v 117.3448715209961 -235.704833984375 -1654.2803955078125
v 54.135318756103516 -364.0649719238281 -1642.6934814453125
v 93.72077178955078 -302.508544921875 -1647.5009765625
v 108.16283416748047 -292.35089111328125 -1652.18408203125
v -129.54290771484375 -285.8382263183594 -1650.1854248046875
v 113.76858520507812 -269.3264465332031 -1648.9034423828125
v 116.19358825683594 -255.57627868652344 -1645.935302734375
v -52.71872329711914 -248.59779357910156 -1642.448486328125
v -45.785221099853516 -249.04563903808594 -1648.007568359375
v 9.20828914642334 -251.1177978515625 -1651.9783935546875
v 100.45652770996094 -254.64552307128906 -1653.0079345703125
v 7.814514636993408 -247.3794403076172 -1643.761474609375
v -117.79576873779297 -242.30079650878906 -1644.1788330078125
v 117.71615600585938 -229.77606201171875 -1657.896728515625
v 103.70401763916016 -228.95724487304688 -1647.7476806640625
v -87.48596954345703 -347.461181640625 -1646.249267578125
v -63.47482681274414 -343.2496032714844 -1639.6103515625
v 96.21066284179688 -327.9656066894531 -1639.5623779296875
v -125.23143005371094 -300.16278076171875 -1652.363037109375
v 43.70323944091797 -247.48509216308594 -1650.2071533203125
v -119.10185241699219 -244.30380249023438 -1650.9820556640625
v -150.49508666992188 -204.40965270996094 -1646.5047607421875
v 32.42636489868164 -369.7054443359375 -1649.7266845703125
v 11.281595230102539 -359.4989013671875 -1646.2379150390625
v 72.32847595214844 -338.9263000488281 -1646.4239501953125
v -128.2230987548828 -241.32872009277344 -1655.529052734375
v 55.832889556884766 -240.25396728515625 -1647.3330078125
v 78.24288177490234 -233.4124298095703 -1642.109130859375
v 89.48990631103516 -229.03855895996094 -1647.0665283203125
v -45.249961853027344 -352.8057861328125 -1645.5560302734375
v -51.43848419189453 -348.8804626464844 -1655.436767578125
v -46.77570343017578 -349.4880676269531 -1652.8497314453125
v -129.623291015625 -281.2129821777344 -1646.50439453125
v -131.64280700683594 -272.13275146484375 -1646.67431640625
v 114.50044250488281 -265.8231201171875 -1643.402099609375
v -135.71658325195312 -258.07086181640625 -1649.9034423828125
v -66.2103271484375 -249.5742950439453 -1642.4874267578125
v 103.47799682617188 -240.20692443847656 -1648.866455078125
v -140.82565307617188 -241.47828674316406 -1645.467529296875
v 119.35810089111328 -228.4736328125 -1646.3717041015625
v -75.445556640625 -353.3433532714844 -1649.53759765625
v 76.5235595703125 -338.4479064941406 -1628.1522216796875
v 94.57281494140625 -288.5715637207031 -1644.4083251953125
v 93.57487487792969 -293.1206970214844 -1647.187744140625
v 109.13287353515625 -290.2313537597656 -1644.16455078125
v 111.85037994384766 -274.43035888671875 -1644.5953369140625
v 60.08789825439453 -236.07247924804688 -1643.7872314453125
v 88.17689514160156 -232.77569580078125 -1645.274169921875
v 7.61799430847168 -360.5947265625 -1641.96630859375
v 78.03520965576172 -333.6340026855469 -1647.9591064453125
v -134.3417205810547 -277.9798278808594 -1643.7623291015625
v -135.0116729736328 -267.9017028808594 -1645.4571533203125
v 22.840211868286133 -247.42857360839844 -1647.332763671875
v -127.19142150878906 -237.52601623535156 -1645.5074462890625
v 67.63396453857422 -237.5801544189453 -1645.547607421875
v -7.313465595245361 -360.8695373535156 -1641.4622802734375
v 20.169166564941406 -358.4350280761719 -1648.0738525390625
v 39.65324401855469 -353.1689758300781 -1648.9996337890625
v -4.119596004486084 -252.65603637695312 -1644.2724609375
v 31.340993881225586 -250.81787109375 -1640.381591796875
v -73.6917724609375 -245.10446166992188 -1645.25146484375
v 103.58665466308594 -238.93136596679688 -1645.1072998046875
v -146.7639923095703 -223.6658935546875 -1642.516357421875
v 0.5788291096687317 -377.82659912109375 -1642.2279052734375
v -57.27839660644531 -349.3879089355469 -1634.0511474609375
v -94.63949584960938 -319.7872314453125 -1658.0821533203125
v 28.075698852539062 -247.1466064453125 -1644.6790771484375
v -105.53824615478516 -246.68544006347656 -1643.076171875
v 51.32680892944336 -241.49107360839844 -1644.5863037109375
v 118.14104461669922 -243.23330688476562 -1643.6002197265625
v -143.38751220703125 -229.60052490234375 -1644.4068603515625
v 86.20552825927734 -340.4783630371094 -1642.3623046875
v -118.81575012207031 -312.7126159667969 -1642.9775390625
v 99.19183349609375 -269.5117492675781 -1635.954833984375
v -22.73737144470215 -252.9913787841797 -1646.627197265625
v -149.3424530029297 -214.08128356933594 -1643.0379638671875
v -95.03154754638672 -341.1625671386719 -1645.21240234375
v -102.23260498046875 -333.9820556640625 -1644.4422607421875
v 96.0052719116211 -287.4914855957031 -1635.26953125
v -17.021852493286133 -252.9635772705078 -1638.18359375
v 39.64352798461914 -246.92373657226562 -1641.1116943359375
v 58.16136932373047 -236.32142639160156 -1641.9033203125
v -142.42575073242188 -238.1835174560547 -1637.117431640625
v -8.567916870117188 -377.1205139160156 -1641.974365234375
v 31.5884952545166 -372.4135437011719 -1636.435791015625
v -67.26415252685547 -358.3470764160156 -1642.3912353515625
v -108.07959747314453 -302.609619140625 -1636.41943359375
v -134.00930786132812 -274.940673828125 -1638.0218505859375
v -135.76953125 -272.4360046386719 -1645.8599853515625
v -136.8451385498047 -258.56610107421875 -1641.07177734375
v 45.576080322265625 -246.003662109375 -1642.2047119140625
v 78.21827697753906 -233.58558654785156 -1636.168701171875
v -144.74267578125 -229.64517211914062 -1643.13623046875
v -4.3883585929870605 -383.08062744140625 -1640.1221923828125
v -94.81381225585938 -342.8402099609375 -1639.4984130859375
v -117.01968383789062 -316.49298095703125 -1628.267822265625
v 92.77804565429688 -310.8599853515625 -1641.457763671875
v -135.87794494628906 -265.5411682128906 -1639.625244140625
v -135.50619506835938 -255.7149200439453 -1641.33642578125
v -149.37521362304688 -209.33058166503906 -1636.5096435546875
v -43.266300201416016 -355.9014587402344 -1636.407470703125
v -130.91244506835938 -277.8931884765625 -1637.197998046875
v 113.10193634033203 -272.28900146484375 -1635.7288818359375
v -134.22825622558594 -270.5057373046875 -1640.7266845703125
v 117.9819107055664 -257.25604248046875 -1638.8233642578125
v -137.85728454589844 -252.2213134765625 -1643.6163330078125
v -126.20137786865234 -248.8565673828125 -1640.9327392578125
v -42.59529495239258 -251.93560791015625 -1639.0804443359375
v 103.75872039794922 -250.9053955078125 -1633.7335205078125
v -128.04905700683594 -240.11077880859375 -1640.77197265625
v -150.44927978515625 -202.21014404296875 -1639.3634033203125
v -0.7943293452262878 -381.5962219238281 -1641.03955078125
v -21.425228118896484 -374.5158386230469 -1643.525634765625
v -98.63381958007812 -315.8470764160156 -1647.5074462890625
v -123.61898040771484 -303.24530029296875 -1641.3868408203125
v -125.0211410522461 -254.8553924560547 -1650.8331298828125
v -135.14866638183594 -253.68020629882812 -1637.7288818359375
v -80.20157623291016 -247.6865997314453 -1642.0499267578125
v 98.44103240966797 -229.41082763671875 -1641.7882080078125
v 104.63307189941406 -227.61337280273438 -1640.490478515625
v -9.48543930053711 -378.6144714355469 -1634.5689697265625
v 90.54264831542969 -319.49481201171875 -1636.4473876953125
v 102.91879272460938 -256.9945983886719 -1633.9444580078125
v -2.2617340087890625 -251.77818298339844 -1639.4661865234375
v 49.285892486572266 -244.3697967529297 -1638.2967529296875
v 57.358612060546875 -237.36972045898438 -1632.7724609375
v 120.21517944335938 -230.57626342773438 -1640.272705078125
v -143.9492950439453 -228.10617065429688 -1633.208984375
v -31.5997257232666 -370.867919921875 -1644.7900390625
v 65.66534423828125 -358.0275573730469 -1640.2025146484375
v 41.955657958984375 -354.3531494140625 -1638.221435546875
v -104.94062805175781 -307.6684875488281 -1640.958251953125
v -92.4559326171875 -247.6020965576172 -1638.317626953125
v 104.83155822753906 -234.0800323486328 -1636.5892333984375
v 0.3531187176704407 -379.0937805175781 -1632.791259765625
v -48.107730865478516 -350.3181457519531 -1642.5631103515625
v -122.82327270507812 -305.70123291015625 -1639.440673828125
v 109.90087890625 -285.11431884765625 -1641.212158203125
v -26.753467559814453 -253.02005004882812 -1638.5615234375
v 24.39772605895996 -249.63919067382812 -1637.036865234375
v 104.5953369140625 -237.13148498535156 -1642.03369140625
v 89.7913818359375 -232.30880737304688 -1636.9881591796875
v 95.11742401123047 -229.21742248535156 -1639.963134765625
v -44.917564392089844 -366.9777526855469 -1643.4434814453125
v -128.81417846679688 -287.286865234375 -1633.6468505859375
v 113.52580261230469 -272.5959777832031 -1630.9464111328125
v 12.698862075805664 -248.88967895507812 -1638.4420166015625
v -139.6252899169922 -246.39427185058594 -1634.8961181640625
v -100.66116333007812 -245.80392456054688 -1634.8597412109375
v -7.654385089874268 -379.1302185058594 -1630.865234375
v 9.199196815490723 -361.3875427246094 -1636.5565185546875
v 91.89990997314453 -335.8460998535156 -1631.9498291015625
v 109.91900634765625 -293.83819580078125 -1638.43017578125
v -129.96835327148438 -273.80194091796875 -1638.536376953125
v -120.2215805053711 -266.3611145019531 -1633.5234375
v -32.09233474731445 -252.05078125 -1639.8370361328125
v -54.34392166137695 -249.4764404296875 -1636.60009765625
v -108.25065612792969 -244.280029296875 -1635.428955078125
v 68.6412582397461 -236.4219512939453 -1637.9024658203125
v 20.7381534576416 -373.8941955566406 -1641.5316162109375
v 94.29743957519531 -301.5208740234375 -1639.9127197265625
v -129.42971801757812 -274.34747314453125 -1630.2783203125
v -133.9087677001953 -264.256103515625 -1640.860595703125
v -136.91905212402344 -254.59033203125 -1634.677734375
v -124.25933074951172 -253.56292724609375 -1629.5050048828125
v -146.4421844482422 -225.61276245117188 -1630.0157470703125
v -24.665796279907227 -375.3936767578125 -1632.1820068359375
v 107.62080383300781 -299.78179931640625 -1639.8795166015625
v 112.38074493408203 -285.996826171875 -1633.638916015625
v -129.22560119628906 -279.9931945800781 -1629.6788330078125
v -69.8874740600586 -247.6923370361328 -1634.6915283203125
v 41.086151123046875 -245.62879943847656 -1635.0684814453125
v 120.85684204101562 -229.87171936035156 -1634.22119140625
v 96.73466491699219 -227.77398681640625 -1634.275146484375
v -25.963438034057617 -360.3495178222656 -1633.9647216796875
v 82.297607421875 -347.3629455566406 -1628.3477783203125
v 10.374994277954102 -250.2599639892578 -1633.2869873046875
v -75.66496276855469 -246.56216430664062 -1637.67041015625
v -122.10961151123047 -243.2705841064453 -1639.010986328125
v -127.53042602539062 -244.046630859375 -1628.9476318359375
v 51.00873565673828 -351.77685546875 -1630.5799560546875
v 76.20716094970703 -353.3633728027344 -1624.1649169921875
v -33.7099494934082 -252.05596923828125 -1627.3209228515625
v -28.212810516357422 -251.9472198486328 -1634.888427734375
v -11.962764739990234 -251.77264404296875 -1631.9501953125
v 1.1750701665878296 -248.6868438720703 -1636.05224609375
v 93.07535552978516 -231.1679229736328 -1631.2095947265625
v 9.235208511352539 -377.615234375 -1636.7445068359375
v -41.415164947509766 -369.9067687988281 -1629.262939453125
v 4.146150588989258 -361.7599182128906 -1633.2332763671875
v -53.89838409423828 -365.0922546386719 -1626.85498046875
v -126.6573486328125 -293.98321533203125 -1639.816650390625
v -48.38160705566406 -251.5308837890625 -1630.6112060546875
v -23.746389389038086 -253.52597045898438 -1623.4998779296875
v 37.61893081665039 -248.6808319091797 -1628.093994140625
v -91.7789306640625 -246.3061981201172 -1633.5093994140625
v 104.5245132446289 -246.2795867919922 -1624.4149169921875
v 119.1063232421875 -249.35243225097656 -1632.1273193359375
v 9.257061004638672 -377.83172607421875 -1629.1798095703125
v -32.44380569458008 -358.8990783691406 -1637.6737060546875
v -135.9482421875 -252.10470581054688 -1627.69189453125
v 19.053176879882812 -250.84230041503906 -1630.232177734375
v 30.98333168029785 -249.14146423339844 -1634.0987548828125
v 43.308162689208984 -357.0550231933594 -1616.5262451171875
v -101.90525817871094 -335.8037109375 -1624.9493408203125
v -132.0887451171875 -267.9312744140625 -1630.743896484375
v -121.84429168701172 -246.11769104003906 -1627.8143310546875
v 120.41145324707031 -239.73997497558594 -1633.2978515625
v 19.136581420898438 -375.8258361816406 -1624.4586181640625
v 30.122520446777344 -357.7143249511719 -1635.7569580078125
v -37.49991226196289 -355.5779113769531 -1634.797119140625
v -46.56710433959961 -355.869140625 -1629.8919677734375
v -93.58753967285156 -323.5019836425781 -1638.8792724609375
v -117.20623779296875 -275.2176513671875 -1639.0045166015625
v 104.5553207397461 -251.5429229736328 -1625.4305419921875
v 50.060691833496094 -242.54702758789062 -1632.55419921875
v 66.24768829345703 -237.88441467285156 -1629.8575439453125
v 80.49230194091797 -233.2576141357422 -1626.5009765625
v 100.86936950683594 -228.4397430419922 -1631.62060546875
v 94.91149139404297 -307.8183288574219 -1633.733642578125
v -2.0607693195343018 -249.48345947265625 -1633.01123046875
v 21.57683563232422 -249.43397521972656 -1634.0050048828125
v 105.47577667236328 -228.0687713623047 -1634.1077880859375
v -150.0520477294922 -208.37960815429688 -1632.66943359375
v 4.834255218505859 -379.1897888183594 -1626.02294921875
v 57.3448371887207 -366.07391357421875 -1610.04833984375
v -3.253063201904297 -362.4408874511719 -1631.5806884765625
v 103.47948455810547 -318.5638732910156 -1625.14404296875
v -109.87052917480469 -299.1895446777344 -1626.9786376953125
v -132.01422119140625 -274.7525634765625 -1629.345458984375
v 113.98835754394531 -275.1727600097656 -1625.4268798828125
v -19.999279022216797 -251.84103393554688 -1626.482666015625
v -101.48721313476562 -246.64869689941406 -1629.0093994140625
v 44.341163635253906 -242.3308563232422 -1629.913330078125
v -143.2123565673828 -234.82472229003906 -1631.1719970703125
v -147.8896484375 -220.29051208496094 -1626.5103759765625
v -150.87716674804688 -200.92950439453125 -1628.3548583984375
v -84.20664978027344 -351.7475280761719 -1628.4207763671875
v -63.86575698852539 -347.2029113769531 -1625.837890625
v -125.77182006835938 -298.5793151855469 -1633.5439453125
v 116.35679626464844 -266.0919189453125 -1622.53857421875
v 54.28731155395508 -238.7008819580078 -1626.1673583984375
v 58.0910758972168 -241.72755432128906 -1623.315673828125
v -46.83740997314453 -367.9416198730469 -1631.462158203125
v -74.72761535644531 -338.0426025390625 -1630.787841796875
v -84.51699829101562 -331.1790466308594 -1634.099853515625
v 111.14601135253906 -290.9192199707031 -1630.3592529296875
v -134.2235107421875 -267.62353515625 -1629.6085205078125
v -39.423519134521484 -251.0302734375 -1622.9107666015625
v 117.50598907470703 -253.05291748046875 -1627.5653076171875
v -139.343017578125 -245.438232421875 -1623.38916015625
v 67.12866973876953 -359.7355041503906 -1623.4114990234375
v 93.11978912353516 -318.2386474609375 -1623.7132568359375
v 105.82914733886719 -309.3985290527344 -1631.77978515625
v 110.778564453125 -296.0160217285156 -1624.924560546875
v -133.70814514160156 -273.7889404296875 -1626.8135986328125
v -137.8232879638672 -254.24322509765625 -1622.964599609375
v 11.147855758666992 -251.2108612060547 -1622.086669921875
v -54.194175720214844 -366.2609558105469 -1617.9127197265625
v 14.057731628417969 -361.1614685058594 -1623.0548095703125
v -91.40751647949219 -346.435791015625 -1625.716796875
v -75.094482421875 -339.1385498046875 -1620.9676513671875
v 84.6519546508789 -329.5606689453125 -1633.4210205078125
v -13.877842903137207 -249.2312774658203 -1625.0384521484375
v -113.15389251708984 -247.47007751464844 -1628.5048828125
v 43.25902557373047 -243.79307556152344 -1625.593017578125
v 106.87162017822266 -230.48313903808594 -1624.4993896484375
v 122.77466583251953 -227.16368103027344 -1628.4725341796875
v -0.06419496983289719 -363.6457214355469 -1621.693359375
v -24.295766830444336 -360.7640686035156 -1626.640380859375
v -104.29844665527344 -310.37176513671875 -1626.40771484375
v -122.80220031738281 -305.889404296875 -1612.36767578125
v 112.13545227050781 -291.59747314453125 -1623.2159423828125
v -130.69815063476562 -282.47601318359375 -1622.5679931640625
v -132.10313415527344 -268.5557556152344 -1624.005126953125
v -131.13671875 -264.2154541015625 -1624.473876953125
v -69.51097869873047 -249.4402618408203 -1627.7801513671875
v 26.541858673095703 -249.78973388671875 -1623.554931640625
v -147.7469024658203 -219.08970642089844 -1618.401611328125
v -51.27711868286133 -350.9522705078125 -1630.40380859375
v -127.20978546142578 -291.3800048828125 -1626.982177734375
v 114.69921112060547 -278.162109375 -1621.1419677734375
v -77.77892303466797 -246.86874389648438 -1628.505859375
v -74.74562072753906 -356.80108642578125 -1630.6239013671875
v 25.8664493560791 -359.6629943847656 -1622.8426513671875
v 113.06721496582031 -283.3152770996094 -1623.5462646484375
v -129.8252410888672 -272.7205505371094 -1623.401611328125
v 103.89607238769531 -265.5745849609375 -1621.7705078125
v -114.35629272460938 -248.56407165527344 -1622.171142578125
v -15.936853408813477 -362.0173645019531 -1627.6512451171875
v -95.27574920654297 -343.32354736328125 -1622.4019775390625
v -107.2795181274414 -329.26080322265625 -1631.179443359375
v -58.59044647216797 -251.02540588378906 -1619.9603271484375
v -84.1196060180664 -247.69387817382812 -1625.907958984375
v -144.00450134277344 -232.09349060058594 -1618.7020263671875
v -145.0054473876953 -225.09242248535156 -1623.812744140625
v -72.87035369873047 -358.3753967285156 -1617.99755859375
v -133.51048278808594 -268.9032897949219 -1622.555419921875
v -127.81597900390625 -238.73080444335938 -1625.0054931640625
v 27.996030807495117 -374.4667663574219 -1619.4395751953125
v -42.25194549560547 -371.8450012207031 -1617.6033935546875
v -32.6936149597168 -359.4195251464844 -1621.3206787109375
v -37.06291580200195 -357.70452880859375 -1621.284423828125
v -59.59309387207031 -348.6560974121094 -1621.925537109375
v 108.88948822021484 -305.5086975097656 -1621.3480224609375
v -133.35769653320312 -262.30511474609375 -1626.08642578125
v -99.6814193725586 -247.42555236816406 -1620.915771484375
v -143.47695922851562 -235.5157470703125 -1621.8695068359375
v 122.9019775390625 -231.8865966796875 -1622.194580078125
v 95.4519271850586 -227.77230834960938 -1621.5987548828125
v -24.252761840820312 -376.4380798339844 -1618.9705810546875
v 69.94654083251953 -342.80267333984375 -1624.7451171875
v 111.55174255371094 -292.4447021484375 -1618.072021484375
v 121.12890625 -247.944091796875 -1622.849853515625
v 77.1566390991211 -237.1092071533203 -1617.9732666015625
v 99.05644226074219 -297.20538330078125 -1621.7972412109375
v -128.53717041015625 -289.3274230957031 -1621.56884765625
v -28.234338760375977 -251.93658447265625 -1618.96875
v -69.40514373779297 -250.416015625 -1618.7259521484375
v -111.3673095703125 -246.2799072265625 -1615.1357421875
v -149.54495239257812 -204.88516235351562 -1621.6759033203125
v -47.265594482421875 -372.3149719238281 -1621.974853515625
v -6.014274597167969 -362.4158020019531 -1619.1197509765625
v 18.191038131713867 -360.4170227050781 -1614.5909423828125
v -42.70613098144531 -357.7284851074219 -1623.51904296875
v -101.88514709472656 -338.58917236328125 -1608.516845703125
v -133.9046630859375 -258.2548522949219 -1619.614013671875
v -48.44898986816406 -251.2779541015625 -1619.6650390625
v -17.132373809814453 -249.88858032226562 -1622.75634765625
v 25.527217864990234 -246.95309448242188 -1615.6697998046875
v 90.498291015625 -231.02117919921875 -1621.4310302734375
v -17.779878616333008 -377.6578369140625 -1618.4410400390625
v 45.9683952331543 -369.5283203125 -1623.9178466796875
v 6.954095363616943 -362.33282470703125 -1618.50732421875
v -29.319860458374023 -361.3448486328125 -1612.0406494140625
v -131.30255126953125 -272.1794738769531 -1616.33837890625
v -136.16798400878906 -253.2432098388672 -1613.153076171875
v -137.06210327148438 -247.73880004882812 -1617.6201171875
v 65.08075714111328 -240.4662322998047 -1616.9945068359375
v 123.136962890625 -238.42149353027344 -1616.6805419921875
v -66.02476501464844 -345.2833557128906 -1615.0699462890625
v -112.06197357177734 -292.57269287109375 -1619.753173828125
v -134.39642333984375 -262.6604309082031 -1620.9476318359375
v -51.62297058105469 -250.19476318359375 -1616.07177734375
v -77.596435546875 -249.77964782714844 -1616.256591796875
v -84.78888702392578 -247.48394775390625 -1618.76220703125
v -126.84001159667969 -243.2171630859375 -1619.1944580078125
v 33.965999603271484 -245.0979766845703 -1620.4974365234375
v -50.096797943115234 -367.46063232421875 -1610.822021484375
v 56.50606155395508 -350.78179931640625 -1621.0357666015625
v 77.61161804199219 -353.7640380859375 -1614.1063232421875
v -128.19212341308594 -276.04718017578125 -1616.5120849609375
v -116.81104278564453 -270.45281982421875 -1617.4351806640625
v -3.782104253768921 -251.39126586914062 -1624.2789306640625
v -110.13494873046875 -249.5333251953125 -1623.1905517578125
v 41.17174530029297 -242.93710327148438 -1618.931640625
v -33.092227935791016 -373.7868957519531 -1619.726318359375
v 98.74260711669922 -327.6509704589844 -1621.56591796875
v -102.342041015625 -313.3838195800781 -1617.23193359375
v 111.13573455810547 -300.4577941894531 -1615.824462890625
v 119.51732635498047 -253.8973388671875 -1619.1416015625
v 33.41761779785156 -242.32293701171875 -1615.8502197265625
v 42.20612716674805 -371.973388671875 -1607.184814453125
v -116.57040405273438 -317.8237609863281 -1615.18994140625
v -114.4026107788086 -279.83306884765625 -1615.303955078125
v 53.620750427246094 -240.2915802001953 -1615.166015625
v -140.4085235595703 -242.01809692382812 -1611.2210693359375
v 77.57566833496094 -236.23057556152344 -1612.38671875
v 124.29832458496094 -229.12510681152344 -1620.5098876953125
v -99.21916961669922 -317.799072265625 -1628.8447265625
v 97.89082336425781 -304.8818359375 -1619.021728515625
v 112.91901397705078 -295.288818359375 -1609.5008544921875
v 100.4222640991211 -284.5971984863281 -1620.50341796875
v -106.39535522460938 -249.39141845703125 -1615.0562744140625
v 49.72422790527344 -238.5970458984375 -1617.6766357421875
v -8.703880310058594 -379.138671875 -1613.74951171875
v 115.86114501953125 -269.4430236816406 -1617.5618896484375
v -40.22014617919922 -250.21585083007812 -1614.2830810546875
v -114.38417053222656 -248.35086059570312 -1612.6219482421875
v -145.36912536621094 -224.0063018798828 -1615.82275390625
v 106.7452392578125 -228.51783752441406 -1614.8162841796875
v 11.841206550598145 -376.82269287109375 -1611.482421875
v -61.555686950683594 -363.8110656738281 -1611.1585693359375
v -86.01248168945312 -350.8259582519531 -1618.1644287109375
v 81.42665100097656 -335.2174377441406 -1621.4730224609375
v -108.9683609008789 -328.6276550292969 -1614.7987060546875
v 114.146240234375 -279.2069091796875 -1615.328369140625
v 18.96405792236328 -251.30316162109375 -1614.250244140625
v -13.98099136352539 -250.24386596679688 -1612.818603515625
v -35.480674743652344 -247.09715270996094 -1611.2261962890625
v -26.331090927124023 -247.9346466064453 -1615.2513427734375
v 93.16605377197266 -227.92164611816406 -1611.423583984375
v -149.0011749267578 -215.50836181640625 -1610.811279296875
v -150.974853515625 -199.4425506591797 -1618.134033203125
v -6.290340423583984 -378.034423828125 -1608.2720947265625
v -58.28872299194336 -350.2688293457031 -1612.6187744140625
v -125.65989685058594 -297.38372802734375 -1617.0863037109375
v -134.8629913330078 -262.67584228515625 -1612.85009765625
v 117.6135025024414 -266.5083923339844 -1607.2388916015625
v 1.0358130931854248 -251.0064239501953 -1615.3232421875
v -138.0940704345703 -246.55877685546875 -1614.804931640625
v -150.63934326171875 -198.4261016845703 -1605.560791015625
v 36.91557312011719 -358.6612243652344 -1618.9224853515625
v 95.80171966552734 -312.931884765625 -1612.1639404296875
v -126.590087890625 -288.5440979003906 -1613.35400390625
v -128.71128845214844 -278.0373840332031 -1610.0230712890625
v -131.6138458251953 -272.9281005859375 -1609.1343994140625
v -65.6221923828125 -250.27674865722656 -1609.129638671875
v -93.2642822265625 -248.92852783203125 -1611.6055908203125
v 34.929527282714844 -243.23287963867188 -1609.282470703125
v 47.688175201416016 -241.99420166015625 -1604.2496337890625
v 87.96652221679688 -232.9187774658203 -1614.4822998046875
v -146.5736846923828 -223.55557250976562 -1610.6905517578125
v -84.25494384765625 -332.83294677734375 -1615.86767578125
v 108.33500671386719 -310.6904602050781 -1612.01318359375
v 110.69463348388672 -307.01629638671875 -1609.2215576171875
v -131.98646545410156 -263.5589904785156 -1612.12939453125
v 114.32199096679688 -276.691650390625 -1611.297119140625
v -122.32485961914062 -245.0951385498047 -1610.59375
v 38.79661178588867 -239.81265258789062 -1612.3057861328125
v 87.40082550048828 -344.89703369140625 -1611.925048828125
v 104.45755004882812 -268.2128601074219 -1614.765380859375
v 105.58731842041016 -262.885009765625 -1611.064453125
v -120.77501678466797 -260.20709228515625 -1615.809814453125
v -43.533267974853516 -250.6298065185547 -1610.986328125
v -24.135038375854492 -361.9933776855469 -1600.600830078125
v 87.8507308959961 -328.8529357910156 -1611.3175048828125
v -139.33921813964844 -247.48545837402344 -1615.7178955078125
v 109.02389526367188 -230.62367248535156 -1612.499267578125
v 6.560445785522461 -378.1943054199219 -1614.5745849609375
v -6.001560211181641 -361.77850341796875 -1611.76318359375
v -135.3428497314453 -259.8880310058594 -1608.0753173828125
v -92.64335632324219 -248.86480712890625 -1607.3797607421875
v 25.090429306030273 -243.4289093017578 -1610.3092041015625
v -125.52739715576172 -238.95726013183594 -1603.7530517578125
v 100.09355163574219 -228.93017578125 -1609.864501953125
v 25.892404556274414 -374.62933349609375 -1608.9749755859375
v -97.2143783569336 -343.21234130859375 -1610.73193359375
v -93.57566833496094 -323.4049377441406 -1611.7879638671875
v 100.79838562011719 -292.5555114746094 -1611.4150390625
v -132.0313262939453 -261.6092224121094 -1610.308349609375
v -6.063216209411621 -249.9007568359375 -1613.1505126953125
v 67.92926025390625 -240.40127563476562 -1605.8883056640625
v 41.069496154785156 -237.63946533203125 -1608.9698486328125
v -19.723798751831055 -376.9252014160156 -1612.6685791015625
v 2.1910150051116943 -362.0441589355469 -1603.256591796875
v 8.79146671295166 -362.22161865234375 -1602.972412109375
v -125.15768432617188 -298.08544921875 -1604.15380859375
v 114.28578186035156 -285.2591552734375 -1609.69580078125
v 102.9168472290039 -280.7951965332031 -1604.7705078125
v -132.7445526123047 -257.9580078125 -1605.731689453125
v -137.73338317871094 -249.46209716796875 -1608.0640869140625
v -19.23716926574707 -249.58132934570312 -1606.968505859375
v 126.63443756103516 -226.94961547851562 -1608.0885009765625
v -52.173431396484375 -352.6497497558594 -1613.2000732421875
v -108.17034149169922 -304.12738037109375 -1615.8179931640625
v -128.1162109375 -288.32806396484375 -1607.935302734375
v -116.00779724121094 -269.6903381347656 -1606.9722900390625
v 60.902347564697266 -241.56715393066406 -1610.3587646484375
v 109.62886047363281 -228.0234832763672 -1606.73291015625
v 95.4295883178711 -334.2750244140625 -1614.555908203125
v -131.24545288085938 -280.442138671875 -1606.380859375
v -86.72901153564453 -246.74986267089844 -1605.17529296875
v 25.430953979492188 -245.18231201171875 -1603.313232421875
v 33.06692886352539 -242.12486267089844 -1605.506591796875
v -125.06649017333984 -244.212158203125 -1609.945068359375
v -11.522825241088867 -376.6729736328125 -1600.827392578125
v 17.218778610229492 -247.63145446777344 -1605.7322998046875
v 61.51567459106445 -364.7948913574219 -1601.3955078125
v 69.6710205078125 -360.21209716796875 -1602.8836669921875
v 57.98648452758789 -350.7983703613281 -1606.9794921875
v -133.58790588378906 -265.9028015136719 -1608.99853515625
v -8.778298377990723 -251.08993530273438 -1602.955322265625
v 7.182303428649902 -250.70706176757812 -1606.2413330078125
v -40.08180618286133 -246.9362335205078 -1606.8564453125
v -74.30138397216797 -246.760498046875 -1603.6259765625
v -147.566162109375 -218.98968505859375 -1606.1177978515625
v -38.613739013671875 -357.28485107421875 -1605.4876708984375
v 91.90060424804688 -322.8860168457031 -1603.479736328125
v 109.74996948242188 -307.6512451171875 -1602.52392578125
v -130.99769592285156 -272.6617431640625 -1604.6043701171875
v 105.51409149169922 -242.37213134765625 -1621.9019775390625
v -109.27711486816406 -250.13673400878906 -1607.9625244140625
v -138.11337280273438 -244.61221313476562 -1603.14013671875
v 107.34516906738281 -225.93968200683594 -1605.185302734375
v 85.60488891601562 -347.1746826171875 -1604.8990478515625
v 66.31769561767578 -346.6573791503906 -1591.967529296875
v -91.81314086914062 -347.96142578125 -1600.507568359375
v 79.59208679199219 -337.3827819824219 -1606.9404296875
v -126.3470230102539 -290.779541015625 -1606.4139404296875
v -132.04336547851562 -266.67840576171875 -1603.6337890625
v -94.26559448242188 -246.00221252441406 -1602.7115478515625
v 67.46620178222656 -240.4237060546875 -1594.7076416015625
v 78.17597198486328 -237.828857421875 -1606.0843505859375
v -143.91232299804688 -231.02732849121094 -1601.1070556640625
v -149.9738311767578 -210.04660034179688 -1607.42529296875
v -7.928877353668213 -363.25457763671875 -1602.4779052734375
v 80.08173370361328 -352.609619140625 -1607.2379150390625
v -122.69953155517578 -306.2688903808594 -1607.00390625
v -127.27421569824219 -298.7354736328125 -1604.9591064453125
v -114.64065551757812 -250.8334503173828 -1601.79296875
v -20.374113082885742 -249.0838165283203 -1603.0850830078125
v -30.04317283630371 -249.0557861328125 -1605.3382568359375
v -118.57002258300781 -246.3878631591797 -1602.6785888671875
v -88.21028137207031 -244.04421997070312 -1601.1209716796875
v 59.69635772705078 -242.6069793701172 -1604.561279296875
v -18.84100341796875 -361.9206848144531 -1605.0604248046875
v -69.60099792480469 -343.403564453125 -1603.19482421875
v -111.88206481933594 -289.1566467285156 -1596.2740478515625
v -128.18862915039062 -278.0001525878906 -1602.222900390625
v -109.42438507080078 -251.29931640625 -1601.731689453125
v -122.92280578613281 -248.77783203125 -1601.1163330078125
v -54.14331817626953 -248.6248321533203 -1602.3548583984375
v 43.68281936645508 -242.3142547607422 -1601.7939453125
v -145.2440948486328 -222.0284881591797 -1602.50146484375
v 17.77416229248047 -376.535400390625 -1597.902099609375
v -104.21199035644531 -336.2990417480469 -1599.16015625
v 112.77903747558594 -299.38116455078125 -1600.9937744140625
v -136.57833862304688 -249.792236328125 -1602.935791015625
v -104.12149810791016 -246.3633575439453 -1609.662353515625
v 123.13195037841797 -248.97132873535156 -1596.855712890625
v 85.2745132446289 -233.3682403564453 -1598.845947265625
v 1.894562840461731 -377.33978271484375 -1606.1617431640625
v -65.03714752197266 -362.51678466796875 -1600.18701171875
v -109.38740539550781 -328.5171203613281 -1605.3431396484375
v -109.77168273925781 -299.21173095703125 -1604.070068359375
v -134.33071899414062 -260.7020568847656 -1600.8701171875
v -67.39911651611328 -248.27471923828125 -1601.8382568359375
v 89.34478759765625 -231.73622131347656 -1603.713134765625
v 97.12614440917969 -232.64651489257812 -1602.404296875
v -147.36830139160156 -221.52772521972656 -1596.3939208984375
v -27.28853416442871 -375.2785339355469 -1608.431884765625
v -84.20391082763672 -353.1269226074219 -1608.2919921875
v 85.19024658203125 -348.5787658691406 -1599.8857421875
v 70.65984344482422 -343.05072021484375 -1608.7091064453125
v -84.0025405883789 -333.03118896484375 -1597.6824951171875
v 17.85772705078125 -244.49461364746094 -1602.6146240234375
v 119.86446380615234 -258.97833251953125 -1605.361083984375
v -46.13794708251953 -368.01904296875 -1600.464599609375
v -77.02847290039062 -357.62664794921875 -1602.5477294921875
v -46.481712341308594 -357.17572021484375 -1608.078125
v -93.58329772949219 -351.78955078125 -1598.9112548828125
v -118.216552734375 -314.776611328125 -1595.7764892578125
v -122.16988372802734 -306.7715148925781 -1588.6876220703125
v -130.5477294921875 -277.2882385253906 -1600.5765380859375
v -131.97303771972656 -268.7198791503906 -1599.8369140625
v -14.355965614318848 -250.13441467285156 -1600.189697265625
v -118.62445068359375 -250.35635375976562 -1597.6712646484375
v -101.76492309570312 -247.80894470214844 -1600.9078369140625
v 126.9286880493164 -229.3854522705078 -1601.4544677734375
v 30.56577491760254 -359.17822265625 -1601.2005615234375
v 114.45594024658203 -289.1500549316406 -1599.3892822265625
v -129.33486938476562 -286.2160949707031 -1599.001953125
v -121.17407989501953 -250.72145080566406 -1592.4249267578125
v -42.02276611328125 -247.58990478515625 -1598.6024169921875
v 38.37308120727539 -239.7165985107422 -1602.3037109375
v 77.99781036376953 -237.3250732421875 -1598.53369140625
v 36.591552734375 -372.8908386230469 -1598.2265625
v -84.5430908203125 -353.3488464355469 -1594.2939453125
v 95.70955657958984 -312.8935546875 -1593.2457275390625
v -127.44459533691406 -292.2864074707031 -1597.862548828125
v -138.32635498046875 -246.40733337402344 -1597.3138427734375
v 55.36746597290039 -242.66383361816406 -1597.242431640625
v 110.58209991455078 -230.98353576660156 -1601.923583984375
v -5.584997653961182 -377.698486328125 -1598.6705322265625
v -42.55930709838867 -356.16632080078125 -1596.6605224609375
v -94.34988403320312 -346.12689208984375 -1596.3489990234375
v 104.91231536865234 -320.2267150878906 -1608.707763671875
v -128.51071166992188 -271.4629821777344 -1596.476806640625
v 5.239805698394775 -248.78871154785156 -1599.9276123046875
v -141.0718231201172 -238.6820526123047 -1597.2374267578125
v 104.35554504394531 -232.07057189941406 -1594.6748046875
v 76.31428527832031 -356.4581298828125 -1591.511962890625
v -51.409732818603516 -352.9296569824219 -1600.65966796875
v -86.73193359375 -351.93896484375 -1600.649658203125
v -109.94937133789062 -297.281005859375 -1594.85986328125
v 108.5364761352539 -241.66943359375 -1600.926025390625
v 22.89717674255371 -242.55892944335938 -1592.4920654296875
v 109.8676986694336 -229.21762084960938 -1597.17626953125
v 109.617919921875 -310.7272033691406 -1595.8992919921875
v -125.14863586425781 -292.8677062988281 -1596.6793212890625
v 99.32612609863281 -301.2431945800781 -1601.1500244140625
v 105.51983642578125 -256.3412170410156 -1599.69091796875
v 14.532699584960938 -248.2011260986328 -1595.7298583984375
v 22.970970153808594 -243.59832763671875 -1596.50927734375
v 43.69293975830078 -244.02955627441406 -1598.0836181640625
v 33.53137969970703 -244.406982421875 -1592.1455078125
v 29.70182991027832 -241.70985412597656 -1599.124755859375
v -147.14122009277344 -219.92306518554688 -1591.845703125
v -28.556068420410156 -372.9322814941406 -1585.0711669921875
v -56.393497467041016 -351.8206481933594 -1598.396728515625
v 79.36669158935547 -337.5483703613281 -1596.595703125
v -134.97190856933594 -248.59864807128906 -1593.172119140625
v -6.880398273468018 -249.20164489746094 -1594.3565673828125
v -80.7462387084961 -242.26730346679688 -1599.3916015625
v -20.103025436401367 -375.2186279296875 -1592.61279296875
v 22.376493453979492 -360.5162353515625 -1602.4090576171875
v -35.71693420410156 -359.34197998046875 -1599.687255859375
v -127.07821655273438 -275.2434997558594 -1596.6566162109375
v -116.16226959228516 -262.8006591796875 -1590.9488525390625
v -110.0948715209961 -249.80477905273438 -1594.12109375
v -14.189477920532227 -250.03961181640625 -1593.0198974609375
v -4.64133882522583 -362.03515625 -1590.85107421875
v -96.31497955322266 -351.4248962402344 -1595.8985595703125
v -94.44580078125 -322.5414123535156 -1595.7431640625
v 115.98471069335938 -281.99395751953125 -1600.912353515625
v 117.78875732421875 -271.6348571777344 -1591.667724609375
v -129.7660369873047 -261.042724609375 -1595.46630859375
v -74.2430191040039 -242.52120971679688 -1598.2159423828125
v -141.80303955078125 -236.91831970214844 -1591.516357421875
v 3.2683932781219482 -378.43109130859375 -1592.2340087890625
v -40.10905838012695 -371.2887878417969 -1598.9212646484375
v -93.81845092773438 -354.640869140625 -1595.79052734375
v -93.14800262451172 -347.3495178222656 -1591.4241943359375
v 90.71605682373047 -343.1397399902344 -1591.697021484375
v 101.64179229736328 -328.6183776855469 -1598.010009765625
v -124.87297821044922 -297.1580810546875 -1589.39208984375
v 113.87035369873047 -287.7578125 -1591.5009765625
v 9.338705062866211 -248.76161193847656 -1591.9036865234375
v -52.958621978759766 -244.44749450683594 -1600.1287841796875
v 100.39596557617188 -229.64340209960938 -1598.5257568359375
v 3.1909708976745605 -361.93719482421875 -1589.0523681640625
v -99.59600830078125 -316.38330078125 -1600.1536865234375
v -127.35274505615234 -268.5606384277344 -1591.78955078125
v 1.177156925201416 -246.9899139404297 -1594.1263427734375
v -74.72821807861328 -244.0114288330078 -1588.738037109375
v 16.913217544555664 -243.3618927001953 -1591.2349853515625
v 12.922808647155762 -377.9869384765625 -1595.9722900390625
v -54.133827209472656 -367.5354309082031 -1595.8258056640625
v -67.28267669677734 -345.5238342285156 -1596.8824462890625
v 91.79817962646484 -321.60205078125 -1590.8775634765625
v -103.45048522949219 -311.1730041503906 -1597.436767578125
v 104.49710083007812 -269.91595458984375 -1606.4534912109375
v -66.34983825683594 -244.61947631835938 -1597.204345703125
v 125.8634033203125 -242.01931762695312 -1590.771728515625
v 80.16793060302734 -233.3065948486328 -1591.91943359375
v 110.62252044677734 -235.71592712402344 -1595.2740478515625
v -150.01193237304688 -199.0016326904297 -1592.2669677734375
v 37.68076705932617 -358.9053955078125 -1606.7625732421875
v 88.04571533203125 -328.7450866699219 -1601.7940673828125
v 104.69865417480469 -323.56658935546875 -1593.666748046875
v 108.44856262207031 -314.1456604003906 -1590.6734619140625
v 112.64774322509766 -295.96246337890625 -1592.18017578125
v -124.98833465576172 -291.0871887207031 -1593.2412109375
v -125.88310241699219 -274.29193115234375 -1590.6099853515625
v -103.63880157470703 -251.5380096435547 -1590.7083740234375
v -26.932653427124023 -249.7138671875 -1592.0765380859375
v -86.45171356201172 -244.28636169433594 -1592.890380859375
v 94.64400482177734 -338.0578308105469 -1595.02587890625
v 83.69791412353516 -333.6233215332031 -1577.5323486328125
v -3.741290807723999 -248.9268798828125 -1589.247314453125
v 92.66026306152344 -233.0829620361328 -1595.4613037109375
v -149.73724365234375 -197.11048889160156 -1585.6822509765625
v -7.763016223907471 -377.6747741699219 -1580.5814208984375
v -19.34576416015625 -362.39801025390625 -1591.688720703125
v -113.70895385742188 -321.77020263671875 -1586.6798095703125
v -96.24797821044922 -245.71725463867188 -1590.512451171875
v 23.289794921875 -244.05943298339844 -1587.8951416015625
v 55.88459396362305 -367.9034423828125 -1591.4647216796875
v -60.856258392333984 -363.86328125 -1581.83642578125
v -56.45320129394531 -351.3812561035156 -1588.2684326171875
v -79.71015930175781 -336.0581359863281 -1594.0400390625
v -126.07772827148438 -286.8396911621094 -1592.731201171875
v 61.358463287353516 -240.84207153320312 -1590.3131103515625
v -149.5411376953125 -206.98985290527344 -1598.717529296875
v -26.233251571655273 -361.4957275390625 -1591.407470703125
v -126.08609771728516 -285.8302001953125 -1587.4033203125
v -53.09939193725586 -245.53131103515625 -1589.73583984375
v -88.2855453491211 -242.58265686035156 -1585.85546875
v -142.9390869140625 -238.3553009033203 -1587.4525146484375
v 80.58611297607422 -233.32586669921875 -1587.38916015625
v 37.4951286315918 -375.52545166015625 -1588.5770263671875
v -98.87660217285156 -317.1335754394531 -1575.463623046875
v 117.12090301513672 -275.0196838378906 -1586.193359375
v -126.66275787353516 -273.4403076171875 -1587.8280029296875
v -129.19174194335938 -259.5114440917969 -1589.349853515625
v 2.0419631004333496 -247.2010498046875 -1582.9713134765625
v 43.799861907958984 -244.24765014648438 -1589.102294921875
v 129.06314086914062 -228.7373504638672 -1590.0850830078125
v 26.231666564941406 -374.8531799316406 -1589.2127685546875
v -100.03653717041016 -340.51885986328125 -1585.91357421875
v -74.06869506835938 -340.094482421875 -1591.2581787109375
v 4.155109405517578 -249.5133514404297 -1588.2855224609375
v 107.68632507324219 -247.68807983398438 -1585.884033203125
v -16.49640464782715 -248.79180908203125 -1587.865478515625
v 69.82500457763672 -236.7014923095703 -1587.15869140625
v 13.987345695495605 -361.4075622558594 -1595.2340087890625
v 67.90393829345703 -361.736572265625 -1581.5728759765625
v 118.83973693847656 -266.60693359375 -1591.2890625
v -49.3915901184082 -353.8525085449219 -1583.4739990234375
v -93.73265838623047 -322.2294006347656 -1590.6397705078125
v 120.40675354003906 -262.0294494628906 -1584.027099609375
v -7.442997455596924 -249.31475830078125 -1587.2408447265625
v -122.19978332519531 -245.724853515625 -1581.50732421875
v -33.15728759765625 -248.67410278320312 -1587.27587890625
v -107.96865844726562 -244.28668212890625 -1582.810546875
v -62.66565704345703 -245.46653747558594 -1587.111083984375
v 109.29542541503906 -233.47406005859375 -1584.7127685546875
v 43.02565383911133 -376.021240234375 -1586.3072509765625
v -8.521602630615234 -361.99981689453125 -1580.6182861328125
v 105.48210906982422 -263.9220886230469 -1593.3133544921875
v -99.50677490234375 -246.8053436279297 -1579.7720947265625
v -83.052734375 -245.84397888183594 -1586.48291015625
v -94.67961120605469 -244.11277770996094 -1581.374267578125
v -145.55014038085938 -219.4166717529297 -1583.468505859375
v -35.73460006713867 -359.185302734375 -1587.4039306640625
v 113.58650207519531 -296.6048278808594 -1582.40283203125
v 99.88482666015625 -296.9849548339844 -1588.492431640625
v -127.64872741699219 -287.0263366699219 -1584.5394287109375
v -131.27157592773438 -268.1138000488281 -1581.908935546875
v -41.5816650390625 -247.653076171875 -1577.8455810546875
v -43.53567123413086 -245.4932098388672 -1582.581787109375
v 13.585658073425293 -242.8211669921875 -1583.79052734375
v 72.35757446289062 -233.84735107421875 -1581.3408203125
v -149.40626525878906 -205.7330322265625 -1581.8994140625
v 97.44689178466797 -311.11334228515625 -1577.649658203125
v -113.8025894165039 -272.2154235839844 -1590.1837158203125
v -128.0113525390625 -275.75762939453125 -1583.9696044921875
v -15.180761337280273 -246.03565979003906 -1582.2347412109375
v 108.89344787597656 -242.5671844482422 -1583.0343017578125
v -138.79965209960938 -241.60174560546875 -1588.2542724609375
v 40.78211212158203 -375.80181884765625 -1581.4613037109375
v 51.23413848876953 -369.9169616699219 -1582.062744140625
v 20.722055435180664 -360.007080078125 -1577.0496826171875
v 71.20067596435547 -343.6983947753906 -1588.248291015625
v -108.94380950927734 -299.9490966796875 -1579.6531982421875
v 117.31285095214844 -278.67633056640625 -1581.712890625
v -135.40725708007812 -250.82901000976562 -1585.8831787109375
v -26.866987228393555 -247.5284881591797 -1582.4185791015625
v -105.13421630859375 -248.88995361328125 -1584.439208984375
v -3.3710856437683105 -248.29075622558594 -1579.7066650390625
v -140.6422119140625 -244.04049682617188 -1585.4669189453125
v -114.66146087646484 -251.0049285888672 -1587.8931884765625
v 4.280102252960205 -242.733154296875 -1580.8387451171875
v -146.80299377441406 -215.86627197265625 -1577.8206787109375
v 2.331155300140381 -378.21868896484375 -1586.049072265625
v 4.906425952911377 -376.8990783691406 -1582.32177734375
v 11.793907165527344 -377.00274658203125 -1585.1175537109375
v -109.16555786132812 -327.6179504394531 -1581.48974609375
v -132.31468200683594 -261.11285400390625 -1580.507568359375
v -136.0895233154297 -249.81207275390625 -1578.03662109375
v -55.43104553222656 -246.0331268310547 -1581.765625
v -50.215633392333984 -244.57952880859375 -1583.87890625
v -135.74526977539062 -246.18458557128906 -1580.1131591796875
v 65.06481170654297 -239.3743896484375 -1584.6007080078125
v 58.31887435913086 -241.0822296142578 -1580.66748046875
v 86.19813537597656 -235.80694580078125 -1584.94970703125
v 93.46151733398438 -233.55316162109375 -1586.127197265625
v 89.74269104003906 -325.73486328125 -1579.9925537109375
v -48.08394241333008 -247.34010314941406 -1578.39111328125
v 127.34938049316406 -239.05551147460938 -1579.3516845703125
v -148.6588897705078 -214.42709350585938 -1582.3724365234375
v -2.1465704441070557 -377.9267883300781 -1580.7127685546875
v -85.34537506103516 -352.9077453613281 -1590.4801025390625
v -56.964752197265625 -348.84552001953125 -1574.0517578125
v -65.48262023925781 -246.7853240966797 -1581.87109375
v -83.61442565917969 -242.99285888671875 -1578.789306640625
v 35.58061981201172 -243.7888946533203 -1578.324951171875
v -142.6927947998047 -234.9579315185547 -1580.340087890625
v 85.44706726074219 -234.4576416015625 -1576.24462890625
v -148.6689910888672 -201.01895141601562 -1578.35693359375
v 15.900246620178223 -377.68798828125 -1585.92333984375
v -47.43698501586914 -366.6615905761719 -1579.6861572265625
v 1.7613528966903687 -360.2156677246094 -1580.1585693359375
v -42.498897552490234 -356.3130798339844 -1589.0389404296875
v 82.053955078125 -352.0450439453125 -1585.700927734375
v -96.37181091308594 -342.9552001953125 -1578.6544189453125
v -125.03789520263672 -289.1529846191406 -1582.820556640625
v 101.36164093017578 -285.75860595703125 -1583.4776611328125
v -138.20750427246094 -250.7497100830078 -1576.9874267578125
v -75.84879302978516 -244.87847900390625 -1579.9185791015625
v -69.49124145507812 -244.8168182373047 -1579.5035400390625
v 104.54503631591797 -236.71102905273438 -1581.8612060546875
v 44.335567474365234 -370.3066101074219 -1575.4737548828125
v -72.81884765625 -359.537109375 -1585.025146484375
v 96.80824279785156 -336.6671142578125 -1581.5079345703125
v -128.69847106933594 -271.33184814453125 -1578.4796142578125
v -32.66413116455078 -245.53570556640625 -1575.1845703125
v 19.763504028320312 -245.411865234375 -1579.8798828125
v 110.51017761230469 -235.45030212402344 -1585.249267578125
v -124.28839874267578 -238.9757080078125 -1579.5009765625
v -11.865736961364746 -377.4961242675781 -1584.4473876953125
v 51.71044158935547 -370.7541809082031 -1573.9344482421875
v 47.08796691894531 -356.44744873046875 -1587.38232421875
v -89.50386047363281 -349.826904296875 -1588.846923828125
v -66.31050109863281 -343.71112060546875 -1570.310546875
v 99.5261459350586 -303.7979431152344 -1570.6881103515625
v -126.31867980957031 -285.1714782714844 -1579.8017578125
v 122.39281463623047 -257.80377197265625 -1579.078857421875
v 8.876898765563965 -245.07266235351562 -1575.8731689453125
v -102.29734802246094 -245.6104278564453 -1577.2276611328125
v -29.693939208984375 -359.91937255859375 -1587.8656005859375
v -45.34857940673828 -355.5779724121094 -1573.41748046875
v 88.5475082397461 -345.92437744140625 -1576.3177490234375
v -89.89644622802734 -326.0143127441406 -1584.4947509765625
v 103.14778900146484 -275.064453125 -1579.3243408203125
v -133.1293182373047 -261.6719665527344 -1577.0257568359375
v -68.49322509765625 -244.12081909179688 -1573.203125
v -113.48596954345703 -244.98426818847656 -1580.166748046875
v -115.88157653808594 -238.70205688476562 -1575.36376953125
v -107.38108825683594 -235.20751953125 -1573.9783935546875
v 0.6727300882339478 -376.9743957519531 -1576.5218505859375
v -9.197086334228516 -361.1041564941406 -1575.9364013671875
v 106.81620788574219 -319.8492736816406 -1573.76025390625
v 117.6755599975586 -271.6930847167969 -1571.9473876953125
v -135.1634979248047 -253.9972686767578 -1579.0123291015625
v 30.638328552246094 -242.7753448486328 -1573.4005126953125
v -144.53030395507812 -229.2291717529297 -1578.880126953125
v -148.75535583496094 -208.799560546875 -1575.0650634765625
v -4.691059589385986 -383.8473205566406 -1578.2445068359375
v 37.13309860229492 -375.93255615234375 -1582.9989013671875
v -73.71796417236328 -358.16729736328125 -1575.68994140625
v 90.74989318847656 -342.7486877441406 -1572.5950927734375
v -129.062744140625 -277.6564025878906 -1576.43994140625
v -7.232593536376953 -242.77911376953125 -1573.1910400390625
v -61.04297637939453 -243.8941650390625 -1575.2994384765625
v 95.16018676757812 -237.9630126953125 -1579.2415771484375
v 110.30057525634766 -233.34449768066406 -1575.6917724609375
v 129.25698852539062 -229.1329803466797 -1577.7645263671875
v -4.280828475952148 -384.8638000488281 -1575.3079833984375
v -31.15983772277832 -370.2048034667969 -1568.7025146484375
v -23.635921478271484 -246.0958709716797 -1569.3145751953125
v -79.62364196777344 -243.222900390625 -1573.351806640625
v -91.63758087158203 -242.16763305664062 -1575.5848388671875
v 46.710227966308594 -239.49740600585938 -1570.9151611328125
v 52.01051712036133 -241.88792419433594 -1579.6209716796875
v -101.51109313964844 -239.44903564453125 -1574.041015625
v -139.14210510253906 -237.9273223876953 -1570.22705078125
v 129.7169647216797 -225.9689483642578 -1575.7508544921875
v -12.497027397155762 -376.7367858886719 -1573.317626953125
v 61.58049392700195 -349.0697937011719 -1566.8385009765625
v -93.59711456298828 -322.47650146484375 -1575.459716796875
v -118.17852783203125 -314.3743896484375 -1572.5311279296875
v -130.8999481201172 -265.5148010253906 -1574.1170654296875
v -133.77676391601562 -263.2942199707031 -1571.1646728515625
v -135.6482696533203 -261.1628112792969 -1573.36328125
v 104.8812484741211 -262.682373046875 -1572.6649169921875
v 123.63311767578125 -251.9916229248047 -1575.360595703125
v -15.357688903808594 -247.35012817382812 -1576.1265869140625
v -1.676763892173767 -242.73252868652344 -1575.978515625
v 108.89169311523438 -232.8074493408203 -1576.528564453125
v -149.00390625 -199.4077606201172 -1573.5936279296875
v 52.758602142333984 -354.44696044921875 -1579.6038818359375
v -125.22473907470703 -289.1717529296875 -1576.6448974609375
v 103.03460693359375 -268.1986999511719 -1568.58837890625
v -136.685546875 -248.8416290283203 -1572.7332763671875
v 109.40345001220703 -230.75625610351562 -1571.2877197265625
v 11.000925064086914 -376.8452453613281 -1576.690673828125
v -33.26715087890625 -357.8580627441406 -1570.970458984375
v -125.1955337524414 -286.07440185546875 -1573.7659912109375
v 116.01284790039062 -282.7332763671875 -1575.2218017578125
v 15.934128761291504 -242.67254638671875 -1570.217041015625
v -140.62586975097656 -239.86363220214844 -1576.382080078125
v 96.28987884521484 -238.86241149902344 -1572.914794921875
v -147.3202362060547 -217.51890563964844 -1572.926513671875
v 58.52642822265625 -365.726318359375 -1559.218505859375
v -8.898990631103516 -361.20147705078125 -1569.177490234375
v 39.154720306396484 -357.38623046875 -1577.12646484375
v 78.36902618408203 -354.3018798828125 -1579.9713134765625
v -99.13106536865234 -242.87445068359375 -1573.543701171875
v -146.01304626464844 -222.3464813232422 -1574.31005859375
v 7.324733257293701 -375.7474365234375 -1568.9969482421875
v 44.072792053222656 -372.6133728027344 -1571.451904296875
v -37.57535171508789 -369.5747375488281 -1578.208740234375
v 50.4508056640625 -368.5497131347656 -1574.4954833984375
v 75.95366668701172 -339.7439270019531 -1570.513427734375
v -106.25122833251953 -330.61505126953125 -1571.666259765625
v -111.40874481201172 -323.13787841796875 -1568.5032958984375
v -124.82880401611328 -296.8072509765625 -1576.788818359375
v -129.7394256591797 -287.6860046386719 -1573.4439697265625
v -127.44279479980469 -281.031005859375 -1568.8641357421875
v -115.30485534667969 -265.6275939941406 -1581.552490234375
v -49.0491828918457 -246.3640594482422 -1572.9798583984375
v -61.92909622192383 -245.55581665039062 -1570.134765625
v -93.61123657226562 -244.27476501464844 -1572.5655517578125
v -14.486605644226074 -245.10498046875 -1571.779541015625
v -113.97407531738281 -238.7666778564453 -1566.0076904296875
v -124.36093139648438 -239.70635986328125 -1575.9512939453125
v -145.3385772705078 -219.5100860595703 -1572.3765869140625
v -5.173664569854736 -376.777099609375 -1571.4625244140625
v -20.556352615356445 -375.5385437011719 -1575.7132568359375
v 23.916521072387695 -373.5477294921875 -1574.1766357421875
v 13.241865158081055 -359.3064270019531 -1574.935546875
v -17.50937271118164 -360.2073059082031 -1569.788330078125
v -88.25213623046875 -325.8246765136719 -1566.18408203125
v 94.71228790283203 -317.8889465332031 -1568.849853515625
v -104.5676040649414 -308.7666015625 -1570.946533203125
v -130.02359008789062 -272.2684631347656 -1572.883544921875
v 126.81275939941406 -243.75938415527344 -1573.8692626953125
v 128.41766357421875 -242.02561950683594 -1565.962890625
v -111.4471435546875 -239.58984375 -1571.192626953125
v 93.22850036621094 -237.01705932617188 -1568.66259765625
v 101.51641082763672 -292.0502624511719 -1569.506103515625
v 110.23841857910156 -244.6719207763672 -1570.8353271484375
v -30.072355270385742 -243.9893798828125 -1569.071044921875
v -121.47509765625 -247.38079833984375 -1573.951904296875
v 76.1317367553711 -234.42332458496094 -1576.1502685546875
v 14.705049514770508 -357.84954833984375 -1558.986328125
v -96.96837615966797 -317.5443420410156 -1565.351318359375
v -134.0009765625 -260.0642395019531 -1564.078125
v -136.13023376464844 -256.70318603515625 -1567.9510498046875
v -141.84288024902344 -243.34283447265625 -1571.7784423828125
v -5.063924789428711 -242.3001708984375 -1568.985595703125
v -136.43215942382812 -245.6650390625 -1567.0791015625
v -104.08222961425781 -241.9934539794922 -1569.47314453125
v -13.162389755249023 -239.83114624023438 -1568.708984375
v 64.31373596191406 -233.4086456298828 -1575.3209228515625
v -146.7167510986328 -222.75949096679688 -1570.614501953125
v -20.964597702026367 -359.68914794921875 -1568.1365966796875
v 8.367968559265137 -360.1925964355469 -1575.7972412109375
v -82.9790267944336 -352.31243896484375 -1571.4300537109375
v -78.7516860961914 -335.37286376953125 -1573.3380126953125
v 84.39315795898438 -332.5224609375 -1567.014892578125
v 109.63570404052734 -312.34344482421875 -1574.021484375
v -117.47010803222656 -261.3410339355469 -1569.4041748046875
v -38.37875747680664 -246.5318145751953 -1569.2900390625
v -88.67826843261719 -245.4781036376953 -1565.648193359375
v -98.9248275756836 -244.17210388183594 -1568.751953125
v -143.1728515625 -232.4170684814453 -1570.1402587890625
v -1.252365231513977 -359.00347900390625 -1566.0379638671875
v 67.59342193603516 -345.5582580566406 -1569.499755859375
v -91.22203826904297 -323.8833312988281 -1569.52880859375
v 97.67300415039062 -310.9464111328125 -1567.95849609375
v -111.83699035644531 -289.07757568359375 -1576.8585205078125
v -56.7939567565918 -244.4755096435547 -1569.827880859375
v 35.2982063293457 -371.13214111328125 -1561.54638671875
v 58.681480407714844 -366.32666015625 -1573.4345703125
v -89.11408233642578 -347.9521179199219 -1572.048583984375
v -101.91398620605469 -335.267333984375 -1571.3397216796875
v 102.1709976196289 -328.4183654785156 -1574.9102783203125
v -81.37309265136719 -246.1778564453125 -1567.090576171875
v -44.86115264892578 -244.11245727539062 -1568.031005859375
v 8.19156551361084 -242.74195861816406 -1568.651611328125
v -76.83137512207031 -242.6800079345703 -1565.768310546875
v -54.208377838134766 -242.4031524658203 -1566.236083984375
v 43.978084564208984 -237.5603790283203 -1565.84375
v 110.39677429199219 -241.6311798095703 -1559.2735595703125
v 55.99055862426758 -235.18975830078125 -1568.2047119140625
v 130.04367065429688 -229.7650909423828 -1569.97265625
v -15.307744979858398 -375.4380187988281 -1568.26171875
v 47.90672302246094 -368.8960876464844 -1565.432861328125
v 76.07990264892578 -356.1363220214844 -1574.6947021484375
v 110.26456451416016 -309.23162841796875 -1563.59619140625
v 113.41786193847656 -291.83685302734375 -1569.114013671875
v -125.03700256347656 -294.36773681640625 -1566.1513671875
v 122.19699096679688 -262.1891784667969 -1569.8341064453125
v -140.6678009033203 -240.7066192626953 -1565.4931640625
v 87.023193359375 -237.90841674804688 -1569.883056640625
v 82.16261291503906 -234.6344451904297 -1570.89990234375
v 104.52748107910156 -230.576904296875 -1566.2235107421875
v 15.044859886169434 -373.0259094238281 -1561.44140625
v -61.26240921020508 -345.4094543457031 -1561.5291748046875
v -138.62228393554688 -250.21343994140625 -1566.063720703125
v -70.0329818725586 -244.52052307128906 -1567.61181640625
v -5.881889343261719 -377.16864013671875 -1565.9722900390625
v 8.97254753112793 -358.59478759765625 -1562.7757568359375
v -95.5501708984375 -339.6846923828125 -1564.24658203125
v -123.0008773803711 -304.2374267578125 -1572.5086669921875
v 114.14425659179688 -295.21807861328125 -1564.4100341796875
v 114.48435974121094 -285.5536193847656 -1570.0595703125
v -129.7561492919922 -278.53173828125 -1566.466796875
v -130.7578125 -274.6045227050781 -1560.973876953125
v -102.30765533447266 -242.26864624023438 -1563.64990234375
v -23.45206069946289 -238.3751678466797 -1562.60791015625
v -22.212556838989258 -358.573486328125 -1563.7042236328125
v -68.39928436279297 -243.24273681640625 -1563.103515625
v -43.57938766479492 -242.87063598632812 -1564.2242431640625
v -109.46172332763672 -242.24632263183594 -1566.1888427734375
v 81.27947998046875 -237.04061889648438 -1559.25830078125
v 103.58610534667969 -236.27005004882812 -1571.288818359375
v 57.26724624633789 -232.60333251953125 -1565.753662109375
v -147.8810577392578 -198.40020751953125 -1560.138671875
v -148.7999267578125 -196.78335571289062 -1563.62744140625
v -6.6460280418396 -374.6272888183594 -1555.6768798828125
v 59.290103912353516 -366.1498107910156 -1555.117919921875
v -61.1166877746582 -244.9013214111328 -1565.9473876953125
v 12.930038452148438 -242.26280212402344 -1561.14697265625
v -52.41547775268555 -241.98936462402344 -1561.997802734375
v 97.53888702392578 -230.73904418945312 -1560.91796875
v -23.52775001525879 -373.9970397949219 -1566.71044921875
v 103.79491424560547 -324.94415283203125 -1556.530029296875
v -124.29132843017578 -299.81549072265625 -1553.693359375
v -75.85318756103516 -239.9149169921875 -1563.4617919921875
v -34.917510986328125 -241.52145385742188 -1565.138916015625
v -122.88463592529297 -237.4605255126953 -1566.8001708984375
v 61.1315803527832 -232.7501678466797 -1562.52294921875
v -148.4904327392578 -202.6583709716797 -1565.7166748046875
v 2.269561767578125 -374.6359558105469 -1560.610595703125
v 58.80523681640625 -365.11761474609375 -1563.6929931640625
v 66.76192474365234 -360.8069763183594 -1552.394775390625
v -105.96415710449219 -329.245361328125 -1561.494873046875
v 122.18525695800781 -259.77197265625 -1564.2659912109375
v -10.8822021484375 -241.1140594482422 -1563.4156494140625
v 73.4880599975586 -232.5626983642578 -1563.4674072265625
v -147.35903930664062 -213.8135528564453 -1567.983642578125
v -68.243408203125 -357.4365539550781 -1561.694091796875
v 72.84827423095703 -341.8712463378906 -1562.1024169921875
v 92.20026397705078 -321.74871826171875 -1563.275146484375
v 107.94371795654297 -316.5223388671875 -1560.521240234375
v -108.06423950195312 -301.5126647949219 -1567.2496337890625
v -18.6854248046875 -239.83070373535156 -1564.3284912109375
v -61.88491439819336 -243.4191131591797 -1563.97998046875
v -60.9123649597168 -234.3943328857422 -1559.65283203125
v 97.70880889892578 -228.66744995117188 -1560.13037109375
v -6.563328266143799 -360.1256408691406 -1560.29736328125
v -125.70355987548828 -285.26885986328125 -1561.66650390625
v 90.79228210449219 -237.9368133544922 -1563.54736328125
v 50.212623596191406 -233.7425994873047 -1563.7760009765625
v -33.63166809082031 -234.74424743652344 -1562.2159423828125
v 73.34521484375 -357.97265625 -1560.053955078125
v 19.0566349029541 -240.4372100830078 -1559.3909912109375
v -58.07847213745117 -241.6234588623047 -1560.4859619140625
v 41.32862854003906 -235.86849975585938 -1559.93212890625
v 55.431541442871094 -234.30941772460938 -1560.3861083984375
v 55.289833068847656 -369.09454345703125 -1566.446044921875
v -135.18853759765625 -250.97164916992188 -1563.167236328125
v -136.3333740234375 -255.05760192871094 -1561.343505859375
v -137.36947631835938 -246.30247497558594 -1564.6864013671875
v -66.45832061767578 -241.07708740234375 -1559.8148193359375
v 70.79904174804688 -230.66693115234375 -1559.1297607421875
v 27.010133743286133 -370.87432861328125 -1557.9520263671875
v -86.12040710449219 -326.9483642578125 -1558.8553466796875
v 117.00798797607422 -282.6625671386719 -1563.654052734375
v -78.69361114501953 -245.97096252441406 -1557.9281005859375
v -0.46947652101516724 -241.74391174316406 -1560.06591796875
v -15.140762329101562 -240.0840606689453 -1560.265380859375
v 38.14801788330078 -237.606201171875 -1561.3380126953125
v 27.293853759765625 -236.56524658203125 -1555.27392578125
v -146.2074432373047 -216.237060546875 -1559.3636474609375
v -91.38874816894531 -342.57745361328125 -1560.67529296875
v 100.61229705810547 -302.47900390625 -1559.1339111328125
v -137.26895141601562 -250.94053649902344 -1557.2196044921875
v 11.4713716506958 -241.40402221679688 -1559.0841064453125
v -122.15644073486328 -237.43296813964844 -1556.193359375
v -25.85746192932129 -236.86244201660156 -1558.0172119140625
v -140.1192626953125 -238.97000122070312 -1559.4002685546875
v 97.6498794555664 -310.7466125488281 -1558.3785400390625
v 124.88690185546875 -255.2282257080078 -1558.2718505859375
v -116.84786987304688 -237.0647735595703 -1554.852783203125
v -39.39020538330078 -236.52108764648438 -1560.738525390625
v -143.3089599609375 -235.95811462402344 -1558.760009765625
v 94.098876953125 -234.36508178710938 -1558.8262939453125
v 130.1924285888672 -225.90830993652344 -1562.534423828125
v -94.2141342163086 -244.72689819335938 -1560.961669921875
v -68.76143646240234 -242.13162231445312 -1554.0177001953125
v 17.3532657623291 -237.09764099121094 -1555.5496826171875
v -31.48428726196289 -233.05322265625 -1557.2054443359375
v 28.798913955688477 -357.7056884765625 -1569.6060791015625
v 79.18167114257812 -351.0415954589844 -1548.3861083984375
v -66.45033264160156 -339.9695739746094 -1551.6212158203125
v -101.05896759033203 -334.2161560058594 -1555.4332275390625
v -103.7806396484375 -307.8139953613281 -1557.29931640625
v -129.50428771972656 -285.8999328613281 -1553.532470703125
v -121.05101776123047 -252.8148651123047 -1554.4713134765625
v 0.37349826097488403 -247.95318603515625 -1554.2122802734375
v -5.996204376220703 -243.81190490722656 -1553.705322265625
v -97.64750671386719 -243.13983154296875 -1556.175537109375
v -124.44855499267578 -238.79209899902344 -1557.5189208984375
v 24.185583114624023 -240.33428955078125 -1558.4212646484375
v -56.2635612487793 -235.97854614257812 -1557.62158203125
v 31.891376495361328 -234.49085998535156 -1555.705078125
v 62.14423751831055 -233.66896057128906 -1558.845458984375
v -139.25535583496094 -235.50592041015625 -1552.4398193359375
v -145.2490692138672 -224.4536590576172 -1558.5509033203125
v -79.1826400756836 -350.70281982421875 -1558.3055419921875
v 115.04170227050781 -291.64764404296875 -1560.167724609375
v -125.36630249023438 -294.41107177734375 -1559.2945556640625
v -117.54481506347656 -267.7134704589844 -1546.2763671875
v -136.87374877929688 -256.90899658203125 -1557.042236328125
v -88.07038879394531 -249.41506958007812 -1558.7369384765625
v -138.94949340820312 -243.53958129882812 -1556.30029296875
v 106.24156951904297 -237.4921417236328 -1560.1038818359375
v -106.17610168457031 -241.17745971679688 -1556.78271484375
v 44.04657745361328 -234.81996154785156 -1555.9674072265625
v -145.57449340820312 -214.308349609375 -1554.0330810546875
v 16.698131561279297 -371.6565856933594 -1552.8177490234375
v -40.6751823425293 -365.3371276855469 -1553.6175537109375
v -55.912044525146484 -363.845458984375 -1571.86376953125
v -8.24610424041748 -240.0765838623047 -1557.69677734375
v -47.544700622558594 -239.41702270507812 -1558.9510498046875
v 53.21669006347656 -233.47848510742188 -1556.8525390625
v 0.8633196949958801 -372.2862243652344 -1548.4156494140625
v -19.558488845825195 -372.5074768066406 -1555.4332275390625
v 4.054218292236328 -356.65802001953125 -1553.62841796875
v 88.89488983154297 -344.5939636230469 -1561.9971923828125
v 93.1611557006836 -316.6335144042969 -1548.75390625
v 113.65637969970703 -300.20965576171875 -1555.416015625
v -111.2774429321289 -293.4430847167969 -1555.9757080078125
v 103.2616195678711 -280.4316711425781 -1560.2784423828125
v -93.30022430419922 -248.49363708496094 -1555.25
v -140.560302734375 -245.2739715576172 -1552.1153564453125
v 10.319003105163574 -245.86593627929688 -1555.0052490234375
v 49.06907653808594 -241.4796142578125 -1552.3350830078125
v 64.58561706542969 -234.66448974609375 -1555.1767578125
v 85.90050506591797 -235.5736083984375 -1555.9415283203125
v 37.27467727661133 -353.65087890625 -1548.304931640625
v -51.47763442993164 -349.3772888183594 -1563.3267822265625
v 55.4425163269043 -348.8811950683594 -1540.7415771484375
v -113.03620910644531 -286.3143310546875 -1559.03173828125
v 119.21940612792969 -272.220458984375 -1557.39111328125
v 102.71234130859375 -269.9826354980469 -1554.1854248046875
v 32.725120544433594 -245.76934814453125 -1552.785400390625
v -14.67833137512207 -244.48777770996094 -1553.1546630859375
v 52.68198776245117 -239.26605224609375 -1553.5802001953125
v 98.46456909179688 -237.75955200195312 -1549.9207763671875
v -49.56113052368164 -238.31201171875 -1552.95556640625
v 73.87261199951172 -230.983642578125 -1555.242919921875
v 92.34659576416016 -229.2405242919922 -1554.304443359375
v -69.7841796875 -338.7911071777344 -1556.8870849609375
v -127.4334487915039 -284.94580078125 -1555.4517822265625
v -134.61038208007812 -256.4745178222656 -1549.656005859375
v 22.79584503173828 -246.3881378173828 -1552.7391357421875
v -96.69669342041016 -244.3524932861328 -1552.6285400390625
v -22.756542205810547 -241.68373107910156 -1554.067138671875
v -124.31317138671875 -239.0196533203125 -1543.0899658203125
v 88.91848754882812 -234.51441955566406 -1555.24853515625
v 101.68153381347656 -278.48651123046875 -1550.6702880859375
v -130.28514099121094 -277.18194580078125 -1544.9163818359375
v -137.96485900878906 -254.0021514892578 -1545.275390625
v 13.98975944519043 -248.20101928710938 -1553.489990234375
v -87.57002258300781 -249.2339630126953 -1549.247802734375
v -103.24309539794922 -244.09967041015625 -1552.50537109375
v -137.1042938232422 -246.086181640625 -1554.0111083984375
v -76.51522827148438 -241.33950805664062 -1555.2471923828125
v 38.93144607543945 -236.61740112304688 -1553.8631591796875
v -57.136268615722656 -239.58981323242188 -1551.7762451171875
v 35.04326629638672 -368.5607604980469 -1549.797119140625
v -17.32174301147461 -357.35638427734375 -1553.8406982421875
v 86.32515716552734 -326.3385925292969 -1549.9765625
v -110.5645980834961 -239.2335662841797 -1550.35595703125
v -147.56997680664062 -197.58444213867188 -1548.3848876953125
v -45.537208557128906 -363.7386779785156 -1553.461669921875
v 78.62909698486328 -335.1705627441406 -1549.6287841796875
v -93.22518157958984 -319.5838928222656 -1553.8609619140625
v 7.437554836273193 -253.03196716308594 -1550.2293701171875
v -103.60309600830078 -243.49693298339844 -1547.3226318359375
v -67.90415954589844 -243.23574829101562 -1546.9197998046875
v 57.30419921875 -240.5437774658203 -1551.4425048828125
v 129.27981567382812 -238.9029541015625 -1556.609130859375
v -143.45736694335938 -231.39404296875 -1554.208984375
v -147.78607177734375 -204.864990234375 -1555.822509765625
v 52.6208610534668 -367.40777587890625 -1557.8294677734375
v -132.92547607421875 -268.2106628417969 -1551.1539306640625
v 18.580656051635742 -253.3841094970703 -1548.6036376953125
v 109.47804260253906 -246.13429260253906 -1551.726318359375
v -45.15020751953125 -242.2919921875 -1549.4176025390625
v -137.7300262451172 -239.701171875 -1555.034423828125
v 69.950439453125 -237.5050048828125 -1551.7833251953125
v 87.43048095703125 -226.96337890625 -1551.3387451171875
v -25.43634605407715 -367.6148681640625 -1541.863037109375
v -30.12799835205078 -368.4749755859375 -1554.5518798828125
v -33.14137268066406 -355.56396484375 -1556.8387451171875
v 50.71879959106445 -351.6065979003906 -1554.0478515625
v -91.60324096679688 -342.5751953125 -1547.5634765625
v 116.53150939941406 -285.92169189453125 -1549.25048828125
v 104.72771453857422 -262.6142883300781 -1550.677490234375
v 127.82587432861328 -246.93544006347656 -1547.511962890625
v 27.288490295410156 -250.2610626220703 -1549.919677734375
v -92.68235778808594 -247.2720184326172 -1545.253173828125
v -125.38273620605469 -233.69448852539062 -1551.222412109375
v -144.1182098388672 -236.35533142089844 -1550.800537109375
v 77.3621597290039 -230.67674255371094 -1553.4210205078125
v 94.32128143310547 -230.56761169433594 -1553.26806640625
v -143.9462127685547 -216.30970764160156 -1549.1614990234375
v 45.73013687133789 -366.84942626953125 -1540.0250244140625
v 68.6734619140625 -361.13055419921875 -1545.275390625
v -82.90495300292969 -348.67169189453125 -1549.2352294921875
v -100.06214904785156 -312.1130676269531 -1552.8641357421875
v 108.30338287353516 -252.66233825683594 -1554.4586181640625
v -6.191831588745117 -248.6315155029297 -1550.0804443359375
v -60.219547271728516 -239.68710327148438 -1547.490966796875
v -114.02925109863281 -239.26486206054688 -1545.941650390625
v -141.49119567871094 -235.2710723876953 -1548.98583984375
v -142.68026733398438 -226.20423889160156 -1551.22998046875
v 26.002840042114258 -367.9685974121094 -1535.263427734375
v -53.980316162109375 -361.1282653808594 -1548.613525390625
v 70.95133209228516 -359.8479309082031 -1546.787353515625
v 96.46329498291016 -334.8800964355469 -1560.5692138671875
v -108.28407287597656 -326.4460144042969 -1553.844482421875
v -115.28630065917969 -316.8011169433594 -1547.302978515625
v 113.30419921875 -302.02471923828125 -1545.7432861328125
v -115.06965637207031 -280.3669128417969 -1541.636962890625
v 118.9691390991211 -271.3897705078125 -1552.9373779296875
v -82.86763763427734 -249.34188842773438 -1554.6278076171875
v -34.85376739501953 -241.295654296875 -1550.9656982421875
v -32.2582893371582 -237.7162322998047 -1551.72021484375
v -26.643449783325195 -237.7772674560547 -1549.4901123046875
v -144.81646728515625 -230.8514862060547 -1546.3458251953125
v -144.58023071289062 -223.09381103515625 -1542.0462646484375
v -10.119673728942871 -356.81158447265625 -1547.35205078125
v 18.722105026245117 -355.6258544921875 -1550.396484375
v 42.58525466918945 -240.18011474609375 -1549.2872314453125
v -78.19038391113281 -243.33981323242188 -1548.578857421875
v -30.806249618530273 -238.4398956298828 -1541.3670654296875
v -61.05731964111328 -358.719970703125 -1547.747314453125
v -12.359318733215332 -356.3509826660156 -1542.8218994140625
v 78.00078582763672 -335.05059814453125 -1544.531494140625
v 37.6054573059082 -247.75807189941406 -1549.0445556640625
v -96.33094024658203 -244.05715942382812 -1546.56494140625
v 50.53335189819336 -245.56182861328125 -1544.203369140625
v 80.98726654052734 -226.953369140625 -1552.0679931640625
v -44.23767852783203 -352.5296630859375 -1549.152587890625
v 114.30268859863281 -293.774169921875 -1542.419189453125
v 32.67599105834961 -250.81411743164062 -1546.9234619140625
v -84.02136993408203 -246.72401428222656 -1544.3101806640625
v -137.53689575195312 -244.08538818359375 -1547.763427734375
v -12.492966651916504 -243.84959411621094 -1547.1336669921875
v 82.75410461425781 -225.5279541015625 -1547.5340576171875
v -145.98764038085938 -219.44741821289062 -1551.29736328125
v 67.67700958251953 -343.55682373046875 -1549.6561279296875
v -126.22562408447266 -291.5535583496094 -1541.7637939453125
v -76.08576965332031 -238.402587890625 -1543.783447265625
v -20.36016845703125 -241.6766357421875 -1547.1751708984375
v 129.30380249023438 -230.75537109375 -1545.3134765625
v 129.4849395751953 -228.26914978027344 -1553.620849609375
v -141.02940368652344 -227.25360107421875 -1546.327392578125
v 63.09165954589844 -360.5865173339844 -1544.5321044921875
v -48.06541061401367 -348.94049072265625 -1541.949462890625
v -102.00669860839844 -332.8111267089844 -1548.2379150390625
v 99.17713165283203 -298.4248352050781 -1542.53173828125
v 0.49520406126976013 -255.30955505371094 -1545.10107421875
v -60.49702072143555 -237.6748809814453 -1542.832763671875
v -145.79507446289062 -210.22830200195312 -1545.232421875
v -71.17141723632812 -354.45281982421875 -1544.8380126953125
v 105.50337219238281 -319.56005859375 -1542.36474609375
v -10.332608222961426 -248.05284118652344 -1543.6251220703125
v 43.99913787841797 -242.7146453857422 -1543.84716796875
v -40.16858673095703 -242.20657348632812 -1540.6156005859375
v -119.73628234863281 -234.29701232910156 -1544.643310546875
v 24.099668502807617 -354.97711181640625 -1544.722412109375
v -105.43184661865234 -302.33587646484375 -1532.7625732421875
v 13.129395484924316 -256.96624755859375 -1540.3773193359375
v -134.30331420898438 -256.2198181152344 -1543.1820068359375
v 101.44088745117188 -244.25741577148438 -1544.0565185546875
v 57.245948791503906 -244.07931518554688 -1546.6932373046875
v -49.33720016479492 -244.66946411132812 -1546.8072509765625
v -35.42661666870117 -242.61866760253906 -1541.546630859375
v -70.08778381347656 -238.80001831054688 -1542.7806396484375
v 93.996337890625 -235.26747131347656 -1544.4310302734375
v 79.45063781738281 -356.0252685546875 -1534.6728515625
v -53.921932220458984 -344.162109375 -1541.4263916015625
v -119.75640106201172 -310.060302734375 -1549.359619140625
v -109.871826171875 -296.2782897949219 -1540.931640625
v -105.3479232788086 -239.3832244873047 -1541.136962890625
v 76.84156799316406 -233.830078125 -1548.646484375
v -143.31883239746094 -213.67445373535156 -1536.4461669921875
v -14.311888694763184 -369.5968017578125 -1542.198974609375
v 99.55787658691406 -327.736083984375 -1535.5435791015625
v 26.812650680541992 -254.24790954589844 -1539.93994140625
v -52.988243103027344 -240.85324096679688 -1538.870849609375
v -136.600341796875 -246.62783813476562 -1541.938720703125
v -17.706058502197266 -236.3321990966797 -1540.6280517578125
v -65.85917663574219 -235.12905883789062 -1542.5120849609375
v -143.25509643554688 -229.95895385742188 -1542.017333984375
v 69.07046508789062 -356.8675231933594 -1541.8172607421875
v 116.8292465209961 -284.5445251464844 -1532.11328125
v -50.900245666503906 -244.45848083496094 -1543.1619873046875
v -79.26278686523438 -239.41702270507812 -1537.8348388671875
v 70.45719146728516 -238.0411376953125 -1545.48486328125
v -119.64872741699219 -234.324462890625 -1538.24560546875
v -145.0518798828125 -212.10693359375 -1539.1201171875
v 8.833956718444824 -370.2650146484375 -1538.4627685546875
v -6.886247158050537 -355.3603820800781 -1539.8076171875
v -145.66836547851562 -197.24710083007812 -1539.953369140625
v -123.29096221923828 -301.78497314453125 -1535.67578125
v 121.78807067871094 -264.6393737792969 -1545.7667236328125
v -3.316884756088257 -253.98435974121094 -1543.9788818359375
v -4.424837112426758 -251.9602813720703 -1537.0616455078125
v -137.06455993652344 -242.91629028320312 -1538.1361083984375
v -99.50733947753906 -240.73875427246094 -1539.259521484375
v 67.90322875976562 -359.9075622558594 -1539.333251953125
v 115.44593811035156 -287.30560302734375 -1539.185791015625
v 40.163700103759766 -247.77395629882812 -1538.9700927734375
v -44.308349609375 -245.28514099121094 -1537.6939697265625
v 60.25310134887695 -243.0778350830078 -1542.037353515625
v -88.17900848388672 -247.5152130126953 -1543.0672607421875
v -123.43575286865234 -236.0646209716797 -1542.7559814453125
v -140.79934692382812 -227.38182067871094 -1534.8387451171875
v 10.86776351928711 -355.0115661621094 -1537.73583984375
v 126.74604034423828 -251.2777099609375 -1539.19677734375
v -138.98117065429688 -250.70574951171875 -1536.779541015625
v -60.837432861328125 -241.73704528808594 -1538.0025634765625
v -72.7724838256836 -239.98304748535156 -1538.6170654296875
v -110.31585693359375 -237.12750244140625 -1540.2574462890625
v -102.81362915039062 -238.2538604736328 -1537.1820068359375
v -82.4041748046875 -325.2016906738281 -1529.4228515625
v 97.1705551147461 -306.5345153808594 -1542.8468017578125
v -112.33834838867188 -238.5972137451172 -1536.0916748046875
v 81.00495147705078 -225.70013427734375 -1545.662353515625
v -142.83302307128906 -225.9170379638672 -1534.513427734375
v -14.51619815826416 -368.07342529296875 -1536.30615234375
v 8.039608001708984 -353.6767883300781 -1531.07470703125
v -110.18911743164062 -322.4317932128906 -1540.4735107421875
v 124.3497314453125 -257.95623779296875 -1532.0311279296875
v 71.68560791015625 -235.95828247070312 -1542.28173828125
v -17.81524658203125 -231.49659729003906 -1537.83740234375
v -7.542116165161133 -369.08526611328125 -1537.315185546875
v 54.15616989135742 -364.2708740234375 -1537.125244140625
v 69.2497787475586 -358.096923828125 -1543.7305908203125
v -86.57144165039062 -352.4879455566406 -1534.7332763671875
v -83.37732696533203 -347.6619873046875 -1538.7421875
v -118.12784576416016 -310.2593688964844 -1530.0438232421875
v 108.4643325805664 -247.87351989746094 -1547.42236328125
v -92.80643463134766 -243.77249145507812 -1538.03173828125
v -82.4744873046875 -237.529541015625 -1534.0928955078125
v -140.86691284179688 -237.740478515625 -1534.586181640625
v -145.4291229248047 -215.27655029296875 -1540.731689453125
v -144.81002807617188 -208.98846435546875 -1535.221435546875
v -145.90866088867188 -199.92332458496094 -1537.43408203125
v -22.402484893798828 -354.5301208496094 -1541.3955078125
v -75.7724838256836 -351.63720703125 -1536.944091796875
v -42.89581298828125 -350.29107666015625 -1533.729248046875
v 48.333580017089844 -350.58154296875 -1539.8837890625
v 62.7658576965332 -343.5926513671875 -1531.4482421875
v 89.83714294433594 -339.9279479980469 -1541.8701171875
v 128.8277130126953 -237.59173583984375 -1538.672607421875
v -86.54888916015625 -345.3369140625 -1532.951171875
v 92.76220703125 -314.73388671875 -1535.027099609375
v -112.79015350341797 -288.9534912109375 -1539.39990234375
v -48.79948043823242 -245.69752502441406 -1536.3167724609375
v -68.65885925292969 -241.67352294921875 -1532.0107421875
v -29.003210067749023 -238.09207153320312 -1535.8643798828125
v -140.64480590820312 -240.55258178710938 -1535.6634521484375
v -68.79338836669922 -239.78904724121094 -1535.69189453125
v -144.96923828125 -230.13458251953125 -1540.369384765625
v -123.55175018310547 -232.83717346191406 -1533.8575439453125
v -145.1458282470703 -215.009033203125 -1533.3372802734375
v 12.374717712402344 -368.9367980957031 -1532.238525390625
v 23.547758102416992 -353.69647216796875 -1537.969970703125
v -135.5521240234375 -263.02081298828125 -1531.7283935546875
v 44.623023986816406 -241.81350708007812 -1537.1092529296875
v -95.38154602050781 -339.5693054199219 -1537.8983154296875
v 114.3946533203125 -288.87890625 -1532.0355224609375
v 98.3992691040039 -287.8941955566406 -1537.3846435546875
v -129.7378692626953 -283.60455322265625 -1531.727783203125
v -133.9060516357422 -263.13330078125 -1532.1466064453125
v 50.11872863769531 -242.38555908203125 -1537.3133544921875
v 68.49600982666016 -233.1433868408203 -1536.8525390625
v 127.45938873291016 -224.98912048339844 -1538.232177734375
v -65.90335083007812 -355.5616760253906 -1533.9793701171875
v -85.12308502197266 -353.9017639160156 -1531.0223388671875
v -127.43002319335938 -283.3123779296875 -1533.3223876953125
v 102.14574432373047 -272.5623474121094 -1543.876708984375
v -133.67054748535156 -266.5466613769531 -1535.175048828125
v -134.4949493408203 -257.18841552734375 -1534.1676025390625
v 21.934831619262695 -255.40476989746094 -1533.9708251953125
v 127.5027847290039 -246.10260009765625 -1532.187255859375
v -58.022987365722656 -243.27516174316406 -1531.8271484375
v -48.20893478393555 -244.67294311523438 -1531.9688720703125
v 92.62364196777344 -238.22422790527344 -1537.7015380859375
v 58.58980178833008 -240.75953674316406 -1537.005126953125
v -98.14478302001953 -242.06503295898438 -1533.4267578125
v -138.84124755859375 -238.1842803955078 -1532.005859375
v -13.17702579498291 -242.55734252929688 -1535.9442138671875
v -108.95123291015625 -238.65330505371094 -1532.775634765625
v 81.07360076904297 -235.4578399658203 -1531.9400634765625
v -118.82255554199219 -236.1842041015625 -1532.77587890625
v 84.71463775634766 -230.1641387939453 -1542.2098388671875
v -86.89591979980469 -351.58184814453125 -1530.6341552734375
v 84.0118179321289 -342.3943786621094 -1521.436767578125
v 87.97386169433594 -316.8559265136719 -1517.0787353515625
v 120.10602569580078 -264.994140625 -1532.34814453125
v -3.2474589347839355 -248.01187133789062 -1531.3712158203125
v -140.5653076171875 -240.74769592285156 -1528.60302734375
v -39.905052185058594 -239.66578674316406 -1532.884033203125
v -22.542308807373047 -238.23690795898438 -1537.17919921875
v -142.7710723876953 -236.5403594970703 -1529.8150634765625
v -124.2562255859375 -234.00619506835938 -1529.876220703125
v -39.09815216064453 -363.5287170410156 -1538.48779296875
v -59.84745407104492 -356.676025390625 -1528.0228271484375
v 98.26142120361328 -299.3365173339844 -1537.0814208984375
v -126.91519927978516 -287.7535705566406 -1529.6710205078125
v 118.87492370605469 -276.28912353515625 -1530.3441162109375
v 10.815690994262695 -255.577392578125 -1534.0699462890625
v 103.49333190917969 -254.42120361328125 -1528.8990478515625
v -12.024711608886719 -233.21414184570312 -1532.2845458984375
v -103.5916519165039 -237.81097412109375 -1531.23388671875
v -144.14620971679688 -196.75384521484375 -1529.4892578125
v -45.896026611328125 -359.91302490234375 -1530.1304931640625
v -32.65303039550781 -352.7975769042969 -1540.3748779296875
v -130.7685546875 -274.87347412109375 -1530.194091796875
v -132.30392456054688 -264.4452819824219 -1532.0789794921875
v 35.63743209838867 -252.19570922851562 -1536.7171630859375
v 99.87519073486328 -248.92864990234375 -1533.529052734375
v 44.47494125366211 -233.62608337402344 -1532.2763671875
v 80.16629791259766 -228.66323852539062 -1537.0634765625
v -121.07365417480469 -233.58106994628906 -1530.7001953125
v 72.97944641113281 -226.27200317382812 -1537.9920654296875
v -13.955448150634766 -366.7297058105469 -1527.239990234375
v -48.2221565246582 -345.2693176269531 -1524.13330078125
v -82.51808166503906 -347.03118896484375 -1527.310791015625
v -91.5023422241211 -319.6532287597656 -1539.789794921875
v 104.87590789794922 -261.11334228515625 -1541.412841796875
v -130.76356506347656 -267.14581298828125 -1527.8740234375
v -119.20454406738281 -262.1688537597656 -1533.189697265625
v 4.701490879058838 -254.1820068359375 -1533.6129150390625
v -33.160701751708984 -239.94784545898438 -1528.685791015625
v -82.63948059082031 -237.4339599609375 -1527.3333740234375
v 63.05786895751953 -357.3885498046875 -1526.695068359375
v 78.4112548828125 -354.7116394042969 -1530.8729248046875
v 56.387916564941406 -344.4743347167969 -1523.1722412109375
v 41.43019485473633 -243.50440979003906 -1532.4210205078125
v -48.903778076171875 -240.64132690429688 -1527.93310546875
v -54.94789505004883 -239.65797424316406 -1527.084228515625
v -91.98736572265625 -237.8754119873047 -1526.155517578125
v -112.5567626953125 -235.64096069335938 -1530.712890625
v -144.75706481933594 -208.38406372070312 -1527.357666015625
v 8.582025527954102 -368.2799987792969 -1526.066162109375
v -0.48809924721717834 -367.3551025390625 -1522.254638671875
v -11.03719711303711 -354.6756896972656 -1535.6357421875
v 30.354379653930664 -250.66954040527344 -1530.982666015625
v 65.88035583496094 -229.639404296875 -1534.2537841796875
v -142.72171020507812 -213.49649047851562 -1527.1412353515625
v -75.50945281982422 -350.4777526855469 -1529.1776123046875
v -62.518245697021484 -335.52008056640625 -1521.9998779296875
v 84.45805358886719 -325.607666015625 -1528.2099609375
v 103.12454223632812 -319.6975402832031 -1523.445068359375
v -134.24142456054688 -265.97381591796875 -1525.6112060546875
v 9.971122741699219 -250.57386779785156 -1527.462646484375
v -62.75765609741211 -242.5262908935547 -1527.21630859375
v -97.951416015625 -237.88375854492188 -1525.9647216796875
v 127.13797760009766 -226.18690490722656 -1531.915771484375
v 112.29456329345703 -303.0313415527344 -1534.752685546875
v -141.8029327392578 -239.92930603027344 -1524.1798095703125
v -141.12344360351562 -235.1414794921875 -1528.718017578125
v -110.98592376708984 -233.9069366455078 -1525.337646484375
v -103.909912109375 -235.30078125 -1526.51171875
v -141.24984741210938 -224.90481567382812 -1526.982177734375
v -143.2336883544922 -223.30970764160156 -1524.9752197265625
v 35.20787048339844 -350.5517272949219 -1530.7147216796875
v -75.19599151611328 -329.3442687988281 -1528.572021484375
v 121.06558990478516 -268.0107116699219 -1524.8013916015625
v 127.17619323730469 -235.0957489013672 -1531.70849609375
v 60.400794982910156 -231.88018798828125 -1532.8681640625
v -144.6739501953125 -211.19949340820312 -1524.9056396484375
v 97.97164916992188 -285.10919189453125 -1530.8555908203125
v -138.86253356933594 -250.90512084960938 -1523.766357421875
v -58.86869812011719 -240.29371643066406 -1522.841064453125
v 69.66014862060547 -340.20843505859375 -1537.4432373046875
v -108.99026489257812 -322.2564392089844 -1528.9290771484375
v -5.381823539733887 -241.42286682128906 -1528.853271484375
v -104.32804107666016 -238.97219848632812 -1522.102783203125
v -123.7242660522461 -228.39999389648438 -1524.36376953125
v 126.31369018554688 -224.46572875976562 -1529.923583984375
v -27.567270278930664 -349.9552001953125 -1522.384033203125
v -127.50627136230469 -282.2321472167969 -1524.34619140625
v 103.13512420654297 -266.5013732910156 -1531.1387939453125
v 14.968663215637207 -247.8596954345703 -1525.01904296875
v -120.508544921875 -252.8794403076172 -1518.6094970703125
v -5.598495006561279 -234.5598602294922 -1528.4398193359375
v -140.5933837890625 -229.47410583496094 -1520.314453125
v -143.80906677246094 -225.36984252929688 -1531.970947265625
v -143.81434631347656 -200.6580352783203 -1523.983642578125
v -118.70802307128906 -307.7576904296875 -1518.1043701171875
v 96.08915710449219 -293.4033203125 -1527.9346923828125
v 114.36326599121094 -290.09979248046875 -1519.212646484375
v 24.614030838012695 -250.73724365234375 -1526.1488037109375
v 3.451183319091797 -247.56503295898438 -1526.503662109375
v 49.31698989868164 -239.1407012939453 -1528.9271240234375
v -78.61949920654297 -240.98683166503906 -1523.276123046875
v -12.900124549865723 -239.06900024414062 -1519.4293212890625
v 127.42188262939453 -241.07960510253906 -1523.609375
v -122.95733642578125 -229.2172088623047 -1527.84765625
v -143.332275390625 -220.7340087890625 -1518.8572998046875
v -142.29502868652344 -197.41217041015625 -1520.1697998046875
v -114.98585510253906 -279.31231689453125 -1523.298095703125
v -136.2264404296875 -259.3849792480469 -1523.3153076171875
v 22.998336791992188 -245.3069610595703 -1523.7147216796875
v -139.1397705078125 -245.74717712402344 -1523.2198486328125
v -141.8780975341797 -213.2594757080078 -1518.542236328125
v -134.2767333984375 -258.49249267578125 -1520.577880859375
v 58.45393753051758 -239.49009704589844 -1530.035400390625
v 38.183475494384766 -237.78196716308594 -1527.181884765625
v -139.61485290527344 -242.59645080566406 -1522.60107421875
v -1.2703588008880615 -240.99571228027344 -1525.343994140625
v -138.35540771484375 -237.25186157226562 -1522.8153076171875
v 19.793407440185547 -367.906982421875 -1526.622802734375
v 43.45379638671875 -364.9932861328125 -1522.7806396484375
v 74.20975494384766 -348.9698791503906 -1516.043212890625
v -54.10106658935547 -340.65673828125 -1524.3951416015625
v 67.81885528564453 -337.06915283203125 -1515.2032470703125
v 75.32391357421875 -334.8994445800781 -1533.0640869140625
v -103.18960571289062 -300.7252197265625 -1512.049560546875
v -135.7438201904297 -252.63035583496094 -1518.852783203125
v -112.07982635498047 -233.2861785888672 -1519.656982421875
v -142.5478973388672 -225.6822052001953 -1521.539306640625
v -26.588335037231445 -363.9339904785156 -1525.9130859375
v -101.54027557373047 -330.07421875 -1527.6754150390625
v -130.40335083007812 -277.618408203125 -1519.0216064453125
v 35.394840240478516 -239.7969207763672 -1525.494384765625
v -41.15160369873047 -239.14793395996094 -1518.00341796875
v 45.15302276611328 -346.0931701660156 -1515.405517578125
v -114.91399383544922 -278.2059020996094 -1513.0166015625
v -130.7168731689453 -263.58154296875 -1516.4715576171875
v 126.66818237304688 -254.3267364501953 -1525.52978515625
v 5.52062463760376 -240.4313507080078 -1524.309814453125
v 25.46097755432129 -238.94229125976562 -1522.607177734375
v -71.60706329345703 -240.21969604492188 -1519.1751708984375
v -79.48406982421875 -238.9738311767578 -1519.7066650390625
v 71.69905090332031 -231.91314697265625 -1532.213134765625
v -84.07748413085938 -235.00653076171875 -1520.4854736328125
v -3.975245237350464 -367.4859619140625 -1514.7294921875
v 94.10095977783203 -332.9541320800781 -1524.2711181640625
v 116.35968017578125 -286.6004943847656 -1517.2144775390625
v -133.4899444580078 -264.36126708984375 -1518.7568359375
v -131.3834991455078 -267.3448486328125 -1521.3138427734375
v -137.9771270751953 -242.81704711914062 -1520.4971923828125
v -47.42770767211914 -242.7291717529297 -1522.0128173828125
v -76.97654724121094 -236.27110290527344 -1517.3873291015625
v -84.13805389404297 -233.5087127685547 -1513.168701171875
v 8.213006973266602 -366.28515625 -1516.9312744140625
v -39.301998138427734 -348.4566955566406 -1521.8997802734375
v 15.05998420715332 -236.71774291992188 -1523.065673828125
v -3.8209612369537354 -234.77426147460938 -1525.1396484375
v -88.73377227783203 -237.5232391357422 -1521.046875
v -139.4368133544922 -232.0148162841797 -1514.473388671875
v -33.00944137573242 -361.8957214355469 -1521.1484375
v -39.588314056396484 -359.2440185546875 -1517.4163818359375
v 19.739166259765625 -236.28355407714844 -1521.606201171875
v -109.53952026367188 -228.26234436035156 -1516.0296630859375
v -117.4708480834961 -229.94007873535156 -1517.7012939453125
v -17.23370361328125 -365.8194885253906 -1517.57373046875
v -88.1001205444336 -341.5062561035156 -1519.88037109375
v -112.46102905273438 -286.19012451171875 -1516.562255859375
v -49.43760681152344 -239.20042419433594 -1513.597412109375
v 6.284054756164551 -233.17269897460938 -1523.3662109375
v -140.7876434326172 -235.10430908203125 -1520.6531982421875
v -142.14614868164062 -218.66111755371094 -1514.2325439453125
v 49.01368713378906 -361.85107421875 -1517.6614990234375
v -98.63328552246094 -330.7479248046875 -1520.2098388671875
v 92.31737518310547 -307.8869934082031 -1521.6015625
v 109.91861724853516 -299.7965393066406 -1510.1893310546875
v -130.8934326171875 -273.3726501464844 -1516.9627685546875
v -34.93762969970703 -243.45423889160156 -1510.639404296875
v -24.983108520507812 -235.78118896484375 -1528.919921875
v -55.26338195800781 -240.91107177734375 -1516.27294921875
v -100.42322540283203 -238.05044555664062 -1518.39501953125
v -27.17254638671875 -363.0530090332031 -1511.075927734375
v -14.293484687805176 -350.2120666503906 -1517.041259765625
v 0.19063100218772888 -349.7619323730469 -1513.7215576171875
v -133.65902709960938 -268.2520751953125 -1518.0411376953125
v 64.88272857666016 -238.7289276123047 -1525.76904296875
v -92.36479187011719 -239.73463439941406 -1516.3714599609375
v 75.19918823242188 -232.1897430419922 -1531.9638671875
v 127.6592025756836 -226.5846405029297 -1522.775146484375
v -123.4034423828125 -298.6018371582031 -1519.1573486328125
v -127.42434692382812 -281.3824157714844 -1515.477783203125
v -129.10226440429688 -275.6581726074219 -1515.825439453125
v -142.4049072265625 -224.97801208496094 -1513.151611328125
v -140.53909301757812 -225.17019653320312 -1519.9520263671875
v -142.74691772460938 -206.73312377929688 -1520.2236328125
v -65.58702850341797 -352.3506774902344 -1516.8787841796875
v -87.78697204589844 -335.639404296875 -1507.0177001953125
v -131.21255493164062 -267.4672546386719 -1511.509033203125
v 121.78423309326172 -271.7421875 -1513.8466796875
v 32.9358024597168 -244.4900360107422 -1516.6959228515625
v 91.57181549072266 -243.61865234375 -1531.4388427734375
v 15.435327529907227 -235.5963592529297 -1518.8072509765625
v -109.52723693847656 -290.98193359375 -1510.9180908203125
v 97.685302734375 -280.5865783691406 -1521.38818359375
v -117.55957794189453 -268.70721435546875 -1515.19677734375
v -133.20993041992188 -264.9607849121094 -1510.3284912109375
v 127.03591918945312 -238.93466186523438 -1518.9801025390625
v -97.27217864990234 -313.42364501953125 -1535.48046875
v -131.80328369140625 -273.099365234375 -1516.8648681640625
v 98.9859619140625 -270.10797119140625 -1520.4896240234375
v 97.99140167236328 -251.89724731445312 -1524.334228515625
v -90.89907836914062 -238.46583557128906 -1512.0799560546875
v -67.22244262695312 -237.40745544433594 -1516.138671875
v -106.39801788330078 -234.51510620117188 -1513.341552734375
v -75.32305145263672 -346.29315185546875 -1512.9227294921875
v -89.7762222290039 -316.3194274902344 -1518.3614501953125
v 43.37635803222656 -245.24830627441406 -1520.3026123046875
v 126.01278686523438 -253.6257781982422 -1513.3447265625
v 22.40423583984375 -239.72669982910156 -1518.415283203125
v -25.19545555114746 -243.29910278320312 -1511.5028076171875
v -108.53654479980469 -225.89503479003906 -1511.045654296875
v -140.9247283935547 -198.43699645996094 -1512.7093505859375
v 76.63822937011719 -330.2727966308594 -1513.4532470703125
v -133.87210083007812 -247.4078369140625 -1512.5595703125
v -100.1845703125 -238.80062866210938 -1513.751220703125
v -61.28145217895508 -236.14085388183594 -1510.2073974609375
v -79.92418670654297 -236.05345153808594 -1512.767578125
v -121.5098876953125 -238.32205200195312 -1514.2474365234375
v -142.7555694580078 -228.37477111816406 -1512.6473388671875
v -141.85867309570312 -205.8770294189453 -1511.5377197265625
v -54.58155059814453 -337.1341247558594 -1510.2587890625
v 117.09304809570312 -276.37762451171875 -1518.93994140625
v 102.11797332763672 -255.1338348388672 -1524.1405029296875
v 127.4148941040039 -233.80545043945312 -1514.052490234375
v 128.0897216796875 -226.63316345214844 -1517.451171875
v -140.43650817871094 -221.58905029296875 -1507.6527099609375
v -4.013929843902588 -366.0476379394531 -1509.5333251953125
v -43.10248947143555 -357.0837707519531 -1510.7210693359375
v 27.067472457885742 -348.1721496582031 -1514.153076171875
v -137.5742950439453 -238.8207550048828 -1510.019775390625
v -126.6549072265625 -288.7019348144531 -1519.8958740234375
v 58.97900390625 -242.10476684570312 -1525.6885986328125
v -138.6860809326172 -233.81668090820312 -1505.3798828125
v 17.65253448486328 -348.35076904296875 -1512.850830078125
v 118.02991485595703 -279.47210693359375 -1507.991943359375
v -130.32333374023438 -273.17974853515625 -1510.6884765625
v -138.08535766601562 -253.5956268310547 -1504.81982421875
v 23.486345291137695 -241.4085693359375 -1513.7957763671875
v 20.111331939697266 -238.37709045410156 -1514.894287109375
v -56.0524787902832 -239.66537475585938 -1504.9691162109375
v -31.214319229125977 -359.55108642578125 -1501.6964111328125
v -54.95532989501953 -353.43359375 -1508.531982421875
v -63.80417251586914 -348.84124755859375 -1504.6318359375
v -85.44892883300781 -315.6611328125 -1501.78466796875
v -129.5115509033203 -279.8598327636719 -1509.842041015625
v 50.91265869140625 -247.6055450439453 -1520.150634765625
v -135.72012329101562 -249.21249389648438 -1509.15283203125
v 73.12037658691406 -235.00975036621094 -1525.5621337890625
v -112.72611999511719 -232.61874389648438 -1505.7652587890625
v -129.4309539794922 -272.65167236328125 -1506.4061279296875
v -133.26620483398438 -270.7525634765625 -1500.9942626953125
v -133.74066162109375 -260.2017822265625 -1508.2825927734375
v -119.22941589355469 -258.0717468261719 -1510.5787353515625
v 66.36590576171875 -240.80931091308594 -1520.2166748046875
v -69.63152313232422 -234.96788024902344 -1508.09716796875
v -80.25859832763672 -234.4965362548828 -1507.2537841796875
v -114.42511749267578 -233.82656860351562 -1503.1312255859375
v 126.086669921875 -237.7254180908203 -1509.376953125
v -12.305010795593262 -364.83251953125 -1507.53759765625
v 6.9141154289245605 -363.37353515625 -1501.9425048828125
v -116.84000396728516 -267.0205078125 -1500.356201171875
v -133.50526428222656 -268.0852966308594 -1507.3968505859375
v 85.10086059570312 -240.45681762695312 -1523.24755859375
v -107.27083587646484 -242.1932373046875 -1508.7508544921875
v -141.7342071533203 -240.48422241210938 -1504.131103515625
v -136.7271728515625 -198.41146850585938 -1498.4033203125
v -132.65695190429688 -253.84036254882812 -1515.595947265625
v -96.50615692138672 -247.4224395751953 -1504.6490478515625
v -141.6548614501953 -231.95346069335938 -1511.13525390625
v -98.56802368164062 -327.37139892578125 -1506.1378173828125
v -116.00802612304688 -307.2886047363281 -1501.7265625
v -127.52401733398438 -279.64093017578125 -1499.30078125
v -134.36695861816406 -265.2516174316406 -1506.5096435546875
v -135.8837432861328 -254.0330810546875 -1505.8853759765625
v -91.38089752197266 -243.6428680419922 -1508.9727783203125
v 79.81132507324219 -237.88543701171875 -1518.72509765625
v -140.44598388671875 -197.97854614257812 -1507.9693603515625
v 65.16059112548828 -351.9555969238281 -1506.0955810546875
v -18.020793914794922 -345.70526123046875 -1499.7540283203125
v -45.124698638916016 -344.7361145019531 -1514.4923095703125
v 52.56374740600586 -343.3240966796875 -1510.8109130859375
v -112.48348236083984 -313.7298583984375 -1506.353759765625
v 41.07260513305664 -248.8440399169922 -1515.1156005859375
v -139.60870361328125 -246.09591674804688 -1501.9862060546875
v -111.29810333251953 -238.02142333984375 -1504.93505859375
v -142.7703399658203 -224.22154235839844 -1506.9727783203125
v -13.192303657531738 -364.6650085449219 -1503.1302490234375
v -21.0572566986084 -362.20281982421875 -1502.8311767578125
v 62.11982727050781 -337.3929138183594 -1500.8692626953125
v -106.64816284179688 -318.0903625488281 -1499.6834716796875
v 82.94683074951172 -321.20562744140625 -1504.6611328125
v -118.09986877441406 -255.79830932617188 -1498.845703125
v -134.87318420410156 -251.64932250976562 -1503.7401123046875
v 37.77216720581055 -345.8539733886719 -1507.083740234375
v -38.11113357543945 -343.5940246582031 -1499.134033203125
v 74.51094818115234 -326.0740051269531 -1490.6654052734375
v 96.40800476074219 -278.5256652832031 -1508.5054931640625
v -126.64654541015625 -283.1827392578125 -1506.9208984375
v 62.327178955078125 -247.0939178466797 -1517.848876953125
v 36.462005615234375 -248.85433959960938 -1509.8826904296875
v 29.219484329223633 -244.72181701660156 -1512.4652099609375
v -79.0257339477539 -241.8600311279297 -1497.252685546875
v 125.37461853027344 -223.57257080078125 -1510.726318359375
v 91.38610076904297 -297.1817321777344 -1511.787109375
v 113.03678131103516 -288.7165222167969 -1503.11767578125
v -132.70606994628906 -260.3320617675781 -1510.012939453125
v -46.2100715637207 -242.82110595703125 -1506.984619140625
v 13.477250099182129 -235.68505859375 -1512.38671875
v -139.9100341796875 -234.0763702392578 -1503.5662841796875
v -143.3337860107422 -224.99717712402344 -1498.8302001953125
v -74.67034912109375 -325.72027587890625 -1513.1697998046875
v -131.19558715820312 -280.0611267089844 -1500.476318359375
v -131.60621643066406 -272.1813049316406 -1497.4742431640625
v -133.5160675048828 -260.39398193359375 -1499.765380859375
v 97.36569213867188 -256.6050109863281 -1513.442138671875
v -73.29208374023438 -238.22398376464844 -1504.095458984375
v 54.81510543823242 -358.7058410644531 -1512.724365234375
v 105.32194519042969 -310.634765625 -1498.345947265625
v -109.65099334716797 -242.27232360839844 -1495.6534423828125
v 1.9028452634811401 -347.592041015625 -1506.125244140625
v -96.27999114990234 -305.1798400878906 -1499.328857421875
v -131.433349609375 -264.30682373046875 -1502.7437744140625
v -139.09500122070312 -246.92713928222656 -1501.851318359375
v -101.5385971069336 -247.48263549804688 -1500.2349853515625
v -22.37165069580078 -361.3471374511719 -1498.586669921875
v 49.594749450683594 -357.081298828125 -1495.3924560546875
v -70.03802490234375 -344.3739929199219 -1498.9239501953125
v -73.33027648925781 -342.60064697265625 -1500.68408203125
v -124.60547637939453 -289.2857666015625 -1503.04736328125
v -136.88339233398438 -257.2660827636719 -1504.9393310546875
v -134.29336547851562 -248.60581970214844 -1503.0115966796875
v 85.06898498535156 -247.0029754638672 -1513.998779296875
v -38.01591110229492 -248.2274627685547 -1494.443115234375
v -138.84957885742188 -216.2420654296875 -1500.0093994140625
v -136.1997528076172 -202.6005401611328 -1493.792724609375
v 96.39041900634766 -269.41363525390625 -1501.350341796875
v 97.50820922851562 -270.77716064453125 -1507.1650390625
v -134.5935821533203 -255.4784393310547 -1488.4732666015625
v -119.53218841552734 -240.79385375976562 -1504.2261962890625
v -16.297039031982422 -369.83551025390625 -1500.79638671875
v -12.072325706481934 -362.7178649902344 -1498.092041015625
v 54.69597244262695 -339.9251708984375 -1498.0413818359375
v 54.3757209777832 -253.3193817138672 -1510.083251953125
v -64.37960815429688 -238.95091247558594 -1502.5283203125
v -141.38702392578125 -231.39923095703125 -1500.7193603515625
v -19.147737503051758 -364.8652038574219 -1496.6280517578125
v 33.44953536987305 -362.1510314941406 -1505.2059326171875
v -106.5639877319336 -291.9730224609375 -1496.1427001953125
v -128.82041931152344 -271.5519714355469 -1491.236328125
v 124.41338348388672 -263.2646484375 -1505.6220703125
v 125.84559631347656 -244.68505859375 -1512.5482177734375
v -140.6157684326172 -242.134765625 -1494.152587890625
v -113.91621398925781 -233.76866149902344 -1492.8717041015625
v 38.74147033691406 -343.6512756347656 -1495.630126953125
v 96.21295928955078 -327.4507141113281 -1501.5928955078125
v 110.97073364257812 -289.2309875488281 -1490.832763671875
v -115.72891998291016 -264.21832275390625 -1490.275146484375
v -50.14162826538086 -243.16171264648438 -1495.262451171875
v -113.32862854003906 -234.82749938964844 -1499.511474609375
v 82.26581573486328 -340.4552917480469 -1499.40478515625
v -71.96346282958984 -323.1280212402344 -1493.4447021484375
v 86.39130401611328 -314.68560791015625 -1506.3211669921875
v -133.08792114257812 -263.3284912109375 -1493.3760986328125
v -34.53851318359375 -247.90008544921875 -1500.255615234375
v 79.34292602539062 -241.0376434326172 -1512.81591796875
v -136.776611328125 -240.65716552734375 -1500.80517578125
v -137.17276000976562 -219.79176330566406 -1491.153076171875
v 93.01615905761719 -292.53778076171875 -1505.505126953125
v -72.61267852783203 -242.13626098632812 -1497.7550048828125
v -59.18286895751953 -241.44358825683594 -1494.360595703125
v -136.70631408691406 -214.43527221679688 -1492.8153076171875
v -132.8873748779297 -270.9718933105469 -1494.572509765625
v 25.763826370239258 -240.32879638671875 -1505.79833984375
v -138.9135284423828 -245.0283203125 -1491.0333251953125
v -132.0487518310547 -275.3687438964844 -1493.6363525390625
v -24.965614318847656 -249.7482452392578 -1495.1522216796875
v 4.057619094848633 -236.4790496826172 -1510.508544921875
v 124.35176849365234 -235.68740844726562 -1499.884033203125
v -137.97653198242188 -232.4176788330078 -1497.5601806640625
v 122.80003356933594 -225.13009643554688 -1504.922607421875
v -2.4738223552703857 -363.1460266113281 -1498.8123779296875
v 42.4160270690918 -360.31353759765625 -1500.8330078125
v -57.47875213623047 -348.86993408203125 -1488.016357421875
v -107.75637817382812 -314.0707702636719 -1491.1947021484375
v -7.671555995941162 -238.74305725097656 -1516.266845703125
v -93.2915267944336 -246.56448364257812 -1492.0816650390625
v -84.98063659667969 -245.1095428466797 -1492.01611328125
v 20.617286682128906 -236.94044494628906 -1504.67822265625
v -111.71605682373047 -234.15769958496094 -1489.962646484375
v 1.526731014251709 -360.34539794921875 -1488.5289306640625
v 15.299732208251953 -362.026611328125 -1499.6451416015625
v 80.47919464111328 -316.3644104003906 -1491.4920654296875
v -120.06786346435547 -300.8958740234375 -1504.097900390625
v 116.13567352294922 -284.1864929199219 -1494.24462890625
v 124.71862030029297 -263.9777526855469 -1495.706787109375
v -134.47021484375 -251.14434814453125 -1495.75634765625
v -137.65316772460938 -251.95462036132812 -1493.798828125
v -140.9014892578125 -228.73597717285156 -1497.4228515625
v 67.05391693115234 -332.7969970703125 -1493.70849609375
v 91.22294616699219 -333.2033996582031 -1500.6517333984375
v 111.18106842041016 -296.127685546875 -1497.1533203125
v 121.79963684082031 -274.4658508300781 -1496.9765625
v 98.60221099853516 -259.1407165527344 -1507.878173828125
v -133.12631225585938 -254.94337463378906 -1497.6676025390625
v -137.08364868164062 -247.11825561523438 -1498.5994873046875
v -78.78694915771484 -242.33619689941406 -1493.7384033203125
v 14.720952033996582 -236.01339721679688 -1503.972412109375
v -15.49746322631836 -360.98699951171875 -1492.7952880859375
v -70.67214965820312 -343.48175048828125 -1493.5272216796875
v 85.28001403808594 -306.55450439453125 -1494.3870849609375
v 48.02853012084961 -253.27020263671875 -1507.0233154296875
v 34.498714447021484 -248.46739196777344 -1504.4935302734375
v -132.9440155029297 -259.74261474609375 -1489.17626953125
v 76.54721069335938 -238.77627563476562 -1516.0396728515625
v 126.26579284667969 -243.05909729003906 -1504.936279296875
v 25.927961349487305 -344.2906494140625 -1499.5433349609375
v -111.92411804199219 -282.504150390625 -1498.2379150390625
v 31.347946166992188 -244.48892211914062 -1501.5340576171875
v -139.5702362060547 -239.90245056152344 -1483.61572265625
v 46.80156326293945 -342.36114501953125 -1496.986328125
v -131.8197784423828 -263.40716552734375 -1487.3692626953125
v 75.3467025756836 -247.02439880371094 -1512.4959716796875
v -73.88331604003906 -244.27529907226562 -1488.5828857421875
v 122.03156280517578 -225.7798309326172 -1497.723876953125
v -26.366451263427734 -355.4370422363281 -1479.58544921875
v -40.21384811401367 -354.7532653808594 -1495.432861328125
v -133.26235961914062 -272.4100036621094 -1486.5985107421875
v -101.04818725585938 -244.43963623046875 -1490.0615234375
v -136.19113159179688 -239.64012145996094 -1492.5694580078125
v -134.06533813476562 -205.20079040527344 -1486.403076171875
v -119.40969848632812 -297.4755554199219 -1493.3973388671875
v 86.48429107666016 -296.5058898925781 -1486.7547607421875
v 92.0534439086914 -282.6238098144531 -1496.7818603515625
v 30.049457550048828 -245.65292358398438 -1505.34814453125
v 60.6610107421875 -351.45843505859375 -1492.2235107421875
v 70.35008239746094 -327.1466979980469 -1482.763427734375
v -132.83775329589844 -267.37567138671875 -1500.9501953125
v 77.32427215576172 -251.12745666503906 -1503.2420654296875
v -88.83439636230469 -332.0185546875 -1490.0618896484375
v 95.48458099365234 -260.0891418457031 -1494.8028564453125
v -134.28211975097656 -248.6831817626953 -1484.6513671875
v -88.9815902709961 -247.41647338867188 -1487.5078125
v -65.20807647705078 -242.35824584960938 -1489.7255859375
v -107.48194122314453 -238.2740020751953 -1486.8834228515625
v 120.98394775390625 -225.63125610351562 -1491.508544921875
v 16.621187210083008 -343.46905517578125 -1493.657958984375
v -74.9021987915039 -315.0417175292969 -1476.787841796875
v 67.58541870117188 -251.51246643066406 -1508.5350341796875
v 126.46273040771484 -249.73338317871094 -1491.6376953125
v -114.73033905029297 -239.67356872558594 -1481.0125732421875
v -115.68463134765625 -236.08090209960938 -1488.5848388671875
v 73.86688232421875 -343.9698486328125 -1492.5628662109375
v -101.06717681884766 -293.8321533203125 -1482.4154052734375
v -132.49952697753906 -269.5361328125 -1484.61279296875
v -134.81077575683594 -262.6396484375 -1491.8062744140625
v 54.72230529785156 -256.3960266113281 -1502.1810302734375
v -136.8343048095703 -257.02215576171875 -1480.487060546875
v -135.87478637695312 -243.4365234375 -1485.8294677734375
v -141.53958129882812 -238.5906219482422 -1483.7000732421875
v -134.86868286132812 -198.23667907714844 -1486.0106201171875
v 107.79154205322266 -296.9026794433594 -1488.587890625
v 124.04661560058594 -254.63082885742188 -1496.75
v 81.67176055908203 -246.09873962402344 -1500.403076171875
v -54.646419525146484 -242.19973754882812 -1490.3121337890625
v -111.7954330444336 -231.64849853515625 -1487.4012451171875
v -105.74932861328125 -231.1333465576172 -1479.7667236328125
v -136.85777282714844 -218.78477478027344 -1485.9537353515625
v -113.31160736083984 -305.25091552734375 -1486.129638671875
v 123.31078338623047 -265.4311828613281 -1486.975830078125
v 64.8216323852539 -255.1920166015625 -1496.1138916015625
v -133.2488250732422 -251.5315399169922 -1484.427734375
v -142.8560333251953 -230.23129272460938 -1490.9107666015625
v 13.366704940795898 -359.3706970214844 -1485.3955078125
v -122.90531921386719 -285.2410888671875 -1483.4149169921875
v -131.93077087402344 -259.146728515625 -1485.645263671875
v -113.4835205078125 -253.95021057128906 -1481.146728515625
v -68.22470092773438 -245.7014923095703 -1483.768798828125
v 22.810806274414062 -237.8314971923828 -1497.5128173828125
v -142.51466369628906 -227.50645446777344 -1491.4278564453125
v -19.51740264892578 -336.3941345214844 -1468.47021484375
v 63.76837158203125 -330.6870422363281 -1478.18212890625
v -110.39067077636719 -277.3151550292969 -1482.251708984375
v -114.50247192382812 -273.6920166015625 -1494.4439697265625
v -135.29959106445312 -264.71014404296875 -1481.08056640625
v -137.14048767089844 -250.56710815429688 -1479.573486328125
v -8.913568496704102 -246.3106231689453 -1495.56494140625
v -47.78771209716797 -244.53829956054688 -1486.9178466796875
v 34.760555267333984 -358.3055114746094 -1483.1051025390625
v -103.3395004272461 -314.66943359375 -1478.17578125
v 42.34295654296875 -254.15814208984375 -1502.3077392578125
v -26.63083839416504 -253.2459259033203 -1483.9609375
v 126.26801300048828 -257.1261291503906 -1482.8853759765625
v 87.08943176269531 -254.0163116455078 -1496.414306640625
v -146.12240600585938 -231.0240478515625 -1479.5174560546875
v -57.88610076904297 -346.56451416015625 -1479.3385009765625
v 89.63717651367188 -269.8970031738281 -1490.5164794921875
v -53.44671630859375 -242.8605499267578 -1483.140625
v -105.55785369873047 -240.4162139892578 -1481.2291259765625
v -143.1602020263672 -234.83145141601562 -1477.604736328125
v -91.34187316894531 -307.1167297363281 -1490.4432373046875
v 115.05018615722656 -281.811279296875 -1481.925537109375
v -134.31671142578125 -267.79974365234375 -1477.8817138671875
v -134.62879943847656 -260.9260559082031 -1480.768310546875
v 93.24354553222656 -259.8907470703125 -1490.9715576171875
v 72.9878158569336 -256.23919677734375 -1494.5687255859375
v 78.65018463134766 -251.5994873046875 -1491.97802734375
v -135.7563934326172 -233.69601440429688 -1483.8321533203125
v -10.103132247924805 -359.3072509765625 -1479.25244140625
v 67.33721160888672 -345.8834228515625 -1473.2442626953125
v -74.0655746459961 -341.5499572753906 -1481.641357421875
v -32.091007232666016 -338.5782165527344 -1479.0013427734375
v -79.77188110351562 -306.8910827636719 -1464.439453125
v -134.52357482910156 -273.3160095214844 -1480.5052490234375
v 120.90524291992188 -271.5684814453125 -1481.6702880859375
v -134.8664093017578 -251.70779418945312 -1480.2745361328125
v -134.44419860839844 -227.30184936523438 -1477.6776123046875
v -12.711027145385742 -254.79200744628906 -1478.8773193359375
v -82.7369155883789 -247.39974975585938 -1471.4674072265625
v -80.423828125 -247.23313903808594 -1478.68603515625
v -45.804649353027344 -244.45556640625 -1475.6380615234375
v 41.93772888183594 -356.6310729980469 -1481.619873046875
v -80.48663330078125 -337.57806396484375 -1484.671142578125
v 80.41487884521484 -311.69317626953125 -1487.7620849609375
v -105.15552520751953 -286.8757629394531 -1479.6102294921875
v -126.09295654296875 -272.4928894042969 -1475.861083984375
v -137.3468780517578 -245.6156005859375 -1480.660400390625
v -133.44656372070312 -212.25155639648438 -1479.869140625
v -48.27103042602539 -350.4205322265625 -1487.20947265625
v 116.55200958251953 -277.9029235839844 -1479.91796875
v 59.28169631958008 -259.15814208984375 -1489.2899169921875
v 36.05006790161133 -251.498046875 -1496.5789794921875
v -56.71954345703125 -247.26194763183594 -1470.87939453125
v 17.833415985107422 -239.8493194580078 -1492.1173095703125
v -134.35914611816406 -241.07861328125 -1477.2083740234375
v -132.14779663085938 -201.8480682373047 -1471.10595703125
v 22.594884872436523 -341.22125244140625 -1480.70849609375
v 46.10047912597656 -340.3915100097656 -1485.16650390625
v 101.82745361328125 -315.85400390625 -1489.4915771484375
v -112.43309020996094 -267.1275329589844 -1480.1424560546875
v -135.3616485595703 -253.9336395263672 -1475.5478515625
v -98.2633056640625 -246.6624755859375 -1486.224609375
v 3.441518545150757 -246.60919189453125 -1487.2138671875
v 8.880668640136719 -239.74302673339844 -1498.213623046875
v -107.75524139404297 -232.18350219726562 -1476.8089599609375
v -116.17035675048828 -292.1665954589844 -1470.7431640625
v 87.68408966064453 -285.5552062988281 -1482.6282958984375
v -8.711545944213867 -337.4499816894531 -1471.7916259765625
v -2.647958755493164 -340.4253845214844 -1481.9825439453125
v -131.25970458984375 -255.3972930908203 -1475.431884765625
v -131.9957275390625 -207.13819885253906 -1474.2139892578125
v 31.1994571685791 -357.3614807128906 -1476.0340576171875
v -87.29484558105469 -329.5567626953125 -1474.282470703125
v -66.18177795410156 -326.7837829589844 -1493.1380615234375
v 91.06270599365234 -327.2561950683594 -1476.7454833984375
v 80.22981262207031 -300.2001953125 -1478.024169921875
v -133.98231506347656 -255.00332641601562 -1476.8033447265625
v 27.74331283569336 -240.79762268066406 -1500.9613037109375
v -91.47772216796875 -245.60194396972656 -1469.767822265625
v 124.07435607910156 -245.7131805419922 -1482.934326171875
v -110.92520141601562 -233.66099548339844 -1477.4910888671875
v 55.577354431152344 -336.4098815917969 -1483.9111328125
v -48.98335647583008 -333.9905700683594 -1486.2403564453125
v 76.44669342041016 -300.8849182128906 -1464.58447265625
v -134.82437133789062 -233.844482421875 -1474.1201171875
v -15.202644348144531 -356.50927734375 -1474.4337158203125
v 46.67609786987305 -351.65179443359375 -1469.5582275390625
v 105.43253326416016 -293.21661376953125 -1477.176025390625
v 88.41885375976562 -272.0401306152344 -1485.5853271484375
v -32.78142547607422 -251.58578491210938 -1477.4891357421875
v -71.7330551147461 -247.5070037841797 -1474.8544921875
v -82.6595687866211 -333.2506103515625 -1467.0726318359375
v 119.42338562011719 -271.4015197753906 -1473.3447265625
v 41.82240676879883 -257.2744140625 -1491.3187255859375
v -19.457733154296875 -254.9381866455078 -1479.86767578125
v 80.89672088623047 -251.92752075195312 -1484.8369140625
v 26.522165298461914 -240.7161865234375 -1492.3837890625
v -106.17887115478516 -232.30955505371094 -1470.4498291015625
v -131.47950744628906 -214.65574645996094 -1470.5975341796875
v -38.3446159362793 -349.71807861328125 -1475.61328125
v -58.13255310058594 -320.7956237792969 -1461.242919921875
v 22.242271423339844 -241.9818115234375 -1488.7371826171875
v -112.12187957763672 -238.2989501953125 -1472.5360107421875
v -130.12440490722656 -198.4288330078125 -1468.7215576171875
v 7.1569743156433105 -358.1260986328125 -1477.52490234375
v 57.98113250732422 -349.2604064941406 -1474.354248046875
v 33.560386657714844 -338.41455078125 -1471.546142578125
v -73.23823547363281 -339.4073486328125 -1467.4390869140625
v 74.35673522949219 -310.2896423339844 -1475.085205078125
v 98.60273742675781 -312.2641296386719 -1473.6300048828125
v -133.79209899902344 -250.9337615966797 -1471.7918701171875
v 75.2794418334961 -255.60018920898438 -1487.711669921875
v 78.44224548339844 -249.2809295654297 -1492.237548828125
v -132.56451416015625 -238.28750610351562 -1470.7325439453125
v -12.354429244995117 -355.2074279785156 -1468.757568359375
v -70.48062896728516 -341.67938232421875 -1470.5628662109375
v 73.318115234375 -322.08636474609375 -1479.0250244140625
v -61.74641036987305 -344.7851867675781 -1467.734130859375
v 69.7235336303711 -340.4321594238281 -1463.978759765625
v 53.38995361328125 -332.9292297363281 -1470.189453125
v -82.09857177734375 -247.82772827148438 -1462.691162109375
v -43.00627136230469 -248.9578399658203 -1460.2188720703125
v -133.0419921875 -246.95925903320312 -1473.0164794921875
v -66.70868682861328 -344.01873779296875 -1468.6004638671875
v -98.44293212890625 -242.6605987548828 -1469.121337890625
v -114.66297912597656 -237.39869689941406 -1481.4779052734375
v -24.818164825439453 -351.91162109375 -1470.48681640625
v -52.00048828125 -346.6542663574219 -1464.9766845703125
v 52.103721618652344 -259.8356018066406 -1492.500244140625
v -132.89830017089844 -255.7328338623047 -1468.3792724609375
v -22.541902542114258 -256.2218933105469 -1470.9510498046875
v 123.90363311767578 -259.22357177734375 -1467.6171875
v -128.104248046875 -249.30661010742188 -1460.92724609375
v -37.35805892944336 -247.46286010742188 -1466.187744140625
v -105.62739562988281 -231.3965606689453 -1464.08984375
v 2.0490474700927734 -355.1617126464844 -1460.1063232421875
v 104.50198364257812 -295.48565673828125 -1468.12841796875
v 79.75119018554688 -291.9990539550781 -1468.9168701171875
v 112.48097229003906 -284.6676330566406 -1469.6346435546875
v 119.86024475097656 -264.6377258300781 -1474.5938720703125
v 34.640987396240234 -251.0392608642578 -1490.6162109375
v 5.609898567199707 -356.6016540527344 -1467.5841064453125
v -42.85188293457031 -337.5451965332031 -1484.9801025390625
v -78.8964614868164 -333.7462158203125 -1459.8033447265625
v 87.32144165039062 -282.30743408203125 -1475.786865234375
v 113.75497436523438 -281.49993896484375 -1467.2740478515625
v 63.581912994384766 -257.6627502441406 -1485.0831298828125
v -2.8711459636688232 -253.1679229736328 -1475.4739990234375
v -132.54605102539062 -229.46826171875 -1467.5130615234375
v -0.690437376499176 -337.0666198730469 -1470.0087890625
v -88.93692779541016 -325.5760192871094 -1465.1168212890625
v 46.15675354003906 -259.4147033691406 -1487.4744873046875
v 36.82804870605469 -353.2626647949219 -1462.17919921875
v 80.85693359375 -334.59832763671875 -1470.837646484375
v 91.88919067382812 -318.485595703125 -1465.83203125
v -105.07801818847656 -308.18072509765625 -1467.626220703125
v 79.5623779296875 -252.76290893554688 -1475.20263671875
v -128.6600341796875 -196.3553466796875 -1463.09326171875
v 55.737579345703125 -343.1895446777344 -1453.4097900390625
v -64.47887420654297 -343.5139465332031 -1463.3538818359375
v -74.5399398803711 -346.75555419921875 -1465.18701171875
v 52.51369094848633 -329.4048156738281 -1464.1114501953125
v 52.47956466674805 -261.0812072753906 -1477.6949462890625
v -60.19828796386719 -248.92776489257812 -1467.0986328125
v 75.05277252197266 -252.00039672851562 -1482.2239990234375
v 116.53926849365234 -223.53045654296875 -1480.139892578125
v -70.82964324951172 -341.46893310546875 -1461.922607421875
v 79.1042709350586 -328.4661865234375 -1453.8160400390625
v -109.31787872314453 -268.4826965332031 -1471.824951171875
v -17.365741729736328 -258.2115173339844 -1465.64892578125
v -130.37367248535156 -237.81578063964844 -1463.310302734375
v 118.62094116210938 -241.15408325195312 -1467.134521484375
v -35.91259765625 -332.25616455078125 -1459.860107421875
v -120.38714599609375 -277.1307373046875 -1462.0208740234375
v -106.12519073486328 -246.49746704101562 -1461.17626953125
v 84.1329574584961 -256.5618591308594 -1467.2103271484375
v -31.55136489868164 -249.13400268554688 -1459.3175048828125
v 119.98238372802734 -248.40411376953125 -1469.03173828125
v -128.75413513183594 -212.1129913330078 -1460.60693359375
v -62.12228775024414 -342.51531982421875 -1457.3367919921875
v 38.88574981689453 -336.2854309082031 -1467.06494140625
v -89.01032257080078 -296.6649475097656 -1460.83984375
v 92.28950500488281 -261.6343078613281 -1482.3502197265625
v -130.586181640625 -211.38424682617188 -1463.794921875
v -71.14876556396484 -313.1842346191406 -1462.6038818359375
v -107.07952880859375 -300.3066711425781 -1458.922607421875
v -26.918432235717773 -253.790771484375 -1462.486083984375
v 127.4499282836914 -254.0740966796875 -1480.925537109375
v 32.53242492675781 -250.19805908203125 -1482.1197509765625
v -130.6793212890625 -244.48085021972656 -1462.5042724609375
v -127.30335998535156 -199.0058135986328 -1458.21240234375
v 19.179119110107422 -338.1893310546875 -1468.946533203125
v 91.56157684326172 -262.3918762207031 -1468.9818115234375
v 8.663804054260254 -246.62570190429688 -1481.768310546875
v -130.01417541503906 -219.5966796875 -1462.3914794921875
v -39.334651947021484 -348.0204162597656 -1462.4154052734375
v 65.88229370117188 -313.2079162597656 -1458.8333740234375
v -127.21268463134766 -263.37359619140625 -1467.2557373046875
v -103.1871109008789 -237.7944793701172 -1467.774658203125
v -101.68930053710938 -231.48208618164062 -1456.98095703125
v -130.38189697265625 -225.82797241210938 -1460.3616943359375
v -130.5348358154297 -206.6153564453125 -1464.8121337890625
v 99.6794662475586 -301.7982177734375 -1456.8857421875
v -104.287353515625 -278.5211181640625 -1466.83740234375
v 43.98898696899414 -258.8952331542969 -1475.890380859375
v 38.280540466308594 -256.4012145996094 -1484.5013427734375
v -107.90117645263672 -234.24404907226562 -1464.41748046875
v 26.81970977783203 -355.8721618652344 -1467.1888427734375
v 44.764251708984375 -334.1874084472656 -1468.449951171875
v 40.23387908935547 -255.20362854003906 -1469.7347412109375
v 18.679780960083008 -243.46006774902344 -1482.298828125
v -96.06221008300781 -287.0831298828125 -1459.65087890625
v 77.34207916259766 -280.8299865722656 -1463.315185546875
v -99.28519439697266 -238.82879638671875 -1452.874755859375
v -30.838916778564453 -333.7895202636719 -1460.8948974609375
v 73.7444839477539 -294.344970703125 -1457.0322265625
v -10.122153282165527 -257.7684631347656 -1466.625
v -67.68614196777344 -249.8817596435547 -1463.6356201171875
v -129.91848754882812 -216.3481903076172 -1455.0302734375
v 17.254802703857422 -354.9804382324219 -1452.4508056640625
v -61.27423095703125 -253.04522705078125 -1446.8250732421875
v 61.47048568725586 -324.0816650390625 -1461.622802734375
v -102.45500183105469 -265.3146057128906 -1455.49267578125
v 73.83885955810547 -250.79945373535156 -1471.1971435546875
v -68.79113006591797 -305.2875061035156 -1441.692138671875
v 49.12164306640625 -259.59039306640625 -1469.578369140625
v 113.74652862548828 -225.7772674560547 -1460.404541015625
v 0.1612270176410675 -352.5307922363281 -1443.9971923828125
v -21.411043167114258 -350.0757141113281 -1459.125
v -10.323867797851562 -351.7794494628906 -1452.189208984375
v 28.57379150390625 -330.67779541015625 -1450.323486328125
v 67.75338745117188 -337.088623046875 -1452.5032958984375
v 88.63616180419922 -275.55499267578125 -1473.07666015625
v -127.50528717041016 -241.0835418701172 -1456.8480224609375
v 69.98477935791016 -249.28614807128906 -1463.538330078125
v 2.935372829437256 -334.9197692871094 -1457.002685546875
v 108.28564453125 -288.94940185546875 -1455.3316650390625
v 121.16661071777344 -260.3620300292969 -1455.16455078125
v -32.44358825683594 -250.00303649902344 -1454.8739013671875
v -92.17494201660156 -245.03866577148438 -1458.7645263671875
v 14.539045333862305 -245.74139404296875 -1476.4158935546875
v 28.5975284576416 -246.3806610107422 -1479.478515625
v -128.62376403808594 -231.00698852539062 -1456.474365234375
v 8.927634239196777 -355.687255859375 -1451.9422607421875
v -71.56153869628906 -338.6534118652344 -1459.4593505859375
v -44.30007553100586 -330.16827392578125 -1461.4757080078125
v 49.86906051635742 -323.5526123046875 -1448.2396240234375
v -121.19918060302734 -267.4352722167969 -1454.683349609375
v 120.31295776367188 -267.9507751464844 -1459.5540771484375
v -17.533666610717773 -258.0548095703125 -1458.7301025390625
v 73.8025131225586 -249.9203338623047 -1466.224365234375
v 24.52849578857422 -244.88706970214844 -1476.61181640625
v 46.2094841003418 -329.1523742675781 -1454.2154541015625
v -4.09637451171875 -258.1571044921875 -1460.5206298828125
v 63.2642936706543 -260.219482421875 -1471.63818359375
v -41.5797119140625 -344.17254638671875 -1447.755126953125
v 47.25766372680664 -315.31854248046875 -1434.133544921875
v -121.90792083740234 -259.2685546875 -1450.2899169921875
v 69.82482147216797 -254.71434020996094 -1471.33544921875
v 35.4689826965332 -252.51364135742188 -1471.620849609375
v -101.57533264160156 -233.3309326171875 -1452.51220703125
v -128.0786895751953 -214.90786743164062 -1453.1280517578125
v -129.97476196289062 -214.1892547607422 -1450.707275390625
v 38.534481048583984 -331.8382568359375 -1457.1932373046875
v 54.18580627441406 -259.9403381347656 -1462.4315185546875
v -124.81787109375 -197.27297973632812 -1454.093505859375
v -27.544692993164062 -348.05841064453125 -1451.56396484375
v -54.52004623413086 -342.4613342285156 -1447.6998291015625
v 79.60491180419922 -274.6486511230469 -1456.419677734375
v -17.7924861907959 -257.13623046875 -1451.7139892578125
v 45.96786117553711 -258.2447204589844 -1464.7022705078125
v 33.6184196472168 -351.00543212890625 -1450.4541015625
v 116.14592742919922 -270.9951477050781 -1459.8917236328125
v -11.33161735534668 -259.9154968261719 -1456.73095703125
v 84.6822738647461 -317.4317626953125 -1448.9324951171875
v -89.17762756347656 -283.5368957519531 -1443.7119140625
v -101.12468719482422 -275.71466064453125 -1458.070068359375
v 61.60288619995117 -257.7781677246094 -1461.3897705078125
v -128.220703125 -221.09967041015625 -1450.8831787109375
v 22.186105728149414 -352.51507568359375 -1445.462890625
v -107.82852935791016 -289.9530334472656 -1445.8033447265625
v -113.29617309570312 -275.9791259765625 -1444.1611328125
v 87.07599639892578 -266.77734375 -1459.6451416015625
v -49.882843017578125 -252.9611358642578 -1448.1788330078125
v -28.329931259155273 -251.8272705078125 -1444.5277099609375
v -95.35472106933594 -241.97073364257812 -1450.91015625
v 19.291378021240234 -246.44195556640625 -1471.0296630859375
v 115.95304107666016 -252.1264190673828 -1454.7872314453125
v -28.974533081054688 -346.09503173828125 -1440.87451171875
v -67.09471893310547 -336.5866394042969 -1446.375732421875
v -79.83656311035156 -327.8277282714844 -1449.6888427734375
v -89.22454071044922 -318.3309326171875 -1447.2734375
v 109.85887908935547 -284.6708068847656 -1452.3209228515625
v -27.564579010009766 -250.7480010986328 -1453.1712646484375
v 13.479866981506348 -248.67111206054688 -1465.545654296875
v -98.20054626464844 -240.62303161621094 -1444.593994140625
v 65.7886962890625 -244.56959533691406 -1463.2137451171875
v -7.117384433746338 -353.9841613769531 -1448.70703125
v 55.78856658935547 -313.6951599121094 -1443.9254150390625
v 113.42841339111328 -276.66973876953125 -1457.5596923828125
v 4.457456588745117 -252.81443786621094 -1465.3043212890625
v 65.59191131591797 -255.09315490722656 -1459.07470703125
v 115.1094970703125 -228.80685424804688 -1454.6903076171875
v 70.59081268310547 -302.91802978515625 -1455.1517333984375
v -101.51602172851562 -250.28970336914062 -1451.19775390625
v -125.30204772949219 -238.01419067382812 -1446.3931884765625
v 114.3208999633789 -236.3576202392578 -1443.4156494140625
v -121.41085815429688 -199.34756469726562 -1440.6456298828125
v -75.66627502441406 -249.6154327392578 -1438.710693359375
v 57.426353454589844 -254.613525390625 -1457.453369140625
v 53.83089065551758 -338.0905456542969 -1438.181884765625
v -82.81021881103516 -319.15380859375 -1434.12060546875
v 6.954964637756348 -253.50717163085938 -1453.182373046875
v 52.520263671875 -258.8238525390625 -1460.1663818359375
v 45.182743072509766 -253.79959106445312 -1461.4522705078125
v 117.1091537475586 -241.82395935058594 -1452.6593017578125
v -65.73621368408203 -333.7682189941406 -1439.6854248046875
v 84.95216369628906 -314.1692810058594 -1442.111083984375
v -124.44972229003906 -246.26182556152344 -1449.249755859375
v -123.52091217041016 -229.4278106689453 -1437.250244140625
v -126.05120086669922 -213.28907775878906 -1447.9005126953125
v -126.23372650146484 -203.4908447265625 -1450.3287353515625
v 17.336196899414062 -334.3370666503906 -1452.94921875
v -69.93324279785156 -329.4239501953125 -1436.505859375
v 72.9354248046875 -287.59942626953125 -1449.0684814453125
v 74.27667236328125 -280.87579345703125 -1447.396240234375
v 110.72933197021484 -273.50726318359375 -1443.3572998046875
v 63.46571350097656 -243.8195037841797 -1453.0205078125
v 36.52849197387695 -248.28790283203125 -1461.00634765625
v -13.322096824645996 -350.6142272949219 -1443.6046142578125
v 86.27558135986328 -259.1932678222656 -1454.3709716796875
v 78.2463150024414 -252.36920166015625 -1453.6085205078125
v 3.4036054611206055 -330.5873718261719 -1436.40234375
v 75.38865661621094 -322.21624755859375 -1436.831787109375
v -56.87860107421875 -317.4416198730469 -1447.485107421875
v -99.14006805419922 -305.8481750488281 -1443.7059326171875
v -96.2784194946289 -238.43138122558594 -1443.5364990234375
v -2.807626962661743 -351.7100830078125 -1441.8154296875
v 98.7032699584961 -296.3561706542969 -1441.95849609375
v 114.97969055175781 -267.35980224609375 -1443.5335693359375
v -11.306405067443848 -256.84136962890625 -1439.7103271484375
v 17.64055824279785 -329.2159423828125 -1438.9659423828125
v -124.62342834472656 -219.72982788085938 -1439.0909423828125
v -67.63963317871094 -333.2127990722656 -1437.8907470703125
v -51.604957580566406 -317.8598937988281 -1441.1964111328125
v 75.48393249511719 -278.23345947265625 -1442.5775146484375
v 112.8247299194336 -251.70138549804688 -1441.4622802734375
v -121.02346801757812 -244.8050537109375 -1437.0006103515625
v -127.79706573486328 -216.30967712402344 -1437.6588134765625
v 49.94741439819336 -252.7050323486328 -1456.6416015625
v 71.93559265136719 -248.23751831054688 -1443.327392578125
v 31.782176971435547 -247.04327392578125 -1463.5560302734375
v -13.30239486694336 -331.01531982421875 -1443.8551025390625
v 116.82756805419922 -258.075927734375 -1449.64892578125
v -128.10394287109375 -223.1457977294922 -1441.5709228515625
v -128.41995239257812 -215.85821533203125 -1447.9530029296875
v -33.09071731567383 -344.0086669921875 -1430.30517578125
v 64.7802505493164 -330.3043518066406 -1437.7828369140625
v -55.940635681152344 -254.8590850830078 -1436.717041015625
v 30.845603942871094 -242.97206115722656 -1456.2010498046875
v 43.76546096801758 -248.81997680664062 -1457.201904296875
v 57.58577346801758 -240.22789001464844 -1450.48095703125
v 67.19850158691406 -243.8953857421875 -1451.7576904296875
v -123.57660675048828 -213.92185974121094 -1438.3795166015625
v -101.73387145996094 -299.6494140625 -1440.14794921875
v -92.3939208984375 -265.4334716796875 -1438.6744384765625
v 23.14046859741211 -244.60107421875 -1466.4727783203125
v -122.47430419921875 -218.5954132080078 -1431.197265625
v -64.4836654663086 -332.00018310546875 -1434.351806640625
v -47.09793472290039 -313.6415100097656 -1424.004150390625
v -30.94219398498535 -253.85784912109375 -1434.57763671875
v -22.136730194091797 -251.7883758544922 -1446.3858642578125
v -7.362143516540527 -351.37493896484375 -1429.0701904296875
v -22.1953067779541 -349.1165771484375 -1434.38623046875
v 44.639244079589844 -346.99530029296875 -1450.7215576171875
v -97.35220336914062 -313.569580078125 -1455.82275390625
v -76.35569763183594 -298.2068786621094 -1441.133544921875
v 107.93621826171875 -272.2311706542969 -1432.18212890625
v 84.1329345703125 -257.236328125 -1446.3341064453125
v -65.04351806640625 -253.50701904296875 -1437.314208984375
v -92.6336898803711 -254.42007446289062 -1435.6217041015625
v 51.770606994628906 -242.89564514160156 -1449.0992431640625
v 35.78113555908203 -322.2929382324219 -1433.174072265625
v -113.918701171875 -273.4621276855469 -1442.828125
v 74.39205932617188 -272.2685546875 -1433.0228271484375
v 112.32980346679688 -225.81048583984375 -1442.0294189453125
v -124.45478820800781 -228.2321319580078 -1427.0101318359375
v -112.71249389648438 -260.9994201660156 -1428.4068603515625
v -117.41888427734375 -252.62420654296875 -1434.8919677734375
v 77.55549621582031 -254.06578063964844 -1440.95751953125
v -50.262996673583984 -339.725830078125 -1436.4326171875
v -43.74924087524414 -321.6000671386719 -1436.8203125
v -100.156982421875 -290.71234130859375 -1422.7542724609375
v -45.20451736450195 -255.12403869628906 -1435.2403564453125
v -18.101261138916016 -251.29849243164062 -1436.30859375
v 52.95402526855469 -232.5275115966797 -1445.902099609375
v 2.079274892807007 -324.3501892089844 -1422.7691650390625
v 87.09319305419922 -307.3343200683594 -1433.5843505859375
v 62.82072448730469 -298.32415771484375 -1438.1063232421875
v -24.89757537841797 -254.00021362304688 -1427.322021484375
v 22.94247055053711 -243.26119995117188 -1453.7564697265625
v -128.59088134765625 -219.95333862304688 -1433.5721435546875
v 30.435848236083984 -325.52020263671875 -1436.4798583984375
v -2.0646004676818848 -257.5196228027344 -1445.0462646484375
v 113.45413208007812 -244.7966766357422 -1440.5135498046875
v -119.49445343017578 -239.36767578125 -1431.6182861328125
v -124.32354736328125 -225.41424560546875 -1427.229736328125
v 60.1826286315918 -290.7989501953125 -1422.684326171875
v -26.974586486816406 -254.6089630126953 -1422.7947998046875
v -11.99708366394043 -252.36141967773438 -1429.59814453125
v 22.596599578857422 -243.59613037109375 -1459.2176513671875
v -65.35453033447266 -330.4836730957031 -1428.8209228515625
v 50.581459045410156 -302.201171875 -1422.904541015625
v -60.77280044555664 -253.53562927246094 -1426.7437744140625
v 109.51353454589844 -254.25750732421875 -1428.0555419921875
v 37.370384216308594 -236.19142150878906 -1445.2005615234375
v -120.73384857177734 -209.85194396972656 -1427.72412109375
v 68.43682861328125 -322.62396240234375 -1430.5904541015625
v -34.72980499267578 -322.7692565917969 -1427.04638671875
v 58.141963958740234 -237.85293579101562 -1445.3326416015625
v -69.79678344726562 -294.5716247558594 -1426.742431640625
v 64.34888458251953 -284.47845458984375 -1437.05517578125
v 69.71021270751953 -276.3968200683594 -1430.06640625
v 76.66007232666016 -263.6015319824219 -1431.272216796875
v -1.2115658521652222 -255.58253479003906 -1430.0672607421875
v 80.16313171386719 -255.07611083984375 -1438.6707763671875
v 38.901432037353516 -342.47491455078125 -1427.9696044921875
v -75.04961395263672 -323.9896240234375 -1429.0015869140625
v -77.68647003173828 -247.49864196777344 -1429.8629150390625
v 17.669795989990234 -248.9252471923828 -1439.6522216796875
v -120.20055389404297 -228.85504150390625 -1427.369873046875
v -117.1562271118164 -200.1392059326172 -1424.2412109375
v -21.805822372436523 -347.0495300292969 -1420.9056396484375
v 19.27179718017578 -348.524658203125 -1429.408203125
v -50.8659782409668 -337.479736328125 -1428.2469482421875
v 23.363651275634766 -327.1872863769531 -1435.858642578125
v -78.15463256835938 -290.5627746582031 -1432.270263671875
v -51.84889602661133 -254.95254516601562 -1426.8525390625
v 112.22657775878906 -258.1182861328125 -1432.7515869140625
v 111.61862182617188 -230.46022033691406 -1429.831787109375
v 44.60703659057617 -234.0055694580078 -1444.1572265625
v 58.65709686279297 -302.48272705078125 -1435.327880859375
v 102.71014404296875 -287.73065185546875 -1435.205078125
v 66.02552795410156 -281.0395202636719 -1426.6558837890625
v 111.16565704345703 -266.3276672363281 -1431.858154296875
v 7.572508335113525 -253.2979278564453 -1436.7767333984375
v -85.49556732177734 -251.09967041015625 -1420.817138671875
v -89.90959167480469 -243.28541564941406 -1430.4649658203125
v -82.12033081054688 -243.93775939941406 -1428.0867919921875
v -116.44813537597656 -235.7230224609375 -1416.37939453125
v 105.21849060058594 -280.5000915527344 -1428.0440673828125
v -87.35043334960938 -275.14984130859375 -1434.447509765625
v -16.026941299438477 -251.61346435546875 -1425.2196044921875
v 73.60992431640625 -249.56988525390625 -1432.0361328125
v 66.05651092529297 -243.263671875 -1436.146484375
v 54.19486618041992 -331.8165283203125 -1425.1412353515625
v -79.83096313476562 -281.39404296875 -1426.7059326171875
v 73.64588165283203 -251.52272033691406 -1435.5126953125
v 25.451290130615234 -245.29014587402344 -1440.35107421875
v -115.2422866821289 -197.8325653076172 -1423.03076171875
v -17.41744613647461 -348.47222900390625 -1422.40234375
v -85.13462829589844 -238.2686309814453 -1424.1845703125
v -30.221044540405273 -321.0046691894531 -1418.8521728515625
v 59.260555267333984 -237.52017211914062 -1431.4693603515625
v -55.59632110595703 -308.3552551269531 -1427.84716796875
v -107.88080596923828 -279.6981506347656 -1432.8114013671875
v 28.46051025390625 -245.62835693359375 -1425.2530517578125
v -88.15168762207031 -239.42373657226562 -1428.7437744140625
v 46.75259780883789 -231.59481811523438 -1438.6600341796875
v 31.71951675415039 -345.462158203125 -1428.70361328125
v -1.6702243089675903 -252.76583862304688 -1419.64892578125
v 77.96455383300781 -248.98973083496094 -1433.0916748046875
v 65.88037872314453 -245.7577667236328 -1429.05419921875
v 53.02013397216797 -232.2481689453125 -1440.0914306640625
v -15.623955726623535 -356.1207275390625 -1418.6297607421875
v -25.14745330810547 -326.1700439453125 -1429.4776611328125
v -74.89100646972656 -322.1559753417969 -1422.688720703125
v -66.18635559082031 -249.08172607421875 -1416.3046875
v -0.6131322979927063 -348.72186279296875 -1422.2550048828125
v 45.283851623535156 -338.18316650390625 -1425.7030029296875
v -61.801143646240234 -297.2803039550781 -1420.2464599609375
v 109.78276824951172 -238.77914428710938 -1427.3798828125
v -0.6358340978622437 -319.6172790527344 -1414.1978759765625
v 60.90069580078125 -323.55859375 -1417.515869140625
v 19.09220314025879 -248.45770263671875 -1422.294677734375
v 66.80162811279297 -245.0747528076172 -1426.361328125
v 31.85561752319336 -339.8527526855469 -1412.9432373046875
v -49.92465591430664 -335.04168701171875 -1413.4669189453125
v -57.66285705566406 -334.08038330078125 -1419.450927734375
v 71.04232025146484 -317.9197692871094 -1425.7254638671875
v -54.36222457885742 -302.4858703613281 -1415.1329345703125
v -73.48085021972656 -283.0165100097656 -1418.515380859375
v -106.26215362548828 -275.7138366699219 -1423.16357421875
v -70.67156982421875 -245.37216186523438 -1413.101806640625
v -115.32337188720703 -249.76742553710938 -1424.33447265625
v 10.818557739257812 -344.925537109375 -1410.8790283203125
v -66.77542877197266 -328.74798583984375 -1423.989013671875
v -74.30594635009766 -318.1208801269531 -1402.9876708984375
v 15.4308500289917 -321.2950134277344 -1419.7552490234375
v 55.808380126953125 -292.0198059082031 -1418.07421875
v -97.26964569091797 -293.9622802734375 -1419.094970703125
v 70.43883514404297 -264.8894958496094 -1419.43603515625
v 74.11048889160156 -259.70843505859375 -1425.8701171875
v 111.21697235107422 -247.9716796875 -1429.860107421875
v -82.11247253417969 -236.80787658691406 -1414.3583984375
v 35.5206184387207 -241.2011260986328 -1432.7825927734375
v -85.83599090576172 -312.7696838378906 -1426.80419921875
v 31.078495025634766 -316.69989013671875 -1420.9384765625
v 103.98169708251953 -269.3460693359375 -1416.2642822265625
v -8.34982681274414 -250.4726104736328 -1420.34814453125
v 71.38584899902344 -247.8734588623047 -1422.6619873046875
v 50.44246292114258 -235.3856201171875 -1430.7294921875
v -9.492928504943848 -349.2886962890625 -1418.222412109375
v -24.83956527709961 -318.47955322265625 -1412.5103759765625
v -48.247074127197266 -307.91668701171875 -1415.450927734375
v 40.14997100830078 -313.93365478515625 -1424.4749755859375
v -63.996559143066406 -290.3690185546875 -1412.073486328125
v -37.60611343383789 -255.06175231933594 -1416.1077880859375
v -59.70833969116211 -252.3545379638672 -1419.8204345703125
v 106.61315155029297 -253.00332641601562 -1417.261474609375
v -62.35993957519531 -330.488525390625 -1415.2744140625
v -81.95486450195312 -262.4969177246094 -1418.2999267578125
v 108.7482681274414 -260.38494873046875 -1419.2430419921875
v 72.88980102539062 -240.34764099121094 -1427.816162109375
v 109.93665313720703 -227.0457305908203 -1420.92138671875
v -119.54119873046875 -219.66525268554688 -1422.475341796875
v -36.77051544189453 -338.9237060546875 -1417.116455078125
v 70.9635009765625 -314.8457336425781 -1416.5281982421875
v 66.75080108642578 -272.8876953125 -1418.309326171875
v -42.99386215209961 -254.15032958984375 -1413.3345947265625
v -114.94076538085938 -217.38336181640625 -1410.69189453125
v -115.3059310913086 -203.30337524414062 -1416.2021484375
v -108.51679992675781 -254.7940673828125 -1405.678955078125
v -112.89789581298828 -239.78237915039062 -1408.9024658203125
v 110.23455810546875 -234.8765411376953 -1416.1124267578125
v 67.7265625 -234.8585205078125 -1424.3157958984375
v -3.356232166290283 -345.9033203125 -1406.848388671875
v 7.997282981872559 -351.8312683105469 -1432.46533203125
v -58.56576156616211 -294.5549621582031 -1409.2373046875
v -14.553851127624512 -251.2914276123047 -1417.918212890625
v 78.74241638183594 -248.57461547851562 -1420.71435546875
v 75.55448913574219 -238.42601013183594 -1420.4986572265625
v 110.36750793457031 -223.6190948486328 -1418.2366943359375
v -18.783132553100586 -346.56011962890625 -1415.7705078125
v 55.551109313964844 -325.6975402832031 -1411.083984375
v 101.34429168701172 -274.9052734375 -1413.56787109375
v 7.141968727111816 -250.2159423828125 -1410.884033203125
v 6.585744380950928 -252.6974639892578 -1425.65283203125
v -77.65570068359375 -240.7548370361328 -1413.9117431640625
v 43.28211975097656 -241.98976135253906 -1425.56640625
v 56.43632888793945 -241.3028106689453 -1421.1903076171875
v 21.727916717529297 -316.6532287597656 -1414.6798095703125
v -35.121456146240234 -314.048583984375 -1408.1676025390625
v 91.53794860839844 -298.9627990722656 -1423.2115478515625
v -77.7810287475586 -274.2264099121094 -1418.322998046875
v 80.65773010253906 -249.50233459472656 -1419.7584228515625
v -74.88116455078125 -246.91603088378906 -1406.9681396484375
v 81.03439331054688 -244.94845581054688 -1423.6710205078125
v 58.83158874511719 -226.68206787109375 -1421.0460205078125
v -14.507855415344238 -347.38555908203125 -1413.5184326171875
v -57.27103805541992 -332.18389892578125 -1408.90283203125
v -93.04034423828125 -302.25885009765625 -1422.33203125
v 70.17379760742188 -258.03485107421875 -1418.7694091796875
v 77.37525939941406 -257.42181396484375 -1416.4700927734375
v -80.59799194335938 -244.44757080078125 -1413.52392578125
v -111.9937515258789 -200.08282470703125 -1412.432861328125
v -69.87044525146484 -323.6955871582031 -1406.3961181640625
v 75.2277603149414 -257.53936767578125 -1415.7154541015625
v -11.153684616088867 -249.85076904296875 -1407.6912841796875
v 20.45960807800293 -246.96168518066406 -1411.2012939453125
v 66.32779693603516 -236.2325897216797 -1421.305908203125
v -66.10472106933594 -327.4525451660156 -1410.46533203125
v -14.848342895507812 -320.68023681640625 -1415.490478515625
v -103.10848236083984 -280.173828125 -1416.3367919921875
v 37.986392974853516 -243.50112915039062 -1412.663818359375
v 20.980680465698242 -342.5733337402344 -1411.5438232421875
v 93.14259338378906 -288.06402587890625 -1409.848876953125
v -47.71049118041992 -250.3363494873047 -1404.384521484375
v -114.83541107177734 -227.5037384033203 -1409.8594970703125
v -111.81651306152344 -204.60250854492188 -1408.0360107421875
v -1.217720866203308 -248.10647583007812 -1406.246337890625
v 109.28614807128906 -246.03253173828125 -1417.3525390625
v 56.8726692199707 -239.07293701171875 -1418.7930908203125
v 52.488059997558594 -233.89761352539062 -1418.0836181640625
v 37.96754455566406 -335.2958679199219 -1405.37353515625
v -66.43305969238281 -335.6267395019531 -1410.61376953125
v -8.704686164855957 -316.78009033203125 -1407.087890625
v -65.42648315429688 -283.9496154785156 -1407.1468505859375
v 74.48743438720703 -264.5615539550781 -1413.4080810546875
v -47.21101379394531 -302.5118713378906 -1404.9417724609375
v 92.48155212402344 -280.5537414550781 -1398.749267578125
v 60.95417404174805 -269.4765930175781 -1406.6583251953125
v 104.77649688720703 -255.25921630859375 -1414.2120361328125
v 68.05743408203125 -233.4907684326172 -1416.2403564453125
v -109.26720428466797 -199.25869750976562 -1405.1087646484375
v -9.43145751953125 -345.62847900390625 -1404.5003662109375
v 11.618042945861816 -314.4599914550781 -1408.016845703125
v 72.16761016845703 -265.2430725097656 -1404.9664306640625
v 69.51068878173828 -259.7779541015625 -1405.689208984375
v 79.96388244628906 -235.9733123779297 -1415.7750244140625
v 71.48548889160156 -235.63160705566406 -1415.431640625
v 85.21110534667969 -302.69256591796875 -1415.947265625
v -28.98560333251953 -252.3839111328125 -1404.8848876953125
v 62.879547119140625 -249.4769287109375 -1412.9659423828125
v 105.0342788696289 -250.94717407226562 -1410.7139892578125
v -21.364791870117188 -314.740234375 -1404.8675537109375
v 2.208829164505005 -315.95794677734375 -1408.082763671875
v -93.1048812866211 -296.62384033203125 -1408.886474609375
v -70.21806335449219 -275.45318603515625 -1407.0421142578125
v 70.15052032470703 -269.87274169921875 -1406.670166015625
v -107.4716567993164 -254.56863403320312 -1399.39990234375
v 104.81243896484375 -259.44549560546875 -1410.75048828125
v -77.27356719970703 -234.81478881835938 -1405.6700439453125
v 75.30314636230469 -242.6540985107422 -1417.1712646484375
v 61.04735565185547 -238.6983642578125 -1416.2720947265625
v -33.446937561035156 -338.15997314453125 -1408.0970458984375
v -76.05923461914062 -256.4823303222656 -1408.032958984375
v 60.41846466064453 -246.63616943359375 -1408.8056640625
v 56.10416793823242 -239.37509155273438 -1415.2105712890625
v 72.79165649414062 -240.74810791015625 -1413.303955078125
v 77.92969512939453 -237.84295654296875 -1411.27197265625
v -53.63665008544922 -296.7176208496094 -1405.3267822265625
v 60.08903121948242 -277.3404235839844 -1409.5814208984375
v 62.258644104003906 -260.8870849609375 -1406.640625
v -24.60762596130371 -253.41990661621094 -1413.009033203125
v 31.180011749267578 -244.39544677734375 -1406.379150390625
v 74.90354919433594 -248.22906494140625 -1413.078369140625
v 79.85922241210938 -243.10385131835938 -1410.9384765625
v 73.25228881835938 -245.27557373046875 -1413.9200439453125
v 65.9609375 -237.49154663085938 -1410.484375
v 109.9688949584961 -224.27105712890625 -1410.0682373046875
v 102.98872375488281 -264.40325927734375 -1405.564453125
v 7.699869155883789 -248.42086791992188 -1405.0223388671875
v 69.19422912597656 -238.41114807128906 -1414.1881103515625
v 35.475860595703125 -295.07861328125 -1399.64990234375
v -53.608192443847656 -288.98150634765625 -1395.51513671875
v 100.25523376464844 -264.3189392089844 -1397.83837890625
v 73.2630386352539 -250.6069793701172 -1405.6180419921875
v -106.5429916381836 -199.77638244628906 -1394.4659423828125
v 22.14998435974121 -305.7729797363281 -1400.6461181640625
v 107.7024154663086 -242.73965454101562 -1411.348876953125
v 77.30111694335938 -243.07904052734375 -1404.9356689453125
v -82.61564636230469 -309.6699523925781 -1404.8172607421875
v -29.707189559936523 -315.8152770996094 -1406.45751953125
v 86.31433868408203 -290.3149108886719 -1398.5191650390625
v 78.8702392578125 -251.63438415527344 -1408.3525390625
v 56.03352355957031 -254.93946838378906 -1403.162841796875
v 71.27706909179688 -248.79928588867188 -1408.9656982421875
v 17.990617752075195 -243.93179321289062 -1400.087890625
v 64.5111083984375 -238.28973388671875 -1407.0948486328125
v -17.44736099243164 -342.5820007324219 -1401.2125244140625
v 64.17345428466797 -272.2686767578125 -1399.3338623046875
v -69.22686004638672 -256.38421630859375 -1397.6392822265625
v -51.83483123779297 -245.004150390625 -1397.6724853515625
v -62.942527770996094 -244.3605194091797 -1403.574462890625
v 73.60798645019531 -239.7572784423828 -1408.68896484375
v 51.78812026977539 -234.36831665039062 -1410.25146484375
v -112.46365356445312 -223.38780212402344 -1402.26416015625
v 63.73994827270508 -270.3542785644531 -1401.521484375
v 50.30976486206055 -272.4339294433594 -1399.6458740234375
v 67.43275451660156 -241.43585205078125 -1406.3009033203125
v 109.8868179321289 -222.7684326171875 -1406.2957763671875
v -41.97681427001953 -332.7770080566406 -1396.6593017578125
v -61.98746871948242 -328.8424377441406 -1404.7578125
v -62.855220794677734 -323.1268615722656 -1387.3555908203125
v -6.025701522827148 -311.0729675292969 -1398.1395263671875
v 29.657520294189453 -300.5594482421875 -1399.7620849609375
v 45.560855865478516 -280.8703918457031 -1400.0782470703125
v -64.31529235839844 -274.76519775390625 -1397.2926025390625
v 71.77458190917969 -246.7797088623047 -1405.6265869140625
v 31.6190242767334 -241.25596618652344 -1401.589111328125
v 72.85134887695312 -240.82383728027344 -1404.4957275390625
v 47.53496551513672 -331.15936279296875 -1408.4443359375
v 68.60103607177734 -312.6513366699219 -1401.548583984375
v 58.177284240722656 -277.6956787109375 -1399.5057373046875
v 70.84239196777344 -254.16915893554688 -1401.0665283203125
v -42.088382720947266 -248.8313446044922 -1399.3453369140625
v 9.755802154541016 -242.66685485839844 -1396.762939453125
v 61.77908706665039 -242.6116943359375 -1403.00439453125
v -70.07579803466797 -239.28135681152344 -1402.6761474609375
v -69.12354278564453 -230.10580444335938 -1395.422119140625
v 44.926429748535156 -232.38818359375 -1406.687744140625
v -76.97451782226562 -207.66160583496094 -1396.09423828125
v -1.0298192501068115 -343.42413330078125 -1399.09716796875
v 38.33793640136719 -332.6024169921875 -1390.3609619140625
v -98.8676986694336 -283.678466796875 -1402.3272705078125
v 95.37353515625 -273.79443359375 -1396.0931396484375
v -106.69380950927734 -254.44525146484375 -1391.796630859375
v 71.65999603271484 -238.45030212402344 -1402.0294189453125
v 37.294857025146484 -237.31082153320312 -1400.424560546875
v -108.8334732055664 -218.474609375 -1390.9691162109375
v 53.37102508544922 -279.7979736328125 -1397.2188720703125
v -10.43525218963623 -247.23611450195312 -1396.7994384765625
v 67.07453155517578 -249.16653442382812 -1401.686279296875
v 63.11640930175781 -246.5155792236328 -1399.4267578125
v 65.00802612304688 -245.06056213378906 -1403.046875
v 76.807861328125 -247.3031768798828 -1400.4168701171875
v 13.9732084274292 -296.72430419921875 -1389.8448486328125
v -36.16154098510742 -300.6728820800781 -1391.732177734375
v -92.29874420166016 -294.92425537109375 -1399.411376953125
v 52.11266326904297 -251.1411590576172 -1401.442626953125
v 72.24298095703125 -249.33761596679688 -1401.228759765625
v 1.973950743675232 -243.69261169433594 -1399.2100830078125
v 62.86046600341797 -244.94566345214844 -1403.1737060546875
v 68.11138916015625 -243.11227416992188 -1399.9754638671875
v -57.49189376831055 -236.79734802246094 -1392.4908447265625
v 43.86787796020508 -232.47364807128906 -1404.640625
v 74.39327239990234 -305.6775817871094 -1398.39697265625
v -95.14350128173828 -287.4852600097656 -1387.3060302734375
v 49.43817901611328 -261.7069091796875 -1396.5692138671875
v 67.5841293334961 -252.329833984375 -1398.201171875
v -45.47570037841797 -243.19825744628906 -1392.96044921875
v -70.27767944335938 -236.2471160888672 -1396.54931640625
v 6.723373889923096 -342.13812255859375 -1395.6114501953125
v 45.2342414855957 -328.3094482421875 -1386.9110107421875
v 58.72113800048828 -318.1548767089844 -1388.206298828125
v -48.535423278808594 -293.88232421875 -1397.286376953125
v -68.36247253417969 -245.87319946289062 -1395.3809814453125
v -62.601097106933594 -238.84396362304688 -1389.16650390625
v 55.40321350097656 -238.8377685546875 -1400.2266845703125
v -74.50849151611328 -207.47329711914062 -1395.6712646484375
v -14.409586906433105 -339.9024353027344 -1392.869873046875
v 16.787771224975586 -341.2998046875 -1399.2081298828125
v 52.089698791503906 -324.336669921875 -1389.3837890625
v -19.784582138061523 -306.4863586425781 -1392.6297607421875
v 25.985502243041992 -295.46478271484375 -1392.8233642578125
v 58.18679428100586 -274.9452819824219 -1392.2852783203125
v -102.58279418945312 -275.9906005859375 -1406.2178955078125
v 39.23062515258789 -271.9901123046875 -1390.3421630859375
v 45.62928771972656 -238.52000427246094 -1402.9505615234375
v 21.118083953857422 -237.17161560058594 -1393.567626953125
v 73.20814514160156 -240.98529052734375 -1400.4818115234375
v -74.95857238769531 -218.50885009765625 -1389.5068359375
v -7.425346374511719 -342.0732727050781 -1394.931884765625
v -52.551979064941406 -331.3642272949219 -1400.7655029296875
v -83.68385314941406 -306.5943603515625 -1397.339111328125
v 10.598630905151367 -304.22552490234375 -1395.6781005859375
v 45.1963996887207 -290.5041198730469 -1391.4969482421875
v 35.95649337768555 -286.0270690917969 -1393.295654296875
v 51.93501281738281 -281.6832275390625 -1391.5120849609375
v 49.293174743652344 -281.95538330078125 -1393.4609375
v -66.14518737792969 -267.8305358886719 -1395.945556640625
v 62.85586166381836 -259.110107421875 -1397.8040771484375
v -20.78076934814453 -246.64129638671875 -1393.1759033203125
v 64.52823638916016 -241.84104919433594 -1397.5804443359375
v 4.258866786956787 -239.12405395507812 -1393.098876953125
v -3.046076536178589 -231.28790283203125 -1394.713623046875
v -70.37750244140625 -204.65379333496094 -1392.320068359375
v -74.68497467041016 -315.9554748535156 -1394.2247314453125
v -4.437180995941162 -302.1531677246094 -1389.3890380859375
v -45.195743560791016 -285.6106262207031 -1387.993896484375
v -63.50407028198242 -258.76226806640625 -1390.06494140625
v 73.65078735351562 -256.0164489746094 -1397.6865234375
v 104.18633270263672 -251.16497802734375 -1398.770263671875
v 59.865299224853516 -241.71749877929688 -1395.999755859375
v 52.40797424316406 -238.29461669921875 -1399.1180419921875
v -74.67253112792969 -221.61595153808594 -1393.29931640625
v -75.8426513671875 -203.10719299316406 -1393.87109375
v -67.05866241455078 -322.1871337890625 -1392.987548828125
v -35.66791915893555 -305.7013244628906 -1396.7491455078125
v -51.47847366333008 -292.8534240722656 -1391.1329345703125
v 54.77487564086914 -269.8157653808594 -1393.6072998046875
v 57.250274658203125 -256.082763671875 -1393.886962890625
v 33.367431640625 -241.89137268066406 -1392.5369873046875
v 55.11692810058594 -243.5853729248047 -1399.255126953125
v -108.88005828857422 -245.49911499023438 -1398.9063720703125
v 50.6937141418457 -241.09117126464844 -1396.155029296875
v 34.09599685668945 -232.96563720703125 -1396.3485107421875
v -73.2298355102539 -230.52294921875 -1391.6055908203125
v 31.13276481628418 -231.44664001464844 -1396.34423828125
v -74.93592071533203 -209.1892547607422 -1391.5198974609375
v -6.134016513824463 -341.0286560058594 -1389.289794921875
v 24.695711135864258 -338.8885192871094 -1397.6705322265625
v -12.62138557434082 -302.1979675292969 -1388.39111328125
v 23.91649627685547 -300.5450134277344 -1389.0848388671875
v -39.58903884887695 -294.1997985839844 -1389.0670166015625
v 36.40721130371094 -296.3081970214844 -1389.790771484375
v -60.37932205200195 -282.5399169921875 -1389.8389892578125
v 37.262454986572266 -279.12384033203125 -1391.442626953125
v 59.484920501708984 -247.6513214111328 -1392.6549072265625
v 57.75168991088867 -250.37506103515625 -1389.06494140625
v 68.36669921875 -244.30831909179688 -1395.6444091796875
v 75.8495864868164 -242.75790405273438 -1397.783935546875
v 8.82774543762207 -235.66909790039062 -1390.8560791015625
v 17.974884033203125 -231.53045654296875 -1390.15771484375
v 2.4458229541778564 -228.2308807373047 -1391.417236328125
v -76.1850357055664 -221.54742431640625 -1392.6407470703125
v -79.1128921508789 -311.396240234375 -1386.7393798828125
v 33.27403259277344 -300.2330017089844 -1388.8135986328125
v -51.840553283691406 -294.2874755859375 -1391.060302734375
v -51.1548957824707 -281.6402282714844 -1387.8931884765625
v 34.8037223815918 -260.4034118652344 -1387.614990234375
v 42.66984176635742 -258.0061950683594 -1392.5777587890625
v -73.08038330078125 -233.30178833007812 -1389.2540283203125
v 24.142370223999023 -231.8885498046875 -1391.189453125
v 6.407741069793701 -228.35618591308594 -1390.2738037109375
v 10.661128044128418 -226.82130432128906 -1389.0091552734375
v 5.149223327636719 -306.6370544433594 -1389.771240234375
v -58.445533752441406 -284.1216125488281 -1390.527587890625
v -65.53521728515625 -272.2705383300781 -1389.4937744140625
v -67.40717315673828 -272.9557189941406 -1390.427001953125
v 33.46810531616211 -249.40794372558594 -1388.9449462890625
v -72.6926040649414 -246.4991912841797 -1389.6285400390625
v -73.6749038696289 -206.1830291748047 -1388.2371826171875
v 6.290995121002197 -341.973876953125 -1389.18701171875
v -51.291866302490234 -281.7538146972656 -1383.5615234375
v 46.470027923583984 -265.7053527832031 -1387.355224609375
v 55.96702194213867 -247.64633178710938 -1392.1192626953125
v -73.40491485595703 -246.2611846923828 -1388.2108154296875
v 2.0954861640930176 -229.96417236328125 -1389.519775390625
v -65.96788787841797 -227.609619140625 -1385.425048828125
v 19.72956657409668 -286.5166931152344 -1385.49072265625
v 66.92691802978516 -263.67767333984375 -1390.419921875
v 53.86281967163086 -252.0832977294922 -1389.3294677734375
v -30.30725860595703 -243.80609130859375 -1389.729248046875
v -71.01297760009766 -237.5924835205078 -1388.2152099609375
v 25.826751708984375 -232.45623779296875 -1389.7596435546875
v -67.42293548583984 -214.2595977783203 -1389.1435546875
v -71.64417266845703 -214.23114013671875 -1389.308349609375
v -68.84700012207031 -208.2174835205078 -1390.77783203125
v 13.712420463562012 -305.94598388671875 -1388.734375
v -73.80548095703125 -258.75128173828125 -1389.9661865234375
v -70.57735443115234 -252.16746520996094 -1386.8970947265625
v 50.626136779785156 -249.77566528320312 -1391.6483154296875
v 62.484046936035156 -249.200927734375 -1388.312744140625
v 50.96797561645508 -247.3411865234375 -1386.33447265625
v 69.98764038085938 -248.3883514404297 -1393.135009765625
v 29.49562644958496 -237.45025634765625 -1388.5257568359375
v -3.215826988220215 -240.45816040039062 -1389.3262939453125
v 29.70487403869629 -233.12876892089844 -1387.0823974609375
v 14.98831558227539 -227.633056640625 -1389.35595703125
v 23.93160629272461 -234.13099670410156 -1384.9810791015625
v 107.98855590820312 -224.65890502929688 -1401.2713623046875
v -65.05870056152344 -212.17909240722656 -1388.392333984375
v 9.403059005737305 -341.0758972167969 -1383.8955078125
v -20.394681930541992 -337.1590881347656 -1390.6885986328125
v -18.97031593322754 -299.65008544921875 -1383.7579345703125
v -61.65726852416992 -269.1912536621094 -1390.669677734375
v 44.76839065551758 -253.0050811767578 -1386.10302734375
v 56.28251266479492 -255.3478240966797 -1387.31396484375
v 71.1183090209961 -242.7676544189453 -1390.4698486328125
v 7.190455913543701 -236.35894775390625 -1385.56494140625
v 75.96245574951172 -242.29432678222656 -1392.8046875
v -48.146358489990234 -229.30796813964844 -1385.0257568359375
v 109.12201690673828 -235.00897216796875 -1395.7000732421875
v -10.11622428894043 -339.74334716796875 -1385.6273193359375
v 23.09932518005371 -303.50396728515625 -1383.5059814453125
v 76.52910614013672 -297.4752502441406 -1386.660888671875
v 38.7078742980957 -280.2484436035156 -1384.943359375
v 44.88385772705078 -281.0981750488281 -1388.99169921875
v 34.85135269165039 -265.8927917480469 -1387.4256591796875
v 54.69084167480469 -264.9670715332031 -1387.764404296875
v 58.506378173828125 -262.68438720703125 -1387.151611328125
v -67.57952117919922 -240.93295288085938 -1384.642822265625
v 60.250892639160156 -248.2954864501953 -1386.5455322265625
v 30.926250457763672 -244.17471313476562 -1386.1942138671875
v 25.796125411987305 -244.8347930908203 -1385.320068359375
v 30.97188377380371 -238.98373413085938 -1386.013671875
v -58.17311096191406 -226.85748291015625 -1387.7564697265625
v -65.03617095947266 -209.51544189453125 -1383.38330078125
v -69.845458984375 -209.17056274414062 -1386.0428466796875
v -105.2431640625 -202.70582580566406 -1385.8525390625
v -40.01505661010742 -330.4817199707031 -1385.999267578125
v 70.8936996459961 -300.40240478515625 -1378.60546875
v -45.18619155883789 -298.5953674316406 -1387.1973876953125
v 38.00361251831055 -293.2379455566406 -1385.5299072265625
v 21.493135452270508 -274.963134765625 -1383.2041015625
v -74.23648071289062 -263.1476135253906 -1386.27783203125
v 57.46391677856445 -261.0934143066406 -1385.058349609375
v 65.57732391357422 -256.6026611328125 -1388.9136962890625
v -12.938162803649902 -240.25645446777344 -1386.1195068359375
v -20.458566665649414 -239.1969451904297 -1384.84716796875
v -51.38895034790039 -242.51834106445312 -1381.6646728515625
v -72.01011657714844 -212.10728454589844 -1384.7139892578125
v 68.38318634033203 -310.03466796875 -1393.11279296875
v 3.117065906524658 -309.12750244140625 -1388.0302734375
v 9.967572212219238 -298.2240905761719 -1384.259033203125
v 38.67072677612305 -294.98052978515625 -1387.8319091796875
v -44.27463912963867 -270.08489990234375 -1380.37158203125
v 26.875041961669922 -258.0749816894531 -1384.806884765625
v 40.498817443847656 -259.3713073730469 -1383.6070556640625
v 52.705684661865234 -258.49468994140625 -1385.4571533203125
v -58.001365661621094 -256.8077087402344 -1384.8880615234375
v -105.87620544433594 -250.6252899169922 -1381.8721923828125
v 74.00102996826172 -242.25721740722656 -1387.48193359375
v 21.614910125732422 -241.02560424804688 -1386.0557861328125
v 110.27140808105469 -223.5819091796875 -1387.149658203125
v -107.47515106201172 -210.5117645263672 -1389.1370849609375
v -53.555091857910156 -290.86334228515625 -1385.140625
v 30.42376708984375 -289.2376403808594 -1384.3382568359375
v 38.749183654785156 -267.39910888671875 -1383.165771484375
v 61.12795639038086 -267.6611633300781 -1377.2139892578125
v -74.4342041015625 -258.8629455566406 -1385.857177734375
v 58.71982192993164 -254.07546997070312 -1385.0628662109375
v 44.57604217529297 -252.7655029296875 -1383.4200439453125
v 58.16849136352539 -252.4285888671875 -1382.3177490234375
v -56.70094299316406 -246.76763916015625 -1384.4638671875
v 14.45163631439209 -250.04928588867188 -1378.6484375
v 23.70480728149414 -241.28074645996094 -1384.6309814453125
v -34.70404815673828 -236.0823211669922 -1383.9190673828125
v -43.62763214111328 -226.20359802246094 -1381.6885986328125
v 1.6692614555358887 -291.0603332519531 -1382.3917236328125
v -58.290836334228516 -282.9482116699219 -1378.58984375
v -37.94962692260742 -286.63409423828125 -1384.3775634765625
v -63.713199615478516 -266.0885009765625 -1385.38720703125
v -103.38774108886719 -266.2819519042969 -1386.9541015625
v 52.08750534057617 -250.03614807128906 -1382.9595947265625
v 28.983070373535156 -243.70021057128906 -1382.020263671875
v 64.32207489013672 -247.2686767578125 -1385.629150390625
v 18.766759872436523 -239.3636016845703 -1383.6990966796875
v 5.120988368988037 -234.86767578125 -1384.1846923828125
v 104.78781127929688 -241.89239501953125 -1386.144287109375
v -68.23915100097656 -224.52491760253906 -1383.0106201171875
v -2.3270606994628906 -307.247802734375 -1386.9232177734375
v 88.21442413330078 -277.2212219238281 -1381.7152099609375
v -50.52116775512695 -268.955078125 -1382.7855224609375
v 45.78915023803711 -264.710693359375 -1382.1529541015625
v -73.81573486328125 -245.40701293945312 -1383.97900390625
v 64.78109741210938 -255.2519989013672 -1380.93408203125
v 36.7310905456543 -249.34307861328125 -1382.1436767578125
v 10.64476203918457 -238.80308532714844 -1379.996826171875
v 25.851648330688477 -238.31044006347656 -1384.2596435546875
v -53.96072006225586 -231.4368896484375 -1378.946044921875
v -21.70803451538086 -232.19688415527344 -1381.87890625
v -68.3027572631836 -219.8141632080078 -1380.6072998046875
v -61.673912048339844 -218.12283325195312 -1381.690673828125
v -55.2133674621582 -217.08578491210938 -1382.8035888671875
v -42.81380844116211 -299.2169494628906 -1381.838134765625
v -27.804121017456055 -299.4029846191406 -1384.4376220703125
v -29.576810836791992 -294.29412841796875 -1382.6759033203125
v 15.069475173950195 -293.81121826171875 -1382.7794189453125
v -71.79878234863281 -263.85076904296875 -1376.4478759765625
v 16.314550399780273 -260.5777587890625 -1380.1087646484375
v 45.99213409423828 -258.13360595703125 -1382.2237548828125
v 28.865217208862305 -251.4615020751953 -1381.656494140625
v 25.23347282409668 -248.92037963867188 -1385.5701904296875
v 55.723419189453125 -247.77072143554688 -1383.440185546875
v 67.11919403076172 -241.60516357421875 -1385.1375732421875
v -3.3959977626800537 -228.59234619140625 -1381.3116455078125
v -56.13735580444336 -222.89083862304688 -1381.4404296875
v -65.0074462890625 -223.49472045898438 -1378.57568359375
v -69.82298278808594 -318.6898193359375 -1383.389404296875
v -7.789947986602783 -305.3604736328125 -1381.7537841796875
v -21.530841827392578 -290.8988037109375 -1378.89990234375
v -42.38422775268555 -292.69927978515625 -1382.040771484375
v 56.57015609741211 -277.176513671875 -1385.386962890625
v 19.87738800048828 -257.60174560546875 -1377.9505615234375
v 42.132179260253906 -245.32736206054688 -1380.158447265625
v 32.4020881652832 -248.4163055419922 -1380.832763671875
v -73.31925964355469 -241.9354705810547 -1379.452392578125
v 68.14693450927734 -248.1723175048828 -1386.3895263671875
v 53.664737701416016 -243.4090118408203 -1379.419921875
v 29.932859420776367 -243.7670440673828 -1381.3992919921875
v -1.021307110786438 -229.1517791748047 -1380.9439697265625
v -73.42652130126953 -227.72300720214844 -1385.950439453125
v -10.88904094696045 -227.30787658691406 -1380.163818359375
v -19.285106658935547 -227.18173217773438 -1380.4571533203125
v -33.420738220214844 -225.5887908935547 -1380.8179931640625
v -30.793968200683594 -287.48565673828125 -1382.478515625
v -63.95466613769531 -276.5798034667969 -1380.849609375
v -55.7506103515625 -262.34033203125 -1379.62841796875
v 30.954776763916016 -269.8419189453125 -1380.209716796875
v 37.350521087646484 -258.2763366699219 -1382.05322265625
v 34.866607666015625 -259.97607421875 -1379.8798828125
v 52.929656982421875 -257.8750915527344 -1383.527587890625
v 68.4842300415039 -255.70896911621094 -1384.6776123046875
v 26.840476989746094 -246.45143127441406 -1378.7628173828125
v 36.28486633300781 -252.79248046875 -1379.6529541015625
v -106.49114990234375 -232.21823120117188 -1383.988525390625
v 27.32813835144043 -239.63265991210938 -1380.2908935546875
v -104.59569549560547 -232.11000061035156 -1375.1927490234375
v -61.094181060791016 -241.8513946533203 -1380.7314453125
v -25.342023849487305 -227.25242614746094 -1379.35693359375
v -67.67703247070312 -216.37322998046875 -1384.2252197265625
v -66.52474975585938 -215.80850219726562 -1376.639404296875
v -1.6490442752838135 -298.79638671875 -1380.377197265625
v -11.171590805053711 -292.17584228515625 -1380.79150390625
v 13.757389068603516 -283.4415283203125 -1377.8419189453125
v -70.4224853515625 -268.9888000488281 -1380.6275634765625
v -99.61111450195312 -270.73223876953125 -1364.5625
v 39.84391403198242 -258.5826110839844 -1377.1080322265625
v 51.662147521972656 -250.3515167236328 -1380.2030029296875
v 41.078765869140625 -254.78997802734375 -1379.869384765625
v -64.22425079345703 -253.70616149902344 -1382.9952392578125
v 25.014928817749023 -255.01588439941406 -1377.1370849609375
v 60.14946365356445 -248.3338623046875 -1381.56396484375
v 21.08309555053711 -248.4242401123047 -1380.9290771484375
v 8.887335777282715 -234.69256591796875 -1383.205078125
v 19.092012405395508 -234.8102569580078 -1377.7392578125
v 32.08062744140625 -234.02993774414062 -1381.407470703125
v -103.23802185058594 -198.34825134277344 -1380.991943359375
v 16.0483455657959 -302.1558837890625 -1376.155517578125
v -10.923788070678711 -304.01593017578125 -1378.9530029296875
v 31.636531829833984 -300.5635681152344 -1379.4541015625
v 6.4932074546813965 -291.6687927246094 -1378.670654296875
v 1.3616546392440796 -283.974609375 -1378.7957763671875
v 12.937841415405273 -274.389892578125 -1375.07470703125
v 92.09793853759766 -262.3611145019531 -1364.217529296875
v 55.057708740234375 -274.5236511230469 -1377.1781005859375
v -35.93527603149414 -273.2711486816406 -1379.0999755859375
v 48.94963455200195 -256.6144104003906 -1378.1585693359375
v 38.34700393676758 -263.1781311035156 -1380.1187744140625
v 11.30704116821289 -248.67245483398438 -1378.2977294921875
v 39.98996353149414 -252.9354705810547 -1377.6361083984375
v -44.90625 -259.3585510253906 -1378.6754150390625
v 61.46040725708008 -252.48548889160156 -1377.5609130859375
v 21.69000244140625 -243.2539520263672 -1379.5526123046875
v -61.43784713745117 -235.39419555664062 -1377.587158203125
v 13.507125854492188 -240.27767944335938 -1375.2802734375
v -52.467369079589844 -236.7481231689453 -1377.40478515625
v -72.513427734375 -224.3790283203125 -1381.15869140625
v -61.182491302490234 -228.6682891845703 -1379.529541015625
v 28.6229248046875 -335.1568298339844 -1373.89599609375
v -75.78876495361328 -313.7676696777344 -1380.060791015625
v -2.1425652503967285 -304.52081298828125 -1378.261962890625
v -47.33164596557617 -275.41998291015625 -1378.45458984375
v 5.807802677154541 -276.35247802734375 -1377.85693359375
v 19.4996395111084 -268.0146789550781 -1376.837890625
v 55.60715103149414 -243.99642944335938 -1381.131591796875
v 30.587873458862305 -243.64820861816406 -1376.6964111328125
v -48.486881256103516 -231.14627075195312 -1376.400390625
v -2.001361608505249 -230.34231567382812 -1377.37109375
v -54.13607406616211 -220.57350158691406 -1377.2664794921875
v -69.8491439819336 -215.61956787109375 -1381.184814453125
v -59.128726959228516 -323.95709228515625 -1384.9779052734375
v -5.292058944702148 -308.3909912109375 -1376.5684814453125
v 5.604032516479492 -302.2731628417969 -1376.130615234375
v -38.6663818359375 -296.06689453125 -1379.63427734375
v -12.606067657470703 -297.9115295410156 -1376.4224853515625
v -54.661949157714844 -280.2538757324219 -1378.8529052734375
v -15.650205612182617 -284.6753234863281 -1377.5511474609375
v -4.333495616912842 -273.6452941894531 -1375.185302734375
v -19.701881408691406 -282.4613037109375 -1380.4376220703125
v 25.639432907104492 -261.03271484375 -1378.4095458984375
v 40.59882354736328 -254.77728271484375 -1374.7017822265625
v 11.522022247314453 -258.0791931152344 -1374.6456298828125
v 24.481489181518555 -257.2972717285156 -1378.821044921875
v 32.2130126953125 -256.9462585449219 -1380.0128173828125
v 20.752700805664062 -248.59231567382812 -1376.7786865234375
v 36.30979919433594 -248.0000762939453 -1375.711669921875
v 33.55073928833008 -252.53968811035156 -1376.5185546875
v 65.54817199707031 -244.14439392089844 -1381.2867431640625
v 7.430186748504639 -243.64622497558594 -1377.0499267578125
v -53.17415237426758 -237.1919708251953 -1374.4852294921875
v 61.34028244018555 -242.31809997558594 -1379.535888671875
v 19.88314437866211 -239.5213165283203 -1376.310791015625
v -27.204179763793945 -236.5411834716797 -1376.5250244140625
v 26.284433364868164 -234.8231201171875 -1377.1939697265625
v -3.650217056274414 -233.12657165527344 -1376.561279296875
v -25.300724029541016 -236.90951538085938 -1375.5003662109375
v -39.78349304199219 -230.25112915039062 -1377.2052001953125
v -8.623695373535156 -228.07949829101562 -1376.0267333984375
v -56.4952278137207 -225.9806365966797 -1376.986083984375
v 6.473154544830322 -298.4189453125 -1378.56298828125
v 23.67725372314453 -275.6947937011719 -1378.466796875
v 27.595657348632812 -270.5704650878906 -1378.0999755859375
v -43.06403732299805 -248.8875732421875 -1378.1300048828125
v 47.56373977661133 -251.2024688720703 -1376.7623291015625
v 57.87130355834961 -252.01600646972656 -1378.019287109375
v -1.7546602487564087 -242.86749267578125 -1375.377685546875
v -40.3464469909668 -240.78790283203125 -1378.176513671875
v -104.56108856201172 -252.90936279296875 -1375.872314453125
v -34.16721725463867 -232.96702575683594 -1376.5430908203125
v -7.020061492919922 -236.87075805664062 -1374.9681396484375
v -55.26984786987305 -229.6769256591797 -1377.9483642578125
v -46.646514892578125 -227.1664581298828 -1373.21923828125
v 13.06995677947998 -298.0995178222656 -1377.19775390625
v 34.614681243896484 -292.42730712890625 -1379.5660400390625
v 24.213302612304688 -289.0284118652344 -1371.32861328125
v -2.6702165603637695 -289.2606506347656 -1375.08251953125
v 34.94309616088867 -277.6824645996094 -1372.85595703125
v 2.6640284061431885 -264.6957702636719 -1374.67236328125
v 20.908199310302734 -248.1646728515625 -1373.3466796875
v -50.97779846191406 -253.33676147460938 -1376.2562255859375
v -65.37244415283203 -241.36660766601562 -1376.2548828125
v 71.47518920898438 -244.46116638183594 -1381.51611328125
v -13.13298511505127 -245.16600036621094 -1373.760009765625
v -67.7593765258789 -240.58741760253906 -1376.598388671875
v 11.09162712097168 -238.0417938232422 -1374.9014892578125
v 0.7309916019439697 -237.5688934326172 -1376.02099609375
v 8.839106559753418 -235.20394897460938 -1376.3775634765625
v -73.08294677734375 -231.43125915527344 -1373.5380859375
v 30.402746200561523 -231.90155029296875 -1374.7445068359375
v -39.365291595458984 -225.72320556640625 -1377.4466552734375
v 49.96092987060547 -230.45126342773438 -1378.4256591796875
v -69.85952758789062 -215.8160400390625 -1375.35693359375
v 79.9665756225586 -286.1706848144531 -1374.0975341796875
v 27.193885803222656 -284.52008056640625 -1373.438720703125
v -40.166202545166016 -281.2161865234375 -1376.67529296875
v 5.264196395874023 -284.02093505859375 -1375.4970703125
v -42.67502975463867 -275.0424499511719 -1376.1448974609375
v 23.018569946289062 -266.6510009765625 -1376.776123046875
v -27.645822525024414 -257.6829528808594 -1373.7841796875
v -69.37165832519531 -257.880126953125 -1377.7703857421875
v 39.113922119140625 -250.95533752441406 -1374.6568603515625
v 27.31679916381836 -247.05130004882812 -1373.47607421875
v -8.554938316345215 -238.2946319580078 -1375.652587890625
v -5.063217639923096 -244.64073181152344 -1373.3934326171875
v 11.882736206054688 -246.2930450439453 -1375.6151123046875
v 13.079557418823242 -244.44561767578125 -1373.5802001953125
v 54.087520599365234 -243.56919860839844 -1375.643310546875
v 26.73029327392578 -245.09429931640625 -1375.1839599609375
v -34.082069396972656 -241.73582458496094 -1373.4884033203125
v 28.668214797973633 -237.35525512695312 -1378.89404296875
v -48.034271240234375 -234.66685485839844 -1372.23681640625
v -15.964519500732422 -231.41290283203125 -1374.7242431640625
v -25.39857292175293 -229.5017547607422 -1377.0693359375
v -57.410430908203125 -223.8408203125 -1375.60302734375
v -15.84509563446045 -228.006103515625 -1374.6273193359375
v -1.8418474197387695 -227.63986206054688 -1374.734619140625
v 18.362497329711914 -226.54808044433594 -1376.29052734375
v -50.84840774536133 -227.23468017578125 -1374.58642578125
v -42.00252914428711 -226.6953887939453 -1372.8834228515625
v -67.24748992919922 -216.10487365722656 -1373.1048583984375
v -60.4075927734375 -218.59271240234375 -1377.3740234375
v -47.6226921081543 -326.7604675292969 -1375.6016845703125
v 65.86216735839844 -305.47235107421875 -1372.4681396484375
v 18.42622184753418 -292.3594970703125 -1377.3685302734375
v -15.70303726196289 -297.80450439453125 -1374.3199462890625
v 74.4402084350586 -290.3671569824219 -1365.927490234375
v -39.640968322753906 -289.96490478515625 -1376.4921875
v 42.29328918457031 -285.1544494628906 -1375.5447998046875
v -55.35000991821289 -274.106689453125 -1376.2276611328125
v 24.535017013549805 -272.7656555175781 -1375.90478515625
v -53.4565315246582 -268.05743408203125 -1372.884765625
v 33.710853576660156 -271.36322021484375 -1369.0782470703125
v -26.51404571533203 -260.34478759765625 -1373.8743896484375
v 17.41596221923828 -256.7155456542969 -1375.6893310546875
v 95.59434509277344 -266.1490173339844 -1386.123779296875
v 53.14883804321289 -249.17388916015625 -1374.7254638671875
v 101.37149047851562 -252.4496307373047 -1378.5731201171875
v -46.504417419433594 -243.2332305908203 -1374.77978515625
v 23.370634078979492 -251.06314086914062 -1374.8079833984375
v -22.39238166809082 -244.48399353027344 -1372.7969970703125
v -9.804543495178223 -235.40728759765625 -1375.16455078125
v 23.318096160888672 -239.30218505859375 -1378.9951171875
v 19.27646255493164 -235.59295654296875 -1373.0565185546875
v 30.939434051513672 -238.38092041015625 -1373.68798828125
v -9.411006927490234 -233.54554748535156 -1372.6942138671875
v 6.609394550323486 -233.41551208496094 -1373.6300048828125
v -81.53657531738281 -306.9588623046875 -1373.05322265625
v 6.2403035163879395 -306.0834655761719 -1375.44140625
v 49.02099609375 -276.5306396484375 -1371.1026611328125
v 6.323367118835449 -277.194091796875 -1372.6866455078125
v -49.89194107055664 -273.7614440917969 -1373.527587890625
v -59.35193634033203 -266.58685302734375 -1371.112060546875
v -39.96812438964844 -271.9862976074219 -1374.179931640625
v 14.133343696594238 -263.9237060546875 -1373.6644287109375
v -10.242201805114746 -272.5091857910156 -1375.458984375
v -3.467318058013916 -257.0293884277344 -1373.0810546875
v -23.4958438873291 -251.21820068359375 -1372.785400390625
v 1.833582878112793 -245.70166015625 -1374.37109375
v 50.96507263183594 -249.08880615234375 -1373.068359375
v 29.67236328125 -250.11744689941406 -1375.4022216796875
v -15.34143352508545 -236.8129119873047 -1373.1513671875
v 2.418884515762329 -237.6104278564453 -1373.4952392578125
v 9.381275177001953 -237.64060974121094 -1371.9163818359375
v 23.276098251342773 -238.12623596191406 -1374.041259765625
v -30.603553771972656 -232.96246337890625 -1373.807373046875
v -4.261392116546631 -232.25973510742188 -1372.7227783203125
v -37.54399871826172 -223.24742126464844 -1371.4383544921875
v -37.18998336791992 -223.48045349121094 -1376.5172119140625
v -66.49079895019531 -212.70089721679688 -1372.977783203125
v -1.8830739259719849 -308.4789733886719 -1378.1795654296875
v -15.982707977294922 -302.74029541015625 -1371.564208984375
v -10.78072738647461 -305.66192626953125 -1369.0784912109375
v 11.360136985778809 -294.01031494140625 -1375.419677734375
v 15.044135093688965 -288.8327331542969 -1373.7193603515625
v -95.08098602294922 -285.9504089355469 -1374.2152099609375
v 7.8418989181518555 -287.8894958496094 -1371.601806640625
v -46.089332580566406 -282.92633056640625 -1371.9617919921875
v 33.1934700012207 -274.8822326660156 -1372.9644775390625
v -58.17716598510742 -274.8751220703125 -1374.459228515625
v 28.333375930786133 -271.85076904296875 -1372.32763671875
v 24.856494903564453 -272.9503479003906 -1370.8031005859375
v -56.04241180419922 -265.04052734375 -1372.7786865234375
v 49.00507736206055 -266.03753662109375 -1373.406494140625
v 40.94812774658203 -263.9897155761719 -1371.7489013671875
v 2.4698352813720703 -261.5633544921875 -1373.0079345703125
v 60.37030029296875 -260.06817626953125 -1374.301513671875
v -1.0775971412658691 -254.8959503173828 -1372.3004150390625
v -11.801803588867188 -257.8028869628906 -1371.9647216796875
v -7.673638820648193 -248.3858642578125 -1371.4532470703125
v -33.259429931640625 -256.1430969238281 -1370.0213623046875
v -27.835613250732422 -255.31800842285156 -1371.9825439453125
v -65.15289306640625 -247.8173370361328 -1372.7171630859375
v 41.9154167175293 -247.2424774169922 -1373.4732666015625
v -40.00784683227539 -245.0659942626953 -1372.9376220703125
v 65.83406829833984 -245.50831604003906 -1374.3388671875
v 8.952413558959961 -242.37811279296875 -1370.5067138671875
v 68.58503723144531 -242.75506591796875 -1376.0499267578125
v -35.8528938293457 -242.79855346679688 -1370.65869140625
v -42.415565490722656 -238.0462646484375 -1374.8226318359375
v -15.082914352416992 -233.7959442138672 -1368.6016845703125
v 13.060977935791016 -231.90420532226562 -1372.2779541015625
v -10.075544357299805 -229.5181884765625 -1371.40234375
v -36.91392517089844 -228.37464904785156 -1374.152587890625
v -102.56183624267578 -225.17039489746094 -1367.629638671875
v -61.17445755004883 -225.8182373046875 -1373.5985107421875
v -38.70480728149414 -217.9329071044922 -1372.6387939453125
v -103.16277313232422 -200.94920349121094 -1376.15673828125
v -65.01997375488281 -320.53289794921875 -1370.42724609375
v 60.53440856933594 -311.267822265625 -1368.877197265625
v -0.48867687582969666 -298.71954345703125 -1372.300537109375
v 11.546483993530273 -292.67913818359375 -1372.157958984375
v -91.61287689208984 -294.103759765625 -1388.0401611328125
v -39.04956817626953 -281.9049377441406 -1374.0457763671875
v -57.08515167236328 -275.00433349609375 -1370.5352783203125
v -105.10930633544922 -258.439697265625 -1383.9620361328125
v -62.08982849121094 -264.871337890625 -1375.4840087890625
v -41.58604431152344 -263.757080078125 -1373.2698974609375
v 23.173398971557617 -255.50558471679688 -1370.7152099609375
v 13.42288875579834 -247.97653198242188 -1371.681640625
v -64.48063659667969 -249.47923278808594 -1375.8026123046875
v -19.61907958984375 -238.43264770507812 -1374.69482421875
v 34.83796310424805 -244.4622344970703 -1373.1358642578125
v 44.68597412109375 -250.250732421875 -1371.3692626953125
v 2.8265292644500732 -246.72662353515625 -1372.4224853515625
v 23.900768280029297 -243.27174377441406 -1372.3916015625
v 48.2806396484375 -244.4700927734375 -1371.9752197265625
v 30.033794403076172 -242.65408325195312 -1372.8267822265625
v 17.483795166015625 -242.8530731201172 -1373.361328125
v 104.29443359375 -241.35211181640625 -1372.55029296875
v -39.52955627441406 -233.7972412109375 -1372.1168212890625
v -32.38856506347656 -233.4977569580078 -1370.8192138671875
v -45.34408950805664 -231.8448944091797 -1375.390625
v -51.67844772338867 -227.7327117919922 -1370.4708251953125
v -104.6568374633789 -215.83412170410156 -1374.6937255859375
v -62.74353790283203 -216.15249633789062 -1371.782470703125
v 16.710887908935547 -338.9071350097656 -1375.855224609375
v -9.62919807434082 -301.42034912109375 -1371.0345458984375
v -3.280437469482422 -296.5375671386719 -1370.7554931640625
v 17.89032554626465 -289.49371337890625 -1372.1490478515625
v 28.41868019104004 -287.5533447265625 -1371.093505859375
v 0.2300100028514862 -285.16900634765625 -1372.5335693359375
v 14.210065841674805 -283.19647216796875 -1370.32373046875
v 89.31451416015625 -267.2172546386719 -1365.3446044921875
v 27.01670265197754 -275.7385559082031 -1370.4058837890625
v 49.064361572265625 -268.049072265625 -1372.0472412109375
v 18.326560974121094 -270.5723571777344 -1371.52880859375
v 45.219024658203125 -269.1011962890625 -1371.709716796875
v 1.2010116577148438 -271.1437072753906 -1371.7906494140625
v 44.14574432373047 -268.59173583984375 -1374.9228515625
v 24.359750747680664 -266.3778076171875 -1372.07568359375
v 27.043710708618164 -265.5187683105469 -1377.40625
v -5.826869487762451 -263.94146728515625 -1371.3779296875
v -36.75430679321289 -264.06207275390625 -1370.9378662109375
v -29.223567962646484 -257.5461120605469 -1371.033447265625
v -43.498111724853516 -254.7245330810547 -1370.52880859375
v 66.76266479492188 -254.2538604736328 -1373.0155029296875
v 31.708494186401367 -251.2555389404297 -1371.7962646484375
v -69.51217651367188 -248.74327087402344 -1371.029052734375
v 61.79351806640625 -241.2827606201172 -1373.4554443359375
v -61.694541931152344 -245.9372100830078 -1372.8778076171875
v 69.42953491210938 -245.04171752929688 -1370.0657958984375
v 8.006009101867676 -243.378662109375 -1372.167236328125
v 43.54930877685547 -241.27523803710938 -1374.0072021484375
v 70.78939056396484 -237.4091339111328 -1369.4129638671875
v 27.308162689208984 -238.96121215820312 -1373.1396484375
v -24.224151611328125 -236.23388671875 -1371.56494140625
v -36.84393310546875 -238.0690460205078 -1371.7315673828125
v 15.55480670928955 -234.05239868164062 -1371.1435546875
v -21.07430648803711 -230.84730529785156 -1374.0775146484375
v -29.255516052246094 -227.487548828125 -1371.9002685546875
v -17.053592681884766 -230.33053588867188 -1372.1552734375
v 17.0526065826416 -226.64881896972656 -1374.123779296875
v 111.14592742919922 -222.7706756591797 -1373.6331787109375
v -41.42441940307617 -220.69305419921875 -1369.55078125
v -101.32611846923828 -197.18026733398438 -1370.9146728515625
v 3.818664789199829 -341.1613464355469 -1377.829345703125
v -23.866188049316406 -334.7999572753906 -1380.061767578125
v 35.57490539550781 -330.5854187011719 -1363.5897216796875
v -72.64460754394531 -315.53594970703125 -1368.8072509765625
v 16.56766700744629 -295.3173522949219 -1371.6700439453125
v -7.253757476806641 -291.55645751953125 -1371.5982666015625
v 22.11432456970215 -283.39178466796875 -1372.0150146484375
v 29.8498592376709 -281.8064270019531 -1372.634521484375
v -49.128211975097656 -279.1324157714844 -1370.3585205078125
v -70.69515228271484 -266.33087158203125 -1374.591796875
v -46.68626022338867 -264.1805419921875 -1371.723388671875
v -54.29195022583008 -256.6296691894531 -1369.246826171875
v -15.132014274597168 -256.91986083984375 -1370.6668701171875
v 29.583778381347656 -254.9833984375 -1371.5599365234375
v 41.60598373413086 -257.3297424316406 -1369.572509765625
v 54.502708435058594 -255.219482421875 -1370.9639892578125
v 65.06764221191406 -253.4444580078125 -1369.6666259765625
v -62.89182662963867 -250.49710083007812 -1370.8592529296875
v -2.6089322566986084 -244.7687225341797 -1371.324462890625
v -103.97003173828125 -243.3963623046875 -1370.4793701171875
v 0.6551541090011597 -238.25433349609375 -1369.646728515625
v -0.9928973317146301 -235.704345703125 -1373.08349609375
v 32.26462936401367 -234.721923828125 -1370.506591796875
v -69.15043640136719 -236.0365447998047 -1366.07470703125
v -22.967897415161133 -230.0565948486328 -1369.7010498046875
v -53.80699157714844 -230.94129943847656 -1371.6002197265625
v -56.549095153808594 -216.79869079589844 -1373.370849609375
v -36.8615608215332 -330.36474609375 -1374.0611572265625
v -86.66659545898438 -301.0519104003906 -1377.309326171875
v 19.562292098999023 -286.2926025390625 -1369.459716796875
v -0.6191535592079163 -285.4303283691406 -1369.90673828125
v 3.126516580581665 -281.4775390625 -1370.9027099609375
v 11.622998237609863 -285.09552001953125 -1370.1475830078125
v 36.74287796020508 -278.2586364746094 -1370.308349609375
v -54.221221923828125 -269.19842529296875 -1369.3603515625
v -42.05131530761719 -278.4264831542969 -1371.2125244140625
v 28.369718551635742 -266.98968505859375 -1368.2464599609375
v 24.602073669433594 -259.8500671386719 -1369.77490234375
v 29.945005416870117 -257.8737487792969 -1369.7239990234375
v 21.36644744873047 -261.47784423828125 -1373.8558349609375
v 60.44656753540039 -249.01329040527344 -1372.6510009765625
v -33.94733428955078 -248.89393615722656 -1369.5302734375
v 39.50570297241211 -245.19065856933594 -1365.25390625
v 31.284774780273438 -245.9457550048828 -1367.8436279296875
v -16.935277938842773 -244.12437438964844 -1368.471923828125
v 52.53981399536133 -242.9589080810547 -1372.5740966796875
v -16.567623138427734 -241.77676391601562 -1370.238037109375
v -25.496397018432617 -240.33058166503906 -1369.7401123046875
v 60.15190124511719 -242.79405212402344 -1370.1444091796875
v 46.12111282348633 -239.83331298828125 -1370.0018310546875
v -3.7863337993621826 -236.8035888671875 -1369.9320068359375
v -13.702919960021973 -237.90399169921875 -1371.4781494140625
v -36.78805160522461 -232.96514892578125 -1369.296142578125
v 19.19061851501465 -236.14080810546875 -1366.7354736328125
v -8.752445220947266 -236.427978515625 -1369.6829833984375
v -37.87029266357422 -230.7291259765625 -1369.2197265625
v 5.233982563018799 -229.0787353515625 -1370.802001953125
v -44.93397903442383 -229.75881958007812 -1370.693603515625
v 11.416239738464355 -227.95950317382812 -1371.220947265625
v 19.427154541015625 -231.79766845703125 -1371.0496826171875
v -58.86955261230469 -225.74082946777344 -1367.0003662109375
v 43.02276611328125 -226.3636932373047 -1369.5904541015625
v -22.145870208740234 -224.62998962402344 -1368.7574462890625
v 32.5742301940918 -297.31689453125 -1371.4168701171875
v 5.56318473815918 -281.690185546875 -1368.8099365234375
v 38.41454315185547 -266.2591857910156 -1370.2109375
v -45.97261047363281 -269.2616271972656 -1369.5338134765625
v -1.713376760482788 -256.4309387207031 -1368.253173828125
v 64.50752258300781 -259.0415344238281 -1374.0157470703125
v 61.54783630371094 -258.0851745605469 -1370.1207275390625
v -53.09852981567383 -251.903564453125 -1370.979248046875
v -9.540491104125977 -247.02674865722656 -1367.690673828125
v -21.99955940246582 -247.2620391845703 -1368.224365234375
v 66.30020141601562 -245.76771545410156 -1370.462158203125
v 2.913851261138916 -246.57333374023438 -1369.2601318359375
v 25.674734115600586 -244.69137573242188 -1369.1204833984375
v 68.48854064941406 -238.78463745117188 -1369.1434326171875
v -8.534917831420898 -241.37643432617188 -1368.6195068359375
v 37.59640121459961 -239.55621337890625 -1367.637939453125
v 4.983657360076904 -239.55445861816406 -1367.4505615234375
v 29.077896118164062 -239.12081909179688 -1371.61376953125
v 22.799495697021484 -238.61964416503906 -1369.330322265625
v -0.06809784471988678 -232.6124725341797 -1368.5406494140625
v 37.67975997924805 -230.84803771972656 -1370.63623046875
v 27.372982025146484 -236.93289184570312 -1368.844482421875
v 107.2914047241211 -233.92764282226562 -1370.938720703125
v -54.2552490234375 -229.6311798095703 -1367.54052734375
v -30.12363052368164 -230.77816772460938 -1369.147705078125
v -23.35187530517578 -225.94610595703125 -1369.5538330078125
v -69.32610321044922 -228.1447296142578 -1372.35693359375
v -40.47909927368164 -221.97232055664062 -1366.0465087890625
v -55.65622329711914 -224.36512756347656 -1369.6353759765625
v -65.86994934082031 -218.51637268066406 -1369.197021484375
v 0.7597063183784485 -340.5478210449219 -1372.903076171875
v -1.3803426027297974 -299.2613220214844 -1368.2132568359375
v -89.83344268798828 -292.5634460449219 -1359.929443359375
v 0.27086901664733887 -294.7779541015625 -1370.783203125
v 19.611543655395508 -290.7696533203125 -1367.5152587890625
v 5.125948429107666 -288.9754638671875 -1367.319580078125
v 30.2781982421875 -277.5631103515625 -1367.4814453125
v 23.454734802246094 -282.6736755371094 -1368.3748779296875
v 15.979500770568848 -278.311767578125 -1368.9637451171875
v 23.250146865844727 -274.48858642578125 -1368.723876953125
v 15.502313613891602 -273.39117431640625 -1370.29736328125
v -58.844276428222656 -267.75238037109375 -1368.8668212890625
v -56.28509521484375 -265.29913330078125 -1369.27880859375
v -52.059593200683594 -263.3021240234375 -1367.7506103515625
v 22.577730178833008 -256.4998779296875 -1368.1732177734375
v 66.20308685302734 -248.96925354003906 -1364.603515625
v -12.297545433044434 -253.01992797851562 -1368.33251953125
v 60.42646408081055 -249.46971130371094 -1370.5625
v -53.986907958984375 -251.38616943359375 -1367.2760009765625
v -28.20305824279785 -251.15773010253906 -1368.7401123046875
v 65.2777099609375 -249.35765075683594 -1368.8880615234375
v -20.148441314697266 -249.88731384277344 -1366.1964111328125
v 15.447826385498047 -250.92715454101562 -1368.4942626953125
v 37.626182556152344 -246.4571075439453 -1369.513427734375
v -28.875877380371094 -244.0447998046875 -1367.041015625
v 49.063140869140625 -244.8668212890625 -1368.45068359375
v -1.3744587898254395 -241.9483184814453 -1367.60302734375
v 20.159711837768555 -242.26576232910156 -1367.9534912109375
v -43.65193557739258 -229.2337646484375 -1367.0523681640625
v -46.57670593261719 -222.0113525390625 -1370.6588134765625
v -19.118101119995117 -222.0946044921875 -1367.7896728515625
v -66.61797332763672 -210.45989990234375 -1369.3548583984375
v -4.511896133422852 -306.9202880859375 -1365.449951171875
v -41.03355026245117 -293.2152099609375 -1369.411865234375
v -39.30225372314453 -293.6055908203125 -1371.79833984375
v 40.37699890136719 -281.14080810546875 -1369.159912109375
v 25.081966400146484 -270.3974304199219 -1368.465087890625
v -70.82594299316406 -263.778564453125 -1364.9149169921875
v 11.064820289611816 -268.66448974609375 -1368.7452392578125
v 44.95745849609375 -264.77130126953125 -1369.2659912109375
v 38.38292694091797 -261.2325134277344 -1366.609130859375
v -50.111812591552734 -261.8851318359375 -1369.8974609375
v 35.087860107421875 -261.6713562011719 -1370.6778564453125
v 57.66184616088867 -259.6408386230469 -1370.8477783203125
v -9.914159774780273 -254.6886749267578 -1368.2747802734375
v 8.095779418945312 -250.86862182617188 -1368.242919921875
v 35.559715270996094 -253.61585998535156 -1369.473876953125
v 35.83403396606445 -250.61563110351562 -1366.063720703125
v 2.386577606201172 -251.4250030517578 -1370.1253662109375
v -21.80951499938965 -248.94932556152344 -1365.8116455078125
v -1.3262073993682861 -249.518798828125 -1367.9742431640625
v -60.17266082763672 -245.9615936279297 -1368.5931396484375
v 36.31869888305664 -242.78680419921875 -1370.0579833984375
v -18.87554359436035 -240.6488800048828 -1367.515625
v -43.53519058227539 -240.57765197753906 -1368.255615234375
v 34.11817169189453 -238.5574951171875 -1367.5828857421875
v 4.18088436126709 -234.97007751464844 -1365.948974609375
v -28.015043258666992 -228.81204223632812 -1367.5440673828125
v 4.032294750213623 -296.40509033203125 -1368.951904296875
v -48.10425567626953 -292.9554138183594 -1374.1529541015625
v -95.14167022705078 -281.6582946777344 -1357.9677734375
v 38.60608673095703 -288.7690734863281 -1369.24365234375
v 15.235759735107422 -285.867431640625 -1367.6422119140625
v 35.366451263427734 -269.98187255859375 -1367.0606689453125
v 31.623699188232422 -274.33935546875 -1369.23974609375
v -42.702545166015625 -264.5101013183594 -1368.0457763671875
v 31.315736770629883 -263.7843933105469 -1366.931884765625
v 13.752191543579102 -264.140869140625 -1366.2667236328125
v 11.501880645751953 -252.57205200195312 -1362.7603759765625
v 64.09095764160156 -253.2721710205078 -1366.7113037109375
v 60.45083236694336 -254.83375549316406 -1369.3486328125
v 51.060791015625 -250.8101806640625 -1369.262451171875
v -33.79811096191406 -252.77825927734375 -1367.0657958984375
v 25.803525924682617 -250.85780334472656 -1368.0623779296875
v 29.08944320678711 -250.77069091796875 -1367.6915283203125
v 59.58580017089844 -245.8160400390625 -1367.3505859375
v 6.242693901062012 -243.3558807373047 -1365.1705322265625
v 14.997258186340332 -246.32318115234375 -1369.031982421875
v 41.321292877197266 -246.2584686279297 -1367.4210205078125
v -35.08891677856445 -244.66641235351562 -1368.3568115234375
v -51.106075286865234 -240.03887939453125 -1368.2276611328125
v 63.826629638671875 -241.38134765625 -1367.69140625
v 12.918936729431152 -240.0424346923828 -1365.9320068359375
v 51.487083435058594 -235.4931640625 -1369.184326171875
v 10.451945304870605 -236.7814178466797 -1369.281005859375
v -29.180755615234375 -238.830810546875 -1366.4573974609375
v -18.067005157470703 -230.81297302246094 -1367.9278564453125
v 42.38252639770508 -221.83975219726562 -1368.3167724609375
v -24.159414291381836 -223.48773193359375 -1366.9093017578125
v -102.1474380493164 -221.7342071533203 -1366.37890625
v -67.1355972290039 -211.787841796875 -1367.1407470703125
v 26.32232666015625 -299.5972900390625 -1371.866943359375
v 5.9375996589660645 -288.86627197265625 -1366.09033203125
v 28.39611053466797 -275.0873718261719 -1365.5859375
v 20.404224395751953 -277.0009765625 -1368.602294921875
v 47.377723693847656 -277.5781555175781 -1368.1588134765625
v 13.1762113571167 -270.7680358886719 -1368.538818359375
v 40.94904327392578 -268.01708984375 -1367.8887939453125
v -101.12389373779297 -264.55194091796875 -1365.638916015625
v -43.320743560791016 -267.9084777832031 -1367.7408447265625
v 27.0111026763916 -265.9725036621094 -1363.8260498046875
v -60.42499542236328 -261.9107666015625 -1367.19189453125
v 34.679649353027344 -263.9223327636719 -1367.477294921875
v 32.86619186401367 -257.4981689453125 -1363.602783203125
v -50.031089782714844 -252.97830200195312 -1368.556396484375
v -57.917572021484375 -252.10183715820312 -1365.0098876953125
v -64.84984588623047 -245.90185546875 -1367.23779296875
v 58.768585205078125 -248.64102172851562 -1364.7371826171875
v 2.5504512786865234 -251.16082763671875 -1364.9385986328125
v -33.417945861816406 -247.5462646484375 -1365.80224609375
v -2.480888605117798 -252.3182373046875 -1365.957275390625
v 44.84906005859375 -245.19674682617188 -1366.744384765625
v -41.31593322753906 -244.30413818359375 -1368.2401123046875
v -31.74462127685547 -238.4721221923828 -1367.6864013671875
v -47.40693664550781 -235.97183227539062 -1367.3651123046875
v -14.044183731079102 -236.84698486328125 -1365.6751708984375
v 9.592527389526367 -232.67970275878906 -1366.4002685546875
v -10.192538261413574 -231.14602661132812 -1367.6053466796875
v -58.646732330322266 -228.205322265625 -1365.5770263671875
v -18.566669464111328 -227.37486267089844 -1368.6617431640625
v -48.35014724731445 -228.0854949951172 -1368.089599609375
v 4.204975605010986 -305.58612060546875 -1365.364013671875
v -52.84330368041992 -287.61175537109375 -1366.1458740234375
v 17.701875686645508 -286.43927001953125 -1365.88671875
v 27.680997848510742 -281.570068359375 -1367.927490234375
v -56.286293029785156 -283.0810546875 -1365.3284912109375
v -99.9000244140625 -275.9327392578125 -1381.669189453125
v 17.361553192138672 -275.6019592285156 -1365.5537109375
v -62.07358932495117 -275.0798645019531 -1372.344970703125
v 20.25446891784668 -270.3415222167969 -1366.72900390625
v 28.286670684814453 -268.69110107421875 -1362.545654296875
v 42.652099609375 -258.5706481933594 -1363.698486328125
v -49.436790466308594 -257.725830078125 -1365.3255615234375
v 18.82431411743164 -255.96231079101562 -1361.9554443359375
v -40.910972595214844 -256.3369445800781 -1363.971435546875
v 42.48407745361328 -255.00401306152344 -1368.4437255859375
v -43.884918212890625 -255.4119873046875 -1366.9649658203125
v -69.41024780273438 -255.87242126464844 -1370.8189697265625
v -35.460567474365234 -250.12144470214844 -1364.9407958984375
v 3.064756155014038 -244.82440185546875 -1364.185302734375
v 11.439719200134277 -244.5379638671875 -1365.8306884765625
v -47.45735549926758 -242.3099365234375 -1364.9840087890625
v 57.487884521484375 -240.27432250976562 -1367.5450439453125
v -64.57424926757812 -224.66726684570312 -1365.9678955078125
v -45.14387130737305 -221.08651733398438 -1366.66552734375
v -63.594871520996094 -219.55101013183594 -1367.135009765625
v -69.88130950927734 -217.87896728515625 -1366.47265625
v -102.00878143310547 -208.36410522460938 -1367.75830078125
v 52.26121520996094 -319.5798645019531 -1369.967041015625
v 13.325592041015625 -293.6484069824219 -1365.092529296875
v 25.734569549560547 -287.659912109375 -1365.360107421875
v 13.499055862426758 -275.0747375488281 -1365.843017578125
v 21.81256675720215 -281.2229919433594 -1365.1859130859375
v 35.037986755371094 -277.1773681640625 -1365.5697021484375
v -59.56056213378906 -265.7776184082031 -1365.3553466796875
v 55.49798583984375 -266.75054931640625 -1365.8883056640625
v -58.42734146118164 -258.9587097167969 -1369.1710205078125
v 97.35189056396484 -255.64662170410156 -1369.962890625
v -53.58369064331055 -242.39556884765625 -1364.4188232421875
v 15.70628547668457 -245.7455291748047 -1364.69482421875
v -14.512504577636719 -243.23634338378906 -1364.578125
v 53.5494499206543 -244.32247924804688 -1367.762451171875
v -1.3021228313446045 -243.93331909179688 -1364.942626953125
v -29.774076461791992 -243.38714599609375 -1365.798583984375
v -42.3486213684082 -240.16668701171875 -1364.775634765625
v 33.164424896240234 -242.74282836914062 -1366.056640625
v 2.795238733291626 -240.34983825683594 -1364.869140625
v 28.818323135375977 -239.2630157470703 -1365.6163330078125
v 9.4072265625 -239.46319580078125 -1366.79833984375
v 54.1359977722168 -237.77230834960938 -1365.619384765625
v 10.421737670898438 -237.28964233398438 -1364.9150390625
v -55.27288818359375 -238.1871337890625 -1366.2325439453125
v 27.830509185791016 -232.2289581298828 -1366.23095703125
v -9.749600410461426 -238.1016845703125 -1365.3421630859375
v -38.44660568237305 -230.876953125 -1365.3843994140625
v -28.237499237060547 -236.4806671142578 -1364.21875
v 31.583574295043945 -230.4546661376953 -1366.0440673828125
v 23.43537712097168 -235.82839965820312 -1365.791259765625
v 7.656263828277588 -227.4761199951172 -1367.71923828125
v 12.895929336547852 -229.75634765625 -1366.5811767578125
v -9.631772994995117 -304.2077941894531 -1362.1851806640625
v 20.015758514404297 -300.0500183105469 -1361.434814453125
v -14.443609237670898 -299.2923889160156 -1370.0599365234375
v 11.506669044494629 -293.9603271484375 -1368.5859375
v -1.2852767705917358 -294.14971923828125 -1365.2833251953125
v 76.64759826660156 -285.5325012207031 -1363.288330078125
v 22.661937713623047 -278.6626892089844 -1362.392578125
v -46.953765869140625 -274.69390869140625 -1365.542236328125
v 38.05275344848633 -268.2103271484375 -1362.7113037109375
v -54.296546936035156 -262.0379638671875 -1363.9854736328125
v 56.895416259765625 -258.0042419433594 -1363.052001953125
v -53.71589279174805 -259.4300231933594 -1366.452392578125
v 57.359230041503906 -254.4656982421875 -1365.5938720703125
v 99.71246337890625 -249.23309326171875 -1366.375732421875
v 37.99729537963867 -243.7155303955078 -1365.362548828125
v -47.51607894897461 -237.88153076171875 -1363.9794921875
v -5.24871826171875 -241.85385131835938 -1363.3707275390625
v 35.37995529174805 -234.89817810058594 -1367.578125
v -15.029162406921387 -227.91021728515625 -1365.205322265625
v 22.007892608642578 -292.1687927246094 -1362.3033447265625
v 20.51608657836914 -288.51715087890625 -1365.2012939453125
v 14.231603622436523 -285.621337890625 -1360.9388427734375
v 25.415969848632812 -280.8902282714844 -1365.0416259765625
v 31.670372009277344 -283.69403076171875 -1366.2412109375
v 26.336925506591797 -274.2226867675781 -1362.686767578125
v 21.199623107910156 -271.782958984375 -1365.313232421875
v 39.62413024902344 -264.3224182128906 -1363.3922119140625
v -71.40934753417969 -260.7190246582031 -1366.971923828125
v 35.693843841552734 -257.21331787109375 -1364.3011474609375
v -102.42698669433594 -255.5767822265625 -1363.6456298828125
v -103.2242431640625 -245.2465057373047 -1364.9696044921875
v 32.50983810424805 -250.19920349121094 -1365.2730712890625
v -52.22534942626953 -248.958984375 -1361.976318359375
v -40.73046875 -249.22076416015625 -1363.321533203125
v 47.10169219970703 -247.96517944335938 -1366.49169921875
v -11.378622055053711 -247.22679138183594 -1365.511474609375
v -19.93328285217285 -244.02908325195312 -1363.1834716796875
v -69.40543365478516 -242.1300506591797 -1362.990478515625
v 45.45576858520508 -240.18374633789062 -1366.8043212890625
v -25.743328094482422 -235.24749755859375 -1363.8311767578125
v -57.97233200073242 -246.83001708984375 -1365.211181640625
v -33.3013916015625 -229.1269073486328 -1365.6102294921875
v -69.63007354736328 -225.02996826171875 -1365.77197265625
v -63.423492431640625 -229.75445556640625 -1364.2906494140625
v -41.644142150878906 -228.2292022705078 -1365.717529296875
v 3.59948468208313 -337.79315185546875 -1356.256591796875
v 71.91956329345703 -292.2269287109375 -1361.138671875
v 5.621768951416016 -292.6218566894531 -1362.6353759765625
v 22.673999786376953 -269.8611755371094 -1363.2940673828125
v 33.83660125732422 -269.2541809082031 -1364.593017578125
v 15.965895652770996 -267.1914978027344 -1364.9349365234375
v 45.164642333984375 -266.2798767089844 -1365.5654296875
v -50.128257751464844 -254.34100341796875 -1362.3748779296875
v -26.514909744262695 -246.8368377685547 -1364.692138671875
v -1.2358721494674683 -247.5327606201172 -1362.8782958984375
v -43.934574127197266 -243.96568298339844 -1362.8404541015625
v -37.01364517211914 -242.65443420410156 -1364.8106689453125
v -15.708192825317383 -245.6809539794922 -1363.564208984375
v -8.446122169494629 -245.79942321777344 -1362.66796875
v -50.03470230102539 -242.61151123046875 -1363.2259521484375
v -35.72987365722656 -233.44229125976562 -1365.1864013671875
v -58.62500762939453 -232.044677734375 -1365.167724609375
v 11.318960189819336 -289.1618957519531 -1361.0211181640625
v -45.93931579589844 -283.45489501953125 -1364.331298828125
v 25.104108810424805 -281.7585754394531 -1362.2540283203125
v 26.91239356994629 -281.706787109375 -1362.36572265625
v 29.188505172729492 -277.3359680175781 -1359.6956787109375
v 22.102933883666992 -264.39801025390625 -1363.650634765625
v 28.843698501586914 -263.4407043457031 -1363.61962890625
v 62.02595138549805 -256.24169921875 -1363.653564453125
v 30.627391815185547 -253.77392578125 -1364.5006103515625
v 53.02900695800781 -254.79209899902344 -1365.943603515625
v -44.782310485839844 -247.13818359375 -1364.7772216796875
v 7.485298156738281 -246.48512268066406 -1361.658203125
v -60.50640869140625 -252.21148681640625 -1364.348876953125
v -30.265371322631836 -240.60324096679688 -1365.016845703125
v 45.448612213134766 -322.83184814453125 -1358.90771484375
v -65.09835815429688 -319.3585510253906 -1358.93603515625
v 66.51541900634766 -301.60247802734375 -1362.575439453125
v 16.10350799560547 -291.7267150878906 -1360.0921630859375
v 18.664649963378906 -285.3019714355469 -1360.6785888671875
v -57.33353042602539 -260.5223388671875 -1362.5374755859375
v 21.086254119873047 -263.09820556640625 -1362.693115234375
v -72.41974639892578 -256.96563720703125 -1361.1378173828125
v -102.32819366455078 -239.9912109375 -1362.4677734375
v 0.6922032237052917 -339.6668701171875 -1365.1136474609375
v 53.749794006347656 -315.94073486328125 -1359.276611328125
v 17.777936935424805 -300.8290100097656 -1367.8209228515625
v 37.65834426879883 -275.296630859375 -1362.1649169921875
v 52.83405685424805 -268.93060302734375 -1362.7421875
v 35.49748229980469 -264.1362609863281 -1362.8388671875
v 56.7696418762207 -262.1750793457031 -1361.51220703125
v -48.60758972167969 -263.5830078125 -1360.1749267578125
v -40.39943313598633 -251.90591430664062 -1361.2940673828125
v 9.992430686950684 -336.397705078125 -1354.4443359375
v -48.312156677246094 -325.9159240722656 -1359.847412109375
v 40.60554504394531 -326.9202880859375 -1360.216064453125
v -0.6651073694229126 -306.1502990722656 -1356.903564453125
v 38.819313049316406 -291.68939208984375 -1360.9202880859375
v 44.669254302978516 -284.87152099609375 -1360.3218994140625
v -56.44953536987305 -280.4265441894531 -1358.0284423828125
v 19.01814842224121 -276.3708190917969 -1360.6771240234375
v -49.584407806396484 -275.0686340332031 -1359.0875244140625
v -102.53883361816406 -251.10691833496094 -1360.19677734375
v -10.15554141998291 -339.1068115234375 -1372.8060302734375
v -70.8880615234375 -315.55657958984375 -1359.1103515625
v 58.62982177734375 -309.9117431640625 -1356.787841796875
v -47.38426208496094 -285.6096496582031 -1359.4991455078125
v -60.29521942138672 -276.55535888671875 -1360.0457763671875
v -101.46318054199219 -259.6177673339844 -1360.834716796875
v -56.197723388671875 -323.1351318359375 -1358.61328125
v 2.251145362854004 -298.2046203613281 -1357.008056640625
v 21.046188354492188 -292.1597900390625 -1358.4842529296875
v -47.30791091918945 -290.4747009277344 -1359.4554443359375
v -57.886714935302734 -270.59234619140625 -1360.626953125
v -59.61989212036133 -263.81982421875 -1362.78564453125
v -6.684436321258545 -307.0855712890625 -1358.922607421875
v 63.76972961425781 -303.68487548828125 -1358.770263671875
v 14.3709077835083 -301.64923095703125 -1357.935546875
v 30.08780288696289 -298.3708801269531 -1359.3150634765625
v 27.342477798461914 -333.9791259765625 -1363.1693115234375
v -5.154548645019531 -300.7950134277344 -1361.327880859375
v -64.37152099609375 -272.0821838378906 -1358.8970947265625
v -39.52276611328125 -329.2627868652344 -1356.781005859375
v -83.39155578613281 -300.91412353515625 -1357.0447998046875
v -24.40518569946289 -333.5893859863281 -1353.7130126953125
v 16.28725814819336 -335.6683044433594 -1355.874755859375
v 18.94427490234375 -334.3114929199219 -1353.2362060546875
v 32.12112808227539 -330.8878173828125 -1357.517333984375
v 43.48090362548828 -324.2466125488281 -1356.7293701171875
v -74.84542846679688 -311.2335205078125 -1355.22509765625
v -55.226165771484375 -322.98345947265625 -1353.7520751953125
v -14.023834228515625 -336.6943359375 -1354.0634765625
v -6.734101295471191 -337.8893737792969 -1354.3704833984375
f 6 45 1
f 19 13 1
f 1 45 19
f 13 8 3
f 4 45 6
f 3 8 15
f 7 54 18
f 4 9 29
f 2 3 15
f 13 19 8
f 5 54 7
f 28 16 14
f 2 38 14
f 5 16 28
f 2 15 38
f 23 19 45
f 22 44 53
f 20 24 12
f 22 29 9
f 4 29 37
f 27 40 21
f 37 45 4
f 10 50 49
f 38 28 14
f 24 20 27
f 20 12 18
f 8 55 76
f 48 41 47
f 29 22 53
f 29 63 37
f 36 20 18
f 19 23 55
f 15 8 30
f 51 34 17
f 42 35 34
f 15 30 38
f 19 55 8
f 35 66 11
f 33 58 25
f 40 27 20
f 42 34 51
f 26 52 32
f 18 54 36
f 60 37 63
f 38 64 28
f 43 58 33
f 30 8 76
f 17 25 91
f 48 50 41
f 59 31 32
f 52 59 32
f 44 49 53
f 55 23 73
f 47 39 57
f 57 48 47
f 17 91 51
f 42 66 35
f 53 49 70
f 78 29 53
f 5 28 54
f 60 45 37
f 64 38 61
f 38 30 61
f 58 43 93
f 50 48 77
f 26 40 52
f 59 93 43
f 31 59 43
f 40 20 71
f 78 63 29
f 50 77 49
f 36 54 69
f 60 23 45
f 53 70 78
f 11 66 62
f 36 100 20
f 73 23 67
f 77 70 49
f 54 28 74
f 60 67 23
f 20 100 71
f 80 74 28
f 75 80 64
f 65 57 39
f 77 48 83
f 81 60 63
f 56 97 68
f 46 68 65
f 46 65 39
f 57 94 48
f 25 58 91
f 40 87 52
f 63 78 81
f 28 64 80
f 51 98 42
f 66 42 98
f 40 71 87
f 64 61 75
f 36 128 100
f 79 60 81
f 79 67 60
f 75 61 85
f 65 131 57
f 48 94 90
f 59 92 93
f 128 36 69
f 61 82 85
f 61 30 82
f 72 55 73
f 76 82 30
f 57 131 94
f 48 90 83
f 91 107 51
f 52 86 59
f 79 73 67
f 72 73 96
f 51 107 98
f 58 93 91
f 59 86 108
f 70 84 78
f 78 84 81
f 74 69 54
f 76 55 72
f 59 108 92
f 112 80 75
f 85 112 75
f 74 80 111
f 68 88 65
f 79 96 73
f 100 87 71
f 52 87 86
f 84 89 81
f 122 79 81
f 111 80 123
f 76 72 82
f 83 103 77
f 66 99 62
f 95 70 77
f 95 84 70
f 122 96 79
f 72 127 82
f 74 111 69
f 65 125 131
f 115 90 94
f 91 93 92
f 112 85 110
f 80 112 123
f 77 103 95
f 85 82 109
f 66 98 99
f 84 95 89
f 91 92 157
f 107 139 98
f 87 165 86
f 117 81 89
f 96 127 72
f 68 97 88
f 157 107 91
f 165 87 100
f 127 109 82
f 138 103 83
f 85 109 110
f 112 110 189
f 104 102 101
f 102 114 101
f 106 114 102
f 130 88 97
f 65 88 125
f 94 161 126
f 83 90 115
f 115 138 83
f 86 206 108
f 81 117 122
f 159 109 127
f 120 129 101
f 102 104 105
f 101 114 120
f 105 119 102
f 94 131 161
f 94 126 115
f 129 124 101
f 98 154 99
f 218 117 89
f 113 105 151
f 105 104 151
f 118 119 105
f 102 119 121
f 102 121 106
f 169 139 107
f 138 195 103
f 111 128 69
f 101 134 104
f 113 151 172
f 114 106 147
f 97 233 130
f 116 99 185
f 127 96 150
f 122 150 96
f 118 105 113
f 101 141 134
f 151 104 134
f 146 119 118
f 119 136 121
f 114 147 120
f 157 176 107
f 98 139 154
f 99 154 185
f 95 132 89
f 188 109 159
f 118 113 135
f 143 113 172
f 129 120 147
f 147 106 137
f 92 175 157
f 107 176 169
f 103 195 95
f 122 117 182
f 123 133 111
f 173 124 129
f 119 146 136
f 136 214 121
f 92 108 175
f 195 132 95
f 86 165 206
f 100 155 165
f 122 197 150
f 127 171 159
f 123 112 133
f 141 101 124
f 135 146 118
f 129 147 153
f 88 215 125
f 139 169 170
f 182 117 218
f 128 155 100
f 110 109 188
f 111 156 128
f 214 136 187
f 121 137 106
f 88 130 215
f 170 154 139
f 111 133 156
f 124 168 141
f 173 129 145
f 161 131 125
f 108 206 175
f 154 170 227
f 142 148 140
f 197 122 182
f 127 150 149
f 143 178 113
f 135 113 144
f 180 135 167
f 135 180 146
f 153 145 129
f 163 140 148
f 142 149 164
f 149 142 140
f 218 299 182
f 171 127 166
f 140 166 127
f 140 127 149
f 156 250 128
f 167 135 144
f 168 124 173
f 121 152 137
f 146 201 136
f 142 181 148
f 163 166 140
f 183 149 150
f 250 155 128
f 168 209 141
f 179 153 147
f 137 179 147
f 187 136 201
f 162 148 181
f 218 89 132
f 149 183 164
f 197 183 150
f 134 141 220
f 151 134 220
f 180 167 199
f 152 160 137
f 179 174 153
f 216 115 126
f 163 148 162
f 237 132 195
f 154 227 185
f 164 183 163
f 163 183 166
f 112 228 133
f 168 160 198
f 137 160 179
f 152 198 160
f 152 121 213
f 180 201 146
f 214 213 121
f 157 175 248
f 216 138 115
f 181 142 194
f 164 177 142
f 177 163 162
f 177 164 163
f 166 158 171
f 112 189 228
f 178 208 144
f 144 113 178
f 167 144 208
f 168 173 160
f 152 213 198
f 145 153 191
f 157 248 176
f 170 169 257
f 194 142 202
f 177 202 142
f 195 138 274
f 183 207 166
f 165 292 206
f 165 155 292
f 188 189 110
f 172 151 220
f 173 179 160
f 191 153 223
f 187 241 214
f 218 132 237
f 197 182 299
f 171 184 159
f 178 219 208
f 178 143 229
f 167 208 190
f 167 231 199
f 209 168 198
f 173 145 179
f 199 186 180
f 212 145 191
f 153 174 223
f 210 162 181
f 203 162 210
f 202 177 203
f 203 177 162
f 183 197 196
f 159 225 188
f 167 190 231
f 179 145 212
f 223 245 191
f 200 174 179
f 194 193 181
f 138 216 274
f 170 257 227
f 195 274 237
f 196 217 183
f 171 204 184
f 166 207 158
f 184 225 159
f 219 178 229
f 180 186 201
f 223 174 200
f 266 126 161
f 183 217 234
f 141 209 220
f 199 231 221
f 201 186 205
f 205 240 201
f 215 387 125
f 161 125 253
f 193 194 243
f 181 193 210
f 197 299 196
f 234 207 183
f 143 172 244
f 172 220 232
f 213 264 198
f 212 307 179
f 179 307 200
f 210 193 243
f 176 257 169
f 158 224 171
f 218 273 299
f 155 250 292
f 172 232 244
f 212 191 245
f 199 222 186
f 223 301 245
f 187 201 261
f 213 214 260
f 200 192 223
f 242 210 243
f 194 202 290
f 235 175 206
f 189 382 228
f 133 230 156
f 258 232 220
f 264 209 198
f 222 199 221
f 213 260 264
f 217 283 234
f 217 196 267
f 204 238 226
f 204 224 238
f 206 292 235
f 204 171 224
f 226 225 204
f 204 225 184
f 239 189 188
f 212 245 255
f 288 245 301
f 298 266 161
f 247 210 242
f 290 202 203
f 175 235 336
f 217 267 283
f 299 314 196
f 208 219 254
f 208 269 190
f 156 236 250
f 133 228 230
f 220 209 258
f 243 194 265
f 244 229 143
f 209 259 258
f 301 223 192
f 201 280 261
f 387 253 125
f 267 196 314
f 188 225 239
f 211 268 263
f 231 190 277
f 339 244 232
f 192 349 301
f 256 349 192
f 192 252 256
f 186 309 205
f 215 130 369
f 265 194 290
f 175 336 248
f 176 327 257
f 372 274 216
f 158 284 224
f 237 273 218
f 257 249 227
f 239 382 189
f 285 251 262
f 156 230 236
f 339 232 258
f 255 307 212
f 255 245 272
f 187 261 241
f 214 241 287
f 260 214 287
f 302 252 192
f 310 369 130
f 265 246 243
f 247 203 210
f 318 216 126
f 238 224 284
f 275 273 237
f 254 293 208
f 293 269 208
f 269 277 190
f 209 278 259
f 308 222 221
f 200 307 286
f 201 240 280
f 280 240 282
f 369 387 215
f 246 242 243
f 299 273 291
f 225 226 306
f 185 268 211
f 328 293 254
f 254 219 294
f 262 251 270
f 320 262 270
f 259 270 258
f 231 337 221
f 278 209 264
f 281 349 256
f 297 261 280
f 289 205 309
f 176 248 327
f 257 408 249
f 227 268 185
f 250 236 329
f 320 271 262
f 270 259 320
f 231 277 337
f 264 260 295
f 200 279 192
f 126 266 318
f 229 294 219
f 362 258 270
f 308 221 337
f 245 288 272
f 286 279 200
f 256 252 296
f 233 310 130
f 234 326 207
f 226 238 284
f 239 225 306
f 292 250 329
f 251 285 276
f 251 276 270
f 294 229 244
f 390 244 339
f 259 278 321
f 272 300 255
f 255 300 307
f 192 279 302
f 309 186 222
f 296 252 302
f 290 203 247
f 305 284 158
f 207 326 158
f 292 329 451
f 390 294 244
f 362 339 258
f 278 264 295
f 295 260 287
f 297 241 261
f 240 205 289
f 253 298 161
f 234 283 326
f 359 226 284
f 235 451 443
f 235 292 451
f 362 270 276
f 349 281 354
f 222 308 309
f 296 338 256
f 326 305 158
f 274 372 335
f 226 359 306
f 382 401 228
f 259 321 320
f 288 409 272
f 288 301 347
f 281 256 331
f 242 325 247
f 312 265 290
f 273 275 497
f 235 443 336
f 274 335 237
f 227 249 268
f 285 262 315
f 407 269 293
f 271 427 262
f 321 278 295
f 279 286 303
f 302 279 323
f 296 302 385
f 289 282 240
f 282 309 304
f 309 282 289
f 387 425 253
f 253 425 298
f 246 325 242
f 265 312 246
f 247 325 313
f 290 247 313
f 290 313 312
f 266 334 318
f 283 267 314
f 419 314 299
f 328 407 293
f 269 391 277
f 277 391 337
f 347 409 288
f 301 349 342
f 354 281 368
f 280 282 317
f 281 331 368
f 287 241 333
f 298 334 266
f 299 291 419
f 345 284 305
f 216 318 372
f 291 273 461
f 294 360 254
f 276 285 315
f 263 268 319
f 341 300 272
f 300 353 307
f 272 409 341
f 348 323 279
f 324 333 241
f 246 311 325
f 246 357 311
f 327 408 257
f 262 427 315
f 276 373 362
f 228 363 230
f 347 301 342
f 295 322 321
f 297 280 332
f 304 309 351
f 305 326 345
f 314 413 283
f 345 359 284
f 360 328 254
f 435 391 407
f 391 269 407
f 451 329 436
f 230 363 236
f 271 320 346
f 341 340 300
f 353 300 340
f 320 321 316
f 307 353 286
f 303 348 279
f 309 308 350
f 323 385 302
f 282 304 317
f 256 338 331
f 297 332 324
f 297 324 241
f 246 312 357
f 352 360 294
f 427 271 364
f 338 296 330
f 296 356 330
f 280 378 332
f 351 309 350
f 273 497 461
f 248 399 327
f 237 335 275
f 361 373 276
f 276 315 361
f 456 339 362
f 391 444 337
f 371 317 304
f 304 351 386
f 329 236 445
f 364 271 346
f 308 337 355
f 295 287 322
f 318 334 372
f 326 358 345
f 392 365 340
f 347 342 422
f 349 354 342
f 343 348 377
f 367 322 287
f 296 385 356
f 331 338 396
f 304 386 371
f 344 357 312
f 406 345 358
f 419 413 314
f 461 389 291
f 360 414 328
f 416 340 428
f 392 340 416
f 365 353 340
f 410 355 337
f 321 322 395
f 350 397 351
f 333 367 287
f 332 333 324
f 325 311 405
f 313 344 312
f 326 283 358
f 381 373 361
f 315 427 415
f 363 526 236
f 320 316 346
f 286 353 303
f 353 394 303
f 338 330 423
f 378 280 317
f 386 351 397
f 344 370 357
f 298 425 460
f 283 413 358
f 420 372 334
f 381 362 373
f 383 268 249
f 365 392 364
f 341 428 340
f 410 337 444
f 375 341 409
f 365 394 353
f 316 376 346
f 316 321 384
f 303 394 348
f 321 395 384
f 323 343 385
f 348 343 323
f 308 355 350
f 350 355 403
f 397 350 403
f 333 418 367
f 311 357 380
f 380 357 370
f 325 388 313
f 388 344 313
f 462 335 372
f 414 426 328
f 415 361 315
f 427 364 374
f 429 228 401
f 374 364 392
f 329 445 436
f 348 394 377
f 338 423 396
f 331 439 368
f 449 317 371
f 310 404 369
f 405 388 325
f 398 370 344
f 406 358 413
f 291 389 419
f 542 457 327
f 327 457 408
f 426 407 328
f 443 451 501
f 383 249 408
f 390 339 456
f 429 363 228
f 393 346 376
f 376 316 384
f 354 434 342
f 395 322 366
f 367 366 322
f 431 330 356
f 332 418 333
f 311 380 405
f 404 387 369
f 406 440 345
f 336 399 248
f 361 415 521
f 362 381 456
f 569 429 401
f 365 364 393
f 393 364 346
f 376 377 394
f 354 439 484
f 424 366 367
f 368 439 354
f 424 367 379
f 387 380 370
f 344 388 398
f 370 425 387
f 298 460 334
f 239 400 382
f 381 361 500
f 402 409 347
f 422 342 463
f 376 384 411
f 411 384 395
f 430 343 377
f 332 378 418
f 317 449 378
f 367 459 379
f 404 380 387
f 380 404 432
f 334 460 420
f 275 335 497
f 365 393 394
f 376 394 393
f 411 395 366
f 376 430 377
f 371 386 417
f 499 423 330
f 330 464 499
f 482 449 371
f 403 480 397
f 425 370 398
f 406 413 441
f 390 421 294
f 401 382 467
f 435 433 391
f 268 446 319
f 236 526 445
f 342 434 463
f 412 411 366
f 412 430 411
f 430 376 411
f 366 424 412
f 397 417 386
f 574 439 331
f 414 360 442
f 427 374 415
f 392 416 374
f 268 383 446
f 428 341 375
f 347 422 402
f 330 431 464
f 418 459 367
f 405 380 453
f 405 398 388
f 406 441 440
f 306 400 239
f 327 399 542
f 477 381 500
f 381 477 456
f 456 421 390
f 429 526 363
f 430 447 343
f 343 447 385
f 412 452 430
f 417 397 487
f 412 424 452
f 380 432 453
f 405 453 398
f 425 398 453
f 450 359 345
f 352 442 360
f 336 443 399
f 520 361 521
f 435 407 426
f 391 433 444
f 437 409 402
f 417 482 371
f 452 424 448
f 574 331 396
f 379 448 424
f 450 345 440
f 352 294 421
f 467 569 401
f 383 591 479
f 383 479 446
f 569 502 429
f 375 409 437
f 355 495 403
f 385 447 356
f 486 378 475
f 476 425 453
f 462 372 420
f 306 509 400
f 399 443 515
f 471 374 416
f 416 428 471
f 437 511 375
f 495 355 410
f 439 563 484
f 447 430 452
f 459 418 486
f 418 378 486
f 440 455 450
f 352 421 541
f 383 408 472
f 444 581 410
f 447 452 485
f 487 397 480
f 378 449 465
f 378 465 475
f 455 440 441
f 413 531 441
f 507 306 359
f 467 382 400
f 457 472 408
f 374 471 415
f 436 483 451
f 402 516 437
f 447 468 356
f 563 439 574
f 469 448 379
f 413 419 531
f 466 441 531
f 470 420 460
f 546 389 461
f 500 361 520
f 521 415 471
f 472 591 383
f 451 483 501
f 422 463 512
f 434 522 463
f 356 468 431
f 396 423 488
f 464 431 494
f 403 495 480
f 379 459 469
f 476 460 425
f 441 466 455
f 335 481 497
f 620 414 442
f 456 477 612
f 612 421 456
f 471 428 458
f 458 428 375
f 487 555 417
f 449 482 528
f 507 359 450
f 458 375 511
f 445 483 436
f 570 526 429
f 581 444 433
f 354 484 434
f 485 468 447
f 468 494 431
f 448 493 452
f 529 459 486
f 493 469 473
f 459 473 469
f 493 448 469
f 520 534 500
f 457 478 472
f 502 570 429
f 519 449 528
f 396 523 574
f 465 449 519
f 487 480 545
f 493 473 503
f 529 486 475
f 474 473 459
f 470 462 420
f 500 491 477
f 521 471 510
f 516 511 437
f 422 512 402
f 522 592 463
f 452 493 485
f 482 417 572
f 423 499 488
f 396 488 523
f 462 508 335
f 335 508 481
f 525 620 442
f 414 619 426
f 352 541 492
f 542 399 515
f 435 580 433
f 468 562 494
f 474 459 529
f 460 476 506
f 534 491 500
f 612 541 421
f 458 511 551
f 438 446 479
f 494 554 464
f 464 496 499
f 464 554 496
f 495 545 480
f 529 475 504
f 475 465 504
f 419 539 531
f 506 470 460
f 461 649 546
f 604 489 549
f 414 620 619
f 478 457 542
f 522 434 484
f 562 468 485
f 622 462 470
f 492 442 352
f 510 471 514
f 443 501 515
f 512 463 498
f 493 566 485
f 555 487 545
f 574 523 615
f 473 474 503
f 519 505 465
f 454 532 530
f 461 621 548
f 461 497 621
f 467 400 578
f 471 458 514
f 498 463 592
f 479 600 438
f 494 537 554
f 417 555 561
f 485 566 562
f 499 584 488
f 496 584 499
f 389 539 419
f 514 458 551
f 658 516 402
f 494 562 537
f 417 561 572
f 523 488 524
f 496 560 584
f 496 554 560
f 450 455 576
f 470 506 622
f 548 649 461
f 521 510 540
f 528 482 572
f 493 503 582
f 544 545 495
f 504 465 505
f 507 509 306
f 578 400 509
f 608 634 435
f 511 516 559
f 581 625 410
f 527 410 625
f 410 527 495
f 488 584 524
f 532 547 530
f 531 539 618
f 621 497 481
f 622 508 462
f 578 513 467
f 510 550 540
f 580 674 433
f 495 527 544
f 493 582 566
f 454 530 453
f 489 547 532
f 534 520 535
f 640 442 492
f 535 520 521
f 477 491 612
f 535 521 540
f 550 510 514
f 591 472 478
f 483 590 501
f 502 585 570
f 479 613 600
f 600 517 438
f 529 642 474
f 529 504 642
f 524 629 523
f 604 547 489
f 558 622 506
f 634 580 435
f 402 512 543
f 445 609 483
f 445 526 609
f 527 625 544
f 476 453 530
f 466 577 455
f 466 531 618
f 506 476 538
f 506 538 558
f 509 507 630
f 426 608 435
f 640 492 567
f 541 567 492
f 514 551 607
f 559 551 511
f 633 559 516
f 543 512 498
f 433 674 581
f 615 523 629
f 507 643 630
f 509 630 578
f 533 426 619
f 525 442 605
f 533 608 426
f 549 490 664
f 567 541 568
f 535 540 550
f 490 536 589
f 536 552 598
f 501 590 515
f 515 590 635
f 658 633 516
f 556 587 564
f 519 528 594
f 572 595 528
f 627 561 555
f 560 571 584
f 576 455 577
f 577 466 618
f 539 389 546
f 549 664 604
f 640 605 442
f 568 541 612
f 631 550 514
f 579 502 569
f 658 402 543
f 625 581 659
f 599 553 564
f 554 537 565
f 554 565 560
f 528 595 594
f 484 563 573
f 646 537 562
f 582 503 583
f 503 474 628
f 584 616 524
f 643 507 450
f 664 490 589
f 542 586 478
f 588 450 576
f 476 530 538
f 694 622 558
f 612 650 568
f 569 467 513
f 551 559 691
f 589 536 598
f 553 598 552
f 519 594 661
f 627 555 601
f 519 661 505
f 618 539 648
f 648 539 546
f 534 657 491
f 550 631 535
f 568 640 567
f 607 631 514
f 607 551 691
f 633 732 559
f 564 587 599
f 555 545 601
f 653 571 560
f 517 602 518
f 583 503 628
f 610 562 566
f 582 611 566
f 603 572 561
f 573 563 574
f 556 654 587
f 518 637 557
f 790 530 547
f 657 534 623
f 640 568 606
f 515 586 542
f 590 483 624
f 624 483 609
f 553 599 598
f 627 647 561
f 610 566 611
f 572 603 595
f 557 637 596
f 577 575 576
f 575 588 576
f 450 588 643
f 604 783 547
f 508 644 481
f 721 513 578
f 534 535 623
f 650 606 568
f 579 585 502
f 526 570 609
f 659 581 674
f 522 484 707
f 593 594 595
f 562 610 646
f 582 652 611
f 652 582 583
f 642 628 474
f 558 538 782
f 481 644 621
f 638 623 535
f 631 638 535
f 592 651 498
f 591 613 479
f 544 625 662
f 686 560 565
f 537 646 614
f 687 583 628
f 647 603 561
f 616 584 571
f 574 615 617
f 574 617 573
f 577 701 575
f 618 811 577
f 657 612 491
f 513 731 569
f 498 645 543
f 515 635 586
f 624 609 641
f 601 676 627
f 545 544 662
f 661 594 593
f 560 669 653
f 656 538 530
f 548 621 672
f 578 630 721
f 657 623 678
f 679 606 650
f 631 697 638
f 592 522 667
f 667 522 707
f 614 565 537
f 646 610 611
f 670 505 661
f 628 773 687
f 602 637 518
f 643 588 745
f 783 790 547
f 620 671 619
f 508 711 644
f 622 711 508
f 612 665 650
f 664 589 747
f 747 589 632
f 598 632 589
f 641 609 570
f 641 570 585
f 675 625 659
f 599 587 626
f 600 719 517
f 693 484 573
f 617 636 573
f 558 782 694
f 605 751 525
f 678 623 638
f 608 685 634
f 658 543 645
f 635 704 586
f 590 624 635
f 598 599 718
f 626 587 663
f 614 743 565
f 593 595 660
f 611 677 646
f 628 642 773
f 615 699 727
f 616 571 639
f 524 616 629
f 636 617 727
f 727 617 615
f 573 636 693
f 634 674 580
f 625 675 662
f 669 560 686
f 583 687 652
f 505 670 504
f 629 699 615
f 654 663 587
f 596 637 683
f 655 597 596
f 811 701 577
f 750 630 643
f 620 751 671
f 751 620 525
f 604 664 746
f 533 803 608
f 685 608 690
f 607 697 631
f 718 632 598
f 719 602 517
f 677 611 652
f 484 693 707
f 616 726 629
f 602 700 637
f 700 683 637
f 575 701 739
f 619 729 533
f 622 694 711
f 678 695 657
f 657 696 612
f 691 697 607
f 569 731 579
f 645 498 651
f 613 591 666
f 592 667 705
f 613 779 600
f 600 779 839
f 739 588 575
f 745 588 802
f 530 702 656
f 721 630 750
f 671 729 619
f 621 644 849
f 684 605 640
f 804 608 803
f 748 559 732
f 585 579 715
f 635 624 703
f 586 704 478
f 624 641 703
f 599 626 718
f 719 600 839
f 667 707 722
f 593 660 736
f 758 662 675
f 688 669 686
f 668 670 661
f 545 662 601
f 627 681 647
f 669 708 653
f 709 708 669
f 653 639 571
f 629 726 699
f 710 693 636
f 655 596 683
f 802 588 739
f 546 819 648
f 546 649 819
f 649 548 740
f 783 604 746
f 606 684 640
f 657 695 696
f 696 665 612
f 691 559 748
f 635 703 704
f 478 666 591
f 613 741 779
f 614 646 692
f 670 642 504
f 652 770 677
f 616 639 689
f 616 689 726
f 790 702 530
f 855 711 694
f 679 650 673
f 650 665 673
f 716 659 674
f 592 705 651
f 722 723 667
f 593 736 661
f 565 743 686
f 601 772 676
f 660 595 647
f 595 603 647
f 652 682 770
f 648 811 618
f 745 750 643
f 606 679 684
f 690 608 804
f 645 761 658
f 642 680 773
f 642 670 680
f 626 663 738
f 669 688 709
f 683 744 655
f 533 729 803
f 644 711 849
f 678 638 712
f 665 713 673
f 746 664 747
f 747 632 698
f 613 666 741
f 659 742 675
f 614 692 733
f 677 692 646
f 692 677 734
f 687 773 724
f 548 728 740
f 712 695 678
f 579 755 715
f 704 666 478
f 716 742 659
f 743 614 733
f 734 677 770
f 670 668 680
f 626 738 725
f 713 665 696
f 679 673 713
f 731 755 579
f 634 714 674
f 645 651 852
f 703 717 704
f 667 723 705
f 686 735 688
f 681 660 647
f 627 676 681
f 662 772 601
f 652 687 682
f 687 724 682
f 683 768 744
f 811 648 818
f 621 849 672
f 638 697 712
f 703 641 756
f 704 717 666
f 692 762 733
f 660 795 736
f 653 708 767
f 727 699 780
f 656 782 538
f 729 671 826
f 751 605 684
f 712 752 695
f 685 769 634
f 634 769 714
f 633 658 778
f 714 716 674
f 645 852 761
f 585 838 641
f 838 585 715
f 722 707 706
f 762 692 734
f 662 758 772
f 693 706 707
f 653 767 639
f 688 720 709
f 727 799 636
f 799 710 636
f 752 760 695
f 695 760 696
f 842 697 691
f 754 842 691
f 756 641 838
f 720 708 709
f 751 826 671
f 730 679 713
f 691 748 754
f 698 632 830
f 632 718 793
f 688 735 763
f 831 840 743
f 689 737 726
f 739 781 789
f 739 701 781
f 702 790 1003
f 728 548 672
f 761 778 658
f 765 682 724
f 699 766 780
f 689 639 767
f 809 699 726
f 725 738 749
f 799 727 780
f 749 738 835
f 744 759 655
f 819 818 648
f 819 649 740
f 729 820 803
f 633 778 732
f 822 714 769
f 741 666 794
f 626 725 785
f 743 733 831
f 686 743 735
f 661 736 757
f 795 660 681
f 757 668 661
f 771 681 676
f 720 688 763
f 689 767 788
f 774 768 700
f 768 683 700
f 826 751 776
f 776 751 684
f 760 752 813
f 684 679 730
f 696 760 713
f 731 513 777
f 901 754 748
f 714 822 716
f 703 756 717
f 735 743 807
f 736 795 832
f 758 675 787
f 676 772 771
f 797 795 681
f 680 796 773
f 719 774 602
f 767 708 720
f 789 802 739
f 750 784 721
f 920 849 711
f 713 753 730
f 821 731 777
f 651 705 792
f 735 807 763
f 736 832 757
f 743 840 807
f 816 724 773
f 757 786 668
f 699 809 766
f 689 788 737
f 781 701 811
f 745 775 812
f 750 745 812
f 854 728 672
f 711 855 920
f 747 814 746
f 666 717 824
f 805 733 762
f 722 706 870
f 733 805 831
f 763 764 720
f 719 815 774
f 720 764 767
f 602 774 700
f 819 848 818
f 702 1016 656
f 784 513 721
f 713 760 753
f 685 690 769
f 922 748 732
f 761 851 778
f 822 903 716
f 823 838 715
f 705 723 792
f 793 718 785
f 785 718 626
f 806 762 734
f 786 680 668
f 771 772 808
f 786 796 680
f 771 845 681
f 845 797 681
f 767 764 798
f 737 809 726
f 800 781 811
f 702 1003 1016
f 790 783 893
f 730 946 684
f 946 776 684
f 813 827 900
f 752 827 813
f 821 755 731
f 814 747 698
f 778 922 732
f 756 824 717
f 824 756 838
f 903 742 716
f 742 867 675
f 762 806 805
f 839 815 719
f 763 834 764
f 758 787 772
f 798 788 767
f 809 737 817
f 788 810 737
f 744 836 759
f 789 781 801
f 656 1016 969
f 750 812 876
f 893 783 791
f 855 694 782
f 854 672 849
f 784 777 513
f 697 827 712
f 690 856 769
f 922 778 851
f 852 851 761
f 715 987 823
f 666 824 794
f 723 722 870
f 770 879 734
f 757 832 786
f 834 763 807
f 771 808 845
f 954 749 835
f 737 810 817
f 693 710 846
f 791 971 893
f 746 791 783
f 712 827 752
f 814 791 746
f 632 793 830
f 792 886 651
f 978 725 749
f 816 765 724
f 799 780 882
f 780 766 882
f 846 706 693
f 801 781 800
f 812 775 875
f 876 784 750
f 784 1066 777
f 842 827 697
f 769 856 902
f 715 829 987
f 755 829 715
f 838 935 824
f 903 923 742
f 794 843 741
f 866 779 741
f 904 815 839
f 858 832 795
f 879 770 682
f 773 796 816
f 772 787 808
f 815 915 774
f 775 745 802
f 784 876 957
f 826 820 729
f 1035 826 776
f 921 804 803
f 828 760 813
f 760 828 753
f 748 929 901
f 814 698 894
f 894 698 975
f 829 755 821
f 698 830 975
f 723 825 792
f 895 839 779
f 734 879 806
f 786 844 796
f 797 858 795
f 841 787 675
f 978 749 954
f 845 808 897
f 797 845 880
f 859 870 706
f 898 764 834
f 846 710 860
f 768 908 744
f 819 740 911
f 820 921 803
f 813 900 828
f 929 748 922
f 830 793 995
f 651 886 852
f 793 785 878
f 742 923 867
f 879 682 833
f 765 816 916
f 809 817 871
f 811 818 884
f 811 884 800
f 1002 775 802
f 875 876 812
f 820 826 1065
f 1066 821 777
f 843 866 741
f 866 895 779
f 807 840 950
f 675 867 841
f 796 869 816
f 918 774 915
f 898 798 764
f 788 798 891
f 859 706 846
f 918 768 774
f 710 799 860
f 864 802 789
f 1035 776 837
f 784 957 1066
f 865 828 900
f 900 827 842
f 821 974 829
f 902 822 769
f 785 725 978
f 807 950 888
f 888 834 807
f 787 897 808
f 833 682 765
f 954 835 919
f 788 861 810
f 801 863 789
f 864 1002 802
f 911 740 985
f 1002 875 775
f 740 728 985
f 946 730 912
f 828 865 753
f 975 830 995
f 794 824 1012
f 887 723 870
f 831 931 962
f 832 896 786
f 889 844 786
f 816 857 916
f 787 907 897
f 768 918 908
f 810 861 817
f 818 873 884
f 873 818 848
f 884 928 800
f 854 849 970
f 730 753 865
f 791 814 885
f 1011 851 852
f 823 935 838
f 792 977 886
f 895 904 839
f 879 905 806
f 840 831 868
f 979 950 840
f 840 868 979
f 858 896 832
f 880 858 797
f 765 914 833
f 882 766 890
f 809 871 766
f 799 882 860
f 891 861 788
f 859 846 909
f 908 836 744
f 939 1003 790
f 782 656 956
f 730 899 912
f 899 730 865
f 804 948 690
f 829 974 850
f 1012 843 794
f 831 805 931
f 914 879 833
f 816 869 857
f 845 897 880
f 898 834 888
f 891 871 817
f 861 891 817
f 983 925 847
f 801 874 863
f 849 920 970
f 690 948 856
f 793 878 995
f 805 806 931
f 831 962 868
f 815 904 915
f 786 896 889
f 860 933 982
f 860 892 846
f 883 884 873
f 874 801 800
f 956 656 969
f 790 893 939
f 782 956 855
f 829 850 987
f 952 858 880
f 798 881 891
f 872 766 871
f 841 907 787
f 882 933 860
f 836 908 910
f 836 910 944
f 862 934 853
f 848 968 873
f 789 863 864
f 971 791 885
f 1066 974 821
f 902 1102 822
f 823 987 877
f 723 887 825
f 869 963 857
f 889 896 989
f 798 964 881
f 964 798 898
f 966 841 867
f 766 872 890
f 890 933 882
f 871 891 872
f 909 937 859
f 860 982 892
f 892 909 846
f 1032 927 853
f 862 853 927
f 853 1032 972
f 911 985 1105
f 728 854 1022
f 776 946 837
f 920 855 956
f 814 894 885
f 886 1011 852
f 785 978 878
f 879 914 905
f 914 988 905
f 889 989 965
f 889 941 844
f 897 906 880
f 888 942 898
f 916 914 765
f 897 907 906
f 967 890 872
f 917 907 841
f 1032 847 925
f 927 938 862
f 945 863 874
f 928 884 883
f 985 728 1022
f 921 820 1065
f 947 900 842
f 900 958 865
f 856 948 913
f 930 929 922
f 877 935 823
f 824 935 1012
f 792 825 1148
f 859 932 870
f 889 965 941
f 847 926 983
f 926 847 1032
f 874 1000 945
f 874 800 1000
f 945 992 863
f 876 875 957
f 912 986 946
f 994 947 842
f 922 851 930
f 806 905 931
f 950 949 888
f 896 952 989
f 857 963 916
f 1024 869 796
f 796 844 1024
f 1024 844 941
f 858 952 896
f 942 888 949
f 841 966 917
f 917 955 907
f 890 999 933
f 982 924 892
f 968 883 873
f 992 864 863
f 819 911 848
f 1095 957 875
f 842 754 994
f 959 754 901
f 804 940 948
f 1023 885 894
f 1011 886 977
f 870 932 887
f 951 914 916
f 880 906 952
f 955 906 907
f 909 892 924
f 934 853 972
f 1034 1022 854
f 1035 1065 826
f 971 939 893
f 899 865 958
f 959 994 754
f 971 885 1023
f 913 902 856
f 923 1019 867
f 869 1024 963
f 914 951 988
f 915 936 918
f 1052 956 969
f 900 947 958
f 940 1074 948
f 898 997 964
f 898 942 997
f 906 981 952
f 872 891 953
f 966 998 917
f 999 982 933
f 924 937 909
f 944 910 984
f 1052 920 956
f 899 1130 912
f 921 940 804
f 822 960 903
f 792 1148 977
f 935 1018 1012
f 903 1019 923
f 980 867 1019
f 904 936 915
f 989 1025 965
f 936 1083 918
f 872 953 1057
f 1048 917 998
f 917 1048 955
f 967 999 890
f 848 911 1001
f 993 1002 864
f 939 971 1107
f 986 912 1130
f 1065 1086 921
f 947 994 1043
f 1133 902 913
f 1133 1102 902
f 825 887 1056
f 1013 904 895
f 978 954 1060
f 989 952 1049
f 949 997 942
f 881 953 891
f 906 955 1040
f 955 1048 1040
f 954 919 1060
f 919 943 1060
f 1006 859 937
f 982 1005 924
f 1007 927 938
f 986 837 946
f 940 921 1086
f 948 1074 913
f 851 1011 1155
f 990 949 950
f 979 990 950
f 867 980 966
f 964 997 1021
f 1057 967 872
f 908 918 1083
f 1005 937 924
f 1007 938 1033
f 938 934 1033
f 1009 800 928
f 1009 1000 800
f 1035 837 1162
f 895 866 996
f 978 1060 961
f 887 932 1149
f 1021 953 881
f 953 1104 1057
f 981 906 1040
f 1070 967 1057
f 998 966 1004
f 999 967 1070
f 848 1001 968
f 986 1162 837
f 957 1095 1101
f 970 920 1073
f 920 1052 1073
f 1102 960 822
f 887 1149 1056
f 905 1028 931
f 1027 979 868
f 949 990 1014
f 1024 941 1045
f 981 1049 952
f 980 1004 966
f 964 1021 881
f 965 1020 941
f 1060 943 1072
f 1032 925 1050
f 875 1002 1095
f 854 970 1034
f 970 1073 1034
f 1124 1011 977
f 1018 935 877
f 825 1056 1148
f 878 978 961
f 904 1013 936
f 962 1027 868
f 949 1091 997
f 949 1014 1091
f 941 1020 1045
f 953 1021 1104
f 1049 981 991
f 1026 991 981
f 1005 982 1030
f 1030 982 999
f 1006 937 1005
f 1015 972 1032
f 945 1000 1008
f 993 864 992
f 994 959 1043
f 1075 1023 894
f 1076 975 995
f 1019 1198 980
f 1029 990 979
f 1020 965 1025
f 981 1040 1026
f 1030 999 1058
f 983 1031 925
f 1015 1032 1050
f 969 1123 1052
f 1123 969 1016
f 939 1107 1003
f 913 1010 1133
f 843 1079 866
f 931 1116 962
f 988 1028 905
f 951 916 963
f 999 1070 1098
f 1031 1050 925
f 934 972 1033
f 1009 1008 1000
f 928 883 973
f 883 968 973
f 1105 1001 911
f 1130 899 1131
f 1066 957 1101
f 930 851 1155
f 877 1044 1018
f 1148 1053 977
f 995 878 1067
f 878 961 1067
f 1013 895 996
f 1029 979 1027
f 963 1143 951
f 990 1038 1014
f 989 1046 1025
f 989 1049 1103
f 1103 1046 989
f 1026 1041 991
f 1058 999 1098
f 971 1023 1107
f 1140 959 901
f 894 975 1075
f 1193 1044 877
f 1047 1021 997
f 1031 983 926
f 1015 1050 927
f 972 1051 1033
f 1009 1161 1008
f 1008 992 945
f 985 1022 1105
f 1140 1043 959
f 960 1019 903
f 1344 1198 1019
f 962 1061 1027
f 988 951 1125
f 990 1029 1038
f 1024 1143 963
f 1048 998 1080
f 1119 1049 991
f 1092 998 1004
f 1154 998 1092
f 991 1041 1119
f 1050 926 1032
f 1007 1033 1051
f 968 1001 973
f 850 1156 987
f 1108 877 987
f 1017 1077 1037
f 1120 936 1013
f 1029 1027 1069
f 1024 1039 1143
f 1045 1039 1024
f 997 1091 1047
f 1004 980 1092
f 1030 1058 1071
f 998 1154 1080
f 1005 1127 1006
f 1042 908 1083
f 1050 927 1032
f 908 1042 910
f 1015 927 1007
f 984 910 1145
f 973 1001 1099
f 1105 1184 1001
f 976 1036 1077
f 1077 1036 1037
f 1017 1037 1055
f 866 1079 996
f 1069 1027 1061
f 1115 961 1060
f 1029 1110 1038
f 1020 1062 1045
f 1020 1025 1096
f 1025 1046 1096
f 1048 1081 1040
f 1030 1097 1005
f 1015 1007 1059
f 1015 1051 972
f 1161 1009 928
f 1034 1073 1222
f 958 1131 899
f 901 929 1205
f 913 1074 1010
f 1036 1068 1037
f 1054 1078 1037
f 1055 1037 1078
f 1149 932 1118
f 962 1116 1061
f 1072 1115 1060
f 1021 1063 1104
f 1040 1081 1064
f 1097 1030 1071
f 1064 1026 1040
f 1127 1005 1097
f 1145 910 1042
f 928 973 1122
f 1002 993 1095
f 1162 986 1240
f 1077 976 1036
f 1076 995 1067
f 1077 1017 1055
f 1068 1054 1037
f 843 1012 1088
f 1088 1079 843
f 1056 1149 1090
f 1028 1116 931
f 859 1006 932
f 1064 1041 1026
f 1042 1083 1128
f 1050 1031 926
f 1145 1146 984
f 993 992 1084
f 1022 1191 1105
f 1191 1022 1034
f 1016 1003 1106
f 1034 1222 1191
f 1442 1003 1107
f 1043 1140 1100
f 1053 1124 977
f 877 1108 1193
f 1088 1012 1018
f 1136 996 1079
f 988 1125 1028
f 1020 1096 1062
f 1062 1039 1045
f 1057 1104 1159
f 932 1006 1138
f 1059 1042 1128
f 1015 1059 1051
f 993 1094 1095
f 1123 1073 1052
f 1162 1085 1035
f 1043 1132 947
f 850 974 1147
f 929 930 1087
f 1108 987 1156
f 1155 1011 1124
f 1068 1078 1054
f 1013 996 1136
f 1029 1069 1110
f 936 1120 1083
f 1081 1048 1080
f 1041 1064 1119
f 1115 1072 1144
f 1145 1042 1059
f 1059 1007 1051
f 1129 984 1146
f 1008 1161 1093
f 1162 1386 1085
f 1035 1085 1065
f 958 947 1132
f 1107 1023 1164
f 974 1066 1173
f 1023 1075 1164
f 1232 1155 1124
f 1076 1067 1207
f 1019 960 1179
f 1036 1077 1068
f 1068 1109 1078
f 1089 1055 1078
f 1046 1103 1096
f 1096 1157 1062
f 1057 1159 1070
f 1093 992 1008
f 1043 1100 1132
f 1075 975 1076
f 1109 1089 1078
f 1328 1120 1013
f 1198 1092 980
f 1154 1082 1080
f 1092 1228 1154
f 1201 1154 1228
f 1016 1106 1123
f 1003 1442 1106
f 986 1130 1240
f 1101 1173 1066
f 1205 1140 901
f 1141 960 1102
f 960 1134 1179
f 1077 1114 1068
f 1068 1114 1109
f 1208 1018 1044
f 1067 961 1187
f 1112 1038 1110
f 1091 1014 1137
f 1038 1112 1014
f 1103 1151 1096
f 1049 1119 1103
f 1098 1070 1152
f 1200 1071 1058
f 1084 992 1093
f 1184 1099 1001
f 974 1173 1147
f 1156 1175 1108
f 1077 1055 1114
f 1114 1055 1089
f 1150 1069 1061
f 951 1168 1125
f 1143 1168 951
f 1062 1117 1039
f 1098 1152 1058
f 1103 1119 1170
f 1128 1121 1059
f 1121 1145 1059
f 973 1203 1122
f 1084 1094 993
f 1094 1101 1095
f 1206 1205 929
f 1206 929 1087
f 960 1141 1134
f 1067 1187 1207
f 1079 1088 1136
f 1028 1111 1116
f 1125 1111 1028
f 1096 1151 1157
f 1112 1137 1014
f 1070 1159 1152
f 1047 1063 1021
f 1198 1228 1092
f 1080 1221 1081
f 973 1113 1203
f 1442 1107 1241
f 958 1132 1131
f 1155 1087 930
f 1088 1018 1208
f 1148 1056 1090
f 1150 1061 1116
f 1137 1047 1091
f 1062 1217 1117
f 1217 1062 1157
f 1153 1159 1104
f 1221 1126 1081
f 1255 1127 1097
f 1221 1080 1082
f 1120 1128 1083
f 1122 1161 928
f 1139 1073 1123
f 1065 1197 1086
f 1107 1164 1241
f 1089 1109 1114
f 1069 1142 1110
f 1110 1142 1112
f 1069 1150 1142
f 1117 1143 1039
f 1104 1063 1183
f 1126 1064 1081
f 1115 1144 1263
f 1113 973 1099
f 1123 1106 1139
f 1085 1214 1197
f 1085 1197 1065
f 1172 1132 1100
f 1164 1075 1230
f 1156 850 1147
f 1328 1013 1136
f 1111 1150 1116
f 1047 1169 1063
f 1153 1104 1183
f 1184 1105 1439
f 1094 1084 1185
f 1073 1139 1222
f 1442 1223 1106
f 1131 1171 1130
f 1075 1076 1341
f 1125 1168 1111
f 1151 1158 1157
f 1118 932 1273
f 1064 1170 1119
f 1064 1126 1220
f 1138 1127 1256
f 1006 1127 1138
f 1093 1239 1084
f 1214 1085 1386
f 1086 1197 1248
f 1205 1229 1140
f 1225 1141 1102
f 1108 1175 1193
f 1136 1088 1165
f 1143 1212 1168
f 1212 1143 1117
f 1169 1047 1137
f 1170 1064 1220
f 1202 1263 1144
f 1130 1171 1240
f 1101 1094 1177
f 1132 1172 1131
f 1133 1225 1102
f 1208 1165 1088
f 1114 1166 1135
f 961 1194 1187
f 1150 1181 1142
f 1182 1150 1111
f 1137 1112 1169
f 1221 1160 1126
f 932 1138 1273
f 1154 1291 1082
f 1145 1121 1146
f 1239 1093 1161
f 1084 1428 1185
f 1248 940 1086
f 940 1259 1074
f 1087 1192 1206
f 1147 1178 1156
f 1265 1192 1087
f 1087 1155 1265
f 1155 1232 1322
f 1341 1076 1207
f 1019 1179 1344
f 1114 1135 1166
f 1188 1166 1194
f 1142 1181 1209
f 1209 1112 1142
f 1151 1167 1158
f 1217 1157 1253
f 1058 1281 1200
f 1152 1281 1058
f 1218 1152 1159
f 1152 1218 1281
f 1170 1213 1103
f 1138 1256 1227
f 1082 1291 1221
f 1101 1224 1173
f 1186 1242 1163
f 1044 1193 1277
f 1188 1194 1189
f 1112 1209 1190
f 1157 1158 1253
f 1195 1159 1153
f 1236 1063 1169
f 1176 1195 1153
f 1127 1255 1256
f 1176 1153 1183
f 1126 1257 1220
f 1154 1201 1291
f 1428 1084 1239
f 1336 1177 1094
f 1243 1010 1074
f 1186 1163 1174
f 1163 1242 1174
f 1175 1156 1178
f 1322 1265 1155
f 1175 1373 1193
f 1090 1215 1148
f 1180 1194 1166
f 1194 961 1115
f 1151 1103 1167
f 1063 1236 1183
f 1117 1234 1212
f 1218 1159 1195
f 1234 1117 1217
f 1071 1196 1097
f 1196 1071 1200
f 1427 1203 1113
f 1162 1240 1386
f 1277 1208 1044
f 1207 1187 1286
f 1165 1208 1416
f 1199 1166 1188
f 1181 1150 1210
f 1213 1167 1103
f 1196 1255 1097
f 1219 1112 1190
f 1126 1160 1257
f 1138 1227 1273
f 1172 1100 1249
f 1204 1131 1172
f 1186 1276 1242
f 1173 1337 1147
f 1337 1178 1147
f 1371 1265 1322
f 1134 1262 1179
f 1194 1115 1189
f 1182 1210 1150
f 1219 1169 1112
f 1120 1247 1128
f 1146 1258 1129
f 1184 1113 1099
f 1191 1439 1105
f 1259 1243 1074
f 1395 1205 1206
f 1199 1180 1166
f 1188 1189 1199
f 1237 1218 1195
f 1213 1170 1220
f 1128 1247 1121
f 1239 1161 1292
f 1094 1185 1336
f 1106 1429 1139
f 1140 1457 1100
f 1224 1101 1177
f 1293 1186 1174
f 1261 1133 1010
f 1286 1187 1180
f 1194 1180 1187
f 1149 1118 1216
f 1115 1378 1189
f 1209 1211 1355
f 1263 1378 1115
f 1210 1182 1289
f 1158 1235 1253
f 1226 1182 1111
f 1111 1168 1226
f 1168 1212 1226
f 1167 1213 1252
f 1271 1196 1200
f 1195 1176 1237
f 1120 1282 1247
f 1122 1292 1161
f 1113 1184 1438
f 1106 1223 1429
f 1204 1172 1249
f 1131 1204 1171
f 1164 1230 1241
f 1243 1261 1010
f 1231 1206 1192
f 1075 1341 1230
f 1053 1148 1215
f 1209 1181 1211
f 1167 1235 1158
f 1244 1217 1253
f 1257 1238 1220
f 1247 1348 1121
f 1113 1438 1427
f 1191 1274 1439
f 1304 1240 1171
f 1457 1140 1229
f 1229 1205 1395
f 1165 1328 1136
f 1344 1279 1198
f 1233 1211 1181
f 1167 1252 1235
f 1355 1346 1209
f 1281 1423 1200
f 1217 1244 1234
f 1423 1271 1200
f 1219 1379 1169
f 1160 1221 1291
f 1227 1246 1273
f 1301 1202 1283
f 1349 1121 1348
f 1203 1427 1122
f 1369 1177 1336
f 1249 1171 1204
f 1177 1369 1317
f 1100 1275 1249
f 1317 1224 1177
f 1395 1206 1231
f 1181 1210 1233
f 1209 1346 1190
f 1182 1226 1289
f 1252 1213 1280
f 1190 1399 1219
f 1213 1220 1245
f 1272 1257 1160
f 1191 1222 1274
f 1248 1197 1303
f 1373 1277 1193
f 1210 1297 1233
f 1330 1212 1234
f 1212 1330 1226
f 1281 1218 1237
f 1196 1271 1270
f 1220 1238 1245
f 1227 1256 1290
f 1263 1202 1301
f 1239 1292 1264
f 1122 1351 1292
f 1336 1185 1316
f 1139 1429 1222
f 1197 1214 1303
f 1100 1507 1275
f 1100 1457 1507
f 1174 1242 1293
f 1260 1231 1192
f 1232 1488 1446
f 1124 1488 1232
f 1180 1199 1288
f 1466 1090 1149
f 1149 1216 1466
f 1250 1199 1189
f 1210 1251 1297
f 1226 1330 1298
f 1329 1244 1253
f 1270 1255 1196
f 1176 1183 1311
f 1176 1393 1237
f 1238 1257 1272
f 1227 1290 1246
f 1201 1228 1333
f 1121 1349 1146
f 1428 1239 1264
f 1427 1351 1122
f 1439 1706 1184
f 1222 1429 1274
f 1230 1602 1241
f 1623 1261 1243
f 1261 1225 1133
f 1124 1053 1488
f 1362 1208 1277
f 1405 1165 1416
f 1326 1344 1179
f 1345 1328 1165
f 1120 1328 1282
f 1329 1235 1252
f 1169 1379 1236
f 1298 1289 1226
f 1329 1253 1235
f 1245 1254 1213
f 1468 1228 1198
f 1219 1399 1379
f 1238 1299 1245
f 1333 1291 1201
f 1316 1185 1428
f 1304 1171 1284
f 1284 1171 1249
f 1276 1186 1293
f 1319 1231 1260
f 1285 1192 1265
f 1192 1285 1260
f 1268 1269 1266
f 1250 1288 1199
f 1198 1279 1468
f 1280 1213 1254
f 1176 1311 1393
f 1118 1273 1413
f 1291 1400 1160
f 1273 1246 1384
f 1242 1276 1260
f 1242 1260 1293
f 1286 1341 1207
f 1215 1296 1053
f 1268 1266 1294
f 1268 1294 1325
f 1309 1266 1269
f 1269 1268 1287
f 1287 1268 1325
f 1310 1297 1251
f 1251 1210 1289
f 1289 1310 1251
f 1411 1310 1289
f 1244 1412 1234
f 1237 1393 1281
f 1256 1255 1313
f 1378 1263 1301
f 1256 1313 1290
f 1299 1238 1272
f 1282 1300 1247
f 1246 1290 1456
f 1246 1456 1384
f 1348 1314 1349
f 1258 1146 1349
f 1438 1184 1706
f 1336 1316 1440
f 1275 1284 1249
f 1248 1259 940
f 1317 1305 1224
f 1173 1305 1318
f 1260 1285 1267
f 1341 1340 1230
f 1285 1294 1267
f 1266 1267 1294
f 1418 1287 1323
f 1269 1287 1418
f 1286 1180 1288
f 1326 1279 1344
f 1250 1189 1378
f 1327 1280 1254
f 1381 1244 1329
f 1423 1270 1271
f 1216 1118 1413
f 1365 1272 1160
f 1301 1283 1503
f 1543 1428 1264
f 1442 1241 1618
f 1305 1173 1224
f 1276 1293 1260
f 1267 1319 1260
f 1295 1306 1320
f 1320 1278 1295
f 1266 1309 1267
f 1053 1296 1488
f 1362 1416 1208
f 1278 1324 1295
f 1309 1269 1390
f 1323 1287 1278
f 1278 1287 1324
f 1324 1287 1325
f 1165 1405 1345
f 1233 1347 1211
f 1233 1297 1347
f 1346 1399 1190
f 1332 1300 1282
f 1384 1413 1273
f 1315 1302 1317
f 1317 1302 1305
f 1304 1601 1240
f 1223 1442 1529
f 1443 1457 1229
f 1443 1229 1395
f 1231 1319 1389
f 1178 1373 1175
f 1319 1267 1339
f 1232 1446 1322
f 1309 1339 1267
f 1309 1398 1339
f 1306 1295 1307
f 1307 1295 1308
f 1134 1560 1262
f 1295 1342 1308
f 1295 1324 1342
f 1418 1390 1269
f 1325 1294 1343
f 1250 1449 1288
f 1347 1355 1211
f 1310 1331 1297
f 1298 1411 1289
f 1234 1412 1330
f 1183 1354 1311
f 1312 1347 1297
f 1299 1365 1382
f 1272 1365 1299
f 1291 1333 1400
f 1247 1300 1348
f 1264 1292 1350
f 1302 1352 1305
f 1618 1241 1602
f 1338 1306 1307
f 1337 1173 1318
f 1320 1306 1338
f 1372 1319 1339
f 1294 1360 1343
f 1446 1371 1322
f 1320 1321 1278
f 1390 1398 1309
f 1278 1321 1323
f 1448 1286 1288
f 1449 1250 1378
f 1327 1254 1353
f 1331 1310 1421
f 1331 1312 1297
f 1254 1245 1364
f 1364 1245 1299
f 1228 1366 1333
f 1314 1385 1349
f 1349 1385 1258
f 1350 1292 1401
f 1543 1264 1350
f 1352 1302 1357
f 1317 1402 1315
f 1307 1334 1335
f 1338 1307 1335
f 1307 1308 1334
f 1259 1679 1243
f 1243 1630 1623
f 1395 1231 1389
f 1320 1338 1389
f 1319 1372 1389
f 1360 1285 1265
f 1360 1294 1285
f 1141 1361 1134
f 1296 1377 1488
f 1321 1375 1323
f 1215 1605 1296
f 1391 1342 1324
f 1482 1252 1280
f 1328 1409 1282
f 1236 1354 1183
f 1412 1298 1330
f 1312 1331 1356
f 1421 1356 1331
f 1312 1356 1347
f 1381 1412 1244
f 1353 1254 1364
f 1255 1270 1313
f 1382 1364 1299
f 1400 1365 1160
f 1333 1366 1400
f 1439 1274 1514
f 1429 1223 1505
f 1338 1335 1367
f 1317 1369 1402
f 1359 1338 1367
f 1369 1336 1359
f 1318 1305 1352
f 1338 1359 1394
f 1389 1338 1394
f 1371 1446 1432
f 1374 1308 1342
f 1341 1286 1448
f 1262 1326 1179
f 1375 1363 1323
f 1418 1390 1433
f 1363 1418 1323
f 1325 1391 1324
f 1252 1482 1329
f 1355 1347 1410
f 1282 1409 1332
f 1423 1424 1270
f 1437 1378 1301
f 1300 1425 1348
f 1593 1316 1428
f 1358 1315 1402
f 1359 1367 1403
f 1679 1630 1243
f 1320 1372 1321
f 1339 1398 1372
f 1396 1372 1398
f 1376 1343 1360
f 1447 1343 1376
f 1343 1447 1325
f 1464 1345 1405
f 1392 1466 1216
f 1482 1280 1327
f 1419 1327 1353
f 1353 1408 1419
f 1364 1408 1353
f 1346 1493 1399
f 1310 1411 1421
f 1292 1351 1401
f 1403 1367 1486
f 1474 1388 1357
f 1334 1308 1368
f 1388 1352 1357
f 1214 1386 1387
f 1374 1368 1308
f 1336 1440 1359
f 1318 1352 1388
f 1370 1265 1371
f 1265 1370 1360
f 1396 1321 1372
f 1225 1361 1141
f 1360 1370 1376
f 1362 1277 1373
f 1375 1321 1396
f 1342 1397 1374
f 1488 1377 1534
f 1433 1390 1375
f 1342 1391 1397
f 1421 1380 1356
f 1281 1436 1423
f 1311 1470 1393
f 1400 1366 1383
f 1468 1366 1228
f 1216 1413 1513
f 1348 1425 1314
f 1369 1403 1402
f 1386 1240 1387
f 1404 1368 1374
f 1259 1248 1515
f 1458 1318 1388
f 1374 1397 1404
f 1337 1318 1431
f 1394 1444 1389
f 1178 1477 1373
f 1372 1320 1389
f 1398 1390 1375
f 1377 1296 1605
f 1405 1416 1536
f 1408 1407 1419
f 1492 1236 1379
f 1355 1469 1346
f 1410 1347 1380
f 1356 1380 1347
f 1412 1411 1298
f 1382 1408 1364
f 1453 1382 1365
f 1383 1471 1400
f 1472 1384 1456
f 1350 1401 1414
f 1350 1414 1543
f 1368 1404 1430
f 1395 1509 1443
f 1458 1431 1318
f 1372 1415 1396
f 1363 1375 1445
f 1391 1417 1397
f 1376 1460 1447
f 1391 1325 1463
f 1345 1450 1328
f 1501 1399 1493
f 1379 1399 1492
f 1412 1572 1411
f 1365 1400 1453
f 1413 1384 1472
f 1401 1351 1495
f 1402 1486 1358
f 1359 1440 1441
f 1304 1284 1275
f 1397 1478 1404
f 1395 1389 1444
f 1178 1337 1477
f 1415 1396 1372
f 1433 1375 1445
f 1363 1462 1418
f 1605 1215 1090
f 1417 1463 1391
f 1325 1447 1463
f 1434 1448 1288
f 1288 1449 1434
f 1328 1450 1409
f 1378 1437 1491
f 1236 1492 1354
f 1493 1346 1469
f 1355 1410 1469
f 1421 1411 1539
f 1408 1382 1422
f 1281 1393 1436
f 1455 1313 1270
f 1290 1313 1455
f 1301 1503 1454
f 1471 1453 1400
f 1455 1456 1290
f 1426 1314 1425
f 1495 1351 1427
f 1223 1668 1505
f 1403 1369 1359
f 1371 1370 1496
f 1370 1460 1376
f 1396 1398 1445
f 1417 1397 1478
f 1398 1375 1445
f 1619 1341 1448
f 1419 1490 1327
f 1467 1408 1435
f 1408 1422 1435
f 1501 1492 1399
f 1436 1393 1470
f 1300 1504 1425
f 1413 1472 1513
f 1401 1495 1615
f 1486 1402 1403
f 1223 1742 1668
f 1441 1403 1359
f 1430 1404 1475
f 1510 1602 1230
f 1370 1460 1519
f 1396 1415 1479
f 1134 1361 1560
f 1512 1363 1433
f 1363 1433 1512
f 1418 1462 1433
f 1419 1407 1465
f 1467 1407 1408
f 1327 1490 1482
f 1449 1378 1491
f 1382 1453 1422
f 1436 1452 1423
f 1437 1301 1454
f 1541 1383 1580
f 1366 1580 1383
f 1300 1332 1504
f 1314 1426 1581
f 1304 1576 1601
f 1304 1275 1575
f 1679 1259 1515
f 1476 1478 1404
f 1444 1509 1395
f 1496 1370 1519
f 1432 1371 1496
f 1375 1480 1445
f 1460 1447 1498
f 1605 1090 1406
f 1405 1536 1464
f 1465 1490 1419
f 1422 1552 1435
f 1483 1540 1469
f 1451 1491 1437
f 1437 1454 1451
f 1403 1441 1568
f 1223 1529 1742
f 1388 1474 1487
f 1304 1575 1576
f 1530 1568 1359
f 1394 1530 1359
f 1394 1444 1530
f 1618 1529 1442
f 1487 1458 1388
f 1476 1404 1475
f 1431 1477 1337
f 1510 1230 1340
f 1396 1415 1480
f 1446 1432 1624
f 1396 1445 1479
f 1396 1480 1375
f 1373 1549 1362
f 1362 1550 1416
f 1433 1512 1462
f 1489 1463 1417
f 1090 1466 1406
f 1537 1434 1449
f 1537 1449 1491
f 1490 1561 1482
f 1380 1524 1410
f 1421 1420 1380
f 1540 1493 1469
f 1412 1381 1572
f 1422 1453 1471
f 1423 1452 1424
f 1424 1494 1270
f 1504 1426 1425
f 1581 1385 1314
f 1553 1414 1401
f 1473 1495 1427
f 1438 1473 1427
f 1543 1593 1428
f 1506 1487 1474
f 1403 1359 1568
f 1303 1722 1248
f 1275 1556 1575
f 1275 1507 1556
f 1508 1531 1458
f 1458 1531 1431
f 1480 1459 1415
f 1479 1445 1512
f 1534 1446 1488
f 1340 1341 1619
f 1512 1433 1445
f 1262 1560 1326
f 1363 1461 1445
f 1536 1416 1550
f 1461 1363 1462
f 1498 1447 1481
f 1595 1464 1536
f 1463 1489 1500
f 1500 1447 1463
f 1345 1464 1450
f 1380 1420 1606
f 1329 1482 1621
f 1538 1421 1539
f 1411 1572 1539
f 1436 1470 1579
f 1471 1552 1422
f 1424 1452 1484
f 1311 1485 1470
f 1485 1311 1354
f 1494 1455 1270
f 1542 1472 1456
f 1542 1456 1455
f 1414 1553 1543
f 1553 1401 1615
f 1439 1514 1706
f 1429 1514 1274
f 1568 1527 1403
f 1240 1601 1699
f 1248 1722 1515
f 1458 1487 1508
f 1583 1431 1531
f 1431 1583 1477
f 1444 1509 1517
f 1658 1225 1261
f 1496 1604 1432
f 1497 1417 1478
f 1624 1534 1446
f 1489 1417 1497
f 1480 1445 1461
f 1560 1692 1326
f 1490 1465 1613
f 1465 1407 1584
f 1571 1406 1466
f 1420 1421 1538
f 1493 1540 1501
f 1451 1454 1551
f 1410 1483 1469
f 1354 1587 1485
f 1471 1383 1541
f 1485 1673 1470
f 1527 1486 1403
f 1505 1514 1429
f 1214 1387 1303
f 1525 1476 1475
f 1559 1624 1432
f 1460 1498 1519
f 1521 1462 1512
f 1500 1489 1499
f 1523 1461 1462
f 1500 1481 1447
f 1620 1490 1613
f 1683 1450 1464
f 1326 1768 1279
f 1491 1451 1551
f 1380 1606 1524
f 1621 1482 1561
f 1329 1621 1381
f 1621 1572 1381
f 1409 1504 1332
f 1579 1470 1673
f 1590 1366 1468
f 1581 1573 1385
f 1615 1495 1705
f 1495 1688 1705
f 1495 1473 1688
f 1486 1527 1544
f 1486 1403 1526
f 1710 1593 1543
f 1506 1508 1487
f 1532 1476 1525
f 1531 1610 1583
f 1497 1478 1476
f 1519 1518 1496
f 1340 1680 1510
f 1498 1548 1519
f 1479 1520 1512
f 1499 1489 1533
f 1521 1523 1462
f 1523 1500 1461
f 1448 1612 1594
f 1434 1612 1448
f 1571 1466 1392
f 1612 1434 1537
f 1551 1537 1491
f 1642 1410 1524
f 1597 1420 1538
f 1410 1642 1483
f 1354 1492 1587
f 1216 1513 1392
f 1706 1473 1438
f 1528 1508 1506
f 1526 1403 1527
f 1403 1568 1527
f 1532 1497 1476
f 1516 1444 1517
f 1517 1415 1558
f 1518 1604 1496
f 1558 1415 1459
f 1477 1549 1373
f 1604 1559 1432
f 1459 1558 1479
f 1479 1459 1415
f 1558 1520 1479
f 1512 1520 1535
f 1489 1497 1533
f 1461 1511 1480
f 1499 1533 1511
f 1500 1499 1511
f 1500 1511 1461
f 1535 1521 1512
f 1500 1522 1481
f 1522 1500 1523
f 1501 1587 1492
f 1471 1541 1552
f 1468 1586 1590
f 1579 1452 1436
f 1452 1627 1484
f 1455 1494 1542
f 1542 1494 1588
f 1563 1494 1424
f 1567 1544 1527
f 1441 1440 1638
f 1516 1530 1444
f 1546 1497 1532
f 1459 1516 1517
f 1558 1459 1517
f 1415 1558 1517
f 1415 1459 1558
f 1546 1533 1497
f 1480 1511 1459
f 1533 1459 1511
f 1481 1547 1498
f 1522 1521 1535
f 1523 1521 1522
f 1490 1596 1561
f 1420 1597 1606
f 1435 1552 1599
f 1587 1673 1485
f 1454 1503 1656
f 1656 1503 1676
f 1592 1543 1553
f 1567 1526 1527
f 1564 1526 1565
f 1567 1526 1527
f 1508 1528 1566
f 1526 1527 1565
f 1567 1527 1568
f 1508 1566 1570
f 1565 1527 1568
f 1568 1441 1638
f 1556 1507 1617
f 1648 1507 1457
f 1568 1530 1545
f 1545 1530 1516
f 1443 1509 1611
f 1532 1555 1546
f 1549 1477 1650
f 1459 1546 1516
f 1557 1519 1548
f 1533 1546 1459
f 1535 1520 1558
f 1547 1548 1498
f 1547 1522 1535
f 1547 1481 1522
f 1448 1594 1619
f 1584 1407 1625
f 1467 1625 1407
f 1537 1551 1653
f 1540 1587 1501
f 1572 1562 1539
f 1409 1626 1504
f 1452 1579 1627
f 1599 1541 1580
f 1366 1590 1580
f 1513 1472 1542
f 1504 1633 1426
f 1553 1635 1592
f 1473 1706 1647
f 1593 1440 1316
f 1240 1699 1387
f 1554 1555 1532
f 1303 1671 1722
f 1582 1575 1556
f 1457 1443 1648
f 1546 1555 1545
f 1546 1545 1516
f 1508 1570 1531
f 1531 1570 1610
f 1578 1517 1509
f 1578 1558 1517
f 1518 1519 1557
f 1225 1658 1361
f 1557 1547 1558
f 1547 1557 1548
f 1547 1535 1558
f 1549 1550 1362
f 1534 1377 1690
f 1465 1584 1652
f 1620 1596 1490
f 1279 1586 1468
f 1538 1539 1614
f 1483 1585 1540
f 1614 1562 1539
f 1621 1589 1572
f 1551 1454 1600
f 1392 1502 1665
f 1392 1513 1502
f 1484 1563 1424
f 1494 1563 1588
f 1554 1565 1555
f 1593 1616 1440
f 1575 1609 1576
f 1568 1555 1565
f 1545 1555 1568
f 1556 1617 1582
f 1611 1672 1443
f 1477 1583 1650
f 1518 1557 1578
f 1557 1558 1578
f 1549 1650 1730
f 1549 1730 1550
f 1658 1560 1361
f 1690 1534 1624
f 1465 1652 1613
f 1552 1541 1599
f 1626 1633 1504
f 1667 1513 1542
f 1615 1635 1553
f 1577 1566 1574
f 1567 1574 1544
f 1505 1698 1514
f 1577 1570 1566
f 1567 1577 1574
f 1577 1569 1570
f 1567 1569 1577
f 1568 1569 1567
f 1510 1834 1602
f 1583 1649 1650
f 1658 1261 1623
f 1604 1518 1603
f 1377 1605 1690
f 1595 1683 1464
f 1653 1612 1537
f 1467 1640 1625
f 1467 1435 1640
f 1538 1614 1597
f 1642 1585 1483
f 1589 1562 1572
f 1586 1685 1590
f 1633 1591 1426
f 1668 1698 1505
f 1387 1622 1303
f 1576 1609 1751
f 1575 1582 1609
f 1568 1638 1569
f 1443 1672 1648
f 1340 1619 1762
f 1692 1768 1326
f 1584 1625 1733
f 1561 1596 1621
f 1600 1653 1551
f 1543 1592 1710
f 1616 1636 1440
f 1387 1699 1622
f 1569 1610 1570
f 1279 1768 1586
f 1598 1642 1524
f 1450 1626 1409
f 1674 1599 1580
f 1674 1580 1590
f 1656 1600 1454
f 1473 1647 1688
f 1638 1440 1636
f 1515 1722 1793
f 1617 1637 1582
f 1711 1529 1618
f 1583 1610 1649
f 1578 1603 1518
f 1559 1752 1624
f 1732 1595 1536
f 1450 1683 1766
f 1606 1598 1524
f 1653 1600 1664
f 1540 1643 1632
f 1540 1632 1587
f 1588 1667 1542
f 1563 1646 1588
f 1634 1513 1667
f 1514 1670 1706
f 1514 1698 1670
f 1699 1756 1622
f 1303 1622 1671
f 1707 1601 1576
f 1636 1662 1638
f 1569 1638 1610
f 1578 1639 1603
f 1690 1605 1691
f 1605 1406 1691
f 1653 1651 1612
f 1585 1643 1540
f 1585 1644 1643
f 1587 1703 1673
f 1629 1600 1656
f 1426 1677 1581
f 1581 1677 1573
f 1639 1578 1509
f 1619 1594 1669
f 1584 1733 1652
f 1596 1620 1663
f 1435 1599 1640
f 1614 1631 1597
f 1585 1702 1644
f 1614 1701 1562
f 1664 1600 1629
f 1589 1621 1654
f 1587 1632 1703
f 1654 1589 1562
f 1607 1588 1646
f 1563 1484 1655
f 1634 1502 1513
f 1699 1601 1707
f 1529 1932 1742
f 1707 1576 1751
f 1782 1711 1618
f 1782 1618 1602
f 1509 1639 1611
f 1658 1657 1560
f 1773 1692 1560
f 1594 1612 1651
f 1719 1586 1768
f 1599 1641 1640
f 1606 1631 1598
f 1597 1631 1606
f 1642 1702 1585
f 1673 1645 1579
f 1645 1627 1579
f 1627 1645 1484
f 1633 1626 1696
f 1502 1628 1665
f 1634 1628 1502
f 1426 1591 1677
f 1616 1661 1636
f 1622 1846 1671
f 1637 1751 1609
f 1609 1582 1637
f 1834 1510 1729
f 1680 1729 1510
f 1340 1659 1680
f 1550 1732 1536
f 1596 1660 1621
f 1674 1641 1599
f 1676 1697 1656
f 1633 1749 1591
f 1677 1608 1573
f 1635 1721 1592
f 1710 1592 1721
f 1622 1756 1846
f 1638 1662 1723
f 1507 1648 1617
f 1681 1690 1624
f 1340 1762 1659
f 1773 1712 1692
f 1665 1571 1392
f 1766 1626 1450
f 1598 1666 1642
f 1701 1614 1631
f 1598 1694 1631
f 1747 1696 1626
f 1563 1655 1646
f 1635 1615 1721
f 1636 1661 1662
f 1834 1782 1602
f 1744 1623 1630
f 1559 1604 1603
f 1752 1681 1624
f 1783 1732 1550
f 1594 1651 1693
f 1632 1715 1709
f 1643 1715 1632
f 1708 1654 1562
f 1655 1484 1645
f 1633 1696 1749
f 1677 1591 1687
f 1617 1757 1637
f 1681 1682 1690
f 1714 1653 1664
f 1715 1643 1644
f 1634 1736 1628
f 1661 1616 1678
f 1751 1700 1707
f 1711 1689 1529
f 1725 1603 1639
f 1594 1693 1669
f 1714 1651 1653
f 1660 1663 1596
f 1766 1747 1626
f 1702 1642 1666
f 1621 1660 1654
f 1708 1562 1701
f 1703 1632 1709
f 1777 1645 1673
f 1719 1685 1586
f 1667 1704 1734
f 1588 1704 1667
f 1629 1656 1675
f 1738 1677 1687
f 1750 1647 1790
f 1637 1758 1751
f 1639 1724 1611
f 1760 1658 1623
f 1783 1550 1730
f 1625 1798 1733
f 1620 1843 1663
f 1666 1694 1598
f 1645 1718 1655
f 1749 1687 1591
f 1615 1720 1721
f 1706 1790 1647
f 1743 1617 1648
f 1759 1649 1610
f 1760 1623 1744
f 1559 1603 1835
f 1752 1559 1835
f 1619 1669 1762
f 1713 1651 1714
f 1798 1625 1640
f 1644 1715 1684
f 1684 1702 1644
f 1694 1746 1631
f 1718 1645 1777
f 1588 1607 1704
f 1634 1667 1736
f 1674 1590 1686
f 1685 1686 1590
f 1675 1656 1697
f 1615 1705 1720
f 1661 1678 1873
f 1757 1758 1637
f 1639 1725 1724
f 1652 1726 1613
f 1620 1613 1726
f 1664 1629 1714
f 1631 1746 1701
f 1654 1727 1660
f 1673 1703 1777
f 1748 1665 1628
f 1695 1655 1718
f 1695 1646 1655
f 1739 1738 1687
f 1688 1755 1705
f 1742 1698 1668
f 1873 1662 1661
f 1648 1672 1893
f 1610 1638 1759
f 1657 1773 1560
f 1406 1763 1691
f 1651 1713 1693
f 1715 1775 1684
f 1801 1799 1629
f 1825 1718 1777
f 1696 1747 1749
f 1675 1697 1832
f 1738 1740 1677
f 1755 1688 1741
f 1750 1688 1647
f 1790 1706 1670
f 1648 1893 1743
f 1759 1638 1723
f 1672 1611 1860
f 1603 1725 1835
f 1760 1657 1658
f 1650 1795 1730
f 1406 1571 1763
f 1692 1910 1768
f 1843 1620 1726
f 1807 1640 1641
f 1717 1666 1702
f 1801 1629 1675
f 1607 1735 1704
f 1695 1607 1646
f 1736 1667 1734
f 1828 1686 1685
f 1688 1750 1741
f 1710 1787 1593
f 1593 1787 1616
f 1742 1818 1698
f 1671 1728 1722
f 1772 1681 1752
f 1659 1762 1731
f 1753 1683 1595
f 1571 1665 1764
f 1745 1663 1660
f 1715 1716 1775
f 1769 1701 1746
f 1748 1831 1665
f 1727 1654 1708
f 1704 1735 1734
f 1687 1749 1739
f 1720 1817 1721
f 1671 1846 1847
f 1671 1847 1728
f 1880 1795 1650
f 1640 1807 1798
f 1775 1814 1684
f 1765 1709 1715
f 1684 1814 1702
f 1814 1717 1702
f 1674 1778 1641
f 1628 1736 1748
f 1779 1608 1677
f 1705 1791 1720
f 1790 1670 1781
f 1616 1787 1678
f 1723 1662 1873
f 1771 1689 1711
f 1744 1630 1794
f 1649 1880 1650
f 1680 1659 1767
f 1682 1761 1690
f 1753 1595 1732
f 1691 1949 1763
f 1712 1910 1692
f 1727 1745 1660
f 1666 1717 1694
f 1675 1832 1737
f 1739 1740 1738
f 1740 1779 1677
f 1721 1817 1710
f 1611 1724 1860
f 1767 1659 1731
f 1690 1761 1691
f 1762 1669 1822
f 1726 1652 1784
f 1652 1733 1784
f 1571 1764 1763
f 1665 1831 1764
f 1754 1703 1709
f 1641 1778 1808
f 1675 1737 1801
f 1674 1686 1778
f 1741 1780 1755
f 1829 1678 1787
f 1793 1722 1728
f 1617 1743 1757
f 1757 1788 1758
f 1782 1771 1711
f 1693 1822 1669
f 1842 1784 1733
f 1774 1713 1714
f 1714 1629 1774
f 1765 1716 1715
f 1809 1717 1814
f 1815 1703 1754
f 1785 1607 1695
f 1785 1735 1607
f 1826 1778 1686
f 1685 1802 1828
f 1779 1740 1851
f 1678 1829 1873
f 1699 1918 1756
f 1707 1700 1848
f 1515 1821 1679
f 1795 1783 1730
f 1837 1798 1807
f 1768 1910 1719
f 1807 1641 1808
f 1701 1769 1708
f 1727 1708 1824
f 1765 1754 1709
f 1746 1694 1789
f 1748 1736 1827
f 1803 1749 1747
f 1749 1770 1739
f 1770 1740 1739
f 1780 1804 1755
f 1755 1804 1705
f 1791 1817 1720
f 1707 1918 1699
f 1819 1700 1751
f 1932 1529 1689
f 1819 1751 1758
f 1834 1729 1920
f 1680 1767 1729
f 1731 1762 1849
f 1747 1766 1856
f 1694 1717 1789
f 1777 1703 1815
f 1802 1685 1719
f 1608 1779 1786
f 1780 1741 1840
f 1918 1879 1756
f 1756 1879 1846
f 1788 1757 1743
f 1854 1630 1679
f 1886 1649 1759
f 1794 1760 1744
f 1733 1798 1842
f 1753 1823 1683
f 1764 1810 1831
f 1776 1745 1727
f 1856 1845 1747
f 1845 1803 1747
f 1827 1736 1734
f 1828 1826 1686
f 1851 1740 1770
f 1830 1681 1772
f 1682 1681 1830
f 1762 1822 1849
f 1797 1843 1726
f 1713 1774 1693
f 1806 1843 1663
f 1745 1806 1663
f 1888 1814 1775
f 1824 1776 1727
f 1754 1883 1815
f 1785 1695 1718
f 1876 1735 1785
f 1876 1734 1735
f 1749 1803 1770
f 1818 1742 1932
f 1792 1788 1743
f 1672 1860 1893
f 1836 1752 1835
f 1753 1905 1823
f 1813 1764 1763
f 1774 1629 1799
f 1775 1716 1800
f 1809 1789 1717
f 1876 1812 1734
f 1840 1741 1750
f 1791 1816 1817
f 1805 1728 1847
f 1819 1758 1788
f 1689 1771 1909
f 1743 1893 1792
f 2026 1760 1794
f 1855 1773 1657
f 1767 1731 1901
f 1949 1691 1761
f 1784 1796 1726
f 1813 1763 1949
f 1769 1824 1708
f 1777 1815 1825
f 1748 1827 1811
f 1803 1942 1770
f 1705 1804 1791
f 1848 1918 1707
f 1805 1853 1728
f 1788 1792 1859
f 1649 1886 1880
f 1731 1849 1901
f 1682 2032 1761
f 1809 1814 1897
f 1746 1928 1769
f 1896 1745 1776
f 1775 1800 1888
f 1766 1864 1856
f 1754 1765 1883
f 1778 1914 1808
f 1801 1737 1912
f 1778 1826 1914
f 1812 1827 1734
f 1779 1833 1786
f 1793 1728 1853
f 1854 1794 1630
f 1725 2021 1835
f 1760 2101 1657
f 2101 1855 1657
f 1841 1732 1783
f 1841 1753 1732
f 1822 1693 1869
f 1784 1842 1796
f 1810 1764 1813
f 1745 1896 1806
f 1809 1863 1789
f 1831 1748 1811
f 1737 1832 1839
f 1833 1779 1851
f 1840 1872 1780
f 1848 1700 1925
f 1793 1853 1820
f 1885 1723 1873
f 1977 1771 1782
f 1759 1947 1886
f 1725 2021 1724
f 1752 1836 1772
f 1783 1795 1861
f 1783 1861 1978
f 1870 1910 1712
f 1774 1799 1951
f 1814 1888 1897
f 1746 1789 1906
f 1811 1827 1812
f 1802 1850 1828
f 1804 1780 1872
f 1816 1791 1916
f 1878 1787 1710
f 1698 1818 1670
f 1859 1819 1788
f 1759 1723 1885
f 1821 1854 1679
f 1760 2026 2101
f 2038 1855 2101
f 1772 1874 1830
f 1894 1767 1901
f 1774 1869 1693
f 1823 1766 1683
f 1942 1803 1845
f 1878 1829 1787
f 1700 1819 1925
f 1729 1767 1894
f 1895 1905 1753
f 1726 1796 1797
f 1806 1875 1843
f 1965 2008 1800
f 1844 1824 1769
f 1863 1906 1789
f 1825 1900 1718
f 1718 1900 1785
f 1914 1826 1889
f 1892 1791 1804
f 1817 1816 1858
f 1710 1817 1878
f 1515 1793 1821
f 1782 1834 1977
f 1861 1795 1967
f 1978 1841 1783
f 1868 1822 1869
f 1753 1841 1895
f 1842 1798 1837
f 1837 1807 1838
f 1799 1801 1887
f 1928 1746 1906
f 1776 1882 1896
f 1844 1776 1824
f 1815 1866 1825
f 1785 1900 1876
f 1812 1871 1876
f 1826 1828 1877
f 1833 1852 1786
f 1916 1867 1816
f 1819 1859 1925
f 1957 1712 1773
f 1843 1797 1881
f 1928 1913 1769
f 1913 1844 1769
f 1912 1737 1839
f 1719 1862 1802
f 1889 1826 1877
f 1802 1862 1850
f 1984 1750 1790
f 1854 2004 1794
f 1836 1874 1772
f 1957 1773 1855
f 1849 1822 1868
f 1712 1903 1870
f 1797 1796 1904
f 1765 1883 1898
f 1765 1937 1716
f 1809 1897 1863
f 1844 1882 1776
f 1877 1828 1890
f 1804 1872 1892
f 2074 1830 1874
f 1949 1761 2032
f 1881 1875 1843
f 1806 1896 1875
f 1766 1823 1864
f 1910 1862 1719
f 2008 1888 1800
f 1825 1866 1900
f 1915 1900 1876
f 1865 1850 1862
f 1884 1871 1812
f 1828 1857 1890
f 1850 1857 1828
f 1851 1770 1908
f 1908 1833 1851
f 1816 1867 1858
f 1893 1933 1792
f 1963 1724 2021
f 1977 1834 1920
f 1880 1967 1795
f 1948 1895 1841
f 1796 1842 1911
f 1887 1951 1799
f 1838 1807 1808
f 1907 1811 1831
f 1811 1884 1812
f 1907 1939 1811
f 1884 1811 1939
f 1942 1908 1770
f 1859 1792 1933
f 1934 1682 1830
f 1712 1957 1903
f 1926 1951 1887
f 1838 1808 1936
f 1800 1716 1965
f 1808 1914 1936
f 1815 1883 1866
f 1892 1916 1791
f 1885 1873 1946
f 1821 1793 1820
f 1830 2074 1934
f 2032 1682 1934
f 1841 1978 1948
f 1927 1842 1837
f 1856 1972 1845
f 1916 1945 1867
f 1818 1932 1975
f 1933 1919 1859
f 2056 1909 1771
f 1963 1860 1724
f 1849 1902 1901
f 1978 1969 1948
f 1904 1881 1797
f 1912 1887 1801
f 1899 1896 1882
f 1898 1937 1765
f 1889 1877 1890
f 1941 1890 1857
f 1858 1867 1945
f 1781 2036 1790
f 1670 1931 1781
f 1946 1873 1829
f 1859 1919 1925
f 1759 1885 1947
f 1794 2004 2026
f 1729 2057 1920
f 1951 1869 1774
f 1905 1895 2031
f 1937 1965 1716
f 1866 1938 1883
f 1839 2077 1912
f 2077 1839 1891
f 1876 1871 1915
f 1818 1931 1670
f 1846 1879 1917
f 1771 1977 2056
f 1880 1921 1967
f 2038 1957 1855
f 1849 1868 1902
f 1948 1987 1895
f 1910 1964 1862
f 1875 1881 1904
f 1838 1952 1837
f 1905 2031 1823
f 1896 1935 1875
f 1897 1888 1960
f 1938 1898 1883
f 1907 1831 1810
f 1890 1923 1889
f 1983 1923 1890
f 1890 1941 1983
f 1908 1930 1833
f 1846 1917 1847
f 1842 1927 1911
f 1960 1888 2008
f 1863 1897 2028
f 1923 1914 1889
f 1864 1972 1856
f 1850 1865 1940
f 1840 1984 1872
f 1840 1750 1984
f 1853 1805 2002
f 2032 1979 1949
f 1868 1869 1968
f 1927 1980 1911
f 1926 1887 1970
f 1823 2031 1864
f 1862 1981 1865
f 1997 1882 1844
f 1953 1961 1900
f 1866 1961 1938
f 1866 1900 1961
f 1915 1953 1900
f 1871 1884 1971
f 1915 1871 1971
f 1850 1940 1857
f 1924 1930 1908
f 1943 1930 1924
f 1930 1852 1833
f 1984 2148 1872
f 1916 1974 1945
f 1984 1790 2036
f 1820 1853 1956
f 1985 1902 1868
f 1838 1936 1952
f 1896 1899 1935
f 2029 1906 1863
f 2028 2029 1863
f 1929 1936 1914
f 1858 1945 2013
f 1879 1918 2050
f 1918 1848 2050
f 1932 1689 2090
f 2002 1805 2020
f 1893 1860 2003
f 1886 2083 1880
f 1836 1835 2005
f 1894 1901 1902
f 1949 2053 1813
f 1911 1904 1796
f 1970 1887 1959
f 1862 1958 1981
f 1928 1922 1913
f 1966 1937 1898
f 1914 1923 1929
f 1923 1983 1954
f 1916 2088 1974
f 1858 2013 1817
f 1818 1975 1931
f 1919 2014 1925
f 2003 1933 1893
f 2083 1886 1947
f 1921 1880 2083
f 1836 2074 1874
f 1968 1869 1951
f 1964 1910 1870
f 1987 1950 1895
f 1887 1912 1995
f 1995 1912 2077
f 2029 1922 1928
f 1937 1982 1965
f 1882 1996 1899
f 1845 1972 1942
f 1908 1955 1924
f 1930 1943 1944
f 1930 1944 1852
f 1892 1872 1992
f 1821 2092 1854
f 1947 1885 2080
f 1860 1963 2003
f 1977 1920 2187
f 2021 2005 1835
f 2064 1902 1985
f 1903 1986 1870
f 1870 1986 1964
f 1926 1968 1951
f 1895 1950 2031
f 1964 1958 1862
f 1935 1904 1875
f 1887 1995 1959
f 1966 1938 2030
f 1938 1966 1898
f 2069 1982 1966
f 1982 1937 1966
f 1961 2030 1938
f 1865 2017 1940
f 2070 1972 1864
f 1942 1955 1908
f 1955 1943 1924
f 1943 1962 1944
f 1916 1892 2088
f 1917 1879 2037
f 2187 1920 2057
f 2052 1861 1967
f 1868 1968 1985
f 2029 1928 1906
f 1953 1915 2019
f 2077 1891 2034
f 1923 1954 1929
f 1998 1884 1939
f 1939 1907 2047
f 1781 2001 2036
f 1975 1932 2090
f 1805 1847 2020
f 1848 1925 2014
f 2092 2004 1854
f 1968 1926 1970
f 1970 1959 2016
f 1952 1927 1837
f 2018 1922 2029
f 2018 1913 1922
f 1996 1882 1997
f 1971 2019 1915
f 2071 1907 1810
f 2017 2095 1940
f 1998 1939 2047
f 1941 1999 1983
f 1941 1857 1999
f 1872 2148 1992
f 1781 1931 2001
f 1847 1917 2020
f 2014 1976 1848
f 2085 1729 1894
f 1948 1969 1987
f 1911 1993 1904
f 2016 1959 2105
f 2105 1959 1995
f 1936 2007 1952
f 1981 2017 1865
f 2010 2008 1965
f 1989 1844 1913
f 2010 1965 1982
f 2023 1936 1929
f 1953 2030 1961
f 1884 1998 1971
f 1983 2024 1954
f 1972 2035 1942
f 1940 1973 1857
f 1945 1974 2000
f 1956 1853 2091
f 1821 1820 2092
f 1894 1902 2085
f 1987 1988 1950
f 2028 1897 1960
f 2078 2069 1966
f 2047 1907 2071
f 1891 2012 2034
f 1943 1991 1962
f 2085 1902 2064
f 1978 1861 2112
f 2039 1968 1970
f 1980 2058 1911
f 1904 1993 2006
f 1935 1904 2006
f 2019 2030 1953
f 1998 2044 1971
f 1983 1990 2024
f 2035 1955 1942
f 1817 2013 1878
f 1933 2015 1919
f 1933 2003 2015
f 1853 2002 2091
f 1820 1956 2092
f 1963 2177 2003
f 2056 1977 2187
f 2074 2210 1934
f 1957 2139 1903
f 1949 1979 2053
f 1935 1899 2009
f 2008 2041 1960
f 2023 2007 1936
f 1864 2031 2070
f 1997 1844 1989
f 1982 2011 2010
f 1997 2043 1996
f 1983 1999 1990
f 2013 1945 2000
f 1919 2015 2014
f 2005 2074 1836
f 2057 1729 2085
f 2039 1985 1968
f 1988 1987 1969
f 1952 1994 1927
f 2033 1981 1958
f 2022 1960 2041
f 1899 2060 2009
f 2030 2078 1966
f 1899 1996 2060
f 2023 1929 2024
f 1971 2044 2019
f 1954 2024 1929
f 1892 1992 2088
f 1848 1976 2050
f 2014 2025 1976
f 2080 2206 1947
f 1903 2140 1986
f 2103 1970 2016
f 2018 1989 1913
f 2047 2071 1998
f 1955 1991 1943
f 2038 2139 1957
f 2065 2112 1861
f 1969 2027 1988
f 1950 1988 2027
f 1911 2058 1993
f 1950 2040 2031
f 2053 2086 1813
f 2086 1810 1813
f 1952 2007 1994
f 1981 2130 2017
f 2010 2041 2008
f 2042 2028 1960
f 2072 1998 2071
f 2035 1972 2070
f 2012 2048 2175
f 1990 1999 2087
f 2110 2000 1974
f 1885 1946 2080
f 2083 1947 2206
f 2052 2065 1861
f 2039 1970 2103
f 1994 1980 1927
f 2029 2067 2018
f 2060 1996 2043
f 1998 2072 2044
f 2110 1974 2088
f 1931 1975 2061
f 2025 2014 2015
f 1986 2102 1964
f 1978 2112 1969
f 2102 2066 1964
f 2033 2130 1981
f 2130 2095 2017
f 2034 2012 2146
f 2095 1973 1940
f 2035 2169 1955
f 2000 2089 2013
f 1879 2050 2037
f 2090 2119 1975
f 2186 1976 2025
f 2062 2025 2015
f 2021 2045 1963
f 2187 2057 2084
f 2247 2065 2052
f 1985 2039 2076
f 2103 2016 2179
f 2027 2040 1950
f 2058 1980 2093
f 1993 2046 2006
f 1935 2009 2006
f 1960 2022 2042
f 2028 2067 2029
f 2059 2009 2060
f 2089 2073 2013
f 1946 1829 2138
f 1963 2045 2177
f 2005 2294 2074
f 2140 2102 1986
f 2066 1958 1964
f 2016 2105 2179
f 2058 2046 1993
f 1980 1994 2093
f 2130 2033 2054
f 2213 2018 2067
f 2023 2024 2079
f 2146 2012 2175
f 2070 2176 2035
f 2036 2049 1984
f 1829 1878 2100
f 2015 2003 2260
f 2045 2005 2021
f 2038 2075 2139
f 1985 2076 2064
f 2039 2113 2076
f 2103 2113 2039
f 2006 2046 2009
f 2041 2123 2022
f 2069 2011 1982
f 2060 2097 2059
f 2019 2068 2030
f 2060 2043 2183
f 2040 2070 2031
f 2044 2147 2019
f 1976 2186 2050
f 2259 2003 2177
f 2063 1909 2056
f 2278 2004 2092
f 2026 2004 2278
f 1967 1921 2052
f 2210 2153 1934
f 2032 1934 2153
f 2032 2153 1979
f 2112 2121 1969
f 1969 2121 2027
f 2028 2174 2067
f 2028 2042 2174
f 2007 2023 2124
f 2068 2078 2030
f 2147 2068 2019
f 2126 2072 2071
f 2024 1990 2098
f 1857 1973 1999
f 2000 2110 2089
f 2013 2073 1878
f 1917 2037 2051
f 2025 2062 2186
f 2003 2259 2260
f 2306 1921 2083
f 2130 2033 2054
f 2123 2041 2010
f 2022 2123 2042
f 2007 2124 1994
f 1810 2086 2071
f 1989 2125 1997
f 1997 2125 2043
f 2175 2048 2167
f 2167 2048 2242
f 1931 2251 2001
f 1917 2051 2020
f 2100 2138 1829
f 2143 2080 1946
f 2064 2076 2081
f 1979 2153 2120
f 2102 2145 2066
f 2066 2129 1958
f 2046 2009 2059
f 2018 2115 1989
f 2078 2082 2069
f 2072 2132 2044
f 2079 2024 2098
f 1878 2073 2100
f 2015 2260 2062
f 1689 2227 2090
f 2227 1689 1909
f 2179 2224 2103
f 2042 2141 2174
f 2094 2011 2069
f 2059 2097 2109
f 2040 2182 2070
f 2070 2182 2176
f 1991 2055 1962
f 2171 2051 2037
f 1909 2063 2227
f 2139 2140 1903
f 2027 2104 2040
f 2046 2058 2106
f 2058 2093 2106
f 2086 2053 2344
f 2011 2107 2010
f 2154 2096 2068
f 2068 2096 2078
f 2133 2059 2109
f 2023 2079 2124
f 2079 2098 2118
f 2095 2193 1973
f 2167 2242 2229
f 1973 2155 1999
f 1931 2061 2251
f 2050 2186 2172
f 2050 2172 2037
f 2020 2051 2196
f 2358 2119 2090
f 2151 2056 2187
f 2045 2111 2005
f 2085 2064 2081
f 1958 2129 2033
f 2067 2131 2213
f 2126 2086 2344
f 2126 2071 2086
f 2154 2068 2147
f 2126 2108 2072
f 2176 2169 2035
f 2169 2201 1955
f 2061 1975 2119
f 2002 2020 2285
f 2101 2026 2208
f 2052 1921 2156
f 2144 2153 2210
f 2161 2129 2066
f 2093 2122 2106
f 2077 2034 2114
f 2174 2131 2067
f 2106 2133 2046
f 2094 2164 2011
f 2123 2010 2107
f 2238 2115 2018
f 2046 2059 2133
f 2069 2082 2094
f 2043 2116 2183
f 2044 2132 2147
f 2088 1992 2099
f 1946 2138 2143
f 1956 2091 2191
f 2191 2092 1956
f 2056 2151 2063
f 2085 2084 2057
f 2140 2209 2102
f 2145 2161 2066
f 2105 1995 2163
f 1999 2155 2170
f 2073 2202 2100
f 2260 2258 2062
f 2178 2177 2045
f 2207 2111 2045
f 2085 2081 2152
f 2121 2128 2027
f 2104 2173 2040
f 1995 2077 2114
f 2033 2129 2130
f 2141 2042 2123
f 2122 1994 2124
f 2183 2097 2060
f 2097 2183 2117
f 2117 2109 2097
f 2109 2136 2133
f 2136 2109 2117
f 2087 2098 1990
f 1999 2170 2087
f 2091 2002 2286
f 2208 2026 2278
f 2294 2005 2111
f 2101 2208 2038
f 2081 2076 2232
f 2113 2103 2224
f 1995 2114 2163
f 2034 2146 2114
f 1994 2122 2093
f 2164 2107 2011
f 2115 2125 1989
f 2116 2043 2125
f 2124 2079 2134
f 2254 2108 2126
f 2118 2134 2079
f 2159 2118 2098
f 2171 2196 2051
f 2037 2172 2195
f 2002 2285 2286
f 2045 2207 2178
f 2156 1921 2306
f 2076 2113 2232
f 2027 2128 2104
f 2130 2129 2239
f 2130 2239 2095
f 2123 2107 2141
f 2133 2106 2142
f 2108 2132 2072
f 2159 2098 2217
f 2155 1973 2193
f 2201 1991 1955
f 2148 1984 2218
f 1992 2137 2099
f 2358 2090 2227
f 2091 2286 2150
f 2191 2253 2092
f 2162 2053 1979
f 2213 2238 2018
f 2185 2125 2115
f 2133 2142 2136
f 2136 2117 2228
f 2118 2135 2134
f 1992 2148 2137
f 2073 2089 2202
f 2202 2314 2100
f 2171 2037 2195
f 2285 2020 2196
f 2138 2100 2127
f 2186 2062 2203
f 2203 2062 2258
f 2143 2138 2149
f 2177 2178 2245
f 2206 2306 2083
f 2209 2140 2139
f 2209 2145 2102
f 2420 2112 2065
f 2161 2219 2129
f 2168 2122 2124
f 2122 2142 2106
f 2134 2168 2124
f 2096 2184 2078
f 2168 2134 2135
f 2118 2159 2135
f 1991 2304 2055
f 2036 2001 2160
f 2061 2119 2230
f 2152 2084 2085
f 2075 2209 2139
f 2188 2121 2112
f 2163 2114 2225
f 2040 2173 2182
f 2181 2164 2094
f 2082 2078 2184
f 2254 2126 2344
f 2184 2096 2199
f 2168 2135 2157
f 2201 2304 1991
f 2218 1984 2049
f 2160 2049 2036
f 2088 2099 2110
f 2149 2138 2127
f 2143 2197 2080
f 2063 2151 2300
f 2208 2075 2038
f 2231 2272 2161
f 2121 2188 2128
f 2174 2180 2131
f 2108 2189 2132
f 2166 2147 2165
f 2166 2154 2147
f 2157 2136 2142
f 2158 2136 2157
f 2135 2222 2157
f 2148 2218 2137
f 2204 2197 2149
f 2197 2143 2149
f 2190 2227 2063
f 2063 2300 2190
f 2080 2305 2206
f 2211 2153 2144
f 2153 2198 2120
f 2128 2192 2104
f 2104 2192 2173
f 2146 2225 2114
f 2225 2146 2235
f 2146 2175 2235
f 2107 2237 2141
f 2164 2237 2107
f 2082 2181 2094
f 2183 2116 2215
f 2199 2096 2166
f 2154 2166 2096
f 2221 2167 2229
f 2136 2228 2158
f 2087 2217 2098
f 2170 2217 2087
f 2304 2226 2055
f 2230 2119 2358
f 2127 2204 2149
f 2080 2197 2305
f 2420 2233 2112
f 2112 2233 2188
f 2105 2234 2179
f 2105 2163 2234
f 2141 2220 2174
f 2185 2116 2125
f 2122 2168 2142
f 2168 2157 2142
f 2193 2095 2266
f 2222 2135 2200
f 2200 2135 2159
f 2155 2216 2170
f 2251 2061 2223
f 2061 2230 2223
f 2100 2269 2127
f 2269 2100 2314
f 2177 2245 2259
f 2091 2150 2191
f 2092 2253 2278
f 2231 2161 2145
f 2272 2219 2161
f 2163 2225 2234
f 2215 2248 2183
f 2132 2189 2147
f 2165 2147 2189
f 2248 2117 2183
f 2175 2167 2235
f 2235 2167 2221
f 2216 2155 2193
f 2218 2049 2292
f 2049 2160 2194
f 2160 2001 2251
f 2127 2269 2204
f 2052 2301 2247
f 2209 2231 2145
f 2198 2153 2211
f 2344 2053 2162
f 2157 2283 2158
f 2204 2205 2197
f 2342 2074 2294
f 2074 2342 2210
f 2162 1979 2120
f 2192 2212 2173
f 2180 2287 2131
f 2185 2115 2240
f 2254 2249 2108
f 2266 2095 2239
f 2299 2201 2169
f 2276 2200 2159
f 2304 2250 2226
f 2049 2194 2292
f 2099 2357 2110
f 2286 2359 2150
f 2181 2214 2164
f 2214 2237 2164
f 2189 2108 2249
f 2281 2295 2116
f 2176 2182 2334
f 2248 2228 2117
f 2228 2255 2158
f 2169 2267 2299
f 2203 2172 2186
f 2197 2244 2305
f 2247 2420 2065
f 2220 2303 2174
f 2181 2082 2265
f 2335 2254 2344
f 2295 2215 2116
f 2267 2169 2176
f 2157 2222 2283
f 2266 2243 2193
f 2196 2171 2252
f 2172 2203 2428
f 2205 2244 2197
f 2156 2301 2052
f 2210 2342 2360
f 2325 2231 2209
f 2224 2179 2274
f 2234 2274 2179
f 2192 2128 2280
f 2173 2264 2182
f 2303 2180 2174
f 2131 2287 2213
f 2346 2184 2199
f 2276 2256 2200
f 2159 2217 2257
f 2193 2243 2216
f 2325 2209 2075
f 2128 2262 2280
f 2212 2264 2173
f 2237 2220 2141
f 2199 2166 2346
f 2116 2185 2281
f 2334 2267 2176
f 2200 2256 2222
f 2170 2257 2217
f 2170 2216 2257
f 2137 2341 2099
f 2160 2388 2194
f 2144 2210 2360
f 2219 2271 2307
f 2307 2129 2219
f 2129 2307 2302
f 2317 2280 2192
f 2308 2287 2180
f 2214 2181 2265
f 2228 2297 2255
f 2254 2241 2249
f 2338 2282 2254
f 2241 2254 2282
f 2298 2221 2229
f 2276 2159 2257
f 2194 2416 2292
f 2196 2252 2285
f 2259 2245 2293
f 2206 2305 2306
f 2315 2144 2360
f 2232 2113 2273
f 2274 2113 2224
f 2162 2120 2442
f 2262 2192 2280
f 2264 2327 2182
f 2334 2182 2327
f 2303 2308 2180
f 2287 2238 2213
f 2238 2240 2115
f 2249 2296 2189
f 2275 2255 2158
f 2266 2290 2243
f 2321 2201 2299
f 2312 2137 2218
f 2312 2341 2137
f 2341 2357 2099
f 2160 2251 2388
f 2223 2313 2251
f 2284 2277 2171
f 2171 2277 2252
f 2269 2205 2204
f 2231 2389 2272
f 2274 2273 2113
f 2128 2188 2262
f 2235 2263 2225
f 2264 2212 2318
f 2129 2351 2239
f 2237 2336 2220
f 2346 2289 2184
f 2241 2296 2249
f 2110 2372 2089
f 2089 2372 2202
f 2202 2372 2419
f 2195 2403 2171
f 2300 2151 2246
f 2188 2233 2261
f 2192 2279 2317
f 2212 2192 2262
f 2263 2274 2234
f 2234 2225 2263
f 2236 2237 2214
f 2082 2289 2265
f 2082 2184 2289
f 2228 2248 2297
f 2297 2310 2255
f 2229 2242 2268
f 2172 2428 2195
f 2260 2259 2364
f 2364 2258 2260
f 2191 2150 2409
f 2246 2151 2187
f 2156 2324 2301
f 2247 2301 2343
f 2272 2271 2219
f 2273 2274 2366
f 2442 2120 2198
f 2192 2279 2332
f 2332 2280 2192
f 2239 2351 2266
f 2283 2275 2158
f 2291 2304 2201
f 2194 2388 2416
f 2110 2357 2372
f 2474 2178 2207
f 2231 2325 2389
f 2315 2211 2144
f 2389 2271 2272
f 2334 2264 2318
f 2303 2220 2384
f 2361 2346 2166
f 2375 2281 2185
f 2215 2319 2248
f 2375 2185 2240
f 2255 2275 2310
f 2283 2222 2256
f 2298 2229 2268
f 2290 2369 2243
f 2371 2257 2216
f 2243 2348 2216
f 2321 2291 2201
f 2357 2341 2395
f 2428 2403 2195
f 2491 2208 2278
f 2075 2208 2350
f 2264 2334 2327
f 2336 2384 2220
f 2352 2238 2287
f 2214 2265 2236
f 2165 2361 2166
f 2406 2265 2289
f 2221 2298 2333
f 2319 2297 2248
f 2298 2268 2426
f 2218 2340 2312
f 2292 2340 2218
f 2258 2329 2203
f 2205 2269 2512
f 2323 2305 2244
f 2365 2343 2301
f 2247 2343 2420
f 2316 2332 2279
f 2317 2326 2280
f 2331 2274 2263
f 2391 2212 2262
f 2384 2367 2303
f 2334 2327 2345
f 2189 2296 2165
f 2215 2295 2288
f 2288 2309 2215
f 2215 2309 2319
f 2407 2282 2338
f 2256 2320 2283
f 2257 2371 2276
f 2216 2347 2371
f 2299 2291 2321
f 2403 2284 2171
f 2203 2439 2428
f 2269 2314 2512
f 2409 2150 2359
f 2278 2253 2270
f 2300 2246 2380
f 2081 2232 2396
f 2396 2232 2273
f 2261 2330 2382
f 2261 2382 2188
f 2188 2382 2262
f 2383 2162 2442
f 2391 2280 2326
f 2391 2318 2212
f 2235 2221 2333
f 2236 2336 2237
f 2281 2368 2295
f 2376 2267 2334
f 2408 2254 2335
f 2407 2241 2282
f 2337 2369 2290
f 2387 2275 2283
f 2369 2348 2243
f 2347 2216 2348
f 2304 2328 2250
f 2340 2322 2312
f 2277 2379 2252
f 2286 2285 2359
f 2259 2293 2364
f 2191 2409 2253
f 2598 2360 2342
f 2366 2274 2331
f 2263 2235 2333
f 2310 2297 2319
f 2267 2311 2299
f 2311 2321 2299
f 2284 2379 2277
f 2285 2252 2379
f 2285 2438 2359
f 2203 2329 2439
f 2364 2293 2508
f 2350 2325 2075
f 2152 2081 2396
f 2381 2396 2273
f 2233 2373 2261
f 2261 2373 2398
f 2330 2261 2398
f 2391 2280 2332
f 2367 2308 2303
f 2308 2352 2287
f 2376 2334 2345
f 2352 2240 2238
f 2281 2375 2368
f 2406 2289 2346
f 2338 2254 2408
f 2275 2387 2310
f 2258 2364 2440
f 2244 2205 2466
f 2473 2245 2178
f 2111 2207 2474
f 2246 2187 2084
f 2325 2448 2389
f 2273 2366 2381
f 2279 2316 2317
f 2316 2332 2317
f 2318 2345 2327
f 2288 2295 2368
f 2377 2361 2165
f 2266 2337 2290
f 2241 2377 2296
f 2319 2353 2310
f 2276 2370 2256
f 2299 2356 2321
f 2340 2292 2363
f 2388 2251 2313
f 2313 2223 2561
f 2372 2472 2419
f 2440 2329 2258
f 2244 2466 2323
f 2178 2474 2473
f 2156 2306 2520
f 2332 2326 2317
f 2333 2298 2426
f 2399 2265 2406
f 2240 2414 2375
f 2165 2296 2377
f 2386 2377 2241
f 2369 2362 2348
f 2320 2256 2370
f 2311 2356 2321
f 2276 2371 2370
f 2348 2451 2347
f 2328 2339 2250
f 2363 2292 2416
f 2202 2419 2314
f 2227 2410 2358
f 2410 2227 2190
f 2111 2441 2294
f 2294 2441 2342
f 2084 2152 2482
f 2365 2301 2324
f 2326 2318 2391
f 2345 2327 2318
f 2345 2334 2327
f 2236 2265 2385
f 2377 2424 2361
f 2283 2320 2387
f 2291 2394 2304
f 2340 2363 2322
f 2358 2480 2230
f 2404 2410 2190
f 2373 2233 2420
f 2331 2263 2333
f 2302 2351 2129
f 2393 2344 2162
f 2335 2344 2393
f 2385 2336 2236
f 2312 2322 2349
f 2312 2349 2341
f 2561 2223 2230
f 2379 2284 2418
f 2285 2379 2438
f 2190 2300 2404
f 2491 2350 2208
f 2318 2392 2334
f 2413 2352 2308
f 2352 2414 2240
f 2309 2288 2431
f 2351 2337 2266
f 2361 2406 2346
f 2400 2319 2309
f 2443 2369 2337
f 2267 2376 2311
f 2310 2353 2354
f 2310 2354 2387
f 2299 2356 2291
f 2253 2540 2270
f 2305 2323 2520
f 2306 2305 2520
f 2598 2342 2441
f 2152 2396 2482
f 2307 2271 2389
f 2383 2393 2162
f 2308 2367 2412
f 2399 2385 2265
f 2424 2406 2361
f 2407 2493 2241
f 2338 2435 2407
f 2463 2356 2311
f 2347 2402 2371
f 2347 2451 2447
f 2291 2356 2394
f 2394 2328 2304
f 2395 2341 2349
f 2364 2508 2440
f 2365 2468 2343
f 2343 2468 2420
f 2397 2381 2366
f 2414 2405 2375
f 2368 2431 2288
f 2493 2386 2241
f 2371 2402 2370
f 2322 2378 2349
f 2363 2416 2453
f 2372 2417 2472
f 2359 2631 2432
f 2441 2111 2474
f 2456 2246 2084
f 2448 2325 2350
f 2366 2331 2397
f 2382 2434 2262
f 2391 2476 2332
f 2392 2334 2345
f 2308 2412 2413
f 2449 2414 2352
f 2450 2368 2375
f 2400 2309 2431
f 2435 2338 2408
f 2443 2425 2369
f 2353 2444 2354
f 2369 2425 2362
f 2268 2355 2436
f 2348 2362 2451
f 2347 2447 2402
f 2328 2452 2339
f 2378 2322 2363
f 2372 2357 2417
f 2409 2540 2253
f 2084 2482 2456
f 2315 2360 2598
f 2478 2331 2333
f 2412 2367 2384
f 2421 2336 2385
f 2511 2399 2406
f 2400 2353 2319
f 2426 2268 2436
f 2436 2355 2401
f 2313 2561 2528
f 2284 2455 2418
f 2284 2403 2518
f 2359 2438 2631
f 2433 2520 2323
f 2382 2330 2390
f 2382 2390 2434
f 2332 2476 2326
f 2376 2345 2392
f 2450 2431 2368
f 2376 2463 2311
f 2358 2410 2480
f 2409 2578 2540
f 2404 2300 2380
f 2315 2457 2211
f 2475 2396 2381
f 2373 2420 2509
f 2475 2381 2397
f 2434 2391 2262
f 2374 2331 2478
f 2326 2392 2318
f 2411 2384 2336
f 2505 2385 2399
f 2402 2415 2370
f 2313 2528 2388
f 2359 2432 2409
f 2467 2293 2245
f 2390 2330 2398
f 2198 2581 2442
f 2326 2476 2392
f 2421 2411 2336
f 2505 2421 2385
f 2449 2405 2414
f 2450 2375 2405
f 2408 2335 2393
f 2423 2400 2431
f 2461 2424 2377
f 2444 2353 2400
f 2370 2415 2320
f 2328 2394 2452
f 2491 2278 2270
f 2389 2448 2307
f 2476 2391 2434
f 2485 2429 2392
f 2460 2413 2412
f 2429 2376 2392
f 2449 2352 2413
f 2435 2493 2407
f 2493 2461 2386
f 2461 2377 2386
f 2387 2445 2354
f 2415 2402 2538
f 2402 2447 2538
f 2454 2230 2480
f 2689 2380 2246
f 2324 2156 2520
f 2544 2307 2448
f 2570 2198 2211
f 2331 2374 2397
f 2411 2412 2384
f 2424 2511 2406
f 2462 2444 2400
f 2427 2453 2416
f 2388 2437 2416
f 2455 2284 2518
f 2245 2473 2467
f 2270 2613 2491
f 2586 2246 2456
f 2598 2499 2315
f 2396 2483 2482
f 2457 2570 2211
f 2483 2396 2475
f 2397 2374 2475
f 2316 2484 2476
f 2422 2460 2412
f 2450 2405 2430
f 2424 2522 2511
f 2462 2400 2423
f 2362 2710 2451
f 2415 2559 2320
f 2436 2401 2496
f 2394 2356 2463
f 2394 2464 2452
f 2388 2528 2437
f 2418 2455 2497
f 2314 2419 2512
f 2466 2205 2512
f 2509 2398 2373
f 2426 2478 2333
f 2412 2411 2422
f 2399 2511 2505
f 2387 2446 2445
f 2320 2446 2387
f 2403 2498 2518
f 2379 2418 2488
f 2403 2428 2498
f 2530 2428 2439
f 2508 2293 2467
f 2323 2466 2489
f 2323 2489 2433
f 2441 2474 2642
f 2457 2315 2499
f 2457 2684 2570
f 2570 2593 2198
f 2316 2458 2484
f 2458 2390 2398
f 2475 2374 2459
f 2405 2486 2430
f 2413 2492 2449
f 2450 2423 2431
f 2462 2470 2444
f 2471 2445 2354
f 2559 2446 2320
f 2416 2437 2427
f 2509 2420 2468
f 2316 2476 2503
f 2476 2434 2534
f 2449 2486 2405
f 2522 2424 2461
f 2462 2423 2494
f 2710 2362 2425
f 2426 2436 2537
f 2609 2447 2451
f 2465 2339 2452
f 2357 2585 2417
f 2418 2497 2488
f 2586 2689 2246
f 2499 2598 2587
f 2448 2481 2599
f 2533 2482 2483
f 2458 2316 2503
f 2459 2374 2469
f 2302 2516 2351
f 2374 2478 2469
f 2534 2434 2504
f 2434 2390 2504
f 2337 2351 2443
f 2492 2582 2449
f 2354 2444 2470
f 2394 2463 2536
f 2537 2436 2496
f 2357 2395 2585
f 2409 2432 2578
f 2441 2642 2598
f 2350 2481 2448
f 2365 2324 2500
f 2448 2599 2544
f 2509 2502 2398
f 2458 2515 2390
f 2477 2411 2421
f 2422 2411 2546
f 2492 2413 2460
f 2486 2506 2430
f 2430 2506 2450
f 2450 2506 2423
f 2536 2523 2394
f 2538 2559 2415
f 2609 2451 2495
f 2529 2417 2585
f 2561 2230 2454
f 2455 2518 2551
f 2438 2379 2513
f 2456 2482 2533
f 2475 2501 2483
f 2544 2601 2307
f 2601 2302 2307
f 2514 2475 2459
f 2302 2601 2516
f 2476 2534 2503
f 2476 2526 2392
f 2582 2486 2449
f 2547 2521 2505
f 2376 2479 2463
f 2710 2495 2451
f 2363 2604 2378
f 2363 2453 2604
f 2419 2525 2512
f 2553 2439 2329
f 2466 2612 2489
f 2586 2456 2796
f 2501 2475 2514
f 2504 2390 2515
f 2484 2526 2476
f 2435 2583 2493
f 2462 2494 2470
f 2447 2609 2664
f 2507 2465 2452
f 2428 2530 2498
f 2553 2329 2440
f 2508 2467 2532
f 2489 2519 2433
f 2490 2473 2474
f 2545 2502 2509
f 2502 2484 2458
f 2581 2383 2442
f 2505 2511 2547
f 2435 2517 2583
f 2527 2435 2408
f 2470 2471 2354
f 2524 2394 2523
f 2524 2464 2394
f 2464 2507 2452
f 2395 2349 2539
f 2472 2417 2550
f 2497 2455 2551
f 2497 2562 2488
f 2379 2488 2513
f 2481 2350 2491
f 2365 2500 2468
f 2625 2468 2500
f 2468 2625 2509
f 2458 2398 2502
f 2593 2581 2198
f 2484 2502 2526
f 2556 2477 2421
f 2460 2557 2492
f 2429 2479 2376
f 2493 2535 2461
f 2576 2494 2423
f 2527 2517 2435
f 2478 2426 2537
f 2446 2543 2445
f 2664 2538 2447
f 2465 2507 2549
f 2585 2395 2539
f 2529 2550 2417
f 2419 2472 2550
f 2553 2531 2439
f 2512 2612 2466
f 2683 2440 2508
f 2473 2490 2467
f 2457 2499 2684
f 2459 2469 2605
f 2526 2571 2392
f 2589 2469 2478
f 2460 2422 2557
f 2505 2521 2421
f 2628 2486 2582
f 2461 2535 2522
f 2542 2478 2537
f 2494 2603 2470
f 2471 2445 2567
f 2525 2419 2487
f 2438 2513 2631
f 2587 2598 2667
f 2510 2514 2459
f 2516 2443 2351
f 2571 2485 2392
f 2463 2479 2536
f 2446 2559 2543
f 2349 2378 2560
f 2530 2439 2531
f 2508 2532 2683
f 2642 2474 2490
f 2614 2520 2433
f 2483 2501 2541
f 2541 2501 2514
f 2526 2626 2571
f 2503 2534 2571
f 2504 2555 2534
f 2411 2477 2546
f 2521 2556 2421
f 2535 2574 2522
f 2471 2470 2603
f 2608 2464 2524
f 2518 2498 2654
f 2612 2519 2489
f 2532 2467 2569
f 2270 2540 2613
f 2614 2324 2520
f 2533 2483 2541
f 2502 2564 2526
f 2510 2459 2605
f 2458 2503 2515
f 2534 2555 2571
f 2557 2422 2619
f 2542 2589 2478
f 2479 2429 2566
f 2583 2535 2493
f 2506 2576 2423
f 2575 2527 2408
f 2517 2527 2548
f 2568 2542 2537
f 2378 2604 2560
f 2437 2528 2665
f 2419 2550 2487
f 2498 2530 2563
f 2554 2614 2433
f 2499 2587 2684
f 2545 2580 2502
f 2514 2510 2615
f 2564 2626 2526
f 2571 2555 2485
f 2485 2555 2429
f 2573 2511 2522
f 2575 2408 2393
f 2558 2576 2506
f 2479 2566 2629
f 2576 2584 2494
f 2560 2539 2349
f 2490 2569 2467
f 2796 2456 2643
f 2456 2533 2643
f 2580 2564 2502
f 2469 2589 2605
f 2517 2602 2583
f 2637 2535 2583
f 2425 2651 2710
f 2629 2536 2479
f 2537 2597 2568
f 2513 2488 2552
f 2531 2553 2706
f 2410 2404 2579
f 2683 2532 2624
f 2519 2612 2666
f 2380 2649 2404
f 2541 2514 2615
f 2645 2555 2504
f 2516 2650 2443
f 2652 2393 2383
f 2652 2740 2393
f 2546 2619 2422
f 2494 2584 2603
f 2445 2543 2567
f 2525 2487 2611
f 2513 2779 2631
f 2404 2649 2579
f 2433 2519 2554
f 2613 2655 2491
f 2655 2481 2491
f 2429 2555 2565
f 2606 2477 2556
f 2557 2670 2492
f 2740 2575 2393
f 2511 2573 2547
f 2616 2558 2506
f 2471 2603 2594
f 2437 2610 2427
f 2437 2665 2610
f 2550 2577 2487
f 2497 2551 2562
f 2498 2563 2654
f 2512 2525 2612
f 2380 2689 2649
f 2481 2632 2599
f 2571 2515 2503
f 2670 2582 2492
f 2486 2616 2506
f 2521 2547 2572
f 2536 2629 2595
f 2471 2594 2567
f 2673 2539 2560
f 2561 2591 2528
f 2769 2440 2683
f 2578 2763 2540
f 2519 2666 2554
f 2717 2613 2540
f 2580 2545 2633
f 2650 2425 2443
f 2565 2566 2429
f 2653 2606 2556
f 2521 2572 2556
f 2556 2572 2653
f 2619 2617 2557
f 2617 2670 2557
f 2740 2694 2575
f 2574 2535 2637
f 2576 2590 2584
f 2453 2427 2610
f 2550 2529 2577
f 2561 2454 2591
f 2324 2614 2592
f 2533 2541 2588
f 2668 2601 2544
f 2516 2601 2650
f 2486 2628 2702
f 2575 2548 2527
f 2576 2558 2590
f 2536 2595 2523
f 2543 2559 2640
f 2559 2538 2640
f 2464 2608 2507
f 2622 2549 2621
f 2658 2604 2453
f 2610 2658 2453
f 2440 2769 2553
f 2699 2763 2578
f 2727 2625 2500
f 2625 2633 2509
f 2509 2633 2545
f 2541 2615 2600
f 2510 2605 2615
f 2581 2652 2383
f 2645 2669 2555
f 2555 2669 2565
f 2546 2618 2619
f 2548 2602 2517
f 2602 2637 2583
f 2575 2607 2548
f 2584 2590 2648
f 2584 2648 2603
f 2487 2577 2611
f 2432 2699 2578
f 2569 2624 2532
f 2614 2753 2592
f 2599 2668 2544
f 2600 2588 2541
f 2737 2593 2570
f 2645 2515 2571
f 2651 2425 2650
f 2565 2669 2679
f 2573 2636 2547
f 2547 2636 2572
f 2477 2606 2546
f 2656 2629 2566
f 2543 2596 2567
f 2523 2595 2723
f 2538 2620 2640
f 2664 2620 2538
f 2658 2623 2604
f 2539 2673 2760
f 2585 2539 2760
f 2665 2528 2591
f 2525 2761 2612
f 2540 2763 2717
f 2490 2569 2642
f 2632 2810 2599
f 2684 2754 2570
f 2615 2605 2646
f 2564 2700 2626
f 2504 2515 2645
f 2605 2589 2627
f 2702 2616 2486
f 2565 2656 2566
f 2568 2589 2542
f 2575 2647 2607
f 2568 2597 2682
f 2609 2495 2657
f 2507 2641 2549
f 2585 2760 2529
f 2551 2674 2562
f 2488 2562 2552
f 2553 2769 2706
f 2480 2410 2579
f 2643 2533 2588
f 2571 2626 2645
f 2670 2628 2582
f 2636 2653 2572
f 2618 2546 2606
f 2574 2573 2522
f 2694 2647 2575
f 2594 2603 2639
f 2523 2608 2524
f 2507 2608 2641
f 2641 2621 2549
f 2551 2659 2674
f 2562 2675 2552
f 2698 2454 2480
f 2513 2552 2779
f 2686 2581 2593
f 2601 2678 2650
f 2580 2634 2635
f 2580 2635 2564
f 2646 2605 2627
f 2618 2606 2653
f 2602 2548 2748
f 2558 2662 2590
f 2567 2596 2671
f 2523 2723 2641
f 2523 2641 2608
f 2688 2609 2657
f 2604 2623 2560
f 2840 2529 2760
f 2551 2518 2659
f 2569 2736 2624
f 2642 2667 2598
f 2324 2592 2500
f 2627 2589 2766
f 2616 2696 2558
f 2602 2748 2661
f 2638 2648 2590
f 2567 2687 2594
f 2688 2713 2609
f 2621 2724 2622
f 2562 2674 2675
f 2531 2706 2530
f 2698 2480 2579
f 2753 2884 2592
f 2600 2644 2588
f 2754 2737 2570
f 2766 2589 2568
f 2637 2602 2661
f 2711 2548 2607
f 2567 2671 2687
f 2622 2724 2630
f 2560 2623 2673
f 2518 2735 2659
f 2666 2612 2761
f 2736 2642 2569
f 2796 2844 2586
f 2588 2644 2643
f 2633 2625 2718
f 2600 2615 2677
f 2668 2678 2601
f 2633 2634 2580
f 2635 2634 2690
f 2650 2861 2651
f 2686 2652 2581
f 2618 2731 2619
f 2647 2711 2607
f 2691 2573 2574
f 2662 2638 2590
f 2648 2672 2603
f 2658 2751 2623
f 2610 2751 2658
f 2518 2654 2735
f 2552 2915 2825
f 2649 2726 2579
f 2613 2717 2655
f 2689 2586 2844
f 2481 2655 2632
f 2667 2851 2587
f 2727 2500 2592
f 2599 2810 2668
f 2685 2634 2633
f 2677 2615 2646
f 2635 2700 2564
f 2645 2626 2700
f 2660 2565 2679
f 2565 2680 2656
f 2495 2710 2657
f 2639 2603 2672
f 2792 2688 2657
f 2609 2713 2664
f 2577 2857 2611
f 2675 2915 2552
f 2432 2631 2867
f 2761 2525 2768
f 2677 2646 2780
f 2834 2646 2627
f 2700 2669 2645
f 2619 2681 2617
f 2647 2694 2663
f 2672 2648 2638
f 2640 2596 2543
f 2596 2640 2757
f 2641 2705 2621
f 2591 2786 2665
f 2802 2769 2683
f 2643 2808 2796
f 2727 2676 2625
f 2676 2718 2625
f 2633 2718 2685
f 2678 2861 2650
f 2740 2652 2686
f 2680 2629 2656
f 2636 2573 2704
f 2653 2703 2618
f 2729 2711 2647
f 2558 2696 2662
f 2662 2693 2638
f 2568 2682 2749
f 2529 2767 2577
f 2614 2745 2753
f 2860 2684 2587
f 2708 2643 2644
f 2660 2680 2565
f 2731 2681 2619
f 2637 2691 2574
f 2712 2595 2629
f 2596 2757 2722
f 2705 2641 2743
f 2621 2705 2724
f 2697 2454 2698
f 2725 2659 2735
f 2745 2614 2554
f 2655 2707 2632
f 2669 2719 2679
f 2670 2701 2628
f 2748 2548 2711
f 2573 2691 2704
f 2661 2691 2637
f 2703 2731 2618
f 2766 2568 2749
f 2671 2596 2722
f 2623 2695 2673
f 2695 2760 2673
f 2655 2717 2868
f 2707 2655 2868
f 2667 2833 2851
f 2643 2708 2808
f 2632 2788 2810
f 2728 2685 2718
f 2700 2719 2669
f 2660 2679 2755
f 2747 2680 2660
f 2701 2702 2628
f 2617 2681 2670
f 2696 2616 2702
f 2661 2748 2720
f 2720 2691 2661
f 2672 2638 2693
f 2687 2734 2594
f 2620 2757 2640
f 2641 2723 2743
f 2610 2744 2751
f 2767 2529 2840
f 2752 2525 2611
f 2779 2867 2631
f 2579 2726 2698
f 2683 2624 2802
f 2667 2642 2764
f 2592 2771 2727
f 2860 2754 2684
f 2600 2746 2644
f 2600 2677 2746
f 2746 2677 2780
f 2685 2738 2634
f 2690 2773 2635
f 2635 2709 2700
f 2681 2701 2670
f 2680 2712 2629
f 2696 2692 2662
f 2639 2734 2594
f 2757 2620 2664
f 2664 2713 2758
f 2610 2665 2744
f 2666 2761 2803
f 2726 2649 2714
f 2666 2716 2795
f 2763 2820 2717
f 2685 2728 2781
f 2834 2780 2646
f 2690 2634 2738
f 2660 2755 2747
f 2636 2741 2653
f 2636 2704 2756
f 2741 2703 2653
f 2647 2732 2729
f 2692 2693 2662
f 2647 2663 2732
f 2805 2657 2710
f 2671 2721 2687
f 2693 2816 2672
f 2712 2723 2595
f 2664 2758 2757
f 2724 2893 2630
f 2577 2767 2857
f 2611 2857 2752
f 2725 2674 2659
f 2858 2624 2736
f 2764 2833 2667
f 2884 2771 2592
f 2945 2686 2593
f 2756 2741 2636
f 2731 2730 2681
f 2703 2783 2731
f 2712 2680 2747
f 2733 2691 2720
f 2805 2792 2657
f 2623 2793 2695
f 2454 2697 2887
f 2525 2752 2768
f 2706 2769 2794
f 2666 2803 2716
f 2699 2715 2763
f 2860 2587 2851
f 2708 2644 2746
f 2635 2773 2709
f 2709 2719 2700
f 2774 2755 2679
f 2696 2702 2765
f 2691 2733 2704
f 2663 2694 2740
f 2712 2799 2723
f 2591 2454 2887
f 2530 2826 2563
f 2530 2706 2826
f 2552 2825 2779
f 2666 2795 2554
f 2649 2689 2877
f 2719 2774 2679
f 2651 2811 2710
f 2729 2739 2711
f 2777 2711 2739
f 2765 2692 2696
f 2687 2721 2734
f 2672 2742 2639
f 2816 2784 2672
f 2705 2759 2724
f 2699 2432 3012
f 2728 2789 2781
f 2810 2678 2668
f 2775 2701 2681
f 2730 2775 2681
f 2798 2765 2702
f 2777 2748 2711
f 2741 2848 2703
f 2784 2742 2672
f 2623 2751 2793
f 2760 2695 2824
f 2726 2801 2698
f 2649 2877 2714
f 2764 2642 2736
f 2820 2868 2717
f 2728 2718 2789
f 2789 2718 2809
f 2945 2593 2737
f 2738 2773 2690
f 2774 2719 2709
f 2875 2775 2730
f 2692 2765 2813
f 2663 2740 2732
f 2692 2816 2693
f 2749 2682 2778
f 2722 2750 2671
f 2722 2757 2750
f 2713 2849 2758
f 2817 2893 2724
f 2801 2726 2714
f 2624 2858 2819
f 2801 2714 2762
f 2554 2795 2745
f 2809 2718 2676
f 2738 2797 2773
f 2773 2774 2709
f 2701 2798 2702
f 2776 2729 2732
f 2639 2791 2734
f 2743 2759 2705
f 2665 2786 2744
f 3086 2867 2779
f 2432 2867 3012
f 2802 2624 2819
f 2715 2699 3071
f 2632 2707 2788
f 2804 2737 2754
f 2781 2738 2685
f 2828 2686 2945
f 2651 2929 2811
f 2755 2790 2747
f 2775 2822 2701
f 2777 2720 2748
f 2823 2704 2733
f 2721 2671 2785
f 2713 2807 2849
f 2807 2713 2688
f 2831 2674 2725
f 2563 2826 2654
f 2803 2761 2787
f 2803 2770 2716
f 2727 2771 2772
f 2738 2781 2827
f 2732 2740 2776
f 2862 2741 2756
f 2798 2812 2765
f 2704 2862 2756
f 2741 2862 2848
f 2747 2790 2712
f 2671 2750 2785
f 2792 2807 2688
f 2759 2817 2724
f 2856 2793 2751
f 2770 2803 2841
f 2890 2764 2736
f 2766 2835 2627
f 2874 2777 2739
f 2822 2798 2701
f 2874 2885 2777
f 2731 2875 2730
f 2848 2783 2703
f 2812 2813 2765
f 2823 2837 2704
f 2704 2837 2862
f 2816 2692 2813
f 2742 2784 2815
f 2814 2742 2815
f 2865 2792 2805
f 2706 2794 2826
f 3012 3071 2699
f 2994 2801 2762
f 2832 2716 2770
f 2843 2762 2714
f 2708 2746 2808
f 2738 2827 2797
f 2836 2755 2774
f 2686 2782 2740
f 2776 2829 2729
f 2729 2874 2739
f 2777 2885 2720
f 2639 2742 2791
f 2712 2790 2799
f 2856 2751 2744
f 2770 2841 2832
f 2716 2832 2795
f 2763 2715 2820
f 2727 2772 2676
f 2804 2754 2860
f 2834 2627 2835
f 2651 2861 2929
f 2790 2755 2821
f 2776 2740 2782
f 2811 2805 2710
f 2742 2814 2791
f 2815 2784 2816
f 2807 2800 2849
f 2725 2735 2831
f 2675 2674 2850
f 2674 2831 2850
f 2768 3003 2787
f 2768 2787 2761
f 2762 2843 2994
f 2869 2844 2796
f 2797 2836 2774
f 2773 2797 2774
f 2828 2782 2686
f 2729 2829 2874
f 2923 2731 2783
f 2806 2815 2816
f 2734 2791 2721
f 2785 2864 2721
f 2757 2758 2880
f 2723 2759 2743
f 2894 2654 2826
f 2769 2802 2794
f 2841 2803 2787
f 2844 2877 2689
f 2780 2871 2746
f 2766 2749 2917
f 2812 2798 2847
f 2806 2816 2813
f 2863 2749 2778
f 2880 2750 2757
f 2792 3008 2807
f 2793 2856 2839
f 2908 2744 2786
f 2735 2654 2883
f 2825 2952 2779
f 2802 2918 2794
f 2845 2809 2676
f 2827 2781 2891
f 2797 2827 2852
f 2836 2821 2755
f 2799 2790 2821
f 2733 2876 2823
f 2854 2837 2823
f 2838 2723 2799
f 2863 2778 2907
f 2758 2849 2880
f 2893 2866 2630
f 2802 2819 2918
f 2808 2746 2871
f 2809 2891 2789
f 2891 2809 2872
f 2891 2781 2789
f 2846 2871 2780
f 2835 2766 2917
f 2875 2830 2775
f 2830 2822 2775
f 2798 2822 2853
f 2720 2876 2733
f 2896 2848 2862
f 2862 2837 2854
f 2948 2865 2805
f 2785 2750 2864
f 2800 2807 2926
f 2926 2807 3008
f 2824 2818 2760
f 2735 2883 2831
f 2752 3003 2768
f 2787 2982 2841
f 2953 2820 2715
f 2919 2851 2833
f 2870 2796 2808
f 2936 2678 2810
f 2846 2780 2835
f 2780 2834 2835
f 2776 2961 2829
f 2847 2798 2853
f 2865 3008 2792
f 2838 2759 2723
f 2883 2654 2894
f 2883 2928 2831
f 2826 2934 2894
f 2794 2918 2993
f 2842 2795 2832
f 2877 2844 3004
f 2919 2764 2890
f 2859 2707 2868
f 2788 2707 2859
f 2870 2808 2871
f 2873 2827 2891
f 2797 2852 2836
f 2830 2921 2822
f 2875 2731 2923
f 2812 2806 2813
f 2885 2876 2720
f 2791 2721 2892
f 2799 2949 2838
f 2752 2857 2888
f 2675 2850 2915
f 2752 2888 3003
f 2697 2698 2916
f 2826 2794 2993
f 2982 3013 2841
f 2841 3013 2832
f 2842 2832 3013
f 2843 2714 2877
f 2764 2919 2833
f 2869 2796 2870
f 2954 2804 2860
f 2788 2936 2810
f 2676 2772 2845
f 2845 2872 2809
f 2836 2904 2821
f 2823 2876 2854
f 2849 2976 2880
f 2800 2926 3001
f 2838 2898 2759
f 2951 2591 2887
f 2909 2795 2842
f 2745 2795 2909
f 2910 2890 2736
f 2745 2967 2753
f 2753 2967 2884
f 2678 2997 2861
f 2873 2852 2827
f 2836 2852 2904
f 2929 2912 2811
f 2822 2921 2879
f 2847 2853 2911
f 2812 2847 2806
f 2912 2948 2805
f 2793 2882 3010
f 2839 2882 2793
f 2856 2966 2839
f 2826 2993 2934
f 2811 2912 2805
f 2806 2847 2855
f 2854 2925 2862
f 2864 2914 2721
f 2865 2948 3008
f 2864 2750 2880
f 2976 2849 2800
f 2976 2800 3045
f 2793 3010 2695
f 2744 2990 2856
f 2695 3010 2824
f 2736 2910 2858
f 2878 2868 2820
f 2919 2901 2851
f 2772 2771 3061
f 2936 2997 2678
f 2782 2961 2776
f 2783 2848 2896
f 2806 2886 2815
f 2815 2906 2814
f 2817 2943 2893
f 2908 2990 2744
f 2894 2934 3020
f 2915 3111 2825
f 2844 2869 3158
f 2891 2895 2873
f 2873 2903 2852
f 2903 2904 2852
f 2917 2749 2863
f 2913 2921 2830
f 2879 2911 2853
f 2879 2853 2822
f 2940 2923 2783
f 2896 2940 2783
f 2931 2854 2876
f 2799 2821 2949
f 2863 2907 2979
f 2976 2975 2880
f 2839 2964 2882
f 2591 2951 2786
f 2767 2991 2857
f 2819 2858 2889
f 3158 3004 2844
f 2845 2891 2872
f 2875 2913 2830
f 2855 2941 2806
f 2962 2941 2855
f 2914 2892 2721
f 2987 2817 2759
f 2817 2980 2943
f 2856 2990 2966
f 2825 3111 2952
f 2698 2801 2916
f 2787 3003 2982
f 2801 2994 3087
f 2889 2858 3014
f 3041 2843 2877
f 2890 3023 2919
f 2868 2878 2977
f 2977 2859 2868
f 2845 2772 3186
f 2895 2903 2873
f 2835 2917 2902
f 2902 2917 2920
f 2874 2829 2958
f 2886 2906 2815
f 2791 2814 3054
f 3054 2974 2791
f 2864 2899 2914
f 2800 3001 3045
f 2880 2899 2864
f 3109 2824 3010
f 2831 2928 2850
f 2889 2918 2819
f 2909 2842 3013
f 2901 2860 2851
f 2891 2996 2895
f 3100 2828 2945
f 2821 2956 2949
f 2821 2904 2956
f 2923 2913 2875
f 2921 2905 2879
f 2911 2855 2847
f 2885 2897 2876
f 2897 2931 2876
f 2974 2892 2791
f 2838 2949 2898
f 2898 2987 2759
f 2893 2943 2866
f 2943 2881 2866
f 2824 3109 2818
f 2951 2908 2786
f 2697 2916 2887
f 3138 3111 2915
f 2935 2871 2846
f 2846 2835 2902
f 2903 2895 2937
f 2925 2896 2862
f 2911 2962 2855
f 2880 2975 2899
f 2933 2980 2817
f 2916 2801 3170
f 2993 2918 3021
f 2919 3023 3060
f 2947 2921 2913
f 2874 2932 2885
f 2925 2854 2984
f 2896 2925 2971
f 2806 2941 2886
f 2883 2894 3031
f 2883 3031 2928
f 2869 2870 3032
f 2944 2788 2859
f 2903 2946 2904
f 2922 2782 2828
f 2923 2957 2913
f 2905 2911 2879
f 2961 2782 2922
f 2914 2973 2892
f 2966 2964 2839
f 2760 3092 2840
f 2767 2840 2991
f 3170 2801 3087
f 2877 3004 3041
f 2870 2871 2935
f 2845 3097 2891
f 2891 3097 2996
f 2903 2937 2946
f 2861 3024 2929
f 2904 2938 2968
f 2904 2968 2956
f 2920 2917 2863
f 2924 2958 2829
f 2961 2924 2829
f 2956 2972 2949
f 2971 2925 2970
f 2905 2962 2911
f 2932 2897 2885
f 3007 2986 2886
f 2892 2973 2974
f 2914 2899 2942
f 2817 2987 3036
f 2965 2964 2966
f 3039 3002 2900
f 2867 3086 3012
f 2983 2889 3014
f 2910 3140 2858
f 2869 3032 3158
f 2771 2884 3061
f 3152 2737 2804
f 2935 2846 2955
f 2955 2846 2902
f 2937 2895 2996
f 2904 2946 2938
f 2920 2955 2902
f 2958 2930 2874
f 2959 2905 2921
f 2961 3027 2924
f 2930 2932 2874
f 2971 2940 2896
f 2931 2999 2854
f 2886 2941 3007
f 2986 3054 2906
f 2906 3054 2814
f 2981 2882 2964
f 3014 2858 3140
f 2935 3142 2870
f 3115 2954 2860
f 2845 3186 3097
f 3024 3065 2929
f 2939 2957 2923
f 2940 2939 2923
f 3000 2984 2854
f 2914 2942 2973
f 2915 2850 2992
f 2745 2909 2967
f 2944 2936 2788
f 2937 3016 2946
f 2984 2970 2925
f 2931 2897 2985
f 2979 2907 3047
f 2980 2933 2963
f 3022 2994 2843
f 3016 2937 2996
f 2946 3005 2938
f 3034 2956 2968
f 2828 3100 3124
f 2863 2979 3017
f 2932 2985 2897
f 2933 2817 3036
f 2990 2908 3110
f 2760 2818 3092
f 2908 2951 3002
f 2850 2928 2992
f 2909 3013 2995
f 2820 2953 3094
f 3124 3106 2922
f 2922 2828 3124
f 2947 2959 2921
f 2924 3019 2958
f 2999 3000 2854
f 2886 2986 2906
f 2948 3122 3008
f 2987 2898 2949
f 2942 2899 2975
f 3069 3001 2926
f 2979 3047 3167
f 2933 3107 2963
f 3002 3039 3091
f 2951 2887 3155
f 3060 2901 2919
f 2997 3024 2861
f 2955 2920 3017
f 2920 2863 3017
f 3034 2972 2956
f 2960 2969 2998
f 2958 3019 2930
f 2957 2947 2913
f 2978 2971 2970
f 2971 2978 2940
f 2985 2999 2931
f 2962 3018 2941
f 2973 2942 2974
f 2981 2964 2965
f 2900 3002 2927
f 2840 3092 2991
f 3020 2934 3077
f 3021 3077 2993
f 2715 3071 3059
f 2878 2820 3094
f 3096 2884 2967
f 2870 3142 3032
f 3016 2996 3072
f 3016 3005 2946
f 2960 3081 2969
f 2961 2922 3027
f 2959 3068 2905
f 2962 2905 3068
f 3008 3046 2926
f 2980 2989 2943
f 2965 3030 2981
f 2965 2966 3076
f 3092 2818 3049
f 2928 3031 2992
f 3003 2888 3040
f 2779 2952 3276
f 3086 2779 3276
f 3139 3013 2982
f 2889 2983 2918
f 3041 3022 2843
f 2884 3096 3061
f 2977 3114 2859
f 2901 3115 2860
f 2954 3152 2804
f 3152 2945 2737
f 2998 2972 3034
f 2939 2940 2978
f 3026 3000 2999
f 3007 2941 3018
f 3106 3009 2922
f 2949 3056 2987
f 2976 2988 2975
f 3069 2926 3046
f 2980 2963 2989
f 2981 3038 2882
f 3011 2927 3002
f 2951 3155 3093
f 2915 2992 3138
f 3040 2982 3003
f 2938 3025 2968
f 2968 3025 3034
f 2998 2969 2972
f 2939 3006 2957
f 2959 2947 3043
f 2984 3044 2970
f 2922 3009 3028
f 2966 2990 3076
f 3010 3058 3109
f 2951 3093 3002
f 3015 2997 2936
f 3079 2955 3017
f 2957 3006 2947
f 3044 2984 3000
f 3051 2999 2985
f 2999 3051 3026
f 3017 2979 3066
f 3027 2922 3028
f 3027 3029 2924
f 2975 3125 2942
f 2981 3030 3038
f 2882 3038 3010
f 3011 3002 3093
f 3040 3139 2982
f 2909 2995 3157
f 2977 2878 3141
f 3005 3025 2938
f 2912 2929 3065
f 2978 2970 3044
f 3068 3018 2962
f 2932 3052 2985
f 2949 2972 3056
f 3054 3135 2974
f 3001 3082 3045
f 2988 2976 3045
f 2988 3125 2975
f 2933 3089 3107
f 2965 3076 3030
f 2990 3110 3076
f 3138 2992 3085
f 2934 2993 3077
f 3139 3156 3013
f 2909 3157 2967
f 3406 3004 3158
f 3097 3072 2996
f 2935 2955 3079
f 3016 3042 3005
f 3152 3100 2945
f 3042 3116 3005
f 3079 3017 3033
f 3017 3066 3033
f 2969 3081 3074
f 3007 3035 2986
f 3130 2960 2998
f 2930 3088 2932
f 3035 3053 2986
f 3055 3019 2924
f 2960 3130 3081
f 3036 3147 2933
f 2989 2963 3037
f 2818 3109 3208
f 3306 2888 2857
f 2887 2916 3155
f 3149 2715 3059
f 2953 2715 3149
f 3094 2953 3149
f 3113 3140 2910
f 2910 3150 2890
f 3078 3042 3016
f 3005 3062 3025
f 3024 3073 3065
f 3065 2948 2912
f 3144 2939 2978
f 2947 3006 3067
f 3067 3043 2947
f 3044 3000 3026
f 3019 3055 3088
f 3052 2932 3088
f 2985 3052 3051
f 3028 3029 3027
f 3130 3175 3081
f 2974 2942 3135
f 3122 3046 3008
f 3045 3082 2988
f 3198 3082 3001
f 3056 3147 2987
f 3069 3198 3001
f 2933 3147 3089
f 2963 3083 3037
f 3058 3010 3038
f 3031 2894 3085
f 2994 3022 3087
f 3095 2967 3157
f 2997 3015 3121
f 3042 3098 3116
f 3072 3078 3016
f 3124 3100 3143
f 3064 2998 3034
f 3044 3101 2978
f 3018 3080 3007
f 3088 2930 3019
f 3106 3028 3009
f 2987 3147 3036
f 3167 3047 3057
f 3107 3083 2963
f 3011 3093 3217
f 2991 3306 2857
f 3276 2952 3126
f 3096 2967 3095
f 3150 2910 3113
f 2977 3226 3114
f 2772 3061 3186
f 2936 2944 3015
f 3005 3116 3062
f 3025 3062 3064
f 3025 3064 3034
f 3065 3122 2948
f 3144 3006 2939
f 3067 3006 3050
f 3080 3035 3007
f 3068 2959 3043
f 2924 3029 3055
f 3066 2979 3117
f 3117 2979 3167
f 3125 2988 3177
f 2818 3208 3049
f 2992 3031 3085
f 3020 3112 2894
f 3086 3071 3012
f 2983 3325 2918
f 2890 3150 3023
f 2859 3114 2944
f 2954 3115 3228
f 3024 3121 3317
f 3074 2972 2969
f 2978 3101 3144
f 3104 3043 3067
f 3103 3052 3088
f 2986 3053 3054
f 3166 3054 3053
f 3028 3119 3029
f 3037 3070 2989
f 3048 3038 3030
f 3058 3038 3048
f 3013 3156 2995
f 2995 3185 3157
f 2977 3141 3226
f 3150 3060 3023
f 2935 3172 3142
f 3097 3173 3072
f 3173 3078 3072
f 3172 2935 3079
f 3116 3063 3062
f 3174 3033 3066
f 3174 3066 3117
f 3050 3104 3067
f 3101 3044 3153
f 3103 3051 3052
f 3117 3167 3118
f 3054 3166 3135
f 2942 3125 3135
f 3046 3075 3069
f 3136 3089 3147
f 3083 3223 3037
f 3048 3030 3108
f 3076 3110 3179
f 3084 2950 3243
f 2888 3224 3040
f 3020 3077 3137
f 3313 3170 3087
f 3022 3041 3087
f 3156 3185 2995
f 3141 2878 3094
f 2901 3060 3150
f 3127 3115 2901
f 3064 3062 3063
f 2972 3132 3056
f 3106 3105 3028
f 3105 3119 3028
f 3055 3133 3088
f 3029 3133 3055
f 3120 2988 3082
f 3108 3058 3048
f 3076 3108 3030
f 3076 3179 3090
f 3169 3002 3091
f 2894 3112 3085
f 3126 2952 3184
f 3325 3021 2918
f 3150 3127 2901
f 3079 3188 3172
f 3098 3189 3116
f 3078 3099 3042
f 3042 3099 3098
f 3144 3123 3006
f 3026 3102 3044
f 3153 3044 3102
f 3050 3006 3123
f 3043 3131 3068
f 3018 3068 3131
f 3133 3146 3088
f 3164 3053 3035
f 3176 3177 2988
f 3058 3168 3109
f 3110 2908 3154
f 3002 3154 2908
f 3002 3169 3154
f 3380 3077 3021
f 2944 3151 3015
f 3152 2954 3327
f 3079 3033 3188
f 3063 3128 3129
f 3064 3129 2998
f 2998 3129 3130
f 3132 2972 3074
f 3103 3145 3051
f 3081 3175 3074
f 3146 3103 3088
f 3120 3176 2988
f 3069 3075 3178
f 3107 3223 3083
f 3223 3215 3037
f 3090 3108 3076
f 3020 3137 3112
f 2952 3111 3184
f 3406 3158 3209
f 2944 3114 3151
f 2997 3121 3024
f 3327 3100 3152
f 3063 3129 3064
f 3174 3117 3220
f 3161 3018 3131
f 3286 3106 3124
f 3104 3134 3043
f 3198 3069 3178
f 3037 3215 3070
f 3183 3168 3058
f 3109 3168 3208
f 3217 3093 3155
f 3306 3224 2888
f 3225 3094 3149
f 3096 3095 3219
f 3142 3172 3171
f 3078 3173 3099
f 3098 3099 3189
f 3251 3033 3174
f 3116 3128 3063
f 3246 3244 3074
f 3175 3246 3074
f 3182 3102 3026
f 3146 3145 3103
f 3182 3051 3162
f 3101 3153 3160
f 3051 3182 3026
f 3134 3131 3043
f 3196 3133 3119
f 3133 3029 3119
f 3108 3183 3058
f 3203 2950 3084
f 3138 3148 3111
f 3041 3313 3087
f 3313 3041 3004
f 3327 2954 3228
f 3182 3204 3102
f 3213 3105 3106
f 3122 3165 3046
f 3107 3089 3136
f 3108 3090 3183
f 3110 3249 3179
f 3110 3154 3249
f 3148 3085 3112
f 3071 3381 3059
f 3113 3250 3140
f 3032 3227 3158
f 3186 3173 3097
f 3121 3015 3259
f 3251 3188 3033
f 3220 3117 3266
f 3118 3266 3117
f 3102 3204 3153
f 3101 3160 3144
f 3212 3123 3144
f 3205 3161 3131
f 3018 3161 3080
f 3161 3239 3080
f 3164 3236 3053
f 3286 3213 3106
f 3176 3120 3235
f 3107 3136 3223
f 3137 3077 3193
f 3180 2983 3014
f 3219 3095 3157
f 3210 3173 3186
f 3244 3132 3074
f 3282 3124 3143
f 3160 3195 3144
f 3146 3133 3191
f 3153 3163 3160
f 3134 3104 3050
f 3196 3191 3133
f 3236 3166 3053
f 3120 3082 3198
f 3199 3135 3166
f 3165 3075 3046
f 3300 3075 3165
f 3300 3178 3075
f 3085 3148 3138
f 3380 3193 3077
f 3086 3276 3324
f 3139 3040 3224
f 3071 3086 3381
f 3157 3185 3219
f 3032 3142 3171
f 3127 3280 3115
f 3073 3384 3065
f 3181 3175 3130
f 3145 3159 3051
f 3144 3195 3212
f 3221 3131 3134
f 3105 3196 3119
f 3135 3222 3199
f 3222 3135 3125
f 3292 3136 3147
f 3216 3183 3090
f 3111 3148 3184
f 3021 3325 3430
f 3258 3185 3156
f 3406 3313 3004
f 3172 3188 3187
f 3128 3116 3190
f 3130 3129 3181
f 3132 3246 3244
f 3122 3397 3165
f 3051 3159 3162
f 3204 3163 3153
f 3123 3229 3050
f 3050 3229 3134
f 3168 3216 3202
f 3112 3137 3233
f 3112 3233 3148
f 3337 3014 3140
f 3227 3209 3158
f 3114 3226 3151
f 3024 3329 3073
f 3129 3128 3245
f 3129 3245 3181
f 3162 3194 3182
f 3204 3206 3163
f 3212 3192 3123
f 3239 3287 3080
f 3236 3199 3166
f 3199 3222 3214
f 3177 3222 3125
f 3183 3216 3168
f 3217 3155 3218
f 3155 2916 3218
f 3325 2983 3180
f 3127 3150 3113
f 3171 3172 3187
f 3188 3251 3294
f 3116 3189 3190
f 3246 3175 3181
f 3191 3272 3146
f 3159 3252 3162
f 3182 3230 3204
f 3239 3161 3205
f 3162 3211 3194
f 3160 3163 3195
f 3221 3253 3131
f 3131 3253 3261
f 3132 3375 3056
f 3229 3123 3192
f 3229 3221 3134
f 3080 3255 3035
f 3176 3222 3177
f 3198 3207 3120
f 3238 2916 3170
f 3156 3139 3293
f 3238 3170 3313
f 3225 3149 3059
f 3151 3265 3015
f 3327 3228 3316
f 3121 3259 3317
f 3024 3317 3329
f 3065 3384 3397
f 3397 3122 3065
f 3146 3272 3145
f 3194 3230 3182
f 3206 3195 3163
f 3213 3267 3105
f 3207 3235 3120
f 3271 3118 3167
f 3215 3200 3201
f 3179 3216 3090
f 3137 3193 3233
f 3265 3151 3226
f 3187 3188 3294
f 3234 3099 3173
f 3143 3100 3327
f 3384 3073 3329
f 3298 3159 3145
f 3246 3375 3132
f 3211 3247 3194
f 3375 3291 3056
f 3192 3212 3237
f 3255 3164 3035
f 3176 3235 3197
f 3176 3197 3222
f 3178 3207 3198
f 3148 3233 3184
f 3218 2916 3238
f 3313 3277 3238
f 3186 3061 3210
f 3265 3259 3015
f 3280 3228 3115
f 3187 3315 3171
f 3307 3253 3221
f 3131 3261 3205
f 3291 3147 3056
f 3214 3199 3236
f 3292 3257 3136
f 3257 3223 3136
f 3223 3369 3215
f 3168 3202 3208
f 3293 3258 3156
f 3295 3234 3173
f 3189 3099 3234
f 3190 3189 3234
f 3245 3246 3181
f 3245 3244 3246
f 3252 3211 3162
f 3194 3247 3230
f 3204 3240 3206
f 3268 3237 3212
f 3049 3208 3379
f 3305 3049 3379
f 3224 3293 3139
f 3337 3180 3014
f 3113 3127 3250
f 3032 3171 3227
f 3251 3174 3328
f 3143 3296 3282
f 3373 3165 3397
f 3308 3268 3195
f 3229 3192 3254
f 3287 3255 3080
f 3212 3195 3268
f 3196 3105 3267
f 3236 3242 3214
f 3270 3235 3207
f 3207 3178 3232
f 3257 3369 3223
f 3208 3202 3311
f 3092 3049 3305
f 3154 3169 3370
f 3430 3380 3021
f 3140 3250 3337
f 3219 3407 3096
f 3187 3294 3315
f 3297 3245 3128
f 3298 3412 3159
f 3272 3318 3145
f 3145 3318 3298
f 3204 3230 3240
f 3230 3247 3231
f 3231 3240 3230
f 3222 3248 3214
f 3300 3391 3178
f 3369 3200 3215
f 3278 3180 3337
f 3315 3227 3171
f 3173 3210 3295
f 3338 3234 3295
f 3327 3296 3143
f 3196 3301 3191
f 3221 3229 3254
f 3195 3206 3308
f 3241 3164 3255
f 3241 3236 3164
f 3264 3269 3368
f 3263 3192 3237
f 3235 3323 3197
f 3237 3275 3263
f 3268 3275 3237
f 2991 3092 3360
f 2991 3360 3306
f 3356 3193 3380
f 3061 3408 3470
f 3316 3228 3280
f 3383 3251 3328
f 3220 3328 3174
f 3286 3124 3282
f 3191 3285 3272
f 3221 3254 3307
f 3308 3206 3240
f 3286 3262 3213
f 3288 3240 3231
f 3242 3214 3290
f 3248 3222 3197
f 3178 3391 3232
f 3249 3304 3179
f 3190 3234 3281
f 3244 3245 3260
f 3351 3246 3244
f 3412 3252 3159
f 3283 3261 3253
f 3205 3261 3239
f 3301 3196 3267
f 3288 3308 3240
f 3236 3309 3242
f 3270 3207 3232
f 3216 3179 3310
f 3185 3258 3279
f 3279 3219 3185
f 3061 3096 3408
f 3362 3250 3127
f 3280 3127 3362
f 3190 3371 3128
f 3261 3283 3320
f 3283 3253 3284
f 3301 3285 3191
f 3342 3331 3254
f 3254 3263 3342
f 3254 3192 3263
f 3287 3256 3255
f 3262 3267 3213
f 3256 3289 3241
f 3255 3256 3241
f 3289 3302 3241
f 3214 3248 3290
f 3270 3232 3336
f 3369 3359 3200
f 3395 3258 3293
f 3210 3061 3470
f 3281 3234 3338
f 3411 3220 3266
f 3297 3128 3371
f 3352 3211 3252
f 3253 3307 3284
f 3273 3247 3211
f 3331 3307 3254
f 3302 3236 3241
f 3236 3302 3309
f 3235 3344 3323
f 3235 3270 3344
f 3242 3309 3290
f 3248 3335 3290
f 3147 3402 3292
f 3291 3402 3147
f 3608 3380 3430
f 3407 3408 3096
f 3297 3260 3245
f 3286 3282 3343
f 3246 3351 3375
f 3352 3273 3211
f 3274 3239 3261
f 3247 3273 3231
f 3344 3270 3336
f 3367 3118 3271
f 3154 3355 3249
f 3092 3305 3360
f 3381 3086 3324
f 3381 3326 3059
f 3279 3258 3447
f 3219 3279 3407
f 3362 3396 3280
f 3220 3411 3328
f 3244 3260 3339
f 3341 3318 3272
f 3341 3272 3285
f 3165 3373 3300
f 3300 3373 3333
f 3334 3308 3288
f 3287 3274 3256
f 3342 3263 3415
f 3263 3275 3415
f 3290 3335 3322
f 3443 3367 3271
f 3336 3232 3391
f 3208 3311 3379
f 3193 3356 3233
f 3226 3141 3357
f 3294 3251 3383
f 3351 3260 3319
f 3339 3260 3351
f 3264 3299 3269
f 3307 3331 3284
f 3285 3301 3350
f 3320 3274 3261
f 3413 3268 3308
f 3274 3287 3239
f 3354 3231 3273
f 3354 3288 3231
f 3262 3286 3388
f 3309 3290 3322
f 3310 3202 3216
f 3179 3304 3310
f 3224 3306 3423
f 3233 3356 3312
f 3184 3233 3312
f 3225 3361 3094
f 3210 3439 3295
f 3317 3345 3329
f 3297 3319 3260
f 3385 3118 3367
f 3299 3319 3269
f 3350 3341 3285
f 3340 3256 3348
f 3274 3320 3348
f 3289 3353 3302
f 3197 3335 3248
f 3257 3292 3303
f 3303 3369 3257
f 3306 3360 3404
f 3126 3184 3312
f 3423 3293 3224
f 3438 3059 3326
f 3279 3447 3407
f 3361 3141 3094
f 3265 3226 3314
f 3349 3412 3298
f 3118 3385 3266
f 3252 3412 3421
f 3351 3319 3299
f 3352 3252 3421
f 3289 3340 3330
f 3256 3340 3289
f 3269 3319 3389
f 3301 3358 3350
f 3256 3274 3348
f 3289 3330 3353
f 3374 3308 3334
f 3401 3264 3299
f 3358 3301 3267
f 3334 3288 3354
f 3420 3321 3302
f 3388 3267 3262
f 3420 3302 3353
f 3302 3321 3309
f 3368 3264 3401
f 3368 3269 3416
f 3126 3419 3276
f 3380 3608 3538
f 3446 3430 3325
f 3225 3059 3438
f 3141 3361 3357
f 3265 3515 3259
f 3294 3431 3315
f 3448 3317 3259
f 3281 3346 3190
f 3371 3190 3346
f 3347 3319 3297
f 3318 3349 3298
f 3363 3320 3283
f 3351 3319 3299
f 3321 3332 3309
f 3414 3268 3413
f 3275 3268 3414
f 3322 3332 3309
f 3275 3414 3415
f 3376 3322 3335
f 3197 3390 3335
f 3292 3437 3303
f 3379 3311 3378
f 3409 3315 3431
f 3471 3316 3280
f 3439 3338 3295
f 3328 3411 3383
f 3411 3266 3494
f 3244 3339 3351
f 3348 3320 3363
f 3330 3426 3353
f 3358 3364 3350
f 3401 3299 3319
f 3388 3286 3343
f 3332 3322 3366
f 3323 3390 3197
f 3292 3402 3417
f 3312 3356 3418
f 3452 3293 3423
f 3325 3469 3446
f 3382 3258 3395
f 3225 3438 3361
f 3250 3362 3620
f 3314 3515 3265
f 3459 3280 3396
f 3296 3327 3410
f 3372 3340 3348
f 3340 3372 3386
f 3330 3340 3386
f 3387 3318 3341
f 3375 3351 3434
f 3366 3322 3376
f 3300 3333 3391
f 3389 3416 3269
f 3344 3390 3323
f 3402 3291 3444
f 3292 3417 3437
f 3392 3303 3437
f 3304 3249 3355
f 3393 3154 3370
f 3276 3419 3458
f 3383 3431 3294
f 3331 3435 3284
f 3421 3273 3352
f 3365 3273 3421
f 3374 3413 3308
f 3273 3365 3354
f 3358 3267 3388
f 3379 3597 3305
f 3394 3203 3084
f 3126 3312 3419
f 3258 3382 3447
f 3227 3315 3409
f 3410 3327 3316
f 3345 3571 3329
f 3531 3373 3397
f 3349 3318 3387
f 3284 3398 3283
f 3434 3351 3319
f 3350 3427 3341
f 3364 3427 3350
f 3332 3366 3321
f 3420 3353 3426
f 3442 3367 3443
f 3377 3336 3391
f 3360 3305 3597
f 3419 3312 3418
f 3418 3356 3424
f 3356 3380 3424
f 3424 3380 3538
f 3293 3452 3395
f 3541 3381 3324
f 3180 3469 3325
f 3560 3447 3382
f 3357 3314 3226
f 3411 3500 3383
f 3449 3363 3283
f 3363 3372 3348
f 3386 3432 3330
f 3435 3398 3284
f 3321 3366 3463
f 3464 3374 3334
f 3373 3462 3333
f 3366 3376 3463
f 3388 3400 3358
f 3389 3401 3319
f 3336 3377 3429
f 3154 3393 3355
f 3423 3306 3404
f 3313 3406 3277
f 3438 3425 3361
f 3337 3250 3620
f 3396 3362 3620
f 3459 3471 3280
f 3547 3410 3316
f 3317 3448 3345
f 3329 3571 3384
f 3426 3330 3432
f 3347 3434 3319
f 3464 3334 3354
f 3365 3399 3354
f 3442 3385 3367
f 3291 3375 3434
f 3335 3390 3473
f 3416 3368 3401
f 3429 3390 3344
f 3336 3429 3344
f 3218 3483 3405
f 3276 3458 3324
f 3381 3541 3326
f 3361 3425 3357
f 3453 3227 3409
f 3621 3531 3397
f 3494 3266 3385
f 3441 3331 3342
f 3342 3415 3441
f 3335 3473 3376
f 3401 3389 3416
f 3355 3393 3403
f 3445 3526 3370
f 3238 3483 3218
f 3483 3238 3277
f 3406 3543 3277
f 3209 3227 3453
f 3515 3448 3259
f 3571 3621 3384
f 3384 3621 3397
f 3398 3454 3495
f 3435 3454 3398
f 3387 3341 3427
f 3354 3399 3464
f 3414 3422 3415
f 3467 3391 3333
f 3291 3434 3444
f 3429 3377 3436
f 3392 3474 3303
f 3369 3303 3451
f 3310 3475 3202
f 3370 3526 3393
f 3438 3667 3425
f 3316 3471 3547
f 3431 3383 3500
f 3494 3385 3508
f 3283 3398 3449
f 3349 3433 3412
f 3412 3433 3421
f 3420 3426 3455
f 3321 3463 3428
f 3400 3388 3457
f 3467 3377 3391
f 3390 3429 3436
f 3311 3475 3378
f 3405 3483 3527
f 3468 3405 3527
f 3419 3418 3424
f 3419 3424 3458
f 3382 3395 3529
f 3521 3408 3407
f 3408 3530 3470
f 3386 3477 3432
f 3449 3398 3495
f 3387 3504 3349
f 3373 3531 3462
f 3420 3321 3428
f 3374 3465 3413
f 3331 3441 3435
f 3473 3390 3436
f 3444 3417 3402
f 3311 3202 3475
f 3469 3180 3278
f 3476 3209 3453
f 3396 3620 3792
f 3371 3572 3297
f 3477 3386 3372
f 3504 3433 3349
f 3455 3428 3420
f 3385 3544 3508
f 3399 3485 3464
f 3464 3456 3374
f 3466 3399 3365
f 3422 3414 3413
f 3343 3505 3388
f 3505 3457 3388
f 3451 3303 3474
f 3355 3403 3304
f 3404 3360 3607
f 3527 3445 3499
f 3527 3483 3445
f 3209 3476 3406
f 3515 3314 3546
f 3396 3792 3459
f 3563 3281 3338
f 3372 3363 3460
f 3477 3372 3460
f 3347 3479 3434
f 3426 3501 3455
f 3466 3365 3421
f 3466 3421 3440
f 3415 3480 3441
f 3497 3444 3434
f 3482 3401 3416
f 3416 3553 3482
f 3423 3568 3452
f 3563 3346 3281
f 3427 3532 3387
f 3433 3440 3421
f 3399 3478 3485
f 3465 3422 3413
f 3435 3441 3480
f 3400 3472 3358
f 3480 3415 3422
f 3376 3473 3487
f 3399 3466 3481
f 3481 3450 3399
f 3473 3436 3517
f 3416 3482 3401
f 3417 3535 3437
f 3437 3535 3392
f 3369 3451 3359
f 3491 3458 3424
f 3542 3667 3438
f 3448 3562 3345
f 3500 3411 3484
f 3440 3433 3486
f 3485 3502 3464
f 3374 3456 3465
f 3364 3358 3472
f 3399 3450 3478
f 3436 3377 3467
f 3535 3474 3392
f 3424 3538 3491
f 3539 3395 3452
f 3326 3542 3438
f 3529 3560 3382
f 3337 3514 3278
f 3447 3521 3407
f 3337 3620 3514
f 3651 3453 3409
f 3210 3470 3493
f 3493 3439 3210
f 3449 3460 3363
f 3501 3426 3432
f 3456 3464 3502
f 3376 3487 3463
f 3385 3442 3544
f 3511 3466 3440
f 3457 3512 3400
f 3472 3400 3512
f 3416 3417 3482
f 3492 3359 3451
f 3475 3310 3490
f 3378 3475 3519
f 3379 3378 3597
f 3628 3527 3499
f 3406 3476 3543
f 3644 3314 3357
f 3408 3521 3530
f 3515 3599 3448
f 3623 3282 3296
f 3463 3503 3428
f 3433 3504 3486
f 3434 3479 3497
f 3463 3487 3503
f 3511 3440 3486
f 3481 3466 3552
f 3444 3497 3581
f 3505 3488 3457
f 3581 3506 3444
f 3444 3506 3518
f 3444 3518 3417
f 3489 3537 3451
f 3310 3304 3490
f 3404 3598 3423
f 3568 3423 3598
f 3458 3491 3507
f 3529 3395 3539
f 3716 3521 3447
f 3439 3570 3338
f 3494 3484 3411
f 3494 3508 3590
f 3347 3297 3572
f 3610 3461 3564
f 3479 3347 3509
f 3387 3532 3504
f 3480 3454 3435
f 3364 3498 3427
f 3532 3427 3498
f 3364 3472 3498
f 3523 3487 3473
f 3488 3512 3457
f 3474 3489 3451
f 3537 3492 3451
f 3304 3403 3490
f 3490 3525 3475
f 3538 3638 3491
f 3539 3452 3568
f 3540 3608 3430
f 3470 3530 3493
f 3496 3495 3454
f 3479 3509 3497
f 3501 3559 3455
f 3485 3548 3502
f 3481 3510 3450
f 3467 3333 3462
f 3523 3473 3517
f 3467 3586 3436
f 3537 3536 3489
f 3360 3597 3607
f 3570 3563 3338
f 3601 3494 3590
f 3623 3343 3282
f 3559 3455 3428
f 3478 3548 3485
f 3480 3582 3454
f 3487 3523 3503
f 3594 3480 3422
f 3482 3417 3518
f 3680 3535 3417
f 3535 3555 3489
f 3404 3607 3598
f 3557 3458 3507
f 3667 3710 3425
f 3447 3560 3716
f 3431 3500 3561
f 3371 3346 3572
f 3564 3461 3573
f 3495 3624 3449
f 3477 3611 3432
f 3501 3432 3611
f 3428 3565 3559
f 3582 3496 3454
f 3510 3478 3450
f 3498 3472 3513
f 3511 3552 3466
f 3513 3472 3512
f 3516 3512 3488
f 3505 3554 3488
f 3535 3680 3555
f 3489 3536 3474
f 3491 3638 3507
f 3514 3659 3278
f 3515 3759 3599
f 3431 3561 3409
f 3572 3558 3347
f 3594 3422 3550
f 3534 3553 3482
f 3417 3553 3416
f 3490 3403 3556
f 3458 3557 3658
f 3707 3483 3277
f 3624 3602 3449
f 3503 3565 3428
f 3533 3504 3532
f 3532 3498 3580
f 3593 3422 3465
f 3422 3593 3550
f 3554 3505 3343
f 3482 3518 3534
f 3417 3553 3680
f 3507 3520 3557
f 3642 3539 3568
f 3357 3425 3644
f 3500 3484 3561
f 3562 3664 3345
f 3345 3664 3571
f 3623 3296 3410
f 3590 3508 3522
f 3574 3477 3460
f 3496 3624 3495
f 3478 3510 3548
f 3486 3504 3533
f 3509 3551 3497
f 3605 3498 3513
f 3552 3510 3481
f 3456 3593 3465
f 3516 3513 3512
f 3480 3594 3524
f 3517 3566 3523
f 3586 3517 3436
f 3544 3442 3567
f 3490 3556 3525
f 3468 3527 3628
f 3546 3314 3644
f 3484 3494 3601
f 3449 3602 3460
f 3509 3347 3558
f 3574 3611 3477
f 3544 3575 3508
f 3503 3579 3565
f 3498 3605 3580
f 3467 3462 3578
f 3578 3586 3467
f 3378 3715 3597
f 3520 3507 3638
f 3446 3540 3430
f 3529 3545 3560
f 3643 3469 3278
f 3759 3515 3546
f 3448 3599 3562
f 3576 3548 3510
f 3523 3579 3503
f 3576 3510 3552
f 3549 3576 3552
f 3488 3585 3516
f 3525 3519 3475
f 3519 3617 3378
f 3458 3658 3324
f 3529 3539 3528
f 3529 3528 3545
f 3588 3277 3543
f 3731 3543 3476
f 3493 3600 3439
f 3600 3570 3439
f 3548 3577 3502
f 3502 3593 3456
f 3497 3551 3581
f 3523 3566 3579
f 3616 3566 3517
f 3535 3489 3474
f 3489 3555 3474
f 3556 3403 3705
f 3445 3627 3526
f 3627 3445 3483
f 3538 3608 3673
f 3539 3569 3528
f 3326 3541 3629
f 3521 3716 3668
f 3409 3561 3651
f 3562 3599 3683
f 3694 3623 3410
f 3558 3695 3509
f 3623 3677 3343
f 3633 3533 3532
f 3661 3575 3544
f 3583 3513 3516
f 3763 3524 3594
f 3554 3585 3488
f 3653 3534 3518
f 3517 3586 3614
f 3606 3536 3537
f 3528 3587 3545
f 3560 3545 3751
f 3543 3731 3588
f 3644 3425 3710
f 3668 3530 3521
f 3563 3609 3346
f 3621 3571 3675
f 3564 3558 3572
f 3509 3695 3665
f 3591 3496 3582
f 3551 3509 3592
f 3593 3502 3577
f 3785 3578 3462
f 3583 3605 3513
f 3511 3626 3552
f 3583 3516 3585
f 3596 3554 3343
f 3661 3544 3567
f 3517 3614 3616
f 3403 3393 3706
f 3569 3587 3528
f 3453 3651 3645
f 3346 3609 3572
f 3572 3610 3564
f 3461 3610 3573
f 3501 3611 3630
f 3559 3501 3630
f 3697 3509 3665
f 3576 3577 3548
f 3509 3697 3592
f 3625 3550 3593
f 3625 3594 3550
f 3486 3533 3511
f 3511 3533 3626
f 3534 3595 3553
f 3615 3585 3554
f 3763 3604 3524
f 3553 3595 3680
f 3596 3615 3554
f 3536 3606 3635
f 3638 3538 3673
f 3557 3823 3658
f 3651 3561 3684
f 3694 3410 3547
f 3602 3574 3460
f 3611 3574 3639
f 3531 3621 3603
f 3531 3612 3462
f 3551 3592 3581
f 3634 3583 3585
f 3480 3604 3582
f 3578 3584 3586
f 3480 3524 3604
f 3526 3757 3393
f 3539 3642 3569
f 3446 3618 3540
f 3588 3707 3277
f 3546 3589 3759
f 3664 3562 3683
f 3580 3633 3532
f 3549 3552 3626
f 3669 3582 3604
f 3763 3594 3625
f 3605 3583 3634
f 3585 3615 3634
f 3661 3567 3650
f 3474 3536 3635
f 3525 3556 3636
f 3617 3715 3378
f 3619 3545 3587
f 3446 3469 3618
f 3659 3643 3278
f 3453 3645 3476
f 3563 3570 3600
f 3571 3788 3675
f 3609 3646 3572
f 3564 3573 3699
f 3639 3574 3685
f 3591 3624 3496
f 3508 3575 3723
f 3462 3612 3785
f 3613 3559 3565
f 3565 3579 3662
f 3534 3653 3592
f 3626 3533 3633
f 3691 3615 3596
f 3556 3705 3636
f 3619 3587 3569
f 3788 3571 3664
f 3610 3572 3646
f 3574 3602 3685
f 3603 3612 3531
f 3723 3522 3508
f 3630 3559 3613
f 3626 3688 3549
f 3631 3625 3593
f 3566 3662 3579
f 3592 3595 3534
f 3596 3343 3677
f 3763 3689 3604
f 3581 3679 3506
f 3671 3691 3596
f 3566 3616 3640
f 3506 3679 3656
f 3656 3518 3506
f 3663 3641 3555
f 3474 3641 3635
f 3636 3519 3525
f 3707 3627 3483
f 3520 3823 3557
f 3780 3642 3568
f 3642 3619 3569
f 3618 3469 3708
f 3563 3674 3609
f 3590 3522 3660
f 3602 3624 3647
f 3582 3669 3591
f 3576 3549 3648
f 3577 3631 3593
f 3662 3613 3565
f 3662 3566 3640
f 3586 3584 3614
f 3641 3474 3555
f 3757 3526 3911
f 3597 3746 3607
f 3541 3324 3658
f 3643 3708 3469
f 3732 3561 3484
f 3600 3674 3563
f 3732 3484 3601
f 3674 3646 3609
f 3622 3610 3646
f 3558 3564 3646
f 3564 3699 3646
f 3610 3622 3573
f 3602 3647 3685
f 3639 3630 3611
f 3688 3648 3549
f 3576 3632 3577
f 3649 3633 3580
f 3652 3595 3592
f 3691 3654 3615
f 3595 3714 3680
f 3606 3681 3635
f 3617 3637 3730
f 3637 3617 3519
f 3403 3706 3705
f 3629 3542 3326
f 3514 3620 3800
f 3759 3683 3599
f 3789 3623 3694
f 3621 3675 3603
f 3699 3573 3622
f 3648 3632 3576
f 3631 3577 3632
f 3697 3652 3592
f 3702 3581 3592
f 3702 3704 3581
f 3578 3785 3584
f 3605 3655 3580
f 3634 3655 3605
f 3615 3654 3634
f 3518 3656 3657
f 3641 3663 3635
f 3597 3715 3745
f 3823 3520 3828
f 3608 3540 3673
f 3645 3731 3476
f 3660 3522 3783
f 3789 3677 3623
f 3639 3685 3630
f 3613 3630 3701
f 3736 3625 3631
f 3661 3690 3575
f 3580 3655 3649
f 3634 3654 3655
f 3518 3657 3714
f 3680 3657 3555
f 3706 3941 3705
f 3607 3822 3598
f 3673 3767 3638
f 3540 3740 3673
f 3751 3716 3560
f 3710 3807 3644
f 3792 3711 3459
f 3825 3600 3493
f 3622 3646 3734
f 3558 3646 3695
f 3685 3718 3630
f 3666 3632 3648
f 3592 3653 3702
f 3689 3742 3604
f 3581 3704 3679
f 3662 3640 3700
f 3640 3616 3728
f 3650 3672 3690
f 3657 3663 3555
f 3393 3757 3706
f 3745 3746 3597
f 3751 3545 3619
f 3620 3792 3800
f 3816 3601 3590
f 3783 3522 3723
f 3624 3591 3686
f 3736 3632 3666
f 3631 3632 3736
f 3604 3678 3669
f 3700 3613 3662
f 3640 3728 3700
f 3772 3614 3584
f 3616 3614 3772
f 3650 3690 3661
f 3641 3663 3635
f 3519 3636 3637
f 3638 3767 3520
f 3541 3720 3629
f 3514 3905 3659
f 3530 3774 3493
f 3825 3493 3774
f 3732 3601 3816
f 3701 3630 3718
f 3648 3688 3726
f 3701 3613 3687
f 3742 3678 3604
f 3655 3654 3649
f 3653 3518 3755
f 3679 3778 3656
f 3656 3714 3657
f 3710 3667 3709
f 3589 3546 3644
f 3787 3471 3459
f 3898 3664 3683
f 3825 3674 3600
f 3752 3694 3547
f 3624 3686 3647
f 3603 3817 3612
f 3591 3703 3686
f 3669 3703 3591
f 3697 3702 3652
f 3700 3687 3613
f 3670 3649 3654
f 3649 3670 3633
f 3702 3653 3755
f 3755 3518 3679
f 3518 3714 3679
f 3714 3657 3680
f 3714 3657 3656
f 3657 3692 3663
f 3641 3635 3779
f 3751 3758 3716
f 3643 3659 3905
f 3530 3682 3774
f 3651 3684 3760
f 3816 3590 3660
f 3647 3676 3685
f 3678 3703 3669
f 3719 3763 3625
f 3633 3729 3626
f 3728 3616 3772
f 3654 3691 3713
f 3911 3526 3627
f 3720 3541 3658
f 3471 3752 3547
f 3684 3561 3732
f 3622 3734 3699
f 3726 3666 3648
f 3736 3719 3625
f 3670 3743 3633
f 3652 3813 3595
f 3595 3813 3714
f 3690 3672 3773
f 3657 3656 3692
f 3681 3779 3635
f 3617 3730 3750
f 3707 3872 3627
f 3676 3696 3685
f 3647 3686 3676
f 3575 3690 3723
f 3652 3702 3755
f 3743 3729 3633
f 3688 3626 3729
f 3679 3704 3744
f 3636 3739 3637
f 3636 3705 3739
f 3568 3598 3780
f 3619 3642 3799
f 3619 3799 3751
f 3758 3668 3716
f 3674 3717 3646
f 3794 3675 3788
f 3646 3733 3734
f 3646 3699 3733
f 3699 3712 3695
f 3695 3712 3665
f 3665 3712 3697
f 3697 3735 3702
f 3764 3736 3666
f 3727 3726 3688
f 3702 3735 3704
f 3670 3654 3713
f 3691 3671 3713
f 3778 3692 3656
f 3779 3693 3681
f 3750 3715 3617
f 3642 3780 3799
f 3709 3807 3710
f 3664 3898 3788
f 3694 3721 3789
f 3695 3646 3769
f 3603 3675 3817
f 3676 3686 3724
f 3712 3735 3697
f 3686 3703 3724
f 3726 3797 3666
f 3743 3670 3765
f 3729 3727 3688
f 3678 3742 3703
f 3754 3703 3742
f 3812 3671 3596
f 3663 3698 3641
f 3637 3739 3730
f 3757 3976 3706
f 3807 3589 3644
f 3646 3717 3769
f 3733 3695 3769
f 3794 3817 3675
f 3847 3677 3789
f 3612 3795 3785
f 3676 3724 3696
f 3812 3596 3677
f 3666 3797 3764
f 3713 3671 3749
f 3698 3779 3641
f 3872 3911 3627
f 3658 3823 3720
f 3530 3668 3682
f 3674 3775 3717
f 3695 3733 3699
f 3612 3817 3795
f 3701 3687 3801
f 3725 3718 3696
f 3718 3685 3696
f 3700 3826 3687
f 3703 3754 3724
f 3713 3765 3670
f 3743 3738 3729
f 3698 3663 3692
f 3607 3746 3822
f 3540 3874 3740
f 3874 3540 3618
f 3667 3542 3709
f 3643 3815 3708
f 3643 3905 3815
f 3825 3775 3674
f 3722 3734 3761
f 3701 3718 3801
f 3725 3696 3741
f 3826 3700 3770
f 3802 3723 3690
f 3696 3724 3741
f 3700 3728 3770
f 3765 3771 3743
f 3728 3772 3842
f 3729 3737 3727
f 3756 3692 3778
f 3651 3760 3645
f 3683 3759 3898
f 3717 3793 3769
f 3734 3722 3699
f 3747 3725 3741
f 3736 3764 3753
f 3724 3754 3741
f 3763 3804 3689
f 3742 3979 3754
f 3735 3744 3704
f 3584 3870 3772
f 3729 3738 3737
f 3671 3812 3749
f 3756 3698 3692
f 3766 3715 3750
f 3706 3976 3941
f 3766 3745 3715
f 3618 3708 3815
f 3751 3781 3758
f 3459 3711 3787
f 3752 3471 3787
f 3793 3717 3776
f 3761 3793 3776
f 3734 3733 3790
f 3733 3769 3790
f 3699 3722 3712
f 3722 3861 3712
f 3712 3808 3735
f 3719 3736 3753
f 3979 3742 3689
f 3690 3791 3802
f 3737 3726 3727
f 3797 3726 3737
f 3748 3765 3713
f 3652 3863 3813
f 3863 3652 3755
f 3755 3679 3744
f 3748 3713 3749
f 3778 3679 3744
f 3730 3821 3750
f 3705 3985 3739
f 3768 3520 3767
f 3875 3629 3720
f 3825 3892 3775
f 3694 3752 3721
f 3775 3776 3717
f 3761 3734 3790
f 3826 3801 3687
f 3840 3801 3826
f 3741 3786 3747
f 3719 3762 3763
f 3796 3738 3743
f 3773 3791 3690
f 3705 3941 3985
f 3598 3822 3836
f 3598 3836 3780
f 3828 3520 3768
f 3542 3629 3709
f 3784 3718 3725
f 3718 3784 3801
f 3785 3857 3584
f 3741 3754 3786
f 3735 3824 3744
f 3728 3842 3770
f 3809 3771 3765
f 3796 3743 3771
f 3738 3811 3737
f 3863 3755 3744
f 3714 3813 3777
f 3766 3746 3745
f 3668 3758 3876
f 3912 3645 3760
f 3721 3752 4011
f 3761 3793 3776
f 3861 3808 3712
f 3784 3725 3803
f 3747 3803 3725
f 3804 3763 3762
f 3735 3808 3824
f 3786 3754 3902
f 3584 3857 3870
f 3802 3791 3945
f 3748 3798 3765
f 3749 3805 3748
f 3679 3714 3777
f 3720 3823 3888
f 3889 3740 3874
f 3668 3876 3682
f 3722 3761 3782
f 3769 3856 3790
f 3783 3723 3802
f 3753 3901 3719
f 3762 3719 3901
f 3809 3796 3771
f 3737 3811 3797
f 3805 3749 3812
f 3777 3679 3744
f 3698 3814 3779
f 3739 3821 3730
f 3821 3739 3854
f 3750 3853 3766
f 3588 3731 3994
f 3589 3956 3759
f 3682 3987 3774
f 4011 3752 3787
f 3776 3839 3793
f 3793 3856 3769
f 3782 3761 3790
f 3791 3773 3819
f 3805 3798 3748
f 3698 3756 3814
f 3780 3837 3799
f 3885 3589 3807
f 3775 3892 3839
f 3788 3891 3794
f 3839 3776 3775
f 3829 3816 3660
f 3722 3900 3861
f 3857 3785 3795
f 3979 3971 3754
f 3810 3764 3797
f 3798 3809 3765
f 3779 3814 3693
f 3767 3673 3873
f 3751 3799 3781
f 3618 3815 3874
f 3731 3645 3949
f 3956 3589 3885
f 3906 3793 3839
f 3793 3845 3856
f 3900 3722 3782
f 3803 3895 3784
f 3798 3858 3809
f 3772 3870 3842
f 3791 3819 3818
f 3744 3777 3863
f 3843 3805 3812
f 3835 3822 3746
f 3673 3740 3889
f 3845 3793 3906
f 3770 3842 3848
f 3764 3810 3753
f 3744 3820 3778
f 3778 3820 3756
f 3739 3985 3854
f 3836 3837 3780
f 3799 3837 3922
f 3838 3905 3514
f 3682 3876 3865
f 3816 3899 3732
f 3660 3783 3829
f 3857 3795 3909
f 3770 3893 3826
f 3847 3933 3677
f 3747 3832 3803
f 3677 3933 3812
f 3869 3796 3809
f 3693 3814 3806
f 3746 3766 3835
f 3828 3768 3914
f 3768 3767 3914
f 4046 3872 3707
f 3823 4010 3888
f 3781 3799 3922
f 3731 3949 3994
f 3801 3840 3877
f 3784 3877 3801
f 3832 3747 3833
f 3971 3902 3754
f 3811 3810 3797
f 3811 3738 3850
f 3824 3827 3744
f 3820 3814 3756
f 3871 3806 3814
f 3821 3853 3750
f 3864 3876 3758
f 3865 3987 3682
f 3830 3839 3892
f 3782 3790 3830
f 3840 3826 3893
f 3833 3747 3786
f 3862 3869 3809
f 3869 3850 3796
f 3791 3818 3945
f 3850 3738 3796
f 3811 3850 3849
f 3811 3849 3810
f 3798 3805 3843
f 3928 3814 3820
f 3767 3873 3914
f 3758 3781 3864
f 3830 3892 3844
f 3790 3867 3856
f 3861 3925 3808
f 3848 3893 3770
f 3804 3762 3958
f 3824 3808 3841
f 3862 3809 3858
f 3810 3834 3753
f 3843 3812 3851
f 3863 3777 3903
f 3744 3827 3820
f 3814 3928 3871
f 3912 3949 3645
f 3514 3800 3838
f 3711 3792 3915
f 3774 3923 3825
f 3721 3855 3789
f 3830 3844 3782
f 3832 3895 3803
f 3918 3862 3858
f 3834 3901 3753
f 3834 3810 3849
f 3880 3777 3813
f 3588 3954 3707
f 3993 3807 3709
f 3800 3792 3915
f 3774 3987 3923
f 3899 3684 3732
f 4077 3721 4011
f 3844 3916 3782
f 3846 3867 3790
f 3894 3877 3784
f 3831 3868 3841
f 3852 3945 3818
f 3798 3843 3879
f 3933 3851 3812
f 3818 3819 3852
f 3819 3897 3852
f 3880 3903 3777
f 3882 3766 3853
f 3629 3883 3709
f 3588 3994 3954
f 3898 3962 3788
f 3899 3760 3684
f 3923 3892 3825
f 4077 3855 3721
f 3847 3789 3855
f 3830 3790 3856
f 3916 3900 3782
f 3846 3868 3924
f 3868 3887 3841
f 3824 3831 3841
f 3925 3841 3808
f 3824 3960 3827
f 3945 3852 4009
f 3859 3863 3878
f 3849 3938 3834
f 3878 3863 3903
f 3879 3858 3798
f 3629 3875 3883
f 3942 3787 3711
f 3988 3829 3783
f 3924 3867 3846
f 3817 3794 3909
f 3795 3817 3909
f 3887 3925 3861
f 3887 3925 3841
f 3842 3870 4008
f 3910 3849 3850
f 3813 3863 3939
f 3903 3880 3992
f 3853 3821 3975
f 3673 3889 3873
f 3720 4014 3875
f 3884 3876 3864
f 4094 3838 3800
f 3898 3759 3956
f 3931 3794 3891
f 3783 3802 3944
f 3784 3895 3894
f 3893 3848 4016
f 3909 3926 3857
f 3821 3854 3975
f 3853 3881 3882
f 3888 4014 3720
f 4033 3864 3781
f 3905 4147 3815
f 3993 3890 3807
f 3760 3899 3995
f 3962 3891 3788
f 3899 3816 3829
f 3830 3856 4031
f 3867 3856 3845
f 3916 3844 3866
f 3790 4031 3856
f 3944 3996 3783
f 3900 3998 3861
f 3924 3868 3831
f 3886 3933 3847
f 3848 3842 4016
f 3824 3960 3917
f 3869 3896 3850
f 3849 3910 3938
f 3859 3939 3863
f 3813 3939 3880
f 3975 3881 3853
f 3874 3815 4156
f 3807 3890 3885
f 4132 3949 3912
f 3915 4094 3800
f 3957 3846 3790
f 3877 3840 3937
f 3824 3917 3831
f 3833 4028 3832
f 3862 3896 3869
f 3902 3833 3786
f 3858 3879 3913
f 3965 3871 3928
f 3874 4156 4216
f 3883 3993 3709
f 3987 3865 4025
f 3844 3892 3866
f 3868 3908 3846
f 3893 3937 3840
f 4028 3895 3832
f 3901 3958 3762
f 4080 3971 3979
f 3850 3896 3910
f 3882 3919 3766
f 3757 3920 3976
f 3921 3922 3837
f 3883 3875 3936
f 4033 3884 3864
f 3838 3955 3905
f 3898 3956 4004
f 3787 3942 4011
f 3839 3830 3907
f 4031 3907 3830
f 3996 3988 3783
f 3909 3794 3931
f 3861 3998 3887
f 4016 4042 3893
f 3913 3918 3858
f 3859 3946 3939
f 3897 3974 3852
f 3827 3928 3820
f 3929 3860 3871
f 3942 3711 3915
f 4055 3760 3995
f 3839 3907 3906
f 3891 3930 3931
f 3957 3846 3908
f 3917 3960 3999
f 3843 3953 3879
f 3904 3992 3880
f 3965 3929 3871
f 3934 3882 3881
f 3920 3757 3911
f 4122 3822 4020
f 3822 4122 3836
f 3954 4046 3707
f 4004 3962 3898
f 3892 3923 3866
f 3790 3957 4031
f 3886 3847 3855
f 3908 3998 3900
f 3990 3887 3925
f 3833 3967 4028
f 3842 4008 4016
f 3926 3870 3857
f 3963 3938 3910
f 4008 3870 3959
f 3913 3879 3953
f 3953 3843 3851
f 3919 3835 3766
f 3828 3914 4040
f 3823 3828 4010
f 3889 3874 4216
f 3760 4055 3912
f 4027 3891 3962
f 3969 3845 3906
f 3908 3900 3916
f 3944 3802 3989
f 3991 3831 3917
f 3887 3998 3925
f 3862 3981 3896
f 3878 3946 3859
f 3896 3963 3910
f 3882 3934 3940
f 3977 3921 3837
f 4014 3888 3948
f 3906 3907 3969
f 3907 4031 3845
f 3916 3957 3908
f 3970 3689 3804
f 3918 3980 3862
f 3927 3901 3834
f 3926 3959 3870
f 3852 3972 4009
f 3852 3974 3972
f 3939 3904 3880
f 3904 4073 3992
f 3882 3940 3919
f 3975 3935 3881
f 4147 4156 3815
f 3986 3956 3885
f 4062 4025 3865
f 3899 3950 3995
f 3866 3943 3916
f 3931 3997 3909
f 4005 3877 3937
f 3958 3970 3804
f 3982 3833 3902
f 3952 3834 3964
f 3834 3938 3964
f 3960 3973 3827
f 3934 3881 3935
f 3822 3835 4020
f 3828 4040 4010
f 3955 4147 3905
f 3899 3829 3988
f 3845 3966 3867
f 3908 3868 3932
f 3908 4007 3998
f 4006 3894 3895
f 3895 4028 4006
f 3868 3887 3990
f 3998 3990 3925
f 3802 3945 3989
f 3981 3862 3980
f 3958 3901 3927
f 4001 3902 3971
f 3973 3928 3827
f 3911 4029 3920
f 3872 4029 3911
f 3922 3921 4003
f 3875 4014 3936
f 3966 3845 4031
f 3916 3943 4015
f 3997 3931 3930
f 3951 3886 3855
f 3877 4005 3894
f 3893 4042 3937
f 3991 3917 3999
f 3963 3964 3938
f 3947 3953 3851
f 3934 3935 3940
f 4029 3872 4046
f 3978 3865 3876
f 3950 3899 3988
f 3891 4027 3930
f 3967 3833 3982
f 3963 3896 4000
f 4010 4040 4130
f 4003 3921 3977
f 4010 3948 3888
f 3781 4116 4033
f 4030 3890 3993
f 3915 4047 3942
f 4004 4026 3962
f 3845 3966 3907
f 3908 3932 4007
f 3909 3997 3926
f 3989 3945 4056
f 4009 4056 3945
f 3999 4023 3960
f 3952 3927 3834
f 3878 3903 3968
f 3960 4023 3973
f 3851 3933 4045
f 4045 3947 3851
f 3939 4066 3904
f 3973 3961 3928
f 3919 4019 3835
f 3836 3977 3837
f 4155 3883 3936
f 3978 3876 3884
f 3978 4062 3865
f 3923 3987 4025
f 3944 3989 3996
f 3916 4015 3957
f 3968 3946 3878
f 3896 3981 4000
f 3946 4066 3939
f 3940 3935 4002
f 3835 4019 4020
f 4014 4131 3936
f 3781 3922 4116
f 3949 4132 4148
f 3923 4025 3866
f 3924 4049 3867
f 3868 3990 3932
f 3886 4044 3933
f 3953 3983 3913
f 3976 4082 3941
f 3873 3889 4105
f 3883 4155 3993
f 3956 3986 4004
f 3845 3966 3969
f 4085 3970 3958
f 3970 3979 3689
f 4022 3918 3913
f 3974 4018 3972
f 3947 3983 3953
f 3854 3984 3975
f 3914 3873 4142
f 4010 4180 3948
f 4014 3948 4131
f 3922 4003 4116
f 3954 3994 4227
f 3966 3969 3907
f 3867 4021 4049
f 3951 3855 4077
f 3937 4050 4005
f 3997 4034 3926
f 3918 4022 3980
f 4151 3967 3982
f 4023 3999 4052
f 4137 3971 4080
f 3964 4058 3952
f 3959 4186 4008
f 3913 3983 4038
f 3928 3961 3965
f 4002 3919 3940
f 3912 4055 4132
f 4095 3988 3996
f 3966 4021 3867
f 4084 3894 4005
f 3924 3831 4049
f 3831 3991 4051
f 4032 4016 4008
f 4017 3963 4000
f 4037 3963 4017
f 4001 3982 3902
f 3963 4037 3964
f 3985 3984 3854
f 4227 4046 3954
f 3890 3986 3885
f 4068 3943 3866
f 4007 4069 3998
f 4038 4022 3913
f 4072 3982 4001
f 4045 3933 4044
f 4059 3947 4045
f 3961 3973 4101
f 3920 4115 3976
f 3866 4025 4068
f 4015 4007 3957
f 3831 4051 4049
f 3932 3990 4035
f 4028 3967 4012
f 3970 4080 3979
f 4056 4009 4043
f 4058 4081 3952
f 4137 4001 3971
f 3968 3903 3992
f 4023 4101 3973
f 3919 4002 4019
f 3993 4155 4075
f 3986 4117 4004
f 4006 4084 3894
f 4032 4008 4186
f 4057 3959 3926
f 3985 4067 3984
f 4082 3976 4115
f 3994 3949 4148
f 4190 3986 3890
f 3955 3838 4094
f 4094 3915 4047
f 4055 3995 3950
f 4118 4011 3942
f 4095 3950 3988
f 4079 3991 3999
f 3981 4017 4000
f 4036 4017 3981
f 4037 4058 3964
f 4001 4127 4072
f 3968 3992 4013
f 4024 3929 3965
f 3985 3941 4082
f 4029 4179 3920
f 4030 3993 4075
f 3994 4148 4227
f 3942 4047 4118
f 3962 4026 4027
f 3886 3951 4070
f 4069 4065 3998
f 3998 4065 3990
f 3990 4065 4035
f 4079 4052 3999
f 3980 4036 3981
f 4151 3982 4072
f 3975 4102 3935
f 3984 4102 3975
f 3935 4102 4002
f 3836 4122 3977
f 4040 3914 4142
f 4049 4021 4107
f 3930 4034 3997
f 3958 3927 4085
f 4111 4080 3970
f 3927 3952 4081
f 3926 4087 4057
f 4022 4135 3980
f 3980 4135 4036
f 3968 4053 3946
f 4037 4091 4058
f 3946 4053 4066
f 4199 4045 4044
f 3972 4018 4039
f 3965 3961 4061
f 4103 4029 4046
f 4116 4003 4104
f 4094 4106 4041
f 4117 4026 4004
f 4118 4076 4011
f 4021 3966 4048
f 3966 4031 4048
f 4007 4015 4069
f 4042 4064 3937
f 4099 4042 4016
f 4087 3926 4034
f 4052 4079 4120
f 4037 4017 4071
f 4137 4127 4001
f 4009 3972 4043
f 4023 4052 4101
f 4101 4061 3961
f 3965 4121 4024
f 4024 4054 3929
f 4147 4174 4156
f 4030 4190 3890
f 4041 3955 4094
f 4011 4076 4077
f 3957 4007 4097
f 4050 4202 4005
f 3932 4097 4007
f 3967 4151 4012
f 3968 4013 4053
f 4153 3972 4039
f 3983 3947 4059
f 3948 4180 4131
f 4146 3978 3884
f 4161 4055 3950
f 3950 4095 4161
f 4027 4090 3930
f 4133 3951 4077
f 4031 3957 4048
f 3996 3989 4108
f 4085 4168 3970
f 4016 4032 4099
f 4153 4043 3972
f 3985 4082 4067
f 3936 4131 4155
f 4026 4140 4027
f 4005 4202 4084
f 4133 4070 3951
f 4081 4163 3927
f 4073 4093 4013
f 4059 4060 3983
f 4040 4142 4130
f 4062 3978 4083
f 4025 4139 4068
f 4183 4055 4161
f 4097 4048 3957
f 3989 4063 4108
f 3937 4064 4050
f 3989 4056 4063
f 4043 4153 4261
f 4092 4022 4038
f 3992 4073 4013
f 4153 4039 4239
f 4102 4019 4002
f 4103 4179 4029
f 4142 3873 4141
f 4104 4003 3977
f 4146 3884 4033
f 4021 4048 4107
f 4049 4051 4078
f 4125 4006 4028
f 4125 4028 4012
f 4032 4185 4099
f 4163 4085 3927
f 4071 4091 4037
f 4135 4022 4092
f 4154 4059 4045
f 4060 4038 3983
f 3920 4160 4115
f 4147 3955 4041
f 3978 4146 4083
f 4117 4149 4026
f 4095 3996 4123
f 4107 4048 4096
f 4015 3943 4119
f 4168 4111 3970
f 4035 4052 4120
f 4044 3886 4070
f 4032 4186 4100
f 4058 4114 4081
f 4052 4035 4128
f 4053 4013 4093
f 4144 4024 4121
f 4019 4102 4159
f 4010 4130 4180
f 3986 4190 4117
f 4132 4055 4183
f 4182 4149 4117
f 4025 4062 4139
f 4096 4048 4097
f 4107 4078 4049
f 4034 3930 4090
f 4064 4124 4050
f 3932 4035 4109
f 4086 4056 4043
f 4135 4112 4036
f 4036 4112 4113
f 4113 4017 4036
f 4199 4154 4045
f 4154 4138 4059
f 4061 4121 3965
f 4024 4144 4054
f 3984 4067 4178
f 4089 3977 4122
f 4089 4104 3977
f 4105 4074 3873
f 4076 4133 4077
f 3996 4108 4123
f 4124 4202 4050
f 4099 4064 4042
f 4097 3932 4109
f 4091 4114 4058
f 3959 4057 4186
f 4052 4128 4101
f 4088 4066 4053
f 4139 4247 4068
f 4068 4119 3943
f 4076 4242 4133
f 4108 4063 4166
f 4034 4090 4098
f 4125 4012 4214
f 4034 4098 4087
f 4032 4100 4185
f 4136 4137 4080
f 4170 4151 4072
f 4066 4088 4073
f 4101 4110 4061
f 4110 4172 4061
f 4122 4020 4173
f 4075 4155 4193
f 4027 4140 4090
f 4015 4119 4069
f 4006 4125 4084
f 4151 4214 4012
f 4261 4086 4043
f 4065 4128 4035
f 4053 4093 4088
f 4038 4138 4092
f 4060 4138 4038
f 4088 4093 4073
f 4140 4162 4090
f 3991 4079 4051
f 4086 4213 4056
f 4080 4111 4221
f 4138 4060 4059
f 3984 4178 4102
f 4097 4078 4096
f 4150 4097 4109
f 4035 4120 4109
f 4113 4071 4017
f 4128 4158 4101
f 4158 4110 4101
f 4145 4178 4067
f 4145 4067 4082
f 4019 4173 4020
f 4118 4277 4076
f 4078 4107 4096
f 4119 4143 4069
f 4078 4097 4150
f 4221 4136 4080
f 4126 4114 4091
f 4061 4172 4121
f 4129 4054 4144
f 4160 3920 4179
f 4116 4104 4181
f 3889 4216 4105
f 4046 4227 4192
f 4095 4210 4161
f 4277 4242 4076
f 4084 4202 4167
f 4078 4051 4134
f 4063 4056 4213
f 4150 4109 4184
f 4081 4114 4163
f 4245 4153 4239
f 4218 4162 4140
f 4125 4167 4084
f 4220 4124 4064
f 4078 4150 4134
f 4064 4099 4220
f 4079 4134 4051
f 4163 4204 4085
f 4143 4065 4069
f 4109 4120 4184
f 4126 4091 4071
f 4115 4226 4082
f 4115 4160 4226
f 4180 4254 4131
f 4146 4033 4116
f 4083 4146 4224
f 4083 4229 4062
f 4068 4247 4119
f 4123 4212 4095
f 4098 4256 4087
f 4143 4196 4065
f 4065 4196 4128
f 4201 4089 4122
f 4282 4155 4131
f 4046 4192 4103
f 4190 4182 4117
f 4106 4094 4255
f 4184 4079 4134
f 4120 4079 4184
f 4176 4044 4070
f 4135 4092 4198
f 4072 4175 4170
f 4082 4226 4145
f 4122 4173 4201
f 4089 4189 4104
f 4130 4142 4265
f 4026 4149 4140
f 4143 4119 4271
f 4098 4090 4256
f 4164 4071 4113
f 4152 4112 4135
f 4127 4137 4136
f 4175 4072 4127
f 4154 4171 4138
f 4157 4149 4182
f 4202 4225 4167
f 4085 4204 4168
f 4112 4164 4113
f 4159 4200 4019
f 4130 4265 4180
f 4104 4189 4181
f 3873 4074 4141
f 4146 4116 4165
f 4174 4147 4041
f 4183 4148 4132
f 4062 4229 4139
f 4119 4247 4271
f 4219 4123 4108
f 4090 4162 4256
f 4214 4279 4125
f 4203 4134 4150
f 4322 4213 4086
f 4164 4126 4071
f 4151 4170 4214
f 4187 4128 4196
f 4152 4135 4198
f 4198 4092 4272
f 4176 4199 4044
f 4171 4092 4138
f 4178 4145 4281
f 4282 4131 4254
f 4193 4155 4282
f 4148 4183 4228
f 4255 4094 4047
f 4063 4213 4166
f 4184 4134 4203
f 4100 4186 4238
f 4187 4158 4128
f 4159 4188 4200
f 4142 4141 4223
f 4146 4165 4224
f 4449 4083 4224
f 4210 4183 4161
f 4047 4285 4118
f 4211 4218 4149
f 4218 4140 4149
f 4108 4166 4219
f 4279 4167 4125
f 4086 4261 4205
f 4256 4169 4087
f 4169 4057 4087
f 4172 4144 4121
f 4178 4159 4102
f 4200 4173 4019
f 4449 4229 4083
f 4099 4185 4220
f 4203 4150 4184
f 4114 4126 4195
f 4110 4268 4172
f 4191 4189 4089
f 4181 4165 4116
f 4328 4220 4185
f 4205 4322 4086
f 4206 4196 4143
f 4163 4114 4207
f 4169 4186 4057
f 4127 4136 4267
f 4178 4215 4159
f 4149 4157 4211
f 4291 4164 4194
f 4110 4158 4222
f 4201 4191 4089
f 4265 4142 4223
f 4190 4270 4182
f 4218 4306 4162
f 4133 4248 4070
f 4164 4237 4126
f 4070 4248 4176
f 4195 4207 4114
f 4158 4187 4222
f 4154 4208 4171
f 4268 4257 4172
f 4172 4129 4144
f 4215 4188 4159
f 4189 4191 4197
f 4197 4234 4189
f 4235 4075 4193
f 4156 4319 4216
f 4041 4106 4258
f 4210 4228 4183
f 4095 4212 4210
f 4248 4133 4242
f 4291 4237 4164
f 4194 4164 4112
f 4222 4268 4110
f 4189 4234 4181
f 4165 4181 4217
f 4123 4219 4212
f 4220 4236 4124
f 4290 4221 4111
f 4100 4238 4185
f 4263 4187 4196
f 4280 4199 4176
f 4154 4199 4208
f 4319 4156 4174
f 4190 4030 4295
f 4041 4258 4174
f 4377 4157 4182
f 4162 4266 4256
f 4204 4243 4168
f 4243 4290 4168
f 4168 4290 4111
f 4323 4204 4163
f 4207 4260 4163
f 4126 4237 4195
f 4153 4245 4251
f 4244 4222 4187
f 4208 4273 4171
f 4275 4129 4172
f 4129 4275 4177
f 4215 4209 4188
f 4200 4269 4173
f 4179 4232 4160
f 4191 4233 4197
f 4202 4124 4236
f 4271 4206 4143
f 4256 4249 4169
f 4186 4169 4230
f 4186 4230 4238
f 4208 4199 4280
f 4178 4293 4215
f 4178 4281 4293
f 4197 4233 4234
f 4074 4105 4288
f 4075 4295 4030
f 4210 4212 4310
f 4277 4118 4285
f 4323 4243 4204
f 4169 4249 4230
f 4198 4272 4359
f 4280 4176 4248
f 4222 4274 4268
f 4257 4275 4172
f 4269 4201 4173
f 4241 4227 4148
f 4210 4276 4228
f 4306 4266 4162
f 4225 4279 4167
f 4263 4196 4206
f 4187 4263 4244
f 4171 4272 4092
f 4234 4240 4181
f 4224 4165 4217
f 4295 4270 4190
f 4285 4255 4047
f 4276 4210 4310
f 4277 4350 4242
f 4267 4136 4221
f 4127 4284 4175
f 4103 4232 4179
f 4234 4233 4240
f 4191 4253 4233
f 4181 4240 4318
f 4318 4217 4181
f 4246 4105 4216
f 4193 4282 4326
f 4295 4075 4235
f 4139 4229 4259
f 4218 4211 4286
f 4166 4213 4346
f 4220 4328 4236
f 4279 4214 4262
f 4323 4163 4260
f 4194 4294 4291
f 4260 4207 4250
f 4267 4284 4127
f 4141 4074 4426
f 4322 4346 4213
f 4202 4236 4225
f 4194 4112 4152
f 4170 4262 4214
f 4261 4153 4251
f 4238 4230 4297
f 4152 4198 4313
f 4316 4222 4244
f 4245 4239 4300
f 4200 4188 4302
f 4233 4318 4240
f 4223 4141 4309
f 4265 4223 4309
f 4254 4337 4282
f 4216 4319 4246
f 4193 4326 4235
f 4266 4249 4256
f 4359 4313 4198
f 4272 4287 4359
f 4274 4222 4316
f 4177 4264 4231
f 4286 4306 4218
f 4296 4248 4242
f 4357 4195 4237
f 4313 4194 4152
f 4261 4251 4311
f 4257 4252 4275
f 4191 4201 4253
f 4233 4253 4318
f 4074 4549 4426
f 4227 4305 4192
f 4241 4148 4228
f 4139 4259 4354
f 4366 4212 4219
f 4378 4248 4296
f 4225 4278 4279
f 4170 4315 4262
f 4307 4316 4244
f 4209 4301 4188
f 4281 4145 4226
f 4228 4348 4241
f 4238 4332 4185
f 4248 4378 4334
f 4263 4307 4244
f 4268 4292 4257
f 4303 4302 4188
f 4302 4269 4200
f 4396 4180 4265
f 4105 4246 4288
f 4258 4106 4298
f 4350 4277 4285
f 4366 4310 4212
f 4366 4219 4373
f 4166 4373 4219
f 4323 4290 4243
f 4236 4278 4225
f 4251 4361 4311
f 4206 4307 4263
f 4238 4297 4332
f 4230 4324 4297
f 4252 4257 4292
f 4275 4264 4177
f 4226 4345 4281
f 4269 4302 4340
f 4232 4448 4160
f 4201 4341 4253
f 4074 4288 4549
f 4227 4241 4305
f 4408 4174 4258
f 4211 4157 4289
f 4296 4242 4350
f 4321 4271 4247
f 4237 4291 4357
f 4195 4250 4207
f 4261 4311 4205
f 4280 4248 4334
f 4273 4287 4171
f 4160 4448 4226
f 4141 4406 4309
f 4182 4270 4377
f 4236 4299 4278
f 4327 4221 4290
f 4278 4283 4279
f 4262 4283 4279
f 4170 4175 4315
f 4293 4209 4215
f 4188 4301 4303
f 4192 4232 4103
f 4396 4304 4180
f 4449 4409 4229
f 4229 4409 4259
f 4286 4211 4289
f 4327 4267 4221
f 4367 4260 4250
f 4262 4315 4333
f 4267 4314 4284
f 4284 4325 4175
f 4280 4334 4208
f 4334 4273 4208
f 4274 4292 4268
f 4252 4394 4275
f 4329 4269 4340
f 4254 4180 4304
f 4326 4282 4337
f 4288 4246 4536
f 4224 4217 4364
f 4235 4326 4320
f 4295 4235 4320
f 4139 4354 4247
f 4271 4331 4206
f 4413 4322 4205
f 4328 4185 4332
f 4194 4453 4294
f 4195 4312 4250
f 4262 4333 4283
f 4313 4382 4194
f 4249 4324 4230
f 4361 4251 4245
f 4252 4292 4335
f 4317 4301 4209
f 4253 4363 4318
f 4465 4319 4174
f 4449 4224 4365
f 4342 4306 4286
f 4323 4347 4290
f 4311 4413 4205
f 4374 4314 4267
f 4315 4175 4325
f 4171 4287 4272
f 4316 4352 4274
f 4274 4352 4292
f 4406 4141 4426
f 4323 4260 4343
f 4283 4278 4299
f 4312 4367 4250
f 4284 4314 4325
f 4275 4395 4264
f 4293 4317 4209
f 4309 4396 4265
f 4304 4337 4254
f 4298 4408 4258
f 4228 4276 4348
f 4157 4377 4289
f 4373 4166 4346
f 4271 4321 4331
f 4325 4425 4315
f 4252 4335 4394
f 4345 4293 4281
f 4201 4269 4329
f 4536 4246 4492
f 4328 4299 4236
f 4266 4404 4249
f 4324 4308 4297
f 4329 4340 4362
f 4246 4319 4492
f 4398 4289 4377
f 4255 4285 4510
f 4266 4306 4356
f 4273 4334 4287
f 4335 4292 4336
f 4394 4395 4275
f 4201 4329 4341
f 4276 4391 4348
f 4412 4276 4310
f 4355 4321 4247
f 4327 4374 4267
f 4260 4367 4343
f 4351 4328 4332
f 4249 4404 4324
f 4308 4332 4297
f 4314 4360 4325
f 4264 4395 4339
f 4302 4303 4340
f 4226 4448 4345
f 4305 4232 4192
f 4217 4318 4363
f 4465 4174 4408
f 4266 4356 4404
f 4299 4344 4283
f 4206 4392 4307
f 4313 4359 4382
f 4245 4389 4361
f 4245 4300 4376
f 4253 4341 4363
f 4330 4295 4320
f 4289 4398 4286
f 4347 4327 4290
f 4294 4357 4291
f 4195 4357 4312
f 4382 4453 4194
f 4375 4332 4308
f 4389 4245 4376
f 4292 4352 4336
f 4293 4345 4353
f 4241 4431 4305
f 4372 4270 4295
f 4328 4338 4299
f 4206 4331 4392
f 4351 4332 4375
f 4314 4368 4360
f 4288 4536 4549
f 4510 4450 4255
f 4399 4286 4398
f 4247 4354 4355
f 4356 4306 4342
f 4308 4324 4370
f 4380 4389 4376
f 4352 4335 4429
f 4364 4365 4224
f 4515 4377 4270
f 4285 4350 4349
f 4366 4373 4400
f 4346 4322 4413
f 4299 4338 4344
f 4429 4335 4336
f 4303 4301 4371
f 4396 4309 4406
f 4326 4337 4476
f 4477 4327 4347
f 4328 4351 4338
f 4357 4358 4312
f 4312 4358 4367
f 4425 4333 4315
f 4369 4334 4378
f 4360 4440 4325
f 4436 4370 4324
f 4392 4316 4307
f 4316 4393 4352
f 4336 4352 4429
f 4295 4330 4372
f 4438 4354 4259
f 4310 4366 4516
f 4286 4399 4342
f 4355 4457 4321
f 4343 4367 4445
f 4386 4314 4374
f 4308 4370 4375
f 4324 4405 4436
f 4334 4410 4287
f 4392 4379 4316
f 4363 4364 4217
f 4348 4407 4241
f 4106 4450 4298
f 4106 4255 4450
f 4516 4412 4310
f 4400 4373 4346
f 4387 4344 4338
f 4404 4405 4324
f 4410 4359 4287
f 4379 4393 4316
f 4336 4429 4428
f 4352 4394 4335
f 4293 4353 4317
f 4232 4384 4448
f 4305 4384 4232
f 4431 4241 4407
f 4412 4391 4276
f 4377 4472 4398
f 4356 4342 4419
f 4321 4457 4331
f 4343 4347 4323
f 4327 4477 4386
f 4374 4327 4386
f 4413 4311 4427
f 4351 4387 4338
f 4311 4361 4427
f 4344 4388 4283
f 4389 4420 4361
f 4303 4403 4340
f 4476 4337 4304
f 4409 4438 4259
f 4346 4413 4400
f 4444 4358 4357
f 4387 4351 4383
f 4392 4421 4379
f 4336 4429 4422
f 4371 4411 4403
f 4371 4403 4303
f 4371 4301 4411
f 4329 4464 4341
f 4341 4464 4363
f 4363 4390 4364
f 4385 4365 4364
f 4515 4270 4372
f 4445 4414 4343
f 4358 4445 4367
f 4368 4314 4386
f 4351 4375 4383
f 4283 4333 4388
f 4368 4484 4360
f 4410 4334 4369
f 4484 4440 4360
f 4403 4362 4340
f 4363 4464 4390
f 4348 4391 4407
f 4580 4449 4365
f 4457 4461 4331
f 4404 4452 4405
f 4388 4344 4423
f 4387 4423 4344
f 4333 4425 4388
f 4522 4359 4410
f 4375 4370 4401
f 4479 4379 4421
f 4436 4401 4370
f 4376 4459 4380
f 4353 4345 4507
f 4397 4364 4390
f 4408 4418 4465
f 4580 4365 4385
f 4342 4399 4419
f 4404 4356 4419
f 4378 4296 4454
f 4420 4389 4478
f 4521 4410 4369
f 4479 4393 4379
f 4396 4415 4304
f 4397 4385 4364
f 4465 4492 4319
f 4377 4515 4472
f 4354 4539 4355
f 4439 4296 4350
f 4343 4414 4347
f 4462 4421 4392
f 4375 4401 4383
f 4440 4425 4325
f 4416 4394 4352
f 4326 4456 4320
f 4414 4477 4347
f 4294 4432 4357
f 4425 4402 4388
f 4428 4475 4336
f 4464 4329 4362
f 4396 4406 4415
f 4471 4391 4412
f 4409 4574 4438
f 4454 4296 4439
f 4331 4462 4392
f 4461 4462 4331
f 4432 4467 4357
f 4467 4444 4357
f 4386 4503 4368
f 4434 4402 4388
f 4305 4431 4384
f 4326 4476 4456
f 4358 4468 4445
f 4427 4361 4420
f 4387 4383 4423
f 4393 4416 4352
f 4345 4448 4543
f 4407 4491 4431
f 4320 4589 4330
f 4454 4369 4378
f 4521 4369 4454
f 4388 4423 4434
f 4436 4405 4424
f 4336 4422 4475
f 4416 4437 4394
f 4395 4381 4339
f 4301 4611 4411
f 4301 4317 4611
f 4304 4415 4509
f 4320 4456 4589
f 4407 4391 4471
f 4521 4541 4410
f 4401 4436 4435
f 4437 4395 4394
f 4353 4611 4317
f 4403 4447 4362
f 4417 4397 4390
f 4349 4510 4285
f 4516 4366 4524
f 4453 4432 4294
f 4383 4401 4455
f 4478 4389 4380
f 4417 4442 4397
f 4398 4472 4495
f 4452 4463 4405
f 4359 4522 4502
f 4405 4463 4424
f 4402 4425 4433
f 4403 4411 4446
f 4611 4353 4507
f 4403 4446 4447
f 4362 4447 4430
f 4362 4508 4464
f 4390 4464 4442
f 4390 4442 4417
f 4538 4408 4298
f 4495 4399 4398
f 4366 4400 4451
f 4404 4419 4458
f 4382 4359 4502
f 4474 4484 4368
f 4434 4433 4402
f 4425 4440 4433
f 4435 4455 4401
f 4437 4490 4395
f 4430 4447 4506
f 4304 4509 4476
f 4330 4486 4372
f 4515 4372 4486
f 4438 4539 4354
f 4349 4350 4525
f 4404 4458 4452
f 4444 4468 4358
f 4477 4519 4386
f 4519 4503 4386
f 4455 4434 4423
f 4383 4455 4423
f 4437 4416 4441
f 4507 4345 4543
f 4418 4443 4465
f 4349 4530 4510
f 4451 4400 4413
f 4526 4468 4444
f 4452 4499 4463
f 4433 4434 4489
f 4441 4416 4393
f 4441 4490 4437
f 4490 4381 4395
f 4448 4500 4543
f 4538 4418 4408
f 4349 4525 4530
f 4539 4457 4355
f 4366 4451 4524
f 4413 4427 4512
f 4452 4458 4497
f 4467 4473 4444
f 4382 4487 4453
f 4455 4489 4434
f 4563 4491 4407
f 4438 4466 4539
f 4518 4413 4512
f 4455 4435 4514
f 4436 4469 4435
f 4422 4480 4475
f 4431 4553 4384
f 4418 4538 4443
f 4466 4438 4574
f 4451 4413 4518
f 4432 4511 4467
f 4414 4445 4483
f 4435 4469 4514
f 4480 4428 4429
f 4448 4384 4500
f 4397 4485 4501
f 4406 4426 4470
f 4501 4385 4397
f 4563 4407 4471
f 4494 4298 4450
f 4495 4496 4399
f 4498 4477 4414
f 4503 4474 4368
f 4440 4484 4433
f 4460 4475 4428
f 4428 4480 4460
f 4422 4429 4480
f 4411 4611 4446
f 4485 4397 4442
f 4449 4580 4409
f 4457 4566 4461
f 4445 4468 4483
f 4436 4424 4493
f 4484 4433 4489
f 4446 4534 4447
f 4506 4447 4534
f 4553 4500 4384
f 4525 4350 4439
f 4496 4419 4399
f 4520 4454 4439
f 4473 4526 4444
f 4502 4487 4382
f 4521 4454 4520
f 4545 4463 4499
f 4455 4514 4489
f 4479 4504 4393
f 4442 4464 4485
f 4470 4415 4406
f 4476 4509 4625
f 4471 4412 4627
f 4473 4467 4482
f 4497 4499 4452
f 4427 4420 4512
f 4420 4478 4488
f 4503 4532 4474
f 4459 4513 4380
f 4493 4469 4436
f 4504 4441 4393
f 4430 4508 4362
f 4508 4485 4464
f 4431 4529 4553
f 4431 4491 4529
f 4415 4470 4572
f 4574 4409 4635
f 4515 4481 4472
f 4472 4481 4495
f 4487 4432 4453
f 4421 4462 4568
f 4488 4512 4420
f 4421 4568 4479
f 4531 4424 4463
f 4460 4480 4475
f 4600 4508 4430
f 4572 4509 4415
f 4476 4625 4456
f 4510 4494 4450
f 4516 4627 4412
f 4495 4517 4496
f 4474 4489 4484
f 4426 4549 4646
f 4580 4635 4409
f 4539 4566 4457
f 4498 4519 4477
f 4493 4547 4469
f 4469 4542 4514
f 4508 4562 4485
f 4501 4550 4385
f 4486 4330 4589
f 4481 4517 4495
f 4487 4511 4432
f 4483 4468 4526
f 4583 4483 4526
f 4463 4545 4531
f 4410 4541 4522
f 4528 4424 4531
f 4532 4474 4489
f 4424 4528 4493
f 4513 4478 4380
f 4505 4381 4490
f 4611 4552 4446
f 4485 4562 4570
f 4485 4570 4501
f 4538 4298 4494
f 4502 4551 4487
f 4577 4488 4478
f 4385 4550 4580
f 4589 4456 4581
f 4524 4627 4516
f 4458 4419 4496
f 4498 4621 4519
f 4483 4544 4414
f 4461 4568 4462
f 4547 4542 4469
f 4504 4599 4441
f 4439 4595 4525
f 4544 4498 4414
f 4487 4551 4592
f 4545 4597 4527
f 4545 4527 4531
f 4541 4535 4522
f 4478 4513 4555
f 4489 4514 4542
f 4426 4646 4470
f 4456 4625 4581
f 4451 4518 4582
f 4576 4497 4458
f 4511 4482 4467
f 4568 4523 4479
f 4493 4528 4537
f 4537 4547 4493
f 4430 4506 4600
f 4675 4471 4627
f 4554 4538 4494
f 4439 4520 4595
f 4473 4613 4526
f 4576 4545 4499
f 4532 4489 4579
f 4446 4586 4534
f 4500 4560 4543
f 4557 4529 4491
f 4563 4557 4491
f 4588 4443 4538
f 4471 4675 4563
f 4566 4539 4466
f 4487 4591 4511
f 4535 4622 4522
f 4531 4546 4528
f 4465 4443 4626
f 4525 4628 4530
f 4613 4473 4482
f 4583 4544 4483
f 4576 4499 4497
f 4502 4522 4567
f 4523 4504 4479
f 4579 4489 4542
f 4500 4553 4658
f 4626 4443 4588
f 4573 4515 4486
f 4573 4481 4515
f 4481 4602 4517
f 4458 4496 4602
f 4540 4532 4503
f 4533 4505 4605
f 4639 4533 4605
f 4548 4534 4586
f 4552 4586 4446
f 4500 4658 4560
f 4625 4509 4572
f 4563 4601 4557
f 4494 4510 4565
f 4627 4524 4650
f 4510 4530 4565
f 4496 4517 4602
f 4524 4451 4582
f 4613 4583 4526
f 4512 4488 4596
f 4521 4520 4578
f 4599 4504 4523
f 4441 4599 4490
f 4490 4605 4505
f 4508 4600 4561
f 4501 4570 4550
f 4494 4565 4590
f 4595 4628 4525
f 4518 4512 4596
f 4498 4620 4621
f 4527 4546 4531
f 4478 4555 4577
f 4623 4542 4585
f 4547 4585 4542
f 4552 4611 4569
f 4543 4649 4507
f 4572 4470 4556
f 4571 4580 4550
f 4466 4647 4566
f 4519 4558 4503
f 4576 4584 4545
f 4545 4584 4597
f 4528 4546 4537
f 4542 4623 4579
f 4548 4617 4534
f 4508 4561 4562
f 4470 4646 4556
f 4465 4626 4492
f 4538 4564 4588
f 4563 4675 4601
f 4747 4601 4675
f 4554 4564 4538
f 4650 4524 4619
f 4606 4461 4566
f 4540 4503 4558
f 4578 4541 4521
f 4622 4535 4578
f 4537 4585 4547
f 4617 4506 4534
f 4552 4569 4610
f 4549 4587 4646
f 4628 4565 4530
f 4619 4524 4582
f 4458 4575 4576
f 4591 4482 4511
f 4577 4593 4488
f 4502 4567 4551
f 4541 4578 4535
f 4490 4599 4605
f 4562 4594 4570
f 4554 4494 4590
f 4466 4574 4647
f 4481 4573 4696
f 4458 4602 4575
f 4488 4593 4596
f 4621 4558 4519
f 4532 4579 4540
f 4546 4624 4537
f 4597 4559 4527
f 4652 4599 4523
f 4555 4513 4598
f 4552 4610 4586
f 4543 4560 4649
f 4640 4550 4570
f 4635 4681 4574
f 4647 4606 4566
f 4487 4603 4591
f 4520 4578 4638
f 4558 4648 4540
f 4527 4559 4546
f 4577 4555 4608
f 4624 4585 4537
f 4562 4561 4634
f 4553 4529 4618
f 4529 4557 4618
f 4572 4556 4670
f 4587 4549 4536
f 4554 4612 4564
f 4481 4696 4602
f 4591 4698 4482
f 4576 4575 4636
f 4597 4609 4559
f 4623 4585 4624
f 4548 4586 4633
f 4618 4746 4553
f 4573 4486 4708
f 4682 4565 4628
f 4698 4613 4482
f 4620 4498 4544
f 4576 4636 4584
f 4522 4622 4567
f 4624 4546 4559
f 4633 4617 4548
f 4586 4610 4633
f 4600 4689 4561
f 4634 4594 4562
f 4572 4670 4625
f 4518 4596 4582
f 4583 4654 4544
f 4597 4584 4644
f 4609 4656 4559
f 4536 4492 4717
f 4589 4708 4486
f 4590 4565 4661
f 4636 4575 4602
f 4487 4592 4603
f 4593 4666 4596
f 4621 4643 4558
f 4540 4579 4623
f 4609 4597 4644
f 4507 4569 4611
f 4507 4649 4569
f 4506 4617 4600
f 4600 4617 4689
f 4553 4746 4658
f 4594 4645 4570
f 4640 4570 4645
f 4536 4717 4587
f 4557 4601 4618
f 4580 4571 4716
f 4580 4716 4635
f 4747 4675 4781
f 4612 4554 4590
f 4565 4682 4661
f 4665 4636 4602
f 4582 4596 4705
f 4655 4593 4577
f 4604 4605 4599
f 4556 4646 4660
f 4492 4626 4717
f 4647 4574 4681
f 4568 4607 4523
f 4555 4598 4704
f 4665 4602 4696
f 4603 4592 4651
f 4614 4641 4637
f 4614 4629 4631
f 4614 4637 4629
f 4624 4559 4656
f 4615 4614 4631
f 4608 4655 4577
f 4604 4653 4605
f 4653 4639 4605
f 4594 4634 4659
f 4680 4556 4660
f 4662 4637 4641
f 4629 4673 4631
f 4673 4615 4631
f 4632 4656 4609
f 4608 4555 4704
f 4644 4632 4609
f 4645 4594 4659
f 4550 4640 4571
f 4556 4680 4670
f 4601 4747 4618
f 4718 4675 4627
f 4619 4582 4705
f 4584 4636 4697
f 4698 4642 4613
f 4613 4642 4583
f 4643 4621 4620
f 4648 4558 4643
f 4714 4593 4655
f 4629 4701 4673
f 4648 4540 4623
f 4623 4624 4648
f 4656 4632 4657
f 4652 4604 4599
f 4598 4616 4704
f 4588 4564 4663
f 4690 4595 4520
f 4654 4620 4544
f 4583 4642 4654
f 4614 4615 4667
f 4714 4655 4608
f 4589 4581 4740
f 4628 4595 4682
f 4705 4596 4685
f 4461 4606 4568
f 4676 4698 4591
f 4596 4666 4685
f 4520 4638 4690
f 4567 4728 4551
f 4567 4753 4622
f 4584 4688 4644
f 4692 4624 4656
f 4607 4652 4523
f 4653 4604 4731
f 4660 4646 4587
f 4581 4625 4713
f 4741 4573 4708
f 4647 4759 4801
f 4603 4676 4591
f 4666 4593 4678
f 4728 4753 4567
f 4614 4667 4707
f 4687 4674 4615
f 4687 4615 4673
f 4608 4704 4735
f 4652 4731 4604
f 4633 4724 4617
f 4589 4740 4708
f 4695 4663 4564
f 4590 4661 4612
f 4647 4681 4759
f 4697 4636 4665
f 4614 4672 4641
f 4603 4651 4676
f 4551 4651 4592
f 4719 4629 4637
f 4701 4629 4719
f 4707 4721 4614
f 4624 4692 4648
f 4688 4692 4656
f 4607 4731 4652
f 4644 4688 4632
f 4667 4615 4674
f 4653 4668 4639
f 4617 4724 4689
f 4659 4737 4645
f 4588 4663 4833
f 4564 4612 4695
f 4650 4718 4627
f 4650 4619 4664
f 4719 4637 4662
f 4690 4638 4630
f 4584 4697 4677
f 4728 4651 4551
f 4620 4706 4643
f 4630 4638 4686
f 4688 4584 4677
f 4688 4656 4657
f 4632 4688 4657
f 4714 4608 4735
f 4569 4796 4787
f 4649 4796 4569
f 4659 4634 4737
f 4587 4717 4679
f 4660 4587 4679
f 4625 4670 4713
f 4664 4718 4650
f 4606 4647 4801
f 4672 4662 4641
f 4568 4606 4607
f 4654 4706 4620
f 4614 4721 4672
f 4678 4593 4714
f 4687 4707 4674
f 4610 4669 4633
f 4689 4808 4561
f 4561 4808 4634
f 4716 4681 4635
f 4662 4683 4671
f 4705 4685 4710
f 4662 4671 4826
f 4642 4766 4654
f 4666 4678 4685
f 4693 4707 4687
f 4686 4622 4753
f 4687 4673 4694
f 4569 4757 4610
f 4658 4846 4560
f 4588 4833 4626
f 4696 4573 4741
f 4684 4606 4801
f 4815 4595 4690
f 4691 4677 4697
f 4685 4678 4827
f 4839 4731 4607
f 4686 4578 4622
f 4712 4668 4653
f 4581 4713 4740
f 4698 4766 4642
f 4643 4706 4699
f 4643 4699 4648
f 4686 4638 4578
f 4694 4693 4687
f 4649 4846 4796
f 4645 4737 4640
f 4716 4773 4681
f 4682 4595 4815
f 4678 4714 4827
f 4707 4693 4703
f 4694 4673 4701
f 4692 4688 4730
f 4667 4674 4707
f 4731 4712 4653
f 4669 4724 4633
f 4649 4560 4846
f 4689 4736 4808
f 4680 4660 4739
f 4680 4810 4670
f 4661 4742 4612
f 4733 4696 4741
f 4696 4733 4665
f 4732 4683 4662
f 4662 4826 4719
f 4690 4630 4726
f 4766 4698 4676
f 4697 4720 4691
f 4606 4839 4607
f 4702 4743 4700
f 4692 4699 4648
f 4688 4677 4691
f 4721 4707 4703
f 4703 4693 4729
f 4729 4693 4694
f 4661 4682 4742
f 4699 4692 4744
f 4721 4703 4723
f 4686 4753 4754
f 4918 4714 4906
f 4714 4735 4906
f 4680 4739 4810
f 4773 4716 4809
f 4718 4781 4675
f 4695 4612 4709
f 4709 4612 4742
f 4742 4682 4815
f 4672 4732 4662
f 4690 4726 4815
f 4651 4750 4676
f 4728 4727 4651
f 4569 4787 4757
f 4717 4626 4833
f 4619 4760 4664
f 4619 4705 4760
f 4676 4750 4817
f 4651 4727 4750
f 4706 4654 4776
f 4701 4719 4715
f 4700 4715 4702
f 4715 4700 4701
f 4691 4730 4688
f 4715 4694 4701
f 4610 4757 4669
f 4724 4909 4689
f 4679 4739 4660
f 4833 4798 4717
f 4663 4790 4849
f 4695 4790 4663
f 4725 4683 4732
f 4801 4761 4684
f 4606 4684 4839
f 4775 4749 4711
f 4676 4817 4766
f 4774 4691 4720
f 4722 4699 4706
f 4715 4700 4701
f 4743 4702 4734
f 4630 4686 4786
f 4763 4692 4755
f 4730 4755 4692
f 4695 4709 4790
f 4748 4725 4732
f 4779 4753 4728
f 4734 4702 4745
f 4754 4786 4686
f 4780 4755 4730
f 4822 4716 4571
f 4717 4798 4679
f 4822 4809 4716
f 4810 4713 4670
f 4663 4772 4833
f 4681 4773 4759
f 4732 4672 4816
f 4665 4783 4697
f 4816 4672 4721
f 4751 4722 4706
f 4722 4744 4699
f 4723 4777 4721
f 4630 4786 4791
f 4727 4779 4728
f 4691 4803 4730
f 4744 4692 4763
f 4745 4703 4729
f 4746 4758 4658
f 4737 4738 4640
f 4781 4948 4747
f 4739 4679 4798
f 4725 4671 4683
f 4665 4733 4783
f 4697 4783 4720
f 4827 4710 4685
f 4630 4791 4726
f 4775 4749 4711
f 4750 4785 4727
f 4767 4775 4711
f 4743 4775 4767
f 4734 4767 4743
f 4803 4691 4774
f 4777 4723 4752
f 4734 4752 4723
f 4702 4715 4745
f 4762 4734 4723
f 4918 4827 4714
f 4715 4729 4694
f 4803 4780 4730
f 4731 4839 5042
f 4909 4736 4689
f 4618 4747 4789
f 4772 4663 4849
f 4708 4740 4799
f 4766 4776 4654
f 4706 4776 4751
f 4719 4770 4715
f 4743 4700 4715
f 4715 4745 4743
f 4762 4745 4734
f 4762 4703 4745
f 4729 4715 4745
f 4712 4731 4764
f 4724 4669 4807
f 4669 4757 4807
f 4658 4758 4846
f 4713 4799 4740
f 4708 4812 4741
f 4765 4748 4835
f 4748 4800 4725
f 4835 4732 4816
f 4815 4726 4825
f 4770 4775 4743
f 4769 4777 4752
f 4723 4703 4762
f 4755 4780 4841
f 4807 4795 4724
f 4746 4788 4758
f 4640 4832 4571
f 4948 4789 4747
f 4773 4782 4759
f 4812 4852 4741
f 4741 4852 4733
f 4835 4748 4732
f 4760 4705 4710
f 4783 4733 4802
f 4684 4761 4839
f 4777 4816 4721
f 4775 4749 4767
f 4767 4775 4711
f 4769 4734 4767
f 4770 4743 4745
f 4744 4722 4804
f 4734 4769 4752
f 4777 4752 4769
f 4805 4762 4745
f 4779 4754 4753
f 4831 4756 4794
f 4738 4634 4808
f 4738 4737 4634
f 4814 4765 4835
f 4783 4774 4720
f 4749 4784 4767
f 4767 4768 4769
f 4715 4770 4745
f 4752 4778 4769
f 4763 4804 4744
f 4763 4755 4843
f 4764 4961 4712
f 4796 4878 4787
f 4724 4795 4909
f 4640 4738 4832
f 4810 4739 4823
f 4708 4799 4812
f 4742 4911 4709
f 4814 4813 4765
f 4765 4813 4748
f 4777 4836 4816
f 4817 4888 4750
f 4719 4826 4770
f 4766 4902 4776
f 4784 4768 4767
f 4804 4722 4751
f 4778 4768 4769
f 4805 4770 4856
f 4818 4778 4752
f 4755 4841 4843
f 4787 4807 4757
f 4746 4797 4788
f 4746 4618 4797
f 4771 4713 4810
f 4799 4713 4771
f 4773 4809 5279
f 4849 4790 4824
f 4802 4733 4852
f 4801 4979 4761
f 4671 4725 4886
f 4900 4749 4775
f 4775 4770 4855
f 4902 4819 4776
f 4777 4752 4838
f 4752 4793 4838
f 4571 4832 4822
f 4809 4822 4861
f 5279 4782 4773
f 4790 4709 4864
f 4813 4800 4748
f 4791 4825 4726
f 4749 4900 4784
f 4888 4785 4750
f 4855 4900 4775
f 4785 4779 4727
f 4776 4819 4751
f 4751 4857 4804
f 4786 4792 4791
f 4805 4855 4770
f 4855 4805 4778
f 4762 4745 4805
f 4804 4763 4843
f 5042 4764 4731
f 4830 4756 4860
f 4830 4794 4756
f 4794 4830 4891
f 4806 4756 4877
f 4909 4936 4736
f 4738 4808 5098
f 4797 4618 4789
f 4739 4798 4847
f 5371 5279 4809
f 4824 4790 4864
f 4814 4923 4811
f 4709 4911 4864
f 4742 4815 4911
f 4725 4800 4886
f 4866 4783 4802
f 4778 4818 4768
f 4770 4916 4856
f 4829 4840 4793
f 4857 4819 4820
f 4786 4754 4792
f 4794 4821 4831
f 4736 5098 4808
f 4781 4718 4921
f 4811 4813 4814
f 4826 4671 4886
f 4774 4783 4866
f 4866 4803 4774
f 4838 4836 4777
f 4817 4902 4766
f 4752 4768 4818
f 4751 4819 4857
f 4780 4803 4837
f 4805 4778 4818
f 4915 4820 4819
f 4792 4754 4932
f 4830 4884 4891
f 4860 4756 4806
f 4877 4756 4831
f 4935 4712 4961
f 4795 4807 4845
f 4847 4823 4739
f 5002 4798 4833
f 4771 4810 4823
f 4770 4826 4916
f 4838 4897 4836
f 4840 4897 4838
f 4853 4838 4828
f 4828 4752 4768
f 4793 4828 4838
f 4829 4793 4840
f 4855 4805 4818
f 4869 4820 4857
f 4842 4830 4860
f 4907 4794 4891
f 4787 4878 4807
f 4822 5015 4861
f 4863 4834 4872
f 4923 4850 4811
f 4851 4863 4872
f 4799 4885 4812
f 4852 4812 4885
f 4759 5562 4801
f 4801 5562 4979
f 4815 4825 4911
f 4924 4866 4802
f 4881 4897 4840
f 4881 4840 4838
f 4778 4818 4855
f 4855 4805 4856
f 4837 4841 4780
f 4752 4828 4793
f 4915 4820 4883
f 4843 4858 4804
f 4883 4820 4859
f 4820 4869 4859
f 4907 4893 4794
f 4844 4821 4893
f 4893 4821 4794
f 4821 4844 4877
f 4821 4877 4831
f 4795 4919 4909
f 4936 5098 4736
f 4832 5015 4822
f 4781 4921 4948
f 4834 4863 4938
f 4922 4850 4923
f 4759 4782 5562
f 4851 4872 4873
f 4835 4923 4814
f 4874 4851 4873
f 5202 4760 4710
f 4768 4784 4853
f 4838 4853 4881
f 4853 4828 4768
f 4827 4918 4985
f 4841 4868 4843
f 4754 4779 4932
f 4842 4860 4867
f 4845 4919 4795
f 4861 5015 5087
f 4894 4871 4949
f 4894 4848 4871
f 4894 4862 4848
f 4809 4861 5371
f 4798 5002 4910
f 4799 4771 4885
f 4951 4811 4850
f 4851 4962 4863
f 4872 4834 4879
f 4874 4873 4895
f 4895 4941 4874
f 4835 4816 4836
f 4924 4865 4866
f 4880 4836 4897
f 4791 4792 4825
f 4875 4837 4803
f 4817 4944 4902
f 4888 4973 4785
f 4889 4867 4876
f 4804 4858 4857
f 4889 4842 4867
f 4889 4927 4842
f 4858 4843 4868
f 4842 4884 4830
f 4869 4870 4859
f 4867 4860 4806
f 4907 4934 4893
f 4893 4934 4844
f 4796 4846 5086
f 4798 4910 4847
f 4850 4848 4862
f 4938 5018 4834
f 4811 5019 4813
f 4813 5019 4800
f 4880 4923 4835
f 4911 4825 4956
f 4882 4895 4896
f 4866 4875 4803
f 4853 4854 4881
f 4856 4914 4855
f 4837 4868 4841
f 4857 4858 4904
f 4917 4932 4779
f 4904 4869 4857
f 4859 4870 4883
f 4858 4868 4904
f 5028 4867 4806
f 4870 4869 4904
f 4844 4934 4877
f 4908 4845 4807
f 4848 4950 4871
f 4833 4772 5002
f 4873 4978 4895
f 4836 4880 4835
f 4966 4941 4895
f 4865 4875 4866
f 4761 5282 4957
f 4880 4897 4912
f 4887 4854 4913
f 4826 5039 4916
f 4882 4896 4876
f 4854 4853 4898
f 4784 4900 4853
f 4761 5042 4839
f 4888 4817 4945
f 4944 4945 4817
f 4855 4914 4900
f 4959 4868 4837
f 4876 4867 4882
f 4785 4973 4779
f 4842 4927 4884
f 4908 4807 4878
f 4845 5436 4919
f 4987 4949 4871
f 4862 4951 4850
f 4850 4963 4848
f 4834 5018 4879
f 4962 4851 4976
f 4940 4852 4885
f 4852 4940 4802
f 4872 4879 4873
f 5033 4851 4874
f 4802 4940 4924
f 4873 4879 4978
f 4895 4882 4966
f 4991 4966 4882
f 4970 4825 4792
f 4896 4889 4876
f 4914 5024 4900
f 4902 4915 4819
f 4856 4916 4914
f 4883 4870 5061
f 4806 4877 4947
f 4933 4892 4891
f 4907 4933 4891
f 4871 4950 4987
f 4862 4894 4920
f 4823 4847 5050
f 5160 4718 4664
f 4760 4988 4664
f 4874 5052 5033
f 5052 4874 4941
f 4800 4965 4886
f 5057 4895 4978
f 5039 4826 4886
f 4710 4827 5204
f 5024 4898 4900
f 4898 4881 4854
f 4881 4899 4897
f 4900 4898 4853
f 4930 4901 4890
f 4959 4904 4868
f 4883 5061 4915
f 4901 4903 4890
f 4870 4904 5061
f 4891 5047 4892
f 4934 4893 4933
f 4950 4848 5004
f 5050 4975 4823
f 5002 4772 4849
f 4951 4939 4811
f 4911 4989 4864
f 4965 4800 5019
f 4979 5282 4761
f 4865 4924 4953
f 4926 4942 4955
f 4955 4926 4925
f 5057 4896 4895
f 4865 4953 5009
f 4956 4825 4970
f 4865 5009 4875
f 5024 4943 4898
f 4913 4854 4928
f 4912 4897 4899
f 4887 5010 4854
f 4827 4985 5204
f 4896 4927 4889
f 5009 4959 4875
f 4957 5042 4761
f 4875 4959 4837
f 4928 4881 4898
f 4945 4973 4888
f 4973 4917 4779
f 4903 4905 4890
f 5042 5044 4764
f 4918 4906 4960
f 4907 5047 4891
f 4934 4933 4907
f 4934 4893 4933
f 4845 4908 5343
f 4878 4796 4908
f 5344 4909 4919
f 4832 4738 5015
f 4937 4948 4921
f 4951 4862 5067
f 5004 4848 4963
f 4976 5558 4962
f 4849 4824 4977
f 4851 5033 4976
f 4923 4880 4922
f 4880 4964 4922
f 4880 4912 4964
f 4942 4955 4926
f 4926 4955 4913
f 4926 4913 4967
f 4912 4899 4980
f 4854 5010 4928
f 4899 4881 4928
f 4929 4901 4930
f 4901 4931 4903
f 4904 4959 5061
f 4882 4867 5028
f 4892 4933 4947
f 4947 4934 4877
f 4845 5343 5436
f 5237 4949 4987
f 4949 5237 5215
f 4894 4949 5215
f 5065 4894 5215
f 4862 4920 5067
f 4847 4910 5050
f 5002 4849 5003
f 4922 4963 4850
f 5072 5019 4811
f 4953 4924 4940
f 4942 4955 4925
f 4964 4912 4954
f 4913 4928 4967
f 4928 4898 4982
f 4916 5039 4958
f 4959 5009 5076
f 4929 4930 5008
f 4970 4792 4946
f 4931 4929 5026
f 4901 4929 4931
f 4792 4932 4946
f 4930 4890 4972
f 4984 4944 4902
f 4915 4984 4902
f 4984 4915 5061
f 4972 4890 4905
f 5028 4806 5084
f 4891 4884 4907
f 4986 4998 5047
f 5047 4999 4986
f 4892 5047 4947
f 5047 4907 4999
f 5303 4796 5086
f 4738 5098 5015
f 4987 4950 5049
f 5101 4938 5001
f 4938 5101 5018
f 4771 4823 4975
f 4975 4885 4771
f 5160 4921 4718
f 4811 4939 5072
f 4977 4824 4952
f 4864 4952 4824
f 4988 4760 5071
f 4956 4989 4911
f 4942 4925 4926
f 4965 5039 4886
f 4926 4967 4942
f 4954 4912 5007
f 5007 4912 4968
f 4955 5038 4913
f 5024 4992 4943
f 4887 4913 4980
f 4927 4896 5057
f 4899 4928 5010
f 4931 5026 4995
f 4916 4958 4914
f 4944 4984 4945
f 5013 4907 4884
f 5084 4806 5097
f 4986 4999 5014
f 4806 4947 5097
f 4935 5274 5064
f 4894 5065 4920
f 4863 5001 4938
f 5003 4849 4977
f 4975 5090 4885
f 4864 4989 4952
f 4978 4879 5089
f 4760 5202 5071
f 4955 4942 5038
f 4967 5038 4942
f 4913 5038 4980
f 4992 4898 4943
f 4980 4968 4912
f 4968 4980 5055
f 4992 5024 4982
f 5011 5024 4958
f 5024 4914 4958
f 4991 4882 5023
f 4972 4983 4971
f 4984 4997 4945
f 5063 4905 4903
f 4903 4931 5063
f 4974 4946 4932
f 4960 4985 4918
f 5013 5000 4907
f 4934 4947 4933
f 4936 4909 5344
f 5276 4789 4948
f 4937 5190 4948
f 5001 4863 4962
f 5141 4939 5067
f 4939 4951 5067
f 4962 5558 5495
f 5032 5003 4977
f 4885 5090 4940
f 4964 5035 4922
f 4940 5006 4953
f 4954 5036 4964
f 4953 5006 5009
f 5078 4956 4946
f 4956 4970 4946
f 4980 5010 4887
f 4982 4898 4992
f 5024 5115 4982
f 4899 5010 4980
f 4928 5059 4967
f 4928 4982 5059
f 4981 4929 5008
f 5076 5061 4959
f 4972 4905 5209
f 5045 4884 4927
f 4995 5063 4931
f 4945 4997 4973
f 5023 4882 5028
f 4917 4974 4932
f 4907 5000 4999
f 4947 5047 5097
f 4961 5274 4935
f 4846 4758 5086
f 4987 5049 5016
f 4939 5195 5072
f 5073 5032 4977
f 5073 4977 4952
f 4963 4922 5128
f 5128 4922 5035
f 5005 4941 4966
f 4978 5034 5057
f 5204 5202 4710
f 4969 5038 4967
f 4969 4967 5059
f 4972 5060 4930
f 5057 5045 4927
f 4971 5060 4972
f 4983 4994 4971
f 4983 4972 5062
f 5043 4995 5026
f 4996 4884 5045
f 5061 5027 4984
f 4984 5027 5012
f 5031 4917 4973
f 4984 5012 4997
f 4884 4996 5013
f 5000 5013 4999
f 5303 5343 4908
f 4796 5303 4908
f 4788 4797 5712
f 5495 5001 4962
f 4937 4921 5193
f 5004 5068 4950
f 5075 5007 4990
f 4954 5007 5036
f 4966 4991 5167
f 5007 5056 5036
f 5074 5007 4968
f 5055 4980 5038
f 4946 5130 5078
f 5010 5055 4969
f 4930 5060 5020
f 4981 5008 5040
f 5118 5059 4982
f 5039 5149 4958
f 5026 4929 4981
f 5011 5149 5024
f 5115 5118 4982
f 5062 5080 4972
f 4958 5149 5011
f 5177 5209 4905
f 4905 5063 5177
f 5031 4973 4997
f 5031 4974 4917
f 5014 4998 4986
f 4764 5301 4961
f 5048 5097 5047
f 4948 5190 5276
f 4987 5016 5099
f 4987 5099 5237
f 5016 5049 5066
f 5068 5049 4950
f 5002 5003 5017
f 4910 5002 5017
f 5050 4910 5017
f 4921 5160 5193
f 5032 5017 5003
f 5089 5034 4978
f 4964 5036 5035
f 5078 4989 4956
f 5005 4966 5167
f 5074 4990 5007
f 5036 5056 5037
f 5055 5074 4968
f 4993 5022 5041
f 5132 4969 5055
f 5025 5055 5010
f 5080 5060 4972
f 5010 5025 5092
f 4972 5080 5060
f 5209 5080 4972
f 5026 4981 5043
f 5062 4994 4983
f 5063 4995 5043
f 4997 5030 5031
f 4997 5012 5030
f 5029 5012 5027
f 5029 5030 5012
f 4936 5189 5098
f 5015 5098 5275
f 5015 5275 5087
f 4920 5065 5527
f 4920 5527 5067
f 5141 5195 4939
f 5032 5106 5017
f 5069 5090 4975
f 4782 5242 5562
f 5032 5073 5200
f 5145 5006 4940
f 4965 5411 5039
f 4979 5053 5282
f 5111 5107 5036
f 5007 5075 5054
f 5111 5036 5037
f 5056 5007 5054
f 5008 4930 5110
f 5132 5038 4969
f 5060 4971 5109
f 4969 5059 5010
f 4993 5041 5021
f 5021 5022 4993
f 5119 5060 5080
f 5076 5133 5061
f 5061 5133 5027
f 4946 4974 5134
f 5031 5120 4974
f 5046 5031 5030
f 4936 5370 5189
f 4861 5087 5214
f 4861 5214 5371
f 5018 5101 5194
f 5069 4975 5050
f 5068 5004 5051
f 5004 4963 5051
f 5160 4664 4988
f 4879 5018 5089
f 5106 5032 5200
f 5562 5053 4979
f 4965 5019 5072
f 5052 4941 5005
f 4952 4989 5078
f 5036 5107 5035
f 5057 5034 5147
f 5076 5009 5006
f 5058 5008 5110
f 5041 5111 5037
f 5037 5056 5041
f 5038 5132 5055
f 5041 5022 5114
f 5058 5040 5008
f 5092 5010 5059
f 5130 4946 5134
f 5080 5112 5060
f 5043 4981 5093
f 5170 5029 5027
f 5170 5046 5030
f 5029 5170 5030
f 5046 5120 5031
f 4996 5126 5013
f 5271 4764 5044
f 5014 4999 5188
f 4999 5181 5188
f 4999 5013 5181
f 4998 5048 5047
f 5436 5720 4919
f 4919 5720 5344
f 5088 5099 5016
f 5066 5088 5016
f 5100 5088 5127
f 5050 5017 5104
f 4782 5279 5242
f 5106 5104 5017
f 4963 5128 5051
f 5128 5070 5051
f 5018 5162 5089
f 5033 5052 5352
f 5129 5128 5035
f 5035 5107 5318
f 5006 5145 5223
f 5037 5056 5054
f 5074 5075 4990
f 5114 5107 5111
f 5202 5204 5593
f 4930 5020 5110
f 5077 5108 5037
f 5077 5037 5056
f 5041 5114 5111
f 5041 5056 5077
f 5059 5079 5132
f 5077 5021 5041
f 5132 5092 5059
f 5227 5040 5058
f 5119 5112 5060
f 4994 5116 4971
f 5022 5021 5113
f 5080 5112 5146
f 5080 5043 5093
f 5115 5024 5149
f 5043 5080 5209
f 5080 5062 5119
f 5082 5172 4994
f 5083 4996 5045
f 5119 4994 5082
f 4994 5119 5062
f 5138 5081 5045
f 5085 5045 5081
f 5133 5170 5027
f 5094 4996 5083
f 5045 5085 5138
f 5138 5085 5126
f 4961 5301 5274
f 5088 5066 5099
f 5100 5127 5140
f 5049 5102 5066
f 5101 5001 5470
f 5143 5049 5068
f 5191 5140 5240
f 5050 5104 5069
f 5222 5104 5106
f 4976 5033 5564
f 5196 5103 5246
f 5352 5564 5033
f 5070 5128 5091
f 5145 4940 5090
f 5035 5318 5129
f 5165 5091 5129
f 5352 5052 5005
f 4952 5166 5073
f 5200 5073 5166
f 5166 4952 5078
f 5147 5034 5284
f 5201 5060 5109
f 5074 5055 5131
f 5147 5045 5057
f 5114 5022 5113
f 5118 5079 5059
f 5147 5083 5045
f 5262 5118 5115
f 4994 5172 5116
f 4957 5044 5042
f 4957 5135 5044
f 5025 5118 5092
f 5152 5172 5082
f 5177 5043 5209
f 5134 4974 5120
f 5177 5063 5043
f 5155 5023 5028
f 5094 5138 4996
f 4985 4960 5428
f 4996 5138 5126
f 5085 5181 5126
f 4788 5345 4758
f 5100 5088 5127
f 5066 5102 5304
f 5279 5371 5438
f 5049 5143 5102
f 5018 5194 5162
f 5105 5069 5104
f 5090 5069 5105
f 5089 5162 5164
f 5164 5034 5089
f 5091 5128 5197
f 5129 5091 5197
f 5318 5020 5165
f 5318 5107 5020
f 5020 5107 5110
f 5075 5074 5054
f 5323 5039 5411
f 5006 5223 5076
f 5020 5060 5201
f 5079 5092 5132
f 5077 5168 5021
f 5206 5112 5040
f 5092 5079 5118
f 5055 5025 5203
f 5206 5040 5227
f 5205 5083 5147
f 5262 5115 5264
f 5121 5177 5209
f 5083 5081 5138
f 4985 5428 5296
f 5170 5120 5046
f 5183 5095 5122
f 5085 5081 5181
f 5157 5299 5124
f 5180 5232 5136
f 5096 5013 5126
f 5013 5096 5181
f 4758 5345 5086
f 5370 4936 5344
f 4789 5584 4797
f 5087 5275 5346
f 5584 4789 5276
f 5140 5127 5240
f 5051 5163 5068
f 5105 5104 5222
f 5145 5090 5105
f 5129 5197 5128
f 5247 5197 5129
f 5165 5197 5129
f 5165 5020 5091
f 5037 5054 5108
f 5107 5058 5110
f 5131 5108 5074
f 4971 5116 5225
f 5227 5114 5113
f 5021 5168 5260
f 5040 5206 5169
f 5080 5175 5093
f 5146 5175 5080
f 5120 5224 5134
f 5153 5225 5116
f 5025 5326 5118
f 5209 5292 5177
f 5123 5180 5136
f 5183 5122 5095
f 5124 5235 5157
f 5126 5181 5096
f 5188 5048 5014
f 5188 5302 5048
f 5187 5097 5048
f 5712 5345 4788
f 5001 5469 5470
f 5067 5406 5141
f 5191 5240 5241
f 5143 5068 5163
f 5162 5194 5280
f 5051 5070 5163
f 5072 5195 5216
f 5034 5164 5220
f 5165 5317 5318
f 5074 5108 5054
f 5107 5114 5058
f 5130 5166 5078
f 5131 5168 5108
f 5223 5133 5076
f 5108 5168 5077
f 5039 5323 5328
f 5146 5112 5206
f 5146 5112 5206
f 5113 5324 5227
f 5131 5055 5203
f 5112 5040 5206
f 5259 5148 5287
f 5206 5175 5146
f 5259 5151 5148
f 5172 5329 5116
f 5040 5093 4981
f 5040 5169 5093
f 5025 5174 5203
f 5171 5225 5153
f 5264 5115 5149
f 5295 5173 5082
f 4985 5296 5204
f 5122 5137 5153
f 5153 5116 5229
f 5083 5117 5081
f 5205 5178 5083
f 5170 5150 5120
f 5231 5121 5209
f 5136 5176 5123
f 5124 5299 5266
f 5122 5153 5364
f 5156 5177 5121
f 5152 5268 5154
f 5094 5185 5138
f 5155 5028 5084
f 5208 5233 5125
f 5124 5270 5235
f 5272 5369 5181
f 5188 5181 5369
f 5084 5097 5159
f 5014 5048 4998
f 5187 5048 5302
f 5240 5140 5100
f 5100 5240 5127
f 5406 5497 5141
f 5143 5192 5102
f 4988 5310 5160
f 5280 5164 5162
f 5246 5196 5103
f 4988 5071 5310
f 5220 5284 5034
f 5165 5248 5197
f 5129 5318 5199
f 5221 5091 5201
f 5091 5020 5201
f 4957 5282 5135
f 5058 5114 5227
f 5131 5203 5226
f 5130 5134 5224
f 5146 5119 5112
f 5328 5149 5039
f 5206 5292 5146
f 5021 5260 5113
f 5172 5152 5173
f 5135 5362 5044
f 5153 5137 5171
f 5123 5288 5180
f 5178 5094 5083
f 5265 5176 5136
f 5122 5393 5137
f 5138 5368 5083
f 5122 5364 5393
f 5288 5336 5180
f 5299 5157 5186
f 5233 5183 5125
f 5182 5179 5338
f 5185 5368 5138
f 5102 5192 5238
f 5347 5240 5191
f 5001 5495 5469
f 5497 5195 5141
f 5143 5163 5308
f 5280 5378 5164
f 5196 5198 5218
f 5197 5247 5248
f 5105 5255 5145
f 5091 5221 5070
f 5222 5106 5200
f 5145 5255 5223
f 4965 5685 5411
f 5201 5109 5221
f 5167 5643 5005
f 4971 5252 5109
f 5284 5261 5147
f 5167 4991 5325
f 5261 5205 5147
f 5168 5131 5260
f 5223 5150 5133
f 5168 5260 5113
f 5203 5174 5226
f 5133 5150 5170
f 5286 5172 5173
f 5226 5174 5388
f 5025 5383 5174
f 4991 5023 5325
f 5330 5289 5260
f 5149 5328 5331
f 5152 5263 5173
f 5263 5152 5230
f 5331 5264 5149
f 5116 5329 5229
f 5207 5288 5123
f 5137 5208 5171
f 5118 5326 5262
f 5228 5288 5208
f 5229 5364 5153
f 5152 5154 5230
f 5332 5211 5177
f 5152 5082 5268
f 5210 5082 5119
f 5208 5137 5212
f 5081 5117 5300
f 5266 5334 5124
f 5212 5233 5208
f 5368 5117 5083
f 5136 5232 5298
f 5156 5211 5177
f 5335 5210 5184
f 5184 5210 5402
f 5094 5178 5185
f 5212 5125 5208
f 5081 5300 5181
f 5212 5179 5125
f 5179 5182 5125
f 5186 5157 5235
f 5346 5214 5087
f 5239 5099 5066
f 5304 5239 5066
f 5240 5191 5140
f 5241 5306 5191
f 5194 5101 5470
f 5240 5278 5241
f 5308 5192 5143
f 5280 5194 5469
f 4976 5561 5558
f 5242 5496 5562
f 5195 5531 5216
f 5378 5220 5164
f 5196 5281 5246
f 5196 5218 5281
f 5070 5217 5163
f 5070 5221 5217
f 5222 5255 5105
f 5316 5251 5250
f 5318 5317 5379
f 5221 5109 5252
f 4971 5225 5252
f 5225 5254 5252
f 5573 5167 5325
f 5130 5224 5166
f 5131 5226 5290
f 5131 5290 5260
f 5148 5327 5287
f 5150 5224 5120
f 5225 5171 5256
f 5286 5329 5172
f 5327 5259 5148
f 5206 5292 5175
f 5330 5260 5293
f 5388 5293 5226
f 5025 5326 5383
f 5151 5148 5259
f 5205 5261 5266
f 5294 5175 5093
f 5171 5208 5288
f 5178 5205 5266
f 5292 5209 5231
f 5397 5137 5393
f 5231 5332 5121
f 5265 5136 5298
f 5212 5137 5397
f 5156 5121 5332
f 5213 5230 5154
f 5334 5270 5124
f 5299 5186 5139
f 5180 5336 5232
f 5338 5179 5267
f 5213 5154 5268
f 5184 5339 5335
f 5185 5300 5368
f 5339 5401 5268
f 5270 5234 5235
f 4764 5271 5301
f 5097 5236 5159
f 5097 5187 5236
f 5065 5215 5557
f 5406 5067 5527
f 5347 5191 5306
f 5194 5470 5469
f 5308 5348 5192
f 5241 5349 5306
f 5280 5469 5679
f 5163 5243 5308
f 5218 5351 5244
f 5374 5163 5217
f 5217 5221 5315
f 5129 5199 5247
f 5198 5196 5219
f 5199 5318 5379
f 5314 5316 5250
f 5283 5249 5219
f 5219 5537 5283
f 5353 5284 5220
f 5200 5255 5222
f 5255 5200 5166
f 5380 5382 5285
f 5284 5257 5261
f 5259 5287 5360
f 5150 5255 5224
f 5150 5223 5255
f 5113 5289 5168
f 5260 5289 5168
f 5123 5176 5258
f 5225 5291 5361
f 5227 5324 5169
f 5289 5324 5113
f 5206 5227 5169
f 5207 5123 5258
f 5293 5260 5290
f 5291 5361 5225
f 5288 5256 5171
f 5289 5093 5169
f 5488 5289 5330
f 5334 5266 5261
f 5229 5361 5291
f 5173 5263 5230
f 5177 5292 5332
f 5208 5394 5228
f 5294 5423 5211
f 5211 5423 5332
f 5288 5333 5336
f 5394 5208 5212
f 5210 5335 5082
f 5332 5211 5156
f 5300 5117 5368
f 5232 5336 5367
f 5336 5267 5338
f 5178 5300 5185
f 5335 5339 5268
f 5362 5271 5044
f 4960 5340 5428
f 5341 5465 5186
f 5272 5434 5369
f 5186 5235 5273
f 5692 4797 5584
f 5215 5237 5557
f 5102 5238 5304
f 5065 5703 5527
f 5192 5618 5238
f 5439 5277 5278
f 5240 5347 5278
f 5406 5714 5497
f 5279 5438 5242
f 5163 5374 5243
f 5309 5241 5375
f 5161 5306 5349
f 5309 5349 5241
f 5349 5350 5161
f 5246 5219 5196
f 5248 5165 5317
f 5312 5314 5250
f 5249 5198 5219
f 5221 5252 5315
f 5252 5319 5315
f 5251 5475 5250
f 5319 5252 5254
f 5167 5573 5643
f 5282 5645 5135
f 5253 5323 5412
f 5358 5323 5253
f 5255 5166 5224
f 5225 5256 5254
f 5593 5204 5296
f 5207 5258 5355
f 5176 5321 5258
f 5169 5324 5289
f 5226 5293 5290
f 5207 5256 5288
f 5329 5286 5263
f 5146 5463 5119
f 5513 5286 5173
f 5093 5289 5294
f 5383 5388 5174
f 5291 5229 5462
f 5293 5392 5330
f 5331 5419 5264
f 5332 5292 5231
f 5229 5363 5364
f 5082 5173 5520
f 5520 5295 5082
f 5023 5155 5366
f 5394 5179 5228
f 5212 5397 5394
f 5082 5335 5268
f 5299 5400 5266
f 5270 5334 5298
f 5232 5337 5298
f 5232 5367 5337
f 5182 5269 5338
f 5233 5269 5183
f 5299 5139 5400
f 5269 5125 5182
f 5183 5269 5125
f 5298 5430 5270
f 5186 5273 5341
f 5369 5302 5188
f 5236 5467 5159
f 5342 5274 5301
f 4797 5692 5712
f 5099 5239 5468
f 5439 5305 5277
f 5241 5278 5243
f 5142 5347 5306
f 5161 5142 5306
f 5348 5308 5373
f 5241 5243 5375
f 5243 5374 5375
f 5497 5531 5195
f 5349 5311 5350
f 5442 5144 5245
f 5281 5218 5351
f 5500 5248 5247
f 5500 5247 5245
f 5246 5447 5219
f 5317 5472 5248
f 5408 5316 5314
f 5409 5353 5220
f 5250 5475 5312
f 5352 5005 5643
f 5592 5283 5537
f 5592 5249 5283
f 5320 5257 5284
f 5412 5479 5253
f 5258 5321 5355
f 5355 5319 5256
f 5254 5256 5319
f 5355 5256 5207
f 5416 5323 5453
f 5384 5261 5257
f 5323 5416 5328
f 5287 5327 5360
f 5360 5259 5327
f 5321 5176 5265
f 5463 5146 5292
f 5295 5513 5173
f 5488 5330 5459
f 5388 5461 5293
f 5262 5264 5328
f 5292 5418 5175
f 5366 5325 5023
f 5363 5361 5229
f 5424 5292 5332
f 5332 5418 5292
f 5326 5328 5262
f 5173 5230 5520
f 5329 5363 5229
f 5211 5294 5423
f 5210 5119 5463
f 5228 5394 5179
f 5332 5365 5211
f 5211 5365 5423
f 5336 5333 5267
f 5520 5230 5213
f 5266 5400 5178
f 5213 5268 5520
f 5212 5269 5233
f 5336 5338 5555
f 5270 5395 5297
f 5400 5139 5186
f 5297 5234 5270
f 5402 5339 5184
f 5434 5181 5300
f 5270 5430 5395
f 5493 5337 5431
f 5158 5523 5404
f 5271 5525 5301
f 5235 5234 5273
f 5234 5341 5273
f 5301 5583 5342
f 5237 5099 5557
f 5277 5305 5304
f 5277 5494 5278
f 5192 5348 5618
f 5307 5142 5161
f 5560 5161 5350
f 5378 5280 5679
f 5217 5309 5407
f 5244 5218 5351
f 5199 5245 5247
f 5281 5447 5246
f 5198 5377 5218
f 5217 5315 5474
f 5409 5220 5535
f 5312 5667 5314
f 5316 5408 5251
f 5685 4965 5591
f 5501 5284 5353
f 5071 5202 5593
f 5355 5480 5319
f 5477 5354 5322
f 5477 5322 5353
f 5450 5285 5382
f 5285 5356 5380
f 5253 5479 5358
f 5285 5356 5509
f 5358 5506 5323
f 5359 5453 5323
f 5254 5291 5484
f 5454 5360 5327
f 5484 5291 5417
f 5254 5486 5291
f 5261 5384 5265
f 5458 5286 5513
f 5291 5486 5361
f 5286 5458 5263
f 5289 5386 5294
f 5326 5391 5383
f 5330 5547 5459
f 5261 5265 5334
f 5386 5418 5294
f 5418 5175 5294
f 5293 5461 5392
f 5264 5419 5328
f 5423 5418 5332
f 5462 5229 5363
f 5295 5520 5518
f 5330 5392 5547
f 5427 5423 5332
f 5265 5298 5334
f 5228 5333 5288
f 5334 5297 5395
f 5395 5334 5297
f 5212 5267 5179
f 5269 5212 5397
f 5430 5298 5337
f 5660 5398 5297
f 5493 5430 5337
f 5213 5399 5425
f 5400 5186 5464
f 5234 5297 5660
f 5181 5434 5272
f 5084 5159 5582
f 5581 5369 5434
f 5302 5435 5187
f 5435 5236 5187
f 5159 5467 5526
f 5435 5467 5236
f 5343 5701 5436
f 5304 5238 5239
f 5277 5437 5304
f 4937 5193 5694
f 5494 5619 5278
f 5347 5619 5278
f 5243 5439 5278
f 5438 5496 5242
f 5243 5373 5308
f 5374 5375 5243
f 5442 5560 5350
f 5407 5374 5217
f 5309 5530 5349
f 5530 5311 5349
f 4976 5564 5561
f 5442 5350 5311
f 5445 5248 5311
f 5245 5144 5500
f 5500 5311 5248
f 5377 5447 5281
f 5591 4965 5072
f 5564 5352 5473
f 5667 5475 5314
f 5314 5475 5408
f 5447 5537 5219
f 5449 5198 5249
f 5284 5501 5320
f 5319 5474 5315
f 5477 5353 5409
f 5251 5478 5476
f 5355 5452 5480
f 5457 5355 5321
f 5381 5380 5356
f 5322 5354 5540
f 5452 5355 5457
f 5411 5359 5323
f 5412 5323 5506
f 5645 5362 5135
f 5413 5540 5354
f 5544 5254 5484
f 5285 5450 5509
f 5356 5510 5509
f 5356 5324 5510
f 5381 5356 5510
f 5324 5510 5356
f 5321 5265 5455
f 5359 5506 5453
f 5416 5453 5456
f 5454 5327 5487
f 5383 5391 5388
f 5361 5486 5420
f 5289 5488 5386
f 5295 5518 5513
f 5363 5420 5361
f 5292 5424 5463
f 5326 5419 5328
f 5418 5491 5423
f 5329 5422 5363
f 5397 5393 5420
f 5332 5427 5424
f 5228 5551 5333
f 5551 5228 5394
f 5423 5332 5427
f 5396 5402 5210
f 5213 5425 5422
f 5399 5213 5422
f 5297 5398 5395
f 5401 5492 5520
f 5268 5401 5520
f 5434 5368 5403
f 5431 5337 5367
f 5186 5465 5464
f 5155 5084 5582
f 5302 5369 5581
f 5301 5525 5583
f 5343 5303 5701
f 5303 5661 5701
f 5065 5557 5703
f 5437 5304 5305
f 5440 5619 5347
f 5348 5373 5620
f 5441 5243 5374
f 5560 5443 5372
f 5375 5407 5309
f 5378 5679 5623
f 5309 5444 5530
f 5309 5217 5444
f 5471 5499 5376
f 5376 5499 5144
f 5446 5530 5444
f 5444 5217 5446
f 5351 5377 5281
f 5446 5445 5313
f 5500 5245 5199
f 5377 5351 5218
f 5217 5532 5446
f 5535 5220 5378
f 5313 5532 5446
f 5565 5532 5313
f 5072 5216 5591
f 5377 5625 5448
f 5501 5409 5535
f 5379 5317 5472
f 5377 5198 5625
f 5408 5538 5251
f 5352 5643 5473
f 5319 5410 5474
f 5478 5251 5476
f 5249 5592 5477
f 5382 5380 5450
f 5322 5572 5353
f 5319 5480 5410
f 5358 5479 5687
f 5592 5413 5354
f 5544 5410 5254
f 5358 5507 5506
f 5506 5507 5453
f 5360 5542 5327
f 5455 5265 5549
f 5487 5327 5542
f 5265 5384 5549
f 5389 5452 5387
f 5420 5452 5389
f 5462 5417 5291
f 5421 5488 5459
f 5391 5578 5388
f 5326 5416 5391
f 5417 5462 5363
f 5489 5389 5390
f 5420 5393 5363
f 5517 5419 5326
f 5363 5393 5364
f 5396 5463 5424
f 5551 5394 5397
f 5463 5396 5210
f 5427 5332 5365
f 5365 5633 5426
f 5269 5397 5553
f 5178 5556 5300
f 5178 5400 5556
f 5298 5430 5398
f 5336 5555 5367
f 5403 5368 5429
f 5395 5398 5430
f 5338 5522 5555
f 5615 5339 5402
f 5615 5401 5339
f 5434 5403 5581
f 5526 5582 5159
f 5435 5302 5581
f 5467 5435 5526
f 5277 5439 5437
f 5494 5277 5439
f 5305 5439 5437
f 5494 5528 5619
f 5439 5243 5441
f 5142 5440 5347
f 5142 5586 5440
f 5441 5243 5375
f 5498 5619 5440
f 5142 5307 5586
f 5373 5243 5441
f 5407 5375 5441
f 5560 5639 5307
f 5441 5374 5407
f 5161 5560 5307
f 5443 5560 5442
f 5144 5442 5376
f 5311 5530 5445
f 5442 5500 5245
f 5445 5248 5472
f 5499 5500 5144
f 5472 5565 5313
f 5445 5472 5313
f 5447 5377 5448
f 5499 5408 5533
f 5217 5474 5532
f 5475 5533 5408
f 5625 5198 5449
f 5533 5475 5251
f 5667 5312 5475
f 5572 5501 5353
f 5477 5592 5627
f 5536 5380 5502
f 5627 5592 5354
f 5410 5546 5254
f 5381 5510 5647
f 5358 5687 5507
f 5413 5592 5541
f 5572 5322 5540
f 5455 5457 5321
f 5254 5546 5486
f 5541 5454 5413
f 5451 5359 5456
f 5454 5541 5360
f 5387 5457 5415
f 5597 5453 5507
f 5387 5415 5389
f 5418 5386 5601
f 5630 5459 5385
f 5514 5459 5547
f 5389 5415 5390
f 5420 5414 5452
f 5486 5414 5420
f 5263 5458 5576
f 5326 5517 5416
f 5389 5489 5420
f 5263 5422 5329
f 5461 5388 5578
f 5363 5422 5417
f 5491 5418 5601
f 5423 5633 5365
f 5549 5398 5298
f 5551 5267 5333
f 5298 5430 5521
f 5212 5397 5267
f 5422 5425 5399
f 5427 5608 5424
f 5402 5396 5615
f 5657 5430 5521
f 5368 5434 5429
f 5400 5464 5556
f 5338 5269 5553
f 5429 5434 5300
f 5524 5431 5405
f 5581 5526 5435
f 5436 5701 5720
f 5303 5086 5736
f 5086 5345 5736
f 5711 5098 5189
f 5275 5693 5346
f 5740 5371 5214
f 5190 4937 5694
f 5238 5618 5616
f 5527 5703 5617
f 5729 5469 5495
f 5307 5639 5586
f 5440 5372 5498
f 5498 5372 5559
f 5498 5530 5444
f 5529 5443 5442
f 5442 5589 5376
f 5589 5499 5471
f 5442 5311 5500
f 5563 5446 5530
f 5500 5199 5499
f 5565 5641 5472
f 5532 5474 5503
f 5538 5499 5502
f 5499 5538 5408
f 5448 5590 5447
f 5533 5251 5538
f 5478 5538 5476
f 5249 5477 5449
f 5501 5570 5320
f 5568 5477 5409
f 5504 5474 5410
f 5568 5354 5477
f 5357 5571 5567
f 5628 5479 5412
f 5686 5381 5647
f 5686 5482 5644
f 5546 5410 5480
f 5506 5359 5505
f 5540 5413 5454
f 5456 5359 5505
f 5485 5457 5455
f 5417 5544 5484
f 5545 5508 5515
f 5257 5460 5384
f 5544 5417 5481
f 5690 5542 5360
f 5573 5325 5653
f 5515 5574 5548
f 5549 5460 5455
f 5325 5366 5653
f 5596 5387 5452
f 5597 5511 5453
f 5416 5456 5391
f 5415 5489 5390
f 5384 5460 5549
f 5481 5417 5512
f 5599 5460 5549
f 5422 5263 5512
f 5578 5517 5391
f 5298 5521 5549
f 5420 5489 5609
f 5519 5392 5461
f 5613 5424 5603
f 5578 5519 5461
f 5423 5491 5633
f 5426 5491 5421
f 5551 5397 5609
f 5604 5520 5492
f 5491 5421 5426
f 5424 5613 5396
f 5397 5553 5267
f 5365 5608 5427
f 5522 5338 5553
f 5492 5401 5614
f 5367 5555 5431
f 5300 5429 5434
f 5155 5658 5366
f 5434 5300 5429
f 5465 5556 5464
f 5401 5615 5614
f 5493 5657 5430
f 5405 5431 5555
f 5580 5465 5341
f 5433 5341 5234
f 5433 5580 5341
f 5711 5189 5370
f 5726 5275 5098
f 5584 5702 5692
f 5468 5239 5616
f 5498 5585 5619
f 5723 5679 5469
f 5586 5440 5372
f 5636 5586 5372
f 5443 5559 5372
f 5498 5444 5587
f 5639 5560 5442
f 5530 5498 5559
f 5588 5530 5559
f 5560 5372 5638
f 5560 5442 5529
f 5471 5376 5589
f 5563 5530 5444
f 5530 5588 5622
f 5445 5446 5563
f 5563 5445 5622
f 5530 5622 5445
f 5053 5562 5496
f 5591 5216 5531
f 5379 5472 5641
f 5379 5502 5199
f 5447 5590 5537
f 5534 5282 5053
f 5478 5538 5476
f 5501 5572 5568
f 5570 5501 5708
f 5449 5477 5627
f 5502 5380 5684
f 5257 5320 5570
f 5627 5354 5568
f 5380 5381 5450
f 5628 5412 5506
f 5647 5482 5686
f 5645 5646 5362
f 5411 5505 5359
f 5360 5541 5690
f 5480 5452 5457
f 5647 5483 5482
f 5452 5651 5596
f 5651 5452 5414
f 5257 5669 5460
f 5455 5652 5485
f 5456 5543 5453
f 5456 5505 5543
f 5594 5454 5487
f 5455 5460 5652
f 5457 5415 5387
f 5650 5597 5507
f 5456 5391 5511
f 5595 5458 5513
f 5521 5460 5549
f 5386 5488 5630
f 5512 5417 5422
f 5459 5421 5488
f 5512 5263 5576
f 5416 5517 5328
f 5599 5549 5521
f 5397 5420 5609
f 5646 5700 5362
f 5660 5398 5610
f 5677 5554 5429
f 5464 5660 5556
f 5362 5700 5271
f 5464 5660 5556
f 5659 5579 5432
f 5493 5431 5524
f 5466 5524 5405
f 5234 5660 5433
f 5405 5466 5524
f 5346 5746 5214
f 5099 5468 5557
f 5238 5616 5239
f 5348 5620 5618
f 5439 5441 5494
f 5441 5528 5494
f 5441 5620 5373
f 5443 5636 5559
f 5443 5636 5372
f 5529 5588 5443
f 5563 5587 5444
f 5565 5666 5587
f 5535 5378 5623
f 5499 5199 5502
f 5379 5641 5566
f 5503 5666 5532
f 5379 5536 5502
f 5706 5533 5538
f 5731 5590 5448
f 5448 5697 5731
f 5625 5697 5448
f 5409 5501 5568
f 5536 5683 5380
f 5282 5534 5645
f 5544 5504 5410
f 5687 5479 5628
f 5257 5570 5508
f 5628 5507 5687
f 5572 5540 5668
f 5482 5483 5644
f 5359 5505 5451
f 5451 5456 5511
f 5574 5649 5548
f 5511 5453 5543
f 5515 5672 5545
f 5546 5598 5414
f 5459 5514 5385
f 5595 5513 5518
f 5547 5392 5654
f 5511 5391 5517
f 5548 5600 5515
f 5672 5515 5599
f 5459 5630 5488
f 5511 5517 5578
f 5548 5490 5600
f 5549 5611 5521
f 5519 5654 5392
f 5419 5328 5517
f 5328 5419 5331
f 5492 5606 5604
f 5604 5606 5520
f 5602 5492 5422
f 5602 5492 5422
f 5611 5521 5549
f 5608 5603 5424
f 5676 5398 5549
f 5657 5549 5676
f 5521 5549 5657
f 5521 5611 5493
f 5553 5551 5267
f 5398 5676 5610
f 5365 5612 5608
f 5492 5614 5552
f 5634 5522 5553
f 5432 5554 5677
f 5555 5522 5634
f 5555 5634 5405
f 5580 5556 5465
f 5158 5404 5523
f 5722 5276 5190
f 5616 5618 5737
f 5638 5372 5443
f 5638 5443 5588
f 5639 5442 5589
f 5563 5565 5587
f 5563 5641 5565
f 5591 5531 5705
f 5666 5532 5565
f 5624 5499 5533
f 5536 5379 5566
f 5533 5706 5624
f 5535 5708 5501
f 5502 5539 5538
f 5476 5357 5642
f 5449 5627 5625
f 5684 5539 5502
f 5503 5474 5504
f 5686 5450 5381
f 5507 5687 5628
f 5505 5411 5685
f 5628 5506 5505
f 5670 5544 5546
f 5510 5686 5509
f 5508 5574 5515
f 5669 5257 5508
f 5546 5480 5673
f 5545 5669 5508
f 5629 5593 5296
f 5454 5594 5648
f 5486 5546 5414
f 5544 5575 5546
f 5481 5575 5544
f 5690 5656 5542
f 5548 5649 5688
f 5574 5545 5649
f 5481 5512 5575
f 5656 5487 5542
f 5458 5595 5576
f 5460 5521 5652
f 5596 5489 5415
f 5415 5387 5596
f 5632 5596 5651
f 5414 5598 5651
f 5602 5575 5512
f 5548 5688 5490
f 5599 5691 5460
f 5630 5601 5386
f 5597 5650 5605
f 5688 5577 5490
f 5691 5599 5521
f 5597 5605 5578
f 5600 5490 5577
f 5594 5607 5516
f 5550 5516 5607
f 5516 5550 5631
f 5578 5605 5519
f 5602 5606 5492
f 5520 5606 5518
f 5553 5551 5609
f 5524 5655 5493
f 5554 5677 5429
f 5365 5426 5612
f 5432 5579 5554
f 5582 5658 5155
f 5726 5693 5275
f 5702 5584 5276
f 5735 5406 5527
f 5740 5438 5371
f 5528 5620 5441
f 5663 5619 5528
f 5495 5558 5729
f 5729 5723 5469
f 5588 5559 5696
f 5621 5160 5310
f 5638 5560 5529
f 5564 5738 5724
f 5563 5717 5641
f 5641 5664 5566
f 5642 5475 5667
f 5683 5684 5380
f 5539 5706 5538
f 5475 5642 5567
f 5567 5475 5667
f 5537 5590 5731
f 5697 5537 5731
f 5537 5697 5592
f 5687 5628 5626
f 5686 5644 5539
f 5686 5509 5450
f 5650 5507 5687
f 5544 5689 5504
f 5685 5451 5505
f 5457 5673 5480
f 5546 5575 5598
f 5632 5651 5598
f 5669 5460 5691
f 5512 5576 5689
f 5595 5518 5576
f 5516 5577 5675
f 5577 5516 5631
f 5576 5518 5689
f 5489 5596 5609
f 5611 5691 5521
f 5607 5631 5550
f 5606 5492 5602
f 5552 5606 5492
f 5521 5493 5655
f 5493 5611 5657
f 5346 5721 5746
f 5617 5735 5527
f 5619 5678 5585
f 5193 5662 5694
f 5663 5678 5619
f 5621 5193 5160
f 5681 5586 5639
f 5637 5498 5587
f 5715 5705 5531
f 5717 5640 5641
f 5704 5499 5589
f 5624 5704 5499
f 5529 5665 5640
f 5708 5535 5623
f 5738 5564 5473
f 5731 5590 5730
f 5698 5666 5503
f 5534 5725 5645
f 5473 5643 5699
f 5642 5357 5567
f 5569 5698 5503
f 5503 5504 5569
f 5625 5627 5568
f 5476 5644 5357
f 5567 5357 5644
f 5571 5567 5357
f 5572 5668 5568
f 5508 5570 5709
f 5573 5653 5699
f 5689 5544 5670
f 5670 5546 5673
f 5485 5673 5457
f 5594 5487 5656
f 5599 5672 5515
f 5575 5602 5598
f 5516 5675 5594
f 5577 5671 5600
f 5515 5600 5672
f 5689 5602 5512
f 5609 5596 5632
f 5601 5421 5491
f 5676 5691 5611
f 5603 5608 5612
f 5659 5432 5677
f 5610 5657 5676
f 5660 5580 5433
f 5701 5749 5720
f 5344 5720 5741
f 5468 5616 5732
f 5620 5528 5663
f 5678 5585 5498
f 5678 5498 5637
f 5635 5586 5636
f 5586 5635 5680
f 5680 5638 5588
f 5704 5639 5589
f 5564 5724 5561
f 5588 5529 5622
f 5529 5681 5638
f 5665 5529 5682
f 5665 5499 5706
f 5665 5499 5706
f 5683 5698 5666
f 5683 5536 5684
f 5642 5706 5476
f 5707 5685 5591
f 5731 5697 5625
f 5541 5592 5697
f 5568 5668 5625
f 5643 5573 5699
f 5647 5686 5510
f 5540 5454 5648
f 5670 5673 5674
f 5688 5675 5577
f 5673 5485 5652
f 5652 5521 5655
f 5607 5594 5631
f 5303 5710 5661
f 5344 5739 5370
f 5618 5620 5737
f 5695 5559 5636
f 5696 5559 5695
f 5715 5531 5497
f 5681 5680 5586
f 5588 5696 5680
f 5638 5681 5680
f 5681 5704 5682
f 5639 5704 5681
f 5566 5640 5665
f 5642 5624 5706
f 5707 5591 5705
f 5698 5683 5684
f 5645 5719 5646
f 5709 5574 5508
f 5675 5688 5648
f 5688 5649 5671
f 5577 5631 5671
f 5739 5711 5370
f 5726 5098 5711
f 5702 5276 5722
f 5468 5732 5713
f 5620 5663 5737
f 5714 5406 5735
f 5635 5695 5636
f 5681 5622 5529
f 5637 5587 5717
f 5529 5640 5682
f 5640 5717 5682
f 5641 5640 5664
f 5664 5640 5566
f 5587 5666 5717
f 5665 5706 5566
f 5684 5683 5536
f 5731 5697 5625
f 5686 5539 5684
f 5540 5648 5668
f 5675 5648 5594
f 5468 5713 5557
f 5679 5718 5623
f 5563 5622 5717
f 5708 5623 5718
f 5666 5717 5683
f 5736 5742 5303
f 5733 5722 5190
f 5746 5740 5214
f 5703 5734 5617
f 5714 5715 5497
f 5558 5716 5729
f 5716 5558 5561
f 5682 5622 5681
f 5730 5731 5590
f 5661 5749 5701
f 5744 5736 5345
f 5692 5745 5712
f 5733 5190 5694
f 5728 5695 5635
f 5728 5635 5680
f 5682 5717 5622
f 5741 5739 5344
f 5721 5346 5693
f 5557 5713 5703
f 5696 5695 5728
f 5680 5696 5728
f 5679 5723 5718
f 5561 5724 5716
f 5703 5713 5734
f 5663 5727 5737
f 5747 5726 5711
f 5720 5748 5741
f 5749 5748 5720
f 5742 5736 5743
f 5710 5303 5742
f 5736 5744 5743
