# Created by meshio v5.3.5, 2026-07-28T10:37:46.651042
v -7.1941423416137695 -254.9329376220703 -1887.661865234375
v -31.243812561035156 -262.1617431640625 -1885.470703125
v -21.52689552307129 -253.35418701171875 -1885.1500244140625
v 2.7238516807556152 -268.30255126953125 -1882.6563720703125
v -43.54533386230469 -271.6807556152344 -1882.6380615234375
v -3.3964648246765137 -259.3229064941406 -1883.9012451171875
v -49.510887145996094 -276.84228515625 -1883.26220703125
v -16.886810302734375 -253.72401428222656 -1879.4720458984375
v 11.664949417114258 -278.811767578125 -1879.1717529296875
v 33.510719299316406 -300.6336364746094 -1879.2320556640625
v -155.53697204589844 -290.2284851074219 -1878.0596923828125
v -62.86116027832031 -282.8733825683594 -1879.96435546875
v -11.024465560913086 -253.2101287841797 -1885.303466796875
v -35.7795524597168 -264.4952392578125 -1880.7664794921875
v -25.474008560180664 -256.21600341796875 -1877.25
v -38.60426712036133 -267.8040466308594 -1884.086669921875
v -136.97315979003906 -307.5542907714844 -1876.90478515625
v -57.60197448730469 -280.04046630859375 -1878.1470947265625
v -8.729927062988281 -255.47305297851562 -1877.9915771484375
v -75.65145111083984 -283.1613464355469 -1868.580322265625
v -90.42681884765625 -291.7532043457031 -1878.65185546875
v 17.972131729125977 -285.2734680175781 -1880.10107421875
v -4.859074592590332 -259.9719543457031 -1870.103515625
v -73.86859130859375 -286.2797546386719 -1879.6282958984375
v -130.82493591308594 -308.77386474609375 -1873.96484375
v -96.51412963867188 -295.62603759765625 -1879.3760986328125
v -78.9344482421875 -287.86273193359375 -1880.4039306640625
v -41.09085464477539 -265.1782531738281 -1871.0648193359375
v 10.813102722167969 -276.1849060058594 -1873.787109375
v -27.585186004638672 -258.4897155761719 -1870.220703125
v -109.31122589111328 -303.0901794433594 -1874.738037109375
v -98.93807983398438 -297.24407958984375 -1876.3822021484375
v -122.6640625 -307.8101806640625 -1876.4010009765625
v -141.56594848632812 -304.85089111328125 -1875.79296875
v -149.12249755859375 -296.9123840332031 -1877.8740234375
v -69.58965301513672 -279.25970458984375 -1864.4744873046875
v 1.7600712776184082 -267.21441650390625 -1873.5418701171875
v -34.03893280029297 -262.324462890625 -1873.4791259765625
v 63.94565963745117 -334.37646484375 -1871.660888671875
v -87.64534759521484 -289.8790283203125 -1873.90185546875
v 41.38489532470703 -312.1732177734375 -1876.9407958984375
v -144.08111572265625 -301.01318359375 -1866.627685546875
v -116.83293914794922 -306.1602478027344 -1875.8572998046875
v 25.4744930267334 -291.7699890136719 -1879.17431640625
v -3.8230838775634766 -258.50360107421875 -1877.0169677734375
v 71.65115356445312 -338.7961730957031 -1869.133056640625
v 55.90331268310547 -327.5827331542969 -1871.854736328125
v 42.61445236206055 -312.4319763183594 -1869.1470947265625
v 30.735252380371094 -297.4190979003906 -1875.6419677734375
v 36.56159591674805 -305.18511962890625 -1872.3603515625
v -139.16049194335938 -305.8581848144531 -1866.787109375
v -92.64696502685547 -293.5672302246094 -1862.1785888671875
v 19.38467788696289 -282.28460693359375 -1869.0228271484375
v -52.0666389465332 -273.7596435546875 -1870.0252685546875
v -11.420225143432617 -258.8236389160156 -1869.109619140625
v 82.74177551269531 -340.2687072753906 -1869.234130859375
v 60.516517639160156 -330.8402099609375 -1863.9619140625
v -125.07890319824219 -308.0521545410156 -1865.663330078125
v -105.12769317626953 -301.156982421875 -1864.087646484375
v 0.9891828298568726 -268.8068542480469 -1865.658935546875
v -33.68081283569336 -263.3570556640625 -1864.55224609375
v -156.1770477294922 -284.6695556640625 -1861.194091796875
v 7.659782886505127 -273.232421875 -1868.9879150390625
v -37.746944427490234 -263.8365478515625 -1869.8326416015625
v 68.6438980102539 -336.54705810546875 -1857.93603515625
v -149.36680603027344 -295.6543884277344 -1860.93408203125
v -4.823395729064941 -263.47332763671875 -1864.44189453125
v 76.2374038696289 -339.93060302734375 -1862.2266845703125
v -61.22735595703125 -271.1524963378906 -1855.2857666015625
v 25.694473266601562 -287.8490295410156 -1858.3912353515625
v -80.66224670410156 -284.811767578125 -1862.98388671875
v -14.955060958862305 -269.4736633300781 -1855.00537109375
v -6.906272888183594 -264.4813537597656 -1860.989013671875
v -48.04433059692383 -265.40850830078125 -1858.0714111328125
v -38.480674743652344 -265.2527160644531 -1862.1005859375
v -22.708494186401367 -261.091796875 -1863.264404296875
v 28.817907333374023 -291.3142395019531 -1854.666748046875
v 18.36469078063965 -279.53839111328125 -1861.7294921875
v -3.482480764389038 -270.05474853515625 -1857.3651123046875
v -44.33971405029297 -264.89593505859375 -1858.3896484375
v 6.740312099456787 -276.0699768066406 -1857.841796875
v -31.371034622192383 -267.70672607421875 -1853.7462158203125
v 39.20694351196289 -304.48577880859375 -1857.14697265625
v 17.695405960083008 -280.6004943847656 -1856.34423828125
v -39.255889892578125 -267.66143798828125 -1855.7093505859375
v -96.88162994384766 -295.2607116699219 -1851.637939453125
v -88.53604888916016 -290.2425231933594 -1854.9381103515625
v 72.48532104492188 -336.407958984375 -1849.4298095703125
v 19.79944610595703 -286.484130859375 -1845.237548828125
v 47.59809112548828 -314.5937805175781 -1856.330810546875
v -133.44456481933594 -307.53045654296875 -1854.448974609375
v -122.94938659667969 -306.7226257324219 -1849.211669921875
v -120.68907165527344 -306.70477294921875 -1860.2664794921875
v 55.532230377197266 -323.6683349609375 -1856.04443359375
v 28.059852600097656 -290.6622009277344 -1846.05419921875
v -8.79161262512207 -273.3815612792969 -1850.468505859375
v 84.4376220703125 -338.2790832519531 -1856.1297607421875
v -145.16290283203125 -301.5074157714844 -1858.1080322265625
v -153.27259826660156 -288.52593994140625 -1847.9794921875
v -74.70730590820312 -279.3346252441406 -1853.622802734375
v -15.123641014099121 -238.6383514404297 -1849.0015869140625
v -9.309027671813965 -230.11793518066406 -1848.8406982421875
v 32.394630432128906 -294.3428955078125 -1850.67919921875
v -8.963969230651855 -236.12307739257812 -1847.66796875
v -2.521588087081909 -234.5052490234375 -1847.90380859375
v -14.385710716247559 -224.07183837890625 -1846.4920654296875
v -139.3618927001953 -305.0904846191406 -1850.0804443359375
v -113.3431625366211 -303.1428527832031 -1848.4600830078125
v -32.21162033081055 -271.6598815917969 -1848.8807373046875
v -43.10377502441406 -271.11322021484375 -1846.5858154296875
v -60.25138473510742 -265.9535217285156 -1844.0042724609375
v -47.265926361083984 -266.2677001953125 -1850.211669921875
v 9.462015151977539 -251.35696411132812 -1844.0662841796875
v -14.895698547363281 -225.57481384277344 -1849.181396484375
v 49.031494140625 -310.3899230957031 -1844.6893310546875
v -155.73602294921875 -283.9363708496094 -1846.0452880859375
v 8.651630401611328 -283.89715576171875 -1845.04150390625
v 6.891869068145752 -238.77354431152344 -1846.4168701171875
v -0.7086841464042664 -230.8022003173828 -1847.26611328125
v -22.45933723449707 -229.1742706298828 -1847.1690673828125
v -12.802578926086426 -229.14389038085938 -1842.85009765625
v 0.6457394957542419 -279.4317626953125 -1847.4278564453125
v -53.2789192199707 -264.98291015625 -1847.5179443359375
v -19.590675354003906 -244.08116149902344 -1844.7271728515625
v 66.39427947998047 -330.2601318359375 -1839.4317626953125
v 52.58209228515625 -311.6603088378906 -1839.3712158203125
v -17.347183227539062 -280.3692626953125 -1844.6219482421875
v -69.24703216552734 -273.3706970214844 -1848.2613525390625
v -26.946823120117188 -231.32818603515625 -1844.8544921875
v 79.15435791015625 -334.0347595214844 -1839.6510009765625
v 63.21074676513672 -331.14788818359375 -1851.6517333984375
v 25.859365463256836 -290.52911376953125 -1840.8468017578125
v -57.22865676879883 -266.2552185058594 -1839.2303466796875
v -9.239542007446289 -244.01986694335938 -1842.0234375
v 12.685009956359863 -246.0903778076172 -1844.1636962890625
v -0.40213996171951294 -232.73040771484375 -1843.2171630859375
v -18.54046058654785 -230.46600341796875 -1842.8375244140625
v 41.174583435058594 -299.12994384765625 -1841.8736572265625
v -144.4625244140625 -300.980712890625 -1847.3084716796875
v -15.184114456176758 -285.1084899902344 -1840.8446044921875
v -14.721020698547363 -248.33999633789062 -1841.9993896484375
v -0.755008339881897 -293.88232421875 -1840.615966796875
v 6.685652256011963 -255.38075256347656 -1840.897216796875
v 17.418272018432617 -259.0113220214844 -1839.1922607421875
v -32.5497932434082 -240.0765380859375 -1837.70263671875
v 11.166879653930664 -233.2735595703125 -1841.7164306640625
v -25.4455509185791 -225.78823852539062 -1843.6773681640625
v -2.451875686645508 -295.920654296875 -1840.9342041015625
v -11.946898460388184 -285.4996032714844 -1840.1622314453125
v -10.839802742004395 -281.02764892578125 -1842.0057373046875
v -5.988852500915527 -238.584228515625 -1845.8818359375
v -13.91750717163086 -237.1584014892578 -1839.33056640625
v -33.0784797668457 -232.0924072265625 -1839.9691162109375
v -149.95968627929688 -293.3134765625 -1844.398681640625
v -87.99195861816406 -284.37109375 -1836.72900390625
v -65.05297088623047 -266.9525451660156 -1837.9354248046875
v -130.88894653320312 -307.03558349609375 -1846.1900634765625
v -21.891374588012695 -293.48907470703125 -1831.8660888671875
v -28.034759521484375 -281.0005187988281 -1841.4129638671875
v -21.50124168395996 -242.95925903320312 -1838.731689453125
v 60.31330490112305 -323.7668762207031 -1837.3800048828125
v 3.5867514610290527 -299.5527038574219 -1837.27392578125
v -10.21892261505127 -291.0995788574219 -1839.6072998046875
v -4.592855453491211 -291.5281066894531 -1839.123779296875
v -88.28345489501953 -287.3341064453125 -1842.828125
v -18.422460556030273 -286.895751953125 -1837.7249755859375
v 17.986970901489258 -253.5101776123047 -1839.9808349609375
v -18.199338912963867 -250.51564025878906 -1838.5916748046875
v -139.26043701171875 -302.37640380859375 -1837.0428466796875
v -146.7847442626953 -296.1071472167969 -1837.8905029296875
v -27.11884117126465 -289.4897766113281 -1834.8267822265625
v -2.3550074100494385 -247.5653533935547 -1840.8392333984375
v -27.342012405395508 -245.02359008789062 -1837.869384765625
v -33.86130142211914 -230.52783203125 -1837.90771484375
v -121.19819641113281 -303.73956298828125 -1835.3092041015625
v -134.34262084960938 -303.9212951660156 -1834.869873046875
v 4.196221351623535 -297.26849365234375 -1837.057861328125
v 15.91285514831543 -264.22894287109375 -1837.150634765625
v -32.157936096191406 -238.43182373046875 -1837.481201171875
v 16.1015567779541 -236.61798095703125 -1837.6148681640625
v 8.829811096191406 -301.35931396484375 -1838.132568359375
v 7.027215480804443 -288.2734680175781 -1838.6971435546875
v -8.105260848999023 -288.32012939453125 -1837.207275390625
v -32.68442153930664 -286.5121765136719 -1835.1781005859375
v -154.17239379882812 -283.0217590332031 -1837.0142822265625
v 24.887083053588867 -231.82652282714844 -1831.4998779296875
v 1.036884069442749 -232.79574584960938 -1838.0301513671875
v -41.2550163269043 -281.3485412597656 -1833.3585205078125
v -47.96403503417969 -275.0984802246094 -1837.24462890625
v 27.686429977416992 -267.9522705078125 -1833.2239990234375
v -41.832908630371094 -238.37315368652344 -1836.0396728515625
v -46.4559440612793 -231.7254638671875 -1832.8665771484375
v 18.231178283691406 -306.28253173828125 -1834.139892578125
v 19.61309242248535 -304.29022216796875 -1834.3951416015625
v 35.97922134399414 -293.4724426269531 -1838.830078125
v -3.5229010581970215 -292.7083435058594 -1833.43994140625
v -2.852189540863037 -289.3819274902344 -1836.65869140625
v -12.344773292541504 -243.03463745117188 -1837.82763671875
v 20.88102149963379 -244.5966339111328 -1836.025146484375
v -39.48562240600586 -236.06488037109375 -1832.2867431640625
v 14.913385391235352 -234.27207946777344 -1836.4609375
v 15.44041633605957 -301.8235778808594 -1834.1990966796875
v 17.74688720703125 -304.49859619140625 -1831.9814453125
v -34.3101806640625 -292.5224914550781 -1834.1854248046875
v 22.514984130859375 -228.18087768554688 -1830.8880615234375
v -107.41099548339844 -297.42315673828125 -1836.592529296875
v -15.257521629333496 -290.9258728027344 -1832.733154296875
v 25.289657592773438 -270.25714111328125 -1834.063232421875
v -13.354216575622559 -257.8943786621094 -1830.9991455078125
v 17.20758628845215 -305.75396728515625 -1832.5125732421875
v -155.0010223388672 -277.7994079589844 -1832.39501953125
v -32.480751037597656 -244.33889770507812 -1834.4146728515625
v -8.862837791442871 -232.78262329101562 -1834.2628173828125
v -7.002374649047852 -232.4615936279297 -1835.093994140625
v 73.00277709960938 -331.5736999511719 -1835.6168212890625
v 47.69577407836914 -300.4416198730469 -1831.97705078125
v -8.29958438873291 -296.5597229003906 -1833.916259765625
v 22.83297348022461 -290.845947265625 -1838.284423828125
v 20.06891632080078 -271.82928466796875 -1832.9649658203125
v -10.368644714355469 -256.89300537109375 -1832.72705078125
v 27.67131805419922 -250.23248291015625 -1830.7501220703125
v 28.078834533691406 -241.01577758789062 -1828.8865966796875
v -41.94814682006836 -231.58676147460938 -1836.0799560546875
v -28.312271118164062 -293.6578369140625 -1829.929443359375
v -36.64104461669922 -285.9105224609375 -1831.609619140625
v -35.29436111450195 -292.2509765625 -1827.361572265625
v -150.3008270263672 -289.1461486816406 -1832.7982177734375
v -62.14881134033203 -270.05218505859375 -1827.906982421875
v 9.574392318725586 -268.2362976074219 -1832.46923828125
v -68.13810729980469 -268.1215515136719 -1826.899169921875
v 33.03314208984375 -264.3252868652344 -1828.5018310546875
v -5.558612823486328 -260.0377502441406 -1830.5604248046875
v 85.42436981201172 -330.8408508300781 -1836.0723876953125
v -13.785921096801758 -294.10614013671875 -1830.23046875
v -108.81135559082031 -294.6866149902344 -1827.5625
v -77.73927307128906 -269.8272705078125 -1824.41015625
v 33.894229888916016 -292.8384094238281 -1828.981201171875
v -31.74295997619629 -294.1239318847656 -1828.2215576171875
v -49.29533004760742 -284.8811340332031 -1822.827392578125
v 18.887104034423828 -230.34161376953125 -1831.84619140625
v -0.9566110372543335 -232.46810913085938 -1826.0662841796875
v 31.848817825317383 -312.4918212890625 -1826.9681396484375
v 25.66292381286621 -308.45489501953125 -1831.4959716796875
v -0.12780123949050903 -265.1479187011719 -1828.463623046875
v -48.879947662353516 -242.69210815429688 -1831.851318359375
v 41.591793060302734 -314.8724670410156 -1823.975830078125
v 30.536623001098633 -311.1147766113281 -1826.0872802734375
v -126.11605072021484 -301.7368469238281 -1826.5567626953125
v -146.7218475341797 -288.461181640625 -1823.4273681640625
v -78.75867462158203 -274.0085144042969 -1832.155517578125
v -21.10722541809082 -273.4405212402344 -1828.4403076171875
v -48.85151290893555 -227.800048828125 -1829.22021484375
v 66.4082260131836 -325.6054382324219 -1829.32421875
v 23.07130241394043 -278.5482177734375 -1828.18994140625
v -40.97417449951172 -250.77960205078125 -1827.9615478515625
v -54.4820442199707 -233.26019287109375 -1826.61083984375
v -142.2240753173828 -297.7676086425781 -1829.936279296875
v -13.421278953552246 -262.11370849609375 -1828.874267578125
v -15.071240425109863 -261.1134033203125 -1827.4835205078125
v -7.7019267082214355 -238.96990966796875 -1830.5858154296875
v 10.304020881652832 -235.57872009277344 -1828.8660888671875
v -23.63431167602539 -269.0564270019531 -1828.7496337890625
v -152.3697967529297 -274.6819763183594 -1823.0250244140625
v -9.66330337524414 -248.3948211669922 -1831.4305419921875
v 34.501441955566406 -310.5147399902344 -1827.3624267578125
v 56.48876953125 -313.8269348144531 -1829.316162109375
v -3.7442235946655273 -297.0184326171875 -1827.512451171875
v -148.63131713867188 -278.53350830078125 -1816.59521484375
v 34.159000396728516 -273.3809814453125 -1826.2369384765625
v -19.121339797973633 -267.88177490234375 -1826.4453125
v -27.106435775756836 -266.1732482910156 -1824.8311767578125
v -48.91238784790039 -252.2052764892578 -1825.197265625
v 21.449007034301758 -294.9589538574219 -1827.7958984375
v 42.03974151611328 -295.2222595214844 -1831.4410400390625
v 35.158023834228516 -294.1324157714844 -1823.05517578125
v -22.44484519958496 -277.48297119140625 -1821.260986328125
v 36.004859924316406 -269.0486755371094 -1825.5845947265625
v -12.578729629516602 -254.34165954589844 -1825.6363525390625
v -39.92748260498047 -239.94729614257812 -1824.25537109375
v 15.059697151184082 -238.9486541748047 -1821.586669921875
v -58.103736877441406 -236.5369873046875 -1824.7823486328125
v 19.25877571105957 -234.76858520507812 -1822.58740234375
v -10.325703620910645 -298.5475158691406 -1825.853271484375
v -31.203948974609375 -297.9810791015625 -1822.55078125
v -25.10542106628418 -280.21142578125 -1823.148681640625
v -41.525115966796875 -246.23338317871094 -1823.783203125
v -8.015236854553223 -237.30577087402344 -1819.637939453125
v -60.03374481201172 -251.8272705078125 -1825.0257568359375
v 26.50041961669922 -230.47605895996094 -1823.466552734375
v 33.13616180419922 -309.4440612792969 -1826.0233154296875
v 16.684539794921875 -298.9935302734375 -1821.3643798828125
v -93.436279296875 -284.56817626953125 -1829.0150146484375
v 29.902389526367188 -277.5283203125 -1827.133544921875
v 7.122737407684326 -277.08135986328125 -1821.419677734375
v -7.631154537200928 -246.81117248535156 -1823.218505859375
v -50.1659049987793 -237.00746154785156 -1823.693115234375
v 6.4879984855651855 -236.248046875 -1823.01318359375
v 61.45954132080078 -318.3486633300781 -1824.640380859375
v 13.737211227416992 -293.9285583496094 -1830.63671875
v -41.76247787475586 -257.2716064453125 -1821.727783203125
v -61.945228576660156 -249.2825927734375 -1825.33154296875
v -45.312110900878906 -234.67564392089844 -1824.9278564453125
v -38.43363571166992 -254.7508544921875 -1816.5279541015625
v 26.065353393554688 -237.57952880859375 -1822.2008056640625
v -23.283714294433594 -301.8398742675781 -1822.7613525390625
v -44.28886032104492 -297.7982177734375 -1812.6680908203125
v -41.10396957397461 -248.8863983154297 -1826.7935791015625
v 34.87040710449219 -248.2198944091797 -1822.6180419921875
v 34.02499008178711 -232.71849060058594 -1821.0269775390625
v 83.4402084350586 -323.582275390625 -1817.6326904296875
v 55.34980773925781 -320.24896240234375 -1816.666015625
v 51.8923454284668 -315.7562561035156 -1818.1990966796875
v 49.62065887451172 -316.39544677734375 -1817.3145751953125
v 1.3166875839233398 -301.8514099121094 -1820.987060546875
v -26.73488998413086 -280.302490234375 -1819.459716796875
v -21.278566360473633 -257.3729553222656 -1815.205322265625
v 17.542268753051758 -236.6778564453125 -1816.6326904296875
v 53.16261291503906 -302.82373046875 -1821.349853515625
v -150.44723510742188 -268.1443786621094 -1814.1619873046875
v -21.774290084838867 -263.06536865234375 -1820.041748046875
v -13.702224731445312 -259.5245056152344 -1820.263916015625
v -10.422738075256348 -249.5880126953125 -1816.699462890625
v -38.23183059692383 -241.55372619628906 -1819.450927734375
v 2.4981331825256348 -232.4718017578125 -1817.1759033203125
v 49.47287368774414 -318.3047180175781 -1817.43408203125
v -18.597185134887695 -301.1807861328125 -1820.3734130859375
v -133.49208068847656 -297.42120361328125 -1819.3358154296875
v 28.741008758544922 -285.4762268066406 -1820.4693603515625
v -87.03528594970703 -272.4250793457031 -1819.2049560546875
v -52.657047271728516 -238.58193969726562 -1816.77197265625
v -67.27348327636719 -237.41183471679688 -1816.1419677734375
v 6.59608793258667 -236.95223999023438 -1816.1435546875
v -2.427136182785034 -238.3883819580078 -1817.031982421875
v 57.23575210571289 -306.85009765625 -1816.151123046875
v 48.00246810913086 -297.58935546875 -1812.2095947265625
v -119.56797790527344 -298.037109375 -1822.28759765625
v 37.92266082763672 -266.521240234375 -1823.1326904296875
v -59.444297790527344 -238.5413818359375 -1817.8316650390625
v -9.050220489501953 -274.10546875 -1818.1578369140625
v -40.67013168334961 -262.5573425292969 -1818.7059326171875
v -48.74482727050781 -261.83447265625 -1816.5809326171875
v -70.64479064941406 -254.31639099121094 -1819.039306640625
v -32.00237274169922 -243.57203674316406 -1813.0535888671875
v 60.25431442260742 -318.0843505859375 -1813.6510009765625
v -26.016225814819336 -304.4488525390625 -1816.931396484375
v -27.385955810546875 -263.1966552734375 -1814.978759765625
v -68.11243438720703 -259.6387939453125 -1817.5009765625
v -35.41666793823242 -242.99493408203125 -1820.0665283203125
v -63.96049880981445 -246.95236206054688 -1824.01904296875
v 36.98535919189453 -238.36256408691406 -1817.8466796875
v 31.888141632080078 -237.17547607421875 -1817.715087890625
v 7.227498531341553 -289.8489685058594 -1805.38818359375
v -40.67509078979492 -259.37548828125 -1816.2769775390625
v -74.64185333251953 -248.7464141845703 -1814.8829345703125
v 42.89739990234375 -248.3990478515625 -1811.6650390625
v -44.97814178466797 -241.01255798339844 -1812.13671875
v 59.13541793823242 -319.46856689453125 -1816.402587890625
v -19.613853454589844 -304.6301574707031 -1815.1995849609375
v -38.81351852416992 -299.0721130371094 -1815.5386962890625
v 24.481178283691406 -290.0079650878906 -1816.3297119140625
v -29.693836212158203 -287.8861083984375 -1814.7518310546875
v -18.063806533813477 -276.834716796875 -1817.6221923828125
v -75.82295989990234 -270.0440673828125 -1816.99365234375
v -32.73362350463867 -271.4683532714844 -1815.9056396484375
v -37.65512466430664 -263.9640808105469 -1813.37939453125
v -15.360437393188477 -244.02166748046875 -1811.0833740234375
v -10.865721702575684 -237.17071533203125 -1814.3408203125
v -67.6954574584961 -238.32781982421875 -1817.0511474609375
v 77.81006622314453 -322.509033203125 -1813.73828125
v 69.85901641845703 -320.4804382324219 -1812.3709716796875
v 21.583011627197266 -239.2679901123047 -1814.34716796875
v 50.00360107421875 -298.83807373046875 -1820.0933837890625
v -21.977359771728516 -283.2341003417969 -1817.2100830078125
v -35.40276336669922 -277.0850830078125 -1810.857666015625
v -51.39092254638672 -267.6459045410156 -1809.0699462890625
v -28.382225036621094 -252.97042846679688 -1812.3680419921875
v -32.366973876953125 -247.9733123779297 -1813.1573486328125
v 11.530804634094238 -238.43092346191406 -1809.9320068359375
v -11.8243408203125 -234.55618286132812 -1810.9306640625
v 73.21233367919922 -323.62506103515625 -1810.3914794921875
v -21.53388023376465 -283.9030456542969 -1811.5008544921875
v -58.21356964111328 -281.66357421875 -1818.5145263671875
v -144.818603515625 -278.8885803222656 -1808.7899169921875
v -19.734153747558594 -254.250732421875 -1812.761962890625
v -40.62851333618164 -239.9019012451172 -1815.265380859375
v 27.741310119628906 -237.44203186035156 -1814.02001953125
v 74.30664825439453 -321.5144958496094 -1812.9547119140625
v 63.625701904296875 -320.4405822753906 -1811.30322265625
v 10.476987838745117 -308.3081970214844 -1807.689697265625
v -3.4279866218566895 -273.3854675292969 -1819.329833984375
v 42.76209259033203 -279.69586181640625 -1811.828369140625
v -37.468746185302734 -268.6753845214844 -1813.6292724609375
v -32.33787155151367 -259.9510498046875 -1810.86083984375
v -34.63789367675781 -256.9799499511719 -1811.6597900390625
v -14.457451820373535 -251.99974060058594 -1813.8653564453125
v -67.75787353515625 -239.973876953125 -1810.11279296875
v 36.87108612060547 -239.8197021484375 -1807.845947265625
v 70.86514282226562 -320.4947814941406 -1809.7344970703125
v -124.3465805053711 -291.31475830078125 -1807.7110595703125
v -54.5039176940918 -295.0343017578125 -1805.6859130859375
v -66.49149322509766 -276.3229064941406 -1816.0899658203125
v -67.0368423461914 -268.5377502441406 -1805.0867919921875
v 40.76662063598633 -238.823974609375 -1812.3450927734375
v 82.7500991821289 -321.5244445800781 -1811.716552734375
v 67.42328643798828 -322.6510314941406 -1810.514404296875
v -22.928600311279297 -308.5186767578125 -1812.0528564453125
v 35.436500549316406 -283.4644775390625 -1818.3380126953125
v -139.93516540527344 -291.206787109375 -1816.3294677734375
v -56.54897689819336 -258.0304260253906 -1818.620849609375
v 48.178436279296875 -254.29791259765625 -1803.73583984375
v -22.97312355041504 -248.876953125 -1810.260498046875
v -21.872346878051758 -241.2783203125 -1809.6451416015625
v -10.480071067810059 -309.25286865234375 -1810.513427734375
v 26.26243019104004 -294.73358154296875 -1812.3243408203125
v -30.75912857055664 -282.8328857421875 -1808.82958984375
v -37.85264205932617 -275.7794189453125 -1809.0289306640625
v 30.372783660888672 -243.6004638671875 -1808.631591796875
v 0.3266472816467285 -241.80899047851562 -1810.349853515625
v -0.8311516046524048 -311.18072509765625 -1807.459716796875
v 56.93037796020508 -302.9053955078125 -1809.8358154296875
v -4.784088611602783 -287.0725402832031 -1804.426513671875
v -74.04436492919922 -263.88079833984375 -1812.3729248046875
v -59.71195602416992 -240.6947021484375 -1811.72265625
v -16.99778938293457 -238.75112915039062 -1810.4139404296875
v 71.27976989746094 -318.0719909667969 -1809.685791015625
v 38.13199234008789 -294.9012756347656 -1805.4066162109375
v -29.984766006469727 -275.5244445800781 -1815.48681640625
v -42.73377227783203 -276.9974060058594 -1807.5963134765625
v -79.41234588623047 -272.03436279296875 -1809.771484375
v -27.57830810546875 -243.23464965820312 -1810.5360107421875
v -47.889530181884766 -240.4473876953125 -1809.0177001953125
v 84.65880584716797 -323.60491943359375 -1808.120849609375
v 49.085792541503906 -279.6195068359375 -1805.21435546875
v -81.47898864746094 -256.31463623046875 -1808.3450927734375
v 48.42387771606445 -288.8890380859375 -1801.4244384765625
v -97.57115936279297 -273.843994140625 -1810.4478759765625
v -59.17720031738281 -267.7171936035156 -1807.5621337890625
v -147.06210327148438 -256.57073974609375 -1799.2288818359375
v -74.49842071533203 -238.49069213867188 -1810.1512451171875
v -27.993118286132812 -309.9010009765625 -1808.45751953125
v -20.585426330566406 -310.8861999511719 -1806.2476806640625
v 16.264657974243164 -293.77191162109375 -1805.6846923828125
v -116.22698211669922 -289.6514892578125 -1808.3404541015625
v 44.863548278808594 -271.300537109375 -1810.6585693359375
v -95.1880111694336 -270.8533630371094 -1806.9141845703125
v -148.57156372070312 -264.9624938964844 -1806.406982421875
v -31.650081634521484 -240.9064178466797 -1807.3426513671875
v -17.85401725769043 -237.59483337402344 -1805.57568359375
v 20.37470817565918 -236.307861328125 -1806.27587890625
v -33.987281799316406 -312.55255126953125 -1799.5478515625
v -102.4221420288086 -285.2127380371094 -1819.2532958984375
v -26.28195571899414 -241.04379272460938 -1806.4066162109375
v 81.42913055419922 -320.8677978515625 -1806.2158203125
v 87.33865356445312 -318.9056091308594 -1805.028564453125
v -27.438724517822266 -315.89886474609375 -1801.185546875
v -12.152997970581055 -282.35772705078125 -1810.156494140625
v -133.34458923339844 -287.7278747558594 -1805.0531005859375
v -44.07453155517578 -282.4804992675781 -1801.656494140625
v -6.290050029754639 -237.53648376464844 -1806.3814697265625
v 68.79931640625 -314.5437316894531 -1807.153564453125
v 30.552186965942383 -301.21826171875 -1810.28955078125
v 58.5265998840332 -302.9178466796875 -1800.44482421875
v -80.67595672607422 -264.6369323730469 -1807.2122802734375
v -51.046051025390625 -237.57508850097656 -1803.1136474609375
v 13.220499992370605 -236.17535400390625 -1802.0438232421875
v -21.506893157958984 -316.31561279296875 -1798.096435546875
v -67.95838928222656 -287.4477233886719 -1802.3359375
v -36.81879806518555 -241.5115203857422 -1801.989013671875
v -14.342053413391113 -233.0200958251953 -1804.0699462890625
v 63.61046600341797 -306.4322204589844 -1802.04931640625
v -38.662967681884766 -285.5027770996094 -1801.0992431640625
v -137.2042999267578 -281.37451171875 -1801.4420166015625
v -10.472820281982422 -237.50953674316406 -1803.0269775390625
v -3.8531877994537354 -240.77883911132812 -1796.3790283203125
v 8.004655838012695 -235.95431518554688 -1805.6021728515625
v 79.74403381347656 -320.2126159667969 -1799.8839111328125
v -20.133607864379883 -289.4808654785156 -1804.257080078125
v -131.36134338378906 -274.1081237792969 -1787.3148193359375
v -145.90536499023438 -268.1897277832031 -1799.8221435546875
v 44.14833068847656 -237.21958923339844 -1803.3116455078125
v 50.63916778564453 -302.0242919921875 -1797.939453125
v 25.515968322753906 -240.22793579101562 -1802.237060546875
v -104.89982604980469 -271.6808776855469 -1795.7490234375
v -89.50902557373047 -248.86383056640625 -1797.4295654296875
v -29.995084762573242 -242.81431579589844 -1802.420166015625
v 3.056239604949951 -238.9114990234375 -1806.12158203125
v 40.81562805175781 -242.68829345703125 -1803.6702880859375
v -68.85311126708984 -240.6599884033203 -1798.809814453125
v 93.47116088867188 -310.1792907714844 -1802.686279296875
v 92.20620727539062 -295.6949768066406 -1800.4129638671875
v -20.074731826782227 -295.15960693359375 -1796.0067138671875
v 1.5680099725723267 -295.2544860839844 -1794.468994140625
v -20.032840728759766 -241.1525115966797 -1801.2396240234375
v -45.42850112915039 -239.7620391845703 -1802.71435546875
v 48.00236129760742 -241.029052734375 -1800.6925048828125
v -57.7871208190918 -238.89723205566406 -1800.4923095703125
v 43.4637565612793 -299.2429504394531 -1805.8106689453125
v -85.43919372558594 -276.0251159667969 -1791.63525390625
v -57.02967071533203 -240.31655883789062 -1807.0960693359375
v -27.187362670898438 -291.4002685546875 -1805.8660888671875
v -111.80266571044922 -283.265869140625 -1802.7027587890625
v -90.13496398925781 -274.84710693359375 -1795.7335205078125
v -9.224825859069824 -241.7231903076172 -1798.710205078125
v 10.378162384033203 -239.6982879638672 -1792.96044921875
v 13.442340850830078 -240.54391479492188 -1793.055419921875
v 75.17759704589844 -317.8006591796875 -1798.1107177734375
v -44.89395523071289 -309.1716003417969 -1797.634521484375
v 56.68292999267578 -302.89532470703125 -1795.648193359375
v -53.61292266845703 -305.9176025390625 -1794.32421875
v -36.313201904296875 -289.3408203125 -1798.5758056640625
v -50.62642288208008 -277.2579650878906 -1801.15478515625
v -79.25582885742188 -274.5595397949219 -1796.2662353515625
v -70.5186996459961 -298.84881591796875 -1786.7728271484375
v -41.54125213623047 -291.253173828125 -1794.1029052734375
v -120.58283996582031 -280.54351806640625 -1792.6064453125
v -61.802433013916016 -274.0770568847656 -1799.2344970703125
v -145.8850860595703 -252.15599060058594 -1795.10546875
v -142.89920043945312 -235.65980529785156 -1790.514404296875
v 16.20522689819336 -243.1954803466797 -1797.542724609375
v -32.026268005371094 -296.55670166015625 -1800.4638671875
v -31.24579429626465 -288.89459228515625 -1801.5693359375
v -93.31814575195312 -254.8212432861328 -1794.0860595703125
v -75.32810974121094 -239.5359649658203 -1799.665771484375
v -71.43022918701172 -239.49974060058594 -1794.8353271484375
v 19.55074691772461 -304.32440185546875 -1791.99951171875
v -92.05845642089844 -270.39483642578125 -1803.18603515625
v 50.32704162597656 -250.54722595214844 -1795.6116943359375
v 21.67918586730957 -244.5806427001953 -1798.578125
v 4.232792377471924 -242.67369079589844 -1799.5726318359375
v 82.86083984375 -320.4619140625 -1790.3670654296875
v -11.672228813171387 -314.98345947265625 -1801.62451171875
v 89.22918701171875 -317.45367431640625 -1801.186279296875
v 40.02362060546875 -304.02886962890625 -1791.745849609375
v -25.752283096313477 -299.8649597167969 -1793.1397705078125
v -28.69896125793457 -298.06707763671875 -1791.0216064453125
v 91.9932861328125 -288.82574462890625 -1796.210205078125
v -36.572059631347656 -246.21969604492188 -1791.728271484375
v 76.47889709472656 -320.32122802734375 -1787.679443359375
v -0.48303312063217163 -317.6801452636719 -1795.4534912109375
v -31.08652114868164 -291.1572570800781 -1795.0123291015625
v -3.293644428253174 -292.6495056152344 -1796.907958984375
v -128.08529663085938 -289.9339599609375 -1805.7315673828125
v -77.3320083618164 -278.50421142578125 -1788.7286376953125
v 51.59013748168945 -245.20016479492188 -1792.1575927734375
v 49.2674674987793 -241.47415161132812 -1793.7452392578125
v 14.132246971130371 -314.97637939453125 -1794.7030029296875
v 89.20320129394531 -316.62322998046875 -1794.3466796875
v 32.77293395996094 -314.89935302734375 -1786.528564453125
v 93.20655059814453 -302.03424072265625 -1802.3427734375
v -33.87517547607422 -295.53961181640625 -1791.80712890625
v -48.756980895996094 -285.7474365234375 -1793.9136962890625
v 94.21565246582031 -285.563720703125 -1798.7467041015625
v 96.08690643310547 -267.9761047363281 -1793.728759765625
v -54.33005142211914 -244.4979705810547 -1797.878662109375
v 44.02372360229492 -244.77944946289062 -1793.7431640625
v 98.32796478271484 -241.79579162597656 -1792.35986328125
v -143.67205810546875 -228.51986694335938 -1792.3023681640625
v 72.20169830322266 -314.36260986328125 -1791.4979248046875
v -53.70332336425781 -286.810791015625 -1790.757568359375
v -58.71336364746094 -244.52952575683594 -1795.263671875
v 37.12173843383789 -242.37716674804688 -1794.47119140625
v -33.48023223876953 -241.48956298828125 -1795.6693115234375
v -80.31446075439453 -237.88014221191406 -1802.2786865234375
v 99.01121520996094 -253.8000946044922 -1795.3079833984375
v -48.45691680908203 -246.39801025390625 -1788.6688232421875
v -28.260107040405273 -241.81333923339844 -1796.3460693359375
v -0.3814304769039154 -291.9348449707031 -1791.642822265625
v -5.071039199829102 -294.1500244140625 -1790.86767578125
v -78.67513275146484 -283.80731201171875 -1797.8934326171875
v -93.38819122314453 -271.8369140625 -1796.6361083984375
v -65.57513427734375 -241.28436279296875 -1787.1611328125
v 33.58824157714844 -241.60411071777344 -1795.5145263671875
v -89.76758575439453 -237.18495178222656 -1790.1070556640625
v -76.66751098632812 -237.98423767089844 -1804.8994140625
v -30.208959579467773 -323.6705017089844 -1786.7750244140625
v -28.80963897705078 -321.2204895019531 -1792.8961181640625
v -22.258853912353516 -321.6598205566406 -1789.507568359375
v -62.72377014160156 -297.5191345214844 -1795.6956787109375
v -87.07405853271484 -287.2371826171875 -1784.5174560546875
v 54.64083480834961 -283.1278991699219 -1795.1202392578125
v 53.02766036987305 -268.0113220214844 -1797.0540771484375
v -16.820619583129883 -242.11312866210938 -1792.010009765625
v -6.648858070373535 -243.0174102783203 -1790.6407470703125
v -64.48389434814453 -238.60464477539062 -1794.2137451171875
v -96.55363464355469 -272.9790954589844 -1789.677490234375
v -126.71192169189453 -274.43597412109375 -1785.628662109375
v 96.75199127197266 -242.0430908203125 -1789.587158203125
v -33.786869049072266 -321.4153747558594 -1787.319580078125
v 89.13153076171875 -292.72265625 -1787.8521728515625
v -114.07738494873047 -276.28900146484375 -1789.7568359375
v -137.84812927246094 -272.8573913574219 -1790.9322509765625
v -91.16434478759766 -265.4129638671875 -1794.9744873046875
v 24.708539962768555 -248.27708435058594 -1786.53662109375
v 22.955034255981445 -245.91644287109375 -1791.296142578125
v 32.099876403808594 -244.25018310546875 -1789.193603515625
v -138.7698974609375 -216.10948181152344 -1788.031005859375
v -136.50779724121094 -206.2991943359375 -1787.5770263671875
v 91.92107391357422 -280.5083312988281 -1789.1051025390625
v 95.07685852050781 -261.73895263671875 -1787.508544921875
v -145.3517608642578 -257.0757751464844 -1791.2265625
v 49.083412170410156 -246.66693115234375 -1786.4671630859375
v -140.13150024414062 -240.46730041503906 -1781.9632568359375
v 36.090328216552734 -240.49917602539062 -1787.3594970703125
v 91.60295104980469 -309.9313659667969 -1792.54541015625
v 10.01809024810791 -308.3989562988281 -1781.407470703125
v -4.262538433074951 -300.44970703125 -1787.5537109375
v -41.83135986328125 -292.7550048828125 -1788.87841796875
v 52.46232604980469 -296.8308410644531 -1789.2872314453125
v -102.91638946533203 -270.6492614746094 -1789.2747802734375
v -29.19723892211914 -240.6590576171875 -1787.7327880859375
v -22.74020004272461 -241.26513671875 -1787.9278564453125
v -12.2672119140625 -297.3113708496094 -1790.41357421875
v -141.8733367919922 -265.6319274902344 -1786.4136962890625
v -33.63527297973633 -248.07643127441406 -1785.2587890625
v -85.25578308105469 -239.2337646484375 -1787.3045654296875
v -70.37934112548828 -237.55918884277344 -1787.399169921875
v -90.78416442871094 -236.06533813476562 -1786.5150146484375
v -8.414060592651367 -322.6767883300781 -1788.36962890625
v 29.88174057006836 -305.0061340332031 -1795.7586669921875
v 25.2192440032959 -305.0934143066406 -1794.9044189453125
v 44.91362762451172 -304.8885803222656 -1795.8929443359375
v 66.24883270263672 -306.898193359375 -1790.7052001953125
v -26.346036911010742 -300.5785827636719 -1786.58642578125
v -111.82907104492188 -273.1468505859375 -1784.4801025390625
v 54.30570602416992 -258.6899719238281 -1793.2989501953125
v 94.68019104003906 -250.1354217529297 -1782.1474609375
v 43.559471130371094 -247.05206298828125 -1784.6292724609375
v -1.467233419418335 -241.08702087402344 -1787.7147216796875
v -76.69929504394531 -239.61256408691406 -1786.08837890625
v -54.452049255371094 -312.76171875 -1786.240966796875
v -35.21348571777344 -296.4356689453125 -1788.559814453125
v 90.22960662841797 -282.9562072753906 -1780.1998291015625
v -65.05476379394531 -283.31231689453125 -1786.669921875
v 55.85986328125 -289.9004821777344 -1789.7822265625
v -119.49594116210938 -275.97344970703125 -1785.9783935546875
v -92.67991638183594 -236.52737426757812 -1784.54833984375
v -139.4503936767578 -229.69728088378906 -1784.5191650390625
v -32.51549530029297 -301.3580322265625 -1785.13427734375
v -67.25506591796875 -241.17759704589844 -1778.5740966796875
v 0.9616394639015198 -299.0523376464844 -1790.4630126953125
v -103.79866790771484 -271.7773742675781 -1783.7099609375
v 5.063677787780762 -243.43345642089844 -1788.8787841796875
v -44.67331314086914 -318.0771484375 -1785.81640625
v 56.769527435302734 -306.26708984375 -1784.8472900390625
v -86.58982849121094 -279.5937805175781 -1783.5313720703125
v -29.229957580566406 -247.2724151611328 -1784.068115234375
v 41.383399963378906 -242.8700714111328 -1780.5928955078125
v -1.311248540878296 -324.5715026855469 -1784.5859375
v 15.400094985961914 -323.198486328125 -1779.69140625
v -9.957536697387695 -298.05889892578125 -1785.6734619140625
v -94.60400390625 -275.68231201171875 -1779.5526123046875
v -14.88941764831543 -241.54859924316406 -1781.5069580078125
v -60.88865280151367 -243.29098510742188 -1783.926513671875
v 96.28931427001953 -227.67349243164062 -1788.853515625
v -132.89242553710938 -208.00311279296875 -1778.5712890625
v 75.24694061279297 -322.2508544921875 -1777.3463134765625
v -24.137697219848633 -303.41009521484375 -1785.250244140625
v -72.62126922607422 -281.72955322265625 -1785.1080322265625
v 61.55107879638672 -266.4513244628906 -1783.591064453125
v 37.551841735839844 -248.31361389160156 -1779.12548828125
v 19.748353958129883 -247.27484130859375 -1782.3212890625
v 58.18391799926758 -245.52923583984375 -1782.744140625
v 94.76488494873047 -232.15689086914062 -1781.964599609375
v 87.98661804199219 -300.3454895019531 -1783.6309814453125
v -13.942093849182129 -300.7226257324219 -1780.3402099609375
v -130.12196350097656 -269.9652099609375 -1775.4661865234375
v -98.85852813720703 -258.8785400390625 -1783.3292236328125
v 18.353857040405273 -245.79310607910156 -1777.272705078125
v -54.01572799682617 -243.46133422851562 -1784.1834716796875
v 15.826847076416016 -242.73049926757812 -1781.0999755859375
v 27.964052200317383 -313.4244079589844 -1780.48095703125
v 43.65135955810547 -317.3559875488281 -1774.0714111328125
v -11.843234062194824 -301.380859375 -1778.786865234375
v 60.04643249511719 -276.1768798828125 -1785.735107421875
v 67.2359390258789 -255.0291748046875 -1771.963623046875
v 50.073890686035156 -250.01400756835938 -1776.5635986328125
v -20.79692840576172 -246.45697021484375 -1782.9569091796875
v -27.923492431640625 -307.79925537109375 -1782.84033203125
v -10.562159538269043 -307.1026306152344 -1778.9503173828125
v 9.998743057250977 -246.91954040527344 -1777.6441650390625
v 44.0627555847168 -245.06211853027344 -1776.9144287109375
v -8.054143905639648 -244.07958984375 -1774.85400390625
v -135.940185546875 -219.2471923828125 -1779.8323974609375
v -4.619333267211914 -309.56341552734375 -1776.32666015625
v 55.620201110839844 -298.7353820800781 -1779.78955078125
v -47.96633529663086 -245.851318359375 -1779.516357421875
v -5.069726467132568 -242.58200073242188 -1784.787353515625
v -50.38192367553711 -245.88555908203125 -1778.9490966796875
v -70.13446807861328 -238.22561645507812 -1776.570556640625
v 54.67392349243164 -304.8305358886719 -1771.9503173828125
v -44.376976013183594 -298.5269470214844 -1783.7723388671875
v -23.3492374420166 -249.52610778808594 -1779.4427490234375
v -99.77610778808594 -236.08657836914062 -1776.1513671875
v 68.9963607788086 -310.7677307128906 -1781.2666015625
v -27.548494338989258 -307.29156494140625 -1778.4345703125
v -20.94886016845703 -307.5827941894531 -1776.3533935546875
v -37.114349365234375 -304.22198486328125 -1777.866943359375
v 88.34393310546875 -294.9731140136719 -1772.6463623046875
v -79.79513549804688 -240.93482971191406 -1780.4747314453125
v -137.6780548095703 -235.0106964111328 -1777.352294921875
v -23.865936279296875 -327.9567565917969 -1778.366943359375
v 80.55101013183594 -322.0185241699219 -1780.018798828125
v -113.45833587646484 -272.7855224609375 -1777.5469970703125
v -120.61589813232422 -272.1937561035156 -1779.9573974609375
v -101.28133392333984 -267.07366943359375 -1775.267333984375
v -104.83155059814453 -244.86363220214844 -1772.244873046875
v -98.41422271728516 -249.08428955078125 -1784.0601806640625
v -58.49711990356445 -241.1593017578125 -1778.3914794921875
v -51.398841857910156 -236.8081512451172 -1777.2274169921875
v -99.53606414794922 -234.87109375 -1773.9661865234375
v 63.48086929321289 -308.739013671875 -1778.538330078125
v -32.244384765625 -306.48675537109375 -1776.52978515625
v -17.774015426635742 -306.0751037597656 -1774.3839111328125
v 63.8295783996582 -285.25860595703125 -1775.7060546875
v -101.8937759399414 -277.599365234375 -1774.9759521484375
v 65.62012481689453 -276.94073486328125 -1776.217529296875
v -120.75096893310547 -269.9048156738281 -1773.0953369140625
v 93.7701644897461 -262.1147155761719 -1780.6044921875
v -142.38449096679688 -251.52105712890625 -1780.04345703125
v -57.311222076416016 -242.15956115722656 -1774.969970703125
v -62.5214958190918 -312.8301696777344 -1779.29736328125
v -101.33995056152344 -253.96018981933594 -1780.1510009765625
v -104.42955017089844 -260.7249450683594 -1773.1197509765625
v -1.2030373811721802 -245.4596405029297 -1776.409423828125
v 94.91366577148438 -247.65869140625 -1774.53173828125
v -73.31446075439453 -238.5537567138672 -1777.595458984375
v -91.31835174560547 -238.84140014648438 -1781.8673095703125
v 36.20262908935547 -320.3554992675781 -1773.8487548828125
v 32.66868591308594 -314.8857727050781 -1777.44091796875
v -16.94356346130371 -313.705078125 -1767.9508056640625
v -80.81340026855469 -297.260986328125 -1779.4395751953125
v -63.07179641723633 -288.9950256347656 -1780.8695068359375
v -30.03978729248047 -252.1165008544922 -1777.1650390625
v -15.85634994506836 -252.74789428710938 -1772.2103271484375
v -45.272064208984375 -249.33140563964844 -1776.20556640625
v 29.23515510559082 -250.0860137939453 -1777.02783203125
v -71.3556900024414 -235.09054565429688 -1773.7392578125
v 94.76681518554688 -233.54489135742188 -1776.3885498046875
v -30.588882446289062 -328.9630126953125 -1778.5137939453125
v 22.218868255615234 -325.93341064453125 -1770.680419921875
v -136.44688415527344 -265.8586730957031 -1774.2359619140625
v 67.37454986572266 -264.0927429199219 -1773.48681640625
v -40.170658111572266 -247.6359100341797 -1777.5362548828125
v -134.5274658203125 -219.10545349121094 -1774.4927978515625
v -52.20841979980469 -323.1649169921875 -1774.6646728515625
v 88.20445251464844 -312.4355773925781 -1773.3621826171875
v 87.95801544189453 -297.2210998535156 -1779.0301513671875
v -56.74551010131836 -299.3291931152344 -1773.966552734375
v 95.88251495361328 -244.5416717529297 -1772.8974609375
v -57.79596710205078 -320.89093017578125 -1772.5279541015625
v 16.112430572509766 -311.19110107421875 -1778.7054443359375
v -29.833911895751953 -309.794189453125 -1773.9281005859375
v -21.33994483947754 -308.2471008300781 -1768.314208984375
v -46.62060546875 -307.8105773925781 -1770.903076171875
v -89.45652770996094 -295.4871826171875 -1771.2000732421875
v -109.23863220214844 -274.5538635253906 -1772.3564453125
v 26.475120544433594 -249.73416137695312 -1772.7545166015625
v 63.689334869384766 -245.6497344970703 -1773.991943359375
v -130.78111267089844 -204.22003173828125 -1773.2860107421875
v -26.577192306518555 -308.3546142578125 -1773.4368896484375
v -83.75151062011719 -286.0143127441406 -1772.6314697265625
v -25.235797882080078 -250.86521911621094 -1774.9385986328125
v -52.55228042602539 -247.1279296875 -1773.11376953125
v -62.38050079345703 -243.69970703125 -1770.1451416015625
v -2.408921241760254 -243.50689697265625 -1769.9620361328125
v -84.55519104003906 -240.5616455078125 -1772.1883544921875
v -63.422359466552734 -240.4579620361328 -1772.8697509765625
v -136.08755493164062 -231.9388885498047 -1768.9229736328125
v 61.784088134765625 -296.7695007324219 -1770.8614501953125
v -11.545609474182129 -248.9976806640625 -1775.1890869140625
v 52.05057144165039 -248.10903930664062 -1771.970947265625
v 56.39105224609375 -248.9565887451172 -1773.8978271484375
v 4.324474811553955 -246.3974609375 -1774.28759765625
v -138.70823669433594 -241.1537628173828 -1769.5462646484375
v -53.040470123291016 -327.04718017578125 -1769.20703125
v 12.550338745117188 -312.95513916015625 -1774.9154052734375
v -75.64398193359375 -307.6070251464844 -1769.761474609375
v -73.28240203857422 -290.3194580078125 -1772.1168212890625
v -140.26016235351562 -260.9974670410156 -1774.2603759765625
v -91.42371368408203 -239.4919891357422 -1772.4022216796875
v -28.28474235534668 -331.86187744140625 -1771.9876708984375
v 71.29771423339844 -318.21539306640625 -1778.358642578125
v 87.77788543701172 -317.4814758300781 -1780.252685546875
v -66.96772766113281 -317.0762023925781 -1768.68212890625
v 94.47022247314453 -262.8310546875 -1768.192626953125
v 24.21026039123535 -247.8729705810547 -1768.8968505859375
v 66.97211456298828 -241.7935028076172 -1767.9215087890625
v -66.61628723144531 -236.53448486328125 -1770.064453125
v -35.777626037597656 -331.92120361328125 -1770.1611328125
v 84.3647689819336 -320.4491271972656 -1780.4908447265625
v 87.0696029663086 -315.9646911621094 -1767.5263671875
v -105.49564361572266 -272.26214599609375 -1762.5284423828125
v 91.21466064453125 -277.9275817871094 -1771.62255859375
v -130.24053955078125 -268.6380615234375 -1768.509521484375
v 36.97751998901367 -250.37408447265625 -1774.15185546875
v 15.734445571899414 -248.82022094726562 -1767.7508544921875
v 45.81028366088867 -246.2923583984375 -1767.3720703125
v -67.1541976928711 -240.02334594726562 -1765.847412109375
v -97.18128204345703 -237.659423828125 -1771.165283203125
v -26.72284507751465 -336.8945617675781 -1761.7923583984375
v -32.02113723754883 -336.26312255859375 -1765.7979736328125
v -45.952152252197266 -327.664306640625 -1770.4000244140625
v 43.460533142089844 -309.8048095703125 -1778.48681640625
v 49.67892074584961 -311.77496337890625 -1766.766845703125
v -24.06502342224121 -253.906494140625 -1767.6917724609375
v -18.032512664794922 -254.27024841308594 -1764.828857421875
v -40.767879486083984 -252.4535675048828 -1769.67333984375
v 57.249080657958984 -248.26185607910156 -1768.054443359375
v -77.20372009277344 -238.08792114257812 -1767.8919677734375
v -70.32963562011719 -230.65753173828125 -1769.7037353515625
v -13.53877067565918 -332.2315368652344 -1772.5220947265625
v -59.8422737121582 -328.71942138671875 -1770.662109375
v -28.09078025817871 -315.0004577636719 -1770.952880859375
v 86.99388122558594 -305.6976318359375 -1769.67333984375
v -139.6995849609375 -245.24282836914062 -1771.4097900390625
v 2.2872579097747803 -247.23635864257812 -1768.9029541015625
v -74.09449768066406 -229.96597290039062 -1764.158447265625
v -9.10627269744873 -335.5706787109375 -1767.3681640625
v 1.9443382024765015 -330.2921447753906 -1774.1416015625
v 36.47507858276367 -318.0533752441406 -1768.731201171875
v -85.1241683959961 -303.46728515625 -1764.936767578125
v 66.99665069580078 -292.7144775390625 -1764.9847412109375
v -106.70073699951172 -278.20318603515625 -1767.2767333984375
v -118.53473663330078 -270.0481872558594 -1765.8375244140625
v -107.17371368408203 -265.2362365722656 -1764.734619140625
v 29.76300048828125 -318.2770690917969 -1771.033935546875
v -33.76246643066406 -311.2557678222656 -1766.66259765625
v -27.324356079101562 -311.22369384765625 -1766.52587890625
v -93.76119232177734 -293.9302062988281 -1766.0701904296875
v 90.20701599121094 -289.19708251953125 -1769.262451171875
v -32.30120849609375 -251.3129119873047 -1770.9180908203125
v 34.08440017700195 -250.44122314453125 -1767.8294677734375
v -5.538985252380371 -245.9149627685547 -1765.678466796875
v -50.907527923583984 -246.07858276367188 -1767.0872802734375
v 95.55004119873047 -230.11534118652344 -1771.0084228515625
v -132.010986328125 -209.1083526611328 -1767.530029296875
v 10.721753120422363 -321.1268310546875 -1758.456787109375
v -107.68894958496094 -276.2855224609375 -1769.6168212890625
v -141.68243408203125 -256.5404968261719 -1774.922607421875
v -35.82826614379883 -249.5860137939453 -1768.0999755859375
v 68.52709197998047 -242.2128448486328 -1764.4901123046875
v -40.69840621948242 -311.16595458984375 -1768.4158935546875
v -131.71974182128906 -267.6795349121094 -1760.6453857421875
v 23.452190399169922 -248.20870971679688 -1763.66845703125
v 49.30718994140625 -245.68528747558594 -1768.0518798828125
v -104.11013793945312 -231.028076171875 -1765.6448974609375
v -142.87478637695312 -214.2790985107422 -1765.868896484375
v -4.892707347869873 -336.43115234375 -1764.1644287109375
v 59.207244873046875 -313.4382629394531 -1768.28173828125
v -96.01161193847656 -303.25140380859375 -1748.0162353515625
v -83.41670227050781 -291.9670715332031 -1761.8963623046875
v -92.63697052001953 -283.7939758300781 -1770.947998046875
v -139.432373046875 -209.16732788085938 -1765.97265625
v 44.49736404418945 -320.5394592285156 -1766.7440185546875
v 66.4063491821289 -312.51104736328125 -1771.5445556640625
v 61.10334396362305 -304.0627746582031 -1763.5438232421875
v 7.767298221588135 -247.63389587402344 -1761.1920166015625
v 44.06428527832031 -246.766845703125 -1764.0379638671875
v -111.30762481689453 -240.58438110351562 -1757.8519287109375
v -100.4159164428711 -234.1217803955078 -1763.3095703125
v -66.67024993896484 -231.7972412109375 -1764.151611328125
v -136.92410278320312 -206.36485290527344 -1763.471923828125
v -36.440513610839844 -335.12890625 -1763.4996337890625
v -44.75720977783203 -334.50286865234375 -1759.777587890625
v -26.838367462158203 -314.674560546875 -1761.253173828125
v -136.3111114501953 -263.792724609375 -1760.515869140625
v 72.89754486083984 -255.76296997070312 -1759.6500244140625
v -32.179222106933594 -250.36280822753906 -1760.9708251953125
v 11.648985862731934 -247.14715576171875 -1762.285888671875
v -108.638916015625 -251.2252655029297 -1765.9989013671875
v -79.95255279541016 -235.75538635253906 -1762.4603271484375
v -80.74821472167969 -237.2205047607422 -1760.563720703125
v -8.343732833862305 -344.0931396484375 -1762.8883056640625
v -32.2210693359375 -341.0772705078125 -1760.5322265625
v -58.16118621826172 -326.7113952636719 -1762.791259765625
v -61.0886116027832 -323.2358703613281 -1765.4010009765625
v -115.50205993652344 -276.3512878417969 -1751.669189453125
v 95.494384765625 -270.2247314453125 -1757.8621826171875
v -8.693443298339844 -250.56842041015625 -1763.8857421875
v 49.7864875793457 -246.734130859375 -1762.972412109375
v -69.22024536132812 -245.1214141845703 -1756.4384765625
v -92.25823974609375 -238.94937133789062 -1765.630615234375
v -14.219449996948242 -341.0065002441406 -1756.27978515625
v -13.29390811920166 -337.0503234863281 -1764.4132080078125
v 87.00333404541016 -311.3722229003906 -1760.7108154296875
v -98.77757263183594 -280.9023742675781 -1763.755126953125
v -111.29971313476562 -255.66307067871094 -1759.529541015625
v -50.82168197631836 -246.69491577148438 -1761.6463623046875
v 28.049034118652344 -244.79898071289062 -1762.4830322265625
v -86.9587631225586 -238.2652130126953 -1760.662109375
v -70.95443725585938 -237.33929443359375 -1761.5308837890625
v -103.58755493164062 -225.3168182373047 -1761.1795654296875
v 85.42008972167969 -320.7679443359375 -1768.1134033203125
v 88.27479553222656 -305.5562744140625 -1755.717529296875
v -138.29974365234375 -259.2421569824219 -1757.005859375
v 35.567649841308594 -247.71755981445312 -1762.6199951171875
v 60.597408294677734 -245.30300903320312 -1762.87841796875
v -58.562313079833984 -242.25811767578125 -1762.2940673828125
v -23.696460723876953 -318.72607421875 -1756.8988037109375
v -30.912334442138672 -315.16839599609375 -1764.85693359375
v -54.94060134887695 -312.9514465332031 -1757.556884765625
v 64.28604888916016 -300.7715148925781 -1762.7833251953125
v 69.68938446044922 -280.0709533691406 -1765.8074951171875
v -139.7550048828125 -254.9192657470703 -1762.4788818359375
v -10.737990379333496 -253.90455627441406 -1760.4371337890625
v 59.0626220703125 -244.5211181640625 -1757.551025390625
v 64.87052154541016 -241.3300323486328 -1763.1497802734375
v -135.01455688476562 -225.12037658691406 -1760.34716796875
v -105.78704071044922 -225.8983154296875 -1759.958740234375
v -133.85079956054688 -213.47274780273438 -1756.822509765625
v 13.376599311828613 -334.811279296875 -1755.9451904296875
v -17.093473434448242 -319.5671691894531 -1758.80615234375
v 61.2600212097168 -309.26458740234375 -1754.7391357421875
v -3.3347485065460205 -244.65359497070312 -1760.705078125
v -139.69061279296875 -246.53817749023438 -1759.8837890625
v 3.17331600189209 -244.11895751953125 -1760.42724609375
v 69.53822326660156 -235.25119018554688 -1757.691162109375
v -138.41586303710938 -238.3916778564453 -1760.8104248046875
v 96.93758392333984 -230.55877685546875 -1762.9522705078125
v 63.8391227722168 -315.5115051269531 -1763.832763671875
v 43.494728088378906 -318.27435302734375 -1761.0208740234375
v -72.21785736083984 -296.2186279296875 -1765.5614013671875
v 71.41109466552734 -272.09210205078125 -1764.5738525390625
v -104.20545196533203 -225.14498901367188 -1758.150390625
v -145.4534454345703 -220.48675537109375 -1758.2908935546875
v -142.21131896972656 -220.83172607421875 -1752.2669677734375
v -139.52191162109375 -215.02598571777344 -1751.0458984375
v -16.37559700012207 -340.44091796875 -1756.7066650390625
v -67.71685028076172 -304.7760925292969 -1756.7451171875
v -75.68940734863281 -300.3512268066406 -1753.8074951171875
v -16.80113983154297 -253.60736083984375 -1752.5101318359375
v -113.75949096679688 -246.19898986816406 -1752.65869140625
v -96.69625854492188 -235.20950317382812 -1758.484619140625
v -138.52200317382812 -203.43869018554688 -1758.67919921875
v -116.24801635742188 -272.38995361328125 -1759.0927734375
v -139.52508544921875 -247.7089385986328 -1752.95166015625
v -109.53636932373047 -227.2942352294922 -1753.984375
v -137.15164184570312 -205.54757690429688 -1759.991455078125
v 81.15199279785156 -325.050048828125 -1758.281494140625
v 51.304115295410156 -323.17474365234375 -1744.53759765625
v 21.708433151245117 -244.9656219482422 -1758.1077880859375
v -52.336944580078125 -243.6006317138672 -1757.563232421875
v 98.95864868164062 -229.17774963378906 -1757.257080078125
v -131.8045654296875 -205.46449279785156 -1760.8126220703125
v -34.63973617553711 -341.01751708984375 -1756.43017578125
v -10.294877052307129 -315.74237060546875 -1765.9881591796875
v -37.29172897338867 -318.81988525390625 -1754.395263671875
v 55.338287353515625 -312.1560363769531 -1759.4720458984375
v -45.70969009399414 -247.08738708496094 -1757.114501953125
v -43.41153335571289 -249.7409210205078 -1761.7392578125
v 3.1688640117645264 -248.79074096679688 -1749.4998779296875
v 45.58022689819336 -245.31570434570312 -1756.8602294921875
v -73.31573486328125 -240.78488159179688 -1754.8525390625
v 95.76327514648438 -243.0454864501953 -1767.1678466796875
v 63.95886993408203 -236.48825073242188 -1758.0697021484375
v 66.23971557617188 -322.97955322265625 -1758.681884765625
v -69.93221282958984 -319.5531921386719 -1760.1397705078125
v -31.088802337646484 -318.45111083984375 -1753.42578125
v -49.522274017333984 -318.0179748535156 -1753.6019287109375
v 73.02702331542969 -289.9389343261719 -1750.49609375
v 101.4972152709961 -256.7340087890625 -1742.5968017578125
v -21.88869285583496 -252.5426483154297 -1751.262451171875
v 12.669727325439453 -246.39527893066406 -1753.011474609375
v -61.01393127441406 -244.29116821289062 -1756.5621337890625
v 27.029104232788086 -243.4628143310547 -1757.9871826171875
v 71.57830047607422 -239.50830078125 -1757.1231689453125
v -83.24518585205078 -235.8470458984375 -1757.7767333984375
v -7.041365623474121 -339.54302978515625 -1756.7994384765625
v 71.19615936279297 -325.92669677734375 -1759.55078125
v 58.281002044677734 -320.9754333496094 -1756.878662109375
v 84.90518951416016 -320.70745849609375 -1758.662841796875
v -140.78794860839844 -206.6852264404297 -1753.02685546875
v -12.080841064453125 -342.78070068359375 -1749.58203125
v -87.85730743408203 -306.03857421875 -1757.2130126953125
v 90.5866928100586 -297.8251953125 -1756.392822265625
v 107.6874771118164 -289.08514404296875 -1750.58740234375
v -102.87220001220703 -280.7369384765625 -1757.006591796875
v 95.85104370117188 -257.3275451660156 -1763.0311279296875
v -37.049068450927734 -247.71070861816406 -1760.552734375
v 74.80677032470703 -254.25704956054688 -1752.591552734375
v 51.46599578857422 -242.09144592285156 -1753.2933349609375
v -100.31969451904297 -230.4045867919922 -1756.6068115234375
v -144.0405731201172 -223.68316650390625 -1758.336181640625
v -133.6206817626953 -206.32228088378906 -1750.6844482421875
v 30.539426803588867 -330.3699645996094 -1756.930908203125
v -9.226492881774902 -322.7880554199219 -1752.43603515625
v -100.09553527832031 -290.7535705566406 -1759.490478515625
v -3.50270414352417 -247.74208068847656 -1754.90771484375
v 34.94474411010742 -249.7802734375 -1758.266845703125
v -37.134700775146484 -245.56674194335938 -1751.92041015625
v 49.69813537597656 -237.11587524414062 -1751.8568115234375
v -44.37564468383789 -338.27508544921875 -1752.033935546875
v -51.17304992675781 -336.50482177734375 -1749.3525390625
v -44.79899597167969 -318.1561584472656 -1755.8193359375
v 94.32138061523438 -284.1900634765625 -1755.69140625
v -136.35809326171875 -260.88983154296875 -1748.8271484375
v -55.14109802246094 -244.87890625 -1753.2725830078125
v 70.45287322998047 -238.52630615234375 -1755.1817626953125
v -89.23623657226562 -232.6248016357422 -1752.625732421875
v -30.97312355041504 -342.4740905761719 -1754.712646484375
v 8.202476501464844 -339.9178161621094 -1746.523681640625
v -55.50522994995117 -329.2596130371094 -1759.23974609375
v 78.34679412841797 -327.2265625 -1754.24951171875
v 72.65289306640625 -239.3961944580078 -1753.2579345703125
v -105.22770690917969 -234.47113037109375 -1753.1318359375
v -112.88272857666016 -231.16519165039062 -1749.115478515625
v -138.7273712158203 -213.2733154296875 -1749.2515869140625
v -34.014366149902344 -344.81402587890625 -1748.56201171875
v -26.253494262695312 -341.67315673828125 -1751.819091796875
v 63.71807861328125 -312.9394836425781 -1742.2255859375
v -93.2691879272461 -286.6584167480469 -1762.6143798828125
v -125.68740844726562 -269.6934814453125 -1758.8275146484375
v -139.6301727294922 -256.2613525390625 -1746.4732666015625
v -45.82630157470703 -247.3990020751953 -1750.1990966796875
v -140.70419311523438 -213.36648559570312 -1748.7064208984375
v 75.06668090820312 -327.5680847167969 -1755.60400390625
v 108.3679428100586 -279.5441589355469 -1748.7493896484375
v -123.8187255859375 -272.8183898925781 -1751.022216796875
v 76.49028015136719 -270.37640380859375 -1747.0911865234375
v 32.43174743652344 -244.6479949951172 -1750.9969482421875
v -69.07485961914062 -244.78346252441406 -1750.09423828125
v 40.59730911254883 -329.5704650878906 -1751.001708984375
v 85.68072509765625 -316.72027587890625 -1751.239501953125
v 16.817296981811523 -245.1002655029297 -1757.1356201171875
v 35.43772506713867 -243.93331909179688 -1751.548828125
v 56.91654968261719 -236.21615600585938 -1751.60498046875
v -29.67337417602539 -250.96636962890625 -1749.674560546875
v -8.016839027404785 -247.88967895507812 -1744.1749267578125
v -33.00355529785156 -247.93226623535156 -1748.9254150390625
v -98.22774505615234 -236.3102264404297 -1750.5533447265625
v -145.46371459960938 -224.77684020996094 -1747.352294921875
v -142.43006896972656 -215.80105590820312 -1753.8458251953125
v -138.02035522460938 -206.8881378173828 -1750.9315185546875
v 52.61177062988281 -326.4931640625 -1750.191162109375
v 25.582454681396484 -322.2651672363281 -1759.76025390625
v 107.11611938476562 -287.03955078125 -1748.0013427734375
v 105.11992645263672 -278.2240905761719 -1752.223388671875
v -41.057373046875 -245.57989501953125 -1746.9625244140625
v 18.75263214111328 -244.4687042236328 -1745.9422607421875
v 59.45323944091797 -239.54896545410156 -1753.087890625
v 53.05741500854492 -234.78277587890625 -1749.6466064453125
v -136.79640197753906 -219.18357849121094 -1747.8154296875
v -42.74678039550781 -323.489501953125 -1748.1109619140625
v -120.17434692382812 -278.6363830566406 -1741.7027587890625
v 22.47779083251953 -246.62045288085938 -1749.0982666015625
v 39.34825897216797 -245.27976989746094 -1747.939453125
v -59.46738815307617 -243.2079315185547 -1745.6141357421875
v 67.2037124633789 -240.3311309814453 -1755.1396484375
v 47.93944549560547 -244.07138061523438 -1750.262939453125
v -143.1761932373047 -217.7836151123047 -1747.830322265625
v -139.81202697753906 -211.60025024414062 -1745.3280029296875
v 62.83109664916992 -326.69427490234375 -1749.7337646484375
v -110.85845184326172 -280.32818603515625 -1734.77392578125
v 104.7955322265625 -274.58563232421875 -1747.71728515625
v 110.6347427368164 -275.2666015625 -1744.6568603515625
v -112.7763900756836 -263.4601745605469 -1750.8045654296875
v -77.8897933959961 -240.70904541015625 -1753.0111083984375
v -93.74515533447266 -241.41989135742188 -1746.03759765625
v -138.68515014648438 -217.44305419921875 -1744.70556640625
v 99.51944732666016 -249.66200256347656 -1752.8037109375
v -23.6156005859375 -251.12432861328125 -1744.0299072265625
v 23.100141525268555 -243.448974609375 -1743.6240234375
v -65.03620910644531 -242.63710021972656 -1741.688232421875
v 55.97724533081055 -238.73068237304688 -1743.7392578125
v 34.12052536010742 -324.911865234375 -1752.86669921875
v -76.34477233886719 -315.0136413574219 -1756.9576416015625
v 98.82847595214844 -275.6971130371094 -1746.2945556640625
v 107.52197265625 -280.1135559082031 -1744.6265869140625
v -28.772457122802734 -248.85638427734375 -1744.6263427734375
v -84.8478775024414 -240.7450408935547 -1751.7923583984375
v -97.98554229736328 -240.20960998535156 -1743.4281005859375
v 100.65400695800781 -230.50401306152344 -1751.65234375
v 57.08721923828125 -330.690673828125 -1741.66650390625
v 56.76129150390625 -318.9268798828125 -1744.8587646484375
v 88.85653686523438 -309.9100036621094 -1743.03515625
v 95.42533111572266 -290.94390869140625 -1745.7066650390625
v 108.89094543457031 -285.2545471191406 -1746.284912109375
v 107.37222290039062 -273.6810302734375 -1745.86474609375
v -134.55697631835938 -267.09625244140625 -1745.6866455078125
v 68.66548156738281 -239.83990478515625 -1745.3653564453125
v 63.955596923828125 -242.93026733398438 -1743.64208984375
v 71.54396057128906 -234.5843963623047 -1739.754638671875
v -138.30628967285156 -227.62974548339844 -1747.7908935546875
v -47.021297454833984 -340.2727355957031 -1742.571044921875
v 25.471940994262695 -329.5075378417969 -1742.2342529296875
v 45.827430725097656 -325.30609130859375 -1745.243896484375
v -76.07071685791016 -305.45697021484375 -1742.18359375
v -129.62576293945312 -270.2347106933594 -1740.1756591796875
v 110.11441802978516 -269.97149658203125 -1742.810546875
v -117.17119598388672 -266.7499084472656 -1728.4344482421875
v -52.89910888671875 -246.04380798339844 -1748.3626708984375
v 75.4481430053711 -237.51890563964844 -1744.849853515625
v -34.27241516113281 -349.1631164550781 -1738.7335205078125
v -63.38982391357422 -334.0948181152344 -1737.5958251953125
v -65.41416931152344 -327.1059875488281 -1751.3751220703125
v 31.848684310913086 -245.95005798339844 -1746.214111328125
v -101.79752349853516 -241.94703674316406 -1739.9659423828125
v -89.36611938476562 -237.489990234375 -1745.8642578125
v 7.75476598739624 -341.9667053222656 -1741.3966064453125
v -44.1965217590332 -325.9095153808594 -1740.443359375
v -75.60250854492188 -324.6580810546875 -1740.7432861328125
v 68.73438262939453 -297.1526794433594 -1755.646484375
v 47.8395881652832 -242.9506072998047 -1741.3065185546875
v -73.1074447631836 -239.905029296875 -1747.0587158203125
v 28.380481719970703 -333.7997741699219 -1750.7891845703125
v 75.68644714355469 -330.5037841796875 -1743.748046875
v 81.22460174560547 -326.17327880859375 -1748.2601318359375
v -109.01648712158203 -289.42822265625 -1742.0594482421875
v 107.57610321044922 -270.6484680175781 -1742.447509765625
v -35.139923095703125 -249.16566467285156 -1744.0938720703125
v -3.0760083198547363 -247.17115783691406 -1736.7081298828125
v -43.169342041015625 -243.48428344726562 -1738.4664306640625
v -1.3140017986297607 -345.58416748046875 -1735.2666015625
v 110.47008514404297 -265.7930603027344 -1739.078125
v 102.51258850097656 -246.65135192871094 -1741.1455078125
v -18.976896286010742 -249.89659118652344 -1742.9998779296875
v 18.1046199798584 -242.1178436279297 -1739.0556640625
v -116.72909545898438 -247.04058837890625 -1741.2391357421875
v 50.977622985839844 -238.70957946777344 -1743.7957763671875
v -140.77369689941406 -250.565673828125 -1742.5159912109375
v -139.8994140625 -218.64732360839844 -1733.898193359375
v -20.879247665405273 -347.5455627441406 -1737.77685546875
v 69.20423126220703 -330.3655090332031 -1745.5535888671875
v -102.03028869628906 -288.6529846191406 -1741.84033203125
v -1.7826811075210571 -246.95941162109375 -1743.40087890625
v 64.44789123535156 -240.1113739013672 -1737.1715087890625
v -109.19032287597656 -239.1338653564453 -1741.354736328125
v -140.4615478515625 -226.38563537597656 -1736.2686767578125
v -135.5863494873047 -202.12936401367188 -1741.8470458984375
v -20.98199462890625 -324.341552734375 -1748.4205322265625
v -29.762935638427734 -325.64129638671875 -1737.8399658203125
v -37.12114334106445 -324.73974609375 -1739.3701171875
v 67.13800811767578 -306.6807556152344 -1744.787841796875
v 75.52420043945312 -291.9199523925781 -1736.984130859375
v 112.5626220703125 -263.9497985839844 -1737.3236083984375
v -137.04220581054688 -261.6365966796875 -1741.1829833984375
v -51.81302261352539 -244.24278259277344 -1739.2061767578125
v -116.13066101074219 -231.57940673828125 -1739.1910400390625
v 60.292171478271484 -335.14654541015625 -1733.60986328125
v -51.78973388671875 -321.78814697265625 -1744.1578369140625
v 74.28733825683594 -296.79937744140625 -1735.927734375
v -32.118568420410156 -247.92759704589844 -1739.1336669921875
v 14.280643463134766 -247.23731994628906 -1742.30078125
v 102.33882904052734 -228.50698852539062 -1742.940673828125
v -136.8582000732422 -213.11773681640625 -1744.330322265625
v -139.6315155029297 -207.1292266845703 -1733.16650390625
v -91.93950653076172 -313.3209533691406 -1737.5224609375
v -111.36895751953125 -271.37445068359375 -1746.6751708984375
v -116.64795684814453 -255.7796173095703 -1740.0040283203125
v -18.972028732299805 -247.2318572998047 -1739.20654296875
v 38.13782501220703 -245.5262451171875 -1740.5517578125
v -86.8185043334961 -241.2317352294922 -1740.0040283203125
v -73.28082275390625 -241.47781372070312 -1739.1490478515625
v 71.38116455078125 -237.59820556640625 -1749.56494140625
v -88.47920227050781 -296.2807312011719 -1746.700927734375
v -100.72721099853516 -300.7748107910156 -1742.6781005859375
v 24.687084197998047 -245.2124481201172 -1740.0692138671875
v 32.90589904785156 -246.42132568359375 -1736.8541259765625
v -79.54895782470703 -245.22972106933594 -1738.9986572265625
v 72.25941467285156 -235.6682586669922 -1731.0023193359375
v -28.657211303710938 -346.3329162597656 -1740.3770751953125
v 7.4148430824279785 -327.2216796875 -1744.9024658203125
v -73.47600555419922 -319.2898254394531 -1739.7425537109375
v 84.88005828857422 -319.14044189453125 -1741.5059814453125
v -135.1707000732422 -266.1535339355469 -1735.8797607421875
v 108.55797576904297 -262.8199462890625 -1737.0089111328125
v 36.10883331298828 -246.84474182128906 -1731.528076171875
v 5.744338035583496 -247.20425415039062 -1736.937744140625
v -52.09648895263672 -241.1845703125 -1732.7584228515625
v 48.653751373291016 -239.40603637695312 -1738.197265625
v -24.51776695251465 -330.7486572265625 -1732.7120361328125
v -35.92302703857422 -328.8446044921875 -1735.7763671875
v -84.09292602539062 -322.8114929199219 -1732.2989501953125
v -80.71072387695312 -318.3229675292969 -1734.1116943359375
v -105.08170318603516 -299.56768798828125 -1735.0794677734375
v -72.2929458618164 -240.04666137695312 -1732.1641845703125
v -75.24806213378906 -327.94512939453125 -1732.4981689453125
v -98.54617309570312 -312.1217956542969 -1728.672607421875
v 77.3820571899414 -279.5028076171875 -1739.0123291015625
v 103.58023071289062 -264.1741638183594 -1732.646484375
v -25.750240325927734 -250.51132202148438 -1734.0330810546875
v -3.8598926067352295 -245.6835479736328 -1733.0748291015625
v -67.86654663085938 -244.6224822998047 -1734.9805908203125
v 14.913731575012207 -343.5295715332031 -1735.3182373046875
v -53.00587463378906 -340.5001220703125 -1731.8212890625
v -73.86227416992188 -321.2069396972656 -1735.701416015625
v 102.88233947753906 -266.642578125 -1736.757080078125
v 108.3409423828125 -259.1756896972656 -1736.763671875
v 105.67877197265625 -251.4768524169922 -1731.4801025390625
v -44.920894622802734 -244.54530334472656 -1732.9461669921875
v 42.43824768066406 -335.82476806640625 -1736.2093505859375
v -72.83576965332031 -311.52313232421875 -1730.27392578125
v -113.72850036621094 -284.6001892089844 -1740.1641845703125
v 104.0015640258789 -259.58953857421875 -1734.2294921875
v -78.06880187988281 -244.37576293945312 -1735.333740234375
v -95.68000793457031 -242.09642028808594 -1733.143310546875
v 37.56721115112305 -332.2431335449219 -1734.1121826171875
v 78.52371978759766 -252.76112365722656 -1741.1473388671875
v 107.72443389892578 -256.2798767089844 -1732.231201171875
v -93.324951171875 -243.37806701660156 -1735.8082275390625
v 76.76715087890625 -231.21847534179688 -1734.477783203125
v 102.19945526123047 -230.23574829101562 -1735.069580078125
v -10.202338218688965 -346.3230285644531 -1737.9080810546875
v -30.43788719177246 -329.89495849609375 -1732.3023681640625
v -64.11605072021484 -317.01824951171875 -1739.8734130859375
v -69.53457641601562 -313.8249816894531 -1737.200439453125
v 99.74618530273438 -282.8655090332031 -1736.92578125
v -126.53716278076172 -276.5503845214844 -1736.54296875
v -39.50141906738281 -245.61138916015625 -1735.6934814453125
v -12.543968200683594 -248.1262969970703 -1732.680419921875
v -27.360288619995117 -248.94895935058594 -1727.324951171875
v 10.813587188720703 -245.8552703857422 -1734.0333251953125
v 44.724815368652344 -241.70321655273438 -1732.7196044921875
v 22.64930534362793 -334.800048828125 -1730.0054931640625
v -115.43856048583984 -272.8433837890625 -1728.4163818359375
v -121.86520385742188 -244.62074279785156 -1719.273193359375
v 19.79119873046875 -242.65989685058594 -1734.5355224609375
v -82.19385528564453 -242.3041534423828 -1733.5347900390625
v -47.10565185546875 -238.53012084960938 -1732.087890625
v 56.4018669128418 -237.40805053710938 -1733.407470703125
v 70.10236358642578 -238.6938934326172 -1737.2147216796875
v 49.543434143066406 -336.0615539550781 -1732.8292236328125
v 71.31570434570312 -336.119140625 -1727.178466796875
v -82.11832427978516 -325.7680969238281 -1730.9097900390625
v 73.94956970214844 -307.11102294921875 -1722.6566162109375
v 4.1764235496521 -243.14988708496094 -1730.9697265625
v -115.45931243896484 -235.0860137939453 -1735.2523193359375
v 79.59484100341797 -231.14125061035156 -1730.980224609375
v -55.63983917236328 -325.4179992675781 -1728.63427734375
v 88.33557891845703 -314.5262451171875 -1733.7872314453125
v -70.62158966064453 -313.4930114746094 -1729.6993408203125
v -100.09854888916016 -293.41326904296875 -1734.04638671875
v -20.560901641845703 -248.8717498779297 -1727.5093994140625
v 11.613831520080566 -246.78070068359375 -1729.014404296875
v 28.87141227722168 -247.1676788330078 -1729.6162109375
v -61.709129333496094 -246.64950561523438 -1727.269287109375
v -79.41704559326172 -240.94094848632812 -1729.7689208984375
v 60.726749420166016 -236.11572265625 -1730.0660400390625
v -35.05042266845703 -351.1458435058594 -1732.2939453125
v -10.682571411132812 -332.1729431152344 -1732.279541015625
v 81.87387084960938 -325.8058166503906 -1732.27587890625
v -77.01985168457031 -319.57586669921875 -1728.6431884765625
v 62.42561721801758 -320.7477111816406 -1727.7354736328125
v 20.735523223876953 -242.05702209472656 -1730.0113525390625
v 59.11995315551758 -240.84988403320312 -1727.0364990234375
v -117.74763488769531 -229.56817626953125 -1729.1751708984375
v -140.73936462402344 -227.47377014160156 -1730.4520263671875
v 43.131813049316406 -333.9177551269531 -1726.6302490234375
v -34.06665802001953 -330.22369384765625 -1728.6329345703125
v 109.13567352294922 -256.14825439453125 -1728.262939453125
v -13.034751892089844 -244.7802734375 -1728.80126953125
v 34.92184066772461 -245.61024475097656 -1727.2982177734375
v 25.64579963684082 -244.50523376464844 -1731.9161376953125
v 51.840965270996094 -246.1656494140625 -1726.8492431640625
v -103.16392517089844 -244.16395568847656 -1732.69775390625
v -109.9208984375 -240.79385375976562 -1734.1295166015625
v 63.81589126586914 -238.0900421142578 -1733.7286376953125
v -141.83828735351562 -203.08152770996094 -1726.5599365234375
v 53.924076080322266 -328.5091857910156 -1726.3486328125
v -74.88111877441406 -314.99322509765625 -1726.1748046875
v 68.73750305175781 -312.6240539550781 -1728.268798828125
v 80.50630950927734 -285.2866516113281 -1725.9832763671875
v 102.72368621826172 -237.77012634277344 -1736.4381103515625
v -37.48175048828125 -351.54644775390625 -1727.2027587890625
v -78.97270202636719 -310.0540466308594 -1726.2325439453125
v -61.58123779296875 -283.0244445800781 -1727.3292236328125
v -65.1268310546875 -295.17633056640625 -1726.62841796875
v -56.6500358581543 -268.73651123046875 -1727.70458984375
v -52.481170654296875 -270.3516845703125 -1726.790283203125
v -101.81620788574219 -240.93955993652344 -1720.3887939453125
v -93.23782348632812 -241.26296997070312 -1729.9283447265625
v 68.01220703125 -237.48196411132812 -1726.3160400390625
v -117.88993072509766 -234.65499877929688 -1734.534423828125
v 42.93937683105469 -340.98406982421875 -1724.5972900390625
v -38.727256774902344 -332.6875305175781 -1720.177490234375
v -76.71121978759766 -322.2137451171875 -1726.1014404296875
v -118.13526153564453 -286.1410827636719 -1730.7493896484375
v -60.614253997802734 -282.1251220703125 -1726.357666015625
v 86.5391616821289 -254.72984313964844 -1714.7730712890625
v 42.86933135986328 -249.0841827392578 -1726.24169921875
v -83.43892669677734 -245.606201171875 -1727.7532958984375
v -140.71585083007812 -244.81919860839844 -1728.0057373046875
v 105.39392852783203 -227.06320190429688 -1729.8228759765625
v -30.513418197631836 -333.4182434082031 -1722.626953125
v -77.02106475830078 -312.3763122558594 -1726.013916015625
v 103.97721099853516 -272.7091369628906 -1728.2113037109375
v -55.811946868896484 -268.35394287109375 -1726.752197265625
v 106.89387512207031 -260.99969482421875 -1723.05517578125
v -0.3030705153942108 -245.9547882080078 -1728.4581298828125
v -115.02071380615234 -235.39309692382812 -1725.598876953125
v 75.69706726074219 -230.71751403808594 -1729.0086669921875
v -30.82066535949707 -351.41351318359375 -1725.2037353515625
v -82.82925415039062 -320.4265441894531 -1727.1524658203125
v -66.50210571289062 -283.57275390625 -1726.302490234375
v -66.08836364746094 -287.2068176269531 -1725.375244140625
v -113.48616027832031 -281.1719665527344 -1724.37353515625
v -16.928878784179688 -246.1374053955078 -1726.4742431640625
v 3.979318380355835 -246.81114196777344 -1725.5740966796875
v 62.167816162109375 -237.7177276611328 -1726.729248046875
v -140.6790771484375 -232.64698791503906 -1723.8232421875
v 103.9894790649414 -235.071044921875 -1728.136962890625
v -91.64009094238281 -347.51922607421875 -1724.5849609375
v 28.743627548217773 -338.3808288574219 -1719.9989013671875
v -29.090486526489258 -335.8499450683594 -1720.259033203125
v -84.22357177734375 -327.64068603515625 -1724.9339599609375
v -73.99659729003906 -311.6881103515625 -1724.8681640625
v -83.70990753173828 -330.8795471191406 -1724.0482177734375
v -81.38062286376953 -318.7987365722656 -1723.22265625
v -58.26784896850586 -285.65618896484375 -1725.5753173828125
v -4.262766361236572 -244.2891387939453 -1724.890625
v -71.4928970336914 -242.13131713867188 -1721.1085205078125
v -18.44769287109375 -241.61801147460938 -1724.3382568359375
v -110.08258819580078 -238.6742401123047 -1722.8621826171875
v -143.52169799804688 -216.67637634277344 -1722.2742919921875
v -87.38404846191406 -351.17852783203125 -1724.062744140625
v -56.55577087402344 -344.05511474609375 -1719.716064453125
v -79.21875 -328.5008239746094 -1725.6156005859375
v -89.5208969116211 -323.3540954589844 -1722.7891845703125
v -70.655029296875 -313.9276428222656 -1724.917236328125
v -69.2936782836914 -306.0149230957031 -1724.7772216796875
v -61.33081817626953 -295.45989990234375 -1722.764892578125
v -92.17496490478516 -299.8224182128906 -1730.4342041015625
v -52.54316711425781 -272.0157165527344 -1724.7164306640625
v -60.39348602294922 -269.02191162109375 -1725.1854248046875
v -61.19772720336914 -266.89935302734375 -1725.5836181640625
v 84.29891967773438 -262.9358215332031 -1719.630126953125
v 43.639835357666016 -250.44732666015625 -1722.6298828125
v -140.5568084716797 -253.4120330810547 -1726.1260986328125
v 29.247148513793945 -246.24928283691406 -1723.278564453125
v 6.863918781280518 -245.4237823486328 -1726.7242431640625
v -12.108870506286621 -244.6099090576172 -1723.8173828125
v -140.1655731201172 -238.42747497558594 -1720.762451171875
v 80.56603240966797 -229.67210388183594 -1725.2705078125
v -91.7245101928711 -346.09185791015625 -1722.956787109375
v -88.02942657470703 -347.56207275390625 -1723.5103759765625
v -70.6534423828125 -334.9680480957031 -1725.9453125
v -95.63003540039062 -317.6834411621094 -1723.8013916015625
v -77.0654296875 -325.1033935546875 -1723.88916015625
v -64.67327117919922 -302.7658386230469 -1724.453125
v 99.22097778320312 -300.54254150390625 -1712.9090576171875
v 98.59107971191406 -296.1204833984375 -1725.00146484375
v -68.8460693359375 -285.8570861816406 -1723.21435546875
v -64.00867462158203 -271.4579772949219 -1724.445068359375
v 80.43514251708984 -262.207275390625 -1734.4725341796875
v -137.765380859375 -261.9729919433594 -1722.89111328125
v -40.15074920654297 -246.74891662597656 -1723.702880859375
v -21.8012638092041 -244.91012573242188 -1723.5689697265625
v -142.27491760253906 -222.23886108398438 -1726.3045654296875
v -140.2349853515625 -212.50164794921875 -1728.4163818359375
v -35.49959182739258 -355.2044677734375 -1723.567138671875
v -17.283706665039062 -351.34759521484375 -1722.0220947265625
v -87.32047271728516 -328.9814758300781 -1723.3560791015625
v 53.685977935791016 -245.85337829589844 -1722.9517822265625
v -66.69015502929688 -245.04837036132812 -1719.59326171875
v -29.790313720703125 -245.23159790039062 -1724.3717041015625
v -16.065908432006836 -241.15940856933594 -1722.700439453125
v -95.55717468261719 -347.384033203125 -1722.438232421875
v -83.71797180175781 -353.2403564453125 -1720.12939453125
v -76.35997772216797 -334.5374755859375 -1719.82568359375
v -79.44247436523438 -306.9025573730469 -1722.73095703125
v 79.02511596679688 -300.3692321777344 -1715.536865234375
v -121.18960571289062 -290.86041259765625 -1715.1510009765625
v -53.390480041503906 -280.9029235839844 -1719.098876953125
v 59.19405746459961 -242.6250457763672 -1721.8150634765625
v 65.67900085449219 -237.38055419921875 -1720.80322265625
v 83.84861755371094 -233.4330596923828 -1718.9605712890625
v -86.6665267944336 -352.1470031738281 -1721.7113037109375
v -94.47345733642578 -346.2328796386719 -1720.8154296875
v -75.8409652709961 -332.9459533691406 -1721.966796875
v -81.09532928466797 -307.5302734375 -1719.3865966796875
v -85.59636688232422 -306.02923583984375 -1721.487548828125
v -65.04044342041016 -308.5921325683594 -1720.6246337890625
v -111.74851989746094 -297.88116455078125 -1721.438720703125
v -76.83539581298828 -304.6602478027344 -1722.2564697265625
v -56.898860931396484 -289.28448486328125 -1719.61669921875
v -71.49327087402344 -285.4544372558594 -1721.291748046875
v -113.09004211425781 -287.6588439941406 -1713.8389892578125
v 107.05364227294922 -245.7900848388672 -1723.746337890625
v -57.42737579345703 -245.0634002685547 -1723.04443359375
v -14.064983367919922 -248.57723999023438 -1718.7900390625
v 19.2763729095459 -246.14663696289062 -1721.459228515625
v 60.948570251464844 -240.97732543945312 -1719.6968994140625
v 77.86235046386719 -237.0202178955078 -1719.6298828125
v -119.23531341552734 -225.53173828125 -1724.0892333984375
v -143.1668243408203 -204.39724731445312 -1718.6746826171875
v 12.27211856842041 -334.5702209472656 -1729.791748046875
v 12.451136589050293 -341.2738342285156 -1714.2310791015625
v -89.61222839355469 -327.4822082519531 -1719.99609375
v -68.74788665771484 -314.5660095214844 -1721.898193359375
v -56.915287017822266 -287.5419006347656 -1723.530517578125
v -63.24532699584961 -269.7818908691406 -1721.7996826171875
v -122.94559478759766 -251.1260528564453 -1711.7708740234375
v -78.24591064453125 -244.00985717773438 -1724.1468505859375
v -75.4754638671875 -332.83807373046875 -1718.5565185546875
v -64.24797058105469 -320.1864318847656 -1725.3846435546875
v -60.58429718017578 -298.9742431640625 -1718.931884765625
v -73.27631378173828 -293.71533203125 -1720.3765869140625
v -58.681297302246094 -293.956787109375 -1722.0633544921875
v -51.77997970581055 -242.90548706054688 -1722.40185546875
v 74.18775939941406 -232.00955200195312 -1722.9490966796875
v -30.058475494384766 -353.14361572265625 -1719.077880859375
v -79.58269500732422 -342.3517761230469 -1720.9794921875
v -78.97821807861328 -342.32049560546875 -1718.3607177734375
v -86.66648864746094 -324.62640380859375 -1719.19287109375
v -135.16305541992188 -268.86090087890625 -1724.7056884765625
v -119.7170181274414 -270.46563720703125 -1710.428955078125
v 57.81242370605469 -259.5941162109375 -1716.3267822265625
v 61.23231887817383 -248.16659545898438 -1720.4913330078125
v -141.89834594726562 -246.32167053222656 -1717.2139892578125
v -30.462604522705078 -248.7043914794922 -1717.9013671875
v 2.7069854736328125 -244.49008178710938 -1720.9910888671875
v 10.475846290588379 -244.5511474609375 -1721.6365966796875
v -121.01774597167969 -228.07057189941406 -1721.861328125
v -37.413455963134766 -354.62908935546875 -1718.1890869140625
v -65.31717681884766 -309.1129150390625 -1716.01904296875
v -128.61154174804688 -278.3918762207031 -1725.300537109375
v -71.77020263671875 -290.0680847167969 -1717.3348388671875
v -49.636573791503906 -270.97650146484375 -1723.2386474609375
v 52.130252838134766 -254.07635498046875 -1721.8104248046875
v -6.067486763000488 -247.36866760253906 -1715.621826171875
v -8.349742889404297 -245.11407470703125 -1722.194580078125
v 64.92862701416016 -244.96066284179688 -1717.4000244140625
v -89.41603088378906 -243.28578186035156 -1724.2474365234375
v -93.78095245361328 -241.61288452148438 -1717.7353515625
v -140.76637268066406 -225.1243896484375 -1719.742431640625
v -141.7451629638672 -220.70748901367188 -1714.957275390625
v -10.562429428100586 -350.0759582519531 -1723.7266845703125
v -46.828224182128906 -346.7365417480469 -1724.34033203125
v 58.22205352783203 -338.4422302246094 -1726.2659912109375
v -94.988037109375 -344.8529052734375 -1719.1968994140625
v -94.29500579833984 -321.4011535644531 -1717.057861328125
v -94.85132598876953 -304.11688232421875 -1715.640869140625
v -51.3471565246582 -278.59722900390625 -1719.552978515625
v 108.63488006591797 -267.5343322753906 -1716.44384765625
v 69.2803955078125 -253.2000274658203 -1713.1134033203125
v -78.1445541381836 -243.90081787109375 -1717.5233154296875
v 108.15000915527344 -246.53277587890625 -1717.9639892578125
v 5.825692653656006 -347.8364562988281 -1726.9359130859375
v 30.65506362915039 -343.7349548339844 -1727.481689453125
v -68.05480194091797 -340.0261535644531 -1717.2586669921875
v -75.30899047851562 -336.1844177246094 -1716.074951171875
v 77.77743530273438 -331.26971435546875 -1732.2855224609375
v -58.06298065185547 -328.21978759765625 -1715.4541015625
v -67.98991394042969 -315.43536376953125 -1717.125732421875
v -56.40642166137695 -288.7605895996094 -1717.6998291015625
v -101.55855560302734 -297.9356994628906 -1721.2698974609375
v -63.811100006103516 -267.2726135253906 -1718.492919921875
v 106.68065643310547 -270.34918212890625 -1717.6719970703125
v 107.78553009033203 -258.0134582519531 -1720.7354736328125
v -140.20567321777344 -253.718017578125 -1712.4315185546875
v 111.3624496459961 -243.56039428710938 -1716.7816162109375
v -87.8877182006836 -239.57772827148438 -1713.60693359375
v 62.81732177734375 -236.2193145751953 -1716.6268310546875
v 109.92848205566406 -239.85995483398438 -1712.806640625
v -110.33844757080078 -234.98318481445312 -1716.780517578125
v -115.48550415039062 -230.30239868164062 -1718.537353515625
v -51.954166412353516 -329.42047119140625 -1724.1873779296875
v -90.53572082519531 -324.413818359375 -1718.3575439453125
v -66.6116714477539 -303.221923828125 -1712.3837890625
v -71.87748718261719 -286.7316589355469 -1716.742919921875
v -55.88331985473633 -276.2745666503906 -1713.7781982421875
v -51.635826110839844 -274.001220703125 -1715.72265625
v -62.738075256347656 -268.85845947265625 -1717.9237060546875
v -138.00253295898438 -264.5106201171875 -1716.0120849609375
v 45.8476676940918 -263.00946044921875 -1715.67431640625
v -120.36677551269531 -257.5477600097656 -1720.7032470703125
v 63.53638458251953 -256.65423583984375 -1715.281982421875
v 84.18484497070312 -240.95782470703125 -1721.2249755859375
v -38.83320999145508 -245.5570068359375 -1718.9444580078125
v -73.8764419555664 -241.03602600097656 -1718.04052734375
v 67.9842529296875 -239.4102325439453 -1715.5595703125
v -121.12960815429688 -230.80111694335938 -1716.1131591796875
v 1.2401102781295776 -353.7309875488281 -1713.99658203125
v -97.2040023803711 -345.1035461425781 -1718.4134521484375
v -95.73596954345703 -345.7043151855469 -1715.759765625
v -84.73915100097656 -321.603759765625 -1714.772705078125
v -102.59846496582031 -313.595458984375 -1715.4244384765625
v -79.31668090820312 -307.7265319824219 -1716.7359619140625
v -63.187225341796875 -304.61419677734375 -1715.0294189453125
v -61.75157165527344 -293.1042785644531 -1713.6566162109375
v -61.85237121582031 -271.7734069824219 -1713.146240234375
v 31.874574661254883 -250.01644897460938 -1717.5347900390625
v -37.204288482666016 -243.35838317871094 -1715.841552734375
v -95.66372680664062 -239.98202514648438 -1707.898193359375
v -68.00804901123047 -238.1014862060547 -1714.90771484375
v -82.40542602539062 -351.73968505859375 -1716.9068603515625
v -89.69456481933594 -328.5646667480469 -1715.341552734375
v -108.36924743652344 -290.24224853515625 -1724.5592041015625
v -67.05008697509766 -282.1947021484375 -1715.1363525390625
v 38.1724853515625 -260.0826416015625 -1717.3489990234375
v 109.67160034179688 -252.90457153320312 -1715.83642578125
v -63.753902435302734 -245.58148193359375 -1715.21533203125
v -44.21731948852539 -246.93080139160156 -1717.852294921875
v -102.7873764038086 -235.29547119140625 -1713.5819091796875
v -16.840835571289062 -354.0222473144531 -1714.5504150390625
v -83.0535659790039 -308.21148681640625 -1716.2410888671875
v -75.20304870605469 -304.3819274902344 -1713.2052001953125
v -71.47669219970703 -289.9888916015625 -1713.8260498046875
v -65.76598358154297 -283.24346923828125 -1713.6962890625
v -59.42356872558594 -270.10198974609375 -1713.6866455078125
v -57.04921340942383 -247.0205841064453 -1714.8309326171875
v -124.09281158447266 -237.59947204589844 -1709.841552734375
v 105.5681381225586 -228.69886779785156 -1724.3057861328125
v -141.6959228515625 -234.4011993408203 -1715.5274658203125
v 54.3233528137207 -342.6957702636719 -1717.235107421875
v -95.57077026367188 -342.7906494140625 -1713.9842529296875
v -47.86308670043945 -333.6801452636719 -1715.0657958984375
v -88.60114288330078 -328.9783020019531 -1713.10595703125
v -66.73413848876953 -320.3585510253906 -1714.1859130859375
v 91.85208892822266 -314.4234924316406 -1716.1019287109375
v -62.71762466430664 -286.9568176269531 -1712.7403564453125
v -55.978214263916016 -284.551025390625 -1714.85546875
v -123.02690887451172 -232.913818359375 -1714.1544189453125
v 36.25565719604492 -349.2916259765625 -1710.582763671875
v 51.48031234741211 -337.612548828125 -1705.6639404296875
v -71.52322387695312 -314.7236022949219 -1712.0845947265625
v -68.21314239501953 -313.1090393066406 -1714.20263671875
v -79.5674819946289 -310.991455078125 -1710.8494873046875
v -80.19020080566406 -307.88275146484375 -1714.2083740234375
v -62.883750915527344 -298.1468200683594 -1712.744140625
v -54.88488006591797 -276.2921447753906 -1713.0533447265625
v -58.23845291137695 -272.6191711425781 -1712.151123046875
v -54.87748336791992 -270.0573425292969 -1713.1260986328125
v -19.83411407470703 -250.7340545654297 -1710.448486328125
v -95.20868682861328 -347.09649658203125 -1712.84228515625
v -85.48323059082031 -351.9658203125 -1712.052978515625
v -79.76742553710938 -342.7792663574219 -1713.1005859375
v -96.08038330078125 -346.5896301269531 -1712.0692138671875
v 74.35072326660156 -336.3035888671875 -1720.9498291015625
v -76.97323608398438 -333.31201171875 -1713.677734375
v -88.80546569824219 -325.7993469238281 -1712.783203125
v -93.51057434082031 -346.7044372558594 -1711.3653564453125
v -67.49603271484375 -293.3983459472656 -1712.4327392578125
v -109.50336456298828 -293.2295227050781 -1713.9093017578125
v -63.20878982543945 -294.7812805175781 -1711.819580078125
v -131.21990966796875 -276.4969482421875 -1716.9288330078125
v 110.36775207519531 -258.6710510253906 -1714.1419677734375
v 2.37435245513916 -247.26658630371094 -1712.6104736328125
v 6.629603862762451 -247.36172485351562 -1713.9237060546875
v -46.36758041381836 -244.49891662597656 -1711.4080810546875
v 77.02912139892578 -241.94906616210938 -1712.6236572265625
v -114.79744720458984 -238.22903442382812 -1713.0081787109375
v -42.353309631347656 -352.82244873046875 -1717.38720703125
v -85.93694305419922 -353.60784912109375 -1710.3240966796875
v -80.57880401611328 -332.2254333496094 -1710.900390625
v -76.80237579345703 -314.6971435546875 -1711.4779052734375
v -66.3940200805664 -290.56793212890625 -1711.3509521484375
v -73.73905181884766 -300.8498229980469 -1711.510009765625
v -109.86865997314453 -304.9669189453125 -1712.6180419921875
v -124.73521423339844 -288.9980163574219 -1707.447021484375
v 110.32772064208984 -252.18751525878906 -1710.59375
v 72.34600830078125 -245.26123046875 -1712.470458984375
v -35.680423736572266 -357.1217956542969 -1713.1004638671875
v -92.44717407226562 -349.5986328125 -1710.1923828125
v -85.51461029052734 -335.6296691894531 -1710.3812255859375
v -36.349369049072266 -335.3097839355469 -1711.669921875
v -74.4416732788086 -309.4507141113281 -1710.3768310546875
v -67.73201751708984 -304.1252746582031 -1711.3133544921875
v -95.75736236572266 -306.3746643066406 -1708.118408203125
v 82.88943481445312 -289.6844177246094 -1714.836181640625
v 28.772111892700195 -255.939697265625 -1713.1229248046875
v 9.978913307189941 -243.1888885498047 -1710.6058349609375
v -102.93048095703125 -238.2001953125 -1707.748046875
v -88.36263275146484 -352.0946044921875 -1710.2216796875
v -89.30997467041016 -347.9786682128906 -1709.6531982421875
v -93.78179168701172 -345.3747253417969 -1710.3895263671875
v -83.24650573730469 -344.14569091796875 -1709.9908447265625
v -78.10218048095703 -336.1163024902344 -1712.0074462890625
v -82.03559112548828 -329.91815185546875 -1709.3890380859375
v -86.04159545898438 -329.06072998046875 -1710.5992431640625
v -122.14698028564453 -262.4899597167969 -1706.0838623046875
v 11.185453414916992 -245.08599853515625 -1713.498291015625
v -144.88633728027344 -205.64747619628906 -1709.3603515625
v -91.62928009033203 -350.33477783203125 -1708.59375
v -32.72117233276367 -337.61968994140625 -1713.5811767578125
v -23.459524154663086 -339.7286376953125 -1711.3905029296875
v -86.91791534423828 -339.169921875 -1708.9254150390625
v -74.91032409667969 -314.6396179199219 -1709.6680908203125
v -74.70955657958984 -245.05430603027344 -1710.8148193359375
v 83.7650146484375 -240.43565368652344 -1710.0284423828125
v -144.23489379882812 -213.06300354003906 -1713.5738525390625
v -37.47320556640625 -336.9798278808594 -1707.576904296875
v -96.6993637084961 -320.8882751464844 -1711.3284912109375
v 54.86985778808594 -265.06365966796875 -1710.3653564453125
v -38.985504150390625 -245.80218505859375 -1709.537353515625
v 89.96488189697266 -251.500244140625 -1706.4725341796875
v -63.080833435058594 -241.0251922607422 -1709.3511962890625
v -109.3005599975586 -241.11016845703125 -1709.4322509765625
v 17.947317123413086 -240.98585510253906 -1705.8858642578125
v 89.26905822753906 -235.99839782714844 -1707.856201171875
v -142.20896911621094 -223.51072692871094 -1707.95703125
v -40.07706832885742 -355.2424621582031 -1709.5128173828125
v -54.13592529296875 -349.8133544921875 -1706.8309326171875
v 107.02025604248047 -272.9732360839844 -1706.65478515625
v -135.537841796875 -269.0093078613281 -1710.11865234375
v 26.220434188842773 -259.0858459472656 -1707.66650390625
v -1.6892173290252686 -249.28228759765625 -1708.8857421875
v -16.788597106933594 -247.23046875 -1705.4248046875
v 78.00110626220703 -245.68165588378906 -1708.8853759765625
v 110.73863983154297 -241.3401336669922 -1708.4945068359375
v -13.49225902557373 -338.72406005859375 -1715.873779296875
v 86.75305938720703 -322.1698913574219 -1715.485107421875
v -87.52729797363281 -312.43328857421875 -1703.9173583984375
v -89.35113525390625 -308.9302673339844 -1709.3740234375
v -116.34976959228516 -280.9733581542969 -1711.735107421875
v -11.651177406311035 -249.66629028320312 -1707.7569580078125
v -106.77174377441406 -239.35986328125 -1697.0362548828125
v -145.67381286621094 -202.8062744140625 -1698.7093505859375
v -34.83051681518555 -341.0513916015625 -1708.4542236328125
v -87.92579650878906 -326.7796630859375 -1705.6207275390625
v -67.26811218261719 -325.5707702636719 -1701.39794921875
v 108.76019287109375 -268.73406982421875 -1708.1778564453125
v 39.994449615478516 -266.1028137207031 -1708.9801025390625
v 4.327466011047363 -246.33245849609375 -1706.906005859375
v -30.344982147216797 -356.51507568359375 -1707.1861572265625
v -63.619441986083984 -346.3650207519531 -1704.7852783203125
v -46.121726989746094 -337.02734375 -1706.12841796875
v 80.7423324584961 -331.6083679199219 -1713.460205078125
v 102.9405288696289 -286.36676025390625 -1711.81884765625
v 33.88924026489258 -264.6537780761719 -1708.0614013671875
v 19.471641540527344 -246.08065795898438 -1707.9454345703125
v 16.685611724853516 -344.0044250488281 -1706.2073974609375
v 71.31348419189453 -319.2762756347656 -1708.7567138671875
v -103.31207275390625 -298.9111633300781 -1714.2896728515625
v 63.6655387878418 -263.0570373535156 -1708.82666015625
v -141.66567993164062 -243.63377380371094 -1707.3485107421875
v -87.21891784667969 -241.06028747558594 -1707.3280029296875
v -125.1642837524414 -235.59864807128906 -1702.65966796875
v 113.46284484863281 -247.62725830078125 -1700.0789794921875
v 66.43231201171875 -326.9674987792969 -1704.541259765625
v -6.666943073272705 -246.54872131347656 -1704.034912109375
v -55.99940490722656 -243.31544494628906 -1705.32275390625
v -141.62525939941406 -233.31146240234375 -1706.05419921875
v -123.14494323730469 -235.83392333984375 -1704.9962158203125
v -37.89350891113281 -357.9298400878906 -1707.220947265625
v -68.86522674560547 -342.1506652832031 -1705.57958984375
v -37.60505294799805 -337.24151611328125 -1703.517333984375
v -77.89207458496094 -336.8988952636719 -1706.0743408203125
v -77.27535247802734 -318.2210693359375 -1702.720703125
v 71.93232727050781 -260.46142578125 -1703.9012451171875
v 80.87242126464844 -251.78480529785156 -1700.3658447265625
v -26.2050724029541 -247.02610778808594 -1708.3162841796875
v -42.36880874633789 -245.3351287841797 -1704.158447265625
v -34.90849304199219 -245.54689025878906 -1703.842041015625
v -85.58435821533203 -241.424560546875 -1702.9000244140625
v -103.71839904785156 -236.9741668701172 -1701.5587158203125
v 1.2488311529159546 -357.8507080078125 -1704.8643798828125
v -50.89176559448242 -335.5021667480469 -1705.6944580078125
v -100.5462875366211 -319.40325927734375 -1699.4677734375
v -104.71267700195312 -314.1849060058594 -1704.8995361328125
v 110.19225311279297 -268.31866455078125 -1701.8565673828125
v 50.332759857177734 -270.2822265625 -1701.082763671875
v 110.62156677246094 -257.2523498535156 -1708.322998046875
v 17.215576171875 -244.57469177246094 -1701.4552001953125
v -92.41342163085938 -239.16738891601562 -1701.55126953125
v 110.78816223144531 -237.61685180664062 -1703.9754638671875
v 82.5318832397461 -307.58770751953125 -1694.6917724609375
v 79.20545959472656 -310.0179443359375 -1702.3427734375
v 100.99517059326172 -296.7183532714844 -1698.830810546875
v 21.275352478027344 -254.1691131591797 -1700.29931640625
v -71.34573364257812 -349.1675109863281 -1702.465576171875
v -71.83976745605469 -341.75018310546875 -1699.7261962890625
v 28.1108455657959 -262.7353515625 -1699.5057373046875
v 114.19622039794922 -252.68185424804688 -1701.9058837890625
v -124.99617767333984 -248.74835205078125 -1700.6943359375
v -20.561445236206055 -248.93463134765625 -1700.0272216796875
v -118.7056884765625 -240.51437377929688 -1701.67041015625
v 61.178627014160156 -344.5670166015625 -1708.1771240234375
v 105.37806701660156 -280.3251037597656 -1698.140869140625
v 37.45555877685547 -356.4345703125 -1692.4715576171875
v 25.794647216796875 -343.7677307128906 -1704.5657958984375
v -58.13086700439453 -333.300048828125 -1698.68603515625
v -72.35464477539062 -242.16983032226562 -1706.85888671875
v 86.26539611816406 -243.09593200683594 -1700.37841796875
v 111.40753173828125 -236.82623291015625 -1700.5670166015625
v 111.24715423583984 -232.00100708007812 -1705.5928955078125
v -144.38336181640625 -211.076416015625 -1701.2598876953125
v -62.90927505493164 -347.977783203125 -1698.5079345703125
v 60.1198616027832 -332.53985595703125 -1704.5174560546875
v 98.52269744873047 -305.8702392578125 -1701.775634765625
v -105.602783203125 -301.4540100097656 -1695.6385498046875
v -110.44579315185547 -296.9278564453125 -1688.8348388671875
v -139.2052459716797 -262.1174011230469 -1707.34912109375
v -32.87051010131836 -249.41796875 -1699.59228515625
v 92.68600463867188 -237.82960510253906 -1698.7100830078125
v 91.86627960205078 -235.2818603515625 -1697.061767578125
v -143.94277954101562 -223.7176055908203 -1703.3818359375
v -10.886958122253418 -358.68646240234375 -1706.2666015625
v 71.67150115966797 -345.5240478515625 -1686.8504638671875
v -112.04560089111328 -291.647216796875 -1707.044677734375
v -118.06243896484375 -281.4083251953125 -1700.6951904296875
v 85.88494873046875 -276.6177062988281 -1706.6802978515625
v 109.65282440185547 -270.10894775390625 -1694.987060546875
v -13.713536262512207 -246.42408752441406 -1698.54052734375
v -99.18402862548828 -242.76356506347656 -1697.3428955078125
v -143.38401794433594 -236.55662536621094 -1701.089599609375
v 113.60926818847656 -234.76275634765625 -1701.762451171875
v 43.43170928955078 -350.5994873046875 -1704.3701171875
v 0.22878000140190125 -344.5017395019531 -1705.1231689453125
v -29.206153869628906 -345.3814697265625 -1691.18017578125
v 7.778775691986084 -249.08677673339844 -1697.70556640625
v -29.196290969848633 -246.54571533203125 -1701.0037841796875
v -66.7477798461914 -242.87010192871094 -1700.2857666015625
v -112.14993286132812 -242.17967224121094 -1698.828369140625
v -21.20372772216797 -361.6437072753906 -1699.3505859375
v 19.671903610229492 -352.4869689941406 -1710.157470703125
v -22.49016761779785 -343.0388488769531 -1701.915771484375
v 13.261370658874512 -249.1178436279297 -1695.211181640625
v -59.67715072631836 -246.43463134765625 -1700.4434814453125
v -48.21598434448242 -354.2480163574219 -1701.50244140625
v 77.71710205078125 -337.7040710449219 -1700.583984375
v 88.61835479736328 -282.2395935058594 -1690.7799072265625
v 112.24589538574219 -270.8238830566406 -1694.136474609375
v 112.68971252441406 -264.15130615234375 -1697.8604736328125
v -47.34375762939453 -248.3275909423828 -1701.0997314453125
v -48.440059661865234 -248.3434600830078 -1689.5960693359375
v -20.875627517700195 -246.39089965820312 -1695.4410400390625
v -94.01961517333984 -245.91590881347656 -1694.18310546875
v 93.21214294433594 -250.14608764648438 -1695.2091064453125
v -35.33586502075195 -359.9917297363281 -1697.211669921875
v -39.973018646240234 -358.5578308105469 -1701.322509765625
v 37.58158874511719 -342.5382080078125 -1703.05322265625
v -79.82337188720703 -337.731201171875 -1695.26025390625
v -74.0571517944336 -323.5987548828125 -1694.7939453125
v -82.03730773925781 -319.5033264160156 -1694.1485595703125
v 43.66720199584961 -271.6154479980469 -1691.857666015625
v 18.389110565185547 -246.43960571289062 -1695.6470947265625
v 34.27204895019531 -345.11212158203125 -1694.6683349609375
v 97.5928955078125 -313.2652587890625 -1684.592529296875
v -115.34542083740234 -303.02618408203125 -1702.33740234375
v 101.46058654785156 -294.8794860839844 -1693.96875
v -131.0518798828125 -281.0001220703125 -1699.338134765625
v 60.03679656982422 -268.8887634277344 -1700.1788330078125
v -117.10552978515625 -240.74957275390625 -1696.4178466796875
v -111.88151550292969 -241.3863067626953 -1694.5625
v -125.02859497070312 -233.75457763671875 -1696.341796875
v 114.45934295654297 -239.52078247070312 -1692.2857666015625
v -145.25372314453125 -219.53700256347656 -1697.1458740234375
v -143.35812377929688 -223.8027801513672 -1695.621826171875
v -144.37203979492188 -213.44342041015625 -1696.0146484375
v -9.95523738861084 -363.541015625 -1694.8912353515625
v 63.98472213745117 -345.921142578125 -1701.21435546875
v -46.55766296386719 -340.5539245605469 -1695.2847900390625
v 75.0074234008789 -320.32745361328125 -1696.7060546875
v 23.57523536682129 -255.40164184570312 -1693.548583984375
v -7.039620876312256 -248.05291748046875 -1698.334716796875
v -142.9374542236328 -240.57467651367188 -1696.99853515625
v -126.6728515625 -236.293701171875 -1694.3531494140625
v -141.6426239013672 -228.69386291503906 -1698.0047607421875
v 1.2735576629638672 -363.23895263671875 -1690.6436767578125
v -33.27912902832031 -342.9056396484375 -1700.6307373046875
v -97.33617401123047 -307.3941955566406 -1701.1280517578125
v -134.13662719726562 -275.09332275390625 -1691.1605224609375
v -66.38773345947266 -247.43478393554688 -1695.0609130859375
v -15.544378280639648 -363.8407287597656 -1694.6087646484375
v 3.820909023284912 -345.79364013671875 -1702.1632080078125
v -44.61520767211914 -338.9906921386719 -1699.251708984375
v -40.01504898071289 -338.99334716796875 -1695.875
v -89.5789566040039 -329.3414001464844 -1693.08203125
v 78.33553314208984 -316.44696044921875 -1694.7283935546875
v -115.61406707763672 -288.78985595703125 -1690.29931640625
v 104.4541015625 -286.816650390625 -1697.44580078125
v -122.9722671508789 -266.2241516113281 -1695.03369140625
v -125.22634887695312 -256.468505859375 -1692.5780029296875
v -60.43158721923828 -248.24490356445312 -1688.2679443359375
v -140.97674560546875 -253.38050842285156 -1695.0850830078125
v 101.14335632324219 -301.5055847167969 -1690.7655029296875
v 90.51080322265625 -263.9699401855469 -1699.958740234375
v 1.8237781524658203 -250.4483184814453 -1693.8826904296875
v -145.84689331054688 -227.63941955566406 -1689.874267578125
v 77.79657745361328 -338.90692138671875 -1691.437744140625
v -98.35723114013672 -308.2678527832031 -1692.533447265625
v 85.99268341064453 -293.46661376953125 -1695.7034912109375
v 111.63811492919922 -265.7362365722656 -1692.0150146484375
v -39.04862976074219 -249.38626098632812 -1697.2860107421875
v 21.552566528320312 -245.96263122558594 -1690.913330078125
v -78.87413024902344 -243.62673950195312 -1700.317626953125
v 88.39555358886719 -242.32313537597656 -1694.2974853515625
v -145.1181640625 -208.16470336914062 -1692.560791015625
v -10.070561408996582 -370.4165344238281 -1692.5057373046875
v 31.273893356323242 -360.81085205078125 -1683.38134765625
v 86.08139038085938 -327.5145263671875 -1697.512451171875
v -125.2900390625 -290.0726623535156 -1699.571533203125
v 54.06497573852539 -272.01068115234375 -1691.9674072265625
v -108.39356231689453 -242.99899291992188 -1691.1566162109375
v -146.33758544921875 -203.74107360839844 -1691.6800537109375
v -57.48949432373047 -351.8066101074219 -1693.8221435546875
v -40.56414794921875 -342.1841125488281 -1689.59912109375
v -15.9340238571167 -245.44435119628906 -1691.7457275390625
v 13.334009170532227 -361.4726867675781 -1687.51416015625
v -30.698944091796875 -364.7843017578125 -1688.9014892578125
v -48.4083137512207 -341.59466552734375 -1685.6397705078125
v 47.644195556640625 -342.8927917480469 -1693.3363037109375
v 72.20072937011719 -327.2701416015625 -1688.1082763671875
v -115.9859619140625 -306.2162170410156 -1691.6295166015625
v 51.542877197265625 -272.1444091796875 -1683.4208984375
v 41.82277297973633 -270.8807373046875 -1687.5516357421875
v 67.96163940429688 -266.97088623046875 -1695.4237060546875
v 113.8976058959961 -252.9881591796875 -1691.302734375
v -43.87941360473633 -249.40438842773438 -1687.769287109375
v 112.8679428100586 -247.182861328125 -1691.8909912109375
v 95.47557830810547 -234.04598999023438 -1688.53759765625
v -143.3087158203125 -231.50340270996094 -1690.1834716796875
v -18.29151725769043 -365.3846740722656 -1690.4990234375
v 30.683406829833984 -350.0622863769531 -1677.2420654296875
v 26.424745559692383 -261.7960510253906 -1688.742431640625
v 78.63594818115234 -258.64886474609375 -1693.6485595703125
v 83.86775970458984 -252.94219970703125 -1687.9320068359375
v -22.241064071655273 -249.678955078125 -1692.457763671875
v -127.56600952148438 -251.1477813720703 -1677.0750732421875
v -127.73973083496094 -235.85861206054688 -1687.7467041015625
v -117.78904724121094 -237.47532653808594 -1684.873046875
v -125.57101440429688 -259.98284912109375 -1677.5819091796875
v -27.392396926879883 -250.21189880371094 -1691.8875732421875
v -78.92926788330078 -243.5534210205078 -1689.538818359375
v -40.567012786865234 -360.577392578125 -1688.28955078125
v -42.363555908203125 -358.5049133300781 -1694.650634765625
v 56.48983383178711 -354.267333984375 -1682.8089599609375
v -34.3056640625 -344.69049072265625 -1691.0609130859375
v 54.202659606933594 -342.651123046875 -1682.0262451171875
v 59.365943908691406 -339.74554443359375 -1683.195068359375
v 104.4110336303711 -284.6287841796875 -1689.196533203125
v -138.79237365722656 -260.9795837402344 -1688.4344482421875
v 17.59420394897461 -249.16195678710938 -1688.67529296875
v -88.47230529785156 -247.51007080078125 -1688.544677734375
v 90.10298919677734 -236.64260864257812 -1688.9805908203125
v -124.11148071289062 -232.4381103515625 -1691.9703369140625
v 94.25654602050781 -232.10501098632812 -1690.1522216796875
v -70.28861236572266 -350.3396301269531 -1671.345458984375
v -105.44379425048828 -301.5994873046875 -1687.7401123046875
v -127.53038024902344 -244.44358825683594 -1688.05224609375
v 113.4296646118164 -227.6096954345703 -1690.5218505859375
v -146.0974884033203 -205.8069305419922 -1683.1307373046875
v 90.48541259765625 -322.2170104980469 -1695.329833984375
v -86.995849609375 -317.5306396484375 -1690.8671875
v -94.38325500488281 -315.3281555175781 -1677.0146484375
v 74.29444885253906 -263.8554992675781 -1684.8138427734375
v 78.03803253173828 -260.42010498046875 -1684.5482177734375
v 114.21358489990234 -229.42919921875 -1683.973876953125
v -7.058650016784668 -365.11602783203125 -1687.466064453125
v -132.07586669921875 -280.3533935546875 -1684.7413330078125
v 62.020751953125 -270.5694274902344 -1687.40185546875
v 33.55659103393555 -267.2666015625 -1690.0467529296875
v 19.04160499572754 -249.03582763671875 -1679.2125244140625
v -143.80120849609375 -234.8190155029297 -1687.0345458984375
v 8.922443389892578 -349.41107177734375 -1691.0645751953125
v 20.14978790283203 -351.1246643066406 -1681.252197265625
v -22.079938888549805 -349.747314453125 -1681.2894287109375
v 103.58133697509766 -291.86700439453125 -1686.125732421875
v 96.39553833007812 -231.87416076660156 -1682.5157470703125
v -145.98104858398438 -214.29490661621094 -1690.6693115234375
v -146.85289001464844 -200.05435180664062 -1676.9205322265625
v 44.374549865722656 -345.1658935546875 -1680.3626708984375
v 67.39812469482422 -333.4009094238281 -1683.762451171875
v 85.92499542236328 -304.88739013671875 -1685.4932861328125
v -142.6936798095703 -244.07618713378906 -1689.9136962890625
v 94.83170318603516 -227.9616241455078 -1678.3349609375
v -43.389862060546875 -360.3740234375 -1681.798583984375
v -38.991127014160156 -344.9329833984375 -1683.2923583984375
v -64.55764770507812 -332.0403137207031 -1687.1258544921875
v -124.69025421142578 -296.3415222167969 -1680.3538818359375
v 95.7249984741211 -254.70033264160156 -1682.703369140625
v -13.407598495483398 -247.10076904296875 -1681.688232421875
v -142.52325439453125 -248.44400024414062 -1683.9732666015625
v 96.62488555908203 -245.3705291748047 -1679.8651123046875
v -82.20105743408203 -243.54345703125 -1680.9140625
v -42.9417839050293 -366.5365905761719 -1683.55712890625
v 105.06654357910156 -290.580810546875 -1679.6495361328125
v 107.99567413330078 -281.6670837402344 -1681.1895751953125
v 91.5341567993164 -278.5093078613281 -1679.173095703125
v -114.17697143554688 -237.8830108642578 -1680.7681884765625
v -15.127429962158203 -367.1728820800781 -1682.9771728515625
v -69.21080780029297 -345.2681884765625 -1694.903564453125
v -98.2903060913086 -311.5704040527344 -1678.142578125
v 29.175445556640625 -262.6628112792969 -1681.482421875
v -109.88225555419922 -242.6769561767578 -1686.3463134765625
v 89.24879455566406 -233.89285278320312 -1684.5643310546875
v -54.193626403808594 -356.1235656738281 -1677.156005859375
v -1.725185751914978 -352.2538757324219 -1681.6990966796875
v -108.16848754882812 -317.1196594238281 -1683.9554443359375
v 35.62395477294922 -267.04058837890625 -1681.5352783203125
v 22.355894088745117 -245.7161865234375 -1681.76171875
v -74.9736557006836 -246.43743896484375 -1689.1148681640625
v -120.40642547607422 -238.3890380859375 -1679.9603271484375
v -83.0006332397461 -341.49041748046875 -1674.57080078125
v -101.04540252685547 -323.6067199707031 -1683.790771484375
v 114.08006286621094 -255.4977264404297 -1683.101318359375
v -24.995698928833008 -249.2548370361328 -1683.7901611328125
v 89.5851058959961 -239.12965393066406 -1682.3857421875
v 90.17558288574219 -231.5850372314453 -1681.3583984375
v 115.29371643066406 -228.04547119140625 -1680.1031494140625
v -27.004117965698242 -367.816162109375 -1680.5369873046875
v -54.4097900390625 -338.5115051269531 -1685.4271240234375
v 100.86288452148438 -303.7149963378906 -1681.0648193359375
v -134.5361328125 -272.61102294921875 -1680.493896484375
v 22.393312454223633 -253.18455505371094 -1684.1883544921875
v -19.75679588317871 -249.30677795410156 -1684.56884765625
v -73.39463806152344 -248.2394256591797 -1681.7015380859375
v 28.281230926513672 -251.5115966796875 -1673.3328857421875
v -93.28186798095703 -246.92555236816406 -1683.0928955078125
v 101.45506286621094 -298.2026062011719 -1683.88671875
v 102.60838317871094 -298.5099792480469 -1677.12939453125
v 91.80023956298828 -290.92706298828125 -1675.1336669921875
v 42.211795806884766 -267.8523864746094 -1674.36669921875
v -136.82986450195312 -262.9964294433594 -1681.5538330078125
v -6.9883198738098145 -249.79824829101562 -1677.931640625
v -128.89364624023438 -238.79275512695312 -1680.5113525390625
v -147.02308654785156 -216.10757446289062 -1680.292236328125
v 75.41970825195312 -344.0517578125 -1677.74658203125
v 92.79356384277344 -266.91436767578125 -1689.26806640625
v 55.9187126159668 -269.7383728027344 -1675.102783203125
v 113.88424682617188 -250.06956481933594 -1682.01416015625
v 10.719266891479492 -250.30690002441406 -1678.6929931640625
v 88.57652282714844 -245.4037628173828 -1679.025390625
v -107.33425903320312 -240.33160400390625 -1675.7252197265625
v -35.20805358886719 -365.3360290527344 -1684.7735595703125
v 10.85326862335205 -356.5918273925781 -1667.2364501953125
v -8.142518997192383 -349.65728759765625 -1688.33837890625
v -40.813899993896484 -346.8921813964844 -1679.7919921875
v 94.90140533447266 -318.706298828125 -1682.0035400390625
v -112.8456039428711 -316.050048828125 -1668.9556884765625
v 3.025319814682007 -251.34429931640625 -1676.739013671875
v 88.43975830078125 -238.40908813476562 -1678.1097412109375
v -146.72698974609375 -211.83258056640625 -1678.719482421875
v -32.02245330810547 -346.0589904785156 -1682.880126953125
v 112.4984130859375 -267.1711730957031 -1680.2418212890625
v 65.61197662353516 -267.32427978515625 -1676.059814453125
v 1.8724783658981323 -250.32180786132812 -1684.1575927734375
v 86.45286560058594 -243.02484130859375 -1674.3585205078125
v -149.91607666015625 -208.5133819580078 -1677.361083984375
v 41.657615661621094 -361.8953552246094 -1670.7847900390625
v 66.88379669189453 -348.4700927734375 -1687.2679443359375
v -46.144004821777344 -345.17559814453125 -1679.5040283203125
v -107.90616607666016 -299.1127014160156 -1677.7548828125
v 29.663175582885742 -257.8286437988281 -1674.31689453125
v 83.88838958740234 -253.4453582763672 -1676.28173828125
v -62.63545227050781 -248.17141723632812 -1676.441162109375
v -79.00973510742188 -246.617919921875 -1678.170654296875
v -125.97659301757812 -237.3937225341797 -1680.469970703125
v 97.023193359375 -230.16464233398438 -1675.36474609375
v 91.11839294433594 -229.60662841796875 -1676.83154296875
v -146.18336486816406 -223.20761108398438 -1678.4681396484375
v -147.77210998535156 -208.2850799560547 -1678.9742431640625
v -150.91310119628906 -202.10989379882812 -1674.15087890625
v -42.04758071899414 -365.9000244140625 -1678.3712158203125
v -77.47665405273438 -346.0234069824219 -1671.70068359375
v -95.07788848876953 -331.4139709472656 -1674.043701171875
v -130.9113311767578 -283.8922119140625 -1678.009765625
v -119.90435028076172 -279.5488586425781 -1683.7391357421875
v -133.00689697265625 -274.05401611328125 -1672.881591796875
v 111.41954803466797 -266.91888427734375 -1683.4642333984375
v 77.76676177978516 -258.8023376464844 -1673.802001953125
v -94.47132110595703 -243.23988342285156 -1677.0819091796875
v 87.7955322265625 -235.60995483398438 -1675.4412841796875
v -146.87730407714844 -213.4608154296875 -1669.2137451171875
v 59.77264404296875 -342.2300720214844 -1668.8050537109375
v 90.20118713378906 -298.782958984375 -1678.549560546875
v 95.42344665527344 -262.3692626953125 -1669.56201171875
v 113.4130630493164 -259.7128601074219 -1675.77783203125
v -22.04096221923828 -250.5831756591797 -1674.4532470703125
v -88.17022705078125 -242.7650146484375 -1677.184326171875
v -147.59620666503906 -200.7823486328125 -1670.4716796875
v -72.41566467285156 -330.8247985839844 -1673.79833984375
v 92.82347106933594 -275.1245422363281 -1671.43212890625
v -43.31680679321289 -248.50875854492188 -1681.78369140625
v -72.9852523803711 -247.26907348632812 -1677.9569091796875
v -118.71034240722656 -306.4371643066406 -1677.49462890625
v 108.2016372680664 -282.4108581542969 -1672.58056640625
v -129.72804260253906 -284.6544189453125 -1675.5416259765625
v 112.09909057617188 -267.4026794433594 -1676.052734375
v -114.9648208618164 -240.09820556640625 -1676.4713134765625
v -142.8613739013672 -236.17686462402344 -1675.173095703125
v 99.15319061279297 -228.68673706054688 -1665.9876708984375
v -35.28205490112305 -366.82537841796875 -1673.3770751953125
v 57.04655075073242 -356.87823486328125 -1672.552734375
v -24.416032791137695 -353.3714294433594 -1670.7518310546875
v 89.0966796875 -327.8434753417969 -1680.064208984375
v -128.82269287109375 -289.0978088378906 -1680.1614990234375
v -118.96184539794922 -280.9659118652344 -1668.5330810546875
v 60.1403923034668 -266.9014587402344 -1671.551513671875
v 96.68711853027344 -253.5684356689453 -1672.6153564453125
v -60.55702590942383 -247.0066375732422 -1670.957275390625
v 86.05271911621094 -230.0265350341797 -1677.580078125
v 2.9057531356811523 -369.5699462890625 -1667.9185791015625
v 106.50778198242188 -292.466552734375 -1669.9774169921875
v 91.68971252441406 -282.65924072265625 -1672.5186767578125
v -134.45620727539062 -278.10870361328125 -1675.2886962890625
v -135.2022705078125 -275.5711669921875 -1671.351318359375
v 16.978151321411133 -250.0187530517578 -1665.5172119140625
v 81.81111907958984 -229.57818603515625 -1667.43212890625
v -147.17880249023438 -211.18238830566406 -1663.8173828125
v -20.074024200439453 -371.2870788574219 -1666.313232421875
v 47.45100021362305 -264.73455810546875 -1668.724365234375
v 74.83696746826172 -255.72830200195312 -1665.255859375
v 112.55863189697266 -257.8443908691406 -1669.4049072265625
v 28.317564010620117 -243.2005615234375 -1674.7598876953125
v 22.447336196899414 -245.88421630859375 -1668.6015625
v -121.68878936767578 -236.34275817871094 -1673.1239013671875
v 92.8941879272461 -229.67274475097656 -1664.96044921875
v -42.386356353759766 -365.74365234375 -1670.2239990234375
v 27.892684936523438 -366.8106994628906 -1665.5086669921875
v 40.0250129699707 -348.99627685546875 -1668.6302490234375
v -48.01376724243164 -346.5980529785156 -1669.681640625
v 72.8218002319336 -331.5065002441406 -1674.0506591796875
v -91.5210952758789 -321.2865905761719 -1667.6258544921875
v 38.45037841796875 -260.3387756347656 -1669.4295654296875
v 80.751220703125 -253.59410095214844 -1668.77001953125
v -32.9688720703125 -250.1696014404297 -1679.2718505859375
v 34.432064056396484 -254.62054443359375 -1669.4976806640625
v -48.704933166503906 -249.31832885742188 -1668.1953125
v -53.7543830871582 -249.60572814941406 -1665.412841796875
v 116.23417663574219 -228.8428192138672 -1673.9913330078125
v -46.39985656738281 -360.7940673828125 -1671.200439453125
v -33.59760665893555 -349.2316589355469 -1672.254150390625
v -40.92800521850586 -347.9571838378906 -1671.122802734375
v 111.71257781982422 -266.08917236328125 -1670.3419189453125
v 97.57443237304688 -246.0790557861328 -1674.1248779296875
v 7.719595909118652 -251.25 -1664.6722412109375
v -103.3905258178711 -244.0677032470703 -1670.560302734375
v 24.128080368041992 -354.0989074707031 -1665.7581787109375
v -84.25300598144531 -323.2188720703125 -1680.2955322265625
v -29.508569717407227 -252.36036682128906 -1667.748779296875
v 82.82988739013672 -246.6831512451172 -1666.3646240234375
v 83.77190399169922 -235.2438507080078 -1667.800537109375
v -32.39356994628906 -354.0611267089844 -1665.696533203125
v 79.58455657958984 -324.5198974609375 -1671.1746826171875
v -133.17584228515625 -274.6815185546875 -1665.54638671875
v -19.42848777770996 -250.18429565429688 -1670.2052001953125
v -7.055953502655029 -251.01902770996094 -1672.7496337890625
v -84.68669128417969 -247.26806640625 -1670.85595703125
v -138.34469604492188 -258.392822265625 -1672.8905029296875
v -114.4338607788086 -291.00921630859375 -1681.727294921875
v 95.89591217041016 -257.0635070800781 -1665.859375
v 115.29354095458984 -244.61981201171875 -1667.5567626953125
v -143.50653076171875 -231.2170867919922 -1666.7325439453125
v 18.84222412109375 -367.69952392578125 -1667.619140625
v -6.756661891937256 -357.3263854980469 -1661.430908203125
v 86.49243927001953 -311.5001220703125 -1673.9525146484375
v 107.13194274902344 -284.390869140625 -1667.484619140625
v -136.5614013671875 -259.2482604980469 -1661.3323974609375
v -31.436548233032227 -250.61854553222656 -1671.8726806640625
v -25.09844207763672 -250.48837280273438 -1664.49072265625
v 24.72378158569336 -244.56973266601562 -1665.8746337890625
v -111.77794647216797 -241.187744140625 -1668.577392578125
v -82.6153564453125 -327.5942687988281 -1663.96533203125
v 46.79741668701172 -256.2257080078125 -1662.64599609375
v -128.69944763183594 -232.88836669921875 -1671.15625
v 116.23411560058594 -228.70779418945312 -1668.1593017578125
v 9.19211196899414 -372.4440002441406 -1659.4630126953125
v -8.640579223632812 -355.8590087890625 -1666.5926513671875
v 10.467251777648926 -357.97808837890625 -1659.974609375
v -122.79368591308594 -303.44769287109375 -1665.1217041015625
v -122.23704528808594 -271.35931396484375 -1663.9600830078125
v 91.22649383544922 -252.97975158691406 -1665.876708984375
v -148.68894958496094 -202.0555877685547 -1662.39990234375
v 87.11565399169922 -331.58148193359375 -1675.384033203125
v 98.73788452148438 -313.9432678222656 -1671.191162109375
v 55.88243865966797 -263.5398864746094 -1665.78564453125
v 42.04801940917969 -249.27069091796875 -1662.928955078125
v 34.85049057006836 -244.9196014404297 -1668.7938232421875
v 49.0076904296875 -362.02593994140625 -1661.9195556640625
v -39.98912811279297 -350.96099853515625 -1663.85595703125
v 82.64588928222656 -339.8623352050781 -1661.295654296875
v 104.55838775634766 -298.5698547363281 -1666.045654296875
v -126.21450805664062 -294.65667724609375 -1663.162353515625
v 92.50125122070312 -276.2643737792969 -1667.052001953125
v -4.666270732879639 -252.36752319335938 -1666.7525634765625
v -87.47657775878906 -246.29991149902344 -1666.2281494140625
v -66.67108154296875 -245.7721405029297 -1666.8297119140625
v -142.38771057128906 -239.1627197265625 -1668.5181884765625
v -128.9810791015625 -238.83128356933594 -1664.752685546875
v -118.0632095336914 -243.58932495117188 -1664.6173095703125
v -47.96133041381836 -361.90362548828125 -1662.3695068359375
v -100.19149780273438 -311.1014099121094 -1666.534423828125
v 90.59992980957031 -312.3266296386719 -1653.3818359375
v 107.37262725830078 -288.2965087890625 -1664.2633056640625
v 115.30599212646484 -249.55209350585938 -1677.1463623046875
v -72.14339447021484 -246.61512756347656 -1665.1317138671875
v 77.71041870117188 -240.83444213867188 -1660.8994140625
v -91.98241424560547 -338.6541748046875 -1664.9820556640625
v 108.13361358642578 -296.78582763671875 -1650.5313720703125
v -71.00399780273438 -248.58021545410156 -1654.972900390625
v -103.49866485595703 -327.4330749511719 -1664.726318359375
v 100.70181274414062 -316.63958740234375 -1650.5179443359375
v 102.52188110351562 -305.79437255859375 -1666.0521240234375
v -126.19320678710938 -256.4367370605469 -1668.33349609375
v 86.08992767333984 -231.32583618164062 -1659.818115234375
v -25.284637451171875 -370.4999694824219 -1666.73583984375
v -45.000755310058594 -366.83294677734375 -1659.8253173828125
v 66.21871948242188 -352.68084716796875 -1670.397705078125
v 51.54524612426758 -345.62408447265625 -1663.944580078125
v 68.229248046875 -339.4623718261719 -1662.15625
v 66.09785461425781 -258.7124938964844 -1663.993896484375
v -62.939369201660156 -247.97352600097656 -1662.49072265625
v 97.96739959716797 -244.8585205078125 -1668.5155029296875
v -79.90742492675781 -244.21231079101562 -1657.250732421875
v 44.15705490112305 -242.12989807128906 -1663.5263671875
v 76.47725677490234 -230.13328552246094 -1663.766845703125
v -23.313138961791992 -372.0078125 -1653.369140625
v -63.43388366699219 -356.1108703613281 -1660.99267578125
v 82.8635025024414 -319.2218933105469 -1672.959228515625
v 92.78363037109375 -289.5015563964844 -1665.4493408203125
v 111.57518768310547 -275.0692443847656 -1666.170166015625
v -133.6038818359375 -269.5880432128906 -1657.8270263671875
v 113.68183898925781 -268.3418884277344 -1657.6944580078125
v 57.36265563964844 -254.11972045898438 -1660.9691162109375
v -42.215553283691406 -249.17135620117188 -1658.072509765625
v -117.16878509521484 -245.4269561767578 -1656.599609375
v 50.47209548950195 -239.01821899414062 -1662.6644287109375
v -38.21218490600586 -367.7728271484375 -1654.3441162109375
v -87.745361328125 -326.8796691894531 -1650.183837890625
v -129.0715789794922 -287.9115905761719 -1661.1778564453125
v 110.19401550292969 -285.8438415527344 -1651.1304931640625
v 115.29383850097656 -259.7122802734375 -1656.2318115234375
v 14.320296287536621 -249.0035858154297 -1654.9432373046875
v 29.090219497680664 -246.3955841064453 -1656.81982421875
v 49.10469436645508 -242.96701049804688 -1658.254638671875
v 74.39112091064453 -233.62039184570312 -1661.1201171875
v 59.55305862426758 -358.0337829589844 -1661.3751220703125
v -116.22286987304688 -280.344970703125 -1652.2237548828125
v -130.15562438964844 -282.2834167480469 -1658.637939453125
v 64.47726440429688 -249.37924194335938 -1655.8394775390625
v -38.34852981567383 -251.1231231689453 -1660.587890625
v 75.6131820678711 -247.52951049804688 -1660.8717041015625
v 20.603776931762695 -246.2645263671875 -1660.1815185546875
v -128.26123046875 -241.1565704345703 -1659.8504638671875
v -74.68416595458984 -352.72393798828125 -1654.3294677734375
v -131.44664001464844 -273.75994873046875 -1652.4053955078125
v 97.08667755126953 -265.1592712402344 -1657.5023193359375
v 96.98653411865234 -254.01512145996094 -1664.0328369140625
v -8.703341484069824 -252.3098907470703 -1660.1468505859375
v -105.60261535644531 -246.24586486816406 -1657.7764892578125
v 53.35480880737305 -246.93853759765625 -1660.350341796875
v 72.79078674316406 -241.94558715820312 -1657.9005126953125
v 65.96501922607422 -235.37103271484375 -1656.567138671875
v 54.64846420288086 -238.09222412109375 -1658.4130859375
v -17.344207763671875 -372.6649475097656 -1654.5576171875
v -76.97864532470703 -350.7153015136719 -1658.0386962890625
v 90.2275161743164 -303.8046875 -1667.8173828125
v 91.80084991455078 -294.0335388183594 -1666.25146484375
v -34.63328170776367 -249.4540252685547 -1654.6248779296875
v 57.91524887084961 -241.73817443847656 -1654.6348876953125
v -83.05931091308594 -346.66363525390625 -1657.0750732421875
v -109.30878448486328 -297.4504699707031 -1657.9324951171875
v 92.8126220703125 -289.5934753417969 -1660.0372314453125
v 116.21553802490234 -249.1986541748047 -1658.5921630859375
v -98.15019989013672 -244.24124145507812 -1660.0206298828125
v -6.8891777992248535 -372.3282165527344 -1658.858642578125
v -84.81322479248047 -352.22430419921875 -1656.31005859375
v 50.099178314208984 -348.97021484375 -1649.6229248046875
v 88.39234924316406 -335.3842468261719 -1653.3193359375
v 106.109130859375 -306.02972412109375 -1644.576171875
v -112.98282623291016 -288.7080078125 -1661.7188720703125
v -85.10438537597656 -243.83201599121094 -1659.388916015625
v 99.81429290771484 -226.4063720703125 -1658.9129638671875
v -112.50263214111328 -320.9088134765625 -1647.9017333984375
v 62.78276443481445 -236.5029754638672 -1654.57373046875
v 59.51511001586914 -234.69046020507812 -1653.68896484375
v 80.04503631591797 -232.8189239501953 -1655.690185546875
v 19.453245162963867 -372.1418762207031 -1652.5137939453125
v 93.5132827758789 -278.2542419433594 -1661.7513427734375
v -120.87361145019531 -269.486328125 -1648.4771728515625
v 113.70618438720703 -264.1279602050781 -1654.9697265625
v -52.7876091003418 -250.31578063964844 -1655.71728515625
v -98.43077850341797 -248.9846954345703 -1647.9326171875
v -87.82380676269531 -246.38589477539062 -1650.5115966796875
v 117.21290588378906 -240.08767700195312 -1658.273681640625
v 69.13148498535156 -244.9243927001953 -1654.1839599609375
v -142.72764587402344 -233.84262084960938 -1656.6419677734375
v 92.48110961914062 -226.6384735107422 -1653.224853515625
v -3.338115930557251 -359.4433898925781 -1651.91259765625
v -27.936660766601562 -357.43377685546875 -1658.0447998046875
v -135.16319274902344 -258.3753662109375 -1654.3345947265625
v -22.81473159790039 -252.22137451171875 -1660.6112060546875
v 116.146728515625 -242.9868621826172 -1660.0526123046875
v -140.5452423095703 -240.08123779296875 -1659.0806884765625
v -55.760128021240234 -343.3944091796875 -1663.759033203125
v -69.27277374267578 -337.5445556640625 -1649.8194580078125
v 110.3047103881836 -274.12908935546875 -1654.7657470703125
v -12.106292724609375 -253.33404541015625 -1655.2901611328125
v -61.14205551147461 -247.94126892089844 -1654.023681640625
v -137.45602416992188 -251.30125427246094 -1655.2491455078125
v 34.33863830566406 -248.05096435546875 -1659.423095703125
v -74.44873809814453 -245.68402099609375 -1653.48291015625
v 15.305411338806152 -245.49464416503906 -1650.378173828125
v -32.576744079589844 -355.8908386230469 -1662.6427001953125
v 94.45623016357422 -324.0470886230469 -1663.8514404296875
v -132.10140991210938 -277.9676513671875 -1648.6202392578125
v -103.98634338378906 -247.90554809570312 -1648.122802734375
v 79.9463119506836 -346.38092041015625 -1644.8704833984375
v 64.69403839111328 -342.484130859375 -1649.096923828125
v -133.9800262451172 -273.3498229980469 -1652.3607177734375
v 103.3571548461914 -229.43453979492188 -1652.1295166015625
v 11.08833122253418 -374.7620849609375 -1650.1707763671875
v -24.16822624206543 -358.4034118652344 -1651.7791748046875
v 13.503067970275879 -358.870361328125 -1654.22216796875
v -85.63483428955078 -346.1352844238281 -1653.216552734375
v -114.87800598144531 -282.10693359375 -1640.18994140625
v -80.28345489501953 -247.39849853515625 -1652.18359375
v 78.37486267089844 -235.2318878173828 -1652.8603515625
v -144.90338134765625 -226.2670440673828 -1651.9866943359375
v -49.14412307739258 -363.85284423828125 -1647.9725341796875
v -39.94053649902344 -354.4743347167969 -1648.53076171875
v -85.98703002929688 -352.7846374511719 -1654.5496826171875
v -83.76396942138672 -349.5471496582031 -1646.274169921875
v -97.52415466308594 -335.3602600097656 -1659.2879638671875
v -82.8902587890625 -329.4989013671875 -1652.4486083984375
v 86.69442749023438 -321.1995849609375 -1651.96630859375
v 92.6972885131836 -306.4787292480469 -1649.972900390625
v -106.02970886230469 -303.029296875 -1660.714111328125
v -112.08773040771484 -291.9467468261719 -1641.3662109375
v -134.9325408935547 -264.0991516113281 -1646.573486328125
v 0.8081650733947754 -252.21640014648438 -1654.361328125
v -55.47476577758789 -248.77325439453125 -1649.412109375
v 34.11941909790039 -249.1954803466797 -1649.3388671875
v 96.7325668334961 -228.7193145751953 -1648.832275390625
v 84.77135467529297 -226.75108337402344 -1653.4571533203125
v -3.8455591201782227 -376.9219665527344 -1646.0416259765625
v 94.73152160644531 -279.4783020019531 -1654.6256103515625
v -32.778533935546875 -251.4405517578125 -1647.9586181640625
v 117.77401733398438 -242.65512084960938 -1649.9752197265625
v 69.49758911132812 -236.969482421875 -1652.31982421875
v 45.779788970947266 -365.9747009277344 -1647.107421875
v 110.84844207763672 -281.28369140625 -1651.908447265625
v 116.3583984375 -260.67926025390625 -1650.7091064453125
v -149.95419311523438 -201.19223022460938 -1652.5159912109375
v 73.01092529296875 -350.19183349609375 -1655.5189208984375
v 48.66358947753906 -243.02650451660156 -1652.22509765625
v 117.39877319335938 -235.72305297851562 -1654.384521484375
v 54.1588020324707 -364.0538024902344 -1642.6915283203125
v 93.78726959228516 -302.50439453125 -1647.638427734375
v 108.19627380371094 -292.3898010253906 -1652.2318115234375
v -129.46885681152344 -285.78594970703125 -1650.282470703125
v 113.7861099243164 -269.3370056152344 -1648.984375
v 116.24927520751953 -255.55810546875 -1646.0308837890625
v -52.60712814331055 -248.59988403320312 -1642.6077880859375
v -45.68584060668945 -249.0483856201172 -1648.1705322265625
v 9.235719680786133 -251.08709716796875 -1651.9366455078125
v 100.50065612792969 -254.65509033203125 -1653.07958984375
v 7.833049774169922 -247.33758544921875 -1643.7266845703125
v -117.70756530761719 -242.25782775878906 -1644.2777099609375
v 117.77593994140625 -229.78970336914062 -1657.9981689453125
v 103.78311920166016 -228.8921356201172 -1647.8675537109375
v -87.42488098144531 -347.3830261230469 -1646.375732421875
v -63.418067932128906 -343.0672912597656 -1639.859130859375
v 96.32769775390625 -328.00341796875 -1639.6658935546875
v -125.16030883789062 -300.1087951660156 -1652.462158203125
v 43.73015213012695 -247.32684326171875 -1650.3350830078125
v -119.01821899414062 -244.26124572753906 -1651.0843505859375
v -150.40753173828125 -204.37623596191406 -1646.615234375
v 32.37095642089844 -369.5206298828125 -1649.918212890625
v 11.367329597473145 -359.5618896484375 -1646.2713623046875
v 72.34387969970703 -339.0164794921875 -1646.4166259765625
v -128.1442108154297 -241.2887725830078 -1655.6319580078125
v 55.87906265258789 -240.15701293945312 -1647.4326171875
v 78.2958755493164 -233.35528564453125 -1642.1632080078125
v 89.55823516845703 -229.02122497558594 -1647.1566162109375
v -45.180091857910156 -352.755859375 -1645.725830078125
v -51.37015914916992 -348.84222412109375 -1655.5736083984375
v -46.70851516723633 -349.4466552734375 -1652.9986572265625
v -129.52450561523438 -281.173583984375 -1646.592041015625
v -131.54405212402344 -272.095703125 -1646.761474609375
v 114.55406951904297 -265.8153991699219 -1643.491455078125
v -135.62193298339844 -258.0372314453125 -1649.99365234375
v -66.12667846679688 -249.47349548339844 -1642.68212890625
v 103.54827880859375 -240.24176025390625 -1648.9598388671875
v -140.7320098876953 -241.44631958007812 -1645.560791015625
v 119.45402526855469 -228.63418579101562 -1646.3231201171875
v -75.39208984375 -353.24407958984375 -1649.6925048828125
v 76.56702423095703 -338.55322265625 -1628.1436767578125
v 94.63375091552734 -288.5563659667969 -1644.56591796875
v 93.63578033447266 -293.1083984375 -1647.335693359375
v 109.16336059570312 -290.2647705078125 -1644.220458984375
v 111.869384765625 -274.44451904296875 -1644.6739501953125
v 60.1489372253418 -235.98788452148438 -1643.896728515625
v 88.22489166259766 -232.72288513183594 -1645.3551025390625
v 7.701289653778076 -360.63970947265625 -1642.0107421875
v 78.1016845703125 -333.6369323730469 -1648.0130615234375
v -134.24615478515625 -277.9394836425781 -1643.8499755859375
v -134.91522216796875 -267.8648986816406 -1645.5447998046875
v 22.83967399597168 -247.33172607421875 -1647.3414306640625
v -127.10877990722656 -237.48580932617188 -1645.6063232421875
v 67.701904296875 -237.5177001953125 -1645.6820068359375
v -7.2341179847717285 -360.8725891113281 -1641.523193359375
v 20.04737663269043 -358.2637634277344 -1648.1685791015625
v 39.5684928894043 -352.9852600097656 -1649.205078125
v -4.099186420440674 -252.5564727783203 -1644.312744140625
v 31.3494873046875 -250.61363220214844 -1640.511474609375
v -73.6056900024414 -245.008056640625 -1645.4442138671875
v 103.65777587890625 -238.963134765625 -1645.204833984375
v -146.6736297607422 -223.6336669921875 -1642.61669921875
v 0.6562806367874146 -377.8417663574219 -1642.28662109375
v -57.22941970825195 -349.175537109375 -1634.3389892578125
v -94.57069396972656 -319.72021484375 -1658.197509765625
v 28.070741653442383 -247.05894470214844 -1644.6673583984375
v -105.44253540039062 -246.63623046875 -1643.183349609375
v 51.36871337890625 -241.35342407226562 -1644.7120361328125
v 118.19941711425781 -243.1977081298828 -1643.7047119140625
v -143.29525756835938 -229.56930541992188 -1644.50439453125
v 86.27000427246094 -340.60992431640625 -1642.380126953125
v -118.74211883544922 -312.6465759277344 -1643.08251953125
v 99.22550201416016 -269.5217590332031 -1636.032470703125
v -22.675186157226562 -252.99876403808594 -1646.785888671875
v -149.253662109375 -214.0485076904297 -1643.143310546875
v -94.96653747558594 -341.08624267578125 -1645.3349609375
v -102.1643295288086 -333.9080505371094 -1644.56005859375
v 96.0682373046875 -287.4735412597656 -1635.4404296875
v -16.968950271606445 -252.9697723388672 -1638.343017578125
v 39.663841247558594 -246.74752807617188 -1641.2314453125
v 58.21889114379883 -236.2296600341797 -1642.005615234375
v -142.32945251464844 -238.15185546875 -1637.2076416015625
v -8.494882583618164 -377.1181640625 -1642.039794921875
v 31.490806579589844 -372.1292419433594 -1636.6473388671875
v -67.21449279785156 -358.2237854003906 -1642.5745849609375
v -107.98699188232422 -302.52166748046875 -1636.537353515625
v -133.9076385498047 -274.9000549316406 -1638.1063232421875
v -135.67538452148438 -272.39776611328125 -1645.9483642578125
v -136.74623107910156 -258.5310974121094 -1641.1578369140625
v 45.60313415527344 -245.8457794189453 -1642.3248291015625
v 78.2760009765625 -233.52694702148438 -1636.225830078125
v -144.65115356445312 -229.61318969726562 -1643.23388671875
v -4.314794540405273 -383.0834655761719 -1640.1864013671875
v -94.74659729003906 -342.7552490234375 -1639.6290283203125
v -116.90255737304688 -316.42889404296875 -1628.3712158203125
v 92.85494995117188 -310.86224365234375 -1641.583984375
v -135.77784729003906 -265.50396728515625 -1639.7100830078125
v -135.40512084960938 -255.681640625 -1641.421875
v -149.2847137451172 -209.29867553710938 -1636.615234375
v -43.24591064453125 -355.6910095214844 -1636.68359375
v -130.80587768554688 -277.85174560546875 -1637.2813720703125
v 113.15328979492188 -272.28338623046875 -1635.8187255859375
v -134.12789916992188 -270.46734619140625 -1640.811767578125
v 118.02887725830078 -257.228271484375 -1638.928466796875
v -137.76043701171875 -252.18800354003906 -1643.704833984375
v -126.08368682861328 -248.83175659179688 -1641.0126953125
v -42.493797302246094 -251.93380737304688 -1639.246826171875
v 103.79635620117188 -250.90113830566406 -1633.8323974609375
v -127.93464660644531 -240.08847045898438 -1640.8548583984375
v -150.36004638671875 -202.17752075195312 -1639.4732666015625
v -0.718656599521637 -381.60638427734375 -1641.1005859375
v -21.34320068359375 -374.4677734375 -1643.6380615234375
v -98.55572509765625 -315.76641845703125 -1647.6309814453125
v -123.51798248291016 -303.1972351074219 -1641.478515625
v -124.94051361083984 -254.81005859375 -1650.931396484375
v -135.044189453125 -253.64768981933594 -1637.8116455078125
v -80.11050415039062 -247.58876037597656 -1642.2398681640625
v 98.52973175048828 -229.35125732421875 -1641.903564453125
v 104.71337127685547 -227.5428924560547 -1640.61767578125
v -9.395151138305664 -378.5681457519531 -1634.69775390625
v 90.63301086425781 -319.50494384765625 -1636.5548095703125
v 102.95323944091797 -256.9942321777344 -1634.039794921875
v -2.2463905811309814 -251.67727661132812 -1639.5054931640625
v 49.318206787109375 -244.22071838378906 -1638.4146728515625
v 57.41377258300781 -237.2696990966797 -1632.865966796875
v 120.30418395996094 -230.73301696777344 -1640.2293701171875
v -143.85255432128906 -228.07650756835938 -1633.3016357421875
v -31.557966232299805 -370.8090515136719 -1644.8975830078125
v 65.6808853149414 -358.11834716796875 -1640.1458740234375
v 41.874366760253906 -354.1685485839844 -1638.43310546875
v -104.85395812988281 -307.5837097167969 -1641.0791015625
v -92.35939025878906 -247.550048828125 -1638.437255859375
v 104.90233612060547 -234.01014709472656 -1636.72412109375
v 0.4395386278629303 -379.1064147949219 -1632.8597412109375
v -48.07791519165039 -350.1348876953125 -1642.803955078125
v -122.72075653076172 -305.65118408203125 -1639.533447265625
v 109.926025390625 -285.1396484375 -1641.2781982421875
v -26.680429458618164 -253.0205841064453 -1638.728759765625
v 24.38166618347168 -249.53732299804688 -1637.0340576171875
v 104.66654205322266 -237.15908813476562 -1642.135986328125
v 89.86070251464844 -232.29222106933594 -1637.0880126953125
v 95.21205139160156 -229.16131591796875 -1640.0723876953125
v -44.86415100097656 -366.91888427734375 -1643.55712890625
v -128.70437622070312 -287.2400207519531 -1633.731689453125
v 113.57368469238281 -272.58514404296875 -1631.0418701171875
v 12.71277141571045 -248.8507537841797 -1638.3966064453125
v -139.5245819091797 -246.36215209960938 -1634.98095703125
v -100.56484985351562 -245.7563018798828 -1634.9658203125
v -7.558787822723389 -379.0812683105469 -1631.0032958984375
v 9.284086227416992 -361.42974853515625 -1636.6070556640625
v 92.01998138427734 -335.904296875 -1631.96142578125
v 109.9528579711914 -293.8756408691406 -1638.4832763671875
v -129.86019897460938 -273.7627258300781 -1638.6187744140625
v -120.08122253417969 -266.3290100097656 -1633.59326171875
v -32.00934982299805 -252.05055236816406 -1640.0057373046875
v -54.22589111328125 -249.47769165039062 -1636.7569580078125
v -108.15505981445312 -244.23480224609375 -1635.52685546875
v 68.75817108154297 -236.34140014648438 -1637.98583984375
v 20.67450714111328 -373.7148742675781 -1641.7451171875
v 94.3669204711914 -301.514404296875 -1640.0576171875
v -129.3114776611328 -274.3058776855469 -1630.3553466796875
v -133.80642700195312 -264.2203369140625 -1640.94482421875
v -136.8149871826172 -254.5565643310547 -1634.759521484375
v -124.1223373413086 -253.5390625 -1629.5693359375
v -146.34693908691406 -225.5818634033203 -1630.109375
v -24.626007080078125 -375.3222351074219 -1632.31640625
v 107.66401672363281 -299.82940673828125 -1639.9190673828125
v 112.44117736816406 -286.0098571777344 -1633.7093505859375
v -129.1085968017578 -279.9480285644531 -1629.75830078125
v -69.79569244384766 -247.59426879882812 -1634.8885498046875
v 41.1058464050293 -245.45230102539062 -1635.18017578125
v 120.9738540649414 -229.88731384277344 -1634.23974609375
v 96.83126831054688 -227.71310424804688 -1634.3929443359375
v -25.92990493774414 -360.2507019042969 -1634.1201171875
v 82.37786865234375 -347.50177001953125 -1628.3294677734375
v 10.374860763549805 -250.21018981933594 -1633.2470703125
v -75.57312774658203 -246.4653778076172 -1637.8636474609375
v -122.02090454101562 -243.2272491455078 -1639.1029052734375
v -127.40180206298828 -244.0267333984375 -1629.015380859375
v 50.94859313964844 -351.6444091796875 -1630.788330078125
v 76.23771667480469 -353.3250427246094 -1624.218994140625
v -33.612648010253906 -252.0489959716797 -1627.499755859375
v -28.134111404418945 -251.94546508789062 -1635.0604248046875
v -11.9196138381958 -251.77943420410156 -1632.1087646484375
v 1.2546944618225098 -248.68487548828125 -1636.0654296875
v 93.17467498779297 -231.11260986328125 -1631.3231201171875
v 9.326944351196289 -377.655029296875 -1636.797607421875
v -41.35525131225586 -369.8309326171875 -1629.4139404296875
v 4.228626728057861 -361.7810363769531 -1633.296630859375
v -53.85896682739258 -364.8953857421875 -1627.1356201171875
v -126.55381774902344 -293.9370422363281 -1639.9052734375
v -48.264320373535156 -251.52784729003906 -1630.7750244140625
v -23.66876792907715 -253.51849365234375 -1623.680419921875
v 37.62151336669922 -248.48487854003906 -1628.1981201171875
v -91.68182373046875 -246.25628662109375 -1633.62646484375
v 104.59928894042969 -246.25746154785156 -1624.52734375
v 119.14921569824219 -249.30662536621094 -1632.244873046875
v 9.359781265258789 -377.8741455078125 -1629.2413330078125
v -32.400489807128906 -358.8100280761719 -1637.81787109375
v -135.836669921875 -252.07269287109375 -1627.7666015625
v 19.05939292907715 -250.80665588378906 -1630.170166015625
v 30.963138580322266 -249.0508575439453 -1634.0692138671875
v 43.20700454711914 -356.8029479980469 -1616.7353515625
v -101.82328033447266 -335.69537353515625 -1625.0966796875
v -131.9746856689453 -267.8928527832031 -1630.820556640625
v -121.70647430419922 -246.10023498535156 -1627.8780517578125
v 120.51667022705078 -239.75634765625 -1633.3275146484375
v 19.287307739257812 -375.808349609375 -1624.598388671875
v 29.953792572021484 -357.50262451171875 -1635.8795166015625
v -37.444679260253906 -355.4818420410156 -1634.9576416015625
v -46.5388069152832 -355.6241149902344 -1630.22021484375
v -93.50359344482422 -323.3988952636719 -1639.0240478515625
v -117.11479187011719 -275.1533203125 -1639.10009765625
v 104.62461853027344 -251.52525329589844 -1625.5396728515625
v 50.09596252441406 -242.396728515625 -1632.6663818359375
v 66.31971740722656 -237.81309509277344 -1629.9840087890625
v 80.5595474243164 -233.19833374023438 -1626.5728759765625
v 100.95773315429688 -228.3717803955078 -1631.75048828125
v 94.99388885498047 -307.819580078125 -1633.8734130859375
v -2.0497028827667236 -249.37796020507812 -1633.055908203125
v 21.599252700805664 -249.4087371826172 -1633.9398193359375
v 105.55413818359375 -227.99374389648438 -1634.24267578125
v -149.9610595703125 -208.34771728515625 -1632.774658203125
v 4.903109550476074 -379.1297302246094 -1626.13037109375
v 57.2014045715332 -365.9817199707031 -1610.189453125
v -3.1710033416748047 -362.4390869140625 -1631.6553955078125
v 103.56571960449219 -318.6630554199219 -1625.0858154296875
v -109.70925903320312 -299.1255798339844 -1627.073974609375
v -131.90081787109375 -274.709716796875 -1629.4237060546875
v 114.03327941894531 -275.15899658203125 -1625.525390625
v -19.934017181396484 -251.83802795410156 -1626.658203125
v -101.39091491699219 -246.6018524169922 -1629.1082763671875
v 44.368499755859375 -242.1610565185547 -1630.0179443359375
v -143.1138153076172 -234.7941436767578 -1631.260009765625
v -147.7945098876953 -220.2600860595703 -1626.6058349609375
v -150.7858428955078 -200.89784240722656 -1628.4632568359375
v -84.13766479492188 -351.63140869140625 -1628.58984375
v -63.796295166015625 -347.0192565917969 -1626.0943603515625
v -125.66297912597656 -298.5277099609375 -1633.6339111328125
v 116.39110565185547 -266.05853271484375 -1622.6541748046875
v 54.33636474609375 -238.56033325195312 -1626.2784423828125
v 58.139225006103516 -241.62120056152344 -1623.4058837890625
v -46.80906295776367 -367.763671875 -1631.713134765625
v -74.64478302001953 -337.88336181640625 -1631.0047607421875
v -84.43087005615234 -331.0491943359375 -1634.27734375
v 111.213623046875 -290.9402770996094 -1630.4212646484375
v -134.11257934570312 -267.5841979980469 -1629.6859130859375
v -39.310001373291016 -251.0228729248047 -1623.0894775390625
v 117.54566192626953 -253.00869750976562 -1627.6861572265625
v -139.23391723632812 -245.40753173828125 -1623.464111328125
v 67.1282730102539 -359.6688232421875 -1623.43701171875
v 93.23213958740234 -318.25543212890625 -1623.8294677734375
v 105.87718963623047 -309.45025634765625 -1631.7850341796875
v 110.85677337646484 -296.044921875 -1624.97802734375
v -133.5952911376953 -273.7454833984375 -1626.8909912109375
v -137.71145629882812 -254.20877075195312 -1623.0369873046875
v 11.206260681152344 -251.21176147460938 -1622.0794677734375
v -54.14901351928711 -366.0692443847656 -1618.1951904296875
v 14.147064208984375 -361.19989013671875 -1623.12060546875
v -91.33197021484375 -346.31976318359375 -1625.88134765625
v -75.00471496582031 -338.9674072265625 -1621.2025146484375
v 84.7491226196289 -329.57354736328125 -1633.4957275390625
v -13.82750415802002 -249.23231506347656 -1625.2105712890625
v -113.05902862548828 -247.42344665527344 -1628.59033203125
v 43.2780876159668 -243.61459350585938 -1625.69091796875
v 106.94271850585938 -230.40139770507812 -1624.6480712890625
v 122.88610076904297 -227.17901611328125 -1628.4815673828125
v 0.02144485153257847 -363.6373291015625 -1621.784423828125
v -24.25920295715332 -360.6624450683594 -1626.813232421875
v -104.19355010986328 -310.25616455078125 -1626.546142578125
v -122.66506958007812 -305.8125915527344 -1612.469970703125
v 112.20417785644531 -291.6141357421875 -1623.2825927734375
v -130.5774383544922 -282.42578125 -1622.6461181640625
v -131.9821014404297 -268.5152587890625 -1624.0762939453125
v -131.0128173828125 -264.1785888671875 -1624.5426025390625
v -69.41436767578125 -249.34107971191406 -1627.9781494140625
v 26.506200790405273 -249.6818084716797 -1623.5338134765625
v -147.64845275878906 -219.06109619140625 -1618.49365234375
v -51.236541748046875 -350.7146301269531 -1630.7236328125
v -127.09125518798828 -291.3271484375 -1627.0673828125
v 114.7433090209961 -278.14764404296875 -1621.240234375
v -77.68006134033203 -246.81443786621094 -1628.641357421875
v -74.68411254882812 -356.6809997558594 -1630.8018798828125
v 25.806377410888672 -359.5810241699219 -1622.832763671875
v 113.12101745605469 -283.3144226074219 -1623.6314697265625
v -129.69906616210938 -272.6775207519531 -1623.4725341796875
v 103.91718292236328 -265.5711364746094 -1621.8756103515625
v -114.21785736083984 -248.54576110839844 -1622.2342529296875
v -15.916740417480469 -361.9166259765625 -1627.8101806640625
v -95.1952896118164 -343.2033996582031 -1622.5677490234375
v -107.20089721679688 -329.1696472167969 -1631.307373046875
v -58.49081802368164 -250.92283630371094 -1620.170166015625
v -84.02021789550781 -247.64251708984375 -1626.0294189453125
v -143.9005126953125 -232.06483459472656 -1618.782958984375
v -144.90577697753906 -225.0640869140625 -1623.90185546875
v -72.80104064941406 -358.21221923828125 -1618.2327880859375
v -133.3914794921875 -268.8614501953125 -1622.626953125
v -127.6845474243164 -238.71568298339844 -1625.06982421875
v 27.956382751464844 -374.3932800292969 -1619.416015625
v -42.20840835571289 -371.62664794921875 -1617.9521484375
v -32.63530731201172 -359.31732177734375 -1621.5146484375
v -37.04987716674805 -357.4438171386719 -1621.639892578125
v -59.52756118774414 -348.46453857421875 -1622.1971435546875
v 108.94015502929688 -305.5558776855469 -1621.36669921875
v -133.24053955078125 -262.26849365234375 -1626.1583251953125
v -99.58557891845703 -247.3795623779297 -1621.0079345703125
v -143.37368774414062 -235.48597717285156 -1621.9508056640625
v 122.99903106689453 -231.89996337890625 -1622.2086181640625
v 95.55789947509766 -227.70950317382812 -1621.7271728515625
v -24.205381393432617 -376.3487243652344 -1619.158447265625
v 69.9717025756836 -342.8906555175781 -1624.710205078125
v 111.6239013671875 -292.4607849121094 -1618.138916015625
v 121.21223449707031 -247.96066284179688 -1622.8836669921875
v 77.22622680664062 -237.04360961914062 -1618.0401611328125
v 99.10374450683594 -297.2410583496094 -1621.838134765625
v -128.41383361816406 -289.2720947265625 -1621.6512451171875
v -28.139049530029297 -251.92579650878906 -1619.157958984375
v -69.30130767822266 -250.35658264160156 -1618.8687744140625
v -111.23383331298828 -246.26258850097656 -1615.1968994140625
v -149.45050048828125 -204.85580444335938 -1621.7796630859375
v -47.21883773803711 -372.1321105957031 -1622.2667236328125
v -5.9105305671691895 -362.3329162597656 -1619.300537109375
v 18.32328987121582 -360.3688659667969 -1614.7646484375
v -42.682289123535156 -357.471435546875 -1623.8704833984375
v -101.73442077636719 -338.47711181640625 -1608.6876220703125
v -133.7815704345703 -258.22003173828125 -1619.678466796875
v -48.356571197509766 -251.1717071533203 -1619.8846435546875
v -17.071983337402344 -249.8854217529297 -1622.9356689453125
v 25.522811889648438 -246.91387939453125 -1615.5859375
v 90.60875701904297 -230.9664306640625 -1621.5477294921875
v -17.74013900756836 -377.56878662109375 -1618.626953125
v 45.8997688293457 -369.3213806152344 -1624.1053466796875
v 7.040716648101807 -362.339599609375 -1618.5953369140625
v -29.29082489013672 -361.1040954589844 -1612.424560546875
v -131.1725616455078 -272.1334533691406 -1616.4046630859375
v -136.046630859375 -253.20947265625 -1613.2142333984375
v -136.9439239501953 -247.70919799804688 -1617.6856689453125
v 65.12086486816406 -240.33331298828125 -1617.124267578125
v 123.21637725830078 -238.43341064453125 -1616.700439453125
v -65.94387817382812 -345.09344482421875 -1615.3399658203125
v -111.9093246459961 -292.5114440917969 -1619.84130859375
v -134.2762908935547 -262.6224670410156 -1621.015625
v -51.5229606628418 -250.09107971191406 -1616.291748046875
v -77.49364471435547 -249.72677612304688 -1616.3792724609375
v -84.68917846679688 -247.435546875 -1618.8743896484375
v -126.71205139160156 -243.1973114013672 -1619.256103515625
v 33.93946075439453 -245.00230407714844 -1620.446533203125
v -50.08415603637695 -367.1515197753906 -1611.2432861328125
v 56.52011489868164 -350.7574768066406 -1621.0390625
v 77.66866302490234 -353.7275085449219 -1614.14599609375
v -128.0592498779297 -275.9984436035156 -1616.5806884765625
v -116.6717758178711 -270.41217041015625 -1617.501708984375
v -3.688338041305542 -251.36988830566406 -1624.3385009765625
v -109.9923095703125 -249.5159912109375 -1623.2552490234375
v 41.183345794677734 -242.74453735351562 -1619.0184326171875
v -33.06108474731445 -373.5779724121094 -1620.0614013671875
v 98.88288116455078 -327.7097473144531 -1621.61376953125
v -102.17667388916016 -313.29791259765625 -1617.357177734375
v 111.23224639892578 -300.49542236328125 -1615.869384765625
v 119.59529113769531 -253.9143829345703 -1619.1815185546875
v 33.391090393066406 -242.2220001220703 -1615.7974853515625
v 42.12321472167969 -371.6962585449219 -1607.3851318359375
v -116.43475341796875 -317.7415771484375 -1615.3074951171875
v -114.25982666015625 -279.7825622558594 -1615.378173828125
v 53.662723541259766 -240.1356658935547 -1615.260986328125
v -140.29246520996094 -241.9893798828125 -1611.2861328125
v 77.65422821044922 -236.16407775878906 -1612.4598388671875
v 124.39448547363281 -229.1383514404297 -1620.5140380859375
v -99.11934661865234 -317.6792297363281 -1628.9962158203125
v 97.93508911132812 -304.9144287109375 -1619.0289306640625
v 113.00442504882812 -295.3085021972656 -1609.5638427734375
v 100.45184326171875 -284.6115417480469 -1620.5755615234375
v -106.25751495361328 -249.3731689453125 -1615.11865234375
v 49.7636833190918 -238.43231201171875 -1617.767578125
v -8.656527519226074 -378.94317626953125 -1613.85546875
v 115.892578125 -269.4089050292969 -1617.6785888671875
v -40.130496978759766 -250.10752868652344 -1614.514892578125
v -114.25445556640625 -248.32965087890625 -1612.6812744140625
v -145.2660675048828 -223.9795684814453 -1615.9078369140625
v 106.85746002197266 -228.5713348388672 -1614.8316650390625
v 11.851585388183594 -376.7036437988281 -1611.44970703125
v -61.49456787109375 -363.5997619628906 -1611.469482421875
v -85.933349609375 -350.68255615234375 -1618.364990234375
v 81.49254608154297 -335.3389892578125 -1621.476318359375
v -108.82806396484375 -328.535888671875 -1614.935302734375
v 114.18911743164062 -279.18914794921875 -1615.4296875
v 18.930788040161133 -251.24903869628906 -1614.183349609375
v -13.922811508178711 -250.2358856201172 -1613.008544921875
v -35.394535064697266 -246.98971557617188 -1611.4674072265625
v -26.235450744628906 -247.92369079589844 -1615.4505615234375
v 93.28504180908203 -227.86029052734375 -1611.559326171875
v -148.90130615234375 -215.4806365966797 -1610.9033203125
v -150.88104248046875 -199.41259765625 -1618.2413330078125
v -6.2429609298706055 -377.8349914550781 -1608.3868408203125
v -58.21989440917969 -350.0651550292969 -1612.9151611328125
v -125.52911376953125 -297.3187255859375 -1617.1759033203125
v -134.7394561767578 -262.6352233886719 -1612.9127197265625
v 117.67937469482422 -266.5306396484375 -1607.2772216796875
v 1.1136876344680786 -250.9862823486328 -1615.3773193359375
v -137.97584533691406 -246.52903747558594 -1614.8690185546875
v -150.54129028320312 -198.39952087402344 -1605.6666259765625
v 36.799381256103516 -358.3641662597656 -1619.1434326171875
v 95.91558837890625 -312.9583740234375 -1612.248291015625
v -126.45472717285156 -288.4826354980469 -1613.4339599609375
v -128.5830078125 -277.98358154296875 -1610.0938720703125
v -131.4891357421875 -272.87786865234375 -1609.201904296875
v -65.51342010498047 -250.21902465820312 -1609.2718505859375
v -93.16822814941406 -248.8827362060547 -1611.6943359375
v 34.89158248901367 -243.1275177001953 -1609.212646484375
v 47.7027473449707 -241.79745483398438 -1604.308349609375
v 88.0844955444336 -232.86639404296875 -1614.600341796875
v -146.4697265625 -223.52862548828125 -1610.7740478515625
v -84.15428924560547 -332.67236328125 -1616.0811767578125
v 108.421142578125 -310.7727966308594 -1611.9820556640625
v 110.77330017089844 -307.0903625488281 -1609.2044677734375
v -131.86215209960938 -263.51806640625 -1612.1920166015625
v 114.35797882080078 -276.6643371582031 -1611.4071044921875
v -122.20144653320312 -245.07269287109375 -1610.653076171875
v 38.80464172363281 -239.60467529296875 -1612.3824462890625
v 87.3681640625 -344.9900817871094 -1611.9073486328125
v 104.50836181640625 -268.19525146484375 -1614.876953125
v 105.63398742675781 -262.85626220703125 -1611.191650390625
v -120.6428451538086 -260.1744079589844 -1615.870849609375
v -43.43302536010742 -250.52223205566406 -1611.2197265625
v -24.108667373657227 -361.73553466796875 -1601.031494140625
v 87.98113250732422 -328.8875732421875 -1611.3255615234375
v -139.22430419921875 -247.45396423339844 -1615.7850341796875
v 109.12415313720703 -230.6719207763672 -1612.5198974609375
v 6.632543563842773 -378.1148376464844 -1614.70068359375
v -5.986108779907227 -361.675537109375 -1611.9532470703125
v -135.22341918945312 -259.8471984863281 -1608.1378173828125
v -92.54827117919922 -248.82040405273438 -1607.46337890625
v 25.0777587890625 -243.38157653808594 -1610.225830078125
v -125.41161346435547 -238.9348602294922 -1603.8138427734375
v 100.1906509399414 -228.85610961914062 -1610.0206298828125
v 26.004283905029297 -374.5594482421875 -1609.1322021484375
v -97.06519317626953 -343.1012878417969 -1610.90673828125
v -93.46894073486328 -323.2608337402344 -1611.96875
v 100.82290649414062 -292.56378173828125 -1611.4632568359375
v -131.90884399414062 -261.5690002441406 -1610.370361328125
v -6.034165859222412 -249.9015350341797 -1613.321044921875
v 68.04840850830078 -240.3999481201172 -1605.9373779296875
v 41.08482360839844 -237.43325805664062 -1609.038330078125
v -19.676965713500977 -376.828857421875 -1612.884765625
v 2.1567001342773438 -361.920654296875 -1603.406005859375
v 8.849973678588867 -362.1212463378906 -1603.125244140625
v -125.02552795410156 -298.0099182128906 -1604.2486572265625
v 114.33924865722656 -285.2491760253906 -1609.78759765625
v 102.9714584350586 -280.78155517578125 -1604.8675537109375
v -132.62625122070312 -257.9184875488281 -1605.79345703125
v -137.6165313720703 -249.42813110351562 -1608.1263427734375
v -19.15106773376465 -249.56549072265625 -1607.178466796875
v 126.71229553222656 -226.95654296875 -1608.0667724609375
v -52.116424560546875 -352.4397888183594 -1613.5076904296875
v -108.01361083984375 -304.0511474609375 -1615.9251708984375
v -127.9859390258789 -288.2638854980469 -1608.0162353515625
v -115.87696838378906 -269.6461486816406 -1607.037353515625
v 60.960323333740234 -241.4578399658203 -1610.4520263671875
v 109.73089599609375 -228.06695556640625 -1606.753173828125
v 95.59247589111328 -334.33856201171875 -1614.5687255859375
v -131.12049865722656 -280.38397216796875 -1606.4544677734375
v -86.6331558227539 -246.7079620361328 -1605.2645263671875
v 25.393251419067383 -245.1284637451172 -1603.2193603515625
v 33.0221061706543 -242.01284790039062 -1605.4385986328125
v -124.94498443603516 -244.18875122070312 -1610.004638671875
v -11.503031730651855 -376.5450439453125 -1601.06103515625
v 17.25103759765625 -247.63394165039062 -1605.705810546875
v 61.330177307128906 -364.9105224609375 -1601.284912109375
v 69.52865600585938 -360.3666687011719 -1602.7916259765625
v 57.820098876953125 -350.69384765625 -1607.1456298828125
v -133.4659881591797 -265.8579406738281 -1609.0625
v -8.731886863708496 -251.07928466796875 -1603.1529541015625
v 7.198508262634277 -250.74317932128906 -1606.29931640625
v -39.979488372802734 -246.8309326171875 -1607.1015625
v -74.19876098632812 -246.71585083007812 -1603.73779296875
v -147.4617462158203 -218.9638671875 -1606.20361328125
v -38.61061096191406 -356.9795227050781 -1605.907470703125
v 92.0496826171875 -322.92022705078125 -1603.5130615234375
v 109.7796630859375 -307.6852111816406 -1602.5257568359375
v -130.87603759765625 -272.6097412109375 -1604.672607421875
v 105.59022521972656 -242.34249877929688 -1622.021240234375
v -109.14813995361328 -250.11444091796875 -1608.0206298828125
v -138.0000457763672 -244.57937622070312 -1603.203857421875
v 107.46009063720703 -225.98597717285156 -1605.205322265625
v 85.57217407226562 -347.2685241699219 -1604.8533935546875
v 66.33148193359375 -346.53424072265625 -1591.9815673828125
v -91.64983367919922 -347.821533203125 -1600.732177734375
v 79.63729858398438 -337.3326721191406 -1607.0220947265625
v -126.21605682373047 -290.71234130859375 -1606.49853515625
v -131.9243927001953 -266.6307373046875 -1603.6988525390625
v -94.13212585449219 -245.989013671875 -1602.7716064453125
v 67.59718322753906 -240.41017150878906 -1594.7513427734375
v 78.25965118408203 -237.7606658935547 -1606.1685791015625
v -143.80136108398438 -230.9997100830078 -1601.178466796875
v -149.8741455078125 -210.01953125 -1607.5211181640625
v -7.90042781829834 -363.1503601074219 -1602.7052001953125
v 80.02547454833984 -352.6911315917969 -1607.1690673828125
v -122.56124877929688 -306.1865234375 -1607.110107421875
v -127.14271545410156 -298.6597900390625 -1605.053955078125
v -114.52019500732422 -250.80587768554688 -1601.8492431640625
v -20.276281356811523 -249.0645294189453 -1603.3048095703125
v -29.95667839050293 -248.94338989257812 -1605.5911865234375
v -118.45162963867188 -246.36264038085938 -1602.7357177734375
v -88.11798858642578 -244.0071258544922 -1601.2017822265625
v 59.74721908569336 -242.4814910888672 -1604.6427001953125
v -18.794960021972656 -361.8132629394531 -1605.2940673828125
v -69.50914001464844 -343.2077331542969 -1603.4766845703125
v -111.7495346069336 -289.0860900878906 -1596.363525390625
v -128.06578063964844 -277.9427490234375 -1602.29541015625
v -109.30131530761719 -251.2735137939453 -1601.7874755859375
v -122.80677032470703 -248.7476043701172 -1601.1744384765625
v -54.027156829833984 -248.56231689453125 -1602.5250244140625
v 43.680973052978516 -242.1006622314453 -1601.84033203125
v -145.13372802734375 -222.0054473876953 -1602.57958984375
v 17.792861938476562 -376.41314697265625 -1597.87939453125
v -104.0595932006836 -336.1749572753906 -1599.345458984375
v 112.86814880371094 -299.3179016113281 -1601.1544189453125
v -136.46437072753906 -249.75604248046875 -1602.9986572265625
v -103.98824310302734 -246.34742736816406 -1609.722900390625
v 123.15756225585938 -248.97161865234375 -1596.87060546875
v 85.41776275634766 -233.3177032470703 -1598.9761962890625
v 1.8704348802566528 -377.2242736816406 -1606.2952880859375
v -64.96581268310547 -362.2925109863281 -1600.5230712890625
v -109.23507690429688 -328.4078369140625 -1605.499267578125
v -109.62683868408203 -299.1339416503906 -1604.1737060546875
v -134.21571350097656 -260.6572265625 -1600.934326171875
v -67.29116821289062 -248.2250518798828 -1601.9649658203125
v 89.47500610351562 -231.6819610595703 -1603.8519287109375
v 97.230712890625 -232.58041381835938 -1602.572021484375
v -147.2587890625 -221.50205993652344 -1596.4742431640625
v -27.26190185546875 -375.0277404785156 -1608.84912109375
v -84.11683654785156 -352.9486999511719 -1608.5391845703125
v 85.1596908569336 -348.6753845214844 -1599.8206787109375
v 70.6653060913086 -342.9685974121094 -1608.7628173828125
v -83.83091735839844 -332.900146484375 -1597.8924560546875
v 17.887971878051758 -244.4954833984375 -1602.5887451171875
v 119.91702270507812 -258.9937438964844 -1605.3966064453125
v -46.13053512573242 -367.6873779296875 -1600.9295654296875
v -76.94365692138672 -357.4203796386719 -1602.8431396484375
v -46.46299362182617 -356.8761901855469 -1608.4879150390625
v -93.4293441772461 -351.6502380371094 -1599.136474609375
v -118.08167266845703 -314.6781005859375 -1595.9073486328125
v -122.04570007324219 -306.6784973144531 -1588.807373046875
v -130.42738342285156 -277.2302551269531 -1600.6492919921875
v -131.85606384277344 -268.6686706542969 -1599.9041748046875
v -14.278047561645508 -250.11497497558594 -1600.409423828125
v -118.50939178466797 -250.3251190185547 -1597.728271484375
v -101.63900756835938 -247.7900848388672 -1600.9637451171875
v 126.98880004882812 -229.38589477539062 -1601.4259033203125
v 30.660507202148438 -359.106201171875 -1601.3690185546875
v 114.54949188232422 -289.04302978515625 -1599.6065673828125
v -129.21258544921875 -286.149169921875 -1599.0838623046875
v -121.06373596191406 -250.6857147216797 -1592.4837646484375
v -41.90380096435547 -247.4854278564453 -1598.85205078125
v 38.341270446777344 -239.6057891845703 -1602.2120361328125
v 78.15221405029297 -237.34176635742188 -1598.6650390625
v 36.80141830444336 -372.7987365722656 -1598.481689453125
v -84.38009643554688 -353.1939392089844 -1594.5540771484375
v 95.87060546875 -312.9183654785156 -1593.320068359375
v -127.32038116455078 -292.2132263183594 -1597.952392578125
v -138.21644592285156 -246.36976623535156 -1597.37939453125
v 55.40525436401367 -242.57481384277344 -1597.2330322265625
v 110.67027282714844 -231.0200653076172 -1601.95361328125
v -5.573358535766602 -377.57025146484375 -1598.8963623046875
v -42.54299545288086 -355.8435363769531 -1597.116943359375
v -94.19175720214844 -345.98583984375 -1596.5736083984375
v 105.0368881225586 -320.333984375 -1608.6324462890625
v -128.3941192626953 -271.4084777832031 -1596.5460205078125
v 5.252085208892822 -248.81890869140625 -1600.0096435546875
v -140.96246337890625 -238.6488037109375 -1597.3060302734375
v 104.46588897705078 -232.11392211914062 -1594.731201171875
v 76.2393798828125 -356.5246276855469 -1591.3853759765625
v -51.346195220947266 -352.7043151855469 -1601.003173828125
v -86.56517028808594 -351.79351806640625 -1600.8892822265625
v -109.813232421875 -297.1999206542969 -1594.964599609375
v 108.63636016845703 -241.67568969726562 -1601.0059814453125
v 22.90802764892578 -242.56434631347656 -1592.4365234375
v 109.95990753173828 -229.2509307861328 -1597.2076416015625
v 109.66336822509766 -310.7864074707031 -1595.869384765625
v -125.0237808227539 -292.7933349609375 -1596.770751953125
v 99.38456726074219 -301.264892578125 -1601.1717529296875
v 105.55821990966797 -256.2935791015625 -1599.84814453125
v 14.5194730758667 -248.247314453125 -1595.75830078125
v 22.992124557495117 -243.6035614013672 -1596.454833984375
v 43.67921447753906 -243.8065185546875 -1598.1180419921875
v 33.44800567626953 -244.2852020263672 -1592.040771484375
v 29.639297485351562 -241.589111328125 -1599.064697265625
v -147.03338623046875 -219.89585876464844 -1591.929443359375
v -28.5181827545166 -372.63250732421875 -1585.6082763671875
v -56.32068634033203 -351.5979309082031 -1598.7349853515625
v 79.30326843261719 -337.6000061035156 -1596.5601806640625
v -134.86351013183594 -248.55873107910156 -1593.237548828125
v -6.832059383392334 -249.18528747558594 -1594.5765380859375
v -80.65168762207031 -242.23260498046875 -1599.482666015625
v -20.078250885009766 -374.9486083984375 -1593.095458984375
v 22.50606346130371 -360.46051025390625 -1602.583251953125
v -35.72067642211914 -359.02105712890625 -1600.1363525390625
v -126.95978546142578 -275.18597412109375 -1596.7283935546875
v -116.04808044433594 -262.7549743652344 -1591.01025390625
v -109.9800033569336 -249.77674865722656 -1594.1751708984375
v -14.095260620117188 -250.01248168945312 -1593.2613525390625
v -4.6326494216918945 -361.8979187011719 -1591.109375
v -96.16471099853516 -351.2835388183594 -1596.1256103515625
v -94.28639221191406 -322.4255065917969 -1595.916259765625
v 116.08162689208984 -282.0406799316406 -1600.9261474609375
v 117.84160614013672 -271.6611633300781 -1591.6865234375
v -129.65321350097656 -260.996337890625 -1595.530517578125
v -74.14459991455078 -242.4851837158203 -1598.3189697265625
v -141.6963653564453 -236.88265991210938 -1591.5887451171875
v 3.2147679328918457 -378.2877197265625 -1592.401123046875
v -40.06009292602539 -371.00616455078125 -1599.3931884765625
v -93.67078399658203 -354.49896240234375 -1596.0223388671875
v -92.9934310913086 -347.2017822265625 -1591.6627197265625
v 90.71676635742188 -343.2581481933594 -1591.6337890625
v 101.7538833618164 -328.8122863769531 -1597.9571533203125
v -124.75248718261719 -297.07550048828125 -1589.494384765625
v 113.96446228027344 -287.6437072753906 -1591.7257080078125
v 9.325363159179688 -248.7987060546875 -1591.9754638671875
v -52.84253692626953 -244.3907928466797 -1600.302978515625
v 100.53099822998047 -229.69723510742188 -1598.5712890625
v 3.164182424545288 -361.80804443359375 -1589.2496337890625
v -99.43944549560547 -316.2802734375 -1600.3017578125
v -127.23995971679688 -268.50628662109375 -1591.8585205078125
v 1.1778268814086914 -246.98887634277344 -1594.3134765625
v -74.63603973388672 -243.98025512695312 -1588.818115234375
v 16.893632888793945 -243.40750122070312 -1591.25927734375
v 12.944700241088867 -377.853271484375 -1595.9754638671875
v -54.079505920410156 -367.29217529296875 -1596.2049560546875
v -67.19206237792969 -345.317138671875 -1597.1866455078125
v 91.9825668334961 -321.6346130371094 -1590.89892578125
v -103.30131530761719 -311.075439453125 -1597.572265625
v 104.54061126708984 -269.8887939453125 -1606.5755615234375
v -66.24394989013672 -244.5773468017578 -1597.3262939453125
v 125.87198638916016 -242.00576782226562 -1590.7523193359375
v 80.28919219970703 -233.24359130859375 -1592.026123046875
v 110.71638488769531 -235.71820068359375 -1595.34228515625
v -149.90762329101562 -198.97927856445312 -1592.3720703125
v 37.55778121948242 -358.57586669921875 -1606.994384765625
v 88.19969940185547 -328.7774658203125 -1601.7939453125
v 104.77842712402344 -323.6616516113281 -1593.5673828125
v 108.51300048828125 -314.2293701171875 -1590.6092529296875
v 112.78919219970703 -295.8732604980469 -1592.3900146484375
v -124.86652374267578 -291.0128173828125 -1593.3321533203125
v -125.76900482177734 -274.23199462890625 -1590.68359375
v -103.52384948730469 -251.51011657714844 -1590.7606201171875
v -26.81711769104004 -249.5937957763672 -1592.365966796875
v -86.3246078491211 -244.27700805664062 -1592.9459228515625
v 94.65621948242188 -338.1805114746094 -1595.0013427734375
v 83.66663360595703 -333.6924133300781 -1577.46142578125
v -3.705394983291626 -248.91050720214844 -1589.47314453125
v 92.78935241699219 -233.0282745361328 -1595.63134765625
v -149.62982177734375 -197.09036254882812 -1585.791015625
v -7.73637056350708 -377.542724609375 -1580.866455078125
v -19.322973251342773 -362.1278076171875 -1592.1595458984375
v -113.57715606689453 -321.6571960449219 -1586.837646484375
v -96.13150787353516 -245.70022583007812 -1590.5628662109375
v 23.281587600708008 -244.07168579101562 -1587.828857421875
v 55.56488800048828 -367.84820556640625 -1591.533447265625
v -60.78781509399414 -363.6139831542969 -1582.2337646484375
v -56.37604522705078 -351.1474304199219 -1588.6339111328125
v -79.53743743896484 -335.91778564453125 -1594.271240234375
v -125.95829010009766 -286.76910400390625 -1592.8170166015625
v 61.399742126464844 -240.71067810058594 -1590.3511962890625
v -149.4376220703125 -206.96571350097656 -1598.81396484375
v -26.1983585357666 -361.2161865234375 -1591.8890380859375
v -125.97101593017578 -285.757568359375 -1587.4910888671875
v -52.97856521606445 -245.48184204101562 -1589.8919677734375
v -88.17137908935547 -242.5731201171875 -1585.9034423828125
v -142.833984375 -238.31588745117188 -1587.5274658203125
v 80.77714538574219 -233.3546905517578 -1587.54638671875
v 37.675445556640625 -375.598876953125 -1588.602783203125
v -98.74310302734375 -317.01043701171875 -1575.64404296875
v 117.18427276611328 -275.05303955078125 -1586.2008056640625
v -126.5510482788086 -273.3795166015625 -1587.9027099609375
v -129.08297729492188 -259.4630126953125 -1589.416015625
v 2.0408406257629395 -247.1923828125 -1583.19287109375
v 43.71945571899414 -244.0732879638672 -1588.98193359375
v 129.0975799560547 -228.72512817382812 -1590.0068359375
v 26.378990173339844 -374.85272216796875 -1589.2965087890625
v -99.8926010131836 -340.37738037109375 -1586.134521484375
v -73.96875 -339.8963317871094 -1591.5430908203125
v 4.135406970977783 -249.518798828125 -1588.4642333984375
v 107.7468490600586 -247.68714904785156 -1585.983642578125
v -16.407461166381836 -248.6678466796875 -1588.171630859375
v 69.98757934570312 -236.69020080566406 -1587.2242431640625
v 14.046156883239746 -361.302978515625 -1595.3953857421875
v 67.82622528076172 -361.74237060546875 -1581.3548583984375
v 118.87523651123047 -266.6235656738281 -1591.3101806640625
v -49.325008392333984 -353.6031799316406 -1583.8780517578125
v -93.5770263671875 -322.1090087890625 -1590.820068359375
v 120.41065216064453 -262.0308837890625 -1584.0325927734375
v -7.37578010559082 -249.2880096435547 -1587.489990234375
v -122.09722900390625 -245.6857147216797 -1581.57177734375
v -33.01726531982422 -248.5596160888672 -1587.5623779296875
v -107.86486053466797 -244.2589111328125 -1582.8642578125
v -62.56007385253906 -245.42977905273438 -1587.220703125
v 109.3882064819336 -233.52133178710938 -1584.7677001953125
v 43.05351257324219 -376.08056640625 -1586.312744140625
v -8.495766639709473 -361.861328125 -1580.921142578125
v 105.50433349609375 -263.86602783203125 -1593.4693603515625
v -99.40380096435547 -246.77919006347656 -1579.82080078125
v -82.93124389648438 -245.833740234375 -1586.5328369140625
v -94.57452392578125 -244.0945587158203 -1581.420166015625
v -145.44473266601562 -219.3859100341797 -1583.557373046875
v -35.735198974609375 -358.8357238769531 -1587.91357421875
v 113.70325469970703 -296.5435485839844 -1582.5693359375
v 99.95787048339844 -297.0137023925781 -1588.49560546875
v -127.53604125976562 -286.9510498046875 -1584.630859375
v -131.16586303710938 -268.0530700683594 -1581.985595703125
v -41.434322357177734 -247.5926055908203 -1578.0391845703125
v -43.397212982177734 -245.43617248535156 -1582.77392578125
v 13.547513961791992 -242.86082458496094 -1583.860595703125
v 72.55066680908203 -233.8467254638672 -1581.43359375
v -149.29888916015625 -205.70822143554688 -1582.001708984375
v 97.59264373779297 -311.09881591796875 -1577.848876953125
v -113.6842269897461 -272.16021728515625 -1590.2528076171875
v -127.90209197998047 -275.69219970703125 -1584.0491943359375
v -15.075526237487793 -245.9080810546875 -1582.573486328125
v 108.94975280761719 -242.5601806640625 -1583.1273193359375
v -138.6942901611328 -241.56224060058594 -1588.32568359375
v 40.77299499511719 -375.71343994140625 -1581.3358154296875
v 51.12518310546875 -369.8201904296875 -1582.1798095703125
v 20.695077896118164 -359.92901611328125 -1577.185546875
v 71.09391784667969 -343.718994140625 -1588.154052734375
v -108.81990814208984 -299.8551940917969 -1579.7752685546875
v 117.39904022216797 -278.7251281738281 -1581.703857421875
v -135.30233764648438 -250.78285217285156 -1585.9532470703125
v -26.729270935058594 -247.39913940429688 -1582.736083984375
v -105.02720642089844 -248.8604736328125 -1584.490966796875
v -3.316120147705078 -248.26019287109375 -1579.977783203125
v -140.53797912597656 -243.99684143066406 -1585.5406494140625
v -114.55308532714844 -250.96961975097656 -1587.949951171875
v 4.263982772827148 -242.72225952148438 -1581.0694580078125
v -146.7222900390625 -215.83799743652344 -1577.940673828125
v 2.2787370681762695 -378.0714416503906 -1586.2347412109375
v 4.852095603942871 -376.7491149902344 -1582.51123046875
v 11.737032890319824 -376.856201171875 -1585.27587890625
v -109.03443145751953 -327.49285888671875 -1581.6727294921875
v -132.21104431152344 -261.0564270019531 -1580.582275390625
v -135.9878387451172 -249.7613525390625 -1578.113525390625
v -55.31721115112305 -245.99476623535156 -1581.8887939453125
v -50.091346740722656 -244.53436279296875 -1584.03564453125
v -135.6428985595703 -246.13800048828125 -1580.18798828125
v 65.20060729980469 -239.33346557617188 -1584.6103515625
v 58.33710479736328 -240.89349365234375 -1580.65478515625
v 86.36409759521484 -235.76492309570312 -1585.119140625
v 93.63543701171875 -233.62307739257812 -1586.2119140625
v 89.74232482910156 -325.820068359375 -1579.97802734375
v -47.9541015625 -247.2930145263672 -1578.5428466796875
v 127.32271575927734 -239.01646423339844 -1579.273193359375
v -148.5529327392578 -214.3974151611328 -1582.4669189453125
v -2.194917917251587 -377.7779846191406 -1580.924072265625
v -85.186279296875 -352.7493896484375 -1590.74658203125
v -56.820796966552734 -348.626953125 -1574.3812255859375
v -65.38568115234375 -246.7528533935547 -1581.9556884765625
v -83.50788116455078 -242.984619140625 -1578.83056640625
v 35.62723159790039 -243.79449462890625 -1578.171875
v -142.5899200439453 -234.9163818359375 -1580.4215087890625
v 85.64478302001953 -234.53602600097656 -1576.373291015625
v -148.58656311035156 -200.99981689453125 -1578.4908447265625
v 15.92871379852295 -377.5486755371094 -1585.9400634765625
v -47.38784408569336 -366.3941345214844 -1580.1319580078125
v 1.7032926082611084 -360.0576171875 -1580.388427734375
v -42.48126983642578 -355.9719543457031 -1589.532470703125
v 82.0094985961914 -352.1337585449219 -1585.5753173828125
v -96.23251342773438 -342.8026123046875 -1578.901123046875
v -124.92464447021484 -289.0748596191406 -1582.9161376953125
v 101.43923950195312 -285.88812255859375 -1583.4976806640625
v -138.1304168701172 -250.70106506347656 -1577.090576171875
v -75.73164367675781 -244.87355041503906 -1579.963623046875
v -69.4041976928711 -244.79078674316406 -1579.5703125
v 104.65987396240234 -236.7755584716797 -1581.9571533203125
v 44.34400177001953 -370.19970703125 -1575.4954833984375
v -72.65755462646484 -359.35992431640625 -1585.343994140625
v 96.95452880859375 -336.6911926269531 -1581.6103515625
v -128.5935821533203 -271.2669372558594 -1578.560302734375
v -32.494632720947266 -245.46026611328125 -1575.4439697265625
v 19.694955825805664 -245.482177734375 -1579.8768310546875
v 110.5836181640625 -235.4418182373047 -1585.3197021484375
v -124.18726348876953 -238.93922424316406 -1579.5701904296875
v -11.834312438964844 -377.3649597167969 -1584.729736328125
v 51.731239318847656 -370.7158203125 -1573.8935546875
v 46.98545837402344 -356.1435241699219 -1587.59765625
v -89.34898376464844 -349.672119140625 -1589.1026611328125
v -66.15162658691406 -343.52337646484375 -1570.6561279296875
v 99.67072296142578 -303.7735900878906 -1570.9212646484375
v -126.20924377441406 -285.0954284667969 -1579.894775390625
v 122.36750030517578 -257.7883605957031 -1579.0615234375
v 8.838983535766602 -245.09747314453125 -1576.0196533203125
v -102.19743347167969 -245.5815887451172 -1577.2789306640625
v -29.710124969482422 -359.5699768066406 -1588.3740234375
v -45.288700103759766 -355.309814453125 -1573.872802734375
v 88.63800048828125 -345.837890625 -1576.4013671875
v -89.74222564697266 -325.88153076171875 -1584.700439453125
v 103.22689056396484 -275.0438232421875 -1579.4637451171875
v -133.02708435058594 -261.6129150390625 -1577.1043701171875
v -68.38174438476562 -244.12295532226562 -1573.2412109375
v -113.38426971435547 -244.95010375976562 -1580.2257080078125
v -115.78302001953125 -238.6678466796875 -1575.4298095703125
v -107.284912109375 -235.18162536621094 -1574.0396728515625
v 0.6218136548995972 -376.82257080078125 -1576.7384033203125
v -9.182605743408203 -360.81842041015625 -1576.481689453125
v 106.88848876953125 -319.91790771484375 -1573.8154296875
v 117.72222137451172 -271.7152099609375 -1571.9317626953125
v -135.06124877929688 -253.94451904296875 -1579.088134765625
v 30.61249542236328 -242.82286071777344 -1573.3294677734375
v -144.45123291015625 -229.1939239501953 -1578.9901123046875
v -148.6730194091797 -208.77365112304688 -1575.1925048828125
v -4.736170768737793 -383.70068359375 -1578.4578857421875
v 37.05900573730469 -375.96478271484375 -1582.870849609375
v -73.56681060791016 -357.979736328125 -1576.0321044921875
v 90.85224914550781 -342.6824951171875 -1572.6705322265625
v -128.9579315185547 -277.5849609375 -1576.5281982421875
v -7.142628192901611 -242.6436004638672 -1573.5826416015625
v -60.951499938964844 -243.87298583984375 -1575.375732421875
v 95.3648681640625 -238.07623291015625 -1579.3916015625
v 110.35796356201172 -233.3678436279297 -1575.726318359375
v 129.26382446289062 -229.10150146484375 -1577.6181640625
v -4.326305866241455 -384.7163391113281 -1575.525146484375
v -31.18832015991211 -369.7908935546875 -1569.34521484375
v -23.4462833404541 -245.95823669433594 -1569.6832275390625
v -79.52394104003906 -243.21652221679688 -1573.3868408203125
v -91.53941345214844 -242.15113830566406 -1575.628173828125
v 46.73627853393555 -239.3533935546875 -1570.623779296875
v 52.025020599365234 -241.7232208251953 -1579.521484375
v -101.41525268554688 -239.42457580566406 -1574.094482421875
v -139.06336975097656 -237.88250732421875 -1570.3365478515625
v 129.71429443359375 -225.88914489746094 -1575.6248779296875
v -12.457232475280762 -376.6067810058594 -1573.6363525390625
v 61.43675994873047 -348.987060546875 -1566.6185302734375
v -93.45709228515625 -322.3429870605469 -1575.6640625
v -118.06515502929688 -314.2636413574219 -1572.6849365234375
v -130.7984619140625 -265.451416015625 -1574.1990966796875
v -133.7000732421875 -263.234375 -1571.2730712890625
v -135.57130432128906 -261.10552978515625 -1573.469970703125
v 104.90192413330078 -262.65020751953125 -1572.7381591796875
v 123.5801010131836 -251.95303344726562 -1575.3199462890625
v -15.228755950927734 -247.20364379882812 -1576.4967041015625
v -1.6201698780059814 -242.6706085205078 -1576.228515625
v 108.96685028076172 -232.8401336669922 -1576.5755615234375
v -148.92041015625 -199.3871307373047 -1573.7308349609375
v 52.68085861206055 -354.1805114746094 -1579.79541015625
v -125.11619567871094 -289.09027099609375 -1576.7459716796875
v 103.07286834716797 -268.1386413574219 -1568.74267578125
v -136.60829162597656 -248.79193115234375 -1572.83837890625
v 109.46490478515625 -230.76870727539062 -1571.3017578125
v 10.944206237792969 -376.6925964355469 -1576.8720703125
v -33.272705078125 -357.466064453125 -1571.574462890625
v -125.08969116210938 -285.99420166015625 -1573.86572265625
v 116.10092163085938 -282.59222412109375 -1575.468505859375
v 15.836289405822754 -242.7289276123047 -1570.3056640625
v -140.54783630371094 -239.82125854492188 -1576.4876708984375
v 96.49983978271484 -239.00576782226562 -1573.1053466796875
v -147.2384490966797 -217.48681640625 -1573.047607421875
v 58.355430603027344 -365.5634460449219 -1559.057373046875
v -8.881584167480469 -360.9018249511719 -1569.7698974609375
v 39.30821228027344 -357.4296875 -1577.189453125
v 78.35382080078125 -354.35833740234375 -1579.7762451171875
v -99.03507995605469 -242.8482666015625 -1573.593994140625
v -145.93235778808594 -222.3123321533203 -1574.4268798828125
v 7.268425464630127 -375.5902404785156 -1569.213134765625
v 44.07476043701172 -372.5027160644531 -1571.4625244140625
v -37.586517333984375 -369.1870422363281 -1578.791259765625
v 50.469566345214844 -368.49737548828125 -1574.4730224609375
v 75.9186019897461 -339.7575378417969 -1570.345947265625
v -106.12846374511719 -330.4783935546875 -1571.8753662109375
v -111.3492431640625 -323.0013427734375 -1568.7225341796875
v -124.71844482421875 -296.71844482421875 -1576.9012451171875
v -129.6621856689453 -287.609130859375 -1573.5731201171875
v -127.36656951904297 -280.9569396972656 -1568.9876708984375
v -115.19658660888672 -265.5735168457031 -1581.6197509765625
v -48.92904281616211 -246.32974243164062 -1573.104736328125
v -61.84803771972656 -245.5377197265625 -1570.1881103515625
v -93.51593780517578 -244.25149536132812 -1572.6104736328125
v -14.336935997009277 -244.9546661376953 -1572.18212890625
v -113.87895202636719 -238.72471618652344 -1566.0830078125
v -124.2610092163086 -239.66661071777344 -1576.0233154296875
v -145.25732421875 -219.4769744873047 -1572.496337890625
v -5.218766212463379 -376.6272888183594 -1571.705810546875
v -20.525068283081055 -375.2320251464844 -1576.2977294921875
v 23.804332733154297 -373.40228271484375 -1574.2340087890625
v 13.170624732971191 -359.1424560546875 -1575.1490478515625
v -17.48027992248535 -359.890380859375 -1570.39404296875
v -88.11775970458984 -325.67462158203125 -1566.4273681640625
v 94.85227966308594 -317.87542724609375 -1569.0125732421875
v -104.44623565673828 -308.6546936035156 -1571.103271484375
v -129.94686889648438 -272.20367431640625 -1572.9957275390625
v 126.75482177734375 -243.70655822753906 -1573.7794189453125
v 128.3100128173828 -241.92462158203125 -1565.9051513671875
v -111.35106658935547 -239.55421447753906 -1571.2584228515625
v 93.52440643310547 -237.2327423095703 -1568.9097900390625
v 101.55477142333984 -291.989013671875 -1569.679443359375
v 110.20994567871094 -244.6149444580078 -1570.901123046875
v -29.88509178161621 -243.91671752929688 -1569.351318359375
v -121.37583923339844 -247.334716796875 -1574.0225830078125
v 76.3502197265625 -234.44821166992188 -1576.2998046875
v 14.633825302124023 -357.6783142089844 -1559.2459716796875
v -96.90357208251953 -317.40167236328125 -1565.5869140625
v -133.9237518310547 -260.0024108886719 -1564.1907958984375
v -136.0528106689453 -256.64556884765625 -1568.0601806640625
v -141.76412963867188 -243.2949981689453 -1571.88671875
v -4.971621513366699 -242.15797424316406 -1569.407470703125
v -136.35386657714844 -245.61386108398438 -1567.1883544921875
v -103.98841857910156 -241.959716796875 -1569.5322265625
v -13.00615119934082 -239.685546875 -1569.1514892578125
v 64.41553497314453 -233.25205993652344 -1575.361083984375
v -146.63516235351562 -222.7228240966797 -1570.7332763671875
v -21.00396728515625 -359.2890930175781 -1568.7633056640625
v 8.302018165588379 -360.030029296875 -1576.0235595703125
v -82.83856964111328 -352.132568359375 -1571.74755859375
v -78.59854125976562 -335.2087097167969 -1573.61767578125
v 84.463623046875 -332.3799743652344 -1567.1351318359375
v 109.68889617919922 -312.3936767578125 -1574.119384765625
v -117.3707504272461 -261.2810974121094 -1569.4808349609375
v -38.22113037109375 -246.4795379638672 -1569.484375
v -88.58992004394531 -245.45237731933594 -1565.690673828125
v -98.83216094970703 -244.14015197753906 -1568.805419921875
v -143.09271240234375 -232.3748321533203 -1570.25341796875
v -1.3025254011154175 -358.8439025878906 -1566.32275390625
v 67.49695587158203 -345.51861572265625 -1569.302978515625
v -91.08668518066406 -323.7411804199219 -1569.752685546875
v 97.8395004272461 -310.95465087890625 -1568.1314697265625
v -111.72195434570312 -288.9951477050781 -1576.9603271484375
v -56.70484924316406 -244.45933532714844 -1569.8970947265625
v 35.244564056396484 -371.10894775390625 -1561.4219970703125
v 58.41200637817383 -366.3106689453125 -1573.338134765625
v -88.9770736694336 -347.7825622558594 -1572.338134765625
v -101.78795623779297 -335.1217956542969 -1571.5692138671875
v 102.34063720703125 -328.4742126464844 -1575.022705078125
v -81.28291320800781 -246.16168212890625 -1567.1231689453125
v -44.737789154052734 -244.0868377685547 -1568.162353515625
v 8.143579483032227 -242.70042419433594 -1568.8583984375
v -76.74504852294922 -242.67428588867188 -1565.7950439453125
v -54.125144958496094 -242.397216796875 -1566.298583984375
v 44.1647834777832 -237.5600128173828 -1565.58349609375
v 110.27275848388672 -241.53553771972656 -1559.2569580078125
v 56.082576751708984 -235.08607482910156 -1568.0916748046875
v 130.0117950439453 -229.6679229736328 -1569.812744140625
v -15.259029388427734 -375.3110656738281 -1568.6025390625
v 47.90260314941406 -368.8081359863281 -1565.4139404296875
v 76.0455551147461 -356.1704406738281 -1574.47216796875
v 110.3158950805664 -309.3057556152344 -1563.7064208984375
v 113.36668395996094 -291.8115234375 -1569.3343505859375
v -124.9615478515625 -294.2809753417969 -1566.296630859375
v 122.1294174194336 -262.13818359375 -1569.92626953125
v -140.58787536621094 -240.65699768066406 -1565.60595703125
v 87.2993392944336 -238.06390380859375 -1570.151611328125
v 82.40392303466797 -234.75405883789062 -1571.061767578125
v 104.61805725097656 -230.59056091308594 -1566.2587890625
v 14.983524322509766 -372.86334228515625 -1561.64794921875
v -61.11238098144531 -345.2032775878906 -1561.9267578125
v -138.5436553955078 -250.15863037109375 -1566.174560546875
v -69.9373779296875 -244.52149963378906 -1567.636962890625
v -5.9263505935668945 -376.8382568359375 -1566.4949951171875
v 8.90722370147705 -358.4269104003906 -1563.0450439453125
v -95.4979248046875 -339.51007080078125 -1564.554931640625
v -122.89190673828125 -304.13885498046875 -1572.6390380859375
v 114.13973236083984 -295.2291564941406 -1564.59814453125
v 114.6183853149414 -285.4208068847656 -1570.312255859375
v -129.6802215576172 -278.4586486816406 -1566.58935546875
v -130.68235778808594 -274.5316162109375 -1561.0970458984375
v -102.21678924560547 -242.2296905517578 -1563.71435546875
v -23.247333526611328 -238.26698303222656 -1563.0133056640625
v -22.24842643737793 -358.16162109375 -1564.3603515625
v -68.31529998779297 -243.2476348876953 -1563.1197509765625
v -43.46175003051758 -242.85589599609375 -1564.3448486328125
v -109.36767578125 -242.2046356201172 -1566.258056640625
v 81.5717544555664 -237.1147918701172 -1559.3846435546875
v 103.68951416015625 -236.33016967773438 -1571.39599609375
v 57.377952575683594 -232.50067138671875 -1565.6484375
v -147.83424377441406 -198.33462524414062 -1560.28076171875
v -148.75413513183594 -196.71926879882812 -1563.7694091796875
v -6.570116996765137 -374.32177734375 -1556.1383056640625
v 59.24162673950195 -365.9526062011719 -1555.1590576171875
v -61.012672424316406 -244.91062927246094 -1565.9742431640625
v 12.794524192810059 -242.22808837890625 -1561.339111328125
v -52.34227752685547 -241.99270629882812 -1562.0440673828125
v 97.78019714355469 -230.86109924316406 -1560.9886474609375
v -23.49234390258789 -373.66217041015625 -1567.360107421875
v 103.87797546386719 -325.0429992675781 -1556.5030517578125
v -124.22213745117188 -299.72027587890625 -1553.8577880859375
v -75.77220153808594 -239.91360473632812 -1563.4869384765625
v -34.75302505493164 -241.48301696777344 -1565.358642578125
v -122.78726959228516 -237.41531372070312 -1566.8824462890625
v 61.18333053588867 -232.45864868164062 -1562.4864501953125
v -148.40567016601562 -202.63218688964844 -1565.85400390625
v 2.215628147125244 -374.47882080078125 -1560.866455078125
v 58.64039611816406 -364.96600341796875 -1563.54052734375
v 66.70378112792969 -360.68280029296875 -1552.2288818359375
v -105.91162109375 -329.0925598144531 -1561.74853515625
v 122.10295867919922 -259.6985168457031 -1564.338623046875
v -10.69743537902832 -240.95504760742188 -1563.901123046875
v 73.73609161376953 -232.54592895507812 -1563.5682373046875
v -147.27584838867188 -213.78125 -1568.1102294921875
v -68.21028137207031 -357.2083435058594 -1562.1556396484375
v 72.77791595458984 -341.8434143066406 -1561.8902587890625
v 92.34211730957031 -321.733154296875 -1563.3861083984375
v 108.03144073486328 -316.62823486328125 -1560.5576171875
v -107.95158386230469 -301.40887451171875 -1567.39013671875
v -18.47931480407715 -239.69744873046875 -1564.7705078125
v -61.790767669677734 -243.43226623535156 -1563.9989013671875
v -60.83789825439453 -234.42796325683594 -1559.667724609375
v 97.96021270751953 -228.78042602539062 -1560.150390625
v -6.605145454406738 -359.7847595214844 -1560.87890625
v -125.62893676757812 -285.18792724609375 -1561.801025390625
v 91.18733215332031 -238.2565460205078 -1563.88916015625
v 50.300514221191406 -233.60325622558594 -1563.56640625
v -33.47353744506836 -234.7296905517578 -1562.4583740234375
v 73.27252197265625 -357.8581237792969 -1559.9837646484375
v 18.89865493774414 -240.49188232421875 -1559.518310546875
v -57.99287796020508 -241.64732360839844 -1560.496337890625
v 41.5106201171875 -235.86692810058594 -1559.6644287109375
v 55.51887512207031 -234.14517211914062 -1560.235595703125
v 55.111106872558594 -368.9334411621094 -1566.3076171875
v -135.1102294921875 -250.91481018066406 -1563.279296875
v -136.25506591796875 -254.99725341796875 -1561.4580078125
v -137.2904510498047 -246.24942016601562 -1564.7979736328125
v -66.38399505615234 -241.08859252929688 -1559.8240966796875
v 71.03892517089844 -230.5915069580078 -1559.1337890625
v 26.917343139648438 -370.8695373535156 -1557.8173828125
v -86.06209564208984 -326.77484130859375 -1559.1614990234375
v 116.9844970703125 -282.55816650390625 -1563.949951171875
v -78.61653900146484 -245.94976806640625 -1557.959716796875
v -0.3879437744617462 -241.57423400878906 -1560.5596923828125
v -14.909738540649414 -239.93807983398438 -1560.7596435546875
v 38.25699996948242 -237.69078063964844 -1561.13037109375
v 27.23929786682129 -236.72848510742188 -1555.2882080078125
v -146.1226806640625 -216.19940185546875 -1559.49365234375
v -91.34149169921875 -342.3913269042969 -1561.010498046875
v 100.6489028930664 -302.45513916015625 -1559.267822265625
v -137.18919372558594 -250.8807830810547 -1557.3377685546875
v 11.361330032348633 -241.33741760253906 -1559.3438720703125
v -122.07791137695312 -237.38229370117188 -1556.309814453125
v -25.642601013183594 -236.82083129882812 -1558.3624267578125
v -140.03793334960938 -238.9181671142578 -1559.5186767578125
v 97.8161392211914 -310.75189208984375 -1558.538330078125
v 124.79547882080078 -255.126953125 -1558.289306640625
v -116.7706069946289 -237.0145721435547 -1554.9686279296875
v -39.26978302001953 -236.52569580078125 -1560.8909912109375
v -143.2266082763672 -235.9077911376953 -1558.8804931640625
v 94.38912200927734 -234.52447509765625 -1558.943603515625
v 130.1818084716797 -225.90785217285156 -1562.25390625
v -94.12712860107422 -244.6900634765625 -1561.018310546875
v -68.69935607910156 -242.13194274902344 -1554.0267333984375
v 17.183969497680664 -236.9366455078125 -1555.862548828125
v -31.321029663085938 -233.0540771484375 -1557.4677734375
v 28.676733016967773 -357.7618713378906 -1569.4910888671875
v 79.19523620605469 -351.004150390625 -1548.296630859375
v -66.40947723388672 -339.7419738769531 -1552.0684814453125
v -101.01434326171875 -334.0482177734375 -1555.7210693359375
v -103.72265625 -307.6846008300781 -1557.5009765625
v -129.43223571777344 -285.8171691894531 -1553.6734619140625
v -120.97374725341797 -252.7521514892578 -1554.587890625
v 0.5057935118675232 -247.7536163330078 -1554.7457275390625
v -5.747137069702148 -243.61727905273438 -1554.2877197265625
v -97.55996704101562 -243.0941619873047 -1556.2471923828125
v -124.37007141113281 -238.740966796875 -1557.6343994140625
v 24.019472122192383 -240.4763641357422 -1558.401611328125
v -56.19105911254883 -236.01927185058594 -1557.6290283203125
v 31.915699005126953 -234.61566162109375 -1555.6502685546875
v 62.167442321777344 -233.3424530029297 -1558.8270263671875
v -139.1717529296875 -235.4534454345703 -1552.565185546875
v -145.16494750976562 -224.4104461669922 -1558.6766357421875
v -79.14414978027344 -350.48956298828125 -1558.713134765625
v 115.03325653076172 -291.6421203613281 -1560.3720703125
v -125.29359436035156 -294.3218078613281 -1559.44482421875
v -117.46923065185547 -267.6361999511719 -1546.40966796875
v -136.7950439453125 -256.84576416015625 -1557.1610107421875
v -87.98573303222656 -249.3765869140625 -1558.7877197265625
v -138.8681182861328 -243.48379516601562 -1556.420166015625
v 106.23551177978516 -237.46119689941406 -1560.1263427734375
v -106.08425903320312 -241.1278533935547 -1556.864990234375
v 44.27884292602539 -234.7727813720703 -1555.6805419921875
v -145.5265655517578 -214.23098754882812 -1554.1661376953125
v 16.51500701904297 -371.4802551269531 -1552.9320068359375
v -40.57634353637695 -365.0576477050781 -1554.0938720703125
v -55.783782958984375 -363.6094055175781 -1572.2275390625
v -8.031569480895996 -239.90878295898438 -1558.2490234375
v -47.471160888671875 -239.433349609375 -1559.005859375
v 53.307613372802734 -233.2894287109375 -1556.6634521484375
v 0.9319248795509338 -371.9728698730469 -1548.882568359375
v -19.499454498291016 -372.09765625 -1556.0435791015625
v 3.995974540710449 -356.4948425292969 -1553.9462890625
v 88.9712142944336 -344.50372314453125 -1562.02001953125
v 93.23775482177734 -316.80218505859375 -1548.7574462890625
v 113.71800994873047 -300.27197265625 -1555.5496826171875
v -111.20387268066406 -293.3482360839844 -1556.1361083984375
v 103.39336395263672 -280.4112854003906 -1560.4886474609375
v -93.21432495117188 -248.445068359375 -1555.3170166015625
v -140.51644897460938 -245.16529846191406 -1552.2305908203125
v 10.240939140319824 -245.81629943847656 -1555.3048095703125
v 49.38400650024414 -241.28224182128906 -1551.953125
v 64.72267150878906 -234.49310302734375 -1555.0997314453125
v 86.26884460449219 -235.69967651367188 -1555.941650390625
v 37.15777587890625 -353.6926574707031 -1548.1287841796875
v -51.34777069091797 -349.1340026855469 -1563.7120361328125
v 55.398765563964844 -348.8851318359375 -1540.627197265625
v -112.96147918701172 -286.228515625 -1559.1739501953125
v 119.29573822021484 -272.2038879394531 -1557.5357666015625
v 102.80986022949219 -269.8843688964844 -1554.3394775390625
v 32.679012298583984 -245.94618225097656 -1552.6583251953125
v -14.36990737915039 -244.3166046142578 -1553.6856689453125
v 52.73793411254883 -238.9958038330078 -1553.3681640625
v 98.61349487304688 -237.73260498046875 -1549.855712890625
v -49.497840881347656 -238.366455078125 -1552.9442138671875
v 74.16106414794922 -230.9257354736328 -1555.2392578125
v 92.71211242675781 -229.360107421875 -1554.1837158203125
v -69.73464965820312 -338.57720947265625 -1557.302001953125
v -127.36050415039062 -284.8633728027344 -1555.590576171875
v -134.5308380126953 -256.408935546875 -1549.781494140625
v 22.524927139282227 -246.8411865234375 -1552.4884033203125
v -96.64028930664062 -244.2947235107422 -1552.7255859375
v -22.510765075683594 -241.57467651367188 -1554.48388671875
v -124.26599884033203 -238.9091339111328 -1543.2161865234375
v 89.27421569824219 -234.64288330078125 -1555.2391357421875
v 101.6436538696289 -278.48187255859375 -1550.9583740234375
v -130.25770568847656 -277.0441589355469 -1545.04541015625
v -137.92263793945312 -253.88595581054688 -1545.39501953125
v 13.839670181274414 -248.3042449951172 -1553.64453125
v -87.51927185058594 -249.17356872558594 -1549.339111328125
v -103.18199920654297 -244.0373077392578 -1552.6107177734375
v -137.02296447753906 -246.02798461914062 -1554.1324462890625
v -76.445068359375 -241.32545471191406 -1555.2763671875
v 39.06715774536133 -236.66766357421875 -1553.678466796875
v -57.088504791259766 -239.625 -1551.7547607421875
v 34.92570114135742 -368.5926818847656 -1549.5850830078125
v -17.373807907104492 -356.9178771972656 -1554.568115234375
v 86.44703674316406 -326.4085388183594 -1549.9765625
v -110.4875259399414 -239.1787109375 -1550.4747314453125
v -147.51930236816406 -197.51913452148438 -1548.531494140625
v -45.537017822265625 -363.471923828125 -1554.0543212890625
v 78.68222045898438 -335.1569519042969 -1549.608154296875
v -93.17132568359375 -319.425537109375 -1554.127197265625
v 7.412447452545166 -252.84031677246094 -1550.7325439453125
v -103.52767181396484 -243.43704223632812 -1547.4420166015625
v -67.85169219970703 -243.2239227294922 -1546.9361572265625
v 57.171058654785156 -240.24264526367188 -1551.4410400390625
v 129.19952392578125 -238.79684448242188 -1556.4085693359375
v -143.41041564941406 -231.29563903808594 -1554.32666015625
v -147.73777770996094 -204.7945098876953 -1555.9608154296875
v 52.64405822753906 -367.2228698730469 -1557.737548828125
v -132.84912109375 -268.1390075683594 -1551.28173828125
v 18.369958877563477 -253.4512939453125 -1548.7645263671875
v 109.190185546875 -245.88702392578125 -1551.72216796875
v -45.10243606567383 -242.33934020996094 -1549.3717041015625
v -137.6479949951172 -239.64691162109375 -1555.156005859375
v 69.8914794921875 -237.25164794921875 -1551.771484375
v 87.93285369873047 -227.08676147460938 -1551.0030517578125
v -25.496749877929688 -367.27667236328125 -1542.5211181640625
v -30.0307674407959 -368.19488525390625 -1555.048095703125
v -33.029083251953125 -355.2935485839844 -1557.310791015625
v 50.78832244873047 -351.673828125 -1553.7874755859375
v -91.57316589355469 -342.3789978027344 -1547.918212890625
v 116.67693328857422 -285.8729553222656 -1549.4830322265625
v 104.75684356689453 -262.6365966796875 -1550.733642578125
v 127.83251953125 -246.80296325683594 -1547.3382568359375
v 27.090682983398438 -250.39898681640625 -1549.885986328125
v -92.62361145019531 -247.20094299316406 -1545.3643798828125
v -125.30058288574219 -233.6421661376953 -1551.34814453125
v -144.07077026367188 -236.25308227539062 -1550.9185791015625
v 77.56396484375 -230.70205688476562 -1553.2091064453125
v 94.64208984375 -230.6623077392578 -1553.1512451171875
v -143.89669799804688 -216.23074340820312 -1549.2962646484375
v 45.688472747802734 -366.7507019042969 -1539.787841796875
v 68.69153594970703 -361.0633850097656 -1545.111328125
v -82.87691497802734 -348.4562072753906 -1549.6395263671875
v -100.00862884521484 -311.97198486328125 -1553.0906982421875
v 108.16049194335938 -252.63929748535156 -1554.4384765625
v -5.8691229820251465 -248.39486694335938 -1550.68115234375
v -60.18332290649414 -239.7093048095703 -1547.47216796875
v -113.9478530883789 -239.2047576904297 -1546.070556640625
v -141.44322204589844 -235.16867065429688 -1549.1055908203125
v -142.6313018798828 -226.10850524902344 -1551.3519287109375
v 25.76633071899414 -367.8045959472656 -1535.2916259765625
v -53.97575378417969 -360.86102294921875 -1549.1812744140625
v 70.97916412353516 -359.7948913574219 -1546.6248779296875
v 96.6697006225586 -335.08135986328125 -1560.521728515625
v -108.2176284790039 -326.3134765625 -1554.0965576171875
v -115.22486877441406 -316.684326171875 -1547.52001953125
v 113.69406127929688 -302.27545166015625 -1545.875732421875
v -114.99897003173828 -280.2799987792969 -1541.7886962890625
v 119.06847381591797 -271.45703125 -1553.0064697265625
v -82.78849792480469 -249.30397033691406 -1554.67578125
v -34.714195251464844 -241.32699584960938 -1551.0479736328125
v -32.115333557128906 -237.73269653320312 -1551.908935546875
v -26.438312530517578 -237.7731475830078 -1549.7933349609375
v -144.76614379882812 -230.75253295898438 -1546.468017578125
v -144.52883911132812 -223.01193237304688 -1542.1807861328125
v -10.0661039352417 -356.40228271484375 -1548.0013427734375
v 18.75580406188965 -355.3893737792969 -1550.7349853515625
v 42.75114822387695 -240.1562957763672 -1549.095703125
v -78.15284729003906 -243.2998046875 -1548.64794921875
v -30.71902084350586 -238.52395629882812 -1541.4212646484375
v -61.04680252075195 -358.4612731933594 -1548.2799072265625
v -12.313226699829102 -355.92059326171875 -1543.5177001953125
v 78.02381134033203 -335.0119934082031 -1544.4891357421875
v 37.62051010131836 -247.79522705078125 -1548.9730224609375
v -96.27011108398438 -243.9893798828125 -1546.677001953125
v 50.45705032348633 -245.3169708251953 -1544.23291015625
v 81.35255432128906 -226.84759521484375 -1551.8687744140625
v -44.22896194458008 -352.2593078613281 -1549.74853515625
v 114.6397705078125 -293.92669677734375 -1542.692138671875
v 32.569217681884766 -250.85565185546875 -1546.998779296875
v -83.97074890136719 -246.65948486328125 -1544.4095458984375
v -137.49142456054688 -243.97607421875 -1547.88232421875
v -12.123466491699219 -243.66983032226562 -1547.746337890625
v 83.26775360107422 -225.60430908203125 -1546.8212890625
v -145.9388885498047 -219.36666870117188 -1551.4288330078125
v 67.55513763427734 -343.5025634765625 -1549.44873046875
v -126.21094512939453 -291.3984069824219 -1541.91064453125
v -76.04813385009766 -238.36041259765625 -1543.864990234375
v -20.0727481842041 -241.57049560546875 -1547.6534423828125
v 129.3145294189453 -230.67791748046875 -1544.7471923828125
v 129.4607696533203 -228.1697540283203 -1553.26123046875
v -140.97872924804688 -227.15618896484375 -1546.451904296875
v 63.16904067993164 -360.6916198730469 -1544.3016357421875
v -48.06006622314453 -348.66180419921875 -1542.546142578125
v -101.94637298583984 -332.6632995605469 -1548.5313720703125
v 99.11209869384766 -298.5584411621094 -1542.60400390625
v 0.7344962358474731 -255.0121612548828 -1545.75537109375
v -60.502197265625 -237.68260192871094 -1542.845458984375
v -145.7434539794922 -210.1546173095703 -1545.3719482421875
v -71.1573486328125 -354.20806884765625 -1545.320068359375
v 105.74727630615234 -319.7768859863281 -1542.369384765625
v -9.893426895141602 -247.81503295898438 -1544.26416015625
v 43.99611282348633 -242.67234802246094 -1543.7603759765625
v -40.19157791137695 -242.29464721679688 -1540.4874267578125
v -119.65205383300781 -234.23965454101562 -1544.777099609375
v 23.89215850830078 -354.8023986816406 -1544.8504638671875
v -105.37744140625 -302.22540283203125 -1532.974609375
v 12.950213432312012 -256.7101135253906 -1541.0435791015625
v -134.26197814941406 -256.1006774902344 -1543.3037109375
v 101.33484649658203 -244.10755920410156 -1544.0550537109375
v 56.84736633300781 -243.5337677001953 -1546.9498291015625
v -49.3043098449707 -244.71620178222656 -1546.75390625
v -35.3986930847168 -242.699462890625 -1541.48388671875
v -70.06272888183594 -238.76953125 -1542.84326171875
v 94.32447052001953 -235.2869873046875 -1544.144775390625
v 79.25454711914062 -355.7576904296875 -1534.757080078125
v -53.90740966796875 -343.894287109375 -1541.982177734375
v -119.69204711914062 -309.9533996582031 -1549.5523681640625
v -109.8074951171875 -296.1761474609375 -1541.1153564453125
v -105.2657699584961 -239.3180389404297 -1541.2733154296875
v 76.98358917236328 -233.81365966796875 -1548.37939453125
v -143.24732971191406 -213.62045288085938 -1536.5640869140625
v -14.361273765563965 -369.2037048339844 -1542.98828125
v 99.55582427978516 -327.72540283203125 -1535.5428466796875
v 26.583688735961914 -254.0824737548828 -1540.2869873046875
v -53.02659225463867 -240.88299560546875 -1538.8338623046875
v -136.55397033691406 -246.51617431640625 -1542.06103515625
v -17.339439392089844 -236.33172607421875 -1541.1927490234375
v -65.8460693359375 -235.11737060546875 -1542.560302734375
v -143.20518493652344 -229.8719024658203 -1542.1497802734375
v 69.08015441894531 -356.79473876953125 -1541.6531982421875
v 116.96707916259766 -284.36663818359375 -1532.480712890625
v -50.88946533203125 -244.50283813476562 -1543.095703125
v -79.20811462402344 -239.34814453125 -1537.9554443359375
v 70.4820556640625 -237.952880859375 -1545.3875732421875
v -119.59786224365234 -234.2144775390625 -1538.380126953125
v -144.98056030273438 -212.05429077148438 -1539.23779296875
v 8.640312194824219 -369.8193664550781 -1538.9295654296875
v -6.851938247680664 -354.92523193359375 -1540.5093994140625
v -145.59829711914062 -197.20556640625 -1540.1024169921875
v -123.28985595703125 -301.6160583496094 -1535.8419189453125
v 121.9018325805664 -264.6948547363281 -1545.8076171875
v -2.9337260723114014 -253.67298889160156 -1544.6387939453125
v -3.8527028560638428 -251.60958862304688 -1537.7757568359375
v -137.0154571533203 -242.8079833984375 -1538.2608642578125
v -99.42588806152344 -240.67019653320312 -1539.3985595703125
v 67.92317962646484 -359.77410888671875 -1539.314697265625
v 115.73756408691406 -287.13525390625 -1539.701171875
v 40.13609313964844 -247.79611206054688 -1539.1568603515625
v -44.3778076171875 -245.35049438476562 -1537.5972900390625
v 60.03570556640625 -242.86605834960938 -1542.036376953125
v -88.12213134765625 -247.44268798828125 -1543.1793212890625
v -123.35025787353516 -236.00570678710938 -1542.8917236328125
v -140.7289581298828 -227.3187255859375 -1534.95263671875
v 10.81593132019043 -354.5356140136719 -1538.50146484375
v 126.99429321289062 -251.17855834960938 -1539.08203125
v -138.93548583984375 -250.59414672851562 -1536.9027099609375
v -60.83597183227539 -241.71714782714844 -1538.036865234375
v -72.73271942138672 -239.92782592773438 -1538.7132568359375
v -110.23106384277344 -237.0635986328125 -1540.3973388671875
v -102.72810363769531 -238.1849365234375 -1537.328125
v -82.36241149902344 -325.0272521972656 -1529.7939453125
v 97.13436126708984 -306.7096862792969 -1542.8310546875
v -112.28813934326172 -238.48011779785156 -1536.2303466796875
v 81.46306610107422 -225.77450561523438 -1544.9619140625
v -142.76260375976562 -225.8555450439453 -1534.6265869140625
v -14.572977066040039 -367.6524963378906 -1537.1390380859375
v 7.8349690437316895 -353.20806884765625 -1531.655029296875
v -110.13610076904297 -322.304443359375 -1540.7213134765625
v 124.6600570678711 -257.8442687988281 -1532.1192626953125
v 71.77983856201172 -235.9371337890625 -1542.115234375
v -17.462875366210938 -231.53982543945312 -1538.48291015625
v -7.60398006439209 -368.68988037109375 -1538.105224609375
v 54.07771682739258 -364.23193359375 -1536.9786376953125
v 69.26637268066406 -358.02996826171875 -1543.5682373046875
v -86.53622436523438 -352.2934265136719 -1535.163818359375
v -83.36585998535156 -347.4395751953125 -1539.1607666015625
v -118.14202117919922 -310.0744323730469 -1530.2335205078125
v 108.27006530761719 -247.63401794433594 -1547.6494140625
v -92.72776794433594 -243.70033264160156 -1538.170166015625
v -82.4067153930664 -237.44778442382812 -1534.2410888671875
v -140.79908752441406 -237.67189025878906 -1534.6966552734375
v -145.3582000732422 -215.22198486328125 -1540.847412109375
v -144.71788024902344 -208.8753204345703 -1535.394287109375
v -145.83810424804688 -199.8798828125 -1537.5819091796875
v -22.322824478149414 -354.2247619628906 -1541.9752197265625
v -75.76898956298828 -351.3945617675781 -1537.4136962890625
v -42.91249465942383 -349.9893493652344 -1534.3870849609375
v 48.30672073364258 -350.5013122558594 -1539.678955078125
v 62.5728759765625 -343.41754150390625 -1531.385498046875
v 89.78137969970703 -339.8155822753906 -1541.981201171875
v 128.81373596191406 -237.5079345703125 -1537.967041015625
v -86.51274108886719 -345.14837646484375 -1533.36328125
v 92.80730438232422 -314.75006103515625 -1535.2808837890625
v -112.72406005859375 -288.859375 -1539.5679931640625
v -48.85434341430664 -245.7310028076172 -1536.2572021484375
v -68.6091079711914 -241.59481811523438 -1532.142578125
v -28.962007522583008 -238.20669555664062 -1535.8929443359375
v -140.59454345703125 -240.44825744628906 -1535.7877197265625
v -68.7562255859375 -239.73121643066406 -1535.792724609375
v -144.91883850097656 -230.04896545410156 -1540.5018310546875
v -123.49763488769531 -232.72958374023438 -1533.9945068359375
v -145.05453491210938 -214.89466857910156 -1533.505126953125
v 12.30878734588623 -368.4124450683594 -1532.773681640625
v 23.333505630493164 -353.52325439453125 -1538.1103515625
v -135.51437377929688 -262.9023742675781 -1531.85400390625
v 44.64083480834961 -241.79156494140625 -1537.21337890625
v -95.336181640625 -339.40301513671875 -1538.2471923828125
v 114.53390502929688 -288.7178649902344 -1532.4735107421875
v 98.17916107177734 -287.8515319824219 -1537.6207275390625
v -129.7187042236328 -283.4658203125 -1531.8660888671875
v -133.8683319091797 -263.01324462890625 -1532.2733154296875
v 49.90819549560547 -242.39898681640625 -1537.4033203125
v 68.6109848022461 -233.27334594726562 -1536.591796875
v 127.54257202148438 -225.0575714111328 -1537.189208984375
v -65.91215515136719 -355.29376220703125 -1534.516845703125
v -85.09464263916016 -353.7024841308594 -1531.4686279296875
v -127.41032409667969 -283.1707458496094 -1533.4622802734375
v 102.1006088256836 -272.47271728515625 -1544.20703125
v -133.63514709472656 -266.42242431640625 -1535.302001953125
v -134.4529266357422 -257.0712585449219 -1534.2933349609375
v 21.65805435180664 -255.04434204101562 -1534.6063232421875
v 127.6020278930664 -245.8882293701172 -1531.76318359375
v -58.015235900878906 -243.2306671142578 -1531.8968505859375
v -48.272804260253906 -244.69708251953125 -1531.921630859375
v 92.64761352539062 -238.1979217529297 -1537.3612060546875
v 58.40342712402344 -240.55992126464844 -1537.1597900390625
v -98.05729675292969 -241.987548828125 -1533.5821533203125
v -138.7732696533203 -238.11532592773438 -1532.1175537109375
v -12.734140396118164 -242.48890686035156 -1536.59619140625
v -108.89875030517578 -238.5328369140625 -1532.921142578125
v 81.09741973876953 -235.78599548339844 -1531.328369140625
v -118.76870727539062 -236.07159423828125 -1532.9156494140625
v 85.00871276855469 -230.2023162841797 -1541.5860595703125
v -86.8671646118164 -351.38775634765625 -1531.0653076171875
v 84.12999725341797 -342.3249816894531 -1521.389404296875
v 88.0676498413086 -316.77716064453125 -1517.174560546875
v 120.3795394897461 -265.0565490722656 -1532.7628173828125
v -2.9734482765197754 -247.8374481201172 -1532.2020263671875
v -140.4989471435547 -240.6800994873047 -1528.7125244140625
v -40.054927825927734 -239.79649353027344 -1532.6910400390625
v -22.298871994018555 -238.28009033203125 -1537.5382080078125
v -142.70321655273438 -236.47535705566406 -1529.9244384765625
v -124.20097351074219 -233.8990478515625 -1530.01416015625
v -39.12478256225586 -363.2294006347656 -1539.161865234375
v -59.8725700378418 -356.3885192871094 -1528.6112060546875
v 98.25236511230469 -299.29107666015625 -1537.290283203125
v -126.90177917480469 -287.6097412109375 -1529.8153076171875
v 119.03504943847656 -276.08349609375 -1530.77197265625
v 10.654786109924316 -255.29026794433594 -1534.9639892578125
v 103.54570770263672 -253.9194793701172 -1529.0682373046875
v -11.563507080078125 -233.26425170898438 -1533.2457275390625
v -103.500244140625 -237.7373504638672 -1531.3941650390625
v -144.06536865234375 -196.66554260253906 -1529.677490234375
v -45.928436279296875 -359.60504150390625 -1530.7962646484375
v -32.67122268676758 -352.50103759765625 -1541.0614013671875
v -130.7413330078125 -274.7444152832031 -1530.326171875
v -132.26718139648438 -264.3233642578125 -1532.206787109375
v 35.56748580932617 -252.17791748046875 -1537.062255859375
v 99.8466796875 -248.62403869628906 -1533.478759765625
v 44.38968276977539 -233.75262451171875 -1532.3458251953125
v 80.39655303955078 -228.7904815673828 -1536.35693359375
v -121.01821899414062 -233.47195434570312 -1530.840576171875
v 73.22325134277344 -226.41371154785156 -1537.3106689453125
v -14.060324668884277 -366.3453674316406 -1527.96728515625
v -48.25216293334961 -344.959716796875 -1524.78515625
v -82.49217224121094 -346.8323059082031 -1527.7559814453125
v -91.44339752197266 -319.5045166015625 -1540.0865478515625
v 105.0001449584961 -261.06396484375 -1541.53564453125
v -130.72970581054688 -267.02459716796875 -1528.0030517578125
v -119.16636657714844 -262.03826904296875 -1533.324951171875
v 4.729074478149414 -253.89373779296875 -1534.5086669921875
v -33.41276168823242 -240.1558837890625 -1528.3572998046875
v -82.5452880859375 -237.3436737060547 -1527.5203857421875
v 62.894752502441406 -357.2235412597656 -1526.6741943359375
v 78.36864471435547 -354.55963134765625 -1530.971435546875
v 56.222496032714844 -344.2951965332031 -1523.2535400390625
v 41.30635070800781 -243.54873657226562 -1532.6160888671875
v -48.94773864746094 -240.6385498046875 -1527.9473876953125
v -54.92789840698242 -239.59613037109375 -1527.2008056640625
v -91.8901138305664 -237.7894744873047 -1526.33837890625
v -112.5014877319336 -235.52476501464844 -1530.859375
v -144.66661071777344 -208.27743530273438 -1527.5262451171875
v 8.202547073364258 -367.8006591796875 -1526.7451171875
v -0.5541415214538574 -366.9134826660156 -1522.9942626953125
v -11.008341789245605 -354.2171325683594 -1536.3917236328125
v 30.19500160217285 -250.621826171875 -1531.5535888671875
v 66.026611328125 -229.8763427734375 -1533.9296875
v -142.63156127929688 -213.3874969482422 -1527.3076171875
v -75.52075958251953 -350.229248046875 -1529.66064453125
v -62.53742980957031 -335.2493896484375 -1522.536376953125
v 84.27812957763672 -325.3642883300781 -1528.3865966796875
v 103.05494689941406 -319.6323547363281 -1523.47705078125
v -134.20742797851562 -265.8585205078125 -1525.73681640625
v 9.744555473327637 -250.2942657470703 -1528.5958251953125
v -62.701934814453125 -242.42991638183594 -1527.38037109375
v -97.89232635498047 -237.75289916992188 -1526.13232421875
v 127.29788208007812 -226.27455139160156 -1530.7828369140625
v 112.65057373046875 -303.3267517089844 -1534.77099609375
v -141.7203826904297 -239.8128662109375 -1524.3328857421875
v -141.0371856689453 -235.02096557617188 -1528.8760986328125
v -110.92684173583984 -233.79171752929688 -1525.4906005859375
v -103.85099792480469 -235.17782592773438 -1526.671875
v -141.161376953125 -224.79066467285156 -1527.143310546875
v -143.14590454101562 -223.19918823242188 -1525.13427734375
v 35.029048919677734 -350.72332763671875 -1530.548095703125
v -75.1897201538086 -329.1210632324219 -1528.9930419921875
v 121.12931060791016 -267.9005126953125 -1525.2193603515625
v 127.15467834472656 -235.07638549804688 -1530.6168212890625
v 60.39949035644531 -231.9324188232422 -1532.8740234375
v -144.59536743164062 -211.11050415039062 -1525.0804443359375
v 97.78272247314453 -284.7649841308594 -1531.364501953125
v -138.7851104736328 -250.78326416015625 -1523.9185791015625
v -58.79136276245117 -240.1719970703125 -1523.0638427734375
v 69.67840576171875 -340.14031982421875 -1537.3135986328125
v -109.02494812011719 -322.03369140625 -1529.167724609375
v -5.165905475616455 -241.37936401367188 -1529.7344970703125
v -104.26775360107422 -238.84767150878906 -1522.2647705078125
v -123.65135192871094 -228.33067321777344 -1524.4903564453125
v 126.53560638427734 -224.59910583496094 -1528.7347412109375
v -27.623674392700195 -349.615966796875 -1523.17236328125
v -127.4896240234375 -282.0999755859375 -1524.4837646484375
v 103.25688171386719 -266.20172119140625 -1531.44482421875
v 14.535919189453125 -247.53488159179688 -1526.41162109375
v -120.4478759765625 -252.7283172607422 -1518.7740478515625
v -5.394660949707031 -234.58377075195312 -1529.388916015625
v -140.50994873046875 -229.3950958251953 -1520.44140625
v -143.71961975097656 -225.25155639648438 -1532.13330078125
v -143.73619079589844 -200.57444763183594 -1524.1650390625
v -118.73029327392578 -307.5903625488281 -1518.2825927734375
v 95.91691589355469 -293.1500549316406 -1528.3226318359375
v 114.22085571289062 -289.79119873046875 -1519.86474609375
v 24.435527801513672 -250.68930053710938 -1527.1531982421875
v 3.3742024898529053 -247.5067138671875 -1527.463623046875
v 49.23869705200195 -239.52969360351562 -1529.0069580078125
v -78.51737213134766 -240.8810577392578 -1523.487060546875
v -12.901982307434082 -239.1966552734375 -1520.310791015625
v 127.2313461303711 -240.91575622558594 -1522.42333984375
v -122.90010833740234 -229.11370849609375 -1527.98876953125
v -143.24900817871094 -220.66131591796875 -1518.9844970703125
v -142.20980834960938 -197.34909057617188 -1520.3099365234375
v -114.96868896484375 -279.17047119140625 -1523.4466552734375
v -136.1713409423828 -259.2347412109375 -1523.470458984375
v 22.849096298217773 -245.39654541015625 -1524.813232421875
v -139.06002807617188 -245.62831115722656 -1523.372314453125
v -141.7938690185547 -213.18994140625 -1518.673095703125
v -134.222412109375 -258.3471374511719 -1520.7308349609375
v 58.65798568725586 -240.03887939453125 -1530.02734375
v 38.17124557495117 -238.13717651367188 -1527.5299072265625
v -139.53396606445312 -242.47999572753906 -1522.75341796875
v -1.2536758184432983 -241.07101440429688 -1526.2413330078125
v -138.2717742919922 -237.1365203857422 -1522.97021484375
v 19.51933479309082 -367.55242919921875 -1526.923828125
v 43.53220748901367 -364.987060546875 -1522.648193359375
v 74.36823272705078 -348.9007263183594 -1515.953369140625
v -54.122093200683594 -340.3631896972656 -1524.9971923828125
v 67.90184020996094 -337.006591796875 -1515.2186279296875
v 75.07666778564453 -334.8153381347656 -1533.0126953125
v -103.13809967041016 -300.5614013671875 -1512.2862548828125
v -135.67031860351562 -252.51376342773438 -1519.0018310546875
v -112.01934051513672 -233.1768798828125 -1519.8084716796875
v -142.4631805419922 -225.6045379638672 -1521.6671142578125
v -26.64984130859375 -363.60443115234375 -1526.690185546875
v -101.59185791015625 -329.81817626953125 -1527.9598388671875
v -130.3677978515625 -277.456298828125 -1519.183837890625
v 35.41261672973633 -240.16175842285156 -1525.9549560546875
v -41.18359375 -239.1115264892578 -1518.1749267578125
v 45.08229446411133 -346.1201477050781 -1515.3621826171875
v -114.84178161621094 -278.08660888671875 -1513.190185546875
v -130.65298461914062 -263.46112060546875 -1516.62109375
v 126.57454681396484 -253.96987915039062 -1525.4017333984375
v 5.357128143310547 -240.66998291015625 -1525.155029296875
v 25.380796432495117 -239.2368621826172 -1523.593505859375
v -71.49065399169922 -240.08694458007812 -1519.4229736328125
v -79.37364196777344 -238.86483764648438 -1519.933837890625
v 71.86689758300781 -232.53221130371094 -1531.5565185546875
v -83.96961212158203 -234.90982055664062 -1520.699951171875
v -4.060938835144043 -367.18511962890625 -1515.3759765625
v 94.07472229003906 -332.8401184082031 -1524.26416015625
v 116.11847686767578 -286.1702575683594 -1517.989990234375
v -133.44189453125 -264.2151184082031 -1518.908935546875
v -131.33590698242188 -267.18817138671875 -1521.47265625
v -137.897216796875 -242.7028045654297 -1520.6483154296875
v -47.4262580871582 -242.66334533691406 -1522.15234375
v -76.85963439941406 -236.158447265625 -1517.6317138671875
v -84.06201171875 -233.36448669433594 -1513.3837890625
v 8.176403999328613 -366.1205749511719 -1517.3314208984375
v -39.347496032714844 -348.1268310546875 -1522.621337890625
v 14.771265983581543 -236.857666015625 -1524.1605224609375
v -3.7564377784729004 -234.95664978027344 -1526.0799560546875
v -88.66738891601562 -237.37969970703125 -1521.2401123046875
v -139.35899353027344 -231.9413299560547 -1514.594970703125
v -33.072959899902344 -361.558349609375 -1521.913330078125
v -39.65330123901367 -358.90545654296875 -1518.1571044921875
v 19.58611297607422 -236.57815551757812 -1522.7110595703125
v -109.46238708496094 -228.12049865722656 -1516.2130126953125
v -117.38157653808594 -229.82188415527344 -1517.87255859375
v -17.345979690551758 -365.48529052734375 -1518.3070068359375
v -88.07030487060547 -341.3486328125 -1520.21923828125
v -112.45895385742188 -286.0473937988281 -1516.716552734375
v -49.27225875854492 -238.9790496826172 -1514.0382080078125
v 6.051615238189697 -233.45196533203125 -1524.3546142578125
v -140.704833984375 -234.99407958984375 -1520.8052978515625
v -142.01783752441406 -218.65020751953125 -1514.279541015625
v 48.84575271606445 -361.63214111328125 -1517.7188720703125
v -98.57813262939453 -330.4967956542969 -1520.5731201171875
v 92.09273529052734 -307.6864318847656 -1521.933349609375
v 109.734619140625 -299.5362548828125 -1510.589111328125
v -130.85545349121094 -273.220703125 -1517.1181640625
v -34.980224609375 -243.3543243408203 -1511.055908203125
v -24.88595962524414 -235.88504028320312 -1529.183349609375
v -55.135169982910156 -240.7297821044922 -1516.61767578125
v -100.35970306396484 -237.9244842529297 -1518.56494140625
v -27.28032112121582 -362.7105712890625 -1511.8177490234375
v -14.394035339355469 -349.8138122558594 -1517.843017578125
v 0.06772514432668686 -349.4190368652344 -1514.4677734375
v -133.61517333984375 -268.1047058105469 -1518.1932373046875
v 65.14653778076172 -239.75047302246094 -1525.418212890625
v -92.29749298095703 -239.59657287597656 -1516.5592041015625
v 75.19184875488281 -232.59471130371094 -1531.2738037109375
v 128.04013061523438 -226.74932861328125 -1521.6363525390625
v -123.4111328125 -298.4536437988281 -1519.313720703125
v -127.39683532714844 -281.2216491699219 -1515.640380859375
v -129.06796264648438 -275.5048522949219 -1515.9822998046875
v -142.28692626953125 -224.9571075439453 -1513.2181396484375
v -140.45484924316406 -225.09352111816406 -1520.080078125
v -142.6614227294922 -206.66549682617188 -1520.3582763671875
v -65.61798095703125 -352.1260986328125 -1517.3853759765625
v -87.784423828125 -335.3822937011719 -1507.3824462890625
v -131.15757751464844 -267.3555908203125 -1511.6517333984375
v 121.78325653076172 -271.1765441894531 -1514.920166015625
v 33.385963439941406 -245.4483642578125 -1517.34814453125
v 91.47769927978516 -243.46881103515625 -1531.2703857421875
v 15.128459930419922 -236.01564025878906 -1520.197021484375
v -109.46996307373047 -290.8470458984375 -1511.1146240234375
v 97.43933868408203 -280.1378173828125 -1522.0731201171875
v -117.53353881835938 -268.5901794433594 -1515.3306884765625
v -133.15553283691406 -264.87835693359375 -1510.445068359375
v 127.02094268798828 -238.87168884277344 -1517.9969482421875
v -97.21846771240234 -313.2902526855469 -1535.7421875
v -131.76507568359375 -272.9489440917969 -1517.0191650390625
v 98.73906707763672 -269.4176940917969 -1521.33203125
v 98.00816345214844 -251.07797241210938 -1524.638916015625
v -90.829833984375 -238.33270263671875 -1512.2691650390625
v -67.09254455566406 -237.26138305664062 -1516.424560546875
v -106.3224105834961 -234.37110900878906 -1513.5234375
v -75.31157684326172 -345.9632873535156 -1513.41015625
v -89.71908569335938 -316.07684326171875 -1518.7158203125
v 43.64527893066406 -245.95619201660156 -1520.4957275390625
v 125.71327209472656 -253.02493286132812 -1513.7467041015625
v 22.35590934753418 -240.14306640625 -1519.5076904296875
v -25.241657257080078 -243.2119598388672 -1512.1602783203125
v -108.44734191894531 -225.7845001220703 -1511.2200927734375
v -140.7948760986328 -198.43495178222656 -1512.7657470703125
v 76.78470611572266 -330.2073974609375 -1513.4212646484375
v -133.80174255371094 -247.3289794921875 -1512.6787109375
v -100.12128448486328 -238.68055725097656 -1513.917724609375
v -61.134254455566406 -235.97364807128906 -1510.5535888671875
v -79.78992462158203 -235.9003448486328 -1513.0294189453125
v -121.42728424072266 -238.21002197265625 -1514.405517578125
v -142.63929748535156 -228.3532257080078 -1512.71240234375
v -141.7311248779297 -205.87193298339844 -1511.5899658203125
v -54.57996368408203 -336.7356262207031 -1510.8905029296875
v 117.13903045654297 -275.82208251953125 -1519.6470947265625
v 102.14612579345703 -254.4547882080078 -1524.4803466796875
v 127.42800903320312 -233.99200439453125 -1513.2022705078125
v 128.44869995117188 -227.3349609375 -1515.92724609375
v -140.3161163330078 -221.5814971923828 -1507.6966552734375
v -4.086487770080566 -365.7284851074219 -1510.0999755859375
v -43.15994644165039 -356.7681579589844 -1511.3741455078125
v 27.18608856201172 -348.3546142578125 -1514.345947265625
v -137.5037384033203 -238.7507781982422 -1510.135009765625
v -126.64881134033203 -288.5687255859375 -1520.037109375
v 59.25971221923828 -242.97897338867188 -1525.595703125
v -138.5813751220703 -233.7987060546875 -1505.443115234375
v 17.780399322509766 -348.4469909667969 -1513.244873046875
v 117.79147338867188 -279.0320129394531 -1509.1529541015625
v -130.26942443847656 -273.09344482421875 -1510.813720703125
v -137.99072265625 -253.57675170898438 -1504.8734130859375
v 23.6026611328125 -242.33953857421875 -1514.9681396484375
v 20.061800003051758 -239.1917724609375 -1516.1513671875
v -55.921546936035156 -239.4464111328125 -1505.3558349609375
v -31.248149871826172 -359.05853271484375 -1502.529052734375
v -54.96263122558594 -353.0183410644531 -1509.185302734375
v -63.81911087036133 -348.4687194824219 -1505.196533203125
v -85.38788604736328 -315.4726867675781 -1502.116455078125
v -129.46542358398438 -279.77008056640625 -1509.970458984375
v 51.113040924072266 -248.6859588623047 -1520.2510986328125
v -135.65594482421875 -249.13992309570312 -1509.2659912109375
v 73.29361724853516 -235.87130737304688 -1524.9644775390625
v -112.6470947265625 -232.5462646484375 -1505.8946533203125
v -129.38255310058594 -272.573974609375 -1506.52587890625
v -133.1893310546875 -270.7525329589844 -1501.0167236328125
v -133.68527221679688 -260.1258544921875 -1508.3951416015625
v -119.16500091552734 -257.95867919921875 -1510.727783203125
v 66.76847839355469 -242.08106994628906 -1520.0264892578125
v -69.48650360107422 -234.7997589111328 -1508.4052734375
v -80.12863159179688 -234.36236572265625 -1507.5
v -114.35195922851562 -233.7619171142578 -1503.250732421875
v 125.92239379882812 -237.70675659179688 -1509.19482421875
v -12.446744918823242 -364.460205078125 -1508.3096923828125
v 6.977198600769043 -363.2215270996094 -1502.3746337890625
v -116.79644012451172 -266.95477294921875 -1500.46826171875
v -133.45803833007812 -268.0069885253906 -1507.5098876953125
v 85.17819213867188 -240.49911499023438 -1523.52099609375
v -107.20417785644531 -242.06053161621094 -1508.91552734375
v -141.63571166992188 -240.46595764160156 -1504.1923828125
v -136.572998046875 -198.27792358398438 -1498.4892578125
v -132.58639526367188 -253.72743225097656 -1515.7427978515625
v -96.44489288330078 -247.2864532470703 -1504.818603515625
v -141.54148864746094 -231.9318084716797 -1511.1986083984375
v -98.49765014648438 -327.187255859375 -1506.453125
v -115.99485778808594 -307.13568115234375 -1501.919921875
v -127.49363708496094 -279.5734558105469 -1499.4149169921875
v -134.31866455078125 -265.1769714355469 -1506.6202392578125
v -135.8276824951172 -253.96507263183594 -1505.9932861328125
v -91.26593017578125 -243.5210723876953 -1509.17822265625
v 79.44464874267578 -238.2606201171875 -1518.7325439453125
v -140.32437133789062 -197.9822540283203 -1508.0765380859375
v 65.15933227539062 -351.9264221191406 -1505.7210693359375
v -18.220029830932617 -345.3304138183594 -1500.7825927734375
v -45.183162689208984 -344.4030456542969 -1515.195556640625
v 52.32324981689453 -343.1370544433594 -1510.8477783203125
v -112.47371673583984 -313.5420227050781 -1506.5791015625
v 41.12630081176758 -250.3819122314453 -1515.6429443359375
v -139.51600646972656 -246.07962036132812 -1502.0443115234375
v -111.22227478027344 -237.94773864746094 -1505.06201171875
v -142.6525115966797 -224.21348571777344 -1507.0152587890625
v -13.342220306396484 -364.2792663574219 -1503.91552734375
v -21.12963104248047 -361.6333923339844 -1503.706787109375
v 62.28905487060547 -337.2834777832031 -1500.74951171875
v -106.65170288085938 -317.8955383300781 -1499.926513671875
v 82.97874450683594 -321.0867004394531 -1504.6627197265625
v -118.05337524414062 -255.7408447265625 -1498.94580078125
v -134.77822875976562 -251.63230895996094 -1503.79296875
v 37.94057846069336 -345.8545227050781 -1507.364501953125
v -38.15298843383789 -343.12310791015625 -1499.90869140625
v 74.58585357666016 -325.9229736328125 -1490.5692138671875
v 96.25704193115234 -278.2266540527344 -1509.232177734375
v -126.60836791992188 -283.0943298339844 -1507.0501708984375
v 62.65593338012695 -248.1541748046875 -1518.07470703125
v 36.48564910888672 -250.14520263671875 -1510.8143310546875
v 29.531940460205078 -245.87196350097656 -1513.445556640625
v -78.89434814453125 -241.8059539794922 -1497.42236328125
v 125.33612823486328 -223.983154296875 -1510.0189208984375
v 91.43374633789062 -297.0541687011719 -1512.1875
v 112.52051544189453 -288.30108642578125 -1503.9671630859375
v -132.64808654785156 -260.2521667480469 -1510.1287841796875
v -46.145225524902344 -242.64657592773438 -1507.387451171875
v 13.097410202026367 -236.540283203125 -1513.820556640625
v -139.80921936035156 -234.0592803955078 -1503.6302490234375
v -143.19895935058594 -224.93849182128906 -1498.8663330078125
v -74.6504135131836 -325.4290771484375 -1513.59814453125
v -131.16270446777344 -279.99224853515625 -1500.5914306640625
v -131.528564453125 -272.172119140625 -1497.527587890625
v -133.4346160888672 -260.3802795410156 -1499.81494140625
v 97.1232681274414 -256.2554626464844 -1514.209228515625
v -73.1609878540039 -238.0819854736328 -1504.358642578125
v 54.63774871826172 -358.490234375 -1512.707275390625
v 104.99596405029297 -310.3106384277344 -1498.4964599609375
v -109.59661102294922 -242.22767639160156 -1495.746826171875
v 1.6742433309555054 -347.7963562011719 -1507.061279296875
v -96.21990203857422 -305.0522766113281 -1499.564453125
v -131.38998413085938 -264.2394104003906 -1502.84912109375
v -139.00277709960938 -246.91111755371094 -1501.9088134765625
v -101.44988250732422 -247.4113311767578 -1500.36669921875
v -22.45392417907715 -360.7787170410156 -1499.452880859375
v 49.5127067565918 -357.22515869140625 -1495.2216796875
v -70.06470489501953 -344.0404968261719 -1499.413818359375
v -73.3509292602539 -342.2821044921875 -1501.1495361328125
v -124.55415344238281 -289.2090148925781 -1503.1800537109375
v -136.79039001464844 -257.2467346191406 -1504.9908447265625
v -134.1979217529297 -248.58984375 -1503.0655517578125
v 84.14783477783203 -247.1265869140625 -1514.30859375
v -38.20859146118164 -248.20619201660156 -1495.0911865234375
v -138.70782470703125 -216.18359375 -1500.045166015625
v -136.05474853515625 -202.4740447998047 -1493.8765869140625
v 96.2507553100586 -269.09832763671875 -1502.6097412109375
v 97.27747344970703 -270.3948059082031 -1508.1448974609375
v -134.4801788330078 -255.3558349609375 -1488.5594482421875
v -119.46341705322266 -240.72708129882812 -1504.341796875
v -16.387039184570312 -369.24658203125 -1501.65966796875
v -12.398354530334473 -362.2746887207031 -1498.9427490234375
v 54.709754943847656 -339.8491516113281 -1497.83056640625
v 54.26918029785156 -254.8951873779297 -1511.0313720703125
v -64.24529266357422 -238.78909301757812 -1502.8355712890625
v -141.25108337402344 -231.34066772460938 -1500.747802734375
v -19.241065979003906 -364.2845764160156 -1497.491943359375
v 33.57912826538086 -362.0739440917969 -1505.4786376953125
v -106.54974365234375 -291.8541259765625 -1496.3055419921875
v -128.73582458496094 -271.5122375488281 -1491.242919921875
v 124.18386840820312 -262.3982849121094 -1506.9986572265625
v 125.5617904663086 -244.33999633789062 -1512.4364013671875
v -140.48338317871094 -242.00221252441406 -1494.2452392578125
v -113.82726287841797 -233.77561950683594 -1492.91357421875
v 38.719932556152344 -343.7793273925781 -1496.0533447265625
v 95.99288177490234 -327.12640380859375 -1501.5550537109375
v 110.33035278320312 -289.0900573730469 -1491.467529296875
v -115.6626205444336 -264.229736328125 -1490.3126220703125
v -50.13645935058594 -243.1536407470703 -1495.59765625
v -113.26214599609375 -234.7728729248047 -1499.6197509765625
v 82.28103637695312 -340.268310546875 -1499.3079833984375
v -71.91425323486328 -322.8849182128906 -1493.8812255859375
v 86.34069061279297 -314.468994140625 -1506.461669921875
v -132.98321533203125 -263.27813720703125 -1493.3876953125
v -34.74516677856445 -247.8101043701172 -1501.0709228515625
v 78.82414245605469 -241.46875 -1513.0535888671875
v -136.68223571777344 -240.6432342529297 -1500.8643798828125
v -137.03952026367188 -219.67523193359375 -1491.2254638671875
v 92.83392333984375 -292.4084167480469 -1505.995361328125
v -72.51885986328125 -242.04611206054688 -1497.929443359375
v -59.142276763916016 -241.463134765625 -1494.6029052734375
v -136.5675506591797 -214.31442260742188 -1492.890380859375
v -132.82461547851562 -270.9817199707031 -1494.591796875
v 25.69169044494629 -241.59393310546875 -1507.324462890625
v -138.78868103027344 -244.90086364746094 -1491.1263427734375
v -131.9808349609375 -275.3623352050781 -1493.69287109375
v -25.361299514770508 -249.47811889648438 -1496.5211181640625
v 3.4775664806365967 -237.24270629882812 -1512.073974609375
v 123.92401123046875 -235.62989807128906 -1500.3369140625
v -137.84532165527344 -232.3629150390625 -1497.5872802734375
v 122.6150131225586 -225.3759307861328 -1504.76708984375
v -2.540731430053711 -363.1150817871094 -1499.969970703125
v 42.351722717285156 -360.4668884277344 -1500.748046875
v -57.40705871582031 -348.5264892578125 -1488.6500244140625
v -107.73905181884766 -313.9451599121094 -1491.407470703125
v -7.8246750831604 -238.9516143798828 -1517.290283203125
v -93.21823120117188 -246.52825927734375 -1492.1761474609375
v -84.90660095214844 -245.07061767578125 -1492.1131591796875
v 20.346271514892578 -238.1892852783203 -1506.425048828125
v -111.63453674316406 -234.17250061035156 -1489.9970703125
v 1.476703405380249 -360.37225341796875 -1489.586669921875
v 15.144380569458008 -362.0727233886719 -1500.538818359375
v 80.44313049316406 -316.1232604980469 -1491.473388671875
v -120.04499053955078 -300.7558288574219 -1504.27392578125
v 115.66556549072266 -283.6526184082031 -1495.4453125
v 124.61678314208984 -263.0933532714844 -1497.531005859375
v -134.3524932861328 -251.09291076660156 -1495.7716064453125
v -137.5404510498047 -251.9038543701172 -1493.8194580078125
v -140.76986694335938 -228.67958068847656 -1497.4554443359375
v 67.18573760986328 -332.80511474609375 -1493.6231689453125
v 91.03569030761719 -332.8972473144531 -1500.582275390625
v 110.53526306152344 -295.8253173828125 -1497.630126953125
v 121.67537689208984 -273.4517517089844 -1499.0179443359375
v 98.25477600097656 -258.95880126953125 -1508.700439453125
v -133.04559326171875 -254.93287658691406 -1497.718505859375
v -136.99734497070312 -247.10569763183594 -1498.65625
v -78.69599914550781 -242.39085388183594 -1493.9156494140625
v 14.332324981689453 -237.167724609375 -1505.8966064453125
v -15.58029556274414 -360.3911437988281 -1493.595458984375
v -70.60760498046875 -343.19195556640625 -1494.0479736328125
v 85.15534973144531 -306.387451171875 -1494.5050048828125
v 48.00593566894531 -255.01414489746094 -1508.053466796875
v 34.15315628051758 -249.83792114257812 -1505.853759765625
v -132.83433532714844 -259.64031982421875 -1489.23779296875
v 76.15734100341797 -239.3086700439453 -1516.083251953125
v 125.86480712890625 -242.8959503173828 -1505.2913818359375
v 25.99276351928711 -344.4595031738281 -1499.9720458984375
v -111.87794494628906 -282.43646240234375 -1498.36474609375
v 30.892799377441406 -245.7683868408203 -1503.1510009765625
v -139.52548217773438 -239.8136749267578 -1483.723388671875
v 46.773380279541016 -342.6005554199219 -1496.9024658203125
v -131.71646118164062 -263.30810546875 -1487.4302978515625
v 75.0269775390625 -247.8466339111328 -1513.088623046875
v -73.87837982177734 -244.32852172851562 -1488.6934814453125
v 121.48635864257812 -225.7100830078125 -1498.1220703125
v -26.301671981811523 -354.880615234375 -1480.33251953125
v -40.26224899291992 -354.2882995605469 -1496.177001953125
v -133.17547607421875 -272.2932434082031 -1486.684814453125
v -101.00895690917969 -244.41757202148438 -1490.1287841796875
v -136.0648193359375 -239.52532958984375 -1492.6285400390625
v -134.00486755371094 -205.1157684326172 -1486.4853515625
v -119.37508392333984 -297.39447021484375 -1493.5546875
v 86.4162826538086 -296.42913818359375 -1487.0557861328125
v 91.9712905883789 -282.5574951171875 -1497.4642333984375
v 29.754331588745117 -246.92201232910156 -1506.8782958984375
v 60.82839584350586 -351.3013000488281 -1492.0557861328125
v 70.28404235839844 -327.2038269042969 -1482.9683837890625
v -132.7584228515625 -267.3594055175781 -1500.997802734375
v 76.9664306640625 -251.9397735595703 -1504.2557373046875
v -88.86760711669922 -331.7472229003906 -1490.40673828125
v 95.10775756835938 -259.9745788574219 -1496.061767578125
v -134.1719512939453 -248.5675048828125 -1484.74462890625
v -88.9228286743164 -247.40829467773438 -1487.568359375
v -65.21124267578125 -242.39730834960938 -1489.865234375
v -107.41136169433594 -238.3005828857422 -1486.9033203125
v 120.11750793457031 -225.2464141845703 -1492.5008544921875
v 16.46515464782715 -343.62530517578125 -1494.74072265625
v -74.9246597290039 -314.85113525390625 -1477.0155029296875
v 67.6283950805664 -252.75230407714844 -1509.33642578125
v 125.82957458496094 -249.32191467285156 -1492.8770751953125
v -114.62925720214844 -239.59814453125 -1481.0361328125
v -115.6090087890625 -236.09523010253906 -1488.6214599609375
v 73.97771453857422 -343.796875 -1492.399169921875
v -101.05421447753906 -293.7689514160156 -1482.564697265625
v -132.40602111816406 -269.4395446777344 -1484.6781005859375
v -134.6970672607422 -262.5297546386719 -1491.8682861328125
v 54.874900817871094 -258.2808532714844 -1503.5999755859375
v -136.80406188964844 -256.9522399902344 -1480.590576171875
v -135.7587890625 -243.318115234375 -1485.9256591796875
v -141.49305725097656 -238.49925231933594 -1483.8125
v -134.80593872070312 -198.18019104003906 -1486.0869140625
v 107.39032745361328 -296.6973876953125 -1488.9473876953125
v 123.64305114746094 -254.02703857421875 -1498.1832275390625
v 81.1327133178711 -246.53875732421875 -1501.689208984375
v -54.655242919921875 -242.2753448486328 -1490.4981689453125
v -111.71969604492188 -231.66815185546875 -1487.4334716796875
v -105.64515686035156 -231.0667724609375 -1479.7716064453125
v -136.8046112060547 -218.70651245117188 -1486.028076171875
v -113.25180053710938 -305.2174377441406 -1486.1806640625
v 123.46729278564453 -264.6080627441406 -1489.31396484375
v 65.39863586425781 -256.8917541503906 -1497.254638671875
v -133.14125061035156 -251.41659545898438 -1484.5185546875
v -142.72726440429688 -230.11109924316406 -1490.99755859375
v 13.161107063293457 -359.3974304199219 -1486.3360595703125
v -122.81243133544922 -285.11480712890625 -1483.5057373046875
v -131.82835388183594 -259.05328369140625 -1485.7080078125
v -113.39152526855469 -253.88180541992188 -1481.1766357421875
v -68.23884582519531 -245.82711791992188 -1483.7845458984375
v 21.96270751953125 -239.62986755371094 -1499.9058837890625
v -142.3835906982422 -227.3849639892578 -1491.5155029296875
v -19.91025733947754 -336.615478515625 -1469.4566650390625
v 63.922664642333984 -330.7198791503906 -1478.4185791015625
v -110.3576431274414 -277.333251953125 -1482.29052734375
v -114.47856903076172 -273.637939453125 -1494.547119140625
v -135.27752685546875 -264.6405029296875 -1481.1788330078125
v -137.14694213867188 -250.4865264892578 -1479.606689453125
v -9.53675651550293 -246.18084716796875 -1497.54443359375
v -47.99541473388672 -244.65599060058594 -1487.099853515625
v 34.69721984863281 -358.22705078125 -1483.5487060546875
v -103.29188537597656 -314.6121826171875 -1478.2542724609375
v 42.21692657470703 -256.0677490234375 -1503.7572021484375
v -27.083600997924805 -252.90480041503906 -1485.2423095703125
v 125.56412506103516 -256.8037109375 -1484.7847900390625
v 86.62565612792969 -254.43177795410156 -1497.8489990234375
v -146.11476135253906 -230.9542236328125 -1479.548095703125
v -57.88047790527344 -346.2767333984375 -1479.6583251953125
v 89.55073547363281 -270.2633361816406 -1491.782958984375
v -53.57052993774414 -243.08651733398438 -1483.186767578125
v -105.48465728759766 -240.39239501953125 -1481.280029296875
v -143.1539764404297 -234.766357421875 -1477.637451171875
v -91.34133911132812 -306.9784240722656 -1490.6231689453125
v 114.85508728027344 -281.1338806152344 -1483.330078125
v -134.35055541992188 -267.7019348144531 -1477.8775634765625
v -134.6035614013672 -260.8580322265625 -1480.865966796875
v 92.93408966064453 -259.95611572265625 -1492.1162109375
v 73.19930267333984 -257.4986267089844 -1495.805419921875
v 78.53382110595703 -252.58758544921875 -1493.21142578125
v -135.71429443359375 -233.62684631347656 -1483.896240234375
v -10.119149208068848 -358.6973876953125 -1479.954833984375
v 67.33588409423828 -345.72601318359375 -1473.510986328125
v -74.08373260498047 -341.2656555175781 -1481.98388671875
v -32.081993103027344 -338.19927978515625 -1479.511962890625
v -79.78797149658203 -306.79388427734375 -1464.4825439453125
v -134.5100860595703 -273.24322509765625 -1480.605224609375
v 120.93594360351562 -270.66082763671875 -1483.8194580078125
v -134.8323974609375 -251.64004516601562 -1480.375
v -134.43638610839844 -227.2353973388672 -1477.6353759765625
v -13.492212295532227 -253.68646240234375 -1481.4993896484375
v -82.68566131591797 -247.46253967285156 -1471.4234619140625
v -80.361572265625 -247.33853149414062 -1478.609130859375
v -45.9858512878418 -244.8550567626953 -1475.4410400390625
v 42.02173614501953 -356.6280517578125 -1481.831787109375
v -80.5008544921875 -337.3265686035156 -1484.9786376953125
v 80.33466339111328 -311.5777282714844 -1487.91015625
v -105.09725952148438 -286.89971923828125 -1479.6512451171875
v -126.13506317138672 -272.4021301269531 -1475.8494873046875
v -137.3076171875 -245.5297393798828 -1480.7685546875
v -133.3912811279297 -212.20718383789062 -1479.937744140625
v -48.31297302246094 -349.9884948730469 -1487.771484375
v 116.48677062988281 -277.1940612792969 -1481.5294189453125
v 59.811790466308594 -261.2887878417969 -1490.8031005859375
v 35.561439514160156 -253.30528259277344 -1498.5986328125
v -56.77544403076172 -247.66725158691406 -1470.5638427734375
v 16.767372131347656 -241.80740356445312 -1494.84521484375
v -134.36083984375 -240.989501953125 -1477.2333984375
v -132.1287841796875 -201.80032348632812 -1471.108642578125
v 22.151670455932617 -341.50750732421875 -1482.2222900390625
v 46.37416076660156 -340.8196716308594 -1485.120849609375
v 101.47001647949219 -315.3510437011719 -1489.4521484375
v -112.35501861572266 -267.0537109375 -1480.1759033203125
v -135.3660430908203 -253.85427856445312 -1475.5985107421875
v -98.20195770263672 -246.70159912109375 -1486.2218017578125
v 2.4126031398773193 -247.4302978515625 -1489.8076171875
v 8.274138450622559 -240.699462890625 -1500.3720703125
v -107.71951293945312 -232.1634979248047 -1476.782958984375
v -116.23225402832031 -292.05804443359375 -1470.748779296875
v 87.71139526367188 -285.75848388671875 -1483.2596435546875
v -9.090079307556152 -337.6133117675781 -1472.765625
v -3.224203586578369 -340.45794677734375 -1483.217529296875
v -131.27125549316406 -255.3298797607422 -1475.455322265625
v -131.98463439941406 -207.09718322753906 -1474.2000732421875
v 30.87667465209961 -357.54296875 -1476.9837646484375
v -87.26004791259766 -329.5189514160156 -1474.39501953125
v -66.13034057617188 -326.5054931640625 -1493.640625
v 90.79792022705078 -326.8421325683594 -1476.8148193359375
v 80.30693817138672 -300.302490234375 -1478.6759033203125
v -133.9905548095703 -254.9266815185547 -1476.843017578125
v 27.189096450805664 -242.26976013183594 -1502.843505859375
v -91.48040008544922 -245.6361541748047 -1469.7093505859375
v 123.09815216064453 -245.49169921875 -1484.3878173828125
v -110.88906860351562 -233.63650512695312 -1477.47314453125
v 55.64174270629883 -336.8119812011719 -1483.7806396484375
v -48.93082046508789 -333.68328857421875 -1486.8411865234375
v 76.75843048095703 -301.0905456542969 -1465.4014892578125
v -134.8155059814453 -233.74893188476562 -1474.1663818359375
v -15.31054973602295 -356.2959289550781 -1475.42236328125
v 46.91100311279297 -351.73931884765625 -1469.4637451171875
v 105.39971923828125 -292.94012451171875 -1477.452392578125
v 88.43975067138672 -272.49822998046875 -1486.8275146484375
v -33.21595764160156 -251.5824737548828 -1477.93115234375
v -71.69623565673828 -247.67010498046875 -1474.6441650390625
v -82.66012573242188 -333.07598876953125 -1467.17431640625
v 119.41312408447266 -271.0113220214844 -1475.0267333984375
v 41.49459457397461 -259.49072265625 -1493.4774169921875
v -20.086963653564453 -254.2094268798828 -1481.830322265625
v 80.66650390625 -253.2994384765625 -1486.721435546875
v 25.49260139465332 -243.03541564941406 -1495.123046875
v -106.1474609375 -232.29908752441406 -1470.4212646484375
v -131.45498657226562 -214.5858154296875 -1470.6446533203125
v -38.31928634643555 -349.3663024902344 -1476.0484619140625
v -58.169944763183594 -320.6659240722656 -1461.33984375
v 20.97464370727539 -244.7341766357422 -1491.92041015625
v -112.0923080444336 -238.2806854248047 -1472.521240234375
v -130.05520629882812 -198.52734375 -1468.5875244140625
v 7.149066925048828 -357.9418029785156 -1478.6168212890625
v 58.003379821777344 -349.3204040527344 -1474.17431640625
v 33.37790298461914 -338.8423156738281 -1472.2559814453125
v -73.3045425415039 -339.2259216308594 -1467.6636962890625
v 74.33373260498047 -310.4958190917969 -1475.6474609375
v 98.41204833984375 -311.9108581542969 -1473.7930908203125
v -133.78915405273438 -250.8535614013672 -1471.861083984375
v 75.34455871582031 -257.0293884277344 -1489.0396728515625
v 78.12179565429688 -250.1976776123047 -1493.41748046875
v -132.55545043945312 -238.19366455078125 -1470.79052734375
v -12.704038619995117 -355.13397216796875 -1469.6903076171875
v -70.55675506591797 -341.4677734375 -1470.817626953125
v 73.16377258300781 -321.9849853515625 -1479.459716796875
v -61.82241439819336 -344.5391845703125 -1468.035888671875
v 69.63703918457031 -340.3291015625 -1463.9429931640625
v 53.561363220214844 -333.18377685546875 -1470.0635986328125
v -82.10338592529297 -247.8878631591797 -1462.590576171875
v -43.18215560913086 -249.54151916503906 -1459.7952880859375
v -133.04312133789062 -246.87060546875 -1473.0596923828125
v -66.78272247314453 -343.7940368652344 -1468.874755859375
v -98.4665298461914 -242.67926025390625 -1469.001708984375
v -114.55876922607422 -237.32135009765625 -1481.5025634765625
v -24.894207000732422 -351.890380859375 -1471.3631591796875
v -52.037200927734375 -346.45709228515625 -1465.1322021484375
v 52.35122299194336 -262.203857421875 -1494.3466796875
v -132.8942413330078 -255.65090942382812 -1468.4669189453125
v -23.245397567749023 -255.80819702148438 -1472.124755859375
v 123.19677734375 -259.2260437011719 -1469.3524169921875
v -127.96826934814453 -249.37722778320312 -1460.9166259765625
v -37.560089111328125 -248.2589874267578 -1465.3868408203125
v -105.6255111694336 -231.37388610839844 -1464.0238037109375
v 2.1965391635894775 -355.50372314453125 -1460.5826416015625
v 104.65988159179688 -295.29071044921875 -1468.4715576171875
v 79.8882064819336 -292.2833251953125 -1469.960205078125
v 112.69473266601562 -284.3810729980469 -1470.5224609375
v 119.36524200439453 -264.3961181640625 -1476.48486328125
v 33.88408660888672 -253.0633544921875 -1493.300048828125
v 5.738022804260254 -356.6261291503906 -1468.2747802734375
v -42.905948638916016 -337.0972900390625 -1485.5732421875
v -78.8904800415039 -333.5794677734375 -1459.9091796875
v 87.33135223388672 -282.67059326171875 -1477.12451171875
v 114.02958679199219 -281.39617919921875 -1468.3118896484375
v 64.38005065917969 -259.91943359375 -1486.6912841796875
v -3.712226629257202 -253.56301879882812 -1477.9393310546875
v -132.4898223876953 -229.60655212402344 -1467.3594970703125
v -0.7223484516143799 -337.3152160644531 -1471.0548095703125
v -88.94012451171875 -325.442626953125 -1465.1859130859375
v 46.089908599853516 -261.7959899902344 -1489.8009033203125
v 36.944576263427734 -353.3715515136719 -1462.42138671875
v 80.72785949707031 -334.3767395019531 -1471.0830078125
v 91.94892120361328 -318.34283447265625 -1466.11328125
v -105.01858520507812 -307.99395751953125 -1467.695556640625
v 79.16773223876953 -254.3217010498047 -1477.1409912109375
v -128.58480834960938 -196.4251251220703 -1463.0068359375
v 55.65370559692383 -343.10467529296875 -1453.3074951171875
v -64.53974914550781 -343.3038635253906 -1463.6180419921875
v -74.54724884033203 -346.645263671875 -1465.2464599609375
v 52.54220962524414 -329.7574462890625 -1464.174072265625
v 52.259681701660156 -263.1572265625 -1480.1888427734375
v -60.2576904296875 -249.30702209472656 -1466.850830078125
v 74.82197570800781 -253.6114501953125 -1484.168212890625
v 115.38504028320312 -223.36062622070312 -1480.9483642578125
v -70.8199234008789 -341.2527770996094 -1462.07177734375
v 79.24998474121094 -328.2530517578125 -1454.144775390625
v -109.36775207519531 -268.4196472167969 -1471.788330078125
v -17.805524826049805 -258.2468566894531 -1466.9971923828125
v -130.3201446533203 -237.95223999023438 -1463.1778564453125
v 117.55992126464844 -241.60244750976562 -1469.0283203125
v -36.076866149902344 -332.4031066894531 -1460.528076171875
v -120.41779327392578 -277.02728271484375 -1462.0684814453125
v -106.13208770751953 -246.46495056152344 -1461.2060546875
v 83.61087036132812 -257.65496826171875 -1468.98779296875
v -31.856060028076172 -249.55352783203125 -1459.174072265625
v 118.98953247070312 -248.60858154296875 -1470.9490966796875
v -128.68350219726562 -212.19496154785156 -1460.5235595703125
v -62.108421325683594 -342.2875061035156 -1457.4862060546875
v 38.88010025024414 -336.728515625 -1467.64453125
v -89.03504180908203 -296.5831604003906 -1460.9259033203125
v 92.05311584472656 -262.3314208984375 -1483.9283447265625
v -130.51748657226562 -211.47796630859375 -1463.68994140625
v -71.16075134277344 -313.04071044921875 -1462.68896484375
v -107.0650405883789 -300.1697082519531 -1459.0113525390625
v -27.242130279541016 -253.97459411621094 -1462.9893798828125
v 126.35057830810547 -254.13497924804688 -1482.561767578125
v 31.824350357055664 -252.77650451660156 -1485.336181640625
v -130.6193084716797 -244.61929321289062 -1462.3968505859375
v -127.18035125732422 -198.99156188964844 -1458.2244873046875
v 19.151615142822266 -338.4443359375 -1470.397216796875
v 91.34446716308594 -263.2751770019531 -1471.0181884765625
v 7.746031761169434 -248.379638671875 -1484.4527587890625
v -129.9486846923828 -219.6983184814453 -1462.2872314453125
v -39.48876190185547 -347.7117919921875 -1463.218017578125
v 65.90518951416016 -313.39691162109375 -1459.1492919921875
v -127.23402404785156 -263.27691650390625 -1467.2872314453125
v -103.19590759277344 -237.77467346191406 -1467.7020263671875
v -101.6116714477539 -231.3961944580078 -1457.089599609375
v -130.31813049316406 -225.92723083496094 -1460.2705078125
v -130.46490478515625 -206.70655822753906 -1464.703857421875
v 100.05962371826172 -301.8394470214844 -1457.0875244140625
v -104.34552001953125 -278.447509765625 -1466.8245849609375
v 43.65520477294922 -261.03515625 -1478.742919921875
v 37.94701385498047 -258.9618835449219 -1487.3236083984375
v -107.89574432373047 -234.20584106445312 -1464.3839111328125
v 26.599525451660156 -356.142333984375 -1467.8355712890625
v 44.76468276977539 -334.85931396484375 -1468.69580078125
v 39.68217849731445 -257.18731689453125 -1472.9368896484375
v 17.49614906311035 -246.284912109375 -1485.827880859375
v -96.05730438232422 -286.98486328125 -1459.7059326171875
v 77.35747528076172 -281.6152648925781 -1463.92822265625
v -99.23834991455078 -238.72471618652344 -1452.9356689453125
v -31.021785736083984 -333.959716796875 -1461.62158203125
v 73.7711181640625 -294.8067932128906 -1457.5892333984375
v -10.64091682434082 -258.0125732421875 -1468.283203125
v -67.74337005615234 -250.03952026367188 -1463.419677734375
v -129.8091278076172 -216.3377227783203 -1455.0433349609375
v 17.32412338256836 -354.63311767578125 -1453.140625
v -61.2733268737793 -253.07489013671875 -1446.9566650390625
v 61.4453239440918 -324.08526611328125 -1461.841064453125
v -102.43270874023438 -265.2076721191406 -1455.619873046875
v 73.65657806396484 -252.11546325683594 -1473.345703125
v -68.76323699951172 -305.1505432128906 -1441.8465576171875
v 48.654258728027344 -261.43804931640625 -1472.573974609375
v 112.92011260986328 -227.54617309570312 -1462.2413330078125
v -0.02304072119295597 -352.4347229003906 -1444.7203369140625
v -21.59398651123047 -350.3114929199219 -1459.755615234375
v -10.487434387207031 -351.9383544921875 -1452.81298828125
v 28.53531265258789 -330.9750671386719 -1450.8056640625
v 67.71928405761719 -336.9689025878906 -1452.6092529296875
v 88.54790496826172 -276.10198974609375 -1474.546875
v -127.40752410888672 -241.12655639648438 -1456.8203125
v 69.87298583984375 -250.68211364746094 -1465.91552734375
v 2.5682990550994873 -335.3294677734375 -1458.1322021484375
v 108.8186264038086 -288.93499755859375 -1455.86669921875
v 120.77752685546875 -260.6668395996094 -1456.957763671875
v -32.642723083496094 -250.32093811035156 -1454.9715576171875
v -92.19607543945312 -245.06863403320312 -1458.685302734375
v 13.634979248046875 -248.1917266845703 -1479.837646484375
v 27.859888076782227 -249.02197265625 -1482.9339599609375
v -128.52012634277344 -231.0294189453125 -1456.4622802734375
v 8.934258460998535 -355.5342712402344 -1453.0615234375
v -71.55088806152344 -338.45379638671875 -1459.5958251953125
v -44.42301559448242 -330.04107666015625 -1461.9161376953125
v 49.972042083740234 -323.455810546875 -1448.226806640625
v -121.1011734008789 -267.4801330566406 -1454.6292724609375
v 119.96126556396484 -268.2196350097656 -1460.9112548828125
v -17.829830169677734 -258.2721252441406 -1459.73828125
v 73.72380828857422 -251.25697326660156 -1468.485107421875
v 23.752737045288086 -247.26539611816406 -1480.3154296875
v 46.168941497802734 -329.3512268066406 -1454.4114990234375
v -4.7078776359558105 -258.7178955078125 -1462.3709716796875
v 62.99712371826172 -262.0224304199219 -1474.113525390625
v -41.69072723388672 -344.08380126953125 -1448.1876220703125
v 47.431732177734375 -315.1663513183594 -1434.6231689453125
v -121.82292938232422 -259.3116149902344 -1450.289306640625
v 69.44831085205078 -256.1721496582031 -1473.7281494140625
v 34.90036392211914 -254.60765075683594 -1474.887939453125
v -101.47759246826172 -233.38525390625 -1452.3978271484375
v -127.97200775146484 -214.89010620117188 -1453.1458740234375
v -129.87098693847656 -214.15399169921875 -1450.7408447265625
v 38.38539505004883 -332.2649841308594 -1457.4114990234375
v 53.624969482421875 -261.62109375 -1465.589599609375
v -124.70184326171875 -197.24278259277344 -1454.1171875
v -27.82063102722168 -348.1047058105469 -1452.0963134765625
v -54.49801254272461 -342.2227478027344 -1447.9564208984375
v 79.66702270507812 -275.6037902832031 -1457.8455810546875
v -17.987220764160156 -257.45831298828125 -1452.654541015625
v 45.415489196777344 -260.02838134765625 -1467.883544921875
v 33.716651916503906 -351.1035461425781 -1450.481689453125
v 116.34500885009766 -271.378173828125 -1461.062744140625
v -11.727073669433594 -260.26312255859375 -1458.1317138671875
v 84.89706420898438 -317.4300842285156 -1448.84814453125
v -89.10037994384766 -283.38751220703125 -1443.89111328125
v -101.16972351074219 -275.6362609863281 -1458.0982666015625
v 61.14383316040039 -259.41571044921875 -1464.3155517578125
v -128.1204833984375 -221.0782470703125 -1450.9051513671875
v 22.28569793701172 -352.1879577636719 -1446.029541015625
v -107.79975891113281 -289.7964782714844 -1445.9427490234375
v -113.21484375 -275.9833984375 -1444.138916015625
v 86.79027557373047 -267.72412109375 -1461.2515869140625
v -49.91447448730469 -252.98687744140625 -1448.321044921875
v -28.44162368774414 -252.15924072265625 -1444.8251953125
v -95.27220153808594 -242.07464599609375 -1450.7696533203125
v 18.699621200561523 -248.65562438964844 -1474.568603515625
v 115.46515655517578 -252.8607177734375 -1456.790283203125
v -29.09400749206543 -345.97357177734375 -1441.281005859375
v -67.06484985351562 -336.364990234375 -1446.553955078125
v -79.84600830078125 -327.6571960449219 -1449.7823486328125
v -89.18730163574219 -318.1959533691406 -1447.514892578125
v 110.39938354492188 -284.78570556640625 -1452.8114013671875
v -27.744070053100586 -251.07142639160156 -1453.591064453125
v 12.949455261230469 -250.62445068359375 -1468.788818359375
v -98.11721801757812 -240.65304565429688 -1444.52685546875
v 65.51476287841797 -245.92623901367188 -1465.944580078125
v -7.526462554931641 -354.11865234375 -1449.400390625
v 55.865840911865234 -313.6940612792969 -1444.251220703125
v 114.05284118652344 -277.0321350097656 -1458.26123046875
v 3.88580322265625 -254.16046142578125 -1467.6922607421875
v 65.27439880371094 -256.1749267578125 -1461.80615234375
v 114.34685516357422 -230.17918395996094 -1456.6749267578125
v 70.68914794921875 -303.214599609375 -1455.6993408203125
v -101.43412017822266 -250.37869262695312 -1451.0814208984375
v -125.217529296875 -237.99609375 -1446.414794921875
v 113.7311019897461 -237.431396484375 -1445.6881103515625
v -121.31163024902344 -199.26194763183594 -1440.7176513671875
v -75.63211822509766 -249.68870544433594 -1438.59765625
v 56.83618927001953 -256.0399169921875 -1460.512451171875
v 53.994667053222656 -337.9515075683594 -1438.1343994140625
v -82.77164459228516 -319.07708740234375 -1434.2835693359375
v 6.5198588371276855 -254.71481323242188 -1455.3712158203125
v 51.95479202270508 -260.4054870605469 -1463.47705078125
v 44.702537536621094 -255.35658264160156 -1464.8118896484375
v 116.43541717529297 -242.52975463867188 -1454.7730712890625
v -65.69873809814453 -333.5725402832031 -1439.8421630859375
v 85.25800323486328 -314.1857604980469 -1442.088623046875
v -124.35623168945312 -246.27183532714844 -1449.273681640625
v -123.45657348632812 -229.3844451904297 -1437.290283203125
v -125.95097351074219 -213.24630737304688 -1447.9384765625
v -126.12594604492188 -203.44786071777344 -1450.3653564453125
v 17.11469268798828 -334.3397521972656 -1453.9434814453125
v -69.91376495361328 -329.2525329589844 -1436.6663818359375
v 73.1583480834961 -287.9581298828125 -1449.790771484375
v 74.40703582763672 -281.5619812011719 -1448.4334716796875
v 110.83782196044922 -273.7104187011719 -1444.1829833984375
v 63.231685638427734 -245.23135375976562 -1455.7176513671875
v 36.20829391479492 -249.89315795898438 -1464.4285888671875
v -13.43596076965332 -350.45465087890625 -1444.0941162109375
v 85.83404541015625 -260.23583984375 -1456.2735595703125
v 77.84336853027344 -253.26243591308594 -1455.775146484375
v 3.1606931686401367 -330.45233154296875 -1437.6107177734375
v 75.46759033203125 -322.099853515625 -1437.0419921875
v -56.848628997802734 -317.2233581542969 -1447.6468505859375
v -99.04705047607422 -305.65887451171875 -1443.8760986328125
v -96.19696044921875 -238.4331512451172 -1443.47412109375
v -2.963129758834839 -351.45501708984375 -1442.326904296875
v 99.12196350097656 -296.4721374511719 -1441.8900146484375
v 115.08272552490234 -267.7432861328125 -1444.536865234375
v -11.353096961975098 -257.33172607421875 -1440.4605712890625
v 17.634170532226562 -329.163330078125 -1439.948974609375
v -124.53392028808594 -219.64979553222656 -1439.1617431640625
v -67.61981964111328 -333.02825927734375 -1438.0562744140625
v -51.55710983276367 -317.6495361328125 -1441.345947265625
v 75.50933837890625 -278.7721862792969 -1443.6373291015625
v 112.5159683227539 -252.4601287841797 -1443.2325439453125
v -120.9686050415039 -244.78338623046875 -1437.0267333984375
v -127.72561645507812 -216.24940490722656 -1437.7108154296875
v 49.45866012573242 -254.156494140625 -1459.8701171875
v 71.13414764404297 -249.33087158203125 -1445.42236328125
v 31.531538009643555 -248.70513916015625 -1467.07958984375
v -13.53341293334961 -331.0528564453125 -1444.478759765625
v 116.59303283691406 -258.8283996582031 -1451.384765625
v -128.0140380859375 -223.07656860351562 -1441.6339111328125
v -128.32049560546875 -215.81419372558594 -1447.9937744140625
v -32.999080657958984 -343.7789306640625 -1430.5037841796875
v 64.95491027832031 -330.1692810058594 -1437.68896484375
v -55.90829849243164 -254.83998107910156 -1436.7730712890625
v 30.43474769592285 -244.2549285888672 -1459.6478271484375
v 43.32454299926758 -250.31768798828125 -1460.564208984375
v 57.32856369018555 -241.89920043945312 -1453.1580810546875
v 66.90690612792969 -245.23324584960938 -1454.3409423828125
v -123.48478698730469 -213.8346710205078 -1438.45556640625
v -101.69660186767578 -299.4688415527344 -1440.2796630859375
v -92.35238647460938 -265.4697265625 -1438.5919189453125
v 23.17876625061035 -246.2326202392578 -1470.058349609375
v -122.40030670166016 -218.50604248046875 -1431.279296875
v -64.45452880859375 -331.81842041015625 -1434.5166015625
v -47.02582931518555 -313.5190734863281 -1424.1019287109375
v -30.986318588256836 -254.06324768066406 -1434.64453125
v -22.317888259887695 -252.13992309570312 -1446.910888671875
v -7.300890922546387 -350.9681091308594 -1429.2884521484375
v -22.1745662689209 -348.8294372558594 -1434.5400390625
v 44.567325592041016 -347.0480651855469 -1450.7393798828125
v -97.33831787109375 -313.3933410644531 -1455.9266357421875
v -76.30072784423828 -298.0969543457031 -1441.2557373046875
v 108.00908660888672 -272.34796142578125 -1432.8416748046875
v 83.69964599609375 -257.81884765625 -1448.384521484375
v -64.98297119140625 -253.42324829101562 -1437.418701171875
v -92.58056640625 -254.41172790527344 -1435.5836181640625
v 51.497955322265625 -244.3724822998047 -1451.859375
v 36.14641571044922 -322.3013000488281 -1433.551513671875
v -113.8365707397461 -273.4532165527344 -1442.8199462890625
v 73.94685363769531 -272.73443603515625 -1434.015625
v 111.69799041748047 -226.9317626953125 -1444.472900390625
v -124.38224792480469 -228.1269073486328 -1427.1103515625
v -112.65980529785156 -260.9492492675781 -1428.4642333984375
v -117.36758422851562 -252.60353088378906 -1434.9210205078125
v 76.758544921875 -254.8729705810547 -1443.236083984375
v -50.22138214111328 -339.5295104980469 -1436.5814208984375
v -43.69489288330078 -321.4072570800781 -1436.9527587890625
v -100.0983657836914 -290.63739013671875 -1422.76611328125
v -45.154296875 -255.10546875 -1435.230224609375
v -18.132070541381836 -251.6906280517578 -1436.833984375
v 52.62651824951172 -234.14324951171875 -1448.67236328125
v 2.189364433288574 -323.9024963378906 -1423.1270751953125
v 87.63999938964844 -307.22210693359375 -1433.7340087890625
v 62.87327575683594 -298.2710876464844 -1438.686279296875
v -24.776893615722656 -254.03123474121094 -1427.206787109375
v 22.772924423217773 -244.5039520263672 -1457.28759765625
v -128.5187225341797 -219.87246704101562 -1433.646484375
v 30.620777130126953 -325.7743225097656 -1437.1854248046875
v -2.153456926345825 -258.1820068359375 -1446.4097900390625
v 112.86833190917969 -245.5744171142578 -1442.9427490234375
v -119.43146514892578 -239.30372619628906 -1431.6827392578125
v -124.25004577636719 -225.3081817626953 -1427.330078125
v 59.96944808959961 -290.46453857421875 -1423.193115234375
v -26.90479278564453 -254.86842346191406 -1422.6123046875
v -11.818883895874023 -252.71456909179688 -1430.06298828125
v 22.43512535095215 -244.9856719970703 -1462.9185791015625
v -65.31873321533203 -330.3132629394531 -1428.9862060546875
v 50.55409622192383 -301.97723388671875 -1423.164306640625
v -60.64981460571289 -253.51036071777344 -1426.7379150390625
v 109.65616607666016 -254.98089599609375 -1429.31103515625
v 36.977848052978516 -237.41041564941406 -1448.3173828125
v -120.65216064453125 -209.77967834472656 -1427.75
v 68.81290435791016 -322.4048156738281 -1430.61376953125
v -34.63455581665039 -322.5939636230469 -1427.2928466796875
v 57.83380889892578 -239.72601318359375 -1448.025146484375
v -69.7024917602539 -294.6455078125 -1426.7281494140625
v 64.25694274902344 -284.75958251953125 -1437.9927978515625
v 69.33000946044922 -276.5047302246094 -1430.851806640625
v 76.21331024169922 -264.2624206542969 -1432.361572265625
v -0.9323648810386658 -256.4302978515625 -1430.884033203125
v 79.38288116455078 -255.8184814453125 -1440.8438720703125
v 38.95838165283203 -342.0787658691406 -1428.20703125
v -75.01841735839844 -323.8941955566406 -1429.17724609375
v -77.62511444091797 -247.4551544189453 -1429.8433837890625
v 17.57805824279785 -250.27931213378906 -1441.921630859375
v -120.1286392211914 -228.7550048828125 -1427.4649658203125
v -117.07429504394531 -199.98672485351562 -1424.4083251953125
v -21.761428833007812 -346.859619140625 -1421.07763671875
v 19.2398624420166 -348.32513427734375 -1429.689208984375
v -50.81205368041992 -337.3200378417969 -1428.37744140625
v 23.451108932495117 -327.4566345214844 -1436.4283447265625
v -78.08757019042969 -290.4101867675781 -1432.4139404296875
v -51.736534118652344 -255.0109100341797 -1426.8448486328125
v 112.51541900634766 -258.8164978027344 -1433.726806640625
v 111.33148193359375 -231.52813720703125 -1432.31201171875
v 44.34896469116211 -235.24693298339844 -1446.949951171875
v 58.843143463134766 -302.4288635253906 -1435.7491455078125
v 102.80465698242188 -287.6387634277344 -1435.7515869140625
v 65.55252838134766 -280.8232727050781 -1427.2169189453125
v 111.37138366699219 -266.66925048828125 -1432.773193359375
v 7.6837358474731445 -254.35206604003906 -1438.2220458984375
v -85.43443298339844 -251.0192108154297 -1420.893310546875
v -89.85786437988281 -243.2704620361328 -1430.4901123046875
v -82.04931640625 -243.86090087890625 -1428.099609375
v -116.36891174316406 -235.56210327148438 -1416.5540771484375
v 105.32991027832031 -280.42919921875 -1428.482177734375
v -87.30619812011719 -275.16229248046875 -1434.3746337890625
v -15.863368034362793 -251.6703338623047 -1425.2525634765625
v 72.99861907958984 -250.5169219970703 -1433.730712890625
v 65.34364318847656 -244.46066284179688 -1438.2459716796875
v 54.35458755493164 -331.45123291015625 -1425.1507568359375
v -79.78193664550781 -281.423828125 -1426.6033935546875
v 72.89264678955078 -252.40298461914062 -1437.529541015625
v 25.478782653808594 -246.1790008544922 -1443.306396484375
v -115.16107940673828 -197.6433563232422 -1423.25341796875
v -17.39605712890625 -348.2483825683594 -1422.5147705078125
v -85.06902313232422 -238.1963348388672 -1424.2508544921875
v -30.18498992919922 -320.8747863769531 -1419.011962890625
v 58.689964294433594 -238.5404815673828 -1433.65283203125
v -55.5438117980957 -308.20831298828125 -1427.9844970703125
v -107.82992553710938 -279.6742858886719 -1432.791259765625
v 28.74349594116211 -245.92356872558594 -1427.7685546875
v -88.09422302246094 -239.3890838623047 -1428.781494140625
v 46.427574157714844 -232.67347717285156 -1441.3154296875
v 31.788150787353516 -345.08905029296875 -1428.9697265625
v -1.3672599792480469 -253.3127899169922 -1420.0291748046875
v 77.32926940917969 -249.7967987060547 -1435.0970458984375
v 65.22740936279297 -246.4332733154297 -1430.9742431640625
v 52.72535705566406 -233.587890625 -1442.7352294921875
v -15.613922119140625 -355.9007873535156 -1418.7291259765625
v -25.081384658813477 -325.9631042480469 -1429.6544189453125
v -74.7906494140625 -322.24078369140625 -1422.67724609375
v -66.14299011230469 -248.87002563476562 -1416.507568359375
v -0.4518549144268036 -348.50897216796875 -1422.397216796875
v 45.245670318603516 -337.7599182128906 -1425.9156494140625
v -61.7159538269043 -297.3551025390625 -1420.230712890625
v 109.49628448486328 -239.73268127441406 -1429.7677001953125
v -0.49085256457328796 -319.489013671875 -1414.3114013671875
v 60.799190521240234 -323.2870178222656 -1417.769775390625
v 19.348045349121094 -249.1170654296875 -1423.7445068359375
v 66.22611999511719 -245.63783264160156 -1428.2342529296875
v 31.936220169067383 -339.5775451660156 -1412.7525634765625
v -49.814212799072266 -335.15625 -1413.31884765625
v -57.60699462890625 -333.98651123046875 -1419.48779296875
v 71.10556030273438 -317.49932861328125 -1425.831298828125
v -54.26188278198242 -302.5401611328125 -1415.0594482421875
v -73.4321060180664 -283.0157165527344 -1418.4210205078125
v -106.21178436279297 -275.65576171875 -1423.22509765625
v -70.63043975830078 -245.1811065673828 -1413.3509521484375
v -115.25984191894531 -249.67337036132812 -1424.427978515625
v 10.988438606262207 -344.691650390625 -1411.0260009765625
v -66.68331909179688 -328.847412109375 -1423.8572998046875
v -74.26228332519531 -317.9683532714844 -1403.055419921875
v 15.583296775817871 -321.0953674316406 -1419.580322265625
v 55.74992370605469 -291.71575927734375 -1418.38232421875
v -97.20423889160156 -293.93609619140625 -1419.0235595703125
v 69.8993148803711 -264.5312194824219 -1419.7867431640625
v 73.4794921875 -259.9786376953125 -1427.1624755859375
v 111.17735290527344 -248.92332458496094 -1431.53466796875
v -82.0374984741211 -236.60523986816406 -1414.5977783203125
v 35.32490921020508 -241.89825439453125 -1435.2740478515625
v -85.71686553955078 -312.8197937011719 -1426.6798095703125
v 31.056089401245117 -316.6074523925781 -1421.1824951171875
v 103.98844146728516 -269.6593017578125 -1416.9642333984375
v -8.149529457092285 -250.89064025878906 -1420.6484375
v 70.72842407226562 -248.33973693847656 -1424.2105712890625
v 50.06403732299805 -236.07762145996094 -1433.07763671875
v -9.441316604614258 -348.87579345703125 -1418.60498046875
v -24.753643035888672 -318.5394592285156 -1412.4783935546875
v -48.130496978759766 -307.9908447265625 -1415.291748046875
v 40.21029281616211 -313.750244140625 -1424.82470703125
v -63.863948822021484 -290.21282958984375 -1412.202880859375
v -37.48900604248047 -255.0879364013672 -1416.0230712890625
v -59.64361572265625 -252.27978515625 -1419.812255859375
v 106.32505798339844 -253.31402587890625 -1418.677734375
v -62.266510009765625 -330.5533752441406 -1415.1856689453125
v -81.89096069335938 -262.25927734375 -1418.53271484375
v 108.61466217041016 -260.7501525878906 -1420.391357421875
v 72.32235717773438 -241.19277954101562 -1429.56298828125
v 109.87411499023438 -228.0555877685547 -1423.210205078125
v -119.46031951904297 -219.50621032714844 -1422.65673828125
v -36.704105377197266 -338.9809265136719 -1417.0958251953125
v 71.07551574707031 -314.5916748046875 -1416.307861328125
v 66.38105010986328 -272.706787109375 -1418.60888671875
v -42.87455368041992 -254.07362365722656 -1413.51123046875
v -114.85379791259766 -217.2212677001953 -1410.8358154296875
v -115.22273254394531 -203.15628051757812 -1416.3587646484375
v -108.43635559082031 -254.63441467285156 -1405.8271484375
v -112.81517028808594 -239.6199188232422 -1409.0606689453125
v 110.162109375 -235.7303924560547 -1418.2811279296875
v 67.25029754638672 -235.47630310058594 -1426.2171630859375
v -3.2291066646575928 -345.7523498535156 -1407.0074462890625
v 7.890191078186035 -351.34979248046875 -1433.0235595703125
v -58.46577835083008 -294.4744567871094 -1409.4459228515625
v -14.411837577819824 -251.6199951171875 -1418.1005859375
v 78.28225708007812 -249.25599670410156 -1422.074951171875
v 75.01748657226562 -239.0447998046875 -1422.2572021484375
v 110.37454223632812 -224.55911254882812 -1420.4935302734375
v -18.717914581298828 -346.5902404785156 -1415.647705078125
v 55.56608581542969 -325.54119873046875 -1411.1456298828125
v 101.4140625 -274.8360290527344 -1414.0455322265625
v 7.125545024871826 -251.10476684570312 -1411.5987548828125
v 6.8160247802734375 -253.5280303955078 -1426.3975830078125
v -77.58267974853516 -240.55465698242188 -1414.146484375
v 42.920291900634766 -242.50390625 -1426.9954833984375
v 55.86575698852539 -241.84495544433594 -1422.6348876953125
v 21.866439819335938 -316.4406433105469 -1414.510009765625
v -34.97503662109375 -313.97515869140625 -1408.2574462890625
v 91.66002655029297 -298.7485656738281 -1423.0921630859375
v -77.72844696044922 -274.2108154296875 -1418.26025390625
v 80.20480346679688 -250.1674346923828 -1421.082275390625
v -74.79460906982422 -246.76312255859375 -1407.083251953125
v 80.45926666259766 -245.74842834472656 -1425.3414306640625
v 58.356658935546875 -227.2552947998047 -1422.9942626953125
v -14.46487045288086 -347.2770690917969 -1413.598388671875
v -57.17789840698242 -332.27947998046875 -1408.78173828125
v -92.99727630615234 -302.2814636230469 -1422.2275390625
v 69.7315902709961 -258.3499450683594 -1419.466064453125
v 76.94904327392578 -257.8247985839844 -1417.36376953125
v -80.51802062988281 -244.29505920410156 -1413.6737060546875
v -111.908447265625 -199.9383087158203 -1412.5804443359375
v -69.77073669433594 -323.5926818847656 -1406.6234130859375
v 74.81298065185547 -257.9433898925781 -1416.5743408203125
v -11.202378273010254 -250.24270629882812 -1408.1395263671875
v 20.400405883789062 -247.79917907714844 -1412.1881103515625
v 65.78005981445312 -236.80935668945312 -1423.2244873046875
v -66.0156021118164 -327.4842529296875 -1410.4886474609375
v -14.761778831481934 -320.8559875488281 -1415.602783203125
v -103.04908752441406 -280.0357666015625 -1416.51171875
v 37.924747467041016 -243.5251007080078 -1414.228271484375
v 21.094654083251953 -342.3970947265625 -1411.4373779296875
v 93.41869354248047 -287.7699279785156 -1409.8839111328125
v -47.65218734741211 -250.18685913085938 -1404.4542236328125
v -114.75052642822266 -227.34146118164062 -1410.0181884765625
v -111.73145294189453 -204.4564971923828 -1408.1788330078125
v -1.3789949417114258 -248.93312072753906 -1407.046875
v 109.0114517211914 -246.38687133789062 -1418.9805908203125
v 56.28258514404297 -239.54437255859375 -1420.2962646484375
v 51.96725082397461 -234.39056396484375 -1419.569580078125
v 37.95106887817383 -335.0793151855469 -1405.219482421875
v -66.34207916259766 -335.663818359375 -1410.63232421875
v -8.653167724609375 -316.9639892578125 -1407.2081298828125
v -65.38180541992188 -283.81890869140625 -1407.1993408203125
v 74.07827758789062 -264.4471130371094 -1413.7557373046875
v -47.111366271972656 -302.4831237792969 -1404.987060546875
v 92.46856689453125 -280.7685241699219 -1398.9619140625
v 60.927284240722656 -269.2633972167969 -1406.742919921875
v 104.61520385742188 -255.50308227539062 -1415.5394287109375
v 67.47007751464844 -233.78988647460938 -1418.29931640625
v -109.1915283203125 -199.1287841796875 -1405.2335205078125
v -9.38527774810791 -345.4267578125 -1404.4854736328125
v 11.775456428527832 -314.1734313964844 -1408.1431884765625
v 72.03299713134766 -265.45123291015625 -1405.185302734375
v 69.28108978271484 -259.8646240234375 -1406.22119140625
v 79.42790222167969 -236.59571838378906 -1417.541259765625
v 70.87153625488281 -236.15663146972656 -1417.3502197265625
v 85.52049255371094 -302.32470703125 -1415.8587646484375
v -29.10317039489746 -252.36773681640625 -1405.0084228515625
v 62.48895263671875 -249.8837890625 -1414.0882568359375
v 104.81934356689453 -251.25396728515625 -1412.142822265625
v -21.304304122924805 -314.68115234375 -1405.00732421875
v 2.3032567501068115 -315.8146057128906 -1408.0557861328125
v -93.0804214477539 -296.5182800292969 -1409.05078125
v -70.15897369384766 -275.310546875 -1407.1373291015625
v 70.1231918334961 -269.8586730957031 -1406.8797607421875
v -107.38770294189453 -254.40731811523438 -1399.534912109375
v 104.64734649658203 -259.9826354980469 -1411.7557373046875
v -77.16989135742188 -234.66896057128906 -1405.7520751953125
v 74.68069458007812 -243.23963928222656 -1418.8302001953125
v 60.49031066894531 -239.25900268554688 -1417.972900390625
v -33.38433074951172 -338.07275390625 -1408.291015625
v -75.9798355102539 -256.33978271484375 -1408.1475830078125
v 59.964683532714844 -246.9228973388672 -1409.773681640625
v 55.55867385864258 -239.89883422851562 -1416.5833740234375
v 72.14767456054688 -241.5018768310547 -1414.92138671875
v 77.31262969970703 -238.5226287841797 -1412.967529296875
v -53.55615997314453 -296.61761474609375 -1405.56005859375
v 60.14260482788086 -277.0250244140625 -1409.3154296875
v 62.12067794799805 -261.1455078125 -1406.873779296875
v -24.622657775878906 -253.672607421875 -1413.058349609375
v 31.185136795043945 -244.99356079101562 -1407.58203125
v 74.26868438720703 -248.79286193847656 -1414.474609375
v 79.3069076538086 -243.82127380371094 -1412.5723876953125
v 72.6171646118164 -245.86911010742188 -1415.400390625
v 65.37138366699219 -238.03924560546875 -1411.9814453125
v 110.18109893798828 -225.02906799316406 -1412.15576171875
v 102.85517883300781 -264.5728454589844 -1406.8033447265625
v 7.584911823272705 -249.44454956054688 -1405.9036865234375
v 68.57813262939453 -239.02259826660156 -1415.91650390625
v 35.44997024536133 -294.7732238769531 -1399.514892578125
v -53.58712387084961 -288.8119812011719 -1395.5712890625
v 100.2131118774414 -264.6082458496094 -1398.6187744140625
v 72.87052917480469 -251.0525360107422 -1406.6524658203125
v -106.47048950195312 -199.6494140625 -1394.5865478515625
v 22.226531982421875 -305.6062316894531 -1400.843017578125
v 107.60487365722656 -243.48561096191406 -1413.06005859375
v 76.74757385253906 -243.53419494628906 -1406.213134765625
v -82.57760620117188 -309.5372009277344 -1404.893310546875
v -29.628250122070312 -315.7373352050781 -1406.637939453125
v 86.28877258300781 -290.1746826171875 -1398.656005859375
v 78.26375579833984 -252.0279541015625 -1409.5687255859375
v 55.85694122314453 -255.46043395996094 -1403.73486328125
v 70.76119232177734 -249.07472229003906 -1410.079833984375
v 17.89977264404297 -244.98402404785156 -1401.1080322265625
v 64.03181457519531 -238.5343780517578 -1408.534912109375
v -17.404510498046875 -342.49749755859375 -1401.2894287109375
v 64.22728729248047 -272.1640930175781 -1399.4200439453125
v -69.1652603149414 -256.2655334472656 -1397.695556640625
v -51.780731201171875 -244.9149627685547 -1397.7291259765625
v -62.88615798950195 -244.18174743652344 -1403.7342529296875
v 72.9567642211914 -240.61361694335938 -1410.0703125
v 51.489952087402344 -234.92608642578125 -1411.949462890625
v -112.36904907226562 -223.24722290039062 -1402.3756103515625
v 63.70697784423828 -270.30609130859375 -1401.6385498046875
v 50.50037384033203 -272.2999572753906 -1399.719970703125
v 66.86518859863281 -241.72274780273438 -1407.48583984375
v 110.04830932617188 -223.5463104248047 -1408.3712158203125
v -41.86172866821289 -332.68365478515625 -1396.7684326171875
v -61.89933776855469 -328.7768859863281 -1404.978759765625
v -62.82181167602539 -322.9490966796875 -1387.47607421875
v -5.995988845825195 -311.0078430175781 -1398.2640380859375
v 29.74895668029785 -300.3311462402344 -1399.9205322265625
v 45.668479919433594 -280.7372131347656 -1399.9720458984375
v -64.287841796875 -274.70147705078125 -1397.377197265625
v 71.29070281982422 -247.10812377929688 -1406.83056640625
v 31.60480499267578 -241.70706176757812 -1402.818359375
v 72.27849578857422 -241.28187561035156 -1405.8311767578125
v 47.53875732421875 -330.90179443359375 -1408.390625
v 68.63984680175781 -312.4561767578125 -1401.5142822265625
v 58.25056457519531 -277.57794189453125 -1399.470458984375
v 70.59130096435547 -254.6493377685547 -1402.0054931640625
v -42.0380744934082 -248.69522094726562 -1399.31884765625
v 9.399850845336914 -243.6263885498047 -1398.0325927734375
v 61.41464614868164 -242.917724609375 -1404.2857666015625
v -69.9724349975586 -239.14010620117188 -1402.7369384765625
v -69.05010986328125 -229.96527099609375 -1395.5333251953125
v 44.65871810913086 -232.57041931152344 -1408.3138427734375
v -76.89718627929688 -207.53611755371094 -1396.21240234375
v -0.9880735278129578 -343.34002685546875 -1399.1944580078125
v 38.300079345703125 -332.3205261230469 -1390.375
v -98.79525756835938 -283.5403137207031 -1402.4478759765625
v 95.3128433227539 -274.1288757324219 -1396.367431640625
v -106.62460327148438 -254.3013153076172 -1391.907470703125
v 71.13768768310547 -238.87286376953125 -1403.4080810546875
v 37.37783432006836 -237.57876586914062 -1401.733642578125
v -108.74234771728516 -218.3382568359375 -1391.077392578125
v 53.472747802734375 -279.65716552734375 -1397.3319091796875
v -10.688209533691406 -247.5624237060547 -1397.0380859375
v 66.74352264404297 -249.6393280029297 -1402.840087890625
v 62.795623779296875 -246.8053436279297 -1400.4840087890625
v 64.63227081298828 -245.46533203125 -1404.2928466796875
v 76.46477508544922 -247.86302185058594 -1401.53955078125
v 14.009946823120117 -296.6629943847656 -1389.87158203125
v -36.0356559753418 -300.63372802734375 -1391.77880859375
v -92.26702117919922 -294.81695556640625 -1399.5458984375
v 52.15650177001953 -251.95550537109375 -1402.1571044921875
v 71.94708251953125 -249.7994384765625 -1402.3134765625
v 1.7381030321121216 -244.58956909179688 -1400.1466064453125
v 62.50619125366211 -245.3016357421875 -1404.410888671875
v 67.69932556152344 -243.49832153320312 -1401.2327880859375
v -57.43440628051758 -236.68190002441406 -1392.565673828125
v 43.653839111328125 -232.71939086914062 -1406.264404296875
v 74.41780090332031 -305.5091857910156 -1398.4296875
v -95.08660125732422 -287.373291015625 -1387.3704833984375
v 49.67681121826172 -261.8648681640625 -1397.050537109375
v 67.4190444946289 -253.05429077148438 -1399.1358642578125
v -45.43813705444336 -243.1140594482422 -1392.996337890625
v -70.20955657958984 -236.11257934570312 -1396.666015625
v 6.8679962158203125 -341.8779296875 -1395.7415771484375
v 45.296905517578125 -328.2236328125 -1386.8857421875
v 58.71535873413086 -318.0113525390625 -1388.22509765625
v -48.4632682800293 -293.78680419921875 -1397.503173828125
v -68.29563903808594 -245.7378692626953 -1395.4583740234375
v -62.539344787597656 -238.7197265625 -1389.2554931640625
v 55.100502014160156 -238.95973205566406 -1401.5198974609375
v -74.4305648803711 -207.34877014160156 -1395.7884521484375
v -14.352203369140625 -339.82366943359375 -1392.9063720703125
v 16.809701919555664 -341.1332702636719 -1399.518310546875
v 52.06992721557617 -324.1871032714844 -1389.3958740234375
v -19.744436264038086 -306.40704345703125 -1392.73876953125
v 26.05631446838379 -295.34552001953125 -1392.9307861328125
v 58.28188705444336 -274.9046325683594 -1392.1846923828125
v -102.51061248779297 -275.8455810546875 -1406.3568115234375
v 39.2726936340332 -272.0752868652344 -1390.4434814453125
v 45.482872009277344 -238.80673217773438 -1404.5030517578125
v 21.284265518188477 -238.14556884765625 -1394.86181640625
v 72.71353149414062 -241.46885681152344 -1401.7928466796875
v -74.884521484375 -218.3731231689453 -1389.6324462890625
v -7.373961925506592 -341.8877868652344 -1394.9007568359375
v -52.439449310302734 -331.32861328125 -1400.8941650390625
v -83.6511001586914 -306.496337890625 -1397.4429931640625
v 10.671796798706055 -304.1773681640625 -1395.6744384765625
v 45.31985092163086 -290.5265808105469 -1391.7325439453125
v 36.06675338745117 -285.9337158203125 -1393.392822265625
v 52.1239128112793 -281.6670837402344 -1391.5889892578125
v 49.40626525878906 -281.89276123046875 -1393.4310302734375
v -66.08802795410156 -267.7284240722656 -1396.0299072265625
v 62.75312042236328 -259.26116943359375 -1398.162109375
v -21.090625762939453 -246.6841278076172 -1393.19287109375
v 64.17232513427734 -242.10714721679688 -1398.724609375
v 4.080578804016113 -240.0972137451172 -1394.0723876953125
v -3.3909294605255127 -231.9857940673828 -1395.471435546875
v -70.2997055053711 -204.53526306152344 -1392.4312744140625
v -74.63888549804688 -315.809326171875 -1394.27783203125
v -4.314864158630371 -301.9982604980469 -1389.48828125
v -45.1522331237793 -285.438720703125 -1388.0916748046875
v -63.448883056640625 -258.6475524902344 -1390.1573486328125
v 73.41536712646484 -256.6811218261719 -1398.253173828125
v 103.99302673339844 -251.39051818847656 -1400.0111083984375
v 59.574703216552734 -241.87657165527344 -1397.109130859375
v 52.28511428833008 -238.5099334716797 -1400.482421875
v -74.59688568115234 -221.47645568847656 -1393.42529296875
v -75.76577758789062 -202.98744201660156 -1393.9844970703125
v -67.04266357421875 -321.998779296875 -1393.110107421875
v -35.5473518371582 -305.6192626953125 -1396.850830078125
v -51.42605209350586 -292.66632080078125 -1391.166259765625
v 54.9737663269043 -269.8059997558594 -1393.762451171875
v 57.40437316894531 -256.2414245605469 -1394.45751953125
v 33.53120803833008 -241.99972534179688 -1393.4447021484375
v 54.87946701049805 -243.77999877929688 -1400.4437255859375
v -108.77904510498047 -245.3485870361328 -1398.994140625
v 50.86663055419922 -241.39581298828125 -1397.1427001953125
v 34.27435302734375 -233.4937286376953 -1397.9183349609375
v -73.15663146972656 -230.38082885742188 -1391.7220458984375
v 31.275894165039062 -232.1036834716797 -1397.6654052734375
v -74.85974884033203 -209.06512451171875 -1391.636474609375
v -6.100574493408203 -340.8360900878906 -1389.274658203125
v 24.768213272094727 -338.757568359375 -1397.9083251953125
v -12.495809555053711 -302.1174621582031 -1388.5096435546875
v 23.979434967041016 -300.4286804199219 -1389.189208984375
v -39.490379333496094 -294.1588439941406 -1389.158203125
v 36.525146484375 -296.2046813964844 -1389.8857421875
v -60.33698272705078 -282.4286804199219 -1389.878662109375
v 37.33759307861328 -279.0567321777344 -1391.7193603515625
v 59.32093048095703 -248.20103454589844 -1393.311767578125
v 57.97544479370117 -250.66062927246094 -1389.4658203125
v 67.99092102050781 -244.6617889404297 -1396.806884765625
v 75.40260314941406 -243.24896240234375 -1399.02880859375
v 8.716692924499512 -236.74893188476562 -1391.8734130859375
v 18.23297691345215 -232.1746826171875 -1391.192138671875
v 2.157546043395996 -228.95510864257812 -1392.2042236328125
v -76.11017608642578 -221.40841674804688 -1392.7664794921875
v -79.0716781616211 -311.28070068359375 -1386.8253173828125
v 33.37892532348633 -300.12396240234375 -1388.9100341796875
v -51.78795623779297 -294.0996398925781 -1391.09326171875
v -51.14223861694336 -281.5252380371094 -1387.9716796875
v 34.99704360961914 -260.6346740722656 -1387.7652587890625
v 42.86199188232422 -258.1322326660156 -1392.982421875
v -72.97785949707031 -233.15966796875 -1389.3472900390625
v 24.35161590576172 -232.65232849121094 -1392.5264892578125
v 6.194016456604004 -229.16802978515625 -1391.2327880859375
v 10.535721778869629 -227.45274353027344 -1389.9774169921875
v 5.171097278594971 -306.5012512207031 -1389.7730712890625
v -58.3986701965332 -283.9839782714844 -1390.617431640625
v -65.4862060546875 -272.1937255859375 -1389.5247802734375
v -67.3537826538086 -272.8583068847656 -1390.5125732421875
v 33.641326904296875 -249.50347900390625 -1389.717041015625
v -72.6318130493164 -246.37069702148438 -1389.7301025390625
v -73.60009002685547 -206.0653839111328 -1388.3475341796875
v 6.343181133270264 -341.8541259765625 -1389.275390625
v -51.28105545043945 -281.6368408203125 -1383.64404296875
v 46.48361587524414 -265.6983642578125 -1387.5401611328125
v 56.021610260009766 -247.88204956054688 -1392.6307373046875
v -73.33696746826172 -246.1290283203125 -1388.305419921875
v 1.7980716228485107 -230.6367645263672 -1390.274658203125
v -65.88905334472656 -227.47267150878906 -1385.541748046875
v 19.796680450439453 -286.46435546875 -1385.6490478515625
v 66.98104858398438 -263.81744384765625 -1390.9166259765625
v 54.06111526489258 -252.2623291015625 -1389.6883544921875
v -30.353851318359375 -243.68923950195312 -1389.8570556640625
v -70.94479370117188 -237.4578857421875 -1388.3306884765625
v 26.083791732788086 -233.44619750976562 -1390.8681640625
v -67.34539031982422 -214.1259307861328 -1389.2691650390625
v -71.56851959228516 -214.10003662109375 -1389.431396484375
v -68.76907348632812 -208.0956573486328 -1390.8917236328125
v 13.729211807250977 -305.84893798828125 -1388.8203125
v -73.74465942382812 -258.6263427734375 -1390.0364990234375
v -70.51618957519531 -252.04417419433594 -1386.9749755859375
v 50.746437072753906 -249.8356170654297 -1392.03515625
v 62.45390701293945 -249.49691772460938 -1388.8526611328125
v 51.14894104003906 -247.44776916503906 -1386.85498046875
v 69.72225189208984 -248.7981414794922 -1394.108642578125
v 29.822223663330078 -238.18894958496094 -1389.5076904296875
v -3.6031880378723145 -240.8897247314453 -1389.95556640625
v 29.989450454711914 -233.90066528320312 -1388.069091796875
v 14.94373893737793 -228.2876739501953 -1390.3336181640625
v 24.16240882873535 -235.0372772216797 -1386.03857421875
v 108.0605239868164 -225.2244873046875 -1403.240478515625
v -64.98098754882812 -212.0488739013672 -1388.5142822265625
v 9.402819633483887 -340.9926452636719 -1384.005126953125
v -20.35045623779297 -337.0991516113281 -1390.80419921875
v -18.98872184753418 -299.5789489746094 -1384.01953125
v -61.61418151855469 -269.11114501953125 -1390.694091796875
v 45.048980712890625 -253.19837951660156 -1386.694580078125
v 56.47882080078125 -255.5931854248047 -1387.53662109375
v 70.83529663085938 -243.11898803710938 -1391.4996337890625
v 7.069984436035156 -237.03256225585938 -1386.3504638671875
v 75.55277252197266 -242.6849365234375 -1393.962890625
v -48.11845397949219 -229.2292022705078 -1385.0770263671875
v 109.06859588623047 -235.4470977783203 -1397.572998046875
v -10.086945533752441 -339.6563720703125 -1385.6785888671875
v 23.108367919921875 -303.51434326171875 -1383.4805908203125
v 76.49797058105469 -297.3395690917969 -1386.7755126953125
v 38.75183868408203 -280.3014831542969 -1384.966552734375
v 45.022769927978516 -281.0739440917969 -1389.1610107421875
v 34.92459487915039 -266.02703857421875 -1387.598388671875
v 54.908714294433594 -265.16998291015625 -1388.0780029296875
v 58.749507904052734 -262.7926940917969 -1387.442626953125
v -67.5091552734375 -240.80206298828125 -1384.7315673828125
v 60.46178436279297 -248.53805541992188 -1386.8677978515625
v 31.131103515625 -244.35084533691406 -1386.9306640625
v 25.90668487548828 -245.32943725585938 -1386.097900390625
v 31.219844818115234 -239.33103942871094 -1387.10205078125
v -58.09442138671875 -226.7325439453125 -1387.8509521484375
v -64.96441650390625 -209.3942108154297 -1383.49609375
v -69.76988220214844 -209.05349731445312 -1386.1514892578125
v -105.17415618896484 -202.5811309814453 -1385.968505859375
v -39.89140319824219 -330.4375915527344 -1386.0467529296875
v 70.9015121459961 -300.1372985839844 -1378.5794677734375
v -45.17963790893555 -298.5390625 -1387.2657470703125
v 38.11394119262695 -293.16400146484375 -1385.6319580078125
v 21.582502365112305 -274.9662780761719 -1383.623291015625
v -74.17766571044922 -263.0380554199219 -1386.3388671875
v 57.638641357421875 -261.29656982421875 -1385.26171875
v 65.55148315429688 -256.93511962890625 -1389.36767578125
v -13.356945037841797 -240.4285430908203 -1386.4088134765625
v -20.717987060546875 -239.0557861328125 -1384.914794921875
v -51.35956573486328 -242.4167022705078 -1381.7294921875
v -71.93932342529297 -211.98362731933594 -1384.8297119140625
v 68.38909149169922 -309.8255310058594 -1393.10400390625
v 3.097219228744507 -308.990966796875 -1388.11376953125
v 9.904975891113281 -298.21453857421875 -1384.5611572265625
v 38.7928581237793 -294.8910827636719 -1387.93017578125
v -44.246910095214844 -269.9624328613281 -1380.4462890625
v 26.926612854003906 -258.0534973144531 -1385.4864501953125
v 40.57818603515625 -259.5251159667969 -1383.6966552734375
v 52.892513275146484 -258.66583251953125 -1385.7342529296875
v -57.968406677246094 -256.7289123535156 -1384.9534912109375
v -105.80841827392578 -250.49114990234375 -1381.9837646484375
v 73.72102355957031 -242.56507873535156 -1388.4688720703125
v 21.746442794799805 -241.8035125732422 -1386.960205078125
v 110.23051452636719 -223.82363891601562 -1388.77978515625
v -107.40589141845703 -210.38121032714844 -1389.2567138671875
v -53.49220275878906 -290.7120666503906 -1385.2269287109375
v 30.44999122619629 -289.26947021484375 -1384.324951171875
v 38.79251480102539 -267.51947021484375 -1383.299072265625
v 61.20109558105469 -267.76904296875 -1377.4473876953125
v -74.37345886230469 -258.74566650390625 -1385.92626953125
v 58.89594650268555 -254.24932861328125 -1385.3162841796875
v 44.779361724853516 -252.91355895996094 -1383.8428955078125
v 58.32381820678711 -252.5009765625 -1382.5927734375
v -56.65294647216797 -246.65484619140625 -1384.539306640625
v 14.271954536437988 -250.0008087158203 -1378.8304443359375
v 23.8328857421875 -241.8760528564453 -1385.435546875
v -34.76010513305664 -236.0734405517578 -1383.971435546875
v -43.60465621948242 -226.2166748046875 -1381.764404296875
v 1.7309317588806152 -290.9460144042969 -1382.509521484375
v -58.25489044189453 -282.8244323730469 -1378.68359375
v -37.95587921142578 -286.5924987792969 -1384.473876953125
v -63.67387771606445 -266.0135803222656 -1385.4635009765625
v -103.32292175292969 -266.1457214355469 -1387.05126953125
v 52.2742919921875 -250.123291015625 -1383.2198486328125
v 29.214706420898438 -243.8638458251953 -1382.729736328125
v 64.29971313476562 -247.5644073486328 -1386.29541015625
v 18.9642391204834 -239.90696716308594 -1384.6546630859375
v 4.953192234039307 -235.3480224609375 -1384.8499755859375
v 104.47036743164062 -242.1974639892578 -1387.4248046875
v -68.16288757324219 -224.38858032226562 -1383.133056640625
v -2.2975869178771973 -307.1535949707031 -1387.1156005859375
v 88.12055206298828 -277.2131042480469 -1382.248779296875
v -50.513336181640625 -268.8443908691406 -1382.8643798828125
v 45.799583435058594 -264.76861572265625 -1382.2724609375
v -73.74685668945312 -245.27520751953125 -1384.074462890625
v 64.9404296875 -255.42828369140625 -1381.272216796875
v 36.92112731933594 -249.4140625 -1382.3865966796875
v 10.490286827087402 -239.0966796875 -1380.6796875
v 26.04806137084961 -238.9340057373047 -1384.8316650390625
v -53.89542770385742 -231.33250427246094 -1379.026123046875
v -21.9487361907959 -232.15367126464844 -1382.0323486328125
v -68.23348999023438 -219.68235778808594 -1380.7293701171875
v -61.59139633178711 -217.9740753173828 -1381.8331298828125
v -55.14748001098633 -216.98341369628906 -1382.8900146484375
v -42.81781005859375 -299.17181396484375 -1381.93115234375
v -27.701871871948242 -299.28448486328125 -1384.6368408203125
v -29.490442276000977 -294.2745056152344 -1382.8092041015625
v 14.915019989013672 -293.7599182128906 -1383.141357421875
v -71.75005340576172 -263.73626708984375 -1376.544677734375
v 16.067386627197266 -260.81512451171875 -1380.3961181640625
v 46.0316162109375 -258.1983337402344 -1382.308349609375
v 29.020408630371094 -251.5504913330078 -1382.11083984375
v 25.29884147644043 -249.35336303710938 -1386.3447265625
v 55.900657653808594 -247.8256378173828 -1383.76171875
v 67.01239776611328 -242.20529174804688 -1385.8460693359375
v -3.9389700889587402 -228.72299194335938 -1381.6707763671875
v -56.05028533935547 -222.78036499023438 -1381.5252685546875
v -64.93006134033203 -223.3700408935547 -1378.6854248046875
v -69.82596588134766 -318.56207275390625 -1383.519775390625
v -7.685905933380127 -305.2048034667969 -1381.8680419921875
v -21.43556785583496 -290.7795715332031 -1378.8602294921875
v -42.35053634643555 -292.53936767578125 -1382.1563720703125
v 56.731529235839844 -277.20599365234375 -1385.5894775390625
v 19.837596893310547 -257.6124267578125 -1378.5137939453125
v 42.54243850708008 -245.49212646484375 -1380.5208740234375
v 32.574398040771484 -248.5197296142578 -1381.2935791015625
v -73.24829864501953 -241.80572509765625 -1379.54833984375
v 68.05216979980469 -248.7455596923828 -1387.01806640625
v 53.89179611206055 -243.43040466308594 -1379.765625
v 30.237136840820312 -243.9486846923828 -1381.98779296875
v -1.4240093231201172 -229.3154296875 -1381.5938720703125
v -73.35310363769531 -227.58447265625 -1386.0701904296875
v -11.423702239990234 -227.35105895996094 -1380.4620361328125
v -19.601703643798828 -226.92393493652344 -1380.7830810546875
v -33.423988342285156 -225.62086486816406 -1380.907470703125
v -30.802433013916016 -287.4493103027344 -1382.5885009765625
v -63.9012451171875 -276.4610290527344 -1380.912841796875
v -55.72587203979492 -262.2488708496094 -1379.69482421875
v 31.00120735168457 -269.9560852050781 -1380.330810546875
v 37.50093078613281 -258.39556884765625 -1382.1795654296875
v 34.91741943359375 -260.0287170410156 -1379.942138671875
v 53.117069244384766 -258.0455627441406 -1383.717529296875
v 68.43209838867188 -255.95706176757812 -1385.130615234375
v 27.026193618774414 -246.565185546875 -1379.129150390625
v 36.46358108520508 -252.8282928466797 -1379.8463134765625
v -106.40040588378906 -232.0810546875 -1384.0889892578125
v 27.579383850097656 -239.8675079345703 -1381.0166015625
v -104.50720977783203 -231.97842407226562 -1375.2845458984375
v -61.03786087036133 -241.74853515625 -1380.7869873046875
v -25.627498626708984 -227.290771484375 -1379.4993896484375
v -67.60426330566406 -216.2367706298828 -1384.3544921875
v -66.45401000976562 -215.6778106689453 -1376.7427978515625
v -1.5700494050979614 -298.7051696777344 -1380.6131591796875
v -11.06806468963623 -292.1394348144531 -1381.026611328125
v 13.699309349060059 -283.4322509765625 -1377.9949951171875
v -70.35513305664062 -268.88311767578125 -1380.7093505859375
v -99.55255889892578 -270.6197509765625 -1364.639892578125
v 39.9244270324707 -258.7488708496094 -1377.2796630859375
v 51.845802307128906 -250.42173767089844 -1380.4388427734375
v 41.21354293823242 -254.9700164794922 -1379.947998046875
v -64.1763916015625 -253.6095733642578 -1383.0506591796875
v 25.10442352294922 -254.97833251953125 -1377.545654296875
v 60.33515548706055 -248.41087341308594 -1381.993408203125
v 21.02886199951172 -248.5597686767578 -1381.4263916015625
v 8.715317726135254 -235.1581573486328 -1384.0191650390625
v 19.315763473510742 -235.22215270996094 -1378.555419921875
v 32.5020751953125 -234.4084014892578 -1382.2657470703125
v -103.15436553955078 -198.21334838867188 -1381.105712890625
v 16.104337692260742 -302.1375427246094 -1376.24267578125
v -10.804346084594727 -303.84539794921875 -1379.15673828125
v 31.71442413330078 -300.4851379394531 -1379.553466796875
v 6.424712181091309 -291.59368896484375 -1378.9364013671875
v 1.3379155397415161 -283.8645324707031 -1378.962158203125
v 13.033038139343262 -274.27655029296875 -1375.155029296875
v 91.89027404785156 -262.5045166015625 -1364.644287109375
v 55.15790557861328 -274.50372314453125 -1377.352294921875
v -35.91380310058594 -273.1460876464844 -1379.1512451171875
v 49.15052795410156 -256.79132080078125 -1378.199462890625
v 38.483158111572266 -263.3602294921875 -1380.1680908203125
v 11.37359619140625 -248.89366149902344 -1379.093994140625
v 40.139366149902344 -252.9976043701172 -1377.658447265625
v -44.906272888183594 -259.2734375 -1378.74755859375
v 61.58319091796875 -252.50021362304688 -1377.902587890625
v 21.870594024658203 -243.48635864257812 -1379.8812255859375
v -61.37519454956055 -235.27239990234375 -1377.6805419921875
v 13.669598579406738 -240.4019012451172 -1375.841796875
v -52.4205436706543 -236.63275146484375 -1377.47998046875
v -72.44288635253906 -224.24732971191406 -1381.2755126953125
v -61.09856414794922 -228.54995727539062 -1379.6241455078125
v 28.689027786254883 -335.0294189453125 -1374.0596923828125
v -75.73899841308594 -313.6455078125 -1380.120849609375
v -2.0660786628723145 -304.42352294921875 -1378.491943359375
v -47.301544189453125 -275.2928161621094 -1378.531005859375
v 5.79097318649292 -276.2882385253906 -1378.0322265625
v 19.443920135498047 -267.9174499511719 -1376.9298095703125
v 55.74917221069336 -243.9573516845703 -1381.5999755859375
v 30.729646682739258 -243.76449584960938 -1376.9451904296875
v -48.435543060302734 -231.06399536132812 -1376.466796875
v -2.372471809387207 -230.35818481445312 -1377.7342529296875
v -54.063201904296875 -220.5074920654297 -1377.3016357421875
v -69.78463745117188 -215.4922637939453 -1381.3035888671875
v -59.0941276550293 -323.781005859375 -1385.0919189453125
v -5.198570728302002 -308.28948974609375 -1376.7359619140625
v 5.471716403961182 -302.1898193359375 -1376.2593994140625
v -38.67038345336914 -296.019287109375 -1379.731201171875
v -12.50904369354248 -297.8631896972656 -1376.6439208984375
v -54.62838363647461 -280.1322021484375 -1378.9456787109375
v -15.676775932312012 -284.5856018066406 -1377.66748046875
v -4.440490245819092 -273.4230041503906 -1375.435546875
v -19.698877334594727 -282.3219909667969 -1380.3974609375
v 25.68596076965332 -260.9826965332031 -1378.5758056640625
v 40.7271728515625 -254.94012451171875 -1374.8201904296875
v 11.425423622131348 -258.0997619628906 -1374.892578125
v 24.51751136779785 -257.2572021484375 -1379.2672119140625
v 32.31175994873047 -256.9482116699219 -1380.260986328125
v 20.69209098815918 -248.5077362060547 -1376.8905029296875
v 36.51475143432617 -248.02842712402344 -1375.8253173828125
v 33.70994186401367 -252.53089904785156 -1376.651611328125
v 65.51806640625 -244.34487915039062 -1381.9466552734375
v 7.241915225982666 -243.76821899414062 -1377.49755859375
v -53.12759017944336 -237.0888671875 -1374.544677734375
v 61.47014617919922 -242.5345001220703 -1380.08837890625
v 20.099679946899414 -239.5883026123047 -1377.011962890625
v -27.244354248046875 -236.5133819580078 -1376.606201171875
v 26.54711151123047 -235.1614990234375 -1377.9847412109375
v -3.955010414123535 -233.12416076660156 -1376.8804931640625
v -25.548723220825195 -236.8610076904297 -1375.689697265625
v -39.79377746582031 -230.3126220703125 -1377.2391357421875
v -9.117352485656738 -228.07513427734375 -1376.3359375
v -56.39891815185547 -225.8860626220703 -1377.052001953125
v 6.410912036895752 -298.3515625 -1378.7822265625
v 23.745643615722656 -275.64691162109375 -1378.576171875
v 27.640151977539062 -270.5536193847656 -1378.213134765625
v -43.062747955322266 -248.7860565185547 -1378.1546630859375
v 47.85121536254883 -251.4541473388672 -1376.9139404296875
v 57.99656677246094 -252.01556396484375 -1378.280029296875
v -1.8900744915008545 -242.85760498046875 -1375.594482421875
v -40.39340591430664 -240.8128204345703 -1378.1346435546875
v -104.4949722290039 -252.77919006347656 -1375.9771728515625
v -34.22220993041992 -232.97982788085938 -1376.630126953125
v -7.334043025970459 -236.8354034423828 -1375.1805419921875
v -55.194236755371094 -229.564697265625 -1378.0567626953125
v -46.5964469909668 -227.12071228027344 -1373.21728515625
v 13.07292652130127 -298.0560607910156 -1377.260498046875
v 34.63998794555664 -292.45220947265625 -1379.5882568359375
v 24.21937370300293 -289.010986328125 -1371.4078369140625
v -2.662132978439331 -289.1790466308594 -1375.2022705078125
v 34.95946502685547 -277.7787170410156 -1372.96875
v 2.608377695083618 -264.2574157714844 -1374.7939453125
v 20.88143539428711 -248.07752990722656 -1373.422607421875
v -50.95855712890625 -253.26919555664062 -1376.26708984375
v -65.31012725830078 -241.26097106933594 -1376.328125
v 71.35503387451172 -244.96090698242188 -1382.1199951171875
v -13.299338340759277 -244.82839965820312 -1374.033203125
v -67.68897247314453 -240.465576171875 -1376.678466796875
v 11.008506774902344 -238.0922088623047 -1375.5540771484375
v 0.5704801678657532 -237.50433349609375 -1376.2633056640625
v 8.685449600219727 -235.28077697753906 -1376.9765625
v -73.01569366455078 -231.31607055664062 -1373.6241455078125
v 30.734207153320312 -232.1796875 -1375.736328125
v -39.36244583129883 -225.79103088378906 -1377.4896240234375
v 50.09512710571289 -230.3450927734375 -1379.4185791015625
v -69.78622436523438 -215.68670654296875 -1375.458740234375
v 79.9841079711914 -286.0886535644531 -1374.34033203125
v 27.219486236572266 -284.4598083496094 -1373.435546875
v -40.14277648925781 -281.094970703125 -1376.725341796875
v 5.243268966674805 -283.94635009765625 -1375.6746826171875
v -42.65123748779297 -274.9212646484375 -1376.2786865234375
v 22.991531372070312 -266.5177307128906 -1376.866455078125
v -27.6558895111084 -257.6197814941406 -1373.8477783203125
v -69.32078552246094 -257.7580871582031 -1377.8702392578125
v 39.226070404052734 -250.93429565429688 -1374.6739501953125
v 27.573246002197266 -247.05874633789062 -1373.7979736328125
v -8.876522064208984 -238.24954223632812 -1375.85693359375
v -5.2794013023376465 -244.6094207763672 -1373.5128173828125
v 11.90723991394043 -246.334716796875 -1375.7447509765625
v 13.124788284301758 -244.45005798339844 -1373.73095703125
v 54.327396392822266 -243.48338317871094 -1375.8544921875
v 26.881067276000977 -245.15733337402344 -1375.6307373046875
v -34.13749694824219 -241.74130249023438 -1373.5103759765625
v 28.903818130493164 -237.64378356933594 -1379.6224365234375
v -48.004173278808594 -234.62249755859375 -1372.21240234375
v -16.244539260864258 -231.14175415039062 -1375.0955810546875
v -25.66401481628418 -229.53274536132812 -1377.2171630859375
v -57.32170104980469 -223.75030517578125 -1375.663818359375
v -16.14409828186035 -227.732666015625 -1375.007568359375
v -2.1783998012542725 -227.61907958984375 -1375.129638671875
v 18.55613899230957 -226.94293212890625 -1377.5838623046875
v -50.79957580566406 -227.19097900390625 -1374.5892333984375
v -41.993656158447266 -226.77003479003906 -1372.8988037109375
v -67.17205810546875 -215.98291015625 -1373.19580078125
v -60.329566955566406 -218.47727966308594 -1377.4732666015625
v -47.62772750854492 -326.7147521972656 -1375.6942138671875
v 65.9943618774414 -305.3191833496094 -1372.527099609375
v 18.53226661682129 -292.2583923339844 -1377.3570556640625
v -15.739710807800293 -297.686767578125 -1374.451416015625
v 74.5121078491211 -290.21917724609375 -1366.0146484375
v -39.61420822143555 -289.8416748046875 -1376.54296875
v 42.32198715209961 -285.1833801269531 -1375.576416015625
v -55.316368103027344 -273.9853820800781 -1376.3194580078125
v 24.526891708374023 -272.59649658203125 -1376.008056640625
v -53.42552947998047 -267.9479064941406 -1372.970458984375
v 33.76332092285156 -271.3671875 -1369.2010498046875
v -26.518892288208008 -260.2777099609375 -1373.9410400390625
v 17.180404663085938 -256.6508483886719 -1375.7576904296875
v 95.24640655517578 -266.41986083984375 -1386.6588134765625
v 53.35269546508789 -249.09922790527344 -1374.9605712890625
v 101.03314971923828 -252.90908813476562 -1379.438232421875
v -46.51028060913086 -243.15313720703125 -1374.722900390625
v 23.506269454956055 -251.0330352783203 -1375.0531005859375
v -22.536731719970703 -244.33070373535156 -1372.9052734375
v -10.168779373168945 -235.06219482421875 -1375.3824462890625
v 23.610980987548828 -239.55453491210938 -1379.4822998046875
v 19.41817283630371 -235.40692138671875 -1373.5992431640625
v 31.3026123046875 -238.5569610595703 -1374.096435546875
v -9.768999099731445 -233.19981384277344 -1372.9276123046875
v 6.434481620788574 -233.22720336914062 -1374.3126220703125
v -81.4844970703125 -306.8328857421875 -1373.1195068359375
v 6.110281944274902 -305.9334716796875 -1375.6483154296875
v 48.97775650024414 -276.54144287109375 -1371.17822265625
v 6.382203102111816 -277.0011291503906 -1372.705078125
v -49.892311096191406 -273.6711730957031 -1373.608642578125
v -59.312103271484375 -266.4805908203125 -1371.197998046875
v -39.95037078857422 -271.8751525878906 -1374.229736328125
v 14.100480079650879 -263.71533203125 -1373.822265625
v -10.223745346069336 -272.2078552246094 -1375.7872314453125
v -3.6803855895996094 -256.9654235839844 -1373.1505126953125
v -23.436155319213867 -251.01739501953125 -1372.8817138671875
v 1.7759188413619995 -245.6890869140625 -1374.5859375
v 51.22809982299805 -249.1144256591797 -1373.021728515625
v 29.814729690551758 -250.06625366210938 -1375.5064697265625
v -15.563897132873535 -236.4557647705078 -1373.452880859375
v 2.2787110805511475 -237.5178985595703 -1373.798828125
v 9.281861305236816 -237.53456115722656 -1372.1781005859375
v 23.496746063232422 -238.39512634277344 -1374.4202880859375
v -30.64023208618164 -232.99087524414062 -1373.837158203125
v -4.5108723640441895 -232.21151733398438 -1373.0528564453125
v -37.541446685791016 -223.33480834960938 -1371.502685546875
v -37.188350677490234 -223.55789184570312 -1376.58251953125
v -66.41552734375 -212.58151245117188 -1373.0670166015625
v -1.8086295127868652 -308.38092041015625 -1378.4144287109375
v -16.03424644470215 -302.6529846191406 -1371.696533203125
v -10.75628662109375 -305.5293273925781 -1369.144775390625
v 11.350083351135254 -294.0120849609375 -1375.5513916015625
v 15.081878662109375 -288.7049560546875 -1373.8436279296875
v -95.02613830566406 -285.8479919433594 -1374.2750244140625
v 7.878370761871338 -287.68341064453125 -1371.64306640625
v -46.05673599243164 -282.7977600097656 -1372.0880126953125
v 33.20771408081055 -274.82647705078125 -1373.0093994140625
v -58.142333984375 -274.76025390625 -1374.5550537109375
v 28.361003875732422 -271.7759704589844 -1372.447509765625
v 24.869869232177734 -272.8725280761719 -1370.9278564453125
v -56.01040267944336 -264.9637145996094 -1372.8482666015625
v 48.990055084228516 -266.0700378417969 -1373.4410400390625
v 41.0591926574707 -264.1867980957031 -1371.917236328125
v 2.4073665142059326 -261.548095703125 -1373.2347412109375
v 60.39643096923828 -260.1330261230469 -1374.49169921875
v -1.2895419597625732 -254.88600158691406 -1372.333740234375
v -11.890984535217285 -257.4869079589844 -1372.16943359375
v -7.834845066070557 -248.07705688476562 -1371.5821533203125
v -33.28571319580078 -256.0654296875 -1370.025390625
v -27.847457885742188 -255.25498962402344 -1372.046630859375
v -65.09600067138672 -247.688720703125 -1372.8193359375
v 42.10097122192383 -247.1603546142578 -1373.341552734375
v -40.07490158081055 -245.06472778320312 -1372.9300537109375
v 65.98175811767578 -245.37661743164062 -1374.6890869140625
v 8.890449523925781 -242.32862854003906 -1370.676025390625
v 68.595947265625 -242.80877685546875 -1376.5147705078125
v -35.899085998535156 -242.8526153564453 -1370.6141357421875
v -42.45413589477539 -238.06634521484375 -1374.786865234375
v -15.296551704406738 -233.45664978027344 -1368.9239501953125
v 12.954968452453613 -231.92723083496094 -1372.81787109375
v -10.459165573120117 -229.2044677734375 -1371.6865234375
v -36.92812728881836 -228.45533752441406 -1374.22119140625
v -102.50067901611328 -225.0492401123047 -1367.7266845703125
v -61.09531784057617 -225.7264404296875 -1373.661376953125
v -38.65867614746094 -218.0180206298828 -1372.806884765625
v -103.08124542236328 -200.81552124023438 -1376.2669677734375
v -64.997802734375 -320.4039611816406 -1370.5458984375
v 60.65413284301758 -311.2311096191406 -1368.9630126953125
v -0.4892053008079529 -298.6249694824219 -1372.3907470703125
v 11.582037925720215 -292.6142883300781 -1372.2037353515625
v -91.57613372802734 -293.99615478515625 -1388.1495361328125
v -39.02552032470703 -281.78045654296875 -1374.09716796875
v -57.0518913269043 -274.89031982421875 -1370.6265869140625
v -105.04325103759766 -258.307373046875 -1384.0693359375
v -62.04644012451172 -264.7729187011719 -1375.553466796875
v -41.56446838378906 -263.6408996582031 -1373.3349609375
v 23.303329467773438 -255.3652801513672 -1370.7156982421875
v 13.519817352294922 -247.54196166992188 -1371.528564453125
v -64.42733001708984 -249.35108947753906 -1375.8984375
v -19.781600952148438 -238.36212158203125 -1374.837646484375
v 34.964717864990234 -244.51397705078125 -1373.5521240234375
v 44.99087905883789 -250.4290313720703 -1371.3944091796875
v 2.7943291664123535 -246.71170043945312 -1372.6397705078125
v 24.01251983642578 -243.39617919921875 -1372.6336669921875
v 48.511138916015625 -244.47015380859375 -1372.087890625
v 30.322906494140625 -242.74130249023438 -1372.986083984375
v 17.561466217041016 -242.4124298095703 -1373.376708984375
v 103.9665756225586 -241.5802459716797 -1373.6209716796875
v -39.557029724121094 -233.8676300048828 -1372.1458740234375
v -32.427738189697266 -233.5203857421875 -1370.856689453125
v -45.30880355834961 -231.7698516845703 -1375.4268798828125
v -51.619991302490234 -227.69483947753906 -1370.4683837890625
v -104.5933837890625 -215.7098388671875 -1374.801513671875
v -62.658653259277344 -216.03961181640625 -1371.8580322265625
v 16.75271224975586 -338.6333923339844 -1376.04541015625
v -9.60557746887207 -301.2900390625 -1371.1024169921875
v -3.271878242492676 -296.4450378417969 -1370.8681640625
v 17.937278747558594 -289.36572265625 -1372.26025390625
v 28.421836853027344 -287.5123291015625 -1371.2210693359375
v 0.24649567902088165 -285.085205078125 -1372.63330078125
v 14.211082458496094 -283.0783386230469 -1370.474365234375
v 89.24481964111328 -267.2110900878906 -1365.825927734375
v 27.045286178588867 -275.6672668457031 -1370.5235595703125
v 49.03890609741211 -268.0709228515625 -1372.09228515625
v 18.321470260620117 -270.4449768066406 -1371.6544189453125
v 45.196067810058594 -269.1014099121094 -1371.748779296875
v 1.1479750871658325 -270.7145690917969 -1371.91552734375
v 44.12739181518555 -268.5944519042969 -1375.061279296875
v 24.369232177734375 -266.2403259277344 -1372.096923828125
v 27.004064559936523 -265.33477783203125 -1377.4417724609375
v -6.045400142669678 -263.5881652832031 -1371.584716796875
v -36.77311706542969 -264.00103759765625 -1370.9664306640625
v -29.23602867126465 -257.4879150390625 -1371.087890625
v -43.51235580444336 -254.6213836669922 -1370.5667724609375
v 66.85260772705078 -254.30873107910156 -1373.2298583984375
v 31.880889892578125 -251.1516876220703 -1371.83349609375
v -69.4533920288086 -248.6148681640625 -1371.138427734375
v 61.973793029785156 -241.25453186035156 -1373.883056640625
v -61.62443161010742 -245.82452392578125 -1372.970703125
v 69.5593032836914 -245.00604248046875 -1370.300537109375
v 7.830522060394287 -243.3419189453125 -1372.3052978515625
v 43.817020416259766 -241.39305114746094 -1374.499755859375
v 70.79180145263672 -237.44387817382812 -1369.861083984375
v 27.585512161254883 -239.13125610351562 -1373.630126953125
v -24.455097198486328 -236.1901397705078 -1371.75537109375
v -36.91908264160156 -238.08103942871094 -1371.7908935546875
v 15.70622444152832 -234.09121704101562 -1371.7747802734375
v -21.271949768066406 -230.82041931152344 -1374.2464599609375
v -29.2783260345459 -227.53924560546875 -1371.95068359375
v -17.30281639099121 -230.0758514404297 -1372.486328125
v 17.062541961669922 -226.863525390625 -1374.84912109375
v 110.95784759521484 -222.94369506835938 -1374.9642333984375
v -41.382347106933594 -220.81373596191406 -1369.6527099609375
v -101.24593353271484 -197.05197143554688 -1371.0191650390625
v 3.905579090118408 -341.1110534667969 -1377.9735107421875
v -23.888286590576172 -334.7132263183594 -1380.39306640625
v 35.6374397277832 -330.4983825683594 -1363.6695556640625
v -72.60009765625 -315.4111022949219 -1368.86669921875
v 16.595762252807617 -295.2296142578125 -1371.6683349609375
v -7.224925518035889 -291.46844482421875 -1371.70361328125
v 22.131912231445312 -283.3526306152344 -1372.117431640625
v 29.843461990356445 -281.74554443359375 -1372.6990966796875
v -49.1044921875 -279.0093994140625 -1370.4178466796875
v -70.62644958496094 -266.20269775390625 -1374.6788330078125
v -46.69124221801758 -264.0971374511719 -1371.7889404296875
v -54.26167678833008 -256.54949951171875 -1369.2965087890625
v -14.996367454528809 -256.788330078125 -1370.737548828125
v 29.71430778503418 -254.89112854003906 -1371.6273193359375
v 41.64379119873047 -257.2299499511719 -1369.6285400390625
v 54.64832305908203 -255.2126007080078 -1371.05615234375
v 65.11825561523438 -253.32347106933594 -1369.92236328125
v -62.82473373413086 -250.38697814941406 -1370.9552001953125
v -2.702430009841919 -244.7369842529297 -1371.535400390625
v -103.90352630615234 -243.26919555664062 -1370.5826416015625
v 0.5392534732818604 -238.15748596191406 -1369.931640625
v -1.1703814268112183 -235.62545776367188 -1373.4071044921875
v 32.622413635253906 -234.94497680664062 -1371.1011962890625
v -69.08938598632812 -235.92481994628906 -1366.1470947265625
v -23.12953758239746 -230.13916015625 -1369.795166015625
v -53.748680114746094 -230.8855743408203 -1371.6136474609375
v -56.485321044921875 -216.7369384765625 -1373.4071044921875
v -36.850704193115234 -330.3377685546875 -1374.06201171875
v -86.60916137695312 -300.9237365722656 -1377.381103515625
v 19.614307403564453 -286.264404296875 -1369.629150390625
v -0.592414915561676 -285.3394775390625 -1369.9937744140625
v 3.144618511199951 -281.3899841308594 -1370.98876953125
v 11.734335899353027 -284.98199462890625 -1370.207763671875
v 36.769264221191406 -278.3657531738281 -1370.4154052734375
v -54.190040588378906 -269.0876159667969 -1369.4432373046875
v -42.03096389770508 -278.3132629394531 -1371.2633056640625
v 28.403825759887695 -266.9057312011719 -1368.366943359375
v 24.603740692138672 -259.7016906738281 -1369.76123046875
v 30.0159969329834 -257.72454833984375 -1369.7021484375
v 21.32667350769043 -261.3707580566406 -1373.8695068359375
v 60.5443229675293 -248.89952087402344 -1372.9527587890625
v -33.980377197265625 -248.85728454589844 -1369.548095703125
v 39.506248474121094 -245.07760620117188 -1365.4019775390625
v 31.47707176208496 -245.85623168945312 -1368.0078125
v -17.03506088256836 -244.0296173095703 -1368.5716552734375
v 52.740718841552734 -242.83790588378906 -1372.7581787109375
v -16.724567413330078 -241.4262237548828 -1370.5162353515625
v -25.513633728027344 -240.2960662841797 -1369.828857421875
v 60.292869567871094 -242.6718292236328 -1370.4876708984375
v 46.28514862060547 -239.67898559570312 -1370.3370361328125
v -3.9423952102661133 -236.42608642578125 -1370.197021484375
v -13.90151309967041 -237.52944946289062 -1371.8031005859375
v -36.81171798706055 -233.0067596435547 -1369.3941650390625
v 19.37441062927246 -235.7925567626953 -1367.312255859375
v -9.04025936126709 -236.0736541748047 -1369.9000244140625
v -37.888484954833984 -230.8107452392578 -1369.275634765625
v 5.003678798675537 -228.90785217285156 -1371.435791015625
v -44.893314361572266 -229.75640869140625 -1370.6993408203125
v 11.270991325378418 -227.9610137939453 -1371.8031005859375
v 19.636585235595703 -231.59548950195312 -1371.7000732421875
v -58.813026428222656 -225.68600463867188 -1367.0333251953125
v 43.41693878173828 -226.78195190429688 -1370.4654541015625
v -22.307727813720703 -224.6957550048828 -1368.8944091796875
v 32.59061050415039 -297.3380126953125 -1371.445556640625
v 5.625466823577881 -281.4958190917969 -1368.8228759765625
v 38.505889892578125 -266.2897644042969 -1370.3206787109375
v -45.946231842041016 -269.1422424316406 -1369.6009521484375
v -1.8980211019515991 -256.401611328125 -1368.2896728515625
v 64.54478454589844 -259.0687561035156 -1374.19873046875
v 61.5704460144043 -258.0879211425781 -1370.276123046875
v -53.07244873046875 -251.8354949951172 -1370.98828125
v -9.602934837341309 -246.67613220214844 -1367.9166259765625
v -21.93250274658203 -247.05934143066406 -1368.306396484375
v 66.41751098632812 -245.62698364257812 -1370.7713623046875
v 2.9025566577911377 -246.53445434570312 -1369.4814453125
v 25.857959747314453 -244.66937255859375 -1369.3975830078125
v 68.49368286132812 -238.74307250976562 -1369.5960693359375
v -8.72265911102295 -241.05233764648438 -1368.753662109375
v 37.962520599365234 -239.66485595703125 -1368.1773681640625
v 4.924891471862793 -239.40005493164062 -1367.7515869140625
v 29.4476375579834 -239.31304931640625 -1371.9619140625
v 22.984086990356445 -238.49160766601562 -1370.00732421875
v -0.22747522592544556 -232.50282287597656 -1368.9249267578125
v 38.0025634765625 -231.10055541992188 -1371.3507080078125
v 27.62175941467285 -236.87806701660156 -1369.6043701171875
v 107.00665283203125 -234.15074157714844 -1372.086669921875
v -54.202640533447266 -229.59959411621094 -1367.53173828125
v -30.151418685913086 -230.81739807128906 -1369.194091796875
v -23.503061294555664 -226.01409912109375 -1369.7037353515625
v -69.25820922851562 -228.039306640625 -1372.4351806640625
v -40.46601104736328 -222.0677032470703 -1366.0772705078125
v -55.59189224243164 -224.30722045898438 -1369.670166015625
v -65.78780364990234 -218.4072723388672 -1369.2672119140625
v 0.7993424534797668 -340.42926025390625 -1373.0916748046875
v -1.3691694736480713 -299.15753173828125 -1368.2869873046875
v -89.79401397705078 -292.4670104980469 -1359.9837646484375
v 0.2794282138347626 -294.7344970703125 -1370.918212890625
v 19.655231475830078 -290.68804931640625 -1367.4840087890625
v 5.180639266967773 -288.7740173339844 -1367.3426513671875
v 30.3548526763916 -277.5362548828125 -1367.542724609375
v 23.509246826171875 -282.66961669921875 -1368.566650390625
v 15.985576629638672 -278.19219970703125 -1369.092529296875
v 23.267440795898438 -274.4128723144531 -1368.8377685546875
v 15.502187728881836 -273.2745666503906 -1370.427734375
v -58.805965423583984 -267.64862060546875 -1368.9490966796875
v -56.24946594238281 -265.197998046875 -1369.3553466796875
v -52.060760498046875 -263.21484375 -1367.80859375
v 22.597246170043945 -256.3675537109375 -1368.136962890625
v 66.26554870605469 -248.7939910888672 -1364.8565673828125
v -12.387114524841309 -252.71218872070312 -1368.5223388671875
v 60.49711227416992 -249.31253051757812 -1370.8250732421875
v -53.95107650756836 -251.31520080566406 -1367.3118896484375
v -28.21757698059082 -251.09898376464844 -1368.805908203125
v 65.34603881835938 -249.1819610595703 -1369.1541748046875
v -20.065853118896484 -249.6814727783203 -1366.2808837890625
v 15.542686462402344 -250.52029418945312 -1368.5089111328125
v 37.780914306640625 -246.50697326660156 -1369.9093017578125
v -28.89505958557129 -243.99522399902344 -1367.101806640625
v 49.23833084106445 -244.74998474121094 -1368.4771728515625
v -1.4576067924499512 -241.88229370117188 -1367.8397216796875
v 20.152999877929688 -241.99005126953125 -1368.3743896484375
v -43.643924713134766 -229.328369140625 -1367.028076171875
v -46.54499435424805 -221.9898223876953 -1370.6749267578125
v -19.35135841369629 -221.85763549804688 -1368.153076171875
v -66.54096221923828 -210.35032653808594 -1369.431396484375
v -4.496169090270996 -306.8165588378906 -1365.5233154296875
v -41.001285552978516 -293.0858154296875 -1369.4549560546875
v -39.27497863769531 -293.4790344238281 -1371.8504638671875
v 40.384674072265625 -281.27313232421875 -1369.300048828125
v 25.10807228088379 -270.311767578125 -1368.5584716796875
v -70.77226257324219 -263.6722106933594 -1364.9930419921875
v 11.027901649475098 -268.2301025390625 -1369.029052734375
v 44.98570251464844 -264.812255859375 -1369.332763671875
v 38.3867301940918 -261.11572265625 -1366.67724609375
v -50.115379333496094 -261.79986572265625 -1369.953857421875
v 35.08236312866211 -261.584228515625 -1370.8402099609375
v 57.70966339111328 -259.61529541015625 -1370.93896484375
v -10.048192977905273 -254.3979949951172 -1368.390625
v 8.223381042480469 -250.40354919433594 -1368.2457275390625
v 35.64524841308594 -253.5446014404297 -1369.4588623046875
v 35.92474365234375 -250.53187561035156 -1366.3232421875
v 2.172004222869873 -251.414306640625 -1370.1617431640625
v -21.735626220703125 -248.79534912109375 -1365.81103515625
v -1.3700952529907227 -249.51231384277344 -1368.1888427734375
v -60.11806106567383 -245.86932373046875 -1368.6907958984375
v 36.582645416259766 -242.84671020507812 -1370.4161376953125
v -18.981149673461914 -240.55381774902344 -1367.6417236328125
v -43.53333282470703 -240.568359375 -1368.2117919921875
v 34.47653579711914 -238.74234008789062 -1368.09033203125
v 4.068114280700684 -234.84707641601562 -1366.25927734375
v -28.034826278686523 -228.8621826171875 -1367.603515625
v 4.0171308517456055 -296.31402587890625 -1369.115478515625
v -48.0732307434082 -292.7916564941406 -1374.2747802734375
v -95.08763885498047 -281.533447265625 -1358.066650390625
v 38.623748779296875 -288.8999938964844 -1369.2835693359375
v 15.306742668151855 -285.8334045410156 -1367.7554931640625
v 35.434566497802734 -269.9949035644531 -1367.169677734375
v 31.65496826171875 -274.3343811035156 -1369.45849609375
v -42.679664611816406 -264.3898620605469 -1368.102783203125
v 31.382919311523438 -263.7080993652344 -1367.0244140625
v 13.724813461303711 -263.7044982910156 -1366.52099609375
v 11.651203155517578 -252.13587951660156 -1362.6510009765625
v 64.1338882446289 -253.1375274658203 -1366.9298095703125
v 60.503211975097656 -254.76771545410156 -1369.6058349609375
v 51.27167510986328 -250.79226684570312 -1369.3375244140625
v -33.828163146972656 -252.71087646484375 -1367.0618896484375
v 25.825685501098633 -250.75611877441406 -1368.234130859375
v 29.130048751831055 -250.6501007080078 -1367.9263916015625
v 59.69338607788086 -245.6766815185547 -1367.628173828125
v 6.224968910217285 -243.2447052001953 -1365.43212890625
v 15.122138977050781 -245.90090942382812 -1368.8939208984375
v 41.45929718017578 -246.21090698242188 -1367.5865478515625
v -35.129398345947266 -244.64920043945312 -1368.3797607421875
v -51.07742691040039 -239.99612426757812 -1368.173583984375
v 63.963905334472656 -241.27780151367188 -1368.03857421875
v 13.107454299926758 -239.66624450683594 -1366.2939453125
v 51.591766357421875 -235.24278259277344 -1369.6776123046875
v 10.359173774719238 -236.75335693359375 -1369.8050537109375
v -29.20762062072754 -238.787841796875 -1366.518310546875
v -18.27372169494629 -230.58184814453125 -1368.2532958984375
v 42.778926849365234 -222.2688446044922 -1369.25146484375
v -24.356782913208008 -223.6241455078125 -1367.059814453125
v -102.06793212890625 -221.59780883789062 -1366.4774169921875
v -67.05835723876953 -211.6827850341797 -1367.2100830078125
v 26.341365814208984 -299.6275329589844 -1371.845458984375
v 5.992051124572754 -288.6654968261719 -1366.10888671875
v 28.410737991333008 -275.0237731933594 -1365.7650146484375
v 20.441173553466797 -276.9117431640625 -1368.6917724609375
v 47.32859420776367 -277.5702209472656 -1368.227783203125
v 13.151076316833496 -270.5592956542969 -1368.6873779296875
v 40.98740005493164 -268.0850524902344 -1367.967529296875
v -101.06289672851562 -264.4345397949219 -1365.7235107421875
v -43.29541015625 -267.7860107421875 -1367.8031005859375
v 27.01073455810547 -265.8530578613281 -1363.8612060546875
v -60.381343841552734 -261.79949951171875 -1367.2755126953125
v 34.66847229003906 -263.84063720703125 -1367.63330078125
v 32.92690658569336 -257.3885192871094 -1363.595458984375
v -50.01165008544922 -252.908203125 -1368.5771484375
v -57.87103271484375 -252.02256774902344 -1365.069580078125
v -64.79135131835938 -245.7852783203125 -1367.3316650390625
v 58.88330841064453 -248.485595703125 -1364.8277587890625
v 2.4830996990203857 -250.8477325439453 -1365.01904296875
v -33.445499420166016 -247.5137481689453 -1365.822265625
v -2.5085196495056152 -252.06005859375 -1366.1129150390625
v 44.990379333496094 -245.23028564453125 -1367.0352783203125
v -41.37348556518555 -244.32057189941406 -1368.215576171875
v -31.77824592590332 -238.47769165039062 -1367.6842041015625
v -47.38083267211914 -235.96380615234375 -1367.30126953125
v -14.219588279724121 -236.50509643554688 -1365.96142578125
v 9.47252082824707 -232.5977783203125 -1367.033935546875
v -10.509681701660156 -230.83302307128906 -1367.879638671875
v -58.59687423706055 -228.16644287109375 -1365.58740234375
v -18.792428970336914 -227.13755798339844 -1368.995849609375
v -48.29889678955078 -228.04995727539062 -1368.123046875
v 4.2891082763671875 -305.4672546386719 -1365.3353271484375
v -52.818275451660156 -287.4841003417969 -1366.2056884765625
v 17.718463897705078 -286.35552978515625 -1366.112060546875
v 27.74563217163086 -281.5400085449219 -1368.0047607421875
v -56.26141357421875 -282.9574890136719 -1365.38671875
v -99.83977508544922 -275.80633544921875 -1381.7523193359375
v 17.373332977294922 -275.4494323730469 -1365.6591796875
v -62.03813171386719 -274.9398498535156 -1372.462646484375
v 20.270565032958984 -270.2314453125 -1366.8421630859375
v 28.34243392944336 -268.6184387207031 -1362.640869140625
v 42.66950988769531 -258.3525695800781 -1363.3958740234375
v -49.416542053222656 -257.6618957519531 -1365.3563232421875
v 19.024324417114258 -255.91531372070312 -1361.9239501953125
v -40.9281005859375 -256.3240966796875 -1363.9071044921875
v 42.56064987182617 -254.89109802246094 -1368.209716796875
v -43.90175247192383 -255.33091735839844 -1366.99609375
v -69.3572006225586 -255.7522430419922 -1370.918212890625
v -35.494441986083984 -250.07003784179688 -1364.92626953125
v 3.07266902923584 -244.75245666503906 -1364.4195556640625
v 11.573214530944824 -244.0978546142578 -1365.77490234375
v -47.43799591064453 -242.31771850585938 -1364.90625
v 57.59160614013672 -240.1336669921875 -1368.03662109375
v -64.48886108398438 -224.57212829589844 -1366.0115966796875
v -45.080631256103516 -221.0630340576172 -1366.76220703125
v -63.50979995727539 -219.4542999267578 -1367.186279296875
v -69.8030776977539 -217.7708282470703 -1366.5423583984375
v -101.93016052246094 -208.2330780029297 -1367.8599853515625
v 52.28199768066406 -319.48358154296875 -1370.0777587890625
v 13.340158462524414 -293.6104736328125 -1365.262939453125
v 25.743207931518555 -287.609619140625 -1365.460693359375
v 13.516357421875 -274.9683837890625 -1365.9515380859375
v 21.87462615966797 -281.2170104980469 -1365.35107421875
v 35.087215423583984 -277.20001220703125 -1365.7178955078125
v -59.520652770996094 -265.6729736328125 -1365.4339599609375
v 55.572975158691406 -266.7024841308594 -1365.9642333984375
v -58.385459899902344 -258.87689208984375 -1369.2410888671875
v 97.02803802490234 -256.0987548828125 -1370.50244140625
v -53.540287017822266 -242.36830139160156 -1364.4049072265625
v 15.839351654052734 -245.32186889648438 -1364.5740966796875
v -14.625012397766113 -242.89358520507812 -1364.8206787109375
v 53.71376037597656 -244.16357421875 -1367.9097900390625
v -1.3602737188339233 -243.60284423828125 -1365.120361328125
v -29.794443130493164 -243.34530639648438 -1365.85595703125
v -42.40787887573242 -240.2221221923828 -1364.6982421875
v 33.453975677490234 -242.81146240234375 -1366.4012451171875
v 2.7749059200286865 -240.23680114746094 -1365.138427734375
v 29.09562110900879 -239.3070831298828 -1366.080078125
v 9.353265762329102 -239.41737365722656 -1367.0572509765625
v 54.22505187988281 -237.55381774902344 -1366.0123291015625
v 10.339445114135742 -237.00088500976562 -1365.439453125
v -55.22459030151367 -238.126708984375 -1366.2552490234375
v 28.077268600463867 -232.2099609375 -1367.199951171875
v -9.863370895385742 -237.7382049560547 -1365.597412109375
v -38.459228515625 -230.96762084960938 -1365.421875
v -28.261072158813477 -236.454833984375 -1364.2911376953125
v 31.800151824951172 -230.73580932617188 -1367.0615234375
v 23.521564483642578 -235.65745544433594 -1366.4422607421875
v 7.48196268081665 -227.33192443847656 -1368.40380859375
v 12.829522132873535 -229.7150115966797 -1367.22705078125
v -9.596322059631348 -304.0570373535156 -1362.22802734375
v 20.063966751098633 -300.0691223144531 -1361.592529296875
v -14.489755630493164 -299.2001037597656 -1370.18798828125
v 11.517302513122559 -293.829833984375 -1368.7005615234375
v -1.218004822731018 -293.96917724609375 -1365.3253173828125
v 76.73438262939453 -285.52349853515625 -1363.65234375
v 22.699867248535156 -278.6016845703125 -1362.4776611328125
v -46.94135284423828 -274.57183837890625 -1365.643310546875
v 38.03053665161133 -268.05413818359375 -1362.6541748046875
v -54.26353073120117 -261.94183349609375 -1364.04541015625
v 56.99256896972656 -257.93280029296875 -1363.1414794921875
v -53.687156677246094 -259.3568420410156 -1366.4998779296875
v 57.460693359375 -254.37367248535156 -1365.678955078125
v 99.38079833984375 -249.691162109375 -1366.9168701171875
v 38.042354583740234 -243.5574188232422 -1365.5057373046875
v -47.48784255981445 -237.9093475341797 -1363.8658447265625
v -5.412475109100342 -241.53273010253906 -1363.5263671875
v 35.72889709472656 -235.12547302246094 -1368.2115478515625
v -15.26148796081543 -227.6338348388672 -1365.531982421875
v 22.027587890625 -292.1192932128906 -1362.373291015625
v 20.58917999267578 -288.46746826171875 -1365.2669677734375
v 14.29153823852539 -285.5773010253906 -1361.078125
v 25.436315536499023 -280.8322448730469 -1365.10791015625
v 31.68036460876465 -283.64508056640625 -1366.288818359375
v 26.389249801635742 -274.1581115722656 -1362.752685546875
v 21.224082946777344 -271.6711730957031 -1365.41943359375
v 39.62281036376953 -264.16973876953125 -1363.3153076171875
v -71.3591079711914 -260.6092224121094 -1367.062255859375
v 35.82373046875 -257.1552734375 -1364.3553466796875
v -102.36398315429688 -255.45767211914062 -1363.73388671875
v -103.1592788696289 -245.12472534179688 -1365.0645751953125
v 32.57633972167969 -250.10296630859375 -1365.53466796875
v -52.19102096557617 -248.91976928710938 -1361.978271484375
v -40.756187438964844 -249.23208618164062 -1363.2325439453125
v 47.28593063354492 -247.768310546875 -1366.438232421875
v -11.4290771484375 -246.88983154296875 -1365.72900390625
v -19.82412338256836 -243.93663024902344 -1363.2161865234375
v -69.34703063964844 -242.02955627441406 -1363.0701904296875
v 45.610443115234375 -240.0266571044922 -1367.1505126953125
v -25.761688232421875 -235.2266845703125 -1363.9119873046875
v -57.91987609863281 -246.75331115722656 -1365.2681884765625
v -33.32229995727539 -229.17691040039062 -1365.6256103515625
v -69.5468521118164 -224.92376708984375 -1365.8310546875
v -63.37123489379883 -229.69032287597656 -1364.3304443359375
v -41.63819122314453 -228.3279266357422 -1365.716064453125
v 3.618906259536743 -337.67938232421875 -1356.30859375
v 71.95244598388672 -292.11541748046875 -1361.332275390625
v 5.798492908477783 -292.4769592285156 -1362.4930419921875
v 22.70241928100586 -269.7437438964844 -1363.39501953125
v 33.84027862548828 -269.2331237792969 -1364.8255615234375
v 15.996706008911133 -267.0851135253906 -1365.0052490234375
v 45.17814254760742 -266.3011474609375 -1365.6319580078125
v -50.10565948486328 -254.28533935546875 -1362.3905029296875
v -26.521697998046875 -246.77972412109375 -1364.74853515625
v -1.2669938802719116 -247.2372589111328 -1363.0478515625
v -43.980133056640625 -244.0275115966797 -1362.7786865234375
v -37.03369140625 -242.68955993652344 -1364.8125
v -15.77806282043457 -245.5985565185547 -1363.689453125
v -8.497939109802246 -245.4568634033203 -1362.8990478515625
v -50.00090789794922 -242.60842895507812 -1363.1812744140625
v -35.757869720458984 -233.4815673828125 -1365.177978515625
v -58.575462341308594 -232.0030517578125 -1365.1710205078125
v 11.405158996582031 -289.1080017089844 -1361.0948486328125
v -45.910743713378906 -283.2970275878906 -1364.4498291015625
v 25.130878448486328 -281.70391845703125 -1362.310302734375
v 26.93970489501953 -281.6539306640625 -1362.4271240234375
v 29.220849990844727 -277.28662109375 -1359.7838134765625
v 22.14957618713379 -264.28271484375 -1363.714599609375
v 28.860132217407227 -263.3229064941406 -1363.6402587890625
v 62.09318923950195 -256.1174011230469 -1363.7371826171875
v 30.67961883544922 -253.66329956054688 -1364.7462158203125
v 53.17990493774414 -254.74691772460938 -1366.0216064453125
v -44.80488586425781 -247.106201171875 -1364.733642578125
v 7.622805118560791 -246.08274841308594 -1361.76513671875
v -60.4545783996582 -252.12594604492188 -1364.4219970703125
v -30.29344940185547 -240.56077575683594 -1365.0621337890625
v 45.51559066772461 -322.77630615234375 -1358.9964599609375
v -65.0781021118164 -319.2270812988281 -1359.053955078125
v 66.59397888183594 -301.5856018066406 -1362.68408203125
v 16.14086151123047 -291.66815185546875 -1360.1533203125
v 18.7089786529541 -285.24273681640625 -1360.7183837890625
v -57.294673919677734 -260.42193603515625 -1362.602294921875
v 21.126373291015625 -263.031494140625 -1362.63818359375
v -72.36805725097656 -256.8614807128906 -1361.22119140625
v -102.26353454589844 -239.8726348876953 -1362.5599365234375
v 0.5649357438087463 -339.541015625 -1365.24560546875
v 53.75747299194336 -315.8647766113281 -1359.21240234375
v 17.85088348388672 -300.8178405761719 -1367.879150390625
v 37.642215728759766 -275.2096252441406 -1362.2174072265625
v 52.95936584472656 -268.9190368652344 -1362.845458984375
v 35.504947662353516 -264.0677795410156 -1363.0076904296875
v 56.864627838134766 -262.1202087402344 -1361.6109619140625
v -48.61204147338867 -263.5004577636719 -1360.22021484375
v -40.419185638427734 -251.9092254638672 -1361.214111328125
v 10.007452964782715 -336.38189697265625 -1354.5155029296875
v -48.2801399230957 -325.7853088378906 -1359.8870849609375
v 40.669456481933594 -326.8502502441406 -1360.2991943359375
v -0.604053795337677 -305.9685974121094 -1356.94140625
v 38.764469146728516 -291.6364440917969 -1360.9388427734375
v 44.64151382446289 -284.888671875 -1360.4473876953125
v -56.424373626708984 -280.3045959472656 -1358.076416015625
v 19.051795959472656 -276.2187805175781 -1360.7532958984375
v -49.56071853637695 -274.9466552734375 -1359.1287841796875
v -102.47584533691406 -250.99066162109375 -1360.281982421875
v -10.119121551513672 -338.9871826171875 -1372.9219970703125
v -70.88224792480469 -315.416748046875 -1359.2021484375
v 58.62884521484375 -309.84393310546875 -1356.748046875
v -47.36347961425781 -285.4924621582031 -1359.60986328125
v -60.28672409057617 -276.4367980957031 -1360.128173828125
v -101.40187072753906 -259.50274658203125 -1360.916015625
v -56.175628662109375 -323.0057678222656 -1358.7269287109375
v 2.3139262199401855 -298.0239562988281 -1357.0361328125
v 21.07392120361328 -292.1099853515625 -1358.539794921875
v -47.29066467285156 -290.36090087890625 -1359.4844970703125
v -57.87873840332031 -270.4767761230469 -1360.7027587890625
v -59.57914352416992 -263.7163391113281 -1362.859619140625
v -6.6087541580200195 -306.85858154296875 -1358.915771484375
v 63.852169036865234 -303.50445556640625 -1358.8134765625
v 14.448619842529297 -301.6669006347656 -1357.9554443359375
v 30.104494094848633 -298.3530578613281 -1359.33837890625
v 27.34183120727539 -334.01593017578125 -1363.21142578125
v -5.080503463745117 -300.6153869628906 -1361.3682861328125
v -64.33011627197266 -271.9787292480469 -1358.9759521484375
v -39.56892013549805 -329.1029968261719 -1356.76171875
v -83.34098052978516 -300.7961730957031 -1357.111572265625
v -24.46384048461914 -333.45623779296875 -1353.8074951171875
v 16.326570510864258 -335.5752868652344 -1355.8231201171875
v 18.960805892944336 -334.24920654296875 -1353.2078857421875
v 32.11143493652344 -330.8920593261719 -1357.505126953125
v 43.48257064819336 -324.27978515625 -1356.7239990234375
v -74.8028793334961 -311.1162109375 -1355.2860107421875
v -55.204586029052734 -322.89385986328125 -1353.784912109375
v -14.100079536437988 -336.5663757324219 -1354.13671875
v -6.799960136413574 -337.824462890625 -1354.592041015625
f 6 45 1
f 19 13 1
f 1 45 19
f 13 8 3
f 4 45 6
f 3 8 15
f 7 54 18
f 4 9 29
f 2 3 15
f 13 19 8
f 5 54 7
f 28 16 14
f 2 38 14
f 5 16 28
f 2 15 38
f 23 19 45
f 22 44 53
f 20 24 12
f 22 29 9
f 4 29 37
f 27 40 21
f 37 45 4
f 10 50 49
f 38 28 14
f 24 20 27
f 20 12 18
f 8 55 76
f 48 41 47
f 29 22 53
f 29 63 37
f 36 20 18
f 19 23 55
f 15 8 30
f 51 34 17
f 42 35 34
f 15 30 38
f 19 55 8
f 35 66 11
f 33 58 25
f 40 27 20
f 42 34 51
f 26 52 32
f 18 54 36
f 60 37 63
f 38 64 28
f 43 58 33
f 30 8 76
f 17 25 91
f 48 50 41
f 59 31 32
f 52 59 32
f 44 49 53
f 55 23 73
f 47 39 57
f 57 48 47
f 17 91 51
f 42 66 35
f 53 49 70
f 78 29 53
f 5 28 54
f 60 45 37
f 64 38 61
f 38 30 61
f 58 43 93
f 50 48 77
f 26 40 52
f 59 93 43
f 31 59 43
f 40 20 71
f 78 63 29
f 50 77 49
f 36 54 69
f 60 23 45
f 53 70 78
f 11 66 62
f 36 100 20
f 73 23 67
f 77 70 49
f 54 28 74
f 60 67 23
f 20 100 71
f 80 74 28
f 75 80 64
f 65 57 39
f 77 48 83
f 81 60 63
f 56 97 68
f 46 68 65
f 46 65 39
f 57 94 48
f 25 58 91
f 40 87 52
f 63 78 81
f 28 64 80
f 51 98 42
f 66 42 98
f 40 71 87
f 64 61 75
f 36 128 100
f 79 60 81
f 79 67 60
f 75 61 85
f 65 131 57
f 48 94 90
f 59 92 93
f 128 36 69
f 61 82 85
f 61 30 82
f 72 55 73
f 76 82 30
f 57 131 94
f 48 90 83
f 91 107 51
f 52 86 59
f 79 73 67
f 72 73 96
f 51 107 98
f 58 93 91
f 59 86 108
f 70 84 78
f 78 84 81
f 74 69 54
f 76 55 72
f 59 108 92
f 112 80 75
f 85 112 75
f 74 80 111
f 68 88 65
f 79 96 73
f 100 87 71
f 52 87 86
f 84 89 81
f 122 79 81
f 111 80 123
f 76 72 82
f 83 103 77
f 66 99 62
f 95 70 77
f 95 84 70
f 122 96 79
f 72 127 82
f 74 111 69
f 65 125 131
f 115 90 94
f 91 93 92
f 112 85 110
f 80 112 123
f 77 103 95
f 85 82 109
f 66 98 99
f 84 95 89
f 91 92 157
f 107 139 98
f 87 165 86
f 117 81 89
f 96 127 72
f 68 97 88
f 157 107 91
f 165 87 100
f 127 109 82
f 138 103 83
f 85 109 110
f 112 110 189
f 104 102 101
f 102 114 101
f 106 114 102
f 130 88 97
f 65 88 125
f 94 161 126
f 83 90 115
f 115 138 83
f 86 206 108
f 81 117 122
f 159 109 127
f 120 129 101
f 102 104 105
f 101 114 120
f 105 119 102
f 94 131 161
f 94 126 115
f 129 124 101
f 98 154 99
f 218 117 89
f 113 105 151
f 105 104 151
f 118 119 105
f 102 119 121
f 102 121 106
f 169 139 107
f 138 195 103
f 111 128 69
f 101 134 104
f 113 151 172
f 114 106 147
f 97 233 130
f 116 99 185
f 127 96 150
f 122 150 96
f 118 105 113
f 101 141 134
f 151 104 134
f 146 119 118
f 119 136 121
f 114 147 120
f 157 176 107
f 98 139 154
f 99 154 185
f 95 132 89
f 188 109 159
f 118 113 135
f 143 113 172
f 129 120 147
f 147 106 137
f 92 175 157
f 107 176 169
f 103 195 95
f 122 117 182
f 123 133 111
f 173 124 129
f 119 146 136
f 136 214 121
f 92 108 175
f 195 132 95
f 86 165 206
f 100 155 165
f 122 197 150
f 127 171 159
f 123 112 133
f 141 101 124
f 135 146 118
f 129 147 153
f 88 215 125
f 139 169 170
f 182 117 218
f 128 155 100
f 110 109 188
f 111 156 128
f 214 136 187
f 121 137 106
f 88 130 215
f 170 154 139
f 111 133 156
f 124 168 141
f 173 129 145
f 161 131 125
f 108 206 175
f 154 170 227
f 142 148 140
f 197 122 182
f 127 150 149
f 143 178 113
f 135 113 144
f 180 135 167
f 135 180 146
f 153 145 129
f 163 140 148
f 142 149 164
f 149 142 140
f 218 299 182
f 171 127 166
f 140 166 127
f 140 127 149
f 156 250 128
f 167 135 144
f 168 124 173
f 121 152 137
f 146 201 136
f 142 181 148
f 163 166 140
f 183 149 150
f 250 155 128
f 168 209 141
f 179 153 147
f 137 179 147
f 187 136 201
f 162 148 181
f 218 89 132
f 149 183 164
f 197 183 150
f 134 141 220
f 151 134 220
f 180 167 199
f 152 160 137
f 179 174 153
f 216 115 126
f 163 148 162
f 237 132 195
f 154 227 185
f 164 183 163
f 163 183 166
f 112 228 133
f 168 160 198
f 137 160 179
f 152 198 160
f 152 121 213
f 180 201 146
f 214 213 121
f 157 175 248
f 216 138 115
f 181 142 194
f 164 177 142
f 177 163 162
f 177 164 163
f 166 158 171
f 112 189 228
f 178 208 144
f 144 113 178
f 167 144 208
f 168 173 160
f 152 213 198
f 145 153 191
f 157 248 176
f 170 169 257
f 194 142 202
f 177 202 142
f 195 138 274
f 183 207 166
f 165 292 206
f 165 155 292
f 188 189 110
f 172 151 220
f 173 179 160
f 191 153 223
f 187 241 214
f 218 132 237
f 197 182 299
f 171 184 159
f 178 219 208
f 178 143 229
f 167 208 190
f 167 231 199
f 209 168 198
f 173 145 179
f 199 186 180
f 212 145 191
f 153 174 223
f 210 162 181
f 203 162 210
f 202 177 203
f 203 177 162
f 183 197 196
f 159 225 188
f 167 190 231
f 179 145 212
f 223 245 191
f 200 174 179
f 194 193 181
f 138 216 274
f 170 257 227
f 195 274 237
f 196 217 183
f 171 204 184
f 166 207 158
f 184 225 159
f 219 178 229
f 180 186 201
f 223 174 200
f 266 126 161
f 183 217 234
f 141 209 220
f 199 231 221
f 201 186 205
f 205 240 201
f 215 387 125
f 161 125 253
f 193 194 243
f 181 193 210
f 197 299 196
f 234 207 183
f 143 172 244
f 172 220 232
f 213 264 198
f 212 307 179
f 179 307 200
f 210 193 243
f 176 257 169
f 158 224 171
f 218 273 299
f 155 250 292
f 172 232 244
f 212 191 245
f 199 222 186
f 223 301 245
f 187 201 261
f 213 214 260
f 200 192 223
f 242 210 243
f 194 202 290
f 235 175 206
f 189 382 228
f 133 230 156
f 258 232 220
f 264 209 198
f 222 199 221
f 213 260 264
f 217 283 234
f 217 196 267
f 204 238 226
f 204 224 238
f 206 292 235
f 204 171 224
f 226 225 204
f 204 225 184
f 239 189 188
f 212 245 255
f 288 245 301
f 298 266 161
f 247 210 242
f 290 202 203
f 175 235 336
f 217 267 283
f 299 314 196
f 208 219 254
f 208 269 190
f 156 236 250
f 133 228 230
f 220 209 258
f 243 194 265
f 244 229 143
f 209 259 258
f 301 223 192
f 201 280 261
f 387 253 125
f 267 196 314
f 188 225 239
f 211 268 263
f 231 190 277
f 339 244 232
f 192 349 301
f 256 349 192
f 192 252 256
f 186 309 205
f 215 130 369
f 265 194 290
f 175 336 248
f 176 327 257
f 372 274 216
f 158 284 224
f 237 273 218
f 257 249 227
f 239 382 189
f 285 251 262
f 156 230 236
f 339 232 258
f 255 307 212
f 255 245 272
f 187 261 241
f 214 241 287
f 260 214 287
f 302 252 192
f 310 369 130
f 265 246 243
f 247 203 210
f 318 216 126
f 238 224 284
f 275 273 237
f 254 293 208
f 293 269 208
f 269 277 190
f 209 278 259
f 308 222 221
f 200 307 286
f 201 240 280
f 280 240 282
f 369 387 215
f 246 242 243
f 299 273 291
f 225 226 306
f 185 268 211
f 328 293 254
f 254 219 294
f 262 251 270
f 320 262 270
f 259 270 258
f 231 337 221
f 278 209 264
f 281 349 256
f 297 261 280
f 289 205 309
f 176 248 327
f 257 408 249
f 227 268 185
f 250 236 329
f 320 271 262
f 270 259 320
f 231 277 337
f 264 260 295
f 200 279 192
f 126 266 318
f 229 294 219
f 362 258 270
f 308 221 337
f 245 288 272
f 286 279 200
f 256 252 296
f 233 310 130
f 234 326 207
f 226 238 284
f 239 225 306
f 292 250 329
f 251 285 276
f 251 276 270
f 294 229 244
f 390 244 339
f 259 278 321
f 272 300 255
f 255 300 307
f 192 279 302
f 309 186 222
f 296 252 302
f 290 203 247
f 305 284 158
f 207 326 158
f 292 329 451
f 390 294 244
f 362 339 258
f 278 264 295
f 295 260 287
f 297 241 261
f 240 205 289
f 253 298 161
f 234 283 326
f 359 226 284
f 235 451 443
f 235 292 451
f 362 270 276
f 349 281 354
f 222 308 309
f 296 338 256
f 326 305 158
f 274 372 335
f 226 359 306
f 382 401 228
f 259 321 320
f 288 409 272
f 288 301 347
f 281 256 331
f 242 325 247
f 312 265 290
f 273 275 497
f 235 443 336
f 274 335 237
f 227 249 268
f 285 262 315
f 407 269 293
f 271 427 262
f 321 278 295
f 279 286 303
f 302 279 323
f 296 302 385
f 289 282 240
f 282 309 304
f 309 282 289
f 387 425 253
f 253 425 298
f 246 325 242
f 265 312 246
f 247 325 313
f 290 247 313
f 290 313 312
f 266 334 318
f 283 267 314
f 419 314 299
f 328 407 293
f 269 391 277
f 277 391 337
f 347 409 288
f 301 349 342
f 354 281 368
f 280 282 317
f 281 331 368
f 287 241 333
f 298 334 266
f 299 291 419
f 345 284 305
f 216 318 372
f 291 273 461
f 294 360 254
f 276 285 315
f 263 268 319
f 341 300 272
f 300 353 307
f 272 409 341
f 348 323 279
f 324 333 241
f 246 311 325
f 246 357 311
f 327 408 257
f 262 427 315
f 276 373 362
f 228 363 230
f 347 301 342
f 295 322 321
f 297 280 332
f 304 309 351
f 305 326 345
f 314 413 283
f 345 359 284
f 360 328 254
f 435 391 407
f 391 269 407
f 451 329 436
f 230 363 236
f 271 320 346
f 341 340 300
f 353 300 340
f 320 321 316
f 307 353 286
f 303 348 279
f 309 308 350
f 323 385 302
f 282 304 317
f 256 338 331
f 297 332 324
f 297 324 241
f 246 312 357
f 352 360 294
f 427 271 364
f 338 296 330
f 296 356 330
f 280 378 332
f 351 309 350
f 273 497 461
f 248 399 327
f 237 335 275
f 361 373 276
f 276 315 361
f 456 339 362
f 391 444 337
f 371 317 304
f 304 351 386
f 329 236 445
f 364 271 346
f 308 337 355
f 295 287 322
f 318 334 372
f 326 358 345
f 392 365 340
f 347 342 422
f 349 354 342
f 343 348 377
f 367 322 287
f 296 385 356
f 331 338 396
f 304 386 371
f 344 357 312
f 406 345 358
f 419 413 314
f 461 389 291
f 360 414 328
f 416 340 428
f 392 340 416
f 365 353 340
f 410 355 337
f 321 322 395
f 350 397 351
f 333 367 287
f 332 333 324
f 325 311 405
f 313 344 312
f 326 283 358
f 381 373 361
f 315 427 415
f 363 526 236
f 320 316 346
f 286 353 303
f 353 394 303
f 338 330 423
f 378 280 317
f 386 351 397
f 344 370 357
f 298 425 460
f 283 413 358
f 420 372 334
f 381 362 373
f 383 268 249
f 365 392 364
f 341 428 340
f 410 337 444
f 375 341 409
f 365 394 353
f 316 376 346
f 316 321 384
f 303 394 348
f 321 395 384
f 323 343 385
f 348 343 323
f 308 355 350
f 350 355 403
f 397 350 403
f 333 418 367
f 311 357 380
f 380 357 370
f 325 388 313
f 388 344 313
f 462 335 372
f 414 426 328
f 415 361 315
f 427 364 374
f 429 228 401
f 374 364 392
f 329 445 436
f 348 394 377
f 338 423 396
f 331 439 368
f 449 317 371
f 310 404 369
f 405 388 325
f 398 370 344
f 406 358 413
f 291 389 419
f 542 457 327
f 327 457 408
f 426 407 328
f 443 451 501
f 383 249 408
f 390 339 456
f 429 363 228
f 393 346 376
f 376 316 384
f 354 434 342
f 395 322 366
f 367 366 322
f 431 330 356
f 332 418 333
f 311 380 405
f 404 387 369
f 406 440 345
f 336 399 248
f 361 415 521
f 362 381 456
f 569 429 401
f 365 364 393
f 393 364 346
f 376 377 394
f 354 439 484
f 424 366 367
f 368 439 354
f 424 367 379
f 387 380 370
f 344 388 398
f 370 425 387
f 298 460 334
f 239 400 382
f 381 361 500
f 402 409 347
f 422 342 463
f 376 384 411
f 411 384 395
f 430 343 377
f 332 378 418
f 317 449 378
f 367 459 379
f 404 380 387
f 380 404 432
f 334 460 420
f 275 335 497
f 365 393 394
f 376 394 393
f 411 395 366
f 376 430 377
f 371 386 417
f 499 423 330
f 330 464 499
f 482 449 371
f 403 480 397
f 425 370 398
f 406 413 441
f 390 421 294
f 401 382 467
f 435 433 391
f 268 446 319
f 236 526 445
f 342 434 463
f 412 411 366
f 412 430 411
f 430 376 411
f 366 424 412
f 397 417 386
f 574 439 331
f 414 360 442
f 427 374 415
f 392 416 374
f 268 383 446
f 428 341 375
f 347 422 402
f 330 431 464
f 418 459 367
f 405 380 453
f 405 398 388
f 406 441 440
f 306 400 239
f 327 399 542
f 477 381 500
f 381 477 456
f 456 421 390
f 429 526 363
f 430 447 343
f 343 447 385
f 412 452 430
f 417 397 487
f 412 424 452
f 380 432 453
f 405 453 398
f 425 398 453
f 450 359 345
f 352 442 360
f 336 443 399
f 520 361 521
f 435 407 426
f 391 433 444
f 437 409 402
f 417 482 371
f 452 424 448
f 574 331 396
f 379 448 424
f 450 345 440
f 352 294 421
f 467 569 401
f 383 591 479
f 383 479 446
f 569 502 429
f 375 409 437
f 355 495 403
f 385 447 356
f 486 378 475
f 476 425 453
f 462 372 420
f 306 509 400
f 399 443 515
f 471 374 416
f 416 428 471
f 437 511 375
f 495 355 410
f 439 563 484
f 447 430 452
f 459 418 486
f 418 378 486
f 440 455 450
f 352 421 541
f 383 408 472
f 444 581 410
f 447 452 485
f 487 397 480
f 378 449 465
f 378 465 475
f 455 440 441
f 413 531 441
f 507 306 359
f 467 382 400
f 457 472 408
f 374 471 415
f 436 483 451
f 402 516 437
f 447 468 356
f 563 439 574
f 469 448 379
f 413 419 531
f 466 441 531
f 470 420 460
f 546 389 461
f 500 361 520
f 521 415 471
f 472 591 383
f 451 483 501
f 422 463 512
f 434 522 463
f 356 468 431
f 396 423 488
f 464 431 494
f 403 495 480
f 379 459 469
f 476 460 425
f 441 466 455
f 335 481 497
f 620 414 442
f 456 477 612
f 612 421 456
f 471 428 458
f 458 428 375
f 487 555 417
f 449 482 528
f 507 359 450
f 458 375 511
f 445 483 436
f 570 526 429
f 581 444 433
f 354 484 434
f 485 468 447
f 468 494 431
f 448 493 452
f 529 459 486
f 493 469 473
f 459 473 469
f 493 448 469
f 520 534 500
f 457 478 472
f 502 570 429
f 519 449 528
f 396 523 574
f 465 449 519
f 487 480 545
f 493 473 503
f 529 486 475
f 474 473 459
f 470 462 420
f 500 491 477
f 521 471 510
f 516 511 437
f 422 512 402
f 522 592 463
f 452 493 485
f 482 417 572
f 423 499 488
f 396 488 523
f 462 508 335
f 335 508 481
f 525 620 442
f 414 619 426
f 352 541 492
f 542 399 515
f 435 580 433
f 468 562 494
f 474 459 529
f 460 476 506
f 534 491 500
f 612 541 421
f 458 511 551
f 438 446 479
f 494 554 464
f 464 496 499
f 464 554 496
f 495 545 480
f 529 475 504
f 475 465 504
f 419 539 531
f 506 470 460
f 461 649 546
f 604 489 549
f 414 620 619
f 478 457 542
f 522 434 484
f 562 468 485
f 622 462 470
f 492 442 352
f 510 471 514
f 443 501 515
f 512 463 498
f 493 566 485
f 555 487 545
f 574 523 615
f 473 474 503
f 519 505 465
f 454 532 530
f 461 621 548
f 461 497 621
f 467 400 578
f 471 458 514
f 498 463 592
f 479 600 438
f 494 537 554
f 417 555 561
f 485 566 562
f 499 584 488
f 496 584 499
f 389 539 419
f 514 458 551
f 658 516 402
f 494 562 537
f 417 561 572
f 523 488 524
f 496 560 584
f 496 554 560
f 450 455 576
f 470 506 622
f 548 649 461
f 521 510 540
f 528 482 572
f 493 503 582
f 544 545 495
f 504 465 505
f 507 509 306
f 578 400 509
f 608 634 435
f 511 516 559
f 581 625 410
f 527 410 625
f 410 527 495
f 488 584 524
f 532 547 530
f 531 539 618
f 621 497 481
f 622 508 462
f 578 513 467
f 510 550 540
f 580 674 433
f 495 527 544
f 493 582 566
f 454 530 453
f 489 547 532
f 534 520 535
f 640 442 492
f 535 520 521
f 477 491 612
f 535 521 540
f 550 510 514
f 591 472 478
f 483 590 501
f 502 585 570
f 479 613 600
f 600 517 438
f 529 642 474
f 529 504 642
f 524 629 523
f 604 547 489
f 558 622 506
f 634 580 435
f 402 512 543
f 445 609 483
f 445 526 609
f 527 625 544
f 476 453 530
f 466 577 455
f 466 531 618
f 506 476 538
f 506 538 558
f 509 507 630
f 426 608 435
f 640 492 567
f 541 567 492
f 514 551 607
f 559 551 511
f 633 559 516
f 543 512 498
f 433 674 581
f 615 523 629
f 507 643 630
f 509 630 578
f 533 426 619
f 525 442 605
f 533 608 426
f 549 490 664
f 567 541 568
f 535 540 550
f 490 536 589
f 536 552 598
f 501 590 515
f 515 590 635
f 658 633 516
f 556 587 564
f 519 528 594
f 572 595 528
f 627 561 555
f 560 571 584
f 576 455 577
f 577 466 618
f 539 389 546
f 549 664 604
f 640 605 442
f 568 541 612
f 631 550 514
f 579 502 569
f 658 402 543
f 625 581 659
f 599 553 564
f 554 537 565
f 554 565 560
f 528 595 594
f 484 563 573
f 646 537 562
f 582 503 583
f 503 474 628
f 584 616 524
f 643 507 450
f 664 490 589
f 542 586 478
f 588 450 576
f 476 530 538
f 694 622 558
f 612 650 568
f 569 467 513
f 551 559 691
f 589 536 598
f 553 598 552
f 519 594 661
f 627 555 601
f 519 661 505
f 618 539 648
f 648 539 546
f 534 657 491
f 550 631 535
f 568 640 567
f 607 631 514
f 607 551 691
f 633 732 559
f 564 587 599
f 555 545 601
f 653 571 560
f 517 602 518
f 583 503 628
f 610 562 566
f 582 611 566
f 603 572 561
f 573 563 574
f 556 654 587
f 518 637 557
f 790 530 547
f 657 534 623
f 640 568 606
f 515 586 542
f 590 483 624
f 624 483 609
f 553 599 598
f 627 647 561
f 610 566 611
f 572 603 595
f 557 637 596
f 577 575 576
f 575 588 576
f 450 588 643
f 604 783 547
f 508 644 481
f 721 513 578
f 534 535 623
f 650 606 568
f 579 585 502
f 526 570 609
f 659 581 674
f 522 484 707
f 593 594 595
f 562 610 646
f 582 652 611
f 652 582 583
f 642 628 474
f 558 538 782
f 481 644 621
f 638 623 535
f 631 638 535
f 592 651 498
f 591 613 479
f 544 625 662
f 686 560 565
f 537 646 614
f 687 583 628
f 647 603 561
f 616 584 571
f 574 615 617
f 574 617 573
f 577 701 575
f 618 811 577
f 657 612 491
f 513 731 569
f 498 645 543
f 515 635 586
f 624 609 641
f 601 676 627
f 545 544 662
f 661 594 593
f 560 669 653
f 656 538 530
f 548 621 672
f 578 630 721
f 657 623 678
f 679 606 650
f 631 697 638
f 592 522 667
f 667 522 707
f 614 565 537
f 646 610 611
f 670 505 661
f 628 773 687
f 602 637 518
f 643 588 745
f 783 790 547
f 620 671 619
f 508 711 644
f 622 711 508
f 612 665 650
f 664 589 747
f 747 589 632
f 598 632 589
f 641 609 570
f 641 570 585
f 675 625 659
f 599 587 626
f 600 719 517
f 693 484 573
f 617 636 573
f 558 782 694
f 605 751 525
f 678 623 638
f 608 685 634
f 658 543 645
f 635 704 586
f 590 624 635
f 598 599 718
f 626 587 663
f 614 743 565
f 593 595 660
f 611 677 646
f 628 642 773
f 615 699 727
f 616 571 639
f 524 616 629
f 636 617 727
f 727 617 615
f 573 636 693
f 634 674 580
f 625 675 662
f 669 560 686
f 583 687 652
f 505 670 504
f 629 699 615
f 654 663 587
f 596 637 683
f 655 597 596
f 811 701 577
f 750 630 643
f 620 751 671
f 751 620 525
f 604 664 746
f 533 803 608
f 685 608 690
f 607 697 631
f 718 632 598
f 719 602 517
f 677 611 652
f 484 693 707
f 616 726 629
f 602 700 637
f 700 683 637
f 575 701 739
f 619 729 533
f 622 694 711
f 678 695 657
f 657 696 612
f 691 697 607
f 569 731 579
f 645 498 651
f 613 591 666
f 592 667 705
f 613 779 600
f 600 779 839
f 739 588 575
f 745 588 802
f 530 702 656
f 721 630 750
f 671 729 619
f 621 644 849
f 684 605 640
f 804 608 803
f 748 559 732
f 585 579 715
f 635 624 703
f 586 704 478
f 624 641 703
f 599 626 718
f 719 600 839
f 667 707 722
f 593 660 736
f 758 662 675
f 688 669 686
f 668 670 661
f 545 662 601
f 627 681 647
f 669 708 653
f 709 708 669
f 653 639 571
f 629 726 699
f 710 693 636
f 655 596 683
f 802 588 739
f 546 819 648
f 546 649 819
f 649 548 740
f 783 604 746
f 606 684 640
f 657 695 696
f 696 665 612
f 691 559 748
f 635 703 704
f 478 666 591
f 613 741 779
f 614 646 692
f 670 642 504
f 652 770 677
f 616 639 689
f 616 689 726
f 790 702 530
f 855 711 694
f 679 650 673
f 650 665 673
f 716 659 674
f 592 705 651
f 722 723 667
f 593 736 661
f 565 743 686
f 601 772 676
f 660 595 647
f 595 603 647
f 652 682 770
f 648 811 618
f 745 750 643
f 606 679 684
f 690 608 804
f 645 761 658
f 642 680 773
f 642 670 680
f 626 663 738
f 669 688 709
f 683 744 655
f 533 729 803
f 644 711 849
f 678 638 712
f 665 713 673
f 746 664 747
f 747 632 698
f 613 666 741
f 659 742 675
f 614 692 733
f 677 692 646
f 692 677 734
f 687 773 724
f 548 728 740
f 712 695 678
f 579 755 715
f 704 666 478
f 716 742 659
f 743 614 733
f 734 677 770
f 670 668 680
f 626 738 725
f 713 665 696
f 679 673 713
f 731 755 579
f 634 714 674
f 645 651 852
f 703 717 704
f 667 723 705
f 686 735 688
f 681 660 647
f 627 676 681
f 662 772 601
f 652 687 682
f 687 724 682
f 683 768 744
f 811 648 818
f 621 849 672
f 638 697 712
f 703 641 756
f 704 717 666
f 692 762 733
f 660 795 736
f 653 708 767
f 727 699 780
f 656 782 538
f 729 671 826
f 751 605 684
f 712 752 695
f 685 769 634
f 634 769 714
f 633 658 778
f 714 716 674
f 645 852 761
f 585 838 641
f 838 585 715
f 722 707 706
f 762 692 734
f 662 758 772
f 693 706 707
f 653 767 639
f 688 720 709
f 727 799 636
f 799 710 636
f 752 760 695
f 695 760 696
f 842 697 691
f 754 842 691
f 756 641 838
f 720 708 709
f 751 826 671
f 730 679 713
f 691 748 754
f 698 632 830
f 632 718 793
f 688 735 763
f 831 840 743
f 689 737 726
f 739 781 789
f 739 701 781
f 702 790 1003
f 728 548 672
f 761 778 658
f 765 682 724
f 699 766 780
f 689 639 767
f 809 699 726
f 725 738 749
f 799 727 780
f 749 738 835
f 744 759 655
f 819 818 648
f 819 649 740
f 729 820 803
f 633 778 732
f 822 714 769
f 741 666 794
f 626 725 785
f 743 733 831
f 686 743 735
f 661 736 757
f 795 660 681
f 757 668 661
f 771 681 676
f 720 688 763
f 689 767 788
f 774 768 700
f 768 683 700
f 826 751 776
f 776 751 684
f 760 752 813
f 684 679 730
f 696 760 713
f 731 513 777
f 901 754 748
f 714 822 716
f 703 756 717
f 735 743 807
f 736 795 832
f 758 675 787
f 676 772 771
f 797 795 681
f 680 796 773
f 719 774 602
f 767 708 720
f 789 802 739
f 750 784 721
f 920 849 711
f 713 753 730
f 821 731 777
f 651 705 792
f 735 807 763
f 736 832 757
f 743 840 807
f 816 724 773
f 757 786 668
f 699 809 766
f 689 788 737
f 781 701 811
f 745 775 812
f 750 745 812
f 854 728 672
f 711 855 920
f 747 814 746
f 666 717 824
f 805 733 762
f 722 706 870
f 733 805 831
f 763 764 720
f 719 815 774
f 720 764 767
f 602 774 700
f 819 848 818
f 702 1016 656
f 784 513 721
f 713 760 753
f 685 690 769
f 922 748 732
f 761 851 778
f 822 903 716
f 823 838 715
f 705 723 792
f 793 718 785
f 785 718 626
f 806 762 734
f 786 680 668
f 771 772 808
f 786 796 680
f 771 845 681
f 845 797 681
f 767 764 798
f 737 809 726
f 800 781 811
f 702 1003 1016
f 790 783 893
f 730 946 684
f 946 776 684
f 813 827 900
f 752 827 813
f 821 755 731
f 814 747 698
f 778 922 732
f 756 824 717
f 824 756 838
f 903 742 716
f 742 867 675
f 762 806 805
f 839 815 719
f 763 834 764
f 758 787 772
f 798 788 767
f 809 737 817
f 788 810 737
f 744 836 759
f 789 781 801
f 656 1016 969
f 750 812 876
f 893 783 791
f 855 694 782
f 854 672 849
f 784 777 513
f 697 827 712
f 690 856 769
f 922 778 851
f 852 851 761
f 715 987 823
f 666 824 794
f 723 722 870
f 770 879 734
f 757 832 786
f 834 763 807
f 771 808 845
f 954 749 835
f 737 810 817
f 693 710 846
f 791 971 893
f 746 791 783
f 712 827 752
f 814 791 746
f 632 793 830
f 792 886 651
f 978 725 749
f 816 765 724
f 799 780 882
f 780 766 882
f 846 706 693
f 801 781 800
f 812 775 875
f 876 784 750
f 784 1066 777
f 842 827 697
f 769 856 902
f 715 829 987
f 755 829 715
f 838 935 824
f 903 923 742
f 794 843 741
f 866 779 741
f 904 815 839
f 858 832 795
f 879 770 682
f 773 796 816
f 772 787 808
f 815 915 774
f 775 745 802
f 784 876 957
f 826 820 729
f 1035 826 776
f 921 804 803
f 828 760 813
f 760 828 753
f 748 929 901
f 814 698 894
f 894 698 975
f 829 755 821
f 698 830 975
f 723 825 792
f 895 839 779
f 734 879 806
f 786 844 796
f 797 858 795
f 841 787 675
f 978 749 954
f 845 808 897
f 797 845 880
f 859 870 706
f 898 764 834
f 846 710 860
f 768 908 744
f 819 740 911
f 820 921 803
f 813 900 828
f 929 748 922
f 830 793 995
f 651 886 852
f 793 785 878
f 742 923 867
f 879 682 833
f 765 816 916
f 809 817 871
f 811 818 884
f 811 884 800
f 1002 775 802
f 875 876 812
f 820 826 1065
f 1066 821 777
f 843 866 741
f 866 895 779
f 807 840 950
f 675 867 841
f 796 869 816
f 918 774 915
f 898 798 764
f 788 798 891
f 859 706 846
f 918 768 774
f 710 799 860
f 864 802 789
f 1035 776 837
f 784 957 1066
f 865 828 900
f 900 827 842
f 821 974 829
f 902 822 769
f 785 725 978
f 807 950 888
f 888 834 807
f 787 897 808
f 833 682 765
f 954 835 919
f 788 861 810
f 801 863 789
f 864 1002 802
f 911 740 985
f 1002 875 775
f 740 728 985
f 946 730 912
f 828 865 753
f 975 830 995
f 794 824 1012
f 887 723 870
f 831 931 962
f 832 896 786
f 889 844 786
f 816 857 916
f 787 907 897
f 768 918 908
f 810 861 817
f 818 873 884
f 873 818 848
f 884 928 800
f 854 849 970
f 730 753 865
f 791 814 885
f 1011 851 852
f 823 935 838
f 792 977 886
f 895 904 839
f 879 905 806
f 840 831 868
f 979 950 840
f 840 868 979
f 858 896 832
f 880 858 797
f 765 914 833
f 882 766 890
f 809 871 766
f 799 882 860
f 891 861 788
f 859 846 909
f 908 836 744
f 939 1003 790
f 782 656 956
f 730 899 912
f 899 730 865
f 804 948 690
f 829 974 850
f 1012 843 794
f 831 805 931
f 914 879 833
f 816 869 857
f 845 897 880
f 898 834 888
f 891 871 817
f 861 891 817
f 983 925 847
f 801 874 863
f 849 920 970
f 690 948 856
f 793 878 995
f 805 806 931
f 831 962 868
f 815 904 915
f 786 896 889
f 860 933 982
f 860 892 846
f 883 884 873
f 874 801 800
f 956 656 969
f 790 893 939
f 782 956 855
f 829 850 987
f 952 858 880
f 798 881 891
f 872 766 871
f 841 907 787
f 882 933 860
f 836 908 910
f 836 910 944
f 862 934 853
f 848 968 873
f 789 863 864
f 971 791 885
f 1066 974 821
f 902 1102 822
f 823 987 877
f 723 887 825
f 869 963 857
f 889 896 989
f 798 964 881
f 964 798 898
f 966 841 867
f 766 872 890
f 890 933 882
f 871 891 872
f 909 937 859
f 860 982 892
f 892 909 846
f 1032 927 853
f 862 853 927
f 853 1032 972
f 911 985 1105
f 728 854 1022
f 776 946 837
f 920 855 956
f 814 894 885
f 886 1011 852
f 785 978 878
f 879 914 905
f 914 988 905
f 889 989 965
f 889 941 844
f 897 906 880
f 888 942 898
f 916 914 765
f 897 907 906
f 967 890 872
f 917 907 841
f 1032 847 925
f 927 938 862
f 945 863 874
f 928 884 883
f 985 728 1022
f 921 820 1065
f 947 900 842
f 900 958 865
f 856 948 913
f 930 929 922
f 877 935 823
f 824 935 1012
f 792 825 1148
f 859 932 870
f 889 965 941
f 847 926 983
f 926 847 1032
f 874 1000 945
f 874 800 1000
f 945 992 863
f 876 875 957
f 912 986 946
f 994 947 842
f 922 851 930
f 806 905 931
f 950 949 888
f 896 952 989
f 857 963 916
f 1024 869 796
f 796 844 1024
f 1024 844 941
f 858 952 896
f 942 888 949
f 841 966 917
f 917 955 907
f 890 999 933
f 982 924 892
f 968 883 873
f 992 864 863
f 819 911 848
f 1095 957 875
f 842 754 994
f 959 754 901
f 804 940 948
f 1023 885 894
f 1011 886 977
f 870 932 887
f 951 914 916
f 880 906 952
f 955 906 907
f 909 892 924
f 934 853 972
f 1034 1022 854
f 1035 1065 826
f 971 939 893
f 899 865 958
f 959 994 754
f 971 885 1023
f 913 902 856
f 923 1019 867
f 869 1024 963
f 914 951 988
f 915 936 918
f 1052 956 969
f 900 947 958
f 940 1074 948
f 898 997 964
f 898 942 997
f 906 981 952
f 872 891 953
f 966 998 917
f 999 982 933
f 924 937 909
f 944 910 984
f 1052 920 956
f 899 1130 912
f 921 940 804
f 822 960 903
f 792 1148 977
f 935 1018 1012
f 903 1019 923
f 980 867 1019
f 904 936 915
f 989 1025 965
f 936 1083 918
f 872 953 1057
f 1048 917 998
f 917 1048 955
f 967 999 890
f 848 911 1001
f 993 1002 864
f 939 971 1107
f 986 912 1130
f 1065 1086 921
f 947 994 1043
f 1133 902 913
f 1133 1102 902
f 825 887 1056
f 1013 904 895
f 978 954 1060
f 989 952 1049
f 949 997 942
f 881 953 891
f 906 955 1040
f 955 1048 1040
f 954 919 1060
f 919 943 1060
f 1006 859 937
f 982 1005 924
f 1007 927 938
f 986 837 946
f 940 921 1086
f 948 1074 913
f 851 1011 1155
f 990 949 950
f 979 990 950
f 867 980 966
f 964 997 1021
f 1057 967 872
f 908 918 1083
f 1005 937 924
f 1007 938 1033
f 938 934 1033
f 1009 800 928
f 1009 1000 800
f 1035 837 1162
f 895 866 996
f 978 1060 961
f 887 932 1149
f 1021 953 881
f 953 1104 1057
f 981 906 1040
f 1070 967 1057
f 998 966 1004
f 999 967 1070
f 848 1001 968
f 986 1162 837
f 957 1095 1101
f 970 920 1073
f 920 1052 1073
f 1102 960 822
f 887 1149 1056
f 905 1028 931
f 1027 979 868
f 949 990 1014
f 1024 941 1045
f 981 1049 952
f 980 1004 966
f 964 1021 881
f 965 1020 941
f 1060 943 1072
f 1032 925 1050
f 875 1002 1095
f 854 970 1034
f 970 1073 1034
f 1124 1011 977
f 1018 935 877
f 825 1056 1148
f 878 978 961
f 904 1013 936
f 962 1027 868
f 949 1091 997
f 949 1014 1091
f 941 1020 1045
f 953 1021 1104
f 1049 981 991
f 1026 991 981
f 1005 982 1030
f 1030 982 999
f 1006 937 1005
f 1015 972 1032
f 945 1000 1008
f 993 864 992
f 994 959 1043
f 1075 1023 894
f 1076 975 995
f 1019 1198 980
f 1029 990 979
f 1020 965 1025
f 981 1040 1026
f 1030 999 1058
f 983 1031 925
f 1015 1032 1050
f 969 1123 1052
f 1123 969 1016
f 939 1107 1003
f 913 1010 1133
f 843 1079 866
f 931 1116 962
f 988 1028 905
f 951 916 963
f 999 1070 1098
f 1031 1050 925
f 934 972 1033
f 1009 1008 1000
f 928 883 973
f 883 968 973
f 1105 1001 911
f 1130 899 1131
f 1066 957 1101
f 930 851 1155
f 877 1044 1018
f 1148 1053 977
f 995 878 1067
f 878 961 1067
f 1013 895 996
f 1029 979 1027
f 963 1143 951
f 990 1038 1014
f 989 1046 1025
f 989 1049 1103
f 1103 1046 989
f 1026 1041 991
f 1058 999 1098
f 971 1023 1107
f 1140 959 901
f 894 975 1075
f 1193 1044 877
f 1047 1021 997
f 1031 983 926
f 1015 1050 927
f 972 1051 1033
f 1009 1161 1008
f 1008 992 945
f 985 1022 1105
f 1140 1043 959
f 960 1019 903
f 1344 1198 1019
f 962 1061 1027
f 988 951 1125
f 990 1029 1038
f 1024 1143 963
f 1048 998 1080
f 1119 1049 991
f 1092 998 1004
f 1154 998 1092
f 991 1041 1119
f 1050 926 1032
f 1007 1033 1051
f 968 1001 973
f 850 1156 987
f 1108 877 987
f 1017 1077 1037
f 1120 936 1013
f 1029 1027 1069
f 1024 1039 1143
f 1045 1039 1024
f 997 1091 1047
f 1004 980 1092
f 1030 1058 1071
f 998 1154 1080
f 1005 1127 1006
f 1042 908 1083
f 1050 927 1032
f 908 1042 910
f 1015 927 1007
f 984 910 1145
f 973 1001 1099
f 1105 1184 1001
f 976 1036 1077
f 1077 1036 1037
f 1017 1037 1055
f 866 1079 996
f 1069 1027 1061
f 1115 961 1060
f 1029 1110 1038
f 1020 1062 1045
f 1020 1025 1096
f 1025 1046 1096
f 1048 1081 1040
f 1030 1097 1005
f 1015 1007 1059
f 1015 1051 972
f 1161 1009 928
f 1034 1073 1222
f 958 1131 899
f 901 929 1205
f 913 1074 1010
f 1036 1068 1037
f 1054 1078 1037
f 1055 1037 1078
f 1149 932 1118
f 962 1116 1061
f 1072 1115 1060
f 1021 1063 1104
f 1040 1081 1064
f 1097 1030 1071
f 1064 1026 1040
f 1127 1005 1097
f 1145 910 1042
f 928 973 1122
f 1002 993 1095
f 1162 986 1240
f 1077 976 1036
f 1076 995 1067
f 1077 1017 1055
f 1068 1054 1037
f 843 1012 1088
f 1088 1079 843
f 1056 1149 1090
f 1028 1116 931
f 859 1006 932
f 1064 1041 1026
f 1042 1083 1128
f 1050 1031 926
f 1145 1146 984
f 993 992 1084
f 1022 1191 1105
f 1191 1022 1034
f 1016 1003 1106
f 1034 1222 1191
f 1442 1003 1107
f 1043 1140 1100
f 1053 1124 977
f 877 1108 1193
f 1088 1012 1018
f 1136 996 1079
f 988 1125 1028
f 1020 1096 1062
f 1062 1039 1045
f 1057 1104 1159
f 932 1006 1138
f 1059 1042 1128
f 1015 1059 1051
f 993 1094 1095
f 1123 1073 1052
f 1162 1085 1035
f 1043 1132 947
f 850 974 1147
f 929 930 1087
f 1108 987 1156
f 1155 1011 1124
f 1068 1078 1054
f 1013 996 1136
f 1029 1069 1110
f 936 1120 1083
f 1081 1048 1080
f 1041 1064 1119
f 1115 1072 1144
f 1145 1042 1059
f 1059 1007 1051
f 1129 984 1146
f 1008 1161 1093
f 1162 1386 1085
f 1035 1085 1065
f 958 947 1132
f 1107 1023 1164
f 974 1066 1173
f 1023 1075 1164
f 1232 1155 1124
f 1076 1067 1207
f 1019 960 1179
f 1036 1077 1068
f 1068 1109 1078
f 1089 1055 1078
f 1046 1103 1096
f 1096 1157 1062
f 1057 1159 1070
f 1093 992 1008
f 1043 1100 1132
f 1075 975 1076
f 1109 1089 1078
f 1328 1120 1013
f 1198 1092 980
f 1154 1082 1080
f 1092 1228 1154
f 1201 1154 1228
f 1016 1106 1123
f 1003 1442 1106
f 986 1130 1240
f 1101 1173 1066
f 1205 1140 901
f 1141 960 1102
f 960 1134 1179
f 1077 1114 1068
f 1068 1114 1109
f 1208 1018 1044
f 1067 961 1187
f 1112 1038 1110
f 1091 1014 1137
f 1038 1112 1014
f 1103 1151 1096
f 1049 1119 1103
f 1098 1070 1152
f 1200 1071 1058
f 1084 992 1093
f 1184 1099 1001
f 974 1173 1147
f 1156 1175 1108
f 1077 1055 1114
f 1114 1055 1089
f 1150 1069 1061
f 951 1168 1125
f 1143 1168 951
f 1062 1117 1039
f 1098 1152 1058
f 1103 1119 1170
f 1128 1121 1059
f 1121 1145 1059
f 973 1203 1122
f 1084 1094 993
f 1094 1101 1095
f 1206 1205 929
f 1206 929 1087
f 960 1141 1134
f 1067 1187 1207
f 1079 1088 1136
f 1028 1111 1116
f 1125 1111 1028
f 1096 1151 1157
f 1112 1137 1014
f 1070 1159 1152
f 1047 1063 1021
f 1198 1228 1092
f 1080 1221 1081
f 973 1113 1203
f 1442 1107 1241
f 958 1132 1131
f 1155 1087 930
f 1088 1018 1208
f 1148 1056 1090
f 1150 1061 1116
f 1137 1047 1091
f 1062 1217 1117
f 1217 1062 1157
f 1153 1159 1104
f 1221 1126 1081
f 1255 1127 1097
f 1221 1080 1082
f 1120 1128 1083
f 1122 1161 928
f 1139 1073 1123
f 1065 1197 1086
f 1107 1164 1241
f 1089 1109 1114
f 1069 1142 1110
f 1110 1142 1112
f 1069 1150 1142
f 1117 1143 1039
f 1104 1063 1183
f 1126 1064 1081
f 1115 1144 1263
f 1113 973 1099
f 1123 1106 1139
f 1085 1214 1197
f 1085 1197 1065
f 1172 1132 1100
f 1164 1075 1230
f 1156 850 1147
f 1328 1013 1136
f 1111 1150 1116
f 1047 1169 1063
f 1153 1104 1183
f 1184 1105 1439
f 1094 1084 1185
f 1073 1139 1222
f 1442 1223 1106
f 1131 1171 1130
f 1075 1076 1341
f 1125 1168 1111
f 1151 1158 1157
f 1118 932 1273
f 1064 1170 1119
f 1064 1126 1220
f 1138 1127 1256
f 1006 1127 1138
f 1093 1239 1084
f 1214 1085 1386
f 1086 1197 1248
f 1205 1229 1140
f 1225 1141 1102
f 1108 1175 1193
f 1136 1088 1165
f 1143 1212 1168
f 1212 1143 1117
f 1169 1047 1137
f 1170 1064 1220
f 1202 1263 1144
f 1130 1171 1240
f 1101 1094 1177
f 1132 1172 1131
f 1133 1225 1102
f 1208 1165 1088
f 1114 1166 1135
f 961 1194 1187
f 1150 1181 1142
f 1182 1150 1111
f 1137 1112 1169
f 1221 1160 1126
f 932 1138 1273
f 1154 1291 1082
f 1145 1121 1146
f 1239 1093 1161
f 1084 1428 1185
f 1248 940 1086
f 940 1259 1074
f 1087 1192 1206
f 1147 1178 1156
f 1265 1192 1087
f 1087 1155 1265
f 1155 1232 1322
f 1341 1076 1207
f 1019 1179 1344
f 1114 1135 1166
f 1188 1166 1194
f 1142 1181 1209
f 1209 1112 1142
f 1151 1167 1158
f 1217 1157 1253
f 1058 1281 1200
f 1152 1281 1058
f 1218 1152 1159
f 1152 1218 1281
f 1170 1213 1103
f 1138 1256 1227
f 1082 1291 1221
f 1101 1224 1173
f 1186 1242 1163
f 1044 1193 1277
f 1188 1194 1189
f 1112 1209 1190
f 1157 1158 1253
f 1195 1159 1153
f 1236 1063 1169
f 1176 1195 1153
f 1127 1255 1256
f 1176 1153 1183
f 1126 1257 1220
f 1154 1201 1291
f 1428 1084 1239
f 1336 1177 1094
f 1243 1010 1074
f 1186 1163 1174
f 1163 1242 1174
f 1175 1156 1178
f 1322 1265 1155
f 1175 1373 1193
f 1090 1215 1148
f 1180 1194 1166
f 1194 961 1115
f 1151 1103 1167
f 1063 1236 1183
f 1117 1234 1212
f 1218 1159 1195
f 1234 1117 1217
f 1071 1196 1097
f 1196 1071 1200
f 1427 1203 1113
f 1162 1240 1386
f 1277 1208 1044
f 1207 1187 1286
f 1165 1208 1416
f 1199 1166 1188
f 1181 1150 1210
f 1213 1167 1103
f 1196 1255 1097
f 1219 1112 1190
f 1126 1160 1257
f 1138 1227 1273
f 1172 1100 1249
f 1204 1131 1172
f 1186 1276 1242
f 1173 1337 1147
f 1337 1178 1147
f 1371 1265 1322
f 1134 1262 1179
f 1194 1115 1189
f 1182 1210 1150
f 1219 1169 1112
f 1120 1247 1128
f 1146 1258 1129
f 1184 1113 1099
f 1191 1439 1105
f 1259 1243 1074
f 1395 1205 1206
f 1199 1180 1166
f 1188 1189 1199
f 1237 1218 1195
f 1213 1170 1220
f 1128 1247 1121
f 1239 1161 1292
f 1094 1185 1336
f 1106 1429 1139
f 1140 1457 1100
f 1224 1101 1177
f 1293 1186 1174
f 1261 1133 1010
f 1286 1187 1180
f 1194 1180 1187
f 1149 1118 1216
f 1115 1378 1189
f 1209 1211 1355
f 1263 1378 1115
f 1210 1182 1289
f 1158 1235 1253
f 1226 1182 1111
f 1111 1168 1226
f 1168 1212 1226
f 1167 1213 1252
f 1271 1196 1200
f 1195 1176 1237
f 1120 1282 1247
f 1122 1292 1161
f 1113 1184 1438
f 1106 1223 1429
f 1204 1172 1249
f 1131 1204 1171
f 1164 1230 1241
f 1243 1261 1010
f 1231 1206 1192
f 1075 1341 1230
f 1053 1148 1215
f 1209 1181 1211
f 1167 1235 1158
f 1244 1217 1253
f 1257 1238 1220
f 1247 1348 1121
f 1113 1438 1427
f 1191 1274 1439
f 1304 1240 1171
f 1457 1140 1229
f 1229 1205 1395
f 1165 1328 1136
f 1344 1279 1198
f 1233 1211 1181
f 1167 1252 1235
f 1355 1346 1209
f 1281 1423 1200
f 1217 1244 1234
f 1423 1271 1200
f 1219 1379 1169
f 1160 1221 1291
f 1227 1246 1273
f 1301 1202 1283
f 1349 1121 1348
f 1203 1427 1122
f 1369 1177 1336
f 1249 1171 1204
f 1177 1369 1317
f 1100 1275 1249
f 1317 1224 1177
f 1395 1206 1231
f 1181 1210 1233
f 1209 1346 1190
f 1182 1226 1289
f 1252 1213 1280
f 1190 1399 1219
f 1213 1220 1245
f 1272 1257 1160
f 1191 1222 1274
f 1248 1197 1303
f 1373 1277 1193
f 1210 1297 1233
f 1330 1212 1234
f 1212 1330 1226
f 1281 1218 1237
f 1196 1271 1270
f 1220 1238 1245
f 1227 1256 1290
f 1263 1202 1301
f 1239 1292 1264
f 1122 1351 1292
f 1336 1185 1316
f 1139 1429 1222
f 1197 1214 1303
f 1100 1507 1275
f 1100 1457 1507
f 1174 1242 1293
f 1260 1231 1192
f 1232 1488 1446
f 1124 1488 1232
f 1180 1199 1288
f 1466 1090 1149
f 1149 1216 1466
f 1250 1199 1189
f 1210 1251 1297
f 1226 1330 1298
f 1329 1244 1253
f 1270 1255 1196
f 1176 1183 1311
f 1176 1393 1237
f 1238 1257 1272
f 1227 1290 1246
f 1201 1228 1333
f 1121 1349 1146
f 1428 1239 1264
f 1427 1351 1122
f 1439 1706 1184
f 1222 1429 1274
f 1230 1602 1241
f 1623 1261 1243
f 1261 1225 1133
f 1124 1053 1488
f 1362 1208 1277
f 1405 1165 1416
f 1326 1344 1179
f 1345 1328 1165
f 1120 1328 1282
f 1329 1235 1252
f 1169 1379 1236
f 1298 1289 1226
f 1329 1253 1235
f 1245 1254 1213
f 1468 1228 1198
f 1219 1399 1379
f 1238 1299 1245
f 1333 1291 1201
f 1316 1185 1428
f 1304 1171 1284
f 1284 1171 1249
f 1276 1186 1293
f 1319 1231 1260
f 1285 1192 1265
f 1192 1285 1260
f 1268 1269 1266
f 1250 1288 1199
f 1198 1279 1468
f 1280 1213 1254
f 1176 1311 1393
f 1118 1273 1413
f 1291 1400 1160
f 1273 1246 1384
f 1242 1276 1260
f 1242 1260 1293
f 1286 1341 1207
f 1215 1296 1053
f 1268 1266 1294
f 1268 1294 1325
f 1309 1266 1269
f 1269 1268 1287
f 1287 1268 1325
f 1310 1297 1251
f 1251 1210 1289
f 1289 1310 1251
f 1411 1310 1289
f 1244 1412 1234
f 1237 1393 1281
f 1256 1255 1313
f 1378 1263 1301
f 1256 1313 1290
f 1299 1238 1272
f 1282 1300 1247
f 1246 1290 1456
f 1246 1456 1384
f 1348 1314 1349
f 1258 1146 1349
f 1438 1184 1706
f 1336 1316 1440
f 1275 1284 1249
f 1248 1259 940
f 1317 1305 1224
f 1173 1305 1318
f 1260 1285 1267
f 1341 1340 1230
f 1285 1294 1267
f 1266 1267 1294
f 1418 1287 1323
f 1269 1287 1418
f 1286 1180 1288
f 1326 1279 1344
f 1250 1189 1378
f 1327 1280 1254
f 1381 1244 1329
f 1423 1270 1271
f 1216 1118 1413
f 1365 1272 1160
f 1301 1283 1503
f 1543 1428 1264
f 1442 1241 1618
f 1305 1173 1224
f 1276 1293 1260
f 1267 1319 1260
f 1295 1306 1320
f 1320 1278 1295
f 1266 1309 1267
f 1053 1296 1488
f 1362 1416 1208
f 1278 1324 1295
f 1309 1269 1390
f 1323 1287 1278
f 1278 1287 1324
f 1324 1287 1325
f 1165 1405 1345
f 1233 1347 1211
f 1233 1297 1347
f 1346 1399 1190
f 1332 1300 1282
f 1384 1413 1273
f 1315 1302 1317
f 1317 1302 1305
f 1304 1601 1240
f 1223 1442 1529
f 1443 1457 1229
f 1443 1229 1395
f 1231 1319 1389
f 1178 1373 1175
f 1319 1267 1339
f 1232 1446 1322
f 1309 1339 1267
f 1309 1398 1339
f 1306 1295 1307
f 1307 1295 1308
f 1134 1560 1262
f 1295 1342 1308
f 1295 1324 1342
f 1418 1390 1269
f 1325 1294 1343
f 1250 1449 1288
f 1347 1355 1211
f 1310 1331 1297
f 1298 1411 1289
f 1234 1412 1330
f 1183 1354 1311
f 1312 1347 1297
f 1299 1365 1382
f 1272 1365 1299
f 1291 1333 1400
f 1247 1300 1348
f 1264 1292 1350
f 1302 1352 1305
f 1618 1241 1602
f 1338 1306 1307
f 1337 1173 1318
f 1320 1306 1338
f 1372 1319 1339
f 1294 1360 1343
f 1446 1371 1322
f 1320 1321 1278
f 1390 1398 1309
f 1278 1321 1323
f 1448 1286 1288
f 1449 1250 1378
f 1327 1254 1353
f 1331 1310 1421
f 1331 1312 1297
f 1254 1245 1364
f 1364 1245 1299
f 1228 1366 1333
f 1314 1385 1349
f 1349 1385 1258
f 1350 1292 1401
f 1543 1264 1350
f 1352 1302 1357
f 1317 1402 1315
f 1307 1334 1335
f 1338 1307 1335
f 1307 1308 1334
f 1259 1679 1243
f 1243 1630 1623
f 1395 1231 1389
f 1320 1338 1389
f 1319 1372 1389
f 1360 1285 1265
f 1360 1294 1285
f 1141 1361 1134
f 1296 1377 1488
f 1321 1375 1323
f 1215 1605 1296
f 1391 1342 1324
f 1482 1252 1280
f 1328 1409 1282
f 1236 1354 1183
f 1412 1298 1330
f 1312 1331 1356
f 1421 1356 1331
f 1312 1356 1347
f 1381 1412 1244
f 1353 1254 1364
f 1255 1270 1313
f 1382 1364 1299
f 1400 1365 1160
f 1333 1366 1400
f 1439 1274 1514
f 1429 1223 1505
f 1338 1335 1367
f 1317 1369 1402
f 1359 1338 1367
f 1369 1336 1359
f 1318 1305 1352
f 1338 1359 1394
f 1389 1338 1394
f 1371 1446 1432
f 1374 1308 1342
f 1341 1286 1448
f 1262 1326 1179
f 1375 1363 1323
f 1418 1390 1433
f 1363 1418 1323
f 1325 1391 1324
f 1252 1482 1329
f 1355 1347 1410
f 1282 1409 1332
f 1423 1424 1270
f 1437 1378 1301
f 1300 1425 1348
f 1593 1316 1428
f 1358 1315 1402
f 1359 1367 1403
f 1679 1630 1243
f 1320 1372 1321
f 1339 1398 1372
f 1396 1372 1398
f 1376 1343 1360
f 1447 1343 1376
f 1343 1447 1325
f 1464 1345 1405
f 1392 1466 1216
f 1482 1280 1327
f 1419 1327 1353
f 1353 1408 1419
f 1364 1408 1353
f 1346 1493 1399
f 1310 1411 1421
f 1292 1351 1401
f 1403 1367 1486
f 1474 1388 1357
f 1334 1308 1368
f 1388 1352 1357
f 1214 1386 1387
f 1374 1368 1308
f 1336 1440 1359
f 1318 1352 1388
f 1370 1265 1371
f 1265 1370 1360
f 1396 1321 1372
f 1225 1361 1141
f 1360 1370 1376
f 1362 1277 1373
f 1375 1321 1396
f 1342 1397 1374
f 1488 1377 1534
f 1433 1390 1375
f 1342 1391 1397
f 1421 1380 1356
f 1281 1436 1423
f 1311 1470 1393
f 1400 1366 1383
f 1468 1366 1228
f 1216 1413 1513
f 1348 1425 1314
f 1369 1403 1402
f 1386 1240 1387
f 1404 1368 1374
f 1259 1248 1515
f 1458 1318 1388
f 1374 1397 1404
f 1337 1318 1431
f 1394 1444 1389
f 1178 1477 1373
f 1372 1320 1389
f 1398 1390 1375
f 1377 1296 1605
f 1405 1416 1536
f 1408 1407 1419
f 1492 1236 1379
f 1355 1469 1346
f 1410 1347 1380
f 1356 1380 1347
f 1412 1411 1298
f 1382 1408 1364
f 1453 1382 1365
f 1383 1471 1400
f 1472 1384 1456
f 1350 1401 1414
f 1350 1414 1543
f 1368 1404 1430
f 1395 1509 1443
f 1458 1431 1318
f 1372 1415 1396
f 1363 1375 1445
f 1391 1417 1397
f 1376 1460 1447
f 1391 1325 1463
f 1345 1450 1328
f 1501 1399 1493
f 1379 1399 1492
f 1412 1572 1411
f 1365 1400 1453
f 1413 1384 1472
f 1401 1351 1495
f 1402 1486 1358
f 1359 1440 1441
f 1304 1284 1275
f 1397 1478 1404
f 1395 1389 1444
f 1178 1337 1477
f 1415 1396 1372
f 1433 1375 1445
f 1363 1462 1418
f 1605 1215 1090
f 1417 1463 1391
f 1325 1447 1463
f 1434 1448 1288
f 1288 1449 1434
f 1328 1450 1409
f 1378 1437 1491
f 1236 1492 1354
f 1493 1346 1469
f 1355 1410 1469
f 1421 1411 1539
f 1408 1382 1422
f 1281 1393 1436
f 1455 1313 1270
f 1290 1313 1455
f 1301 1503 1454
f 1471 1453 1400
f 1455 1456 1290
f 1426 1314 1425
f 1495 1351 1427
f 1223 1668 1505
f 1403 1369 1359
f 1371 1370 1496
f 1370 1460 1376
f 1396 1398 1445
f 1417 1397 1478
f 1398 1375 1445
f 1619 1341 1448
f 1419 1490 1327
f 1467 1408 1435
f 1408 1422 1435
f 1501 1492 1399
f 1436 1393 1470
f 1300 1504 1425
f 1413 1472 1513
f 1401 1495 1615
f 1486 1402 1403
f 1223 1742 1668
f 1441 1403 1359
f 1430 1404 1475
f 1510 1602 1230
f 1370 1460 1519
f 1396 1415 1479
f 1134 1361 1560
f 1512 1363 1433
f 1363 1433 1512
f 1418 1462 1433
f 1419 1407 1465
f 1467 1407 1408
f 1327 1490 1482
f 1449 1378 1491
f 1382 1453 1422
f 1436 1452 1423
f 1437 1301 1454
f 1541 1383 1580
f 1366 1580 1383
f 1300 1332 1504
f 1314 1426 1581
f 1304 1576 1601
f 1304 1275 1575
f 1679 1259 1515
f 1476 1478 1404
f 1444 1509 1395
f 1496 1370 1519
f 1432 1371 1496
f 1375 1480 1445
f 1460 1447 1498
f 1605 1090 1406
f 1405 1536 1464
f 1465 1490 1419
f 1422 1552 1435
f 1483 1540 1469
f 1451 1491 1437
f 1437 1454 1451
f 1403 1441 1568
f 1223 1529 1742
f 1388 1474 1487
f 1304 1575 1576
f 1530 1568 1359
f 1394 1530 1359
f 1394 1444 1530
f 1618 1529 1442
f 1487 1458 1388
f 1476 1404 1475
f 1431 1477 1337
f 1510 1230 1340
f 1396 1415 1480
f 1446 1432 1624
f 1396 1445 1479
f 1396 1480 1375
f 1373 1549 1362
f 1362 1550 1416
f 1433 1512 1462
f 1489 1463 1417
f 1090 1466 1406
f 1537 1434 1449
f 1537 1449 1491
f 1490 1561 1482
f 1380 1524 1410
f 1421 1420 1380
f 1540 1493 1469
f 1412 1381 1572
f 1422 1453 1471
f 1423 1452 1424
f 1424 1494 1270
f 1504 1426 1425
f 1581 1385 1314
f 1553 1414 1401
f 1473 1495 1427
f 1438 1473 1427
f 1543 1593 1428
f 1506 1487 1474
f 1403 1359 1568
f 1303 1722 1248
f 1275 1556 1575
f 1275 1507 1556
f 1508 1531 1458
f 1458 1531 1431
f 1480 1459 1415
f 1479 1445 1512
f 1534 1446 1488
f 1340 1341 1619
f 1512 1433 1445
f 1262 1560 1326
f 1363 1461 1445
f 1536 1416 1550
f 1461 1363 1462
f 1498 1447 1481
f 1595 1464 1536
f 1463 1489 1500
f 1500 1447 1463
f 1345 1464 1450
f 1380 1420 1606
f 1329 1482 1621
f 1538 1421 1539
f 1411 1572 1539
f 1436 1470 1579
f 1471 1552 1422
f 1424 1452 1484
f 1311 1485 1470
f 1485 1311 1354
f 1494 1455 1270
f 1542 1472 1456
f 1542 1456 1455
f 1414 1553 1543
f 1553 1401 1615
f 1439 1514 1706
f 1429 1514 1274
f 1568 1527 1403
f 1240 1601 1699
f 1248 1722 1515
f 1458 1487 1508
f 1583 1431 1531
f 1431 1583 1477
f 1444 1509 1517
f 1658 1225 1261
f 1496 1604 1432
f 1497 1417 1478
f 1624 1534 1446
f 1489 1417 1497
f 1480 1445 1461
f 1560 1692 1326
f 1490 1465 1613
f 1465 1407 1584
f 1571 1406 1466
f 1420 1421 1538
f 1493 1540 1501
f 1451 1454 1551
f 1410 1483 1469
f 1354 1587 1485
f 1471 1383 1541
f 1485 1673 1470
f 1527 1486 1403
f 1505 1514 1429
f 1214 1387 1303
f 1525 1476 1475
f 1559 1624 1432
f 1460 1498 1519
f 1521 1462 1512
f 1500 1489 1499
f 1523 1461 1462
f 1500 1481 1447
f 1620 1490 1613
f 1683 1450 1464
f 1326 1768 1279
f 1491 1451 1551
f 1380 1606 1524
f 1621 1482 1561
f 1329 1621 1381
f 1621 1572 1381
f 1409 1504 1332
f 1579 1470 1673
f 1590 1366 1468
f 1581 1573 1385
f 1615 1495 1705
f 1495 1688 1705
f 1495 1473 1688
f 1486 1527 1544
f 1486 1403 1526
f 1710 1593 1543
f 1506 1508 1487
f 1532 1476 1525
f 1531 1610 1583
f 1497 1478 1476
f 1519 1518 1496
f 1340 1680 1510
f 1498 1548 1519
f 1479 1520 1512
f 1499 1489 1533
f 1521 1523 1462
f 1523 1500 1461
f 1448 1612 1594
f 1434 1612 1448
f 1571 1466 1392
f 1612 1434 1537
f 1551 1537 1491
f 1642 1410 1524
f 1597 1420 1538
f 1410 1642 1483
f 1354 1492 1587
f 1216 1513 1392
f 1706 1473 1438
f 1528 1508 1506
f 1526 1403 1527
f 1403 1568 1527
f 1532 1497 1476
f 1516 1444 1517
f 1517 1415 1558
f 1518 1604 1496
f 1558 1415 1459
f 1477 1549 1373
f 1604 1559 1432
f 1459 1558 1479
f 1479 1459 1415
f 1558 1520 1479
f 1512 1520 1535
f 1489 1497 1533
f 1461 1511 1480
f 1499 1533 1511
f 1500 1499 1511
f 1500 1511 1461
f 1535 1521 1512
f 1500 1522 1481
f 1522 1500 1523
f 1501 1587 1492
f 1471 1541 1552
f 1468 1586 1590
f 1579 1452 1436
f 1452 1627 1484
f 1455 1494 1542
f 1542 1494 1588
f 1563 1494 1424
f 1567 1544 1527
f 1441 1440 1638
f 1516 1530 1444
f 1546 1497 1532
f 1459 1516 1517
f 1558 1459 1517
f 1415 1558 1517
f 1415 1459 1558
f 1546 1533 1497
f 1480 1511 1459
f 1533 1459 1511
f 1481 1547 1498
f 1522 1521 1535
f 1523 1521 1522
f 1490 1596 1561
f 1420 1597 1606
f 1435 1552 1599
f 1587 1673 1485
f 1454 1503 1656
f 1656 1503 1676
f 1592 1543 1553
f 1567 1526 1527
f 1564 1526 1565
f 1567 1526 1527
f 1508 1528 1566
f 1526 1527 1565
f 1567 1527 1568
f 1508 1566 1570
f 1565 1527 1568
f 1568 1441 1638
f 1556 1507 1617
f 1648 1507 1457
f 1568 1530 1545
f 1545 1530 1516
f 1443 1509 1611
f 1532 1555 1546
f 1549 1477 1650
f 1459 1546 1516
f 1557 1519 1548
f 1533 1546 1459
f 1535 1520 1558
f 1547 1548 1498
f 1547 1522 1535
f 1547 1481 1522
f 1448 1594 1619
f 1584 1407 1625
f 1467 1625 1407
f 1537 1551 1653
f 1540 1587 1501
f 1572 1562 1539
f 1409 1626 1504
f 1452 1579 1627
f 1599 1541 1580
f 1366 1590 1580
f 1513 1472 1542
f 1504 1633 1426
f 1553 1635 1592
f 1473 1706 1647
f 1593 1440 1316
f 1240 1699 1387
f 1554 1555 1532
f 1303 1671 1722
f 1582 1575 1556
f 1457 1443 1648
f 1546 1555 1545
f 1546 1545 1516
f 1508 1570 1531
f 1531 1570 1610
f 1578 1517 1509
f 1578 1558 1517
f 1518 1519 1557
f 1225 1658 1361
f 1557 1547 1558
f 1547 1557 1548
f 1547 1535 1558
f 1549 1550 1362
f 1534 1377 1690
f 1465 1584 1652
f 1620 1596 1490
f 1279 1586 1468
f 1538 1539 1614
f 1483 1585 1540
f 1614 1562 1539
f 1621 1589 1572
f 1551 1454 1600
f 1392 1502 1665
f 1392 1513 1502
f 1484 1563 1424
f 1494 1563 1588
f 1554 1565 1555
f 1593 1616 1440
f 1575 1609 1576
f 1568 1555 1565
f 1545 1555 1568
f 1556 1617 1582
f 1611 1672 1443
f 1477 1583 1650
f 1518 1557 1578
f 1557 1558 1578
f 1549 1650 1730
f 1549 1730 1550
f 1658 1560 1361
f 1690 1534 1624
f 1465 1652 1613
f 1552 1541 1599
f 1626 1633 1504
f 1667 1513 1542
f 1615 1635 1553
f 1577 1566 1574
f 1567 1574 1544
f 1505 1698 1514
f 1577 1570 1566
f 1567 1577 1574
f 1577 1569 1570
f 1567 1569 1577
f 1568 1569 1567
f 1510 1834 1602
f 1583 1649 1650
f 1658 1261 1623
f 1604 1518 1603
f 1377 1605 1690
f 1595 1683 1464
f 1653 1612 1537
f 1467 1640 1625
f 1467 1435 1640
f 1538 1614 1597
f 1642 1585 1483
f 1589 1562 1572
f 1586 1685 1590
f 1633 1591 1426
f 1668 1698 1505
f 1387 1622 1303
f 1576 1609 1751
f 1575 1582 1609
f 1568 1638 1569
f 1443 1672 1648
f 1340 1619 1762
f 1692 1768 1326
f 1584 1625 1733
f 1561 1596 1621
f 1600 1653 1551
f 1543 1592 1710
f 1616 1636 1440
f 1387 1699 1622
f 1569 1610 1570
f 1279 1768 1586
f 1598 1642 1524
f 1450 1626 1409
f 1674 1599 1580
f 1674 1580 1590
f 1656 1600 1454
f 1473 1647 1688
f 1638 1440 1636
f 1515 1722 1793
f 1617 1637 1582
f 1711 1529 1618
f 1583 1610 1649
f 1578 1603 1518
f 1559 1752 1624
f 1732 1595 1536
f 1450 1683 1766
f 1606 1598 1524
f 1653 1600 1664
f 1540 1643 1632
f 1540 1632 1587
f 1588 1667 1542
f 1563 1646 1588
f 1634 1513 1667
f 1514 1670 1706
f 1514 1698 1670
f 1699 1756 1622
f 1303 1622 1671
f 1707 1601 1576
f 1636 1662 1638
f 1569 1638 1610
f 1578 1639 1603
f 1690 1605 1691
f 1605 1406 1691
f 1653 1651 1612
f 1585 1643 1540
f 1585 1644 1643
f 1587 1703 1673
f 1629 1600 1656
f 1426 1677 1581
f 1581 1677 1573
f 1639 1578 1509
f 1619 1594 1669
f 1584 1733 1652
f 1596 1620 1663
f 1435 1599 1640
f 1614 1631 1597
f 1585 1702 1644
f 1614 1701 1562
f 1664 1600 1629
f 1589 1621 1654
f 1587 1632 1703
f 1654 1589 1562
f 1607 1588 1646
f 1563 1484 1655
f 1634 1502 1513
f 1699 1601 1707
f 1529 1932 1742
f 1707 1576 1751
f 1782 1711 1618
f 1782 1618 1602
f 1509 1639 1611
f 1658 1657 1560
f 1773 1692 1560
f 1594 1612 1651
f 1719 1586 1768
f 1599 1641 1640
f 1606 1631 1598
f 1597 1631 1606
f 1642 1702 1585
f 1673 1645 1579
f 1645 1627 1579
f 1627 1645 1484
f 1633 1626 1696
f 1502 1628 1665
f 1634 1628 1502
f 1426 1591 1677
f 1616 1661 1636
f 1622 1846 1671
f 1637 1751 1609
f 1609 1582 1637
f 1834 1510 1729
f 1680 1729 1510
f 1340 1659 1680
f 1550 1732 1536
f 1596 1660 1621
f 1674 1641 1599
f 1676 1697 1656
f 1633 1749 1591
f 1677 1608 1573
f 1635 1721 1592
f 1710 1592 1721
f 1622 1756 1846
f 1638 1662 1723
f 1507 1648 1617
f 1681 1690 1624
f 1340 1762 1659
f 1773 1712 1692
f 1665 1571 1392
f 1766 1626 1450
f 1598 1666 1642
f 1701 1614 1631
f 1598 1694 1631
f 1747 1696 1626
f 1563 1655 1646
f 1635 1615 1721
f 1636 1661 1662
f 1834 1782 1602
f 1744 1623 1630
f 1559 1604 1603
f 1752 1681 1624
f 1783 1732 1550
f 1594 1651 1693
f 1632 1715 1709
f 1643 1715 1632
f 1708 1654 1562
f 1655 1484 1645
f 1633 1696 1749
f 1677 1591 1687
f 1617 1757 1637
f 1681 1682 1690
f 1714 1653 1664
f 1715 1643 1644
f 1634 1736 1628
f 1661 1616 1678
f 1751 1700 1707
f 1711 1689 1529
f 1725 1603 1639
f 1594 1693 1669
f 1714 1651 1653
f 1660 1663 1596
f 1766 1747 1626
f 1702 1642 1666
f 1621 1660 1654
f 1708 1562 1701
f 1703 1632 1709
f 1777 1645 1673
f 1719 1685 1586
f 1667 1704 1734
f 1588 1704 1667
f 1629 1656 1675
f 1738 1677 1687
f 1750 1647 1790
f 1637 1758 1751
f 1639 1724 1611
f 1760 1658 1623
f 1783 1550 1730
f 1625 1798 1733
f 1620 1843 1663
f 1666 1694 1598
f 1645 1718 1655
f 1749 1687 1591
f 1615 1720 1721
f 1706 1790 1647
f 1743 1617 1648
f 1759 1649 1610
f 1760 1623 1744
f 1559 1603 1835
f 1752 1559 1835
f 1619 1669 1762
f 1713 1651 1714
f 1798 1625 1640
f 1644 1715 1684
f 1684 1702 1644
f 1694 1746 1631
f 1718 1645 1777
f 1588 1607 1704
f 1634 1667 1736
f 1674 1590 1686
f 1685 1686 1590
f 1675 1656 1697
f 1615 1705 1720
f 1661 1678 1873
f 1757 1758 1637
f 1639 1725 1724
f 1652 1726 1613
f 1620 1613 1726
f 1664 1629 1714
f 1631 1746 1701
f 1654 1727 1660
f 1673 1703 1777
f 1748 1665 1628
f 1695 1655 1718
f 1695 1646 1655
f 1739 1738 1687
f 1688 1755 1705
f 1742 1698 1668
f 1873 1662 1661
f 1648 1672 1893
f 1610 1638 1759
f 1657 1773 1560
f 1406 1763 1691
f 1651 1713 1693
f 1715 1775 1684
f 1801 1799 1629
f 1825 1718 1777
f 1696 1747 1749
f 1675 1697 1832
f 1738 1740 1677
f 1755 1688 1741
f 1750 1688 1647
f 1790 1706 1670
f 1648 1893 1743
f 1759 1638 1723
f 1672 1611 1860
f 1603 1725 1835
f 1760 1657 1658
f 1650 1795 1730
f 1406 1571 1763
f 1692 1910 1768
f 1843 1620 1726
f 1807 1640 1641
f 1717 1666 1702
f 1801 1629 1675
f 1607 1735 1704
f 1695 1607 1646
f 1736 1667 1734
f 1828 1686 1685
f 1688 1750 1741
f 1710 1787 1593
f 1593 1787 1616
f 1742 1818 1698
f 1671 1728 1722
f 1772 1681 1752
f 1659 1762 1731
f 1753 1683 1595
f 1571 1665 1764
f 1745 1663 1660
f 1715 1716 1775
f 1769 1701 1746
f 1748 1831 1665
f 1727 1654 1708
f 1704 1735 1734
f 1687 1749 1739
f 1720 1817 1721
f 1671 1846 1847
f 1671 1847 1728
f 1880 1795 1650
f 1640 1807 1798
f 1775 1814 1684
f 1765 1709 1715
f 1684 1814 1702
f 1814 1717 1702
f 1674 1778 1641
f 1628 1736 1748
f 1779 1608 1677
f 1705 1791 1720
f 1790 1670 1781
f 1616 1787 1678
f 1723 1662 1873
f 1771 1689 1711
f 1744 1630 1794
f 1649 1880 1650
f 1680 1659 1767
f 1682 1761 1690
f 1753 1595 1732
f 1691 1949 1763
f 1712 1910 1692
f 1727 1745 1660
f 1666 1717 1694
f 1675 1832 1737
f 1739 1740 1738
f 1740 1779 1677
f 1721 1817 1710
f 1611 1724 1860
f 1767 1659 1731
f 1690 1761 1691
f 1762 1669 1822
f 1726 1652 1784
f 1652 1733 1784
f 1571 1764 1763
f 1665 1831 1764
f 1754 1703 1709
f 1641 1778 1808
f 1675 1737 1801
f 1674 1686 1778
f 1741 1780 1755
f 1829 1678 1787
f 1793 1722 1728
f 1617 1743 1757
f 1757 1788 1758
f 1782 1771 1711
f 1693 1822 1669
f 1842 1784 1733
f 1774 1713 1714
f 1714 1629 1774
f 1765 1716 1715
f 1809 1717 1814
f 1815 1703 1754
f 1785 1607 1695
f 1785 1735 1607
f 1826 1778 1686
f 1685 1802 1828
f 1779 1740 1851
f 1678 1829 1873
f 1699 1918 1756
f 1707 1700 1848
f 1515 1821 1679
f 1795 1783 1730
f 1837 1798 1807
f 1768 1910 1719
f 1807 1641 1808
f 1701 1769 1708
f 1727 1708 1824
f 1765 1754 1709
f 1746 1694 1789
f 1748 1736 1827
f 1803 1749 1747
f 1749 1770 1739
f 1770 1740 1739
f 1780 1804 1755
f 1755 1804 1705
f 1791 1817 1720
f 1707 1918 1699
f 1819 1700 1751
f 1932 1529 1689
f 1819 1751 1758
f 1834 1729 1920
f 1680 1767 1729
f 1731 1762 1849
f 1747 1766 1856
f 1694 1717 1789
f 1777 1703 1815
f 1802 1685 1719
f 1608 1779 1786
f 1780 1741 1840
f 1918 1879 1756
f 1756 1879 1846
f 1788 1757 1743
f 1854 1630 1679
f 1886 1649 1759
f 1794 1760 1744
f 1733 1798 1842
f 1753 1823 1683
f 1764 1810 1831
f 1776 1745 1727
f 1856 1845 1747
f 1845 1803 1747
f 1827 1736 1734
f 1828 1826 1686
f 1851 1740 1770
f 1830 1681 1772
f 1682 1681 1830
f 1762 1822 1849
f 1797 1843 1726
f 1713 1774 1693
f 1806 1843 1663
f 1745 1806 1663
f 1888 1814 1775
f 1824 1776 1727
f 1754 1883 1815
f 1785 1695 1718
f 1876 1735 1785
f 1876 1734 1735
f 1749 1803 1770
f 1818 1742 1932
f 1792 1788 1743
f 1672 1860 1893
f 1836 1752 1835
f 1753 1905 1823
f 1813 1764 1763
f 1774 1629 1799
f 1775 1716 1800
f 1809 1789 1717
f 1876 1812 1734
f 1840 1741 1750
f 1791 1816 1817
f 1805 1728 1847
f 1819 1758 1788
f 1689 1771 1909
f 1743 1893 1792
f 2026 1760 1794
f 1855 1773 1657
f 1767 1731 1901
f 1949 1691 1761
f 1784 1796 1726
f 1813 1763 1949
f 1769 1824 1708
f 1777 1815 1825
f 1748 1827 1811
f 1803 1942 1770
f 1705 1804 1791
f 1848 1918 1707
f 1805 1853 1728
f 1788 1792 1859
f 1649 1886 1880
f 1731 1849 1901
f 1682 2032 1761
f 1809 1814 1897
f 1746 1928 1769
f 1896 1745 1776
f 1775 1800 1888
f 1766 1864 1856
f 1754 1765 1883
f 1778 1914 1808
f 1801 1737 1912
f 1778 1826 1914
f 1812 1827 1734
f 1779 1833 1786
f 1793 1728 1853
f 1854 1794 1630
f 1725 2021 1835
f 1760 2101 1657
f 2101 1855 1657
f 1841 1732 1783
f 1841 1753 1732
f 1822 1693 1869
f 1784 1842 1796
f 1810 1764 1813
f 1745 1896 1806
f 1809 1863 1789
f 1831 1748 1811
f 1737 1832 1839
f 1833 1779 1851
f 1840 1872 1780
f 1848 1700 1925
f 1793 1853 1820
f 1885 1723 1873
f 1977 1771 1782
f 1759 1947 1886
f 1725 2021 1724
f 1752 1836 1772
f 1783 1795 1861
f 1783 1861 1978
f 1870 1910 1712
f 1774 1799 1951
f 1814 1888 1897
f 1746 1789 1906
f 1811 1827 1812
f 1802 1850 1828
f 1804 1780 1872
f 1816 1791 1916
f 1878 1787 1710
f 1698 1818 1670
f 1859 1819 1788
f 1759 1723 1885
f 1821 1854 1679
f 1760 2026 2101
f 2038 1855 2101
f 1772 1874 1830
f 1894 1767 1901
f 1774 1869 1693
f 1823 1766 1683
f 1942 1803 1845
f 1878 1829 1787
f 1700 1819 1925
f 1729 1767 1894
f 1895 1905 1753
f 1726 1796 1797
f 1806 1875 1843
f 1965 2008 1800
f 1844 1824 1769
f 1863 1906 1789
f 1825 1900 1718
f 1718 1900 1785
f 1914 1826 1889
f 1892 1791 1804
f 1817 1816 1858
f 1710 1817 1878
f 1515 1793 1821
f 1782 1834 1977
f 1861 1795 1967
f 1978 1841 1783
f 1868 1822 1869
f 1753 1841 1895
f 1842 1798 1837
f 1837 1807 1838
f 1799 1801 1887
f 1928 1746 1906
f 1776 1882 1896
f 1844 1776 1824
f 1815 1866 1825
f 1785 1900 1876
f 1812 1871 1876
f 1826 1828 1877
f 1833 1852 1786
f 1916 1867 1816
f 1819 1859 1925
f 1957 1712 1773
f 1843 1797 1881
f 1928 1913 1769
f 1913 1844 1769
f 1912 1737 1839
f 1719 1862 1802
f 1889 1826 1877
f 1802 1862 1850
f 1984 1750 1790
f 1854 2004 1794
f 1836 1874 1772
f 1957 1773 1855
f 1849 1822 1868
f 1712 1903 1870
f 1797 1796 1904
f 1765 1883 1898
f 1765 1937 1716
f 1809 1897 1863
f 1844 1882 1776
f 1877 1828 1890
f 1804 1872 1892
f 2074 1830 1874
f 1949 1761 2032
f 1881 1875 1843
f 1806 1896 1875
f 1766 1823 1864
f 1910 1862 1719
f 2008 1888 1800
f 1825 1866 1900
f 1915 1900 1876
f 1865 1850 1862
f 1884 1871 1812
f 1828 1857 1890
f 1850 1857 1828
f 1851 1770 1908
f 1908 1833 1851
f 1816 1867 1858
f 1893 1933 1792
f 1963 1724 2021
f 1977 1834 1920
f 1880 1967 1795
f 1948 1895 1841
f 1796 1842 1911
f 1887 1951 1799
f 1838 1807 1808
f 1907 1811 1831
f 1811 1884 1812
f 1907 1939 1811
f 1884 1811 1939
f 1942 1908 1770
f 1859 1792 1933
f 1934 1682 1830
f 1712 1957 1903
f 1926 1951 1887
f 1838 1808 1936
f 1800 1716 1965
f 1808 1914 1936
f 1815 1883 1866
f 1892 1916 1791
f 1885 1873 1946
f 1821 1793 1820
f 1830 2074 1934
f 2032 1682 1934
f 1841 1978 1948
f 1927 1842 1837
f 1856 1972 1845
f 1916 1945 1867
f 1818 1932 1975
f 1933 1919 1859
f 2056 1909 1771
f 1963 1860 1724
f 1849 1902 1901
f 1978 1969 1948
f 1904 1881 1797
f 1912 1887 1801
f 1899 1896 1882
f 1898 1937 1765
f 1889 1877 1890
f 1941 1890 1857
f 1858 1867 1945
f 1781 2036 1790
f 1670 1931 1781
f 1946 1873 1829
f 1859 1919 1925
f 1759 1885 1947
f 1794 2004 2026
f 1729 2057 1920
f 1951 1869 1774
f 1905 1895 2031
f 1937 1965 1716
f 1866 1938 1883
f 1839 2077 1912
f 2077 1839 1891
f 1876 1871 1915
f 1818 1931 1670
f 1846 1879 1917
f 1771 1977 2056
f 1880 1921 1967
f 2038 1957 1855
f 1849 1868 1902
f 1948 1987 1895
f 1910 1964 1862
f 1875 1881 1904
f 1838 1952 1837
f 1905 2031 1823
f 1896 1935 1875
f 1897 1888 1960
f 1938 1898 1883
f 1907 1831 1810
f 1890 1923 1889
f 1983 1923 1890
f 1890 1941 1983
f 1908 1930 1833
f 1846 1917 1847
f 1842 1927 1911
f 1960 1888 2008
f 1863 1897 2028
f 1923 1914 1889
f 1864 1972 1856
f 1850 1865 1940
f 1840 1984 1872
f 1840 1750 1984
f 1853 1805 2002
f 2032 1979 1949
f 1868 1869 1968
f 1927 1980 1911
f 1926 1887 1970
f 1823 2031 1864
f 1862 1981 1865
f 1997 1882 1844
f 1953 1961 1900
f 1866 1961 1938
f 1866 1900 1961
f 1915 1953 1900
f 1871 1884 1971
f 1915 1871 1971
f 1850 1940 1857
f 1924 1930 1908
f 1943 1930 1924
f 1930 1852 1833
f 1984 2148 1872
f 1916 1974 1945
f 1984 1790 2036
f 1820 1853 1956
f 1985 1902 1868
f 1838 1936 1952
f 1896 1899 1935
f 2029 1906 1863
f 2028 2029 1863
f 1929 1936 1914
f 1858 1945 2013
f 1879 1918 2050
f 1918 1848 2050
f 1932 1689 2090
f 2002 1805 2020
f 1893 1860 2003
f 1886 2083 1880
f 1836 1835 2005
f 1894 1901 1902
f 1949 2053 1813
f 1911 1904 1796
f 1970 1887 1959
f 1862 1958 1981
f 1928 1922 1913
f 1966 1937 1898
f 1914 1923 1929
f 1923 1983 1954
f 1916 2088 1974
f 1858 2013 1817
f 1818 1975 1931
f 1919 2014 1925
f 2003 1933 1893
f 2083 1886 1947
f 1921 1880 2083
f 1836 2074 1874
f 1968 1869 1951
f 1964 1910 1870
f 1987 1950 1895
f 1887 1912 1995
f 1995 1912 2077
f 2029 1922 1928
f 1937 1982 1965
f 1882 1996 1899
f 1845 1972 1942
f 1908 1955 1924
f 1930 1943 1944
f 1930 1944 1852
f 1892 1872 1992
f 1821 2092 1854
f 1947 1885 2080
f 1860 1963 2003
f 1977 1920 2187
f 2021 2005 1835
f 2064 1902 1985
f 1903 1986 1870
f 1870 1986 1964
f 1926 1968 1951
f 1895 1950 2031
f 1964 1958 1862
f 1935 1904 1875
f 1887 1995 1959
f 1966 1938 2030
f 1938 1966 1898
f 2069 1982 1966
f 1982 1937 1966
f 1961 2030 1938
f 1865 2017 1940
f 2070 1972 1864
f 1942 1955 1908
f 1955 1943 1924
f 1943 1962 1944
f 1916 1892 2088
f 1917 1879 2037
f 2187 1920 2057
f 2052 1861 1967
f 1868 1968 1985
f 2029 1928 1906
f 1953 1915 2019
f 2077 1891 2034
f 1923 1954 1929
f 1998 1884 1939
f 1939 1907 2047
f 1781 2001 2036
f 1975 1932 2090
f 1805 1847 2020
f 1848 1925 2014
f 2092 2004 1854
f 1968 1926 1970
f 1970 1959 2016
f 1952 1927 1837
f 2018 1922 2029
f 2018 1913 1922
f 1996 1882 1997
f 1971 2019 1915
f 2071 1907 1810
f 2017 2095 1940
f 1998 1939 2047
f 1941 1999 1983
f 1941 1857 1999
f 1872 2148 1992
f 1781 1931 2001
f 1847 1917 2020
f 2014 1976 1848
f 2085 1729 1894
f 1948 1969 1987
f 1911 1993 1904
f 2016 1959 2105
f 2105 1959 1995
f 1936 2007 1952
f 1981 2017 1865
f 2010 2008 1965
f 1989 1844 1913
f 2010 1965 1982
f 2023 1936 1929
f 1953 2030 1961
f 1884 1998 1971
f 1983 2024 1954
f 1972 2035 1942
f 1940 1973 1857
f 1945 1974 2000
f 1956 1853 2091
f 1821 1820 2092
f 1894 1902 2085
f 1987 1988 1950
f 2028 1897 1960
f 2078 2069 1966
f 2047 1907 2071
f 1891 2012 2034
f 1943 1991 1962
f 2085 1902 2064
f 1978 1861 2112
f 2039 1968 1970
f 1980 2058 1911
f 1904 1993 2006
f 1935 1904 2006
f 2019 2030 1953
f 1998 2044 1971
f 1983 1990 2024
f 2035 1955 1942
f 1817 2013 1878
f 1933 2015 1919
f 1933 2003 2015
f 1853 2002 2091
f 1820 1956 2092
f 1963 2177 2003
f 2056 1977 2187
f 2074 2210 1934
f 1957 2139 1903
f 1949 1979 2053
f 1935 1899 2009
f 2008 2041 1960
f 2023 2007 1936
f 1864 2031 2070
f 1997 1844 1989
f 1982 2011 2010
f 1997 2043 1996
f 1983 1999 1990
f 2013 1945 2000
f 1919 2015 2014
f 2005 2074 1836
f 2057 1729 2085
f 2039 1985 1968
f 1988 1987 1969
f 1952 1994 1927
f 2033 1981 1958
f 2022 1960 2041
f 1899 2060 2009
f 2030 2078 1966
f 1899 1996 2060
f 2023 1929 2024
f 1971 2044 2019
f 1954 2024 1929
f 1892 1992 2088
f 1848 1976 2050
f 2014 2025 1976
f 2080 2206 1947
f 1903 2140 1986
f 2103 1970 2016
f 2018 1989 1913
f 2047 2071 1998
f 1955 1991 1943
f 2038 2139 1957
f 2065 2112 1861
f 1969 2027 1988
f 1950 1988 2027
f 1911 2058 1993
f 1950 2040 2031
f 2053 2086 1813
f 2086 1810 1813
f 1952 2007 1994
f 1981 2130 2017
f 2010 2041 2008
f 2042 2028 1960
f 2072 1998 2071
f 2035 1972 2070
f 2012 2048 2175
f 1990 1999 2087
f 2110 2000 1974
f 1885 1946 2080
f 2083 1947 2206
f 2052 2065 1861
f 2039 1970 2103
f 1994 1980 1927
f 2029 2067 2018
f 2060 1996 2043
f 1998 2072 2044
f 2110 1974 2088
f 1931 1975 2061
f 2025 2014 2015
f 1986 2102 1964
f 1978 2112 1969
f 2102 2066 1964
f 2033 2130 1981
f 2130 2095 2017
f 2034 2012 2146
f 2095 1973 1940
f 2035 2169 1955
f 2000 2089 2013
f 1879 2050 2037
f 2090 2119 1975
f 2186 1976 2025
f 2062 2025 2015
f 2021 2045 1963
f 2187 2057 2084
f 2247 2065 2052
f 1985 2039 2076
f 2103 2016 2179
f 2027 2040 1950
f 2058 1980 2093
f 1993 2046 2006
f 1935 2009 2006
f 1960 2022 2042
f 2028 2067 2029
f 2059 2009 2060
f 2089 2073 2013
f 1946 1829 2138
f 1963 2045 2177
f 2005 2294 2074
f 2140 2102 1986
f 2066 1958 1964
f 2016 2105 2179
f 2058 2046 1993
f 1980 1994 2093
f 2130 2033 2054
f 2213 2018 2067
f 2023 2024 2079
f 2146 2012 2175
f 2070 2176 2035
f 2036 2049 1984
f 1829 1878 2100
f 2015 2003 2260
f 2045 2005 2021
f 2038 2075 2139
f 1985 2076 2064
f 2039 2113 2076
f 2103 2113 2039
f 2006 2046 2009
f 2041 2123 2022
f 2069 2011 1982
f 2060 2097 2059
f 2019 2068 2030
f 2060 2043 2183
f 2040 2070 2031
f 2044 2147 2019
f 1976 2186 2050
f 2259 2003 2177
f 2063 1909 2056
f 2278 2004 2092
f 2026 2004 2278
f 1967 1921 2052
f 2210 2153 1934
f 2032 1934 2153
f 2032 2153 1979
f 2112 2121 1969
f 1969 2121 2027
f 2028 2174 2067
f 2028 2042 2174
f 2007 2023 2124
f 2068 2078 2030
f 2147 2068 2019
f 2126 2072 2071
f 2024 1990 2098
f 1857 1973 1999
f 2000 2110 2089
f 2013 2073 1878
f 1917 2037 2051
f 2025 2062 2186
f 2003 2259 2260
f 2306 1921 2083
f 2130 2033 2054
f 2123 2041 2010
f 2022 2123 2042
f 2007 2124 1994
f 1810 2086 2071
f 1989 2125 1997
f 1997 2125 2043
f 2175 2048 2167
f 2167 2048 2242
f 1931 2251 2001
f 1917 2051 2020
f 2100 2138 1829
f 2143 2080 1946
f 2064 2076 2081
f 1979 2153 2120
f 2102 2145 2066
f 2066 2129 1958
f 2046 2009 2059
f 2018 2115 1989
f 2078 2082 2069
f 2072 2132 2044
f 2079 2024 2098
f 1878 2073 2100
f 2015 2260 2062
f 1689 2227 2090
f 2227 1689 1909
f 2179 2224 2103
f 2042 2141 2174
f 2094 2011 2069
f 2059 2097 2109
f 2040 2182 2070
f 2070 2182 2176
f 1991 2055 1962
f 2171 2051 2037
f 1909 2063 2227
f 2139 2140 1903
f 2027 2104 2040
f 2046 2058 2106
f 2058 2093 2106
f 2086 2053 2344
f 2011 2107 2010
f 2154 2096 2068
f 2068 2096 2078
f 2133 2059 2109
f 2023 2079 2124
f 2079 2098 2118
f 2095 2193 1973
f 2167 2242 2229
f 1973 2155 1999
f 1931 2061 2251
f 2050 2186 2172
f 2050 2172 2037
f 2020 2051 2196
f 2358 2119 2090
f 2151 2056 2187
f 2045 2111 2005
f 2085 2064 2081
f 1958 2129 2033
f 2067 2131 2213
f 2126 2086 2344
f 2126 2071 2086
f 2154 2068 2147
f 2126 2108 2072
f 2176 2169 2035
f 2169 2201 1955
f 2061 1975 2119
f 2002 2020 2285
f 2101 2026 2208
f 2052 1921 2156
f 2144 2153 2210
f 2161 2129 2066
f 2093 2122 2106
f 2077 2034 2114
f 2174 2131 2067
f 2106 2133 2046
f 2094 2164 2011
f 2123 2010 2107
f 2238 2115 2018
f 2046 2059 2133
f 2069 2082 2094
f 2043 2116 2183
f 2044 2132 2147
f 2088 1992 2099
f 1946 2138 2143
f 1956 2091 2191
f 2191 2092 1956
f 2056 2151 2063
f 2085 2084 2057
f 2140 2209 2102
f 2145 2161 2066
f 2105 1995 2163
f 1999 2155 2170
f 2073 2202 2100
f 2260 2258 2062
f 2178 2177 2045
f 2207 2111 2045
f 2085 2081 2152
f 2121 2128 2027
f 2104 2173 2040
f 1995 2077 2114
f 2033 2129 2130
f 2141 2042 2123
f 2122 1994 2124
f 2183 2097 2060
f 2097 2183 2117
f 2117 2109 2097
f 2109 2136 2133
f 2136 2109 2117
f 2087 2098 1990
f 1999 2170 2087
f 2091 2002 2286
f 2208 2026 2278
f 2294 2005 2111
f 2101 2208 2038
f 2081 2076 2232
f 2113 2103 2224
f 1995 2114 2163
f 2034 2146 2114
f 1994 2122 2093
f 2164 2107 2011
f 2115 2125 1989
f 2116 2043 2125
f 2124 2079 2134
f 2254 2108 2126
f 2118 2134 2079
f 2159 2118 2098
f 2171 2196 2051
f 2037 2172 2195
f 2002 2285 2286
f 2045 2207 2178
f 2156 1921 2306
f 2076 2113 2232
f 2027 2128 2104
f 2130 2129 2239
f 2130 2239 2095
f 2123 2107 2141
f 2133 2106 2142
f 2108 2132 2072
f 2159 2098 2217
f 2155 1973 2193
f 2201 1991 1955
f 2148 1984 2218
f 1992 2137 2099
f 2358 2090 2227
f 2091 2286 2150
f 2191 2253 2092
f 2162 2053 1979
f 2213 2238 2018
f 2185 2125 2115
f 2133 2142 2136
f 2136 2117 2228
f 2118 2135 2134
f 1992 2148 2137
f 2073 2089 2202
f 2202 2314 2100
f 2171 2037 2195
f 2285 2020 2196
f 2138 2100 2127
f 2186 2062 2203
f 2203 2062 2258
f 2143 2138 2149
f 2177 2178 2245
f 2206 2306 2083
f 2209 2140 2139
f 2209 2145 2102
f 2420 2112 2065
f 2161 2219 2129
f 2168 2122 2124
f 2122 2142 2106
f 2134 2168 2124
f 2096 2184 2078
f 2168 2134 2135
f 2118 2159 2135
f 1991 2304 2055
f 2036 2001 2160
f 2061 2119 2230
f 2152 2084 2085
f 2075 2209 2139
f 2188 2121 2112
f 2163 2114 2225
f 2040 2173 2182
f 2181 2164 2094
f 2082 2078 2184
f 2254 2126 2344
f 2184 2096 2199
f 2168 2135 2157
f 2201 2304 1991
f 2218 1984 2049
f 2160 2049 2036
f 2088 2099 2110
f 2149 2138 2127
f 2143 2197 2080
f 2063 2151 2300
f 2208 2075 2038
f 2231 2272 2161
f 2121 2188 2128
f 2174 2180 2131
f 2108 2189 2132
f 2166 2147 2165
f 2166 2154 2147
f 2157 2136 2142
f 2158 2136 2157
f 2135 2222 2157
f 2148 2218 2137
f 2204 2197 2149
f 2197 2143 2149
f 2190 2227 2063
f 2063 2300 2190
f 2080 2305 2206
f 2211 2153 2144
f 2153 2198 2120
f 2128 2192 2104
f 2104 2192 2173
f 2146 2225 2114
f 2225 2146 2235
f 2146 2175 2235
f 2107 2237 2141
f 2164 2237 2107
f 2082 2181 2094
f 2183 2116 2215
f 2199 2096 2166
f 2154 2166 2096
f 2221 2167 2229
f 2136 2228 2158
f 2087 2217 2098
f 2170 2217 2087
f 2304 2226 2055
f 2230 2119 2358
f 2127 2204 2149
f 2080 2197 2305
f 2420 2233 2112
f 2112 2233 2188
f 2105 2234 2179
f 2105 2163 2234
f 2141 2220 2174
f 2185 2116 2125
f 2122 2168 2142
f 2168 2157 2142
f 2193 2095 2266
f 2222 2135 2200
f 2200 2135 2159
f 2155 2216 2170
f 2251 2061 2223
f 2061 2230 2223
f 2100 2269 2127
f 2269 2100 2314
f 2177 2245 2259
f 2091 2150 2191
f 2092 2253 2278
f 2231 2161 2145
f 2272 2219 2161
f 2163 2225 2234
f 2215 2248 2183
f 2132 2189 2147
f 2165 2147 2189
f 2248 2117 2183
f 2175 2167 2235
f 2235 2167 2221
f 2216 2155 2193
f 2218 2049 2292
f 2049 2160 2194
f 2160 2001 2251
f 2127 2269 2204
f 2052 2301 2247
f 2209 2231 2145
f 2198 2153 2211
f 2344 2053 2162
f 2157 2283 2158
f 2204 2205 2197
f 2342 2074 2294
f 2074 2342 2210
f 2162 1979 2120
f 2192 2212 2173
f 2180 2287 2131
f 2185 2115 2240
f 2254 2249 2108
f 2266 2095 2239
f 2299 2201 2169
f 2276 2200 2159
f 2304 2250 2226
f 2049 2194 2292
f 2099 2357 2110
f 2286 2359 2150
f 2181 2214 2164
f 2214 2237 2164
f 2189 2108 2249
f 2281 2295 2116
f 2176 2182 2334
f 2248 2228 2117
f 2228 2255 2158
f 2169 2267 2299
f 2203 2172 2186
f 2197 2244 2305
f 2247 2420 2065
f 2220 2303 2174
f 2181 2082 2265
f 2335 2254 2344
f 2295 2215 2116
f 2267 2169 2176
f 2157 2222 2283
f 2266 2243 2193
f 2196 2171 2252
f 2172 2203 2428
f 2205 2244 2197
f 2156 2301 2052
f 2210 2342 2360
f 2325 2231 2209
f 2224 2179 2274
f 2234 2274 2179
f 2192 2128 2280
f 2173 2264 2182
f 2303 2180 2174
f 2131 2287 2213
f 2346 2184 2199
f 2276 2256 2200
f 2159 2217 2257
f 2193 2243 2216
f 2325 2209 2075
f 2128 2262 2280
f 2212 2264 2173
f 2237 2220 2141
f 2199 2166 2346
f 2116 2185 2281
f 2334 2267 2176
f 2200 2256 2222
f 2170 2257 2217
f 2170 2216 2257
f 2137 2341 2099
f 2160 2388 2194
f 2144 2210 2360
f 2219 2271 2307
f 2307 2129 2219
f 2129 2307 2302
f 2317 2280 2192
f 2308 2287 2180
f 2214 2181 2265
f 2228 2297 2255
f 2254 2241 2249
f 2338 2282 2254
f 2241 2254 2282
f 2298 2221 2229
f 2276 2159 2257
f 2194 2416 2292
f 2196 2252 2285
f 2259 2245 2293
f 2206 2305 2306
f 2315 2144 2360
f 2232 2113 2273
f 2274 2113 2224
f 2162 2120 2442
f 2262 2192 2280
f 2264 2327 2182
f 2334 2182 2327
f 2303 2308 2180
f 2287 2238 2213
f 2238 2240 2115
f 2249 2296 2189
f 2275 2255 2158
f 2266 2290 2243
f 2321 2201 2299
f 2312 2137 2218
f 2312 2341 2137
f 2341 2357 2099
f 2160 2251 2388
f 2223 2313 2251
f 2284 2277 2171
f 2171 2277 2252
f 2269 2205 2204
f 2231 2389 2272
f 2274 2273 2113
f 2128 2188 2262
f 2235 2263 2225
f 2264 2212 2318
f 2129 2351 2239
f 2237 2336 2220
f 2346 2289 2184
f 2241 2296 2249
f 2110 2372 2089
f 2089 2372 2202
f 2202 2372 2419
f 2195 2403 2171
f 2300 2151 2246
f 2188 2233 2261
f 2192 2279 2317
f 2212 2192 2262
f 2263 2274 2234
f 2234 2225 2263
f 2236 2237 2214
f 2082 2289 2265
f 2082 2184 2289
f 2228 2248 2297
f 2297 2310 2255
f 2229 2242 2268
f 2172 2428 2195
f 2260 2259 2364
f 2364 2258 2260
f 2191 2150 2409
f 2246 2151 2187
f 2156 2324 2301
f 2247 2301 2343
f 2272 2271 2219
f 2273 2274 2366
f 2442 2120 2198
f 2192 2279 2332
f 2332 2280 2192
f 2239 2351 2266
f 2283 2275 2158
f 2291 2304 2201
f 2194 2388 2416
f 2110 2357 2372
f 2474 2178 2207
f 2231 2325 2389
f 2315 2211 2144
f 2389 2271 2272
f 2334 2264 2318
f 2303 2220 2384
f 2361 2346 2166
f 2375 2281 2185
f 2215 2319 2248
f 2375 2185 2240
f 2255 2275 2310
f 2283 2222 2256
f 2298 2229 2268
f 2290 2369 2243
f 2371 2257 2216
f 2243 2348 2216
f 2321 2291 2201
f 2357 2341 2395
f 2428 2403 2195
f 2491 2208 2278
f 2075 2208 2350
f 2264 2334 2327
f 2336 2384 2220
f 2352 2238 2287
f 2214 2265 2236
f 2165 2361 2166
f 2406 2265 2289
f 2221 2298 2333
f 2319 2297 2248
f 2298 2268 2426
f 2218 2340 2312
f 2292 2340 2218
f 2258 2329 2203
f 2205 2269 2512
f 2323 2305 2244
f 2365 2343 2301
f 2247 2343 2420
f 2316 2332 2279
f 2317 2326 2280
f 2331 2274 2263
f 2391 2212 2262
f 2384 2367 2303
f 2334 2327 2345
f 2189 2296 2165
f 2215 2295 2288
f 2288 2309 2215
f 2215 2309 2319
f 2407 2282 2338
f 2256 2320 2283
f 2257 2371 2276
f 2216 2347 2371
f 2299 2291 2321
f 2403 2284 2171
f 2203 2439 2428
f 2269 2314 2512
f 2409 2150 2359
f 2278 2253 2270
f 2300 2246 2380
f 2081 2232 2396
f 2396 2232 2273
f 2261 2330 2382
f 2261 2382 2188
f 2188 2382 2262
f 2383 2162 2442
f 2391 2280 2326
f 2391 2318 2212
f 2235 2221 2333
f 2236 2336 2237
f 2281 2368 2295
f 2376 2267 2334
f 2408 2254 2335
f 2407 2241 2282
f 2337 2369 2290
f 2387 2275 2283
f 2369 2348 2243
f 2347 2216 2348
f 2304 2328 2250
f 2340 2322 2312
f 2277 2379 2252
f 2286 2285 2359
f 2259 2293 2364
f 2191 2409 2253
f 2598 2360 2342
f 2366 2274 2331
f 2263 2235 2333
f 2310 2297 2319
f 2267 2311 2299
f 2311 2321 2299
f 2284 2379 2277
f 2285 2252 2379
f 2285 2438 2359
f 2203 2329 2439
f 2364 2293 2508
f 2350 2325 2075
f 2152 2081 2396
f 2381 2396 2273
f 2233 2373 2261
f 2261 2373 2398
f 2330 2261 2398
f 2391 2280 2332
f 2367 2308 2303
f 2308 2352 2287
f 2376 2334 2345
f 2352 2240 2238
f 2281 2375 2368
f 2406 2289 2346
f 2338 2254 2408
f 2275 2387 2310
f 2258 2364 2440
f 2244 2205 2466
f 2473 2245 2178
f 2111 2207 2474
f 2246 2187 2084
f 2325 2448 2389
f 2273 2366 2381
f 2279 2316 2317
f 2316 2332 2317
f 2318 2345 2327
f 2288 2295 2368
f 2377 2361 2165
f 2266 2337 2290
f 2241 2377 2296
f 2319 2353 2310
f 2276 2370 2256
f 2299 2356 2321
f 2340 2292 2363
f 2388 2251 2313
f 2313 2223 2561
f 2372 2472 2419
f 2440 2329 2258
f 2244 2466 2323
f 2178 2474 2473
f 2156 2306 2520
f 2332 2326 2317
f 2333 2298 2426
f 2399 2265 2406
f 2240 2414 2375
f 2165 2296 2377
f 2386 2377 2241
f 2369 2362 2348
f 2320 2256 2370
f 2311 2356 2321
f 2276 2371 2370
f 2348 2451 2347
f 2328 2339 2250
f 2363 2292 2416
f 2202 2419 2314
f 2227 2410 2358
f 2410 2227 2190
f 2111 2441 2294
f 2294 2441 2342
f 2084 2152 2482
f 2365 2301 2324
f 2326 2318 2391
f 2345 2327 2318
f 2345 2334 2327
f 2236 2265 2385
f 2377 2424 2361
f 2283 2320 2387
f 2291 2394 2304
f 2340 2363 2322
f 2358 2480 2230
f 2404 2410 2190
f 2373 2233 2420
f 2331 2263 2333
f 2302 2351 2129
f 2393 2344 2162
f 2335 2344 2393
f 2385 2336 2236
f 2312 2322 2349
f 2312 2349 2341
f 2561 2223 2230
f 2379 2284 2418
f 2285 2379 2438
f 2190 2300 2404
f 2491 2350 2208
f 2318 2392 2334
f 2413 2352 2308
f 2352 2414 2240
f 2309 2288 2431
f 2351 2337 2266
f 2361 2406 2346
f 2400 2319 2309
f 2443 2369 2337
f 2267 2376 2311
f 2310 2353 2354
f 2310 2354 2387
f 2299 2356 2291
f 2253 2540 2270
f 2305 2323 2520
f 2306 2305 2520
f 2598 2342 2441
f 2152 2396 2482
f 2307 2271 2389
f 2383 2393 2162
f 2308 2367 2412
f 2399 2385 2265
f 2424 2406 2361
f 2407 2493 2241
f 2338 2435 2407
f 2463 2356 2311
f 2347 2402 2371
f 2347 2451 2447
f 2291 2356 2394
f 2394 2328 2304
f 2395 2341 2349
f 2364 2508 2440
f 2365 2468 2343
f 2343 2468 2420
f 2397 2381 2366
f 2414 2405 2375
f 2368 2431 2288
f 2493 2386 2241
f 2371 2402 2370
f 2322 2378 2349
f 2363 2416 2453
f 2372 2417 2472
f 2359 2631 2432
f 2441 2111 2474
f 2456 2246 2084
f 2448 2325 2350
f 2366 2331 2397
f 2382 2434 2262
f 2391 2476 2332
f 2392 2334 2345
f 2308 2412 2413
f 2449 2414 2352
f 2450 2368 2375
f 2400 2309 2431
f 2435 2338 2408
f 2443 2425 2369
f 2353 2444 2354
f 2369 2425 2362
f 2268 2355 2436
f 2348 2362 2451
f 2347 2447 2402
f 2328 2452 2339
f 2378 2322 2363
f 2372 2357 2417
f 2409 2540 2253
f 2084 2482 2456
f 2315 2360 2598
f 2478 2331 2333
f 2412 2367 2384
f 2421 2336 2385
f 2511 2399 2406
f 2400 2353 2319
f 2426 2268 2436
f 2436 2355 2401
f 2313 2561 2528
f 2284 2455 2418
f 2284 2403 2518
f 2359 2438 2631
f 2433 2520 2323
f 2382 2330 2390
f 2382 2390 2434
f 2332 2476 2326
f 2376 2345 2392
f 2450 2431 2368
f 2376 2463 2311
f 2358 2410 2480
f 2409 2578 2540
f 2404 2300 2380
f 2315 2457 2211
f 2475 2396 2381
f 2373 2420 2509
f 2475 2381 2397
f 2434 2391 2262
f 2374 2331 2478
f 2326 2392 2318
f 2411 2384 2336
f 2505 2385 2399
f 2402 2415 2370
f 2313 2528 2388
f 2359 2432 2409
f 2467 2293 2245
f 2390 2330 2398
f 2198 2581 2442
f 2326 2476 2392
f 2421 2411 2336
f 2505 2421 2385
f 2449 2405 2414
f 2450 2375 2405
f 2408 2335 2393
f 2423 2400 2431
f 2461 2424 2377
f 2444 2353 2400
f 2370 2415 2320
f 2328 2394 2452
f 2491 2278 2270
f 2389 2448 2307
f 2476 2391 2434
f 2485 2429 2392
f 2460 2413 2412
f 2429 2376 2392
f 2449 2352 2413
f 2435 2493 2407
f 2493 2461 2386
f 2461 2377 2386
f 2387 2445 2354
f 2415 2402 2538
f 2402 2447 2538
f 2454 2230 2480
f 2689 2380 2246
f 2324 2156 2520
f 2544 2307 2448
f 2570 2198 2211
f 2331 2374 2397
f 2411 2412 2384
f 2424 2511 2406
f 2462 2444 2400
f 2427 2453 2416
f 2388 2437 2416
f 2455 2284 2518
f 2245 2473 2467
f 2270 2613 2491
f 2586 2246 2456
f 2598 2499 2315
f 2396 2483 2482
f 2457 2570 2211
f 2483 2396 2475
f 2397 2374 2475
f 2316 2484 2476
f 2422 2460 2412
f 2450 2405 2430
f 2424 2522 2511
f 2462 2400 2423
f 2362 2710 2451
f 2415 2559 2320
f 2436 2401 2496
f 2394 2356 2463
f 2394 2464 2452
f 2388 2528 2437
f 2418 2455 2497
f 2314 2419 2512
f 2466 2205 2512
f 2509 2398 2373
f 2426 2478 2333
f 2412 2411 2422
f 2399 2511 2505
f 2387 2446 2445
f 2320 2446 2387
f 2403 2498 2518
f 2379 2418 2488
f 2403 2428 2498
f 2530 2428 2439
f 2508 2293 2467
f 2323 2466 2489
f 2323 2489 2433
f 2441 2474 2642
f 2457 2315 2499
f 2457 2684 2570
f 2570 2593 2198
f 2316 2458 2484
f 2458 2390 2398
f 2475 2374 2459
f 2405 2486 2430
f 2413 2492 2449
f 2450 2423 2431
f 2462 2470 2444
f 2471 2445 2354
f 2559 2446 2320
f 2416 2437 2427
f 2509 2420 2468
f 2316 2476 2503
f 2476 2434 2534
f 2449 2486 2405
f 2522 2424 2461
f 2462 2423 2494
f 2710 2362 2425
f 2426 2436 2537
f 2609 2447 2451
f 2465 2339 2452
f 2357 2585 2417
f 2418 2497 2488
f 2586 2689 2246
f 2499 2598 2587
f 2448 2481 2599
f 2533 2482 2483
f 2458 2316 2503
f 2459 2374 2469
f 2302 2516 2351
f 2374 2478 2469
f 2534 2434 2504
f 2434 2390 2504
f 2337 2351 2443
f 2492 2582 2449
f 2354 2444 2470
f 2394 2463 2536
f 2537 2436 2496
f 2357 2395 2585
f 2409 2432 2578
f 2441 2642 2598
f 2350 2481 2448
f 2365 2324 2500
f 2448 2599 2544
f 2509 2502 2398
f 2458 2515 2390
f 2477 2411 2421
f 2422 2411 2546
f 2492 2413 2460
f 2486 2506 2430
f 2430 2506 2450
f 2450 2506 2423
f 2536 2523 2394
f 2538 2559 2415
f 2609 2451 2495
f 2529 2417 2585
f 2561 2230 2454
f 2455 2518 2551
f 2438 2379 2513
f 2456 2482 2533
f 2475 2501 2483
f 2544 2601 2307
f 2601 2302 2307
f 2514 2475 2459
f 2302 2601 2516
f 2476 2534 2503
f 2476 2526 2392
f 2582 2486 2449
f 2547 2521 2505
f 2376 2479 2463
f 2710 2495 2451
f 2363 2604 2378
f 2363 2453 2604
f 2419 2525 2512
f 2553 2439 2329
f 2466 2612 2489
f 2586 2456 2796
f 2501 2475 2514
f 2504 2390 2515
f 2484 2526 2476
f 2435 2583 2493
f 2462 2494 2470
f 2447 2609 2664
f 2507 2465 2452
f 2428 2530 2498
f 2553 2329 2440
f 2508 2467 2532
f 2489 2519 2433
f 2490 2473 2474
f 2545 2502 2509
f 2502 2484 2458
f 2581 2383 2442
f 2505 2511 2547
f 2435 2517 2583
f 2527 2435 2408
f 2470 2471 2354
f 2524 2394 2523
f 2524 2464 2394
f 2464 2507 2452
f 2395 2349 2539
f 2472 2417 2550
f 2497 2455 2551
f 2497 2562 2488
f 2379 2488 2513
f 2481 2350 2491
f 2365 2500 2468
f 2625 2468 2500
f 2468 2625 2509
f 2458 2398 2502
f 2593 2581 2198
f 2484 2502 2526
f 2556 2477 2421
f 2460 2557 2492
f 2429 2479 2376
f 2493 2535 2461
f 2576 2494 2423
f 2527 2517 2435
f 2478 2426 2537
f 2446 2543 2445
f 2664 2538 2447
f 2465 2507 2549
f 2585 2395 2539
f 2529 2550 2417
f 2419 2472 2550
f 2553 2531 2439
f 2512 2612 2466
f 2683 2440 2508
f 2473 2490 2467
f 2457 2499 2684
f 2459 2469 2605
f 2526 2571 2392
f 2589 2469 2478
f 2460 2422 2557
f 2505 2521 2421
f 2628 2486 2582
f 2461 2535 2522
f 2542 2478 2537
f 2494 2603 2470
f 2471 2445 2567
f 2525 2419 2487
f 2438 2513 2631
f 2587 2598 2667
f 2510 2514 2459
f 2516 2443 2351
f 2571 2485 2392
f 2463 2479 2536
f 2446 2559 2543
f 2349 2378 2560
f 2530 2439 2531
f 2508 2532 2683
f 2642 2474 2490
f 2614 2520 2433
f 2483 2501 2541
f 2541 2501 2514
f 2526 2626 2571
f 2503 2534 2571
f 2504 2555 2534
f 2411 2477 2546
f 2521 2556 2421
f 2535 2574 2522
f 2471 2470 2603
f 2608 2464 2524
f 2518 2498 2654
f 2612 2519 2489
f 2532 2467 2569
f 2270 2540 2613
f 2614 2324 2520
f 2533 2483 2541
f 2502 2564 2526
f 2510 2459 2605
f 2458 2503 2515
f 2534 2555 2571
f 2557 2422 2619
f 2542 2589 2478
f 2479 2429 2566
f 2583 2535 2493
f 2506 2576 2423
f 2575 2527 2408
f 2517 2527 2548
f 2568 2542 2537
f 2378 2604 2560
f 2437 2528 2665
f 2419 2550 2487
f 2498 2530 2563
f 2554 2614 2433
f 2499 2587 2684
f 2545 2580 2502
f 2514 2510 2615
f 2564 2626 2526
f 2571 2555 2485
f 2485 2555 2429
f 2573 2511 2522
f 2575 2408 2393
f 2558 2576 2506
f 2479 2566 2629
f 2576 2584 2494
f 2560 2539 2349
f 2490 2569 2467
f 2796 2456 2643
f 2456 2533 2643
f 2580 2564 2502
f 2469 2589 2605
f 2517 2602 2583
f 2637 2535 2583
f 2425 2651 2710
f 2629 2536 2479
f 2537 2597 2568
f 2513 2488 2552
f 2531 2553 2706
f 2410 2404 2579
f 2683 2532 2624
f 2519 2612 2666
f 2380 2649 2404
f 2541 2514 2615
f 2645 2555 2504
f 2516 2650 2443
f 2652 2393 2383
f 2652 2740 2393
f 2546 2619 2422
f 2494 2584 2603
f 2445 2543 2567
f 2525 2487 2611
f 2513 2779 2631
f 2404 2649 2579
f 2433 2519 2554
f 2613 2655 2491
f 2655 2481 2491
f 2429 2555 2565
f 2606 2477 2556
f 2557 2670 2492
f 2740 2575 2393
f 2511 2573 2547
f 2616 2558 2506
f 2471 2603 2594
f 2437 2610 2427
f 2437 2665 2610
f 2550 2577 2487
f 2497 2551 2562
f 2498 2563 2654
f 2512 2525 2612
f 2380 2689 2649
f 2481 2632 2599
f 2571 2515 2503
f 2670 2582 2492
f 2486 2616 2506
f 2521 2547 2572
f 2536 2629 2595
f 2471 2594 2567
f 2673 2539 2560
f 2561 2591 2528
f 2769 2440 2683
f 2578 2763 2540
f 2519 2666 2554
f 2717 2613 2540
f 2580 2545 2633
f 2650 2425 2443
f 2565 2566 2429
f 2653 2606 2556
f 2521 2572 2556
f 2556 2572 2653
f 2619 2617 2557
f 2617 2670 2557
f 2740 2694 2575
f 2574 2535 2637
f 2576 2590 2584
f 2453 2427 2610
f 2550 2529 2577
f 2561 2454 2591
f 2324 2614 2592
f 2533 2541 2588
f 2668 2601 2544
f 2516 2601 2650
f 2486 2628 2702
f 2575 2548 2527
f 2576 2558 2590
f 2536 2595 2523
f 2543 2559 2640
f 2559 2538 2640
f 2464 2608 2507
f 2622 2549 2621
f 2658 2604 2453
f 2610 2658 2453
f 2440 2769 2553
f 2699 2763 2578
f 2727 2625 2500
f 2625 2633 2509
f 2509 2633 2545
f 2541 2615 2600
f 2510 2605 2615
f 2581 2652 2383
f 2645 2669 2555
f 2555 2669 2565
f 2546 2618 2619
f 2548 2602 2517
f 2602 2637 2583
f 2575 2607 2548
f 2584 2590 2648
f 2584 2648 2603
f 2487 2577 2611
f 2432 2699 2578
f 2569 2624 2532
f 2614 2753 2592
f 2599 2668 2544
f 2600 2588 2541
f 2737 2593 2570
f 2645 2515 2571
f 2651 2425 2650
f 2565 2669 2679
f 2573 2636 2547
f 2547 2636 2572
f 2477 2606 2546
f 2656 2629 2566
f 2543 2596 2567
f 2523 2595 2723
f 2538 2620 2640
f 2664 2620 2538
f 2658 2623 2604
f 2539 2673 2760
f 2585 2539 2760
f 2665 2528 2591
f 2525 2761 2612
f 2540 2763 2717
f 2490 2569 2642
f 2632 2810 2599
f 2684 2754 2570
f 2615 2605 2646
f 2564 2700 2626
f 2504 2515 2645
f 2605 2589 2627
f 2702 2616 2486
f 2565 2656 2566
f 2568 2589 2542
f 2575 2647 2607
f 2568 2597 2682
f 2609 2495 2657
f 2507 2641 2549
f 2585 2760 2529
f 2551 2674 2562
f 2488 2562 2552
f 2553 2769 2706
f 2480 2410 2579
f 2643 2533 2588
f 2571 2626 2645
f 2670 2628 2582
f 2636 2653 2572
f 2618 2546 2606
f 2574 2573 2522
f 2694 2647 2575
f 2594 2603 2639
f 2523 2608 2524
f 2507 2608 2641
f 2641 2621 2549
f 2551 2659 2674
f 2562 2675 2552
f 2698 2454 2480
f 2513 2552 2779
f 2686 2581 2593
f 2601 2678 2650
f 2580 2634 2635
f 2580 2635 2564
f 2646 2605 2627
f 2618 2606 2653
f 2602 2548 2748
f 2558 2662 2590
f 2567 2596 2671
f 2523 2723 2641
f 2523 2641 2608
f 2688 2609 2657
f 2604 2623 2560
f 2840 2529 2760
f 2551 2518 2659
f 2569 2736 2624
f 2642 2667 2598
f 2324 2592 2500
f 2627 2589 2766
f 2616 2696 2558
f 2602 2748 2661
f 2638 2648 2590
f 2567 2687 2594
f 2688 2713 2609
f 2621 2724 2622
f 2562 2674 2675
f 2531 2706 2530
f 2698 2480 2579
f 2753 2884 2592
f 2600 2644 2588
f 2754 2737 2570
f 2766 2589 2568
f 2637 2602 2661
f 2711 2548 2607
f 2567 2671 2687
f 2622 2724 2630
f 2560 2623 2673
f 2518 2735 2659
f 2666 2612 2761
f 2736 2642 2569
f 2796 2844 2586
f 2588 2644 2643
f 2633 2625 2718
f 2600 2615 2677
f 2668 2678 2601
f 2633 2634 2580
f 2635 2634 2690
f 2650 2861 2651
f 2686 2652 2581
f 2618 2731 2619
f 2647 2711 2607
f 2691 2573 2574
f 2662 2638 2590
f 2648 2672 2603
f 2658 2751 2623
f 2610 2751 2658
f 2518 2654 2735
f 2552 2915 2825
f 2649 2726 2579
f 2613 2717 2655
f 2689 2586 2844
f 2481 2655 2632
f 2667 2851 2587
f 2727 2500 2592
f 2599 2810 2668
f 2685 2634 2633
f 2677 2615 2646
f 2635 2700 2564
f 2645 2626 2700
f 2660 2565 2679
f 2565 2680 2656
f 2495 2710 2657
f 2639 2603 2672
f 2792 2688 2657
f 2609 2713 2664
f 2577 2857 2611
f 2675 2915 2552
f 2432 2631 2867
f 2761 2525 2768
f 2677 2646 2780
f 2834 2646 2627
f 2700 2669 2645
f 2619 2681 2617
f 2647 2694 2663
f 2672 2648 2638
f 2640 2596 2543
f 2596 2640 2757
f 2641 2705 2621
f 2591 2786 2665
f 2802 2769 2683
f 2643 2808 2796
f 2727 2676 2625
f 2676 2718 2625
f 2633 2718 2685
f 2678 2861 2650
f 2740 2652 2686
f 2680 2629 2656
f 2636 2573 2704
f 2653 2703 2618
f 2729 2711 2647
f 2558 2696 2662
f 2662 2693 2638
f 2568 2682 2749
f 2529 2767 2577
f 2614 2745 2753
f 2860 2684 2587
f 2708 2643 2644
f 2660 2680 2565
f 2731 2681 2619
f 2637 2691 2574
f 2712 2595 2629
f 2596 2757 2722
f 2705 2641 2743
f 2621 2705 2724
f 2697 2454 2698
f 2725 2659 2735
f 2745 2614 2554
f 2655 2707 2632
f 2669 2719 2679
f 2670 2701 2628
f 2748 2548 2711
f 2573 2691 2704
f 2661 2691 2637
f 2703 2731 2618
f 2766 2568 2749
f 2671 2596 2722
f 2623 2695 2673
f 2695 2760 2673
f 2655 2717 2868
f 2707 2655 2868
f 2667 2833 2851
f 2643 2708 2808
f 2632 2788 2810
f 2728 2685 2718
f 2700 2719 2669
f 2660 2679 2755
f 2747 2680 2660
f 2701 2702 2628
f 2617 2681 2670
f 2696 2616 2702
f 2661 2748 2720
f 2720 2691 2661
f 2672 2638 2693
f 2687 2734 2594
f 2620 2757 2640
f 2641 2723 2743
f 2610 2744 2751
f 2767 2529 2840
f 2752 2525 2611
f 2779 2867 2631
f 2579 2726 2698
f 2683 2624 2802
f 2667 2642 2764
f 2592 2771 2727
f 2860 2754 2684
f 2600 2746 2644
f 2600 2677 2746
f 2746 2677 2780
f 2685 2738 2634
f 2690 2773 2635
f 2635 2709 2700
f 2681 2701 2670
f 2680 2712 2629
f 2696 2692 2662
f 2639 2734 2594
f 2757 2620 2664
f 2664 2713 2758
f 2610 2665 2744
f 2666 2761 2803
f 2726 2649 2714
f 2666 2716 2795
f 2763 2820 2717
f 2685 2728 2781
f 2834 2780 2646
f 2690 2634 2738
f 2660 2755 2747
f 2636 2741 2653
f 2636 2704 2756
f 2741 2703 2653
f 2647 2732 2729
f 2692 2693 2662
f 2647 2663 2732
f 2805 2657 2710
f 2671 2721 2687
f 2693 2816 2672
f 2712 2723 2595
f 2664 2758 2757
f 2724 2893 2630
f 2577 2767 2857
f 2611 2857 2752
f 2725 2674 2659
f 2858 2624 2736
f 2764 2833 2667
f 2884 2771 2592
f 2945 2686 2593
f 2756 2741 2636
f 2731 2730 2681
f 2703 2783 2731
f 2712 2680 2747
f 2733 2691 2720
f 2805 2792 2657
f 2623 2793 2695
f 2454 2697 2887
f 2525 2752 2768
f 2706 2769 2794
f 2666 2803 2716
f 2699 2715 2763
f 2860 2587 2851
f 2708 2644 2746
f 2635 2773 2709
f 2709 2719 2700
f 2774 2755 2679
f 2696 2702 2765
f 2691 2733 2704
f 2663 2694 2740
f 2712 2799 2723
f 2591 2454 2887
f 2530 2826 2563
f 2530 2706 2826
f 2552 2825 2779
f 2666 2795 2554
f 2649 2689 2877
f 2719 2774 2679
f 2651 2811 2710
f 2729 2739 2711
f 2777 2711 2739
f 2765 2692 2696
f 2687 2721 2734
f 2672 2742 2639
f 2816 2784 2672
f 2705 2759 2724
f 2699 2432 3012
f 2728 2789 2781
f 2810 2678 2668
f 2775 2701 2681
f 2730 2775 2681
f 2798 2765 2702
f 2777 2748 2711
f 2741 2848 2703
f 2784 2742 2672
f 2623 2751 2793
f 2760 2695 2824
f 2726 2801 2698
f 2649 2877 2714
f 2764 2642 2736
f 2820 2868 2717
f 2728 2718 2789
f 2789 2718 2809
f 2945 2593 2737
f 2738 2773 2690
f 2774 2719 2709
f 2875 2775 2730
f 2692 2765 2813
f 2663 2740 2732
f 2692 2816 2693
f 2749 2682 2778
f 2722 2750 2671
f 2722 2757 2750
f 2713 2849 2758
f 2817 2893 2724
f 2801 2726 2714
f 2624 2858 2819
f 2801 2714 2762
f 2554 2795 2745
f 2809 2718 2676
f 2738 2797 2773
f 2773 2774 2709
f 2701 2798 2702
f 2776 2729 2732
f 2639 2791 2734
f 2743 2759 2705
f 2665 2786 2744
f 3086 2867 2779
f 2432 2867 3012
f 2802 2624 2819
f 2715 2699 3071
f 2632 2707 2788
f 2804 2737 2754
f 2781 2738 2685
f 2828 2686 2945
f 2651 2929 2811
f 2755 2790 2747
f 2775 2822 2701
f 2777 2720 2748
f 2823 2704 2733
f 2721 2671 2785
f 2713 2807 2849
f 2807 2713 2688
f 2831 2674 2725
f 2563 2826 2654
f 2803 2761 2787
f 2803 2770 2716
f 2727 2771 2772
f 2738 2781 2827
f 2732 2740 2776
f 2862 2741 2756
f 2798 2812 2765
f 2704 2862 2756
f 2741 2862 2848
f 2747 2790 2712
f 2671 2750 2785
f 2792 2807 2688
f 2759 2817 2724
f 2856 2793 2751
f 2770 2803 2841
f 2890 2764 2736
f 2766 2835 2627
f 2874 2777 2739
f 2822 2798 2701
f 2874 2885 2777
f 2731 2875 2730
f 2848 2783 2703
f 2812 2813 2765
f 2823 2837 2704
f 2704 2837 2862
f 2816 2692 2813
f 2742 2784 2815
f 2814 2742 2815
f 2865 2792 2805
f 2706 2794 2826
f 3012 3071 2699
f 2994 2801 2762
f 2832 2716 2770
f 2843 2762 2714
f 2708 2746 2808
f 2738 2827 2797
f 2836 2755 2774
f 2686 2782 2740
f 2776 2829 2729
f 2729 2874 2739
f 2777 2885 2720
f 2639 2742 2791
f 2712 2790 2799
f 2856 2751 2744
f 2770 2841 2832
f 2716 2832 2795
f 2763 2715 2820
f 2727 2772 2676
f 2804 2754 2860
f 2834 2627 2835
f 2651 2861 2929
f 2790 2755 2821
f 2776 2740 2782
f 2811 2805 2710
f 2742 2814 2791
f 2815 2784 2816
f 2807 2800 2849
f 2725 2735 2831
f 2675 2674 2850
f 2674 2831 2850
f 2768 3003 2787
f 2768 2787 2761
f 2762 2843 2994
f 2869 2844 2796
f 2797 2836 2774
f 2773 2797 2774
f 2828 2782 2686
f 2729 2829 2874
f 2923 2731 2783
f 2806 2815 2816
f 2734 2791 2721
f 2785 2864 2721
f 2757 2758 2880
f 2723 2759 2743
f 2894 2654 2826
f 2769 2802 2794
f 2841 2803 2787
f 2844 2877 2689
f 2780 2871 2746
f 2766 2749 2917
f 2812 2798 2847
f 2806 2816 2813
f 2863 2749 2778
f 2880 2750 2757
f 2792 3008 2807
f 2793 2856 2839
f 2908 2744 2786
f 2735 2654 2883
f 2825 2952 2779
f 2802 2918 2794
f 2845 2809 2676
f 2827 2781 2891
f 2797 2827 2852
f 2836 2821 2755
f 2799 2790 2821
f 2733 2876 2823
f 2854 2837 2823
f 2838 2723 2799
f 2863 2778 2907
f 2758 2849 2880
f 2893 2866 2630
f 2802 2819 2918
f 2808 2746 2871
f 2809 2891 2789
f 2891 2809 2872
f 2891 2781 2789
f 2846 2871 2780
f 2835 2766 2917
f 2875 2830 2775
f 2830 2822 2775
f 2798 2822 2853
f 2720 2876 2733
f 2896 2848 2862
f 2862 2837 2854
f 2948 2865 2805
f 2785 2750 2864
f 2800 2807 2926
f 2926 2807 3008
f 2824 2818 2760
f 2735 2883 2831
f 2752 3003 2768
f 2787 2982 2841
f 2953 2820 2715
f 2919 2851 2833
f 2870 2796 2808
f 2936 2678 2810
f 2846 2780 2835
f 2780 2834 2835
f 2776 2961 2829
f 2847 2798 2853
f 2865 3008 2792
f 2838 2759 2723
f 2883 2654 2894
f 2883 2928 2831
f 2826 2934 2894
f 2794 2918 2993
f 2842 2795 2832
f 2877 2844 3004
f 2919 2764 2890
f 2859 2707 2868
f 2788 2707 2859
f 2870 2808 2871
f 2873 2827 2891
f 2797 2852 2836
f 2830 2921 2822
f 2875 2731 2923
f 2812 2806 2813
f 2885 2876 2720
f 2791 2721 2892
f 2799 2949 2838
f 2752 2857 2888
f 2675 2850 2915
f 2752 2888 3003
f 2697 2698 2916
f 2826 2794 2993
f 2982 3013 2841
f 2841 3013 2832
f 2842 2832 3013
f 2843 2714 2877
f 2764 2919 2833
f 2869 2796 2870
f 2954 2804 2860
f 2788 2936 2810
f 2676 2772 2845
f 2845 2872 2809
f 2836 2904 2821
f 2823 2876 2854
f 2849 2976 2880
f 2800 2926 3001
f 2838 2898 2759
f 2951 2591 2887
f 2909 2795 2842
f 2745 2795 2909
f 2910 2890 2736
f 2745 2967 2753
f 2753 2967 2884
f 2678 2997 2861
f 2873 2852 2827
f 2836 2852 2904
f 2929 2912 2811
f 2822 2921 2879
f 2847 2853 2911
f 2812 2847 2806
f 2912 2948 2805
f 2793 2882 3010
f 2839 2882 2793
f 2856 2966 2839
f 2826 2993 2934
f 2811 2912 2805
f 2806 2847 2855
f 2854 2925 2862
f 2864 2914 2721
f 2865 2948 3008
f 2864 2750 2880
f 2976 2849 2800
f 2976 2800 3045
f 2793 3010 2695
f 2744 2990 2856
f 2695 3010 2824
f 2736 2910 2858
f 2878 2868 2820
f 2919 2901 2851
f 2772 2771 3061
f 2936 2997 2678
f 2782 2961 2776
f 2783 2848 2896
f 2806 2886 2815
f 2815 2906 2814
f 2817 2943 2893
f 2908 2990 2744
f 2894 2934 3020
f 2915 3111 2825
f 2844 2869 3158
f 2891 2895 2873
f 2873 2903 2852
f 2903 2904 2852
f 2917 2749 2863
f 2913 2921 2830
f 2879 2911 2853
f 2879 2853 2822
f 2940 2923 2783
f 2896 2940 2783
f 2931 2854 2876
f 2799 2821 2949
f 2863 2907 2979
f 2976 2975 2880
f 2839 2964 2882
f 2591 2951 2786
f 2767 2991 2857
f 2819 2858 2889
f 3158 3004 2844
f 2845 2891 2872
f 2875 2913 2830
f 2855 2941 2806
f 2962 2941 2855
f 2914 2892 2721
f 2987 2817 2759
f 2817 2980 2943
f 2856 2990 2966
f 2825 3111 2952
f 2698 2801 2916
f 2787 3003 2982
f 2801 2994 3087
f 2889 2858 3014
f 3041 2843 2877
f 2890 3023 2919
f 2868 2878 2977
f 2977 2859 2868
f 2845 2772 3186
f 2895 2903 2873
f 2835 2917 2902
f 2902 2917 2920
f 2874 2829 2958
f 2886 2906 2815
f 2791 2814 3054
f 3054 2974 2791
f 2864 2899 2914
f 2800 3001 3045
f 2880 2899 2864
f 3109 2824 3010
f 2831 2928 2850
f 2889 2918 2819
f 2909 2842 3013
f 2901 2860 2851
f 2891 2996 2895
f 3100 2828 2945
f 2821 2956 2949
f 2821 2904 2956
f 2923 2913 2875
f 2921 2905 2879
f 2911 2855 2847
f 2885 2897 2876
f 2897 2931 2876
f 2974 2892 2791
f 2838 2949 2898
f 2898 2987 2759
f 2893 2943 2866
f 2943 2881 2866
f 2824 3109 2818
f 2951 2908 2786
f 2697 2916 2887
f 3138 3111 2915
f 2935 2871 2846
f 2846 2835 2902
f 2903 2895 2937
f 2925 2896 2862
f 2911 2962 2855
f 2880 2975 2899
f 2933 2980 2817
f 2916 2801 3170
f 2993 2918 3021
f 2919 3023 3060
f 2947 2921 2913
f 2874 2932 2885
f 2925 2854 2984
f 2896 2925 2971
f 2806 2941 2886
f 2883 2894 3031
f 2883 3031 2928
f 2869 2870 3032
f 2944 2788 2859
f 2903 2946 2904
f 2922 2782 2828
f 2923 2957 2913
f 2905 2911 2879
f 2961 2782 2922
f 2914 2973 2892
f 2966 2964 2839
f 2760 3092 2840
f 2767 2840 2991
f 3170 2801 3087
f 2877 3004 3041
f 2870 2871 2935
f 2845 3097 2891
f 2891 3097 2996
f 2903 2937 2946
f 2861 3024 2929
f 2904 2938 2968
f 2904 2968 2956
f 2920 2917 2863
f 2924 2958 2829
f 2961 2924 2829
f 2956 2972 2949
f 2971 2925 2970
f 2905 2962 2911
f 2932 2897 2885
f 3007 2986 2886
f 2892 2973 2974
f 2914 2899 2942
f 2817 2987 3036
f 2965 2964 2966
f 3039 3002 2900
f 2867 3086 3012
f 2983 2889 3014
f 2910 3140 2858
f 2869 3032 3158
f 2771 2884 3061
f 3152 2737 2804
f 2935 2846 2955
f 2955 2846 2902
f 2937 2895 2996
f 2904 2946 2938
f 2920 2955 2902
f 2958 2930 2874
f 2959 2905 2921
f 2961 3027 2924
f 2930 2932 2874
f 2971 2940 2896
f 2931 2999 2854
f 2886 2941 3007
f 2986 3054 2906
f 2906 3054 2814
f 2981 2882 2964
f 3014 2858 3140
f 2935 3142 2870
f 3115 2954 2860
f 2845 3186 3097
f 3024 3065 2929
f 2939 2957 2923
f 2940 2939 2923
f 3000 2984 2854
f 2914 2942 2973
f 2915 2850 2992
f 2745 2909 2967
f 2944 2936 2788
f 2937 3016 2946
f 2984 2970 2925
f 2931 2897 2985
f 2979 2907 3047
f 2980 2933 2963
f 3022 2994 2843
f 3016 2937 2996
f 2946 3005 2938
f 3034 2956 2968
f 2828 3100 3124
f 2863 2979 3017
f 2932 2985 2897
f 2933 2817 3036
f 2990 2908 3110
f 2760 2818 3092
f 2908 2951 3002
f 2850 2928 2992
f 2909 3013 2995
f 2820 2953 3094
f 3124 3106 2922
f 2922 2828 3124
f 2947 2959 2921
f 2924 3019 2958
f 2999 3000 2854
f 2886 2986 2906
f 2948 3122 3008
f 2987 2898 2949
f 2942 2899 2975
f 3069 3001 2926
f 2979 3047 3167
f 2933 3107 2963
f 3002 3039 3091
f 2951 2887 3155
f 3060 2901 2919
f 2997 3024 2861
f 2955 2920 3017
f 2920 2863 3017
f 3034 2972 2956
f 2960 2969 2998
f 2958 3019 2930
f 2957 2947 2913
f 2978 2971 2970
f 2971 2978 2940
f 2985 2999 2931
f 2962 3018 2941
f 2973 2942 2974
f 2981 2964 2965
f 2900 3002 2927
f 2840 3092 2991
f 3020 2934 3077
f 3021 3077 2993
f 2715 3071 3059
f 2878 2820 3094
f 3096 2884 2967
f 2870 3142 3032
f 3016 2996 3072
f 3016 3005 2946
f 2960 3081 2969
f 2961 2922 3027
f 2959 3068 2905
f 2962 2905 3068
f 3008 3046 2926
f 2980 2989 2943
f 2965 3030 2981
f 2965 2966 3076
f 3092 2818 3049
f 2928 3031 2992
f 3003 2888 3040
f 2779 2952 3276
f 3086 2779 3276
f 3139 3013 2982
f 2889 2983 2918
f 3041 3022 2843
f 2884 3096 3061
f 2977 3114 2859
f 2901 3115 2860
f 2954 3152 2804
f 3152 2945 2737
f 2998 2972 3034
f 2939 2940 2978
f 3026 3000 2999
f 3007 2941 3018
f 3106 3009 2922
f 2949 3056 2987
f 2976 2988 2975
f 3069 2926 3046
f 2980 2963 2989
f 2981 3038 2882
f 3011 2927 3002
f 2951 3155 3093
f 2915 2992 3138
f 3040 2982 3003
f 2938 3025 2968
f 2968 3025 3034
f 2998 2969 2972
f 2939 3006 2957
f 2959 2947 3043
f 2984 3044 2970
f 2922 3009 3028
f 2966 2990 3076
f 3010 3058 3109
f 2951 3093 3002
f 3015 2997 2936
f 3079 2955 3017
f 2957 3006 2947
f 3044 2984 3000
f 3051 2999 2985
f 2999 3051 3026
f 3017 2979 3066
f 3027 2922 3028
f 3027 3029 2924
f 2975 3125 2942
f 2981 3030 3038
f 2882 3038 3010
f 3011 3002 3093
f 3040 3139 2982
f 2909 2995 3157
f 2977 2878 3141
f 3005 3025 2938
f 2912 2929 3065
f 2978 2970 3044
f 3068 3018 2962
f 2932 3052 2985
f 2949 2972 3056
f 3054 3135 2974
f 3001 3082 3045
f 2988 2976 3045
f 2988 3125 2975
f 2933 3089 3107
f 2965 3076 3030
f 2990 3110 3076
f 3138 2992 3085
f 2934 2993 3077
f 3139 3156 3013
f 2909 3157 2967
f 3406 3004 3158
f 3097 3072 2996
f 2935 2955 3079
f 3016 3042 3005
f 3152 3100 2945
f 3042 3116 3005
f 3079 3017 3033
f 3017 3066 3033
f 2969 3081 3074
f 3007 3035 2986
f 3130 2960 2998
f 2930 3088 2932
f 3035 3053 2986
f 3055 3019 2924
f 2960 3130 3081
f 3036 3147 2933
f 2989 2963 3037
f 2818 3109 3208
f 3306 2888 2857
f 2887 2916 3155
f 3149 2715 3059
f 2953 2715 3149
f 3094 2953 3149
f 3113 3140 2910
f 2910 3150 2890
f 3078 3042 3016
f 3005 3062 3025
f 3024 3073 3065
f 3065 2948 2912
f 3144 2939 2978
f 2947 3006 3067
f 3067 3043 2947
f 3044 3000 3026
f 3019 3055 3088
f 3052 2932 3088
f 2985 3052 3051
f 3028 3029 3027
f 3130 3175 3081
f 2974 2942 3135
f 3122 3046 3008
f 3045 3082 2988
f 3198 3082 3001
f 3056 3147 2987
f 3069 3198 3001
f 2933 3147 3089
f 2963 3083 3037
f 3058 3010 3038
f 3031 2894 3085
f 2994 3022 3087
f 3095 2967 3157
f 2997 3015 3121
f 3042 3098 3116
f 3072 3078 3016
f 3124 3100 3143
f 3064 2998 3034
f 3044 3101 2978
f 3018 3080 3007
f 3088 2930 3019
f 3106 3028 3009
f 2987 3147 3036
f 3167 3047 3057
f 3107 3083 2963
f 3011 3093 3217
f 2991 3306 2857
f 3276 2952 3126
f 3096 2967 3095
f 3150 2910 3113
f 2977 3226 3114
f 2772 3061 3186
f 2936 2944 3015
f 3005 3116 3062
f 3025 3062 3064
f 3025 3064 3034
f 3065 3122 2948
f 3144 3006 2939
f 3067 3006 3050
f 3080 3035 3007
f 3068 2959 3043
f 2924 3029 3055
f 3066 2979 3117
f 3117 2979 3167
f 3125 2988 3177
f 2818 3208 3049
f 2992 3031 3085
f 3020 3112 2894
f 3086 3071 3012
f 2983 3325 2918
f 2890 3150 3023
f 2859 3114 2944
f 2954 3115 3228
f 3024 3121 3317
f 3074 2972 2969
f 2978 3101 3144
f 3104 3043 3067
f 3103 3052 3088
f 2986 3053 3054
f 3166 3054 3053
f 3028 3119 3029
f 3037 3070 2989
f 3048 3038 3030
f 3058 3038 3048
f 3013 3156 2995
f 2995 3185 3157
f 2977 3141 3226
f 3150 3060 3023
f 2935 3172 3142
f 3097 3173 3072
f 3173 3078 3072
f 3172 2935 3079
f 3116 3063 3062
f 3174 3033 3066
f 3174 3066 3117
f 3050 3104 3067
f 3101 3044 3153
f 3103 3051 3052
f 3117 3167 3118
f 3054 3166 3135
f 2942 3125 3135
f 3046 3075 3069
f 3136 3089 3147
f 3083 3223 3037
f 3048 3030 3108
f 3076 3110 3179
f 3084 2950 3243
f 2888 3224 3040
f 3020 3077 3137
f 3313 3170 3087
f 3022 3041 3087
f 3156 3185 2995
f 3141 2878 3094
f 2901 3060 3150
f 3127 3115 2901
f 3064 3062 3063
f 2972 3132 3056
f 3106 3105 3028
f 3105 3119 3028
f 3055 3133 3088
f 3029 3133 3055
f 3120 2988 3082
f 3108 3058 3048
f 3076 3108 3030
f 3076 3179 3090
f 3169 3002 3091
f 2894 3112 3085
f 3126 2952 3184
f 3325 3021 2918
f 3150 3127 2901
f 3079 3188 3172
f 3098 3189 3116
f 3078 3099 3042
f 3042 3099 3098
f 3144 3123 3006
f 3026 3102 3044
f 3153 3044 3102
f 3050 3006 3123
f 3043 3131 3068
f 3018 3068 3131
f 3133 3146 3088
f 3164 3053 3035
f 3176 3177 2988
f 3058 3168 3109
f 3110 2908 3154
f 3002 3154 2908
f 3002 3169 3154
f 3380 3077 3021
f 2944 3151 3015
f 3152 2954 3327
f 3079 3033 3188
f 3063 3128 3129
f 3064 3129 2998
f 2998 3129 3130
f 3132 2972 3074
f 3103 3145 3051
f 3081 3175 3074
f 3146 3103 3088
f 3120 3176 2988
f 3069 3075 3178
f 3107 3223 3083
f 3223 3215 3037
f 3090 3108 3076
f 3020 3137 3112
f 2952 3111 3184
f 3406 3158 3209
f 2944 3114 3151
f 2997 3121 3024
f 3327 3100 3152
f 3063 3129 3064
f 3174 3117 3220
f 3161 3018 3131
f 3286 3106 3124
f 3104 3134 3043
f 3198 3069 3178
f 3037 3215 3070
f 3183 3168 3058
f 3109 3168 3208
f 3217 3093 3155
f 3306 3224 2888
f 3225 3094 3149
f 3096 3095 3219
f 3142 3172 3171
f 3078 3173 3099
f 3098 3099 3189
f 3251 3033 3174
f 3116 3128 3063
f 3246 3244 3074
f 3175 3246 3074
f 3182 3102 3026
f 3146 3145 3103
f 3182 3051 3162
f 3101 3153 3160
f 3051 3182 3026
f 3134 3131 3043
f 3196 3133 3119
f 3133 3029 3119
f 3108 3183 3058
f 3203 2950 3084
f 3138 3148 3111
f 3041 3313 3087
f 3313 3041 3004
f 3327 2954 3228
f 3182 3204 3102
f 3213 3105 3106
f 3122 3165 3046
f 3107 3089 3136
f 3108 3090 3183
f 3110 3249 3179
f 3110 3154 3249
f 3148 3085 3112
f 3071 3381 3059
f 3113 3250 3140
f 3032 3227 3158
f 3186 3173 3097
f 3121 3015 3259
f 3251 3188 3033
f 3220 3117 3266
f 3118 3266 3117
f 3102 3204 3153
f 3101 3160 3144
f 3212 3123 3144
f 3205 3161 3131
f 3018 3161 3080
f 3161 3239 3080
f 3164 3236 3053
f 3286 3213 3106
f 3176 3120 3235
f 3107 3136 3223
f 3137 3077 3193
f 3180 2983 3014
f 3219 3095 3157
f 3210 3173 3186
f 3244 3132 3074
f 3282 3124 3143
f 3160 3195 3144
f 3146 3133 3191
f 3153 3163 3160
f 3134 3104 3050
f 3196 3191 3133
f 3236 3166 3053
f 3120 3082 3198
f 3199 3135 3166
f 3165 3075 3046
f 3300 3075 3165
f 3300 3178 3075
f 3085 3148 3138
f 3380 3193 3077
f 3086 3276 3324
f 3139 3040 3224
f 3071 3086 3381
f 3157 3185 3219
f 3032 3142 3171
f 3127 3280 3115
f 3073 3384 3065
f 3181 3175 3130
f 3145 3159 3051
f 3144 3195 3212
f 3221 3131 3134
f 3105 3196 3119
f 3135 3222 3199
f 3222 3135 3125
f 3292 3136 3147
f 3216 3183 3090
f 3111 3148 3184
f 3021 3325 3430
f 3258 3185 3156
f 3406 3313 3004
f 3172 3188 3187
f 3128 3116 3190
f 3130 3129 3181
f 3132 3246 3244
f 3122 3397 3165
f 3051 3159 3162
f 3204 3163 3153
f 3123 3229 3050
f 3050 3229 3134
f 3168 3216 3202
f 3112 3137 3233
f 3112 3233 3148
f 3337 3014 3140
f 3227 3209 3158
f 3114 3226 3151
f 3024 3329 3073
f 3129 3128 3245
f 3129 3245 3181
f 3162 3194 3182
f 3204 3206 3163
f 3212 3192 3123
f 3239 3287 3080
f 3236 3199 3166
f 3199 3222 3214
f 3177 3222 3125
f 3183 3216 3168
f 3217 3155 3218
f 3155 2916 3218
f 3325 2983 3180
f 3127 3150 3113
f 3171 3172 3187
f 3188 3251 3294
f 3116 3189 3190
f 3246 3175 3181
f 3191 3272 3146
f 3159 3252 3162
f 3182 3230 3204
f 3239 3161 3205
f 3162 3211 3194
f 3160 3163 3195
f 3221 3253 3131
f 3131 3253 3261
f 3132 3375 3056
f 3229 3123 3192
f 3229 3221 3134
f 3080 3255 3035
f 3176 3222 3177
f 3198 3207 3120
f 3238 2916 3170
f 3156 3139 3293
f 3238 3170 3313
f 3225 3149 3059
f 3151 3265 3015
f 3327 3228 3316
f 3121 3259 3317
f 3024 3317 3329
f 3065 3384 3397
f 3397 3122 3065
f 3146 3272 3145
f 3194 3230 3182
f 3206 3195 3163
f 3213 3267 3105
f 3207 3235 3120
f 3271 3118 3167
f 3215 3200 3201
f 3179 3216 3090
f 3137 3193 3233
f 3265 3151 3226
f 3187 3188 3294
f 3234 3099 3173
f 3143 3100 3327
f 3384 3073 3329
f 3298 3159 3145
f 3246 3375 3132
f 3211 3247 3194
f 3375 3291 3056
f 3192 3212 3237
f 3255 3164 3035
f 3176 3235 3197
f 3176 3197 3222
f 3178 3207 3198
f 3148 3233 3184
f 3218 2916 3238
f 3313 3277 3238
f 3186 3061 3210
f 3265 3259 3015
f 3280 3228 3115
f 3187 3315 3171
f 3307 3253 3221
f 3131 3261 3205
f 3291 3147 3056
f 3214 3199 3236
f 3292 3257 3136
f 3257 3223 3136
f 3223 3369 3215
f 3168 3202 3208
f 3293 3258 3156
f 3295 3234 3173
f 3189 3099 3234
f 3190 3189 3234
f 3245 3246 3181
f 3245 3244 3246
f 3252 3211 3162
f 3194 3247 3230
f 3204 3240 3206
f 3268 3237 3212
f 3049 3208 3379
f 3305 3049 3379
f 3224 3293 3139
f 3337 3180 3014
f 3113 3127 3250
f 3032 3171 3227
f 3251 3174 3328
f 3143 3296 3282
f 3373 3165 3397
f 3308 3268 3195
f 3229 3192 3254
f 3287 3255 3080
f 3212 3195 3268
f 3196 3105 3267
f 3236 3242 3214
f 3270 3235 3207
f 3207 3178 3232
f 3257 3369 3223
f 3208 3202 3311
f 3092 3049 3305
f 3154 3169 3370
f 3430 3380 3021
f 3140 3250 3337
f 3219 3407 3096
f 3187 3294 3315
f 3297 3245 3128
f 3298 3412 3159
f 3272 3318 3145
f 3145 3318 3298
f 3204 3230 3240
f 3230 3247 3231
f 3231 3240 3230
f 3222 3248 3214
f 3300 3391 3178
f 3369 3200 3215
f 3278 3180 3337
f 3315 3227 3171
f 3173 3210 3295
f 3338 3234 3295
f 3327 3296 3143
f 3196 3301 3191
f 3221 3229 3254
f 3195 3206 3308
f 3241 3164 3255
f 3241 3236 3164
f 3264 3269 3368
f 3263 3192 3237
f 3235 3323 3197
f 3237 3275 3263
f 3268 3275 3237
f 2991 3092 3360
f 2991 3360 3306
f 3356 3193 3380
f 3061 3408 3470
f 3316 3228 3280
f 3383 3251 3328
f 3220 3328 3174
f 3286 3124 3282
f 3191 3285 3272
f 3221 3254 3307
f 3308 3206 3240
f 3286 3262 3213
f 3288 3240 3231
f 3242 3214 3290
f 3248 3222 3197
f 3178 3391 3232
f 3249 3304 3179
f 3190 3234 3281
f 3244 3245 3260
f 3351 3246 3244
f 3412 3252 3159
f 3283 3261 3253
f 3205 3261 3239
f 3301 3196 3267
f 3288 3308 3240
f 3236 3309 3242
f 3270 3207 3232
f 3216 3179 3310
f 3185 3258 3279
f 3279 3219 3185
f 3061 3096 3408
f 3362 3250 3127
f 3280 3127 3362
f 3190 3371 3128
f 3261 3283 3320
f 3283 3253 3284
f 3301 3285 3191
f 3342 3331 3254
f 3254 3263 3342
f 3254 3192 3263
f 3287 3256 3255
f 3262 3267 3213
f 3256 3289 3241
f 3255 3256 3241
f 3289 3302 3241
f 3214 3248 3290
f 3270 3232 3336
f 3369 3359 3200
f 3395 3258 3293
f 3210 3061 3470
f 3281 3234 3338
f 3411 3220 3266
f 3297 3128 3371
f 3352 3211 3252
f 3253 3307 3284
f 3273 3247 3211
f 3331 3307 3254
f 3302 3236 3241
f 3236 3302 3309
f 3235 3344 3323
f 3235 3270 3344
f 3242 3309 3290
f 3248 3335 3290
f 3147 3402 3292
f 3291 3402 3147
f 3608 3380 3430
f 3407 3408 3096
f 3297 3260 3245
f 3286 3282 3343
f 3246 3351 3375
f 3352 3273 3211
f 3274 3239 3261
f 3247 3273 3231
f 3344 3270 3336
f 3367 3118 3271
f 3154 3355 3249
f 3092 3305 3360
f 3381 3086 3324
f 3381 3326 3059
f 3279 3258 3447
f 3219 3279 3407
f 3362 3396 3280
f 3220 3411 3328
f 3244 3260 3339
f 3341 3318 3272
f 3341 3272 3285
f 3165 3373 3300
f 3300 3373 3333
f 3334 3308 3288
f 3287 3274 3256
f 3342 3263 3415
f 3263 3275 3415
f 3290 3335 3322
f 3443 3367 3271
f 3336 3232 3391
f 3208 3311 3379
f 3193 3356 3233
f 3226 3141 3357
f 3294 3251 3383
f 3351 3260 3319
f 3339 3260 3351
f 3264 3299 3269
f 3307 3331 3284
f 3285 3301 3350
f 3320 3274 3261
f 3413 3268 3308
f 3274 3287 3239
f 3354 3231 3273
f 3354 3288 3231
f 3262 3286 3388
f 3309 3290 3322
f 3310 3202 3216
f 3179 3304 3310
f 3224 3306 3423
f 3233 3356 3312
f 3184 3233 3312
f 3225 3361 3094
f 3210 3439 3295
f 3317 3345 3329
f 3297 3319 3260
f 3385 3118 3367
f 3299 3319 3269
f 3350 3341 3285
f 3340 3256 3348
f 3274 3320 3348
f 3289 3353 3302
f 3197 3335 3248
f 3257 3292 3303
f 3303 3369 3257
f 3306 3360 3404
f 3126 3184 3312
f 3423 3293 3224
f 3438 3059 3326
f 3279 3447 3407
f 3361 3141 3094
f 3265 3226 3314
f 3349 3412 3298
f 3118 3385 3266
f 3252 3412 3421
f 3351 3319 3299
f 3352 3252 3421
f 3289 3340 3330
f 3256 3340 3289
f 3269 3319 3389
f 3301 3358 3350
f 3256 3274 3348
f 3289 3330 3353
f 3374 3308 3334
f 3401 3264 3299
f 3358 3301 3267
f 3334 3288 3354
f 3420 3321 3302
f 3388 3267 3262
f 3420 3302 3353
f 3302 3321 3309
f 3368 3264 3401
f 3368 3269 3416
f 3126 3419 3276
f 3380 3608 3538
f 3446 3430 3325
f 3225 3059 3438
f 3141 3361 3357
f 3265 3515 3259
f 3294 3431 3315
f 3448 3317 3259
f 3281 3346 3190
f 3371 3190 3346
f 3347 3319 3297
f 3318 3349 3298
f 3363 3320 3283
f 3351 3319 3299
f 3321 3332 3309
f 3414 3268 3413
f 3275 3268 3414
f 3322 3332 3309
f 3275 3414 3415
f 3376 3322 3335
f 3197 3390 3335
f 3292 3437 3303
f 3379 3311 3378
f 3409 3315 3431
f 3471 3316 3280
f 3439 3338 3295
f 3328 3411 3383
f 3411 3266 3494
f 3244 3339 3351
f 3348 3320 3363
f 3330 3426 3353
f 3358 3364 3350
f 3401 3299 3319
f 3388 3286 3343
f 3332 3322 3366
f 3323 3390 3197
f 3292 3402 3417
f 3312 3356 3418
f 3452 3293 3423
f 3325 3469 3446
f 3382 3258 3395
f 3225 3438 3361
f 3250 3362 3620
f 3314 3515 3265
f 3459 3280 3396
f 3296 3327 3410
f 3372 3340 3348
f 3340 3372 3386
f 3330 3340 3386
f 3387 3318 3341
f 3375 3351 3434
f 3366 3322 3376
f 3300 3333 3391
f 3389 3416 3269
f 3344 3390 3323
f 3402 3291 3444
f 3292 3417 3437
f 3392 3303 3437
f 3304 3249 3355
f 3393 3154 3370
f 3276 3419 3458
f 3383 3431 3294
f 3331 3435 3284
f 3421 3273 3352
f 3365 3273 3421
f 3374 3413 3308
f 3273 3365 3354
f 3358 3267 3388
f 3379 3597 3305
f 3394 3203 3084
f 3126 3312 3419
f 3258 3382 3447
f 3227 3315 3409
f 3410 3327 3316
f 3345 3571 3329
f 3531 3373 3397
f 3349 3318 3387
f 3284 3398 3283
f 3434 3351 3319
f 3350 3427 3341
f 3364 3427 3350
f 3332 3366 3321
f 3420 3353 3426
f 3442 3367 3443
f 3377 3336 3391
f 3360 3305 3597
f 3419 3312 3418
f 3418 3356 3424
f 3356 3380 3424
f 3424 3380 3538
f 3293 3452 3395
f 3541 3381 3324
f 3180 3469 3325
f 3560 3447 3382
f 3357 3314 3226
f 3411 3500 3383
f 3449 3363 3283
f 3363 3372 3348
f 3386 3432 3330
f 3435 3398 3284
f 3321 3366 3463
f 3464 3374 3334
f 3373 3462 3333
f 3366 3376 3463
f 3388 3400 3358
f 3389 3401 3319
f 3336 3377 3429
f 3154 3393 3355
f 3423 3306 3404
f 3313 3406 3277
f 3438 3425 3361
f 3337 3250 3620
f 3396 3362 3620
f 3459 3471 3280
f 3547 3410 3316
f 3317 3448 3345
f 3329 3571 3384
f 3426 3330 3432
f 3347 3434 3319
f 3464 3334 3354
f 3365 3399 3354
f 3442 3385 3367
f 3291 3375 3434
f 3335 3390 3473
f 3416 3368 3401
f 3429 3390 3344
f 3336 3429 3344
f 3218 3483 3405
f 3276 3458 3324
f 3381 3541 3326
f 3361 3425 3357
f 3453 3227 3409
f 3621 3531 3397
f 3494 3266 3385
f 3441 3331 3342
f 3342 3415 3441
f 3335 3473 3376
f 3401 3389 3416
f 3355 3393 3403
f 3445 3526 3370
f 3238 3483 3218
f 3483 3238 3277
f 3406 3543 3277
f 3209 3227 3453
f 3515 3448 3259
f 3571 3621 3384
f 3384 3621 3397
f 3398 3454 3495
f 3435 3454 3398
f 3387 3341 3427
f 3354 3399 3464
f 3414 3422 3415
f 3467 3391 3333
f 3291 3434 3444
f 3429 3377 3436
f 3392 3474 3303
f 3369 3303 3451
f 3310 3475 3202
f 3370 3526 3393
f 3438 3667 3425
f 3316 3471 3547
f 3431 3383 3500
f 3494 3385 3508
f 3283 3398 3449
f 3349 3433 3412
f 3412 3433 3421
f 3420 3426 3455
f 3321 3463 3428
f 3400 3388 3457
f 3467 3377 3391
f 3390 3429 3436
f 3311 3475 3378
f 3405 3483 3527
f 3468 3405 3527
f 3419 3418 3424
f 3419 3424 3458
f 3382 3395 3529
f 3521 3408 3407
f 3408 3530 3470
f 3386 3477 3432
f 3449 3398 3495
f 3387 3504 3349
f 3373 3531 3462
f 3420 3321 3428
f 3374 3465 3413
f 3331 3441 3435
f 3473 3390 3436
f 3444 3417 3402
f 3311 3202 3475
f 3469 3180 3278
f 3476 3209 3453
f 3396 3620 3792
f 3371 3572 3297
f 3477 3386 3372
f 3504 3433 3349
f 3455 3428 3420
f 3385 3544 3508
f 3399 3485 3464
f 3464 3456 3374
f 3466 3399 3365
f 3422 3414 3413
f 3343 3505 3388
f 3505 3457 3388
f 3451 3303 3474
f 3355 3403 3304
f 3404 3360 3607
f 3527 3445 3499
f 3527 3483 3445
f 3209 3476 3406
f 3515 3314 3546
f 3396 3792 3459
f 3563 3281 3338
f 3372 3363 3460
f 3477 3372 3460
f 3347 3479 3434
f 3426 3501 3455
f 3466 3365 3421
f 3466 3421 3440
f 3415 3480 3441
f 3497 3444 3434
f 3482 3401 3416
f 3416 3553 3482
f 3423 3568 3452
f 3563 3346 3281
f 3427 3532 3387
f 3433 3440 3421
f 3399 3478 3485
f 3465 3422 3413
f 3435 3441 3480
f 3400 3472 3358
f 3480 3415 3422
f 3376 3473 3487
f 3399 3466 3481
f 3481 3450 3399
f 3473 3436 3517
f 3416 3482 3401
f 3417 3535 3437
f 3437 3535 3392
f 3369 3451 3359
f 3491 3458 3424
f 3542 3667 3438
f 3448 3562 3345
f 3500 3411 3484
f 3440 3433 3486
f 3485 3502 3464
f 3374 3456 3465
f 3364 3358 3472
f 3399 3450 3478
f 3436 3377 3467
f 3535 3474 3392
f 3424 3538 3491
f 3539 3395 3452
f 3326 3542 3438
f 3529 3560 3382
f 3337 3514 3278
f 3447 3521 3407
f 3337 3620 3514
f 3651 3453 3409
f 3210 3470 3493
f 3493 3439 3210
f 3449 3460 3363
f 3501 3426 3432
f 3456 3464 3502
f 3376 3487 3463
f 3385 3442 3544
f 3511 3466 3440
f 3457 3512 3400
f 3472 3400 3512
f 3416 3417 3482
f 3492 3359 3451
f 3475 3310 3490
f 3378 3475 3519
f 3379 3378 3597
f 3628 3527 3499
f 3406 3476 3543
f 3644 3314 3357
f 3408 3521 3530
f 3515 3599 3448
f 3623 3282 3296
f 3463 3503 3428
f 3433 3504 3486
f 3434 3479 3497
f 3463 3487 3503
f 3511 3440 3486
f 3481 3466 3552
f 3444 3497 3581
f 3505 3488 3457
f 3581 3506 3444
f 3444 3506 3518
f 3444 3518 3417
f 3489 3537 3451
f 3310 3304 3490
f 3404 3598 3423
f 3568 3423 3598
f 3458 3491 3507
f 3529 3395 3539
f 3716 3521 3447
f 3439 3570 3338
f 3494 3484 3411
f 3494 3508 3590
f 3347 3297 3572
f 3610 3461 3564
f 3479 3347 3509
f 3387 3532 3504
f 3480 3454 3435
f 3364 3498 3427
f 3532 3427 3498
f 3364 3472 3498
f 3523 3487 3473
f 3488 3512 3457
f 3474 3489 3451
f 3537 3492 3451
f 3304 3403 3490
f 3490 3525 3475
f 3538 3638 3491
f 3539 3452 3568
f 3540 3608 3430
f 3470 3530 3493
f 3496 3495 3454
f 3479 3509 3497
f 3501 3559 3455
f 3485 3548 3502
f 3481 3510 3450
f 3467 3333 3462
f 3523 3473 3517
f 3467 3586 3436
f 3537 3536 3489
f 3360 3597 3607
f 3570 3563 3338
f 3601 3494 3590
f 3623 3343 3282
f 3559 3455 3428
f 3478 3548 3485
f 3480 3582 3454
f 3487 3523 3503
f 3594 3480 3422
f 3482 3417 3518
f 3680 3535 3417
f 3535 3555 3489
f 3404 3607 3598
f 3557 3458 3507
f 3667 3710 3425
f 3447 3560 3716
f 3431 3500 3561
f 3371 3346 3572
f 3564 3461 3573
f 3495 3624 3449
f 3477 3611 3432
f 3501 3432 3611
f 3428 3565 3559
f 3582 3496 3454
f 3510 3478 3450
f 3498 3472 3513
f 3511 3552 3466
f 3513 3472 3512
f 3516 3512 3488
f 3505 3554 3488
f 3535 3680 3555
f 3489 3536 3474
f 3491 3638 3507
f 3514 3659 3278
f 3515 3759 3599
f 3431 3561 3409
f 3572 3558 3347
f 3594 3422 3550
f 3534 3553 3482
f 3417 3553 3416
f 3490 3403 3556
f 3458 3557 3658
f 3707 3483 3277
f 3624 3602 3449
f 3503 3565 3428
f 3533 3504 3532
f 3532 3498 3580
f 3593 3422 3465
f 3422 3593 3550
f 3554 3505 3343
f 3482 3518 3534
f 3417 3553 3680
f 3507 3520 3557
f 3642 3539 3568
f 3357 3425 3644
f 3500 3484 3561
f 3562 3664 3345
f 3345 3664 3571
f 3623 3296 3410
f 3590 3508 3522
f 3574 3477 3460
f 3496 3624 3495
f 3478 3510 3548
f 3486 3504 3533
f 3509 3551 3497
f 3605 3498 3513
f 3552 3510 3481
f 3456 3593 3465
f 3516 3513 3512
f 3480 3594 3524
f 3517 3566 3523
f 3586 3517 3436
f 3544 3442 3567
f 3490 3556 3525
f 3468 3527 3628
f 3546 3314 3644
f 3484 3494 3601
f 3449 3602 3460
f 3509 3347 3558
f 3574 3611 3477
f 3544 3575 3508
f 3503 3579 3565
f 3498 3605 3580
f 3467 3462 3578
f 3578 3586 3467
f 3378 3715 3597
f 3520 3507 3638
f 3446 3540 3430
f 3529 3545 3560
f 3643 3469 3278
f 3759 3515 3546
f 3448 3599 3562
f 3576 3548 3510
f 3523 3579 3503
f 3576 3510 3552
f 3549 3576 3552
f 3488 3585 3516
f 3525 3519 3475
f 3519 3617 3378
f 3458 3658 3324
f 3529 3539 3528
f 3529 3528 3545
f 3588 3277 3543
f 3731 3543 3476
f 3493 3600 3439
f 3600 3570 3439
f 3548 3577 3502
f 3502 3593 3456
f 3497 3551 3581
f 3523 3566 3579
f 3616 3566 3517
f 3535 3489 3474
f 3489 3555 3474
f 3556 3403 3705
f 3445 3627 3526
f 3627 3445 3483
f 3538 3608 3673
f 3539 3569 3528
f 3326 3541 3629
f 3521 3716 3668
f 3409 3561 3651
f 3562 3599 3683
f 3694 3623 3410
f 3558 3695 3509
f 3623 3677 3343
f 3633 3533 3532
f 3661 3575 3544
f 3583 3513 3516
f 3763 3524 3594
f 3554 3585 3488
f 3653 3534 3518
f 3517 3586 3614
f 3606 3536 3537
f 3528 3587 3545
f 3560 3545 3751
f 3543 3731 3588
f 3644 3425 3710
f 3668 3530 3521
f 3563 3609 3346
f 3621 3571 3675
f 3564 3558 3572
f 3509 3695 3665
f 3591 3496 3582
f 3551 3509 3592
f 3593 3502 3577
f 3785 3578 3462
f 3583 3605 3513
f 3511 3626 3552
f 3583 3516 3585
f 3596 3554 3343
f 3661 3544 3567
f 3517 3614 3616
f 3403 3393 3706
f 3569 3587 3528
f 3453 3651 3645
f 3346 3609 3572
f 3572 3610 3564
f 3461 3610 3573
f 3501 3611 3630
f 3559 3501 3630
f 3697 3509 3665
f 3576 3577 3548
f 3509 3697 3592
f 3625 3550 3593
f 3625 3594 3550
f 3486 3533 3511
f 3511 3533 3626
f 3534 3595 3553
f 3615 3585 3554
f 3763 3604 3524
f 3553 3595 3680
f 3596 3615 3554
f 3536 3606 3635
f 3638 3538 3673
f 3557 3823 3658
f 3651 3561 3684
f 3694 3410 3547
f 3602 3574 3460
f 3611 3574 3639
f 3531 3621 3603
f 3531 3612 3462
f 3551 3592 3581
f 3634 3583 3585
f 3480 3604 3582
f 3578 3584 3586
f 3480 3524 3604
f 3526 3757 3393
f 3539 3642 3569
f 3446 3618 3540
f 3588 3707 3277
f 3546 3589 3759
f 3664 3562 3683
f 3580 3633 3532
f 3549 3552 3626
f 3669 3582 3604
f 3763 3594 3625
f 3605 3583 3634
f 3585 3615 3634
f 3661 3567 3650
f 3474 3536 3635
f 3525 3556 3636
f 3617 3715 3378
f 3619 3545 3587
f 3446 3469 3618
f 3659 3643 3278
f 3453 3645 3476
f 3563 3570 3600
f 3571 3788 3675
f 3609 3646 3572
f 3564 3573 3699
f 3639 3574 3685
f 3591 3624 3496
f 3508 3575 3723
f 3462 3612 3785
f 3613 3559 3565
f 3565 3579 3662
f 3534 3653 3592
f 3626 3533 3633
f 3691 3615 3596
f 3556 3705 3636
f 3619 3587 3569
f 3788 3571 3664
f 3610 3572 3646
f 3574 3602 3685
f 3603 3612 3531
f 3723 3522 3508
f 3630 3559 3613
f 3626 3688 3549
f 3631 3625 3593
f 3566 3662 3579
f 3592 3595 3534
f 3596 3343 3677
f 3763 3689 3604
f 3581 3679 3506
f 3671 3691 3596
f 3566 3616 3640
f 3506 3679 3656
f 3656 3518 3506
f 3663 3641 3555
f 3474 3641 3635
f 3636 3519 3525
f 3707 3627 3483
f 3520 3823 3557
f 3780 3642 3568
f 3642 3619 3569
f 3618 3469 3708
f 3563 3674 3609
f 3590 3522 3660
f 3602 3624 3647
f 3582 3669 3591
f 3576 3549 3648
f 3577 3631 3593
f 3662 3613 3565
f 3662 3566 3640
f 3586 3584 3614
f 3641 3474 3555
f 3757 3526 3911
f 3597 3746 3607
f 3541 3324 3658
f 3643 3708 3469
f 3732 3561 3484
f 3600 3674 3563
f 3732 3484 3601
f 3674 3646 3609
f 3622 3610 3646
f 3558 3564 3646
f 3564 3699 3646
f 3610 3622 3573
f 3602 3647 3685
f 3639 3630 3611
f 3688 3648 3549
f 3576 3632 3577
f 3649 3633 3580
f 3652 3595 3592
f 3691 3654 3615
f 3595 3714 3680
f 3606 3681 3635
f 3617 3637 3730
f 3637 3617 3519
f 3403 3706 3705
f 3629 3542 3326
f 3514 3620 3800
f 3759 3683 3599
f 3789 3623 3694
f 3621 3675 3603
f 3699 3573 3622
f 3648 3632 3576
f 3631 3577 3632
f 3697 3652 3592
f 3702 3581 3592
f 3702 3704 3581
f 3578 3785 3584
f 3605 3655 3580
f 3634 3655 3605
f 3615 3654 3634
f 3518 3656 3657
f 3641 3663 3635
f 3597 3715 3745
f 3823 3520 3828
f 3608 3540 3673
f 3645 3731 3476
f 3660 3522 3783
f 3789 3677 3623
f 3639 3685 3630
f 3613 3630 3701
f 3736 3625 3631
f 3661 3690 3575
f 3580 3655 3649
f 3634 3654 3655
f 3518 3657 3714
f 3680 3657 3555
f 3706 3941 3705
f 3607 3822 3598
f 3673 3767 3638
f 3540 3740 3673
f 3751 3716 3560
f 3710 3807 3644
f 3792 3711 3459
f 3825 3600 3493
f 3622 3646 3734
f 3558 3646 3695
f 3685 3718 3630
f 3666 3632 3648
f 3592 3653 3702
f 3689 3742 3604
f 3581 3704 3679
f 3662 3640 3700
f 3640 3616 3728
f 3650 3672 3690
f 3657 3663 3555
f 3393 3757 3706
f 3745 3746 3597
f 3751 3545 3619
f 3620 3792 3800
f 3816 3601 3590
f 3783 3522 3723
f 3624 3591 3686
f 3736 3632 3666
f 3631 3632 3736
f 3604 3678 3669
f 3700 3613 3662
f 3640 3728 3700
f 3772 3614 3584
f 3616 3614 3772
f 3650 3690 3661
f 3641 3663 3635
f 3519 3636 3637
f 3638 3767 3520
f 3541 3720 3629
f 3514 3905 3659
f 3530 3774 3493
f 3825 3493 3774
f 3732 3601 3816
f 3701 3630 3718
f 3648 3688 3726
f 3701 3613 3687
f 3742 3678 3604
f 3655 3654 3649
f 3653 3518 3755
f 3679 3778 3656
f 3656 3714 3657
f 3710 3667 3709
f 3589 3546 3644
f 3787 3471 3459
f 3898 3664 3683
f 3825 3674 3600
f 3752 3694 3547
f 3624 3686 3647
f 3603 3817 3612
f 3591 3703 3686
f 3669 3703 3591
f 3697 3702 3652
f 3700 3687 3613
f 3670 3649 3654
f 3649 3670 3633
f 3702 3653 3755
f 3755 3518 3679
f 3518 3714 3679
f 3714 3657 3680
f 3714 3657 3656
f 3657 3692 3663
f 3641 3635 3779
f 3751 3758 3716
f 3643 3659 3905
f 3530 3682 3774
f 3651 3684 3760
f 3816 3590 3660
f 3647 3676 3685
f 3678 3703 3669
f 3719 3763 3625
f 3633 3729 3626
f 3728 3616 3772
f 3654 3691 3713
f 3911 3526 3627
f 3720 3541 3658
f 3471 3752 3547
f 3684 3561 3732
f 3622 3734 3699
f 3726 3666 3648
f 3736 3719 3625
f 3670 3743 3633
f 3652 3813 3595
f 3595 3813 3714
f 3690 3672 3773
f 3657 3656 3692
f 3681 3779 3635
f 3617 3730 3750
f 3707 3872 3627
f 3676 3696 3685
f 3647 3686 3676
f 3575 3690 3723
f 3652 3702 3755
f 3743 3729 3633
f 3688 3626 3729
f 3679 3704 3744
f 3636 3739 3637
f 3636 3705 3739
f 3568 3598 3780
f 3619 3642 3799
f 3619 3799 3751
f 3758 3668 3716
f 3674 3717 3646
f 3794 3675 3788
f 3646 3733 3734
f 3646 3699 3733
f 3699 3712 3695
f 3695 3712 3665
f 3665 3712 3697
f 3697 3735 3702
f 3764 3736 3666
f 3727 3726 3688
f 3702 3735 3704
f 3670 3654 3713
f 3691 3671 3713
f 3778 3692 3656
f 3779 3693 3681
f 3750 3715 3617
f 3642 3780 3799
f 3709 3807 3710
f 3664 3898 3788
f 3694 3721 3789
f 3695 3646 3769
f 3603 3675 3817
f 3676 3686 3724
f 3712 3735 3697
f 3686 3703 3724
f 3726 3797 3666
f 3743 3670 3765
f 3729 3727 3688
f 3678 3742 3703
f 3754 3703 3742
f 3812 3671 3596
f 3663 3698 3641
f 3637 3739 3730
f 3757 3976 3706
f 3807 3589 3644
f 3646 3717 3769
f 3733 3695 3769
f 3794 3817 3675
f 3847 3677 3789
f 3612 3795 3785
f 3676 3724 3696
f 3812 3596 3677
f 3666 3797 3764
f 3713 3671 3749
f 3698 3779 3641
f 3872 3911 3627
f 3658 3823 3720
f 3530 3668 3682
f 3674 3775 3717
f 3695 3733 3699
f 3612 3817 3795
f 3701 3687 3801
f 3725 3718 3696
f 3718 3685 3696
f 3700 3826 3687
f 3703 3754 3724
f 3713 3765 3670
f 3743 3738 3729
f 3698 3663 3692
f 3607 3746 3822
f 3540 3874 3740
f 3874 3540 3618
f 3667 3542 3709
f 3643 3815 3708
f 3643 3905 3815
f 3825 3775 3674
f 3722 3734 3761
f 3701 3718 3801
f 3725 3696 3741
f 3826 3700 3770
f 3802 3723 3690
f 3696 3724 3741
f 3700 3728 3770
f 3765 3771 3743
f 3728 3772 3842
f 3729 3737 3727
f 3756 3692 3778
f 3651 3760 3645
f 3683 3759 3898
f 3717 3793 3769
f 3734 3722 3699
f 3747 3725 3741
f 3736 3764 3753
f 3724 3754 3741
f 3763 3804 3689
f 3742 3979 3754
f 3735 3744 3704
f 3584 3870 3772
f 3729 3738 3737
f 3671 3812 3749
f 3756 3698 3692
f 3766 3715 3750
f 3706 3976 3941
f 3766 3745 3715
f 3618 3708 3815
f 3751 3781 3758
f 3459 3711 3787
f 3752 3471 3787
f 3793 3717 3776
f 3761 3793 3776
f 3734 3733 3790
f 3733 3769 3790
f 3699 3722 3712
f 3722 3861 3712
f 3712 3808 3735
f 3719 3736 3753
f 3979 3742 3689
f 3690 3791 3802
f 3737 3726 3727
f 3797 3726 3737
f 3748 3765 3713
f 3652 3863 3813
f 3863 3652 3755
f 3755 3679 3744
f 3748 3713 3749
f 3778 3679 3744
f 3730 3821 3750
f 3705 3985 3739
f 3768 3520 3767
f 3875 3629 3720
f 3825 3892 3775
f 3694 3752 3721
f 3775 3776 3717
f 3761 3734 3790
f 3826 3801 3687
f 3840 3801 3826
f 3741 3786 3747
f 3719 3762 3763
f 3796 3738 3743
f 3773 3791 3690
f 3705 3941 3985
f 3598 3822 3836
f 3598 3836 3780
f 3828 3520 3768
f 3542 3629 3709
f 3784 3718 3725
f 3718 3784 3801
f 3785 3857 3584
f 3741 3754 3786
f 3735 3824 3744
f 3728 3842 3770
f 3809 3771 3765
f 3796 3743 3771
f 3738 3811 3737
f 3863 3755 3744
f 3714 3813 3777
f 3766 3746 3745
f 3668 3758 3876
f 3912 3645 3760
f 3721 3752 4011
f 3761 3793 3776
f 3861 3808 3712
f 3784 3725 3803
f 3747 3803 3725
f 3804 3763 3762
f 3735 3808 3824
f 3786 3754 3902
f 3584 3857 3870
f 3802 3791 3945
f 3748 3798 3765
f 3749 3805 3748
f 3679 3714 3777
f 3720 3823 3888
f 3889 3740 3874
f 3668 3876 3682
f 3722 3761 3782
f 3769 3856 3790
f 3783 3723 3802
f 3753 3901 3719
f 3762 3719 3901
f 3809 3796 3771
f 3737 3811 3797
f 3805 3749 3812
f 3777 3679 3744
f 3698 3814 3779
f 3739 3821 3730
f 3821 3739 3854
f 3750 3853 3766
f 3588 3731 3994
f 3589 3956 3759
f 3682 3987 3774
f 4011 3752 3787
f 3776 3839 3793
f 3793 3856 3769
f 3782 3761 3790
f 3791 3773 3819
f 3805 3798 3748
f 3698 3756 3814
f 3780 3837 3799
f 3885 3589 3807
f 3775 3892 3839
f 3788 3891 3794
f 3839 3776 3775
f 3829 3816 3660
f 3722 3900 3861
f 3857 3785 3795
f 3979 3971 3754
f 3810 3764 3797
f 3798 3809 3765
f 3779 3814 3693
f 3767 3673 3873
f 3751 3799 3781
f 3618 3815 3874
f 3731 3645 3949
f 3956 3589 3885
f 3906 3793 3839
f 3793 3845 3856
f 3900 3722 3782
f 3803 3895 3784
f 3798 3858 3809
f 3772 3870 3842
f 3791 3819 3818
f 3744 3777 3863
f 3843 3805 3812
f 3835 3822 3746
f 3673 3740 3889
f 3845 3793 3906
f 3770 3842 3848
f 3764 3810 3753
f 3744 3820 3778
f 3778 3820 3756
f 3739 3985 3854
f 3836 3837 3780
f 3799 3837 3922
f 3838 3905 3514
f 3682 3876 3865
f 3816 3899 3732
f 3660 3783 3829
f 3857 3795 3909
f 3770 3893 3826
f 3847 3933 3677
f 3747 3832 3803
f 3677 3933 3812
f 3869 3796 3809
f 3693 3814 3806
f 3746 3766 3835
f 3828 3768 3914
f 3768 3767 3914
f 4046 3872 3707
f 3823 4010 3888
f 3781 3799 3922
f 3731 3949 3994
f 3801 3840 3877
f 3784 3877 3801
f 3832 3747 3833
f 3971 3902 3754
f 3811 3810 3797
f 3811 3738 3850
f 3824 3827 3744
f 3820 3814 3756
f 3871 3806 3814
f 3821 3853 3750
f 3864 3876 3758
f 3865 3987 3682
f 3830 3839 3892
f 3782 3790 3830
f 3840 3826 3893
f 3833 3747 3786
f 3862 3869 3809
f 3869 3850 3796
f 3791 3818 3945
f 3850 3738 3796
f 3811 3850 3849
f 3811 3849 3810
f 3798 3805 3843
f 3928 3814 3820
f 3767 3873 3914
f 3758 3781 3864
f 3830 3892 3844
f 3790 3867 3856
f 3861 3925 3808
f 3848 3893 3770
f 3804 3762 3958
f 3824 3808 3841
f 3862 3809 3858
f 3810 3834 3753
f 3843 3812 3851
f 3863 3777 3903
f 3744 3827 3820
f 3814 3928 3871
f 3912 3949 3645
f 3514 3800 3838
f 3711 3792 3915
f 3774 3923 3825
f 3721 3855 3789
f 3830 3844 3782
f 3832 3895 3803
f 3918 3862 3858
f 3834 3901 3753
f 3834 3810 3849
f 3880 3777 3813
f 3588 3954 3707
f 3993 3807 3709
f 3800 3792 3915
f 3774 3987 3923
f 3899 3684 3732
f 4077 3721 4011
f 3844 3916 3782
f 3846 3867 3790
f 3894 3877 3784
f 3831 3868 3841
f 3852 3945 3818
f 3798 3843 3879
f 3933 3851 3812
f 3818 3819 3852
f 3819 3897 3852
f 3880 3903 3777
f 3882 3766 3853
f 3629 3883 3709
f 3588 3994 3954
f 3898 3962 3788
f 3899 3760 3684
f 3923 3892 3825
f 4077 3855 3721
f 3847 3789 3855
f 3830 3790 3856
f 3916 3900 3782
f 3846 3868 3924
f 3868 3887 3841
f 3824 3831 3841
f 3925 3841 3808
f 3824 3960 3827
f 3945 3852 4009
f 3859 3863 3878
f 3849 3938 3834
f 3878 3863 3903
f 3879 3858 3798
f 3629 3875 3883
f 3942 3787 3711
f 3988 3829 3783
f 3924 3867 3846
f 3817 3794 3909
f 3795 3817 3909
f 3887 3925 3861
f 3887 3925 3841
f 3842 3870 4008
f 3910 3849 3850
f 3813 3863 3939
f 3903 3880 3992
f 3853 3821 3975
f 3673 3889 3873
f 3720 4014 3875
f 3884 3876 3864
f 4094 3838 3800
f 3898 3759 3956
f 3931 3794 3891
f 3783 3802 3944
f 3784 3895 3894
f 3893 3848 4016
f 3909 3926 3857
f 3821 3854 3975
f 3853 3881 3882
f 3888 4014 3720
f 4033 3864 3781
f 3905 4147 3815
f 3993 3890 3807
f 3760 3899 3995
f 3962 3891 3788
f 3899 3816 3829
f 3830 3856 4031
f 3867 3856 3845
f 3916 3844 3866
f 3790 4031 3856
f 3944 3996 3783
f 3900 3998 3861
f 3924 3868 3831
f 3886 3933 3847
f 3848 3842 4016
f 3824 3960 3917
f 3869 3896 3850
f 3849 3910 3938
f 3859 3939 3863
f 3813 3939 3880
f 3975 3881 3853
f 3874 3815 4156
f 3807 3890 3885
f 4132 3949 3912
f 3915 4094 3800
f 3957 3846 3790
f 3877 3840 3937
f 3824 3917 3831
f 3833 4028 3832
f 3862 3896 3869
f 3902 3833 3786
f 3858 3879 3913
f 3965 3871 3928
f 3874 4156 4216
f 3883 3993 3709
f 3987 3865 4025
f 3844 3892 3866
f 3868 3908 3846
f 3893 3937 3840
f 4028 3895 3832
f 3901 3958 3762
f 4080 3971 3979
f 3850 3896 3910
f 3882 3919 3766
f 3757 3920 3976
f 3921 3922 3837
f 3883 3875 3936
f 4033 3884 3864
f 3838 3955 3905
f 3898 3956 4004
f 3787 3942 4011
f 3839 3830 3907
f 4031 3907 3830
f 3996 3988 3783
f 3909 3794 3931
f 3861 3998 3887
f 4016 4042 3893
f 3913 3918 3858
f 3859 3946 3939
f 3897 3974 3852
f 3827 3928 3820
f 3929 3860 3871
f 3942 3711 3915
f 4055 3760 3995
f 3839 3907 3906
f 3891 3930 3931
f 3957 3846 3908
f 3917 3960 3999
f 3843 3953 3879
f 3904 3992 3880
f 3965 3929 3871
f 3934 3882 3881
f 3920 3757 3911
f 4122 3822 4020
f 3822 4122 3836
f 3954 4046 3707
f 4004 3962 3898
f 3892 3923 3866
f 3790 3957 4031
f 3886 3847 3855
f 3908 3998 3900
f 3990 3887 3925
f 3833 3967 4028
f 3842 4008 4016
f 3926 3870 3857
f 3963 3938 3910
f 4008 3870 3959
f 3913 3879 3953
f 3953 3843 3851
f 3919 3835 3766
f 3828 3914 4040
f 3823 3828 4010
f 3889 3874 4216
f 3760 4055 3912
f 4027 3891 3962
f 3969 3845 3906
f 3908 3900 3916
f 3944 3802 3989
f 3991 3831 3917
f 3887 3998 3925
f 3862 3981 3896
f 3878 3946 3859
f 3896 3963 3910
f 3882 3934 3940
f 3977 3921 3837
f 4014 3888 3948
f 3906 3907 3969
f 3907 4031 3845
f 3916 3957 3908
f 3970 3689 3804
f 3918 3980 3862
f 3927 3901 3834
f 3926 3959 3870
f 3852 3972 4009
f 3852 3974 3972
f 3939 3904 3880
f 3904 4073 3992
f 3882 3940 3919
f 3975 3935 3881
f 4147 4156 3815
f 3986 3956 3885
f 4062 4025 3865
f 3899 3950 3995
f 3866 3943 3916
f 3931 3997 3909
f 4005 3877 3937
f 3958 3970 3804
f 3982 3833 3902
f 3952 3834 3964
f 3834 3938 3964
f 3960 3973 3827
f 3934 3881 3935
f 3822 3835 4020
f 3828 4040 4010
f 3955 4147 3905
f 3899 3829 3988
f 3845 3966 3867
f 3908 3868 3932
f 3908 4007 3998
f 4006 3894 3895
f 3895 4028 4006
f 3868 3887 3990
f 3998 3990 3925
f 3802 3945 3989
f 3981 3862 3980
f 3958 3901 3927
f 4001 3902 3971
f 3973 3928 3827
f 3911 4029 3920
f 3872 4029 3911
f 3922 3921 4003
f 3875 4014 3936
f 3966 3845 4031
f 3916 3943 4015
f 3997 3931 3930
f 3951 3886 3855
f 3877 4005 3894
f 3893 4042 3937
f 3991 3917 3999
f 3963 3964 3938
f 3947 3953 3851
f 3934 3935 3940
f 4029 3872 4046
f 3978 3865 3876
f 3950 3899 3988
f 3891 4027 3930
f 3967 3833 3982
f 3963 3896 4000
f 4010 4040 4130
f 4003 3921 3977
f 4010 3948 3888
f 3781 4116 4033
f 4030 3890 3993
f 3915 4047 3942
f 4004 4026 3962
f 3845 3966 3907
f 3908 3932 4007
f 3909 3997 3926
f 3989 3945 4056
f 4009 4056 3945
f 3999 4023 3960
f 3952 3927 3834
f 3878 3903 3968
f 3960 4023 3973
f 3851 3933 4045
f 4045 3947 3851
f 3939 4066 3904
f 3973 3961 3928
f 3919 4019 3835
f 3836 3977 3837
f 4155 3883 3936
f 3978 3876 3884
f 3978 4062 3865
f 3923 3987 4025
f 3944 3989 3996
f 3916 4015 3957
f 3968 3946 3878
f 3896 3981 4000
f 3946 4066 3939
f 3940 3935 4002
f 3835 4019 4020
f 4014 4131 3936
f 3781 3922 4116
f 3949 4132 4148
f 3923 4025 3866
f 3924 4049 3867
f 3868 3990 3932
f 3886 4044 3933
f 3953 3983 3913
f 3976 4082 3941
f 3873 3889 4105
f 3883 4155 3993
f 3956 3986 4004
f 3845 3966 3969
f 4085 3970 3958
f 3970 3979 3689
f 4022 3918 3913
f 3974 4018 3972
f 3947 3983 3953
f 3854 3984 3975
f 3914 3873 4142
f 4010 4180 3948
f 4014 3948 4131
f 3922 4003 4116
f 3954 3994 4227
f 3966 3969 3907
f 3867 4021 4049
f 3951 3855 4077
f 3937 4050 4005
f 3997 4034 3926
f 3918 4022 3980
f 4151 3967 3982
f 4023 3999 4052
f 4137 3971 4080
f 3964 4058 3952
f 3959 4186 4008
f 3913 3983 4038
f 3928 3961 3965
f 4002 3919 3940
f 3912 4055 4132
f 4095 3988 3996
f 3966 4021 3867
f 4084 3894 4005
f 3924 3831 4049
f 3831 3991 4051
f 4032 4016 4008
f 4017 3963 4000
f 4037 3963 4017
f 4001 3982 3902
f 3963 4037 3964
f 3985 3984 3854
f 4227 4046 3954
f 3890 3986 3885
f 4068 3943 3866
f 4007 4069 3998
f 4038 4022 3913
f 4072 3982 4001
f 4045 3933 4044
f 4059 3947 4045
f 3961 3973 4101
f 3920 4115 3976
f 3866 4025 4068
f 4015 4007 3957
f 3831 4051 4049
f 3932 3990 4035
f 4028 3967 4012
f 3970 4080 3979
f 4056 4009 4043
f 4058 4081 3952
f 4137 4001 3971
f 3968 3903 3992
f 4023 4101 3973
f 3919 4002 4019
f 3993 4155 4075
f 3986 4117 4004
f 4006 4084 3894
f 4032 4008 4186
f 4057 3959 3926
f 3985 4067 3984
f 4082 3976 4115
f 3994 3949 4148
f 4190 3986 3890
f 3955 3838 4094
f 4094 3915 4047
f 4055 3995 3950
f 4118 4011 3942
f 4095 3950 3988
f 4079 3991 3999
f 3981 4017 4000
f 4036 4017 3981
f 4037 4058 3964
f 4001 4127 4072
f 3968 3992 4013
f 4024 3929 3965
f 3985 3941 4082
f 4029 4179 3920
f 4030 3993 4075
f 3994 4148 4227
f 3942 4047 4118
f 3962 4026 4027
f 3886 3951 4070
f 4069 4065 3998
f 3998 4065 3990
f 3990 4065 4035
f 4079 4052 3999
f 3980 4036 3981
f 4151 3982 4072
f 3975 4102 3935
f 3984 4102 3975
f 3935 4102 4002
f 3836 4122 3977
f 4040 3914 4142
f 4049 4021 4107
f 3930 4034 3997
f 3958 3927 4085
f 4111 4080 3970
f 3927 3952 4081
f 3926 4087 4057
f 4022 4135 3980
f 3980 4135 4036
f 3968 4053 3946
f 4037 4091 4058
f 3946 4053 4066
f 4199 4045 4044
f 3972 4018 4039
f 3965 3961 4061
f 4103 4029 4046
f 4116 4003 4104
f 4094 4106 4041
f 4117 4026 4004
f 4118 4076 4011
f 4021 3966 4048
f 3966 4031 4048
f 4007 4015 4069
f 4042 4064 3937
f 4099 4042 4016
f 4087 3926 4034
f 4052 4079 4120
f 4037 4017 4071
f 4137 4127 4001
f 4009 3972 4043
f 4023 4052 4101
f 4101 4061 3961
f 3965 4121 4024
f 4024 4054 3929
f 4147 4174 4156
f 4030 4190 3890
f 4041 3955 4094
f 4011 4076 4077
f 3957 4007 4097
f 4050 4202 4005
f 3932 4097 4007
f 3967 4151 4012
f 3968 4013 4053
f 4153 3972 4039
f 3983 3947 4059
f 3948 4180 4131
f 4146 3978 3884
f 4161 4055 3950
f 3950 4095 4161
f 4027 4090 3930
f 4133 3951 4077
f 4031 3957 4048
f 3996 3989 4108
f 4085 4168 3970
f 4016 4032 4099
f 4153 4043 3972
f 3985 4082 4067
f 3936 4131 4155
f 4026 4140 4027
f 4005 4202 4084
f 4133 4070 3951
f 4081 4163 3927
f 4073 4093 4013
f 4059 4060 3983
f 4040 4142 4130
f 4062 3978 4083
f 4025 4139 4068
f 4183 4055 4161
f 4097 4048 3957
f 3989 4063 4108
f 3937 4064 4050
f 3989 4056 4063
f 4043 4153 4261
f 4092 4022 4038
f 3992 4073 4013
f 4153 4039 4239
f 4102 4019 4002
f 4103 4179 4029
f 4142 3873 4141
f 4104 4003 3977
f 4146 3884 4033
f 4021 4048 4107
f 4049 4051 4078
f 4125 4006 4028
f 4125 4028 4012
f 4032 4185 4099
f 4163 4085 3927
f 4071 4091 4037
f 4135 4022 4092
f 4154 4059 4045
f 4060 4038 3983
f 3920 4160 4115
f 4147 3955 4041
f 3978 4146 4083
f 4117 4149 4026
f 4095 3996 4123
f 4107 4048 4096
f 4015 3943 4119
f 4168 4111 3970
f 4035 4052 4120
f 4044 3886 4070
f 4032 4186 4100
f 4058 4114 4081
f 4052 4035 4128
f 4053 4013 4093
f 4144 4024 4121
f 4019 4102 4159
f 4010 4130 4180
f 3986 4190 4117
f 4132 4055 4183
f 4182 4149 4117
f 4025 4062 4139
f 4096 4048 4097
f 4107 4078 4049
f 4034 3930 4090
f 4064 4124 4050
f 3932 4035 4109
f 4086 4056 4043
f 4135 4112 4036
f 4036 4112 4113
f 4113 4017 4036
f 4199 4154 4045
f 4154 4138 4059
f 4061 4121 3965
f 4024 4144 4054
f 3984 4067 4178
f 4089 3977 4122
f 4089 4104 3977
f 4105 4074 3873
f 4076 4133 4077
f 3996 4108 4123
f 4124 4202 4050
f 4099 4064 4042
f 4097 3932 4109
f 4091 4114 4058
f 3959 4057 4186
f 4052 4128 4101
f 4088 4066 4053
f 4139 4247 4068
f 4068 4119 3943
f 4076 4242 4133
f 4108 4063 4166
f 4034 4090 4098
f 4125 4012 4214
f 4034 4098 4087
f 4032 4100 4185
f 4136 4137 4080
f 4170 4151 4072
f 4066 4088 4073
f 4101 4110 4061
f 4110 4172 4061
f 4122 4020 4173
f 4075 4155 4193
f 4027 4140 4090
f 4015 4119 4069
f 4006 4125 4084
f 4151 4214 4012
f 4261 4086 4043
f 4065 4128 4035
f 4053 4093 4088
f 4038 4138 4092
f 4060 4138 4038
f 4088 4093 4073
f 4140 4162 4090
f 3991 4079 4051
f 4086 4213 4056
f 4080 4111 4221
f 4138 4060 4059
f 3984 4178 4102
f 4097 4078 4096
f 4150 4097 4109
f 4035 4120 4109
f 4113 4071 4017
f 4128 4158 4101
f 4158 4110 4101
f 4145 4178 4067
f 4145 4067 4082
f 4019 4173 4020
f 4118 4277 4076
f 4078 4107 4096
f 4119 4143 4069
f 4078 4097 4150
f 4221 4136 4080
f 4126 4114 4091
f 4061 4172 4121
f 4129 4054 4144
f 4160 3920 4179
f 4116 4104 4181
f 3889 4216 4105
f 4046 4227 4192
f 4095 4210 4161
f 4277 4242 4076
f 4084 4202 4167
f 4078 4051 4134
f 4063 4056 4213
f 4150 4109 4184
f 4081 4114 4163
f 4245 4153 4239
f 4218 4162 4140
f 4125 4167 4084
f 4220 4124 4064
f 4078 4150 4134
f 4064 4099 4220
f 4079 4134 4051
f 4163 4204 4085
f 4143 4065 4069
f 4109 4120 4184
f 4126 4091 4071
f 4115 4226 4082
f 4115 4160 4226
f 4180 4254 4131
f 4146 4033 4116
f 4083 4146 4224
f 4083 4229 4062
f 4068 4247 4119
f 4123 4212 4095
f 4098 4256 4087
f 4143 4196 4065
f 4065 4196 4128
f 4201 4089 4122
f 4282 4155 4131
f 4046 4192 4103
f 4190 4182 4117
f 4106 4094 4255
f 4184 4079 4134
f 4120 4079 4184
f 4176 4044 4070
f 4135 4092 4198
f 4072 4175 4170
f 4082 4226 4145
f 4122 4173 4201
f 4089 4189 4104
f 4130 4142 4265
f 4026 4149 4140
f 4143 4119 4271
f 4098 4090 4256
f 4164 4071 4113
f 4152 4112 4135
f 4127 4137 4136
f 4175 4072 4127
f 4154 4171 4138
f 4157 4149 4182
f 4202 4225 4167
f 4085 4204 4168
f 4112 4164 4113
f 4159 4200 4019
f 4130 4265 4180
f 4104 4189 4181
f 3873 4074 4141
f 4146 4116 4165
f 4174 4147 4041
f 4183 4148 4132
f 4062 4229 4139
f 4119 4247 4271
f 4219 4123 4108
f 4090 4162 4256
f 4214 4279 4125
f 4203 4134 4150
f 4322 4213 4086
f 4164 4126 4071
f 4151 4170 4214
f 4187 4128 4196
f 4152 4135 4198
f 4198 4092 4272
f 4176 4199 4044
f 4171 4092 4138
f 4178 4145 4281
f 4282 4131 4254
f 4193 4155 4282
f 4148 4183 4228
f 4255 4094 4047
f 4063 4213 4166
f 4184 4134 4203
f 4100 4186 4238
f 4187 4158 4128
f 4159 4188 4200
f 4142 4141 4223
f 4146 4165 4224
f 4449 4083 4224
f 4210 4183 4161
f 4047 4285 4118
f 4211 4218 4149
f 4218 4140 4149
f 4108 4166 4219
f 4279 4167 4125
f 4086 4261 4205
f 4256 4169 4087
f 4169 4057 4087
f 4172 4144 4121
f 4178 4159 4102
f 4200 4173 4019
f 4449 4229 4083
f 4099 4185 4220
f 4203 4150 4184
f 4114 4126 4195
f 4110 4268 4172
f 4191 4189 4089
f 4181 4165 4116
f 4328 4220 4185
f 4205 4322 4086
f 4206 4196 4143
f 4163 4114 4207
f 4169 4186 4057
f 4127 4136 4267
f 4178 4215 4159
f 4149 4157 4211
f 4291 4164 4194
f 4110 4158 4222
f 4201 4191 4089
f 4265 4142 4223
f 4190 4270 4182
f 4218 4306 4162
f 4133 4248 4070
f 4164 4237 4126
f 4070 4248 4176
f 4195 4207 4114
f 4158 4187 4222
f 4154 4208 4171
f 4268 4257 4172
f 4172 4129 4144
f 4215 4188 4159
f 4189 4191 4197
f 4197 4234 4189
f 4235 4075 4193
f 4156 4319 4216
f 4041 4106 4258
f 4210 4228 4183
f 4095 4212 4210
f 4248 4133 4242
f 4291 4237 4164
f 4194 4164 4112
f 4222 4268 4110
f 4189 4234 4181
f 4165 4181 4217
f 4123 4219 4212
f 4220 4236 4124
f 4290 4221 4111
f 4100 4238 4185
f 4263 4187 4196
f 4280 4199 4176
f 4154 4199 4208
f 4319 4156 4174
f 4190 4030 4295
f 4041 4258 4174
f 4377 4157 4182
f 4162 4266 4256
f 4204 4243 4168
f 4243 4290 4168
f 4168 4290 4111
f 4323 4204 4163
f 4207 4260 4163
f 4126 4237 4195
f 4153 4245 4251
f 4244 4222 4187
f 4208 4273 4171
f 4275 4129 4172
f 4129 4275 4177
f 4215 4209 4188
f 4200 4269 4173
f 4179 4232 4160
f 4191 4233 4197
f 4202 4124 4236
f 4271 4206 4143
f 4256 4249 4169
f 4186 4169 4230
f 4186 4230 4238
f 4208 4199 4280
f 4178 4293 4215
f 4178 4281 4293
f 4197 4233 4234
f 4074 4105 4288
f 4075 4295 4030
f 4210 4212 4310
f 4277 4118 4285
f 4323 4243 4204
f 4169 4249 4230
f 4198 4272 4359
f 4280 4176 4248
f 4222 4274 4268
f 4257 4275 4172
f 4269 4201 4173
f 4241 4227 4148
f 4210 4276 4228
f 4306 4266 4162
f 4225 4279 4167
f 4263 4196 4206
f 4187 4263 4244
f 4171 4272 4092
f 4234 4240 4181
f 4224 4165 4217
f 4295 4270 4190
f 4285 4255 4047
f 4276 4210 4310
f 4277 4350 4242
f 4267 4136 4221
f 4127 4284 4175
f 4103 4232 4179
f 4234 4233 4240
f 4191 4253 4233
f 4181 4240 4318
f 4318 4217 4181
f 4246 4105 4216
f 4193 4282 4326
f 4295 4075 4235
f 4139 4229 4259
f 4218 4211 4286
f 4166 4213 4346
f 4220 4328 4236
f 4279 4214 4262
f 4323 4163 4260
f 4194 4294 4291
f 4260 4207 4250
f 4267 4284 4127
f 4141 4074 4426
f 4322 4346 4213
f 4202 4236 4225
f 4194 4112 4152
f 4170 4262 4214
f 4261 4153 4251
f 4238 4230 4297
f 4152 4198 4313
f 4316 4222 4244
f 4245 4239 4300
f 4200 4188 4302
f 4233 4318 4240
f 4223 4141 4309
f 4265 4223 4309
f 4254 4337 4282
f 4216 4319 4246
f 4193 4326 4235
f 4266 4249 4256
f 4359 4313 4198
f 4272 4287 4359
f 4274 4222 4316
f 4177 4264 4231
f 4286 4306 4218
f 4296 4248 4242
f 4357 4195 4237
f 4313 4194 4152
f 4261 4251 4311
f 4257 4252 4275
f 4191 4201 4253
f 4233 4253 4318
f 4074 4549 4426
f 4227 4305 4192
f 4241 4148 4228
f 4139 4259 4354
f 4366 4212 4219
f 4378 4248 4296
f 4225 4278 4279
f 4170 4315 4262
f 4307 4316 4244
f 4209 4301 4188
f 4281 4145 4226
f 4228 4348 4241
f 4238 4332 4185
f 4248 4378 4334
f 4263 4307 4244
f 4268 4292 4257
f 4303 4302 4188
f 4302 4269 4200
f 4396 4180 4265
f 4105 4246 4288
f 4258 4106 4298
f 4350 4277 4285
f 4366 4310 4212
f 4366 4219 4373
f 4166 4373 4219
f 4323 4290 4243
f 4236 4278 4225
f 4251 4361 4311
f 4206 4307 4263
f 4238 4297 4332
f 4230 4324 4297
f 4252 4257 4292
f 4275 4264 4177
f 4226 4345 4281
f 4269 4302 4340
f 4232 4448 4160
f 4201 4341 4253
f 4074 4288 4549
f 4227 4241 4305
f 4408 4174 4258
f 4211 4157 4289
f 4296 4242 4350
f 4321 4271 4247
f 4237 4291 4357
f 4195 4250 4207
f 4261 4311 4205
f 4280 4248 4334
f 4273 4287 4171
f 4160 4448 4226
f 4141 4406 4309
f 4182 4270 4377
f 4236 4299 4278
f 4327 4221 4290
f 4278 4283 4279
f 4262 4283 4279
f 4170 4175 4315
f 4293 4209 4215
f 4188 4301 4303
f 4192 4232 4103
f 4396 4304 4180
f 4449 4409 4229
f 4229 4409 4259
f 4286 4211 4289
f 4327 4267 4221
f 4367 4260 4250
f 4262 4315 4333
f 4267 4314 4284
f 4284 4325 4175
f 4280 4334 4208
f 4334 4273 4208
f 4274 4292 4268
f 4252 4394 4275
f 4329 4269 4340
f 4254 4180 4304
f 4326 4282 4337
f 4288 4246 4536
f 4224 4217 4364
f 4235 4326 4320
f 4295 4235 4320
f 4139 4354 4247
f 4271 4331 4206
f 4413 4322 4205
f 4328 4185 4332
f 4194 4453 4294
f 4195 4312 4250
f 4262 4333 4283
f 4313 4382 4194
f 4249 4324 4230
f 4361 4251 4245
f 4252 4292 4335
f 4317 4301 4209
f 4253 4363 4318
f 4465 4319 4174
f 4449 4224 4365
f 4342 4306 4286
f 4323 4347 4290
f 4311 4413 4205
f 4374 4314 4267
f 4315 4175 4325
f 4171 4287 4272
f 4316 4352 4274
f 4274 4352 4292
f 4406 4141 4426
f 4323 4260 4343
f 4283 4278 4299
f 4312 4367 4250
f 4284 4314 4325
f 4275 4395 4264
f 4293 4317 4209
f 4309 4396 4265
f 4304 4337 4254
f 4298 4408 4258
f 4228 4276 4348
f 4157 4377 4289
f 4373 4166 4346
f 4271 4321 4331
f 4325 4425 4315
f 4252 4335 4394
f 4345 4293 4281
f 4201 4269 4329
f 4536 4246 4492
f 4328 4299 4236
f 4266 4404 4249
f 4324 4308 4297
f 4329 4340 4362
f 4246 4319 4492
f 4398 4289 4377
f 4255 4285 4510
f 4266 4306 4356
f 4273 4334 4287
f 4335 4292 4336
f 4394 4395 4275
f 4201 4329 4341
f 4276 4391 4348
f 4412 4276 4310
f 4355 4321 4247
f 4327 4374 4267
f 4260 4367 4343
f 4351 4328 4332
f 4249 4404 4324
f 4308 4332 4297
f 4314 4360 4325
f 4264 4395 4339
f 4302 4303 4340
f 4226 4448 4345
f 4305 4232 4192
f 4217 4318 4363
f 4465 4174 4408
f 4266 4356 4404
f 4299 4344 4283
f 4206 4392 4307
f 4313 4359 4382
f 4245 4389 4361
f 4245 4300 4376
f 4253 4341 4363
f 4330 4295 4320
f 4289 4398 4286
f 4347 4327 4290
f 4294 4357 4291
f 4195 4357 4312
f 4382 4453 4194
f 4375 4332 4308
f 4389 4245 4376
f 4292 4352 4336
f 4293 4345 4353
f 4241 4431 4305
f 4372 4270 4295
f 4328 4338 4299
f 4206 4331 4392
f 4351 4332 4375
f 4314 4368 4360
f 4288 4536 4549
f 4510 4450 4255
f 4399 4286 4398
f 4247 4354 4355
f 4356 4306 4342
f 4308 4324 4370
f 4380 4389 4376
f 4352 4335 4429
f 4364 4365 4224
f 4515 4377 4270
f 4285 4350 4349
f 4366 4373 4400
f 4346 4322 4413
f 4299 4338 4344
f 4429 4335 4336
f 4303 4301 4371
f 4396 4309 4406
f 4326 4337 4476
f 4477 4327 4347
f 4328 4351 4338
f 4357 4358 4312
f 4312 4358 4367
f 4425 4333 4315
f 4369 4334 4378
f 4360 4440 4325
f 4436 4370 4324
f 4392 4316 4307
f 4316 4393 4352
f 4336 4352 4429
f 4295 4330 4372
f 4438 4354 4259
f 4310 4366 4516
f 4286 4399 4342
f 4355 4457 4321
f 4343 4367 4445
f 4386 4314 4374
f 4308 4370 4375
f 4324 4405 4436
f 4334 4410 4287
f 4392 4379 4316
f 4363 4364 4217
f 4348 4407 4241
f 4106 4450 4298
f 4106 4255 4450
f 4516 4412 4310
f 4400 4373 4346
f 4387 4344 4338
f 4404 4405 4324
f 4410 4359 4287
f 4379 4393 4316
f 4336 4429 4428
f 4352 4394 4335
f 4293 4353 4317
f 4232 4384 4448
f 4305 4384 4232
f 4431 4241 4407
f 4412 4391 4276
f 4377 4472 4398
f 4356 4342 4419
f 4321 4457 4331
f 4343 4347 4323
f 4327 4477 4386
f 4374 4327 4386
f 4413 4311 4427
f 4351 4387 4338
f 4311 4361 4427
f 4344 4388 4283
f 4389 4420 4361
f 4303 4403 4340
f 4476 4337 4304
f 4409 4438 4259
f 4346 4413 4400
f 4444 4358 4357
f 4387 4351 4383
f 4392 4421 4379
f 4336 4429 4422
f 4371 4411 4403
f 4371 4403 4303
f 4371 4301 4411
f 4329 4464 4341
f 4341 4464 4363
f 4363 4390 4364
f 4385 4365 4364
f 4515 4270 4372
f 4445 4414 4343
f 4358 4445 4367
f 4368 4314 4386
f 4351 4375 4383
f 4283 4333 4388
f 4368 4484 4360
f 4410 4334 4369
f 4484 4440 4360
f 4403 4362 4340
f 4363 4464 4390
f 4348 4391 4407
f 4580 4449 4365
f 4457 4461 4331
f 4404 4452 4405
f 4388 4344 4423
f 4387 4423 4344
f 4333 4425 4388
f 4522 4359 4410
f 4375 4370 4401
f 4479 4379 4421
f 4436 4401 4370
f 4376 4459 4380
f 4353 4345 4507
f 4397 4364 4390
f 4408 4418 4465
f 4580 4365 4385
f 4342 4399 4419
f 4404 4356 4419
f 4378 4296 4454
f 4420 4389 4478
f 4521 4410 4369
f 4479 4393 4379
f 4396 4415 4304
f 4397 4385 4364
f 4465 4492 4319
f 4377 4515 4472
f 4354 4539 4355
f 4439 4296 4350
f 4343 4414 4347
f 4462 4421 4392
f 4375 4401 4383
f 4440 4425 4325
f 4416 4394 4352
f 4326 4456 4320
f 4414 4477 4347
f 4294 4432 4357
f 4425 4402 4388
f 4428 4475 4336
f 4464 4329 4362
f 4396 4406 4415
f 4471 4391 4412
f 4409 4574 4438
f 4454 4296 4439
f 4331 4462 4392
f 4461 4462 4331
f 4432 4467 4357
f 4467 4444 4357
f 4386 4503 4368
f 4434 4402 4388
f 4305 4431 4384
f 4326 4476 4456
f 4358 4468 4445
f 4427 4361 4420
f 4387 4383 4423
f 4393 4416 4352
f 4345 4448 4543
f 4407 4491 4431
f 4320 4589 4330
f 4454 4369 4378
f 4521 4369 4454
f 4388 4423 4434
f 4436 4405 4424
f 4336 4422 4475
f 4416 4437 4394
f 4395 4381 4339
f 4301 4611 4411
f 4301 4317 4611
f 4304 4415 4509
f 4320 4456 4589
f 4407 4391 4471
f 4521 4541 4410
f 4401 4436 4435
f 4437 4395 4394
f 4353 4611 4317
f 4403 4447 4362
f 4417 4397 4390
f 4349 4510 4285
f 4516 4366 4524
f 4453 4432 4294
f 4383 4401 4455
f 4478 4389 4380
f 4417 4442 4397
f 4398 4472 4495
f 4452 4463 4405
f 4359 4522 4502
f 4405 4463 4424
f 4402 4425 4433
f 4403 4411 4446
f 4611 4353 4507
f 4403 4446 4447
f 4362 4447 4430
f 4362 4508 4464
f 4390 4464 4442
f 4390 4442 4417
f 4538 4408 4298
f 4495 4399 4398
f 4366 4400 4451
f 4404 4419 4458
f 4382 4359 4502
f 4474 4484 4368
f 4434 4433 4402
f 4425 4440 4433
f 4435 4455 4401
f 4437 4490 4395
f 4430 4447 4506
f 4304 4509 4476
f 4330 4486 4372
f 4515 4372 4486
f 4438 4539 4354
f 4349 4350 4525
f 4404 4458 4452
f 4444 4468 4358
f 4477 4519 4386
f 4519 4503 4386
f 4455 4434 4423
f 4383 4455 4423
f 4437 4416 4441
f 4507 4345 4543
f 4418 4443 4465
f 4349 4530 4510
f 4451 4400 4413
f 4526 4468 4444
f 4452 4499 4463
f 4433 4434 4489
f 4441 4416 4393
f 4441 4490 4437
f 4490 4381 4395
f 4448 4500 4543
f 4538 4418 4408
f 4349 4525 4530
f 4539 4457 4355
f 4366 4451 4524
f 4413 4427 4512
f 4452 4458 4497
f 4467 4473 4444
f 4382 4487 4453
f 4455 4489 4434
f 4563 4491 4407
f 4438 4466 4539
f 4518 4413 4512
f 4455 4435 4514
f 4436 4469 4435
f 4422 4480 4475
f 4431 4553 4384
f 4418 4538 4443
f 4466 4438 4574
f 4451 4413 4518
f 4432 4511 4467
f 4414 4445 4483
f 4435 4469 4514
f 4480 4428 4429
f 4448 4384 4500
f 4397 4485 4501
f 4406 4426 4470
f 4501 4385 4397
f 4563 4407 4471
f 4494 4298 4450
f 4495 4496 4399
f 4498 4477 4414
f 4503 4474 4368
f 4440 4484 4433
f 4460 4475 4428
f 4428 4480 4460
f 4422 4429 4480
f 4411 4611 4446
f 4485 4397 4442
f 4449 4580 4409
f 4457 4566 4461
f 4445 4468 4483
f 4436 4424 4493
f 4484 4433 4489
f 4446 4534 4447
f 4506 4447 4534
f 4553 4500 4384
f 4525 4350 4439
f 4496 4419 4399
f 4520 4454 4439
f 4473 4526 4444
f 4502 4487 4382
f 4521 4454 4520
f 4545 4463 4499
f 4455 4514 4489
f 4479 4504 4393
f 4442 4464 4485
f 4470 4415 4406
f 4476 4509 4625
f 4471 4412 4627
f 4473 4467 4482
f 4497 4499 4452
f 4427 4420 4512
f 4420 4478 4488
f 4503 4532 4474
f 4459 4513 4380
f 4493 4469 4436
f 4504 4441 4393
f 4430 4508 4362
f 4508 4485 4464
f 4431 4529 4553
f 4431 4491 4529
f 4415 4470 4572
f 4574 4409 4635
f 4515 4481 4472
f 4472 4481 4495
f 4487 4432 4453
f 4421 4462 4568
f 4488 4512 4420
f 4421 4568 4479
f 4531 4424 4463
f 4460 4480 4475
f 4600 4508 4430
f 4572 4509 4415
f 4476 4625 4456
f 4510 4494 4450
f 4516 4627 4412
f 4495 4517 4496
f 4474 4489 4484
f 4426 4549 4646
f 4580 4635 4409
f 4539 4566 4457
f 4498 4519 4477
f 4493 4547 4469
f 4469 4542 4514
f 4508 4562 4485
f 4501 4550 4385
f 4486 4330 4589
f 4481 4517 4495
f 4487 4511 4432
f 4483 4468 4526
f 4583 4483 4526
f 4463 4545 4531
f 4410 4541 4522
f 4528 4424 4531
f 4532 4474 4489
f 4424 4528 4493
f 4513 4478 4380
f 4505 4381 4490
f 4611 4552 4446
f 4485 4562 4570
f 4485 4570 4501
f 4538 4298 4494
f 4502 4551 4487
f 4577 4488 4478
f 4385 4550 4580
f 4589 4456 4581
f 4524 4627 4516
f 4458 4419 4496
f 4498 4621 4519
f 4483 4544 4414
f 4461 4568 4462
f 4547 4542 4469
f 4504 4599 4441
f 4439 4595 4525
f 4544 4498 4414
f 4487 4551 4592
f 4545 4597 4527
f 4545 4527 4531
f 4541 4535 4522
f 4478 4513 4555
f 4489 4514 4542
f 4426 4646 4470
f 4456 4625 4581
f 4451 4518 4582
f 4576 4497 4458
f 4511 4482 4467
f 4568 4523 4479
f 4493 4528 4537
f 4537 4547 4493
f 4430 4506 4600
f 4675 4471 4627
f 4554 4538 4494
f 4439 4520 4595
f 4473 4613 4526
f 4576 4545 4499
f 4532 4489 4579
f 4446 4586 4534
f 4500 4560 4543
f 4557 4529 4491
f 4563 4557 4491
f 4588 4443 4538
f 4471 4675 4563
f 4566 4539 4466
f 4487 4591 4511
f 4535 4622 4522
f 4531 4546 4528
f 4465 4443 4626
f 4525 4628 4530
f 4613 4473 4482
f 4583 4544 4483
f 4576 4499 4497
f 4502 4522 4567
f 4523 4504 4479
f 4579 4489 4542
f 4500 4553 4658
f 4626 4443 4588
f 4573 4515 4486
f 4573 4481 4515
f 4481 4602 4517
f 4458 4496 4602
f 4540 4532 4503
f 4533 4505 4605
f 4639 4533 4605
f 4548 4534 4586
f 4552 4586 4446
f 4500 4658 4560
f 4625 4509 4572
f 4563 4601 4557
f 4494 4510 4565
f 4627 4524 4650
f 4510 4530 4565
f 4496 4517 4602
f 4524 4451 4582
f 4613 4583 4526
f 4512 4488 4596
f 4521 4520 4578
f 4599 4504 4523
f 4441 4599 4490
f 4490 4605 4505
f 4508 4600 4561
f 4501 4570 4550
f 4494 4565 4590
f 4595 4628 4525
f 4518 4512 4596
f 4498 4620 4621
f 4527 4546 4531
f 4478 4555 4577
f 4623 4542 4585
f 4547 4585 4542
f 4552 4611 4569
f 4543 4649 4507
f 4572 4470 4556
f 4571 4580 4550
f 4466 4647 4566
f 4519 4558 4503
f 4576 4584 4545
f 4545 4584 4597
f 4528 4546 4537
f 4542 4623 4579
f 4548 4617 4534
f 4508 4561 4562
f 4470 4646 4556
f 4465 4626 4492
f 4538 4564 4588
f 4563 4675 4601
f 4747 4601 4675
f 4554 4564 4538
f 4650 4524 4619
f 4606 4461 4566
f 4540 4503 4558
f 4578 4541 4521
f 4622 4535 4578
f 4537 4585 4547
f 4617 4506 4534
f 4552 4569 4610
f 4549 4587 4646
f 4628 4565 4530
f 4619 4524 4582
f 4458 4575 4576
f 4591 4482 4511
f 4577 4593 4488
f 4502 4567 4551
f 4541 4578 4535
f 4490 4599 4605
f 4562 4594 4570
f 4554 4494 4590
f 4466 4574 4647
f 4481 4573 4696
f 4458 4602 4575
f 4488 4593 4596
f 4621 4558 4519
f 4532 4579 4540
f 4546 4624 4537
f 4597 4559 4527
f 4652 4599 4523
f 4555 4513 4598
f 4552 4610 4586
f 4543 4560 4649
f 4640 4550 4570
f 4635 4681 4574
f 4647 4606 4566
f 4487 4603 4591
f 4520 4578 4638
f 4558 4648 4540
f 4527 4559 4546
f 4577 4555 4608
f 4624 4585 4537
f 4562 4561 4634
f 4553 4529 4618
f 4529 4557 4618
f 4572 4556 4670
f 4587 4549 4536
f 4554 4612 4564
f 4481 4696 4602
f 4591 4698 4482
f 4576 4575 4636
f 4597 4609 4559
f 4623 4585 4624
f 4548 4586 4633
f 4618 4746 4553
f 4573 4486 4708
f 4682 4565 4628
f 4698 4613 4482
f 4620 4498 4544
f 4576 4636 4584
f 4522 4622 4567
f 4624 4546 4559
f 4633 4617 4548
f 4586 4610 4633
f 4600 4689 4561
f 4634 4594 4562
f 4572 4670 4625
f 4518 4596 4582
f 4583 4654 4544
f 4597 4584 4644
f 4609 4656 4559
f 4536 4492 4717
f 4589 4708 4486
f 4590 4565 4661
f 4636 4575 4602
f 4487 4592 4603
f 4593 4666 4596
f 4621 4643 4558
f 4540 4579 4623
f 4609 4597 4644
f 4507 4569 4611
f 4507 4649 4569
f 4506 4617 4600
f 4600 4617 4689
f 4553 4746 4658
f 4594 4645 4570
f 4640 4570 4645
f 4536 4717 4587
f 4557 4601 4618
f 4580 4571 4716
f 4580 4716 4635
f 4747 4675 4781
f 4612 4554 4590
f 4565 4682 4661
f 4665 4636 4602
f 4582 4596 4705
f 4655 4593 4577
f 4604 4605 4599
f 4556 4646 4660
f 4492 4626 4717
f 4647 4574 4681
f 4568 4607 4523
f 4555 4598 4704
f 4665 4602 4696
f 4603 4592 4651
f 4614 4641 4637
f 4614 4629 4631
f 4614 4637 4629
f 4624 4559 4656
f 4615 4614 4631
f 4608 4655 4577
f 4604 4653 4605
f 4653 4639 4605
f 4594 4634 4659
f 4680 4556 4660
f 4662 4637 4641
f 4629 4673 4631
f 4673 4615 4631
f 4632 4656 4609
f 4608 4555 4704
f 4644 4632 4609
f 4645 4594 4659
f 4550 4640 4571
f 4556 4680 4670
f 4601 4747 4618
f 4718 4675 4627
f 4619 4582 4705
f 4584 4636 4697
f 4698 4642 4613
f 4613 4642 4583
f 4643 4621 4620
f 4648 4558 4643
f 4714 4593 4655
f 4629 4701 4673
f 4648 4540 4623
f 4623 4624 4648
f 4656 4632 4657
f 4652 4604 4599
f 4598 4616 4704
f 4588 4564 4663
f 4690 4595 4520
f 4654 4620 4544
f 4583 4642 4654
f 4614 4615 4667
f 4714 4655 4608
f 4589 4581 4740
f 4628 4595 4682
f 4705 4596 4685
f 4461 4606 4568
f 4676 4698 4591
f 4596 4666 4685
f 4520 4638 4690
f 4567 4728 4551
f 4567 4753 4622
f 4584 4688 4644
f 4692 4624 4656
f 4607 4652 4523
f 4653 4604 4731
f 4660 4646 4587
f 4581 4625 4713
f 4741 4573 4708
f 4647 4759 4801
f 4603 4676 4591
f 4666 4593 4678
f 4728 4753 4567
f 4614 4667 4707
f 4687 4674 4615
f 4687 4615 4673
f 4608 4704 4735
f 4652 4731 4604
f 4633 4724 4617
f 4589 4740 4708
f 4695 4663 4564
f 4590 4661 4612
f 4647 4681 4759
f 4697 4636 4665
f 4614 4672 4641
f 4603 4651 4676
f 4551 4651 4592
f 4719 4629 4637
f 4701 4629 4719
f 4707 4721 4614
f 4624 4692 4648
f 4688 4692 4656
f 4607 4731 4652
f 4644 4688 4632
f 4667 4615 4674
f 4653 4668 4639
f 4617 4724 4689
f 4659 4737 4645
f 4588 4663 4833
f 4564 4612 4695
f 4650 4718 4627
f 4650 4619 4664
f 4719 4637 4662
f 4690 4638 4630
f 4584 4697 4677
f 4728 4651 4551
f 4620 4706 4643
f 4630 4638 4686
f 4688 4584 4677
f 4688 4656 4657
f 4632 4688 4657
f 4714 4608 4735
f 4569 4796 4787
f 4649 4796 4569
f 4659 4634 4737
f 4587 4717 4679
f 4660 4587 4679
f 4625 4670 4713
f 4664 4718 4650
f 4606 4647 4801
f 4672 4662 4641
f 4568 4606 4607
f 4654 4706 4620
f 4614 4721 4672
f 4678 4593 4714
f 4687 4707 4674
f 4610 4669 4633
f 4689 4808 4561
f 4561 4808 4634
f 4716 4681 4635
f 4662 4683 4671
f 4705 4685 4710
f 4662 4671 4826
f 4642 4766 4654
f 4666 4678 4685
f 4693 4707 4687
f 4686 4622 4753
f 4687 4673 4694
f 4569 4757 4610
f 4658 4846 4560
f 4588 4833 4626
f 4696 4573 4741
f 4684 4606 4801
f 4815 4595 4690
f 4691 4677 4697
f 4685 4678 4827
f 4839 4731 4607
f 4686 4578 4622
f 4712 4668 4653
f 4581 4713 4740
f 4698 4766 4642
f 4643 4706 4699
f 4643 4699 4648
f 4686 4638 4578
f 4694 4693 4687
f 4649 4846 4796
f 4645 4737 4640
f 4716 4773 4681
f 4682 4595 4815
f 4678 4714 4827
f 4707 4693 4703
f 4694 4673 4701
f 4692 4688 4730
f 4667 4674 4707
f 4731 4712 4653
f 4669 4724 4633
f 4649 4560 4846
f 4689 4736 4808
f 4680 4660 4739
f 4680 4810 4670
f 4661 4742 4612
f 4733 4696 4741
f 4696 4733 4665
f 4732 4683 4662
f 4662 4826 4719
f 4690 4630 4726
f 4766 4698 4676
f 4697 4720 4691
f 4606 4839 4607
f 4702 4743 4700
f 4692 4699 4648
f 4688 4677 4691
f 4721 4707 4703
f 4703 4693 4729
f 4729 4693 4694
f 4661 4682 4742
f 4699 4692 4744
f 4721 4703 4723
f 4686 4753 4754
f 4918 4714 4906
f 4714 4735 4906
f 4680 4739 4810
f 4773 4716 4809
f 4718 4781 4675
f 4695 4612 4709
f 4709 4612 4742
f 4742 4682 4815
f 4672 4732 4662
f 4690 4726 4815
f 4651 4750 4676
f 4728 4727 4651
f 4569 4787 4757
f 4717 4626 4833
f 4619 4760 4664
f 4619 4705 4760
f 4676 4750 4817
f 4651 4727 4750
f 4706 4654 4776
f 4701 4719 4715
f 4700 4715 4702
f 4715 4700 4701
f 4691 4730 4688
f 4715 4694 4701
f 4610 4757 4669
f 4724 4909 4689
f 4679 4739 4660
f 4833 4798 4717
f 4663 4790 4849
f 4695 4790 4663
f 4725 4683 4732
f 4801 4761 4684
f 4606 4684 4839
f 4775 4749 4711
f 4676 4817 4766
f 4774 4691 4720
f 4722 4699 4706
f 4715 4700 4701
f 4743 4702 4734
f 4630 4686 4786
f 4763 4692 4755
f 4730 4755 4692
f 4695 4709 4790
f 4748 4725 4732
f 4779 4753 4728
f 4734 4702 4745
f 4754 4786 4686
f 4780 4755 4730
f 4822 4716 4571
f 4717 4798 4679
f 4822 4809 4716
f 4810 4713 4670
f 4663 4772 4833
f 4681 4773 4759
f 4732 4672 4816
f 4665 4783 4697
f 4816 4672 4721
f 4751 4722 4706
f 4722 4744 4699
f 4723 4777 4721
f 4630 4786 4791
f 4727 4779 4728
f 4691 4803 4730
f 4744 4692 4763
f 4745 4703 4729
f 4746 4758 4658
f 4737 4738 4640
f 4781 4948 4747
f 4739 4679 4798
f 4725 4671 4683
f 4665 4733 4783
f 4697 4783 4720
f 4827 4710 4685
f 4630 4791 4726
f 4775 4749 4711
f 4750 4785 4727
f 4767 4775 4711
f 4743 4775 4767
f 4734 4767 4743
f 4803 4691 4774
f 4777 4723 4752
f 4734 4752 4723
f 4702 4715 4745
f 4762 4734 4723
f 4918 4827 4714
f 4715 4729 4694
f 4803 4780 4730
f 4731 4839 5042
f 4909 4736 4689
f 4618 4747 4789
f 4772 4663 4849
f 4708 4740 4799
f 4766 4776 4654
f 4706 4776 4751
f 4719 4770 4715
f 4743 4700 4715
f 4715 4745 4743
f 4762 4745 4734
f 4762 4703 4745
f 4729 4715 4745
f 4712 4731 4764
f 4724 4669 4807
f 4669 4757 4807
f 4658 4758 4846
f 4713 4799 4740
f 4708 4812 4741
f 4765 4748 4835
f 4748 4800 4725
f 4835 4732 4816
f 4815 4726 4825
f 4770 4775 4743
f 4769 4777 4752
f 4723 4703 4762
f 4755 4780 4841
f 4807 4795 4724
f 4746 4788 4758
f 4640 4832 4571
f 4948 4789 4747
f 4773 4782 4759
f 4812 4852 4741
f 4741 4852 4733
f 4835 4748 4732
f 4760 4705 4710
f 4783 4733 4802
f 4684 4761 4839
f 4777 4816 4721
f 4775 4749 4767
f 4767 4775 4711
f 4769 4734 4767
f 4770 4743 4745
f 4744 4722 4804
f 4734 4769 4752
f 4777 4752 4769
f 4805 4762 4745
f 4779 4754 4753
f 4831 4756 4794
f 4738 4634 4808
f 4738 4737 4634
f 4814 4765 4835
f 4783 4774 4720
f 4749 4784 4767
f 4767 4768 4769
f 4715 4770 4745
f 4752 4778 4769
f 4763 4804 4744
f 4763 4755 4843
f 4764 4961 4712
f 4796 4878 4787
f 4724 4795 4909
f 4640 4738 4832
f 4810 4739 4823
f 4708 4799 4812
f 4742 4911 4709
f 4814 4813 4765
f 4765 4813 4748
f 4777 4836 4816
f 4817 4888 4750
f 4719 4826 4770
f 4766 4902 4776
f 4784 4768 4767
f 4804 4722 4751
f 4778 4768 4769
f 4805 4770 4856
f 4818 4778 4752
f 4755 4841 4843
f 4787 4807 4757
f 4746 4797 4788
f 4746 4618 4797
f 4771 4713 4810
f 4799 4713 4771
f 4773 4809 5279
f 4849 4790 4824
f 4802 4733 4852
f 4801 4979 4761
f 4671 4725 4886
f 4900 4749 4775
f 4775 4770 4855
f 4902 4819 4776
f 4777 4752 4838
f 4752 4793 4838
f 4571 4832 4822
f 4809 4822 4861
f 5279 4782 4773
f 4790 4709 4864
f 4813 4800 4748
f 4791 4825 4726
f 4749 4900 4784
f 4888 4785 4750
f 4855 4900 4775
f 4785 4779 4727
f 4776 4819 4751
f 4751 4857 4804
f 4786 4792 4791
f 4805 4855 4770
f 4855 4805 4778
f 4762 4745 4805
f 4804 4763 4843
f 5042 4764 4731
f 4830 4756 4860
f 4830 4794 4756
f 4794 4830 4891
f 4806 4756 4877
f 4909 4936 4736
f 4738 4808 5098
f 4797 4618 4789
f 4739 4798 4847
f 5371 5279 4809
f 4824 4790 4864
f 4814 4923 4811
f 4709 4911 4864
f 4742 4815 4911
f 4725 4800 4886
f 4866 4783 4802
f 4778 4818 4768
f 4770 4916 4856
f 4829 4840 4793
f 4857 4819 4820
f 4786 4754 4792
f 4794 4821 4831
f 4736 5098 4808
f 4781 4718 4921
f 4811 4813 4814
f 4826 4671 4886
f 4774 4783 4866
f 4866 4803 4774
f 4838 4836 4777
f 4817 4902 4766
f 4752 4768 4818
f 4751 4819 4857
f 4780 4803 4837
f 4805 4778 4818
f 4915 4820 4819
f 4792 4754 4932
f 4830 4884 4891
f 4860 4756 4806
f 4877 4756 4831
f 4935 4712 4961
f 4795 4807 4845
f 4847 4823 4739
f 5002 4798 4833
f 4771 4810 4823
f 4770 4826 4916
f 4838 4897 4836
f 4840 4897 4838
f 4853 4838 4828
f 4828 4752 4768
f 4793 4828 4838
f 4829 4793 4840
f 4855 4805 4818
f 4869 4820 4857
f 4842 4830 4860
f 4907 4794 4891
f 4787 4878 4807
f 4822 5015 4861
f 4863 4834 4872
f 4923 4850 4811
f 4851 4863 4872
f 4799 4885 4812
f 4852 4812 4885
f 4759 5562 4801
f 4801 5562 4979
f 4815 4825 4911
f 4924 4866 4802
f 4881 4897 4840
f 4881 4840 4838
f 4778 4818 4855
f 4855 4805 4856
f 4837 4841 4780
f 4752 4828 4793
f 4915 4820 4883
f 4843 4858 4804
f 4883 4820 4859
f 4820 4869 4859
f 4907 4893 4794
f 4844 4821 4893
f 4893 4821 4794
f 4821 4844 4877
f 4821 4877 4831
f 4795 4919 4909
f 4936 5098 4736
f 4832 5015 4822
f 4781 4921 4948
f 4834 4863 4938
f 4922 4850 4923
f 4759 4782 5562
f 4851 4872 4873
f 4835 4923 4814
f 4874 4851 4873
f 5202 4760 4710
f 4768 4784 4853
f 4838 4853 4881
f 4853 4828 4768
f 4827 4918 4985
f 4841 4868 4843
f 4754 4779 4932
f 4842 4860 4867
f 4845 4919 4795
f 4861 5015 5087
f 4894 4871 4949
f 4894 4848 4871
f 4894 4862 4848
f 4809 4861 5371
f 4798 5002 4910
f 4799 4771 4885
f 4951 4811 4850
f 4851 4962 4863
f 4872 4834 4879
f 4874 4873 4895
f 4895 4941 4874
f 4835 4816 4836
f 4924 4865 4866
f 4880 4836 4897
f 4791 4792 4825
f 4875 4837 4803
f 4817 4944 4902
f 4888 4973 4785
f 4889 4867 4876
f 4804 4858 4857
f 4889 4842 4867
f 4889 4927 4842
f 4858 4843 4868
f 4842 4884 4830
f 4869 4870 4859
f 4867 4860 4806
f 4907 4934 4893
f 4893 4934 4844
f 4796 4846 5086
f 4798 4910 4847
f 4850 4848 4862
f 4938 5018 4834
f 4811 5019 4813
f 4813 5019 4800
f 4880 4923 4835
f 4911 4825 4956
f 4882 4895 4896
f 4866 4875 4803
f 4853 4854 4881
f 4856 4914 4855
f 4837 4868 4841
f 4857 4858 4904
f 4917 4932 4779
f 4904 4869 4857
f 4859 4870 4883
f 4858 4868 4904
f 5028 4867 4806
f 4870 4869 4904
f 4844 4934 4877
f 4908 4845 4807
f 4848 4950 4871
f 4833 4772 5002
f 4873 4978 4895
f 4836 4880 4835
f 4966 4941 4895
f 4865 4875 4866
f 4761 5282 4957
f 4880 4897 4912
f 4887 4854 4913
f 4826 5039 4916
f 4882 4896 4876
f 4854 4853 4898
f 4784 4900 4853
f 4761 5042 4839
f 4888 4817 4945
f 4944 4945 4817
f 4855 4914 4900
f 4959 4868 4837
f 4876 4867 4882
f 4785 4973 4779
f 4842 4927 4884
f 4908 4807 4878
f 4845 5436 4919
f 4987 4949 4871
f 4862 4951 4850
f 4850 4963 4848
f 4834 5018 4879
f 4962 4851 4976
f 4940 4852 4885
f 4852 4940 4802
f 4872 4879 4873
f 5033 4851 4874
f 4802 4940 4924
f 4873 4879 4978
f 4895 4882 4966
f 4991 4966 4882
f 4970 4825 4792
f 4896 4889 4876
f 4914 5024 4900
f 4902 4915 4819
f 4856 4916 4914
f 4883 4870 5061
f 4806 4877 4947
f 4933 4892 4891
f 4907 4933 4891
f 4871 4950 4987
f 4862 4894 4920
f 4823 4847 5050
f 5160 4718 4664
f 4760 4988 4664
f 4874 5052 5033
f 5052 4874 4941
f 4800 4965 4886
f 5057 4895 4978
f 5039 4826 4886
f 4710 4827 5204
f 5024 4898 4900
f 4898 4881 4854
f 4881 4899 4897
f 4900 4898 4853
f 4930 4901 4890
f 4959 4904 4868
f 4883 5061 4915
f 4901 4903 4890
f 4870 4904 5061
f 4891 5047 4892
f 4934 4893 4933
f 4950 4848 5004
f 5050 4975 4823
f 5002 4772 4849
f 4951 4939 4811
f 4911 4989 4864
f 4965 4800 5019
f 4979 5282 4761
f 4865 4924 4953
f 4926 4942 4955
f 4955 4926 4925
f 5057 4896 4895
f 4865 4953 5009
f 4956 4825 4970
f 4865 5009 4875
f 5024 4943 4898
f 4913 4854 4928
f 4912 4897 4899
f 4887 5010 4854
f 4827 4985 5204
f 4896 4927 4889
f 5009 4959 4875
f 4957 5042 4761
f 4875 4959 4837
f 4928 4881 4898
f 4945 4973 4888
f 4973 4917 4779
f 4903 4905 4890
f 5042 5044 4764
f 4918 4906 4960
f 4907 5047 4891
f 4934 4933 4907
f 4934 4893 4933
f 4845 4908 5343
f 4878 4796 4908
f 5344 4909 4919
f 4832 4738 5015
f 4937 4948 4921
f 4951 4862 5067
f 5004 4848 4963
f 4976 5558 4962
f 4849 4824 4977
f 4851 5033 4976
f 4923 4880 4922
f 4880 4964 4922
f 4880 4912 4964
f 4942 4955 4926
f 4926 4955 4913
f 4926 4913 4967
f 4912 4899 4980
f 4854 5010 4928
f 4899 4881 4928
f 4929 4901 4930
f 4901 4931 4903
f 4904 4959 5061
f 4882 4867 5028
f 4892 4933 4947
f 4947 4934 4877
f 4845 5343 5436
f 5237 4949 4987
f 4949 5237 5215
f 4894 4949 5215
f 5065 4894 5215
f 4862 4920 5067
f 4847 4910 5050
f 5002 4849 5003
f 4922 4963 4850
f 5072 5019 4811
f 4953 4924 4940
f 4942 4955 4925
f 4964 4912 4954
f 4913 4928 4967
f 4928 4898 4982
f 4916 5039 4958
f 4959 5009 5076
f 4929 4930 5008
f 4970 4792 4946
f 4931 4929 5026
f 4901 4929 4931
f 4792 4932 4946
f 4930 4890 4972
f 4984 4944 4902
f 4915 4984 4902
f 4984 4915 5061
f 4972 4890 4905
f 5028 4806 5084
f 4891 4884 4907
f 4986 4998 5047
f 5047 4999 4986
f 4892 5047 4947
f 5047 4907 4999
f 5303 4796 5086
f 4738 5098 5015
f 4987 4950 5049
f 5101 4938 5001
f 4938 5101 5018
f 4771 4823 4975
f 4975 4885 4771
f 5160 4921 4718
f 4811 4939 5072
f 4977 4824 4952
f 4864 4952 4824
f 4988 4760 5071
f 4956 4989 4911
f 4942 4925 4926
f 4965 5039 4886
f 4926 4967 4942
f 4954 4912 5007
f 5007 4912 4968
f 4955 5038 4913
f 5024 4992 4943
f 4887 4913 4980
f 4927 4896 5057
f 4899 4928 5010
f 4931 5026 4995
f 4916 4958 4914
f 4944 4984 4945
f 5013 4907 4884
f 5084 4806 5097
f 4986 4999 5014
f 4806 4947 5097
f 4935 5274 5064
f 4894 5065 4920
f 4863 5001 4938
f 5003 4849 4977
f 4975 5090 4885
f 4864 4989 4952
f 4978 4879 5089
f 4760 5202 5071
f 4955 4942 5038
f 4967 5038 4942
f 4913 5038 4980
f 4992 4898 4943
f 4980 4968 4912
f 4968 4980 5055
f 4992 5024 4982
f 5011 5024 4958
f 5024 4914 4958
f 4991 4882 5023
f 4972 4983 4971
f 4984 4997 4945
f 5063 4905 4903
f 4903 4931 5063
f 4974 4946 4932
f 4960 4985 4918
f 5013 5000 4907
f 4934 4947 4933
f 4936 4909 5344
f 5276 4789 4948
f 4937 5190 4948
f 5001 4863 4962
f 5141 4939 5067
f 4939 4951 5067
f 4962 5558 5495
f 5032 5003 4977
f 4885 5090 4940
f 4964 5035 4922
f 4940 5006 4953
f 4954 5036 4964
f 4953 5006 5009
f 5078 4956 4946
f 4956 4970 4946
f 4980 5010 4887
f 4982 4898 4992
f 5024 5115 4982
f 4899 5010 4980
f 4928 5059 4967
f 4928 4982 5059
f 4981 4929 5008
f 5076 5061 4959
f 4972 4905 5209
f 5045 4884 4927
f 4995 5063 4931
f 4945 4997 4973
f 5023 4882 5028
f 4917 4974 4932
f 4907 5000 4999
f 4947 5047 5097
f 4961 5274 4935
f 4846 4758 5086
f 4987 5049 5016
f 4939 5195 5072
f 5073 5032 4977
f 5073 4977 4952
f 4963 4922 5128
f 5128 4922 5035
f 5005 4941 4966
f 4978 5034 5057
f 5204 5202 4710
f 4969 5038 4967
f 4969 4967 5059
f 4972 5060 4930
f 5057 5045 4927
f 4971 5060 4972
f 4983 4994 4971
f 4983 4972 5062
f 5043 4995 5026
f 4996 4884 5045
f 5061 5027 4984
f 4984 5027 5012
f 5031 4917 4973
f 4984 5012 4997
f 4884 4996 5013
f 5000 5013 4999
f 5303 5343 4908
f 4796 5303 4908
f 4788 4797 5712
f 5495 5001 4962
f 4937 4921 5193
f 5004 5068 4950
f 5075 5007 4990
f 4954 5007 5036
f 4966 4991 5167
f 5007 5056 5036
f 5074 5007 4968
f 5055 4980 5038
f 4946 5130 5078
f 5010 5055 4969
f 4930 5060 5020
f 4981 5008 5040
f 5118 5059 4982
f 5039 5149 4958
f 5026 4929 4981
f 5011 5149 5024
f 5115 5118 4982
f 5062 5080 4972
f 4958 5149 5011
f 5177 5209 4905
f 4905 5063 5177
f 5031 4973 4997
f 5031 4974 4917
f 5014 4998 4986
f 4764 5301 4961
f 5048 5097 5047
f 4948 5190 5276
f 4987 5016 5099
f 4987 5099 5237
f 5016 5049 5066
f 5068 5049 4950
f 5002 5003 5017
f 4910 5002 5017
f 5050 4910 5017
f 4921 5160 5193
f 5032 5017 5003
f 5089 5034 4978
f 4964 5036 5035
f 5078 4989 4956
f 5005 4966 5167
f 5074 4990 5007
f 5036 5056 5037
f 5055 5074 4968
f 4993 5022 5041
f 5132 4969 5055
f 5025 5055 5010
f 5080 5060 4972
f 5010 5025 5092
f 4972 5080 5060
f 5209 5080 4972
f 5026 4981 5043
f 5062 4994 4983
f 5063 4995 5043
f 4997 5030 5031
f 4997 5012 5030
f 5029 5012 5027
f 5029 5030 5012
f 4936 5189 5098
f 5015 5098 5275
f 5015 5275 5087
f 4920 5065 5527
f 4920 5527 5067
f 5141 5195 4939
f 5032 5106 5017
f 5069 5090 4975
f 4782 5242 5562
f 5032 5073 5200
f 5145 5006 4940
f 4965 5411 5039
f 4979 5053 5282
f 5111 5107 5036
f 5007 5075 5054
f 5111 5036 5037
f 5056 5007 5054
f 5008 4930 5110
f 5132 5038 4969
f 5060 4971 5109
f 4969 5059 5010
f 4993 5041 5021
f 5021 5022 4993
f 5119 5060 5080
f 5076 5133 5061
f 5061 5133 5027
f 4946 4974 5134
f 5031 5120 4974
f 5046 5031 5030
f 4936 5370 5189
f 4861 5087 5214
f 4861 5214 5371
f 5018 5101 5194
f 5069 4975 5050
f 5068 5004 5051
f 5004 4963 5051
f 5160 4664 4988
f 4879 5018 5089
f 5106 5032 5200
f 5562 5053 4979
f 4965 5019 5072
f 5052 4941 5005
f 4952 4989 5078
f 5036 5107 5035
f 5057 5034 5147
f 5076 5009 5006
f 5058 5008 5110
f 5041 5111 5037
f 5037 5056 5041
f 5038 5132 5055
f 5041 5022 5114
f 5058 5040 5008
f 5092 5010 5059
f 5130 4946 5134
f 5080 5112 5060
f 5043 4981 5093
f 5170 5029 5027
f 5170 5046 5030
f 5029 5170 5030
f 5046 5120 5031
f 4996 5126 5013
f 5271 4764 5044
f 5014 4999 5188
f 4999 5181 5188
f 4999 5013 5181
f 4998 5048 5047
f 5436 5720 4919
f 4919 5720 5344
f 5088 5099 5016
f 5066 5088 5016
f 5100 5088 5127
f 5050 5017 5104
f 4782 5279 5242
f 5106 5104 5017
f 4963 5128 5051
f 5128 5070 5051
f 5018 5162 5089
f 5033 5052 5352
f 5129 5128 5035
f 5035 5107 5318
f 5006 5145 5223
f 5037 5056 5054
f 5074 5075 4990
f 5114 5107 5111
f 5202 5204 5593
f 4930 5020 5110
f 5077 5108 5037
f 5077 5037 5056
f 5041 5114 5111
f 5041 5056 5077
f 5059 5079 5132
f 5077 5021 5041
f 5132 5092 5059
f 5227 5040 5058
f 5119 5112 5060
f 4994 5116 4971
f 5022 5021 5113
f 5080 5112 5146
f 5080 5043 5093
f 5115 5024 5149
f 5043 5080 5209
f 5080 5062 5119
f 5082 5172 4994
f 5083 4996 5045
f 5119 4994 5082
f 4994 5119 5062
f 5138 5081 5045
f 5085 5045 5081
f 5133 5170 5027
f 5094 4996 5083
f 5045 5085 5138
f 5138 5085 5126
f 4961 5301 5274
f 5088 5066 5099
f 5100 5127 5140
f 5049 5102 5066
f 5101 5001 5470
f 5143 5049 5068
f 5191 5140 5240
f 5050 5104 5069
f 5222 5104 5106
f 4976 5033 5564
f 5196 5103 5246
f 5352 5564 5033
f 5070 5128 5091
f 5145 4940 5090
f 5035 5318 5129
f 5165 5091 5129
f 5352 5052 5005
f 4952 5166 5073
f 5200 5073 5166
f 5166 4952 5078
f 5147 5034 5284
f 5201 5060 5109
f 5074 5055 5131
f 5147 5045 5057
f 5114 5022 5113
f 5118 5079 5059
f 5147 5083 5045
f 5262 5118 5115
f 4994 5172 5116
f 4957 5044 5042
f 4957 5135 5044
f 5025 5118 5092
f 5152 5172 5082
f 5177 5043 5209
f 5134 4974 5120
f 5177 5063 5043
f 5155 5023 5028
f 5094 5138 4996
f 4985 4960 5428
f 4996 5138 5126
f 5085 5181 5126
f 4788 5345 4758
f 5100 5088 5127
f 5066 5102 5304
f 5279 5371 5438
f 5049 5143 5102
f 5018 5194 5162
f 5105 5069 5104
f 5090 5069 5105
f 5089 5162 5164
f 5164 5034 5089
f 5091 5128 5197
f 5129 5091 5197
f 5318 5020 5165
f 5318 5107 5020
f 5020 5107 5110
f 5075 5074 5054
f 5323 5039 5411
f 5006 5223 5076
f 5020 5060 5201
f 5079 5092 5132
f 5077 5168 5021
f 5206 5112 5040
f 5092 5079 5118
f 5055 5025 5203
f 5206 5040 5227
f 5205 5083 5147
f 5262 5115 5264
f 5121 5177 5209
f 5083 5081 5138
f 4985 5428 5296
f 5170 5120 5046
f 5183 5095 5122
f 5085 5081 5181
f 5157 5299 5124
f 5180 5232 5136
f 5096 5013 5126
f 5013 5096 5181
f 4758 5345 5086
f 5370 4936 5344
f 4789 5584 4797
f 5087 5275 5346
f 5584 4789 5276
f 5140 5127 5240
f 5051 5163 5068
f 5105 5104 5222
f 5145 5090 5105
f 5129 5197 5128
f 5247 5197 5129
f 5165 5197 5129
f 5165 5020 5091
f 5037 5054 5108
f 5107 5058 5110
f 5131 5108 5074
f 4971 5116 5225
f 5227 5114 5113
f 5021 5168 5260
f 5040 5206 5169
f 5080 5175 5093
f 5146 5175 5080
f 5120 5224 5134
f 5153 5225 5116
f 5025 5326 5118
f 5209 5292 5177
f 5123 5180 5136
f 5183 5122 5095
f 5124 5235 5157
f 5126 5181 5096
f 5188 5048 5014
f 5188 5302 5048
f 5187 5097 5048
f 5712 5345 4788
f 5001 5469 5470
f 5067 5406 5141
f 5191 5240 5241
f 5143 5068 5163
f 5162 5194 5280
f 5051 5070 5163
f 5072 5195 5216
f 5034 5164 5220
f 5165 5317 5318
f 5074 5108 5054
f 5107 5114 5058
f 5130 5166 5078
f 5131 5168 5108
f 5223 5133 5076
f 5108 5168 5077
f 5039 5323 5328
f 5146 5112 5206
f 5146 5112 5206
f 5113 5324 5227
f 5131 5055 5203
f 5112 5040 5206
f 5259 5148 5287
f 5206 5175 5146
f 5259 5151 5148
f 5172 5329 5116
f 5040 5093 4981
f 5040 5169 5093
f 5025 5174 5203
f 5171 5225 5153
f 5264 5115 5149
f 5295 5173 5082
f 4985 5296 5204
f 5122 5137 5153
f 5153 5116 5229
f 5083 5117 5081
f 5205 5178 5083
f 5170 5150 5120
f 5231 5121 5209
f 5136 5176 5123
f 5124 5299 5266
f 5122 5153 5364
f 5156 5177 5121
f 5152 5268 5154
f 5094 5185 5138
f 5155 5028 5084
f 5208 5233 5125
f 5124 5270 5235
f 5272 5369 5181
f 5188 5181 5369
f 5084 5097 5159
f 5014 5048 4998
f 5187 5048 5302
f 5240 5140 5100
f 5100 5240 5127
f 5406 5497 5141
f 5143 5192 5102
f 4988 5310 5160
f 5280 5164 5162
f 5246 5196 5103
f 4988 5071 5310
f 5220 5284 5034
f 5165 5248 5197
f 5129 5318 5199
f 5221 5091 5201
f 5091 5020 5201
f 4957 5282 5135
f 5058 5114 5227
f 5131 5203 5226
f 5130 5134 5224
f 5146 5119 5112
f 5328 5149 5039
f 5206 5292 5146
f 5021 5260 5113
f 5172 5152 5173
f 5135 5362 5044
f 5153 5137 5171
f 5123 5288 5180
f 5178 5094 5083
f 5265 5176 5136
f 5122 5393 5137
f 5138 5368 5083
f 5122 5364 5393
f 5288 5336 5180
f 5299 5157 5186
f 5233 5183 5125
f 5182 5179 5338
f 5185 5368 5138
f 5102 5192 5238
f 5347 5240 5191
f 5001 5495 5469
f 5497 5195 5141
f 5143 5163 5308
f 5280 5378 5164
f 5196 5198 5218
f 5197 5247 5248
f 5105 5255 5145
f 5091 5221 5070
f 5222 5106 5200
f 5145 5255 5223
f 4965 5685 5411
f 5201 5109 5221
f 5167 5643 5005
f 4971 5252 5109
f 5284 5261 5147
f 5167 4991 5325
f 5261 5205 5147
f 5168 5131 5260
f 5223 5150 5133
f 5168 5260 5113
f 5203 5174 5226
f 5133 5150 5170
f 5286 5172 5173
f 5226 5174 5388
f 5025 5383 5174
f 4991 5023 5325
f 5330 5289 5260
f 5149 5328 5331
f 5152 5263 5173
f 5263 5152 5230
f 5331 5264 5149
f 5116 5329 5229
f 5207 5288 5123
f 5137 5208 5171
f 5118 5326 5262
f 5228 5288 5208
f 5229 5364 5153
f 5152 5154 5230
f 5332 5211 5177
f 5152 5082 5268
f 5210 5082 5119
f 5208 5137 5212
f 5081 5117 5300
f 5266 5334 5124
f 5212 5233 5208
f 5368 5117 5083
f 5136 5232 5298
f 5156 5211 5177
f 5335 5210 5184
f 5184 5210 5402
f 5094 5178 5185
f 5212 5125 5208
f 5081 5300 5181
f 5212 5179 5125
f 5179 5182 5125
f 5186 5157 5235
f 5346 5214 5087
f 5239 5099 5066
f 5304 5239 5066
f 5240 5191 5140
f 5241 5306 5191
f 5194 5101 5470
f 5240 5278 5241
f 5308 5192 5143
f 5280 5194 5469
f 4976 5561 5558
f 5242 5496 5562
f 5195 5531 5216
f 5378 5220 5164
f 5196 5281 5246
f 5196 5218 5281
f 5070 5217 5163
f 5070 5221 5217
f 5222 5255 5105
f 5316 5251 5250
f 5318 5317 5379
f 5221 5109 5252
f 4971 5225 5252
f 5225 5254 5252
f 5573 5167 5325
f 5130 5224 5166
f 5131 5226 5290
f 5131 5290 5260
f 5148 5327 5287
f 5150 5224 5120
f 5225 5171 5256
f 5286 5329 5172
f 5327 5259 5148
f 5206 5292 5175
f 5330 5260 5293
f 5388 5293 5226
f 5025 5326 5383
f 5151 5148 5259
f 5205 5261 5266
f 5294 5175 5093
f 5171 5208 5288
f 5178 5205 5266
f 5292 5209 5231
f 5397 5137 5393
f 5231 5332 5121
f 5265 5136 5298
f 5212 5137 5397
f 5156 5121 5332
f 5213 5230 5154
f 5334 5270 5124
f 5299 5186 5139
f 5180 5336 5232
f 5338 5179 5267
f 5213 5154 5268
f 5184 5339 5335
f 5185 5300 5368
f 5339 5401 5268
f 5270 5234 5235
f 4764 5271 5301
f 5097 5236 5159
f 5097 5187 5236
f 5065 5215 5557
f 5406 5067 5527
f 5347 5191 5306
f 5194 5470 5469
f 5308 5348 5192
f 5241 5349 5306
f 5280 5469 5679
f 5163 5243 5308
f 5218 5351 5244
f 5374 5163 5217
f 5217 5221 5315
f 5129 5199 5247
f 5198 5196 5219
f 5199 5318 5379
f 5314 5316 5250
f 5283 5249 5219
f 5219 5537 5283
f 5353 5284 5220
f 5200 5255 5222
f 5255 5200 5166
f 5380 5382 5285
f 5284 5257 5261
f 5259 5287 5360
f 5150 5255 5224
f 5150 5223 5255
f 5113 5289 5168
f 5260 5289 5168
f 5123 5176 5258
f 5225 5291 5361
f 5227 5324 5169
f 5289 5324 5113
f 5206 5227 5169
f 5207 5123 5258
f 5293 5260 5290
f 5291 5361 5225
f 5288 5256 5171
f 5289 5093 5169
f 5488 5289 5330
f 5334 5266 5261
f 5229 5361 5291
f 5173 5263 5230
f 5177 5292 5332
f 5208 5394 5228
f 5294 5423 5211
f 5211 5423 5332
f 5288 5333 5336
f 5394 5208 5212
f 5210 5335 5082
f 5332 5211 5156
f 5300 5117 5368
f 5232 5336 5367
f 5336 5267 5338
f 5178 5300 5185
f 5335 5339 5268
f 5362 5271 5044
f 4960 5340 5428
f 5341 5465 5186
f 5272 5434 5369
f 5186 5235 5273
f 5692 4797 5584
f 5215 5237 5557
f 5102 5238 5304
f 5065 5703 5527
f 5192 5618 5238
f 5439 5277 5278
f 5240 5347 5278
f 5406 5714 5497
f 5279 5438 5242
f 5163 5374 5243
f 5309 5241 5375
f 5161 5306 5349
f 5309 5349 5241
f 5349 5350 5161
f 5246 5219 5196
f 5248 5165 5317
f 5312 5314 5250
f 5249 5198 5219
f 5221 5252 5315
f 5252 5319 5315
f 5251 5475 5250
f 5319 5252 5254
f 5167 5573 5643
f 5282 5645 5135
f 5253 5323 5412
f 5358 5323 5253
f 5255 5166 5224
f 5225 5256 5254
f 5593 5204 5296
f 5207 5258 5355
f 5176 5321 5258
f 5169 5324 5289
f 5226 5293 5290
f 5207 5256 5288
f 5329 5286 5263
f 5146 5463 5119
f 5513 5286 5173
f 5093 5289 5294
f 5383 5388 5174
f 5291 5229 5462
f 5293 5392 5330
f 5331 5419 5264
f 5332 5292 5231
f 5229 5363 5364
f 5082 5173 5520
f 5520 5295 5082
f 5023 5155 5366
f 5394 5179 5228
f 5212 5397 5394
f 5082 5335 5268
f 5299 5400 5266
f 5270 5334 5298
f 5232 5337 5298
f 5232 5367 5337
f 5182 5269 5338
f 5233 5269 5183
f 5299 5139 5400
f 5269 5125 5182
f 5183 5269 5125
f 5298 5430 5270
f 5186 5273 5341
f 5369 5302 5188
f 5236 5467 5159
f 5342 5274 5301
f 4797 5692 5712
f 5099 5239 5468
f 5439 5305 5277
f 5241 5278 5243
f 5142 5347 5306
f 5161 5142 5306
f 5348 5308 5373
f 5241 5243 5375
f 5243 5374 5375
f 5497 5531 5195
f 5349 5311 5350
f 5442 5144 5245
f 5281 5218 5351
f 5500 5248 5247
f 5500 5247 5245
f 5246 5447 5219
f 5317 5472 5248
f 5408 5316 5314
f 5409 5353 5220
f 5250 5475 5312
f 5352 5005 5643
f 5592 5283 5537
f 5592 5249 5283
f 5320 5257 5284
f 5412 5479 5253
f 5258 5321 5355
f 5355 5319 5256
f 5254 5256 5319
f 5355 5256 5207
f 5416 5323 5453
f 5384 5261 5257
f 5323 5416 5328
f 5287 5327 5360
f 5360 5259 5327
f 5321 5176 5265
f 5463 5146 5292
f 5295 5513 5173
f 5488 5330 5459
f 5388 5461 5293
f 5262 5264 5328
f 5292 5418 5175
f 5366 5325 5023
f 5363 5361 5229
f 5424 5292 5332
f 5332 5418 5292
f 5326 5328 5262
f 5173 5230 5520
f 5329 5363 5229
f 5211 5294 5423
f 5210 5119 5463
f 5228 5394 5179
f 5332 5365 5211
f 5211 5365 5423
f 5336 5333 5267
f 5520 5230 5213
f 5266 5400 5178
f 5213 5268 5520
f 5212 5269 5233
f 5336 5338 5555
f 5270 5395 5297
f 5400 5139 5186
f 5297 5234 5270
f 5402 5339 5184
f 5434 5181 5300
f 5270 5430 5395
f 5493 5337 5431
f 5158 5523 5404
f 5271 5525 5301
f 5235 5234 5273
f 5234 5341 5273
f 5301 5583 5342
f 5237 5099 5557
f 5277 5305 5304
f 5277 5494 5278
f 5192 5348 5618
f 5307 5142 5161
f 5560 5161 5350
f 5378 5280 5679
f 5217 5309 5407
f 5244 5218 5351
f 5199 5245 5247
f 5281 5447 5246
f 5198 5377 5218
f 5217 5315 5474
f 5409 5220 5535
f 5312 5667 5314
f 5316 5408 5251
f 5685 4965 5591
f 5501 5284 5353
f 5071 5202 5593
f 5355 5480 5319
f 5477 5354 5322
f 5477 5322 5353
f 5450 5285 5382
f 5285 5356 5380
f 5253 5479 5358
f 5285 5356 5509
f 5358 5506 5323
f 5359 5453 5323
f 5254 5291 5484
f 5454 5360 5327
f 5484 5291 5417
f 5254 5486 5291
f 5261 5384 5265
f 5458 5286 5513
f 5291 5486 5361
f 5286 5458 5263
f 5289 5386 5294
f 5326 5391 5383
f 5330 5547 5459
f 5261 5265 5334
f 5386 5418 5294
f 5418 5175 5294
f 5293 5461 5392
f 5264 5419 5328
f 5423 5418 5332
f 5462 5229 5363
f 5295 5520 5518
f 5330 5392 5547
f 5427 5423 5332
f 5265 5298 5334
f 5228 5333 5288
f 5334 5297 5395
f 5395 5334 5297
f 5212 5267 5179
f 5269 5212 5397
f 5430 5298 5337
f 5660 5398 5297
f 5493 5430 5337
f 5213 5399 5425
f 5400 5186 5464
f 5234 5297 5660
f 5181 5434 5272
f 5084 5159 5582
f 5581 5369 5434
f 5302 5435 5187
f 5435 5236 5187
f 5159 5467 5526
f 5435 5467 5236
f 5343 5701 5436
f 5304 5238 5239
f 5277 5437 5304
f 4937 5193 5694
f 5494 5619 5278
f 5347 5619 5278
f 5243 5439 5278
f 5438 5496 5242
f 5243 5373 5308
f 5374 5375 5243
f 5442 5560 5350
f 5407 5374 5217
f 5309 5530 5349
f 5530 5311 5349
f 4976 5564 5561
f 5442 5350 5311
f 5445 5248 5311
f 5245 5144 5500
f 5500 5311 5248
f 5377 5447 5281
f 5591 4965 5072
f 5564 5352 5473
f 5667 5475 5314
f 5314 5475 5408
f 5447 5537 5219
f 5449 5198 5249
f 5284 5501 5320
f 5319 5474 5315
f 5477 5353 5409
f 5251 5478 5476
f 5355 5452 5480
f 5457 5355 5321
f 5381 5380 5356
f 5322 5354 5540
f 5452 5355 5457
f 5411 5359 5323
f 5412 5323 5506
f 5645 5362 5135
f 5413 5540 5354
f 5544 5254 5484
f 5285 5450 5509
f 5356 5510 5509
f 5356 5324 5510
f 5381 5356 5510
f 5324 5510 5356
f 5321 5265 5455
f 5359 5506 5453
f 5416 5453 5456
f 5454 5327 5487
f 5383 5391 5388
f 5361 5486 5420
f 5289 5488 5386
f 5295 5518 5513
f 5363 5420 5361
f 5292 5424 5463
f 5326 5419 5328
f 5418 5491 5423
f 5329 5422 5363
f 5397 5393 5420
f 5332 5427 5424
f 5228 5551 5333
f 5551 5228 5394
f 5423 5332 5427
f 5396 5402 5210
f 5213 5425 5422
f 5399 5213 5422
f 5297 5398 5395
f 5401 5492 5520
f 5268 5401 5520
f 5434 5368 5403
f 5431 5337 5367
f 5186 5465 5464
f 5155 5084 5582
f 5302 5369 5581
f 5301 5525 5583
f 5343 5303 5701
f 5303 5661 5701
f 5065 5557 5703
f 5437 5304 5305
f 5440 5619 5347
f 5348 5373 5620
f 5441 5243 5374
f 5560 5443 5372
f 5375 5407 5309
f 5378 5679 5623
f 5309 5444 5530
f 5309 5217 5444
f 5471 5499 5376
f 5376 5499 5144
f 5446 5530 5444
f 5444 5217 5446
f 5351 5377 5281
f 5446 5445 5313
f 5500 5245 5199
f 5377 5351 5218
f 5217 5532 5446
f 5535 5220 5378
f 5313 5532 5446
f 5565 5532 5313
f 5072 5216 5591
f 5377 5625 5448
f 5501 5409 5535
f 5379 5317 5472
f 5377 5198 5625
f 5408 5538 5251
f 5352 5643 5473
f 5319 5410 5474
f 5478 5251 5476
f 5249 5592 5477
f 5382 5380 5450
f 5322 5572 5353
f 5319 5480 5410
f 5358 5479 5687
f 5592 5413 5354
f 5544 5410 5254
f 5358 5507 5506
f 5506 5507 5453
f 5360 5542 5327
f 5455 5265 5549
f 5487 5327 5542
f 5265 5384 5549
f 5389 5452 5387
f 5420 5452 5389
f 5462 5417 5291
f 5421 5488 5459
f 5391 5578 5388
f 5326 5416 5391
f 5417 5462 5363
f 5489 5389 5390
f 5420 5393 5363
f 5517 5419 5326
f 5363 5393 5364
f 5396 5463 5424
f 5551 5394 5397
f 5463 5396 5210
f 5427 5332 5365
f 5365 5633 5426
f 5269 5397 5553
f 5178 5556 5300
f 5178 5400 5556
f 5298 5430 5398
f 5336 5555 5367
f 5403 5368 5429
f 5395 5398 5430
f 5338 5522 5555
f 5615 5339 5402
f 5615 5401 5339
f 5434 5403 5581
f 5526 5582 5159
f 5435 5302 5581
f 5467 5435 5526
f 5277 5439 5437
f 5494 5277 5439
f 5305 5439 5437
f 5494 5528 5619
f 5439 5243 5441
f 5142 5440 5347
f 5142 5586 5440
f 5441 5243 5375
f 5498 5619 5440
f 5142 5307 5586
f 5373 5243 5441
f 5407 5375 5441
f 5560 5639 5307
f 5441 5374 5407
f 5161 5560 5307
f 5443 5560 5442
f 5144 5442 5376
f 5311 5530 5445
f 5442 5500 5245
f 5445 5248 5472
f 5499 5500 5144
f 5472 5565 5313
f 5445 5472 5313
f 5447 5377 5448
f 5499 5408 5533
f 5217 5474 5532
f 5475 5533 5408
f 5625 5198 5449
f 5533 5475 5251
f 5667 5312 5475
f 5572 5501 5353
f 5477 5592 5627
f 5536 5380 5502
f 5627 5592 5354
f 5410 5546 5254
f 5381 5510 5647
f 5358 5687 5507
f 5413 5592 5541
f 5572 5322 5540
f 5455 5457 5321
f 5254 5546 5486
f 5541 5454 5413
f 5451 5359 5456
f 5454 5541 5360
f 5387 5457 5415
f 5597 5453 5507
f 5387 5415 5389
f 5418 5386 5601
f 5630 5459 5385
f 5514 5459 5547
f 5389 5415 5390
f 5420 5414 5452
f 5486 5414 5420
f 5263 5458 5576
f 5326 5517 5416
f 5389 5489 5420
f 5263 5422 5329
f 5461 5388 5578
f 5363 5422 5417
f 5491 5418 5601
f 5423 5633 5365
f 5549 5398 5298
f 5551 5267 5333
f 5298 5430 5521
f 5212 5397 5267
f 5422 5425 5399
f 5427 5608 5424
f 5402 5396 5615
f 5657 5430 5521
f 5368 5434 5429
f 5400 5464 5556
f 5338 5269 5553
f 5429 5434 5300
f 5524 5431 5405
f 5581 5526 5435
f 5436 5701 5720
f 5303 5086 5736
f 5086 5345 5736
f 5711 5098 5189
f 5275 5693 5346
f 5740 5371 5214
f 5190 4937 5694
f 5238 5618 5616
f 5527 5703 5617
f 5729 5469 5495
f 5307 5639 5586
f 5440 5372 5498
f 5498 5372 5559
f 5498 5530 5444
f 5529 5443 5442
f 5442 5589 5376
f 5589 5499 5471
f 5442 5311 5500
f 5563 5446 5530
f 5500 5199 5499
f 5565 5641 5472
f 5532 5474 5503
f 5538 5499 5502
f 5499 5538 5408
f 5448 5590 5447
f 5533 5251 5538
f 5478 5538 5476
f 5249 5477 5449
f 5501 5570 5320
f 5568 5477 5409
f 5504 5474 5410
f 5568 5354 5477
f 5357 5571 5567
f 5628 5479 5412
f 5686 5381 5647
f 5686 5482 5644
f 5546 5410 5480
f 5506 5359 5505
f 5540 5413 5454
f 5456 5359 5505
f 5485 5457 5455
f 5417 5544 5484
f 5545 5508 5515
f 5257 5460 5384
f 5544 5417 5481
f 5690 5542 5360
f 5573 5325 5653
f 5515 5574 5548
f 5549 5460 5455
f 5325 5366 5653
f 5596 5387 5452
f 5597 5511 5453
f 5416 5456 5391
f 5415 5489 5390
f 5384 5460 5549
f 5481 5417 5512
f 5599 5460 5549
f 5422 5263 5512
f 5578 5517 5391
f 5298 5521 5549
f 5420 5489 5609
f 5519 5392 5461
f 5613 5424 5603
f 5578 5519 5461
f 5423 5491 5633
f 5426 5491 5421
f 5551 5397 5609
f 5604 5520 5492
f 5491 5421 5426
f 5424 5613 5396
f 5397 5553 5267
f 5365 5608 5427
f 5522 5338 5553
f 5492 5401 5614
f 5367 5555 5431
f 5300 5429 5434
f 5155 5658 5366
f 5434 5300 5429
f 5465 5556 5464
f 5401 5615 5614
f 5493 5657 5430
f 5405 5431 5555
f 5580 5465 5341
f 5433 5341 5234
f 5433 5580 5341
f 5711 5189 5370
f 5726 5275 5098
f 5584 5702 5692
f 5468 5239 5616
f 5498 5585 5619
f 5723 5679 5469
f 5586 5440 5372
f 5636 5586 5372
f 5443 5559 5372
f 5498 5444 5587
f 5639 5560 5442
f 5530 5498 5559
f 5588 5530 5559
f 5560 5372 5638
f 5560 5442 5529
f 5471 5376 5589
f 5563 5530 5444
f 5530 5588 5622
f 5445 5446 5563
f 5563 5445 5622
f 5530 5622 5445
f 5053 5562 5496
f 5591 5216 5531
f 5379 5472 5641
f 5379 5502 5199
f 5447 5590 5537
f 5534 5282 5053
f 5478 5538 5476
f 5501 5572 5568
f 5570 5501 5708
f 5449 5477 5627
f 5502 5380 5684
f 5257 5320 5570
f 5627 5354 5568
f 5380 5381 5450
f 5628 5412 5506
f 5647 5482 5686
f 5645 5646 5362
f 5411 5505 5359
f 5360 5541 5690
f 5480 5452 5457
f 5647 5483 5482
f 5452 5651 5596
f 5651 5452 5414
f 5257 5669 5460
f 5455 5652 5485
f 5456 5543 5453
f 5456 5505 5543
f 5594 5454 5487
f 5455 5460 5652
f 5457 5415 5387
f 5650 5597 5507
f 5456 5391 5511
f 5595 5458 5513
f 5521 5460 5549
f 5386 5488 5630
f 5512 5417 5422
f 5459 5421 5488
f 5512 5263 5576
f 5416 5517 5328
f 5599 5549 5521
f 5397 5420 5609
f 5646 5700 5362
f 5660 5398 5610
f 5677 5554 5429
f 5464 5660 5556
f 5362 5700 5271
f 5464 5660 5556
f 5659 5579 5432
f 5493 5431 5524
f 5466 5524 5405
f 5234 5660 5433
f 5405 5466 5524
f 5346 5746 5214
f 5099 5468 5557
f 5238 5616 5239
f 5348 5620 5618
f 5439 5441 5494
f 5441 5528 5494
f 5441 5620 5373
f 5443 5636 5559
f 5443 5636 5372
f 5529 5588 5443
f 5563 5587 5444
f 5565 5666 5587
f 5535 5378 5623
f 5499 5199 5502
f 5379 5641 5566
f 5503 5666 5532
f 5379 5536 5502
f 5706 5533 5538
f 5731 5590 5448
f 5448 5697 5731
f 5625 5697 5448
f 5409 5501 5568
f 5536 5683 5380
f 5282 5534 5645
f 5544 5504 5410
f 5687 5479 5628
f 5257 5570 5508
f 5628 5507 5687
f 5572 5540 5668
f 5482 5483 5644
f 5359 5505 5451
f 5451 5456 5511
f 5574 5649 5548
f 5511 5453 5543
f 5515 5672 5545
f 5546 5598 5414
f 5459 5514 5385
f 5595 5513 5518
f 5547 5392 5654
f 5511 5391 5517
f 5548 5600 5515
f 5672 5515 5599
f 5459 5630 5488
f 5511 5517 5578
f 5548 5490 5600
f 5549 5611 5521
f 5519 5654 5392
f 5419 5328 5517
f 5328 5419 5331
f 5492 5606 5604
f 5604 5606 5520
f 5602 5492 5422
f 5602 5492 5422
f 5611 5521 5549
f 5608 5603 5424
f 5676 5398 5549
f 5657 5549 5676
f 5521 5549 5657
f 5521 5611 5493
f 5553 5551 5267
f 5398 5676 5610
f 5365 5612 5608
f 5492 5614 5552
f 5634 5522 5553
f 5432 5554 5677
f 5555 5522 5634
f 5555 5634 5405
f 5580 5556 5465
f 5158 5404 5523
f 5722 5276 5190
f 5616 5618 5737
f 5638 5372 5443
f 5638 5443 5588
f 5639 5442 5589
f 5563 5565 5587
f 5563 5641 5565
f 5591 5531 5705
f 5666 5532 5565
f 5624 5499 5533
f 5536 5379 5566
f 5533 5706 5624
f 5535 5708 5501
f 5502 5539 5538
f 5476 5357 5642
f 5449 5627 5625
f 5684 5539 5502
f 5503 5474 5504
f 5686 5450 5381
f 5507 5687 5628
f 5505 5411 5685
f 5628 5506 5505
f 5670 5544 5546
f 5510 5686 5509
f 5508 5574 5515
f 5669 5257 5508
f 5546 5480 5673
f 5545 5669 5508
f 5629 5593 5296
f 5454 5594 5648
f 5486 5546 5414
f 5544 5575 5546
f 5481 5575 5544
f 5690 5656 5542
f 5548 5649 5688
f 5574 5545 5649
f 5481 5512 5575
f 5656 5487 5542
f 5458 5595 5576
f 5460 5521 5652
f 5596 5489 5415
f 5415 5387 5596
f 5632 5596 5651
f 5414 5598 5651
f 5602 5575 5512
f 5548 5688 5490
f 5599 5691 5460
f 5630 5601 5386
f 5597 5650 5605
f 5688 5577 5490
f 5691 5599 5521
f 5597 5605 5578
f 5600 5490 5577
f 5594 5607 5516
f 5550 5516 5607
f 5516 5550 5631
f 5578 5605 5519
f 5602 5606 5492
f 5520 5606 5518
f 5553 5551 5609
f 5524 5655 5493
f 5554 5677 5429
f 5365 5426 5612
f 5432 5579 5554
f 5582 5658 5155
f 5726 5693 5275
f 5702 5584 5276
f 5735 5406 5527
f 5740 5438 5371
f 5528 5620 5441
f 5663 5619 5528
f 5495 5558 5729
f 5729 5723 5469
f 5588 5559 5696
f 5621 5160 5310
f 5638 5560 5529
f 5564 5738 5724
f 5563 5717 5641
f 5641 5664 5566
f 5642 5475 5667
f 5683 5684 5380
f 5539 5706 5538
f 5475 5642 5567
f 5567 5475 5667
f 5537 5590 5731
f 5697 5537 5731
f 5537 5697 5592
f 5687 5628 5626
f 5686 5644 5539
f 5686 5509 5450
f 5650 5507 5687
f 5544 5689 5504
f 5685 5451 5505
f 5457 5673 5480
f 5546 5575 5598
f 5632 5651 5598
f 5669 5460 5691
f 5512 5576 5689
f 5595 5518 5576
f 5516 5577 5675
f 5577 5516 5631
f 5576 5518 5689
f 5489 5596 5609
f 5611 5691 5521
f 5607 5631 5550
f 5606 5492 5602
f 5552 5606 5492
f 5521 5493 5655
f 5493 5611 5657
f 5346 5721 5746
f 5617 5735 5527
f 5619 5678 5585
f 5193 5662 5694
f 5663 5678 5619
f 5621 5193 5160
f 5681 5586 5639
f 5637 5498 5587
f 5715 5705 5531
f 5717 5640 5641
f 5704 5499 5589
f 5624 5704 5499
f 5529 5665 5640
f 5708 5535 5623
f 5738 5564 5473
f 5731 5590 5730
f 5698 5666 5503
f 5534 5725 5645
f 5473 5643 5699
f 5642 5357 5567
f 5569 5698 5503
f 5503 5504 5569
f 5625 5627 5568
f 5476 5644 5357
f 5567 5357 5644
f 5571 5567 5357
f 5572 5668 5568
f 5508 5570 5709
f 5573 5653 5699
f 5689 5544 5670
f 5670 5546 5673
f 5485 5673 5457
f 5594 5487 5656
f 5599 5672 5515
f 5575 5602 5598
f 5516 5675 5594
f 5577 5671 5600
f 5515 5600 5672
f 5689 5602 5512
f 5609 5596 5632
f 5601 5421 5491
f 5676 5691 5611
f 5603 5608 5612
f 5659 5432 5677
f 5610 5657 5676
f 5660 5580 5433
f 5701 5749 5720
f 5344 5720 5741
f 5468 5616 5732
f 5620 5528 5663
f 5678 5585 5498
f 5678 5498 5637
f 5635 5586 5636
f 5586 5635 5680
f 5680 5638 5588
f 5704 5639 5589
f 5564 5724 5561
f 5588 5529 5622
f 5529 5681 5638
f 5665 5529 5682
f 5665 5499 5706
f 5665 5499 5706
f 5683 5698 5666
f 5683 5536 5684
f 5642 5706 5476
f 5707 5685 5591
f 5731 5697 5625
f 5541 5592 5697
f 5568 5668 5625
f 5643 5573 5699
f 5647 5686 5510
f 5540 5454 5648
f 5670 5673 5674
f 5688 5675 5577
f 5673 5485 5652
f 5652 5521 5655
f 5607 5594 5631
f 5303 5710 5661
f 5344 5739 5370
f 5618 5620 5737
f 5695 5559 5636
f 5696 5559 5695
f 5715 5531 5497
f 5681 5680 5586
f 5588 5696 5680
f 5638 5681 5680
f 5681 5704 5682
f 5639 5704 5681
f 5566 5640 5665
f 5642 5624 5706
f 5707 5591 5705
f 5698 5683 5684
f 5645 5719 5646
f 5709 5574 5508
f 5675 5688 5648
f 5688 5649 5671
f 5577 5631 5671
f 5739 5711 5370
f 5726 5098 5711
f 5702 5276 5722
f 5468 5732 5713
f 5620 5663 5737
f 5714 5406 5735
f 5635 5695 5636
f 5681 5622 5529
f 5637 5587 5717
f 5529 5640 5682
f 5640 5717 5682
f 5641 5640 5664
f 5664 5640 5566
f 5587 5666 5717
f 5665 5706 5566
f 5684 5683 5536
f 5731 5697 5625
f 5686 5539 5684
f 5540 5648 5668
f 5675 5648 5594
f 5468 5713 5557
f 5679 5718 5623
f 5563 5622 5717
f 5708 5623 5718
f 5666 5717 5683
f 5736 5742 5303
f 5733 5722 5190
f 5746 5740 5214
f 5703 5734 5617
f 5714 5715 5497
f 5558 5716 5729
f 5716 5558 5561
f 5682 5622 5681
f 5730 5731 5590
f 5661 5749 5701
f 5744 5736 5345
f 5692 5745 5712
f 5733 5190 5694
f 5728 5695 5635
f 5728 5635 5680
f 5682 5717 5622
f 5741 5739 5344
f 5721 5346 5693
f 5557 5713 5703
f 5696 5695 5728
f 5680 5696 5728
f 5679 5723 5718
f 5561 5724 5716
f 5703 5713 5734
f 5663 5727 5737
f 5747 5726 5711
f 5720 5748 5741
f 5749 5748 5720
f 5742 5736 5743
f 5710 5303 5742
f 5736 5744 5743
