# Created by meshio v5.3.5, 2026-07-28T11:05:47.923709
v 1.5609484910964966 -4.934962749481201 -2.7111804485321045
v 4.009368419647217 -5.085330009460449 -1.9709980487823486
v 3.9058048725128174 -5.101243019104004 -2.3218345642089844
v 3.881347894668579 -5.112104415893555 -2.197481155395508
v 4.769192218780518 -5.02250337600708 -2.143510103225708
v 4.533292293548584 -5.054426670074463 -2.1962502002716064
v 4.534840106964111 -5.0543365478515625 -2.0633788108825684
v 1.6116373538970947 -4.6981964111328125 -2.0782666206359863
v 2.2775449752807617 -4.782151699066162 -1.918557047843933
v 1.7484221458435059 -4.515238285064697 -1.8345140218734741
v 2.4332337379455566 -4.599639415740967 -1.6986751556396484
v 1.9405628442764282 -4.305514812469482 -1.6429331302642822
v 2.6898531913757324 -5.033682346343994 -2.2447023391723633
v 2.751828908920288 -5.035792827606201 -2.488173007965088
v 1.8359076976776123 -4.879981517791748 -2.37689208984375
v 1.5155673027038574 -4.839724540710449 -2.446901798248291
v 1.514660358428955 -4.790473461151123 -2.3051419258117676
v 2.111923933029175 -4.928935527801514 -2.3281989097595215
v 2.134037494659424 -4.876917362213135 -2.1366682052612305
v 2.302124261856079 -4.980146408081055 -2.558912992477417
v 2.138093948364258 -4.947312831878662 -2.454335927963257
v 3.2742350101470947 -5.088238716125488 -2.1339120864868164
v 2.7584497928619385 -4.9512152671813965 -1.9603279829025269
v 3.409895181655884 -4.979333400726318 -1.8029974699020386
v -5.068878173828125 -8.108566284179688 -7.8222551345825195
v -4.849987983703613 -8.263031005859375 -8.95779037475586
v -5.092569828033447 -8.227338790893555 -8.816190719604492
v -4.186543941497803 -8.214311599731445 -8.132647514343262
v -4.479632377624512 -8.253961563110352 -8.5138521194458
v -4.463709831237793 -8.181663513183594 -7.96721887588501
v -5.010225296020508 -8.235506057739258 -10.270297050476074
v -4.442101001739502 -8.228870391845703 -11.019622802734375
v -4.999187469482422 -8.061336517333984 -11.568033218383789
v -3.5636403560638428 -8.261280059814453 -8.567890167236328
v -3.850764274597168 -8.307291984558105 -8.981101036071777
v -3.836123466491699 -8.245100975036621 -8.36660385131836
v -3.590876579284668 -8.31746768951416 -9.934680938720703
v -3.8384671211242676 -8.312554359436035 -10.27575969696045
v -3.8514556884765625 -8.331450462341309 -9.689996719360352
v -3.0978012084960938 -8.257904052734375 -9.172219276428223
v -4.185074806213379 -8.320791244506836 -9.419793128967285
v -4.480351448059082 -8.309137344360352 -9.786239624023438
v -4.48408317565918 -8.299823760986328 -9.200641632080078
v -5.634706020355225 -7.941488265991211 -7.384833812713623
v -6.2216010093688965 -7.921503067016602 -7.942439079284668
v -6.195822715759277 -7.807168006896973 -7.277651309967041
v -6.684373378753662 -7.664827346801758 -7.195876598358154
v -7.283903121948242 -7.556785583496094 -7.668295860290527
v -7.270935535430908 -7.4684858322143555 -7.058863639831543
v -6.56992769241333 -7.8540849685668945 -8.219351768493652
v -7.265982627868652 -7.604443550109863 -8.64613151550293
v -7.2826828956604 -7.590555191040039 -8.063080787658691
v -7.785083293914795 -7.27059268951416 -7.002992153167725
v -8.26422119140625 -7.032986640930176 -7.101408004760742
v -8.69128704071045 -6.7135515213012695 -7.2541961669921875
v -9.0180082321167 -6.377277851104736 -7.213294982910156
v -7.775022983551025 -7.350735187530518 -7.967155933380127
v -8.225082397460938 -7.057246685028076 -8.051345825195312
v -7.730673789978027 -7.333977699279785 -8.802900314331055
v -8.163690567016602 -7.006534576416016 -8.854643821716309
v -8.629403114318848 -6.692172050476074 -8.175580024719238
v -9.024550437927246 -6.287663459777832 -7.954076290130615
v -8.570914268493652 -6.634345531463623 -8.827524185180664
v -8.970355033874512 -6.239969253540039 -8.566121101379395
v -5.692263603210449 -8.128745079040527 -9.82380199432373
v -6.185885429382324 -7.960392475128174 -10.172176361083984
v -6.209249496459961 -7.99542236328125 -9.606059074401855
v -6.752220153808594 -7.802414417266846 -9.41883373260498
v -7.224081039428711 -7.568336486816406 -9.471236228942871
v -6.67902135848999 -7.71851110458374 -10.435036659240723
v -7.103353977203369 -7.3472490310668945 -10.973901748657227
v -5.6698808670043945 -8.10915756225586 -8.535070419311523
v -6.220702648162842 -7.997461795806885 -9.061639785766602
v -5.607480525970459 -8.043327331542969 -10.902815818786621
v -5.291165828704834 -7.940493583679199 -11.795931816101074
v -5.553774356842041 -7.9178266525268555 -11.597626686096191
v -6.0129923820495605 -7.622439861297607 -11.985642433166504
v -6.131016731262207 -7.7958526611328125 -11.253862380981445
v -6.625794887542725 -7.608720779418945 -11.062339782714844
v -7.0458855628967285 -7.227120399475098 -11.483436584472656
v -6.4802656173706055 -7.3450236320495605 -12.054434776306152
v -6.92905855178833 -7.034977912902832 -12.087553977966309
v -7.665039539337158 -7.251497745513916 -9.711383819580078
v -7.694167613983154 -7.293277263641357 -9.318089485168457
v -8.116966247558594 -6.9470696449279785 -9.39777946472168
v -7.544013500213623 -7.020227432250977 -10.99128532409668
v -8.004494667053223 -6.745602607727051 -10.630331993103027
v -8.613901138305664 -6.400694370269775 -9.642568588256836
v -8.410801887512207 -6.367062091827393 -10.575777053833008
v -8.798979759216309 -5.962536334991455 -10.46682357788086
v -8.854249954223633 -6.075316429138184 -9.828604698181152
v -7.481602668762207 -6.893855094909668 -11.49052906036377
v -7.902761936187744 -6.534896373748779 -11.469752311706543
v -7.951930046081543 -6.632076263427734 -11.102743148803711
v -7.363613128662109 -6.699944972991943 -12.092806816101074
v -7.786616802215576 -6.344191074371338 -12.075334548950195
v -8.333261489868164 -6.189951419830322 -11.294281959533691
v -8.524742126464844 -5.94045877456665 -11.390875816345215
v -8.686713218688965 -5.716820240020752 -11.483304023742676
v -8.19948959350586 -5.970725059509277 -12.038849830627441
v -8.59892463684082 -5.573668003082275 -11.976463317871094
v -9.376618385314941 -5.819400787353516 -7.7995991706848145
v -9.535411834716797 -5.570670127868652 -7.698654651641846
v -9.2625732421875 -5.82332181930542 -8.677833557128906
v -9.642372131347656 -5.266752243041992 -8.362885475158691
v -9.67398452758789 -5.286779403686523 -7.907500267028809
v -9.209633827209473 -5.4927802085876465 -10.215435028076172
v -9.241195678710938 -5.673184394836426 -9.40965461730957
v -9.512999534606934 -5.064886093139648 -10.080615043640137
v -9.596965789794922 -5.176503658294678 -9.158737182617188
v -9.889025688171387 -4.664982318878174 -8.916214942932129
v -9.882124900817871 -4.816556930541992 -8.133811950683594
v -10.05109977722168 -4.324886322021484 -8.715538024902344
v -9.860208511352539 -4.528371334075928 -9.695446014404297
v -10.116514205932617 -4.008379936218262 -9.451950073242188
v -10.143500328063965 -4.05710506439209 -8.954806327819824
v -9.081796646118164 -5.3160834312438965 -11.222881317138672
v -9.468021392822266 -4.9564385414123535 -10.616131782531738
v -9.029864311218262 -5.104824066162109 -11.805747032165527
v -9.33806037902832 -4.671824932098389 -11.734477996826172
v -9.587775230407715 -4.64324951171875 -10.867530822753906
v -9.794073104858398 -3.9367613792419434 -11.449837684631348
v -9.716362953186035 -4.2532057762146 -11.189253807067871
v -9.758454322814941 -4.37899923324585 -10.702731132507324
v -10.066027641296387 -3.844627857208252 -10.301050186157227
v -9.972269058227539 -3.61246919631958 -11.246174812316895
v -10.239913940429688 -3.7234442234039307 -9.263819694519043
v -10.377685546875 -3.1292061805725098 -9.8262357711792
v -8.220023155212402 -6.690511226654053 -5.445479393005371
v -8.670759201049805 -6.496882438659668 -5.486554145812988
v -9.112417221069336 -6.208594799041748 -5.642006874084473
v -7.964970588684082 -6.283882141113281 -4.368417739868164
v -7.542392253875732 -6.633873462677002 -4.931399345397949
v -8.095206260681152 -6.503030300140381 -4.872014999389648
v -7.432106018066406 -6.345667839050293 -4.386539936065674
v -8.776666641235352 -6.256453990936279 -4.875247478485107
v -9.067521095275879 -6.092133045196533 -4.930323123931885
v -8.505143165588379 -6.154934406280518 -4.320087909698486
v -6.5473408699035645 -6.139795303344727 -3.982767105102539
v -6.819806098937988 -6.298614501953125 -4.242048740386963
v -6.571918487548828 -5.777531147003174 -3.5543277263641357
v -5.179373264312744 -5.326813697814941 -2.8558743000030518
v -8.992218017578125 -5.964461326599121 -4.328779697418213
v -8.893938064575195 -5.829977035522461 -3.803713321685791
v -7.968055248260498 -5.7456207275390625 -3.4045798778533936
v -8.405827522277832 -5.932868957519531 -3.7888684272766113
v -8.242918014526367 -5.7408928871154785 -3.369814872741699
v -8.774940490722656 -5.687927722930908 -3.312925100326538
v -7.299709320068359 -5.208913326263428 -2.646026372909546
v -7.452915191650391 -5.3690185546875 -2.8709704875946045
v -8.474342346191406 -5.533414840698242 -2.8577630519866943
v -8.702681541442871 -5.599916458129883 -3.044792890548706
v -8.497055053710938 -5.229800701141357 -2.225717306137085
v -8.088174819946289 -5.524351119995117 -2.936710834503174
v -7.997288227081299 -5.324092864990234 -2.484560966491699
v -7.840847492218018 -6.010951995849609 -3.8735578060150146
v -7.122475624084473 -5.7899041175842285 -3.5520339012145996
v -7.685586929321289 -5.743295669555664 -3.4414408206939697
v -7.376219272613525 -6.049641132354736 -3.9157016277313232
v -6.7077202796936035 -5.4427642822265625 -3.1391236782073975
v -6.958311557769775 -5.4407477378845215 -3.1120963096618652
v -6.7903265953063965 -5.15690803527832 -2.7311131954193115
v -6.40859317779541 -5.4552998542785645 -3.1668918132781982
v -3.630030393600464 -4.9170331954956055 -1.470686674118042
v -2.735640525817871 -4.489254474639893 0.41828465461730957
v -3.2570083141326904 -4.597203731536865 0.030983466655015945
v -3.0901176929473877 -4.361180305480957 0.5416511297225952
v -2.208771228790283 -5.016448497772217 -1.3091028928756714
v -2.5935330390930176 -5.030915260314941 -1.5473276376724243
v -2.450321912765503 -5.023605823516846 -1.2576830387115479
v -2.3161823749542236 -5.04356050491333 -0.8747731447219849
v -3.2387545108795166 -4.972628116607666 -1.1060470342636108
v -3.5643486976623535 -4.920368194580078 -1.2563709020614624
v -3.505122423171997 -4.932056903839111 -1.0640798807144165
v -2.658444881439209 -5.051327705383301 -0.7879737019538879
v -2.92390513420105 -5.01807975769043 -0.943684995174408
v -3.37379789352417 -4.881563186645508 -0.5823545455932617
v -3.1126856803894043 -4.985572338104248 -1.5369999408721924
v -2.9891202449798584 -4.994458198547363 -1.1509497165679932
v -2.1754794120788574 -4.997923374176025 -0.4188058376312256
v -1.908504605293274 -4.74616813659668 0.04172011464834213
v -1.5920939445495605 -5.013354778289795 -0.6713018417358398
v -1.741868495941162 -4.971398830413818 -1.0098649263381958
v -1.1253070831298828 -5.226174354553223 -0.4541344940662384
v -1.4406452178955078 -4.994418144226074 -0.23594333231449127
v -2.7157492637634277 -4.824490070343018 -0.19656457006931305
v -8.213155746459961 -4.717469692230225 -1.1014916896820068
v -8.352471351623535 -4.910353660583496 -1.5244535207748413
v -8.077300071716309 -4.472016334533691 -0.5254244804382324
v -7.3382039070129395 -4.277925491333008 -0.4139516055583954
v -7.519148349761963 -3.4934334754943848 1.7106647491455078
v -7.090029239654541 -3.2403769493103027 2.1502578258514404
v -7.379228115081787 -3.208897113800049 2.310342788696289
v -6.527744770050049 -3.8801190853118896 0.3239174783229828
v -7.568326950073242 -3.9853224754333496 0.481599360704422
v -7.956180095672607 -4.230544567108154 0.06418175250291824
v -7.807525634765625 -3.981778621673584 0.630854070186615
v -7.771816730499268 -3.7266032695770264 1.265465259552002
v -6.831066131591797 -4.022824287414551 0.04329589381814003
v -7.203661918640137 -3.9951837062835693 0.2575489580631256
v -5.355499744415283 -3.5117037296295166 1.2786340713500977
v -6.930277347564697 -3.500818967819214 1.4042729139328003
v -7.017212867736816 -3.6581876277923584 1.0421535968780518
v -6.793790817260742 -3.2594187259674072 1.9786995649337769
v -6.35025691986084 -3.56068754196167 1.0858187675476074
v -5.371627330780029 -4.631346225738525 -1.229728102684021
v -5.805090427398682 -4.671165943145752 -1.6094961166381836
v -5.661252021789551 -4.545615196228027 -1.1387789249420166
v -3.8602495193481445 -5.06799840927124 -2.1363439559936523
v -4.902227878570557 -4.875405788421631 -2.1410889625549316
v -5.947851657867432 -4.776484489440918 -2.022341251373291
v -4.63823127746582 -4.722590446472168 -1.3478857278823853
v -7.193854808807373 -5.016339302062988 -2.2264251708984375
v -6.46615743637085 -4.802690505981445 -1.9816088676452637
v -7.043210983276367 -4.8343424797058105 -1.7630239725112915
v -7.776856422424316 -5.098376750946045 -2.0946431159973145
v -7.304718971252441 -4.796945571899414 -1.6263221502304077
v -7.618535995483398 -4.762179851531982 -1.4539672136306763
v -6.894465446472168 -4.562944412231445 -1.2209128141403198
v -6.4394850730896 -4.349814414978027 -0.8045363426208496
v -6.755082607269287 -4.296077728271484 -0.6478521227836609
v -6.3431596755981445 -4.672374248504639 -1.4710475206375122
v -6.198067665100098 -4.4011359214782715 -0.9159402847290039
v -7.475428581237793 -4.494915008544922 -0.894214391708374
v -6.3075761795043945 -5.167086124420166 -2.786250591278076
v -6.093775272369385 -4.940092086791992 -2.4149274826049805
v -6.859217643737793 -4.96130895614624 -2.2982003688812256
v -3.915771245956421 -4.625548839569092 -0.37576085329055786
v -4.454708576202393 -4.593434810638428 -0.6667300462722778
v -4.37127161026001 -4.4393486976623535 -0.3081490099430084
v -5.388428211212158 -4.042665481567383 0.010599237866699696
v -4.099907398223877 -3.9514448642730713 0.8477909564971924
v -3.7388365268707275 -4.414016246795654 0.13479672372341156
v -4.2359724044799805 -4.192404747009277 0.26884958148002625
v -3.5982441902160645 -4.159395217895508 0.7001791000366211
v -4.05003023147583 -4.835444927215576 -1.4215916395187378
v -4.007131576538086 -4.836009979248047 -0.9873704314231873
v -5.007394313812256 -7.844805717468262 -6.711214065551758
v -4.908811092376709 -7.559722423553467 -5.905770301818848
v -3.5257904529571533 -7.138045787811279 -4.938629150390625
v -4.768033504486084 -7.278974533081055 -5.294630527496338
v -4.680359840393066 -6.887261867523193 -4.62774658203125
v -3.9450857639312744 -7.404153823852539 -5.428864002227783
v -4.2897844314575195 -7.576170921325684 -5.840859889984131
v -4.2212815284729 -7.355618953704834 -5.349679946899414
v -4.215087890625 -6.974135398864746 -4.703643321990967
v -1.8553242683410645 -5.818922519683838 -3.29254150390625
v -4.072215557098389 -6.223184108734131 -3.6931211948394775
v -4.545511722564697 -6.4979658126831055 -4.090763092041016
v -4.420401573181152 -6.16122579574585 -3.6650826930999756
v -4.1514763832092285 -5.537877559661865 -2.8948190212249756
v -2.6419777870178223 -6.444830894470215 -3.9837000370025635
v -3.2827506065368652 -6.3341264724731445 -3.788736581802368
v -2.094917058944702 -7.864833831787109 -7.429366111755371
v -2.4764060974121094 -8.0767822265625 -8.277931213378906
v -2.3736026287078857 -7.87642765045166 -7.1742024421691895
v -2.280245304107666 -7.655567169189453 -6.416801452636719
v -1.7776850461959839 -7.231849670410156 -5.661045074462891
v -1.4824366569519043 -7.3625006675720215 -6.27699089050293
v -3.7552294731140137 -8.0877103805542 -7.4550933837890625
v -4.4178643226623535 -8.014347076416016 -7.174003601074219
v -3.2746591567993164 -7.5067572593688965 -5.670893669128418
v -3.699916124343872 -7.74136209487915 -6.236969947814941
v -3.6163556575775146 -7.4578471183776855 -5.537458419799805
v -2.884524345397949 -7.167685508728027 -5.066793918609619
v -2.6913959980010986 -7.564764499664307 -5.962595462799072
v -3.075052499771118 -7.819262504577637 -6.578229904174805
v -2.9806644916534424 -7.541516304016113 -5.806062698364258
v -3.0448720455169678 -8.100473403930664 -7.761139392852783
v -2.584930181503296 -7.873410224914551 -7.005290508270264
v -2.0232739448547363 -6.453775405883789 -4.1242899894714355
v -1.8797117471694946 -6.833570957183838 -4.79793119430542
v -2.214245319366455 -7.177358627319336 -5.298778057098389
v -2.1139049530029297 -6.825878620147705 -4.683712482452393
v -1.5019681453704834 -6.432318687438965 -4.304825305938721
v -1.5971264839172363 -6.0539445877075195 -3.6854286193847656
v -1.9204092025756836 -6.04658842086792 -3.5862014293670654
v -1.199511170387268 -6.101028919219971 -3.905334234237671
v -0.7627052664756775 -5.695560455322266 -3.4901134967803955
v -1.061732292175293 -6.453285217285156 -4.562343597412109
v -1.3563182353973389 -6.801581382751465 -5.043567180633545
v -1.275476336479187 -6.440880298614502 -4.42868185043335
v -0.9985294938087463 -6.835456848144531 -5.407775402069092
v -0.6603723764419556 -6.470621585845947 -4.857459545135498
v -0.3419208824634552 -6.143928527832031 -4.362451076507568
v 0.015202267095446587 -5.854267597198486 -3.9284050464630127
v -0.7127045392990112 -6.071567535400391 -4.093504428863525
v -2.409651041030884 -6.806396007537842 -4.563863277435303
v -2.7796802520751953 -6.776839733123779 -4.4393510818481445
v -3.0194032192230225 -6.752243995666504 -4.372693061828613
v -6.745678424835205 -7.379128932952881 -6.2549896240234375
v -7.247081279754639 -7.375916481018066 -6.640806674957275
v -7.213998317718506 -7.264817714691162 -6.236695289611816
v -6.579981803894043 -7.148237705230713 -5.605859279632568
v -6.030369758605957 -7.2868452072143555 -5.682117938995361
v -5.917440891265869 -6.977860927581787 -5.053040504455566
v -5.267599582672119 -6.850433349609375 -4.678812026977539
v -5.788013458251953 -6.651803016662598 -4.5096116065979
v -7.129538059234619 -7.006068229675293 -5.536809921264648
v -7.008480072021484 -6.72288179397583 -4.953070640563965
v -6.028233051300049 -6.595516204833984 -4.492199897766113
v -6.492285251617432 -6.804353713989258 -4.936193466186523
v -6.330812454223633 -6.528504371643066 -4.471188545227051
v -5.872053623199463 -7.636349678039551 -6.469675064086914
v -6.153903961181641 -7.666759490966797 -6.741985321044922
v -5.3666181564331055 -7.451075553894043 -5.801270961761475
v -5.519491195678711 -7.560034275054932 -6.1064276695251465
v -5.569731712341309 -7.716158866882324 -6.541756629943848
v -5.476355075836182 -7.081681251525879 -5.108388900756836
v -7.734331130981445 -7.074211120605469 -6.105423927307129
v -8.241873741149902 -6.890176296234131 -6.172266483306885
v -7.661802768707275 -6.871081829071045 -5.498780250549316
v -8.704572677612305 -6.651061058044434 -6.454869747161865
v -9.110912322998047 -6.2837324142456055 -6.460608959197998
v -5.498489856719971 -5.947288990020752 -3.6086347103118896
v -5.646059989929199 -6.29694128036499 -4.034060001373291
v -6.183474540710449 -6.189563751220703 -4.0068464279174805
v -6.11853551864624 -5.832962512969971 -3.582084894180298
v -1.181613802909851 -4.9750800132751465 -1.892278790473938
v -1.512601375579834 -5.062271595001221 -2.0839152336120605
v -1.4170911312103271 -4.98230504989624 -1.8345671892166138
v -1.635365605354309 -5.2422614097595215 -2.4553744792938232
v -1.6983858346939087 -5.372345924377441 -2.665743112564087
v -1.2899819612503052 -5.430331230163574 -2.8846404552459717
v -0.9700490236282349 -5.207497596740723 -2.6425931453704834
v -0.7522039413452148 -4.947732925415039 -2.005197763442993
v -0.810293972492218 -4.989701747894287 -2.144169807434082
v -0.5071659088134766 -5.030136585235596 -2.3920540809631348
v -0.9346939921379089 -5.044066905975342 -2.2749853134155273
v -3.0569965839385986 -5.690456390380859 -2.971647262573242
v -2.935915231704712 -5.43412446975708 -2.622061252593994
v -2.24664044380188 -5.261586666107178 -2.358787775039673
v -2.2974884510040283 -5.342621326446533 -2.5144007205963135
v -2.798917055130005 -5.204849720001221 -2.239415168762207
v -2.6981618404388428 -5.1044721603393555 -1.958659052848816
v -2.0031745433807373 -5.047411918640137 -1.79555344581604
v -2.2413320541381836 -5.124887466430664 -2.022366523742676
v -2.3288047313690186 -5.710354804992676 -3.0663771629333496
v -2.5606637001037598 -5.442320823669434 -2.663524627685547
v -1.1897597312927246 -4.964190483093262 -1.3268662691116333
v -1.4396547079086304 -4.952658653259277 -1.492903232574463
v -1.002449631690979 -5.127824783325195 -0.917981743812561
v -0.5681447982788086 -5.235548496246338 -0.7384930849075317
v -0.8492816090583801 -5.256422519683838 -0.5954912304878235
v -0.350944846868515 -5.089759349822998 -1.195483684539795
v -0.494098424911499 -5.043510913848877 -1.4238080978393555
v -0.0775916799902916 -5.063894748687744 -0.9814183115959167
v 0.09024341404438019 -4.886904239654541 -1.9976078271865845
v 0.24336111545562744 -4.829537391662598 -1.7370057106018066
v -0.33326709270477295 -4.956171035766602 -1.834022879600525
v -0.7325209975242615 -4.975631237030029 -1.6999439001083374
v -0.06182990223169327 -4.932255268096924 -1.6285618543624878
v 0.6324254870414734 -4.621789455413818 -1.5947929620742798
v 0.42111721634864807 -4.7380170822143555 -1.516748070716858
v 0.6337671875953674 -4.552045822143555 -1.3148930072784424
v 0.16882650554180145 -4.872746467590332 -1.4175466299057007
v 0.3629721999168396 -4.759071350097656 -1.1954355239868164
v -1.8820607662200928 -4.977058410644531 -1.3847936391830444
v -0.1692093014717102 -5.206750392913818 -2.835171699523926
v -0.1949380338191986 -5.321694850921631 -3.0129847526550293
v -0.8147022128105164 -5.404212474822998 -3.0197811126708984
v -1.1233772039413452 -5.659985542297363 -3.2902560234069824
v -1.0382816791534424 -5.404066562652588 -2.953512191772461
v -0.43244534730911255 -5.20007848739624 -2.75270676612854
v -0.1104917973279953 -5.052979946136475 -2.5314993858337402
v 0.26389071345329285 -4.915645122528076 -2.3182051181793213
v -0.09592907875776291 -4.952456951141357 -2.2108254432678223
v 0.33470743894577026 -5.043665885925293 -2.647787570953369
v -0.008094132877886295 -5.500720500946045 -3.344036340713501
v -0.2566152513027191 -5.690223693847656 -3.5824084281921387
v -0.22025227546691895 -5.470089912414551 -3.2416446208953857
v 0.34879791736602783 -5.268170356750488 -3.0480799674987793
v 0.3536336123943329 -5.5744805335998535 -3.555063247680664
v 1.1842278242111206 -4.859829425811768 -2.5555949211120605
v 1.1169452667236328 -5.063511848449707 -2.9447531700134277
v 0.7629961371421814 -5.020110130310059 -2.7789993286132812
v 0.6073863506317139 -4.76746129989624 -2.1231040954589844
v 1.167860984802246 -4.708261013031006 -2.2292654514312744
v 0.7930505871772766 -4.821971416473389 -2.4145476818084717
v 0.8599367737770081 -4.707649230957031 -2.168577194213867
v 1.2254389524459839 -4.386626243591309 -1.7473071813583374
v 1.046707034111023 -4.526839733123779 -1.8683323860168457
v 1.414560317993164 -4.128811836242676 -1.5517176389694214
v -9.0231351852417 -5.077510356903076 -2.020223379135132
v -9.515677452087402 -4.814635753631592 -2.0442512035369873
v -9.809789657592773 -4.391933441162109 -1.9706600904464722
v -9.432795524597168 -5.859453201293945 -5.678648948669434
v -9.413337707519531 -5.785221576690674 -4.9912238121032715
v -9.792478561401367 -5.205103874206543 -4.801154136657715
v -9.780871391296387 -5.188902854919434 -4.55279541015625
v -9.800797462463379 -5.246047019958496 -5.483951568603516
v -9.800421714782715 -5.229203701019287 -5.218677520751953
v -9.939651489257812 -4.891048431396484 -4.679976940155029
v -9.944268226623535 -4.940537929534912 -5.365928649902344
v -10.06849479675293 -4.6195902824401855 -5.228499412536621
v -10.062261581420898 -4.591240882873535 -4.8287153244018555
v -10.191648483276367 -4.217410564422607 -5.040822982788086
v -9.120718955993652 -5.569838523864746 -3.2718799114227295
v -9.627629280090332 -5.161116600036621 -3.276592493057251
v -9.399127006530762 -5.624847888946533 -4.187617778778076
v -9.35167121887207 -5.581822872161865 -3.831022024154663
v -9.86337661743164 -4.961494445800781 -4.011301040649414
v -10.018569946289062 -4.568838596343994 -3.830660104751587
v -9.998010635375977 -4.57847785949707 -3.550363779067993
v -10.105195999145508 -4.27530574798584 -3.6757194995880127
v -9.150744438171387 -5.280913829803467 -2.6214804649353027
v -9.593546867370605 -4.959392070770264 -2.609241485595703
v -9.99658203125 -4.359663486480713 -2.8778934478759766
v -10.195388793945312 -3.7601215839385986 -3.2878100872039795
v -10.051521301269531 -4.571682453155518 -4.5345282554626465
v -10.036630630493164 -4.562685966491699 -4.176539897918701
v -10.159063339233398 -4.20035982131958 -4.3531389236450195
v -10.24666690826416 -3.701817035675049 -3.9613499641418457
v -10.269168853759766 -3.8730921745300293 -4.866706848144531
v -10.258070945739746 -3.8435142040252686 -4.553299427032471
v -10.225850105285645 -3.1573729515075684 -2.9232966899871826
v -10.319180488586426 -3.586090326309204 -4.715238571166992
v -10.312382698059082 -2.921858072280884 -3.639802932739258
v -10.259592056274414 -2.8366971015930176 -3.157421827316284
v -10.28628921508789 -2.564318895339966 -3.3241047859191895
v -10.378632545471191 -2.9700326919555664 -4.388716220855713
v -10.382166862487793 -2.480236053466797 -4.058943271636963
v -10.352895736694336 -1.831216812133789 -3.827303886413574
v -8.644217491149902 -4.143325328826904 0.45892709493637085
v -9.120469093322754 -4.0912628173828125 0.3120521306991577
v -9.059314727783203 -3.9803028106689453 0.5967115759849548
v -9.540159225463867 -3.586440086364746 0.44225019216537476
v -9.345366477966309 -4.501038074493408 -0.9561672806739807
v -9.290799140930176 -4.401731491088867 -0.6459765434265137
v -8.910859107971191 -4.843908309936523 -1.3983662128448486
v -9.3974609375 -4.5969367027282715 -1.2878048419952393
v -9.730080604553223 -3.9418978691101074 -0.7621817588806152
v -9.781084060668945 -4.175414562225342 -1.4077229499816895
v -9.963643074035645 -3.806259870529175 -1.6186660528182983
v -9.98875904083252 -3.445852518081665 -1.3606029748916626
v -8.38645076751709 -4.444915771484375 -0.33747798204421997
v -8.821122169494629 -4.585277080535889 -0.7051241397857666
v -8.663275718688965 -4.395924091339111 -0.19113026559352875
v -9.179619789123535 -4.199366092681885 -0.014073457568883896
v -9.589654922485352 -3.8215715885162354 -0.07533807307481766
v -9.820320129394531 -3.2327191829681396 -0.27883458137512207
v -9.750645637512207 -3.0066428184509277 0.1860966980457306
v -9.911778450012207 -2.775967597961426 -0.8069273233413696
v -9.782537460327148 -2.340416193008423 -0.39992573857307434
v -8.279997825622559 -3.9472804069519043 0.9224616885185242
v -8.92830753326416 -3.7424156665802 1.1832419633865356
v -8.260778427124023 -3.664360284805298 1.5461812019348145
v -9.351749420166016 -3.387669563293457 1.1520321369171143
v -9.59921646118164 -2.928877115249634 0.9040478467941284
v -9.56067180633545 -2.6613762378692627 1.1295632123947144
v -8.754427909851074 -3.427617073059082 1.8482362031936646
v -8.624885559082031 -3.1956679821014404 2.2636027336120605
v -7.943573474884033 -3.1425375938415527 2.5435242652893066
v -8.450718879699707 -2.8846206665039062 2.7533276081085205
v -8.210083961486816 -3.363751173019409 2.13126540184021
v -9.132940292358398 -2.993441343307495 1.9511830806732178
v -9.112812995910645 -2.7224671840667725 2.1684327125549316
v -8.94991683959961 -2.3128929138183594 2.5759057998657227
v -9.320477485656738 -2.141385793685913 1.7810183763504028
v -9.089282989501953 -1.8241405487060547 2.225719690322876
v -9.660173416137695 -2.3910460472106934 0.4552444517612457
v -9.488384246826172 -1.9871962070465088 0.8620417714118958
v -9.614452362060547 -1.9346617460250854 0.007422354072332382
v -9.412108421325684 -1.6152565479278564 0.4151317775249481
v -9.278918266296387 -1.6303497552871704 1.2699613571166992
v -9.028348922729492 -1.3928580284118652 1.6786315441131592
v -9.180619239807129 -1.3689274787902832 0.8234419822692871
v -8.876389503479004 -1.1635578870773315 1.232253074645996
v -10.113929748535156 -3.6809511184692383 -2.4336462020874023
v -10.042888641357422 -3.547208070755005 -1.8003418445587158
v -10.113248825073242 -3.1998260021209717 -2.068542718887329
v -10.042945861816406 -2.718892812728882 -1.6622552871704102
v -10.172856330871582 -2.6956593990325928 -2.523149251937866
v -10.05653190612793 -2.4827451705932617 -1.868448257446289
v -10.06787395477295 -2.203484058380127 -2.110502243041992
v -9.886944770812988 -2.1755616664886475 -1.1584463119506836
v -9.764582633972168 -1.9535906314849854 -0.7616190314292908
v -9.925049781799316 -1.768603801727295 -1.7033361196517944
v -9.74830150604248 -1.4893226623535156 -1.295596957206726
v -10.212697982788086 -2.113335132598877 -2.9543213844299316
v -10.097309112548828 -1.6092370748519897 -2.6521313190460205
v -10.2443208694458 -1.5890306234359741 -3.3165714740753174
v -10.088910102844238 -1.282607913017273 -2.9870107173919678
v -9.904045104980469 -1.3574857711791992 -2.2416768074035645
v -9.61263370513916 -1.2268459796905518 -1.766495943069458
v -9.455195426940918 -1.014391303062439 -2.191249370574951
v -9.571857452392578 -1.6152501106262207 -0.36840105056762695
v -9.358077049255371 -1.400081992149353 0.08852352201938629
v -9.464543342590332 -1.2938671112060547 -0.8874817490577698
v -9.118885040283203 -1.1363565921783447 -0.4789842665195465
v -8.513110160827637 -0.9088340401649475 0.5778924822807312
v -8.975439071655273 -1.1623694896697998 0.388048380613327
v -8.760294914245605 -0.9762147665023804 -0.07029641419649124
v -8.390355110168457 -0.807888925075531 0.3385561406612396
v -8.856742858886719 -0.8472141623497009 -1.101265549659729
v -8.740702629089355 -0.7190853953361511 -1.3741093873977661
v -7.937089443206787 -0.41784605383872986 -0.6463847160339355
v -8.22696304321289 -0.5416313409805298 -0.8201280832290649
v -9.386712074279785 -5.936155319213867 -6.429969310760498
v -9.427192687988281 -5.829772472381592 -7.053893089294434
v -9.73847484588623 -5.300549030303955 -6.859321594238281
v -9.784200668334961 -5.271524429321289 -6.066286563873291
v -10.022260665893555 -4.688122272491455 -6.580879211425781
v -10.053865432739258 -4.656895637512207 -5.898157596588135
v -10.062968254089355 -4.635571002960205 -5.545347690582275
v -10.172147750854492 -4.324889659881592 -5.749735355377197
v -10.281257629394531 -3.9550511837005615 -5.576415538787842
v -10.277953147888184 -3.914834499359131 -5.236880779266357
v -10.326075553894043 -3.790627956390381 -6.158480644226074
v -9.694735527038574 -5.291437149047852 -7.574906349182129
v -10.27347469329834 -3.9625866413116455 -6.940728187561035
v -9.98039722442627 -4.710058689117432 -7.305469512939453
v -10.347439765930176 -3.6521270275115967 -5.4244232177734375
v -10.454117774963379 -3.1516013145446777 -5.820733547210693
v -10.443830490112305 -3.3339433670043945 -6.60283088684082
v -10.596471786499023 -2.6806061267852783 -6.9856181144714355
v -10.638755798339844 -2.2250022888183594 -6.642395973205566
v -10.424869537353516 -3.0997893810272217 -5.130321979522705
v -10.46370792388916 -2.4800026416778564 -4.768248558044434
v -10.519207000732422 -2.553720712661743 -5.473505973815918
v -10.533769607543945 -2.257850408554077 -5.300745964050293
v -10.522276878356934 -2.0832531452178955 -5.065894603729248
v -10.45154094696045 -2.0216033458709717 -4.440713405609131
v -10.386154174804688 -1.446097731590271 -4.095715522766113
v -10.499067306518555 -1.4581122398376465 -4.8160552978515625
v -10.357545852661133 -1.0863983631134033 -4.52931022644043
v -10.572233200073242 -2.446930408477783 -6.076157093048096
v -10.553725242614746 -2.3449547290802 -5.647973537445068
v -10.591570854187012 -2.0987374782562256 -5.871153354644775
v -10.593008995056152 -1.4135884046554565 -5.701392650604248
v -10.647882461547852 -1.600486159324646 -6.3000617027282715
v -10.61278247833252 -1.2254087924957275 -5.965251922607422
v -10.553656578063965 -1.3136427402496338 -5.366786003112793
v -10.515849113464355 -1.2282462120056152 -5.095832824707031
v -10.25247573852539 -0.9042219519615173 -4.847562789916992
v -10.383397102355957 -0.9648779034614563 -5.59372615814209
v -10.083879470825195 -0.6570590138435364 -5.3532395362854
v -10.161700248718262 -4.078603744506836 -8.574116706848145
v -10.197223663330078 -4.109210014343262 -7.803558826446533
v -10.43741226196289 -3.425687313079834 -7.419395923614502
v -10.367294311523438 -3.4003589153289795 -9.05346393585205
v -10.402426719665527 -3.4448859691619873 -8.438879013061523
v -10.499951362609863 -3.0440447330474854 -8.821381568908691
v -10.591667175292969 -2.7490928173065186 -8.606545448303223
v -10.590124130249023 -2.8429758548736572 -7.9613261222839355
v -10.66515827178955 -2.435297966003418 -8.373320579528809
v -10.672029495239258 -2.3400344848632812 -7.473414897918701
v -10.698335647583008 -1.8115134239196777 -7.097233295440674
v -10.72325325012207 -1.9400975704193115 -7.950904846191406
v -10.7361421585083 -1.3857252597808838 -7.573166370391846
v -10.58094310760498 -2.606048822402954 -9.25059986114502
v -10.657626152038574 -1.8173933029174805 -9.726137161254883
v -10.711828231811523 -1.9472869634628296 -8.886988639831543
v -10.709543228149414 -1.4843709468841553 -9.408561706542969
v -10.752105712890625 -1.449926733970642 -8.45722770690918
v -10.7321195602417 -1.0771479606628418 -8.051519393920898
v -10.685846328735352 -1.3147194385528564 -6.745933532714844
v -10.47999382019043 -0.9660364985466003 -6.510822296142578
v -10.618913650512695 -1.053405523300171 -7.181249618530273
v -10.32796573638916 -0.8515717387199402 -6.02154541015625
v -10.602784156799316 -0.8112172484397888 -8.516138076782227
v -10.41237735748291 -0.8352464437484741 -6.788076877593994
v -9.890218734741211 -0.358744353055954 -6.041789531707764
v -10.52696704864502 -0.8474114537239075 -7.626769542694092
v -10.30241584777832 -0.6251848340034485 -7.225045204162598
v -10.39820671081543 -0.6169284582138062 -8.081520080566406
v -10.195734024047852 -0.44263365864753723 -7.674134731292725
v -10.164161682128906 -0.5857769250869751 -6.409444808959961
v -9.95323371887207 -0.33001190423965454 -6.7047505378723145
v -9.801497459411621 -0.2460707724094391 -6.356936931610107
v -9.912546157836914 -0.23518259823322296 -7.277324199676514
v -9.63624382019043 -0.04252474755048752 -6.9016218185424805
v -9.816877365112305 -0.6900334358215332 -3.7492263317108154
v -9.137187004089355 -0.3700235188007355 -3.011894464492798
v -9.878623008728027 -0.5050901174545288 -4.922696113586426
v -9.523555755615234 -0.2715855836868286 -4.518245697021484
v -8.38318157196045 -0.20218361914157867 -2.2534098625183105
v -7.574771881103516 -0.040421321988105774 -1.465224027633667
v -8.063950538635254 0.3362644612789154 -3.085719585418701
v -8.690961837768555 0.09716381877660751 -3.6709656715393066
v -7.228853702545166 0.7103224992752075 -2.3626904487609863
v -7.964713096618652 0.5233701467514038 -3.385248899459839
v -6.99019718170166 1.490329384803772 -3.3379547595977783
v -7.190672874450684 1.3307405710220337 -3.496979236602783
v -6.926356315612793 1.7004270553588867 -3.687105417251587
v -9.225118637084961 0.1007726788520813 -5.490096092224121
v -8.570205688476562 0.44121894240379333 -4.639531135559082
v -9.592159271240234 -0.16180770099163055 -5.679294586181641
v -9.533651351928711 -0.08751022070646286 -5.882901668548584
v -9.467392921447754 -0.008240580558776855 -6.101953506469727
v -9.14631462097168 0.20166294276714325 -5.752885818481445
v -9.33825969696045 0.1657055914402008 -6.543868064880371
v -9.0180082321167 0.38817086815834045 -6.202123165130615
v -8.931200981140137 0.23637782037258148 -4.979221820831299
v -8.87295913696289 0.3266673684120178 -5.186800003051758
v -8.805108070373535 0.4227991998195648 -5.415149211883545
v -8.463273048400879 0.6418218016624451 -5.042604923248291
v -8.67452335357666 0.6263756155967712 -5.874635696411133
v -8.324786186218262 0.8997761011123657 -5.566440105438232
v -7.797329902648926 0.9015097618103027 -3.977451801300049
v -7.576657772064209 1.4396092891693115 -4.988187789916992
v -6.783686637878418 1.7694836854934692 -4.384283542633057
v 11.916749000549316 -5.539989948272705 3.712944746017456
v 11.429563522338867 -5.451150894165039 3.532910108566284
v 11.461787223815918 -5.393927097320557 3.8188083171844482
v 13.050591468811035 -5.688953399658203 4.099467754364014
v 12.507406234741211 -5.551373481750488 4.3368120193481445
v 13.398333549499512 -5.551219463348389 4.629090785980225
v 13.145063400268555 -5.513598918914795 4.768723011016846
v 11.567296981811523 -5.260608196258545 4.480625629425049
v 12.394418716430664 -5.272332668304443 5.069064617156982
v 12.053912162780762 -5.294915199279785 4.815996170043945
v 12.099672317504883 -5.184438705444336 5.145050048828125
v 11.589264869689941 -5.034036159515381 5.3116278648376465
v 12.020232200622559 -5.404927730560303 4.4242448806762695
v 14.07051944732666 -6.207791805267334 1.1152199506759644
v 13.536115646362305 -6.173564434051514 0.8519940972328186
v 13.568659782409668 -6.098052024841309 1.2806395292282104
v 11.982664108276367 -5.768287181854248 1.997286081314087
v 11.356566429138184 -5.826192855834961 1.6223093271255493
v 11.37595272064209 -5.6503801345825195 2.2619965076446533
v 12.354205131530762 -6.226553916931152 0.22655953466892242
v 11.217790603637695 -6.341492176055908 -0.35077252984046936
v 11.29293441772461 -6.0907697677612305 0.6451255083084106
v 13.018193244934082 -5.9867072105407715 1.545615553855896
v 12.438003540039062 -5.957937717437744 1.2748774290084839
v 12.47039794921875 -5.871603488922119 1.76674222946167
v 13.063763618469238 -6.130923271179199 0.6730111837387085
v 13.657732963562012 -5.840721607208252 2.7935147285461426
v 13.664387702941895 -5.725654125213623 3.689854621887207
v 13.95948600769043 -5.476161479949951 4.182314872741699
v 14.375626564025879 -5.2646307945251465 3.6901302337646484
v 14.873204231262207 -5.859964370727539 2.064713954925537
v 14.739792823791504 -6.117438793182373 1.5722365379333496
v 13.798604011535645 -5.9965105056762695 1.9611023664474487
v 14.24724292755127 -5.845458507537842 2.4853291511535645
v 14.164183616638184 -6.031088829040527 1.7964872121810913
v 15.085810661315918 -5.418905258178711 2.31673526763916
v 14.683564186096191 -5.544008255004883 2.8250250816345215
v 14.171784400939941 -5.642240047454834 3.2780418395996094
v 14.678256034851074 -5.005787372589111 3.244119882583618
v 14.858866691589355 -4.678831577301025 2.7759780883789062
v 12.860363960266113 -5.765507221221924 3.2845330238342285
v 12.500506401062012 -5.738122940063477 3.1031699180603027
v 12.506131172180176 -5.701194763183594 3.4503531455993652
v 12.8681001663208 -5.842296600341797 2.4031405448913574
v 12.488191604614258 -5.812816143035889 2.2280642986297607
v 12.497282028198242 -5.774211883544922 2.58931565284729
v 11.930599212646484 -5.649629592895508 2.846954584121704
v 11.392236709594727 -5.572335720062256 2.6282639503479004
v 11.410016059875488 -5.514952182769775 3.065856456756592
v 3.6032800674438477 -1.6222935914993286 4.118590354919434
v 3.0961668491363525 -1.5890694856643677 4.210843563079834
v 3.720066785812378 -1.3865931034088135 4.695287227630615
v 3.237200975418091 -1.3680864572525024 4.754397392272949
v 4.213912010192871 -1.3516591787338257 4.588303565979004
v 4.385664939880371 -1.1875722408294678 5.058597087860107
v 5.017807483673096 -1.167654275894165 5.319032192230225
v 4.562789440155029 -1.088746190071106 5.538127899169922
v 3.8918404579162598 -1.194332480430603 5.184080600738525
v 3.402625799179077 -1.180272102355957 5.262186527252197
v 4.063441276550293 -1.0708307027816772 5.6695027351379395
v 4.737566947937012 -1.0121136903762817 5.997102737426758
v 5.2930521965026855 -1.0596191883087158 5.871020793914795
v 5.235194206237793 -0.832709014415741 6.222249984741211
v 4.975244998931885 -0.8413844108581543 6.343018054962158
v 3.5924952030181885 -1.034030556678772 5.8738694190979
v 3.7174017429351807 -0.9636015892028809 6.255313873291016
v 4.255807399749756 -0.8775741457939148 6.599811553955078
v 3.912466287612915 -0.8341968059539795 6.6834282875061035
v 3.99690318107605 -0.9902799129486084 6.195545673370361
v 6.908330917358398 -4.872969150543213 -1.549627661705017
v 6.647284984588623 -4.85365104675293 -1.6430933475494385
v 10.0606107711792 -6.336260795593262 -1.0139145851135254
v 10.088188171386719 -6.3174543380737305 -0.6020241379737854
v 9.629838943481445 -6.277386665344238 -0.21879994869232178
v 9.033000946044922 -6.335325241088867 -0.37003791332244873
v 9.166914939880371 -6.255202770233154 0.2217937856912613
v 9.704806327819824 -6.344826698303223 -1.042754054069519
v 9.262170791625977 -6.3383073806762695 -0.8919923901557922
v 8.910853385925293 -6.268398284912109 -1.200623631477356
v 8.95372200012207 -6.345865249633789 -0.8092359304428101
v 8.077869415283203 -6.252936363220215 0.25958114862442017
v 7.575184345245361 -6.141867160797119 0.3198307454586029
v 6.946620941162109 -6.159262180328369 -0.25130900740623474
v 7.099236011505127 -6.020422458648682 0.3870847523212433
v 8.484490394592285 -5.974304676055908 -1.282650113105774
v 8.00540828704834 -5.649808406829834 -1.3377612829208374
v 8.124340057373047 -6.181656837463379 -1.042196273803711
v 7.147030353546143 -6.115495681762695 -0.8464846014976501
v 6.768974781036377 -5.938621997833252 -0.8855297565460205
v 7.4480180740356445 -5.310949325561523 -1.4051567316055298
v 6.961862087249756 -5.526218891143799 -1.1990073919296265
v 8.58431339263916 -6.3306145668029785 -0.7333332300186157
v 7.991909503936768 -6.29927396774292 -0.36826059222221375
v 7.585114002227783 -5.995589256286621 -1.0240079164505005
v 7.451232433319092 -6.2489447593688965 -0.45538830757141113
v 3.170830011367798 -3.641127824783325 1.9139841794967651
v 2.6704063415527344 -3.58315110206604 1.9314489364624023
v 4.536006450653076 -4.625844478607178 1.0957152843475342
v 3.849076747894287 -4.998749256134033 0.7858424186706543
v 4.046394348144531 -4.094036102294922 1.5355844497680664
v 3.4046213626861572 -4.476284027099609 1.2667467594146729
v 3.1538798809051514 -5.244241237640381 0.601743757724762
v 2.553400754928589 -5.421046257019043 0.41012099385261536
v 5.287546634674072 -4.942280292510986 -1.9866033792495728
v 5.9270124435424805 -4.862685203552246 -1.86708402633667
v 5.325486660003662 -4.8850908279418945 -1.6892180442810059
v 4.097520351409912 -4.924825191497803 -1.6819629669189453
v 5.044400215148926 -4.860761642456055 -1.6228594779968262
v 4.625215530395508 -4.9706034660339355 -1.7794185876846313
v 4.796666622161865 -4.824981689453125 -1.5728551149368286
v 4.294384956359863 -4.708131790161133 -1.4872262477874756
v 5.94201135635376 -5.0990519523620605 -1.3220458030700684
v 5.483617305755615 -4.840993404388428 -1.4508122205734253
v 5.470933437347412 -5.024360656738281 -1.2740166187286377
v 6.01585054397583 -4.797475337982178 -1.5780537128448486
v 6.481071472167969 -5.091015815734863 -1.4113115072250366
v 4.987930774688721 -4.720689296722412 -1.3628945350646973
v 4.634615898132324 -4.885922908782959 -1.2408692836761475
v 5.16639518737793 -5.100086212158203 -1.1519017219543457
v 4.8596601486206055 -5.166473865509033 -1.0378036499023438
v 3.2230911254882812 -4.674014568328857 -1.5624057054519653
v 2.9403350353240967 -4.799761772155762 -1.714524745941162
v 3.3255510330200195 -4.361937046051025 -1.3825680017471313
v 2.6383626461029053 -4.359243392944336 -1.514488935470581
v 2.1501100063323975 -4.003767013549805 -1.4531035423278809
v 2.861528158187866 -4.141302585601807 -1.3404265642166138
v 2.3072562217712402 -4.29056453704834 -1.255452036857605
v 3.3193609714508057 -4.516637325286865 -1.205918550491333
v 2.972755193710327 -4.5210418701171875 -1.1596561670303345
v 2.5886263847351074 -4.606095790863037 -1.0805447101593018
v 3.1453921794891357 -4.909352779388428 -0.9610073566436768
v 2.4858314990997314 -5.158750534057617 -0.7654303312301636
v 3.594899892807007 -4.806371212005615 -1.6037424802780151
v 3.809032917022705 -4.540640830993652 -1.4229906797409058
v 4.115220546722412 -4.737473011016846 -1.269547700881958
v 3.689114570617676 -4.574307441711426 -1.275644302368164
v 4.422144889831543 -5.017343044281006 -1.057998538017273
v 3.8544983863830566 -4.82481575012207 -1.0648595094680786
v 6.327985763549805 -6.010560035705566 -0.11981120705604553
v 5.946113586425781 -5.91678524017334 -0.062112413346767426
v 6.055687427520752 -5.6294989585876465 0.49656015634536743
v 5.485899925231934 -5.48615837097168 0.4718412756919861
v 5.108990669250488 -5.564526081085205 0.2373790591955185
v 5.067399978637695 -5.116141319274902 0.7503584623336792
v 5.48093318939209 -5.8185272216796875 -0.08691921830177307
v 5.015293121337891 -5.808651447296143 -0.4638645350933075
v 4.9258809089660645 -5.712597846984863 -0.1296016275882721
v 6.391209602355957 -5.503021240234375 -1.1184874773025513
v 5.78460693359375 -5.441309452056885 -1.0288864374160767
v 6.355894565582275 -5.990403175354004 -0.7415496706962585
v 5.8070220947265625 -5.972418308258057 -0.5790055394172668
v 5.294204235076904 -5.486433982849121 -0.878939151763916
v 4.812678813934326 -5.438779354095459 -0.7793244123458862
v 5.299992084503174 -5.79818868637085 -0.5875959992408752
v 4.480483531951904 -5.574028015136719 -0.4803202450275421
v 3.7550811767578125 -5.696737766265869 -0.30771392583847046
v 2.433032989501953 -5.671799182891846 -0.021981850266456604
v 3.7717835903167725 -5.300734996795654 -0.7276037931442261
v 3.0974020957946777 -5.494922161102295 -0.5776691436767578
v 2.4724161624908447 -5.701744556427002 -0.41985130310058594
v 3.654343366622925 -5.470150470733643 0.23954275250434875
v 4.480468273162842 -5.37781286239624 0.24551789462566376
v 3.0178065299987793 -5.65966272354126 -0.04031356796622276
v 4.290339469909668 -5.195574760437012 -0.8385188579559326
v 9.789937019348145 -5.368126392364502 2.7222189903259277
v 9.108328819274902 -5.439039707183838 2.38069224357605
v 9.437618255615234 -5.109768390655518 3.1746597290039062
v 7.003748416900635 -4.6827802658081055 2.0662248134613037
v 8.28976821899414 -5.104706764221191 2.52787184715271
v 11.09135627746582 -4.8730244636535645 5.516290187835693
v 10.52957534790039 -4.678226947784424 5.854936599731445
v 9.93464469909668 -4.583474159240723 6.259746551513672
v 9.45914077758789 -4.4499077796936035 6.05585241317749
v 10.474090576171875 -4.8145928382873535 5.17877197265625
v 9.937152862548828 -4.673489570617676 5.169407367706299
v 9.442298889160156 -4.456377983093262 5.456445217132568
v 10.421930313110352 -4.97401762008667 4.272320747375488
v 10.889687538146973 -5.3567118644714355 3.2710602283477783
v 10.34642219543457 -5.250251770019531 3.085528612136841
v 10.371244430541992 -5.1589250564575195 3.485722303390503
v 9.465738296508789 -4.846500873565674 3.734302282333374
v 9.857378005981445 -4.975199222564697 3.6569502353668213
v 9.914581298828125 -4.772076606750488 4.423781394958496
v 10.939468383789062 -5.179094314575195 4.069858551025391
v 10.991753578186035 -5.007087707519531 4.881009101867676
v 9.307791709899902 -4.5492777824401855 4.698277950286865
v 8.864508628845215 -4.450815677642822 4.9218621253967285
v 8.333579063415527 -4.04703950881958 4.370916366577148
v 8.355721473693848 -4.021551132202148 5.14006233215332
v 7.653249263763428 -3.6756179332733154 3.699432134628296
v 8.605765342712402 -4.0996928215026855 5.790970802307129
v 8.942362785339355 -4.31421422958374 5.8864898681640625
v 8.987231254577637 -4.208957195281982 6.5306620597839355
v 8.528785705566406 -3.897266387939453 6.533370018005371
v 7.935669422149658 -3.444530725479126 5.624790191650391
v 7.482654571533203 -2.9005837440490723 5.310498237609863
v 7.48075532913208 -2.9419188499450684 5.957372188568115
v 7.897056579589844 -3.461334705352783 5.131983757019043
v 8.914525985717773 -4.920308589935303 3.257209539413452
v 8.843860626220703 -4.532403469085693 3.9750723838806152
v 8.250521659851074 -4.380972385406494 3.5173816680908203
v 10.53524112701416 -5.875580310821533 1.3237345218658447
v 9.508146286010742 -6.133484840393066 0.6067289113998413
v 9.097970962524414 -6.114511489868164 0.8378742933273315
v 9.970613479614258 -6.079401016235352 0.5886905193328857
v 9.675131797790527 -5.832981109619141 1.5492675304412842
v 9.021394729614258 -5.877984523773193 1.486878514289856
v 10.273226737976074 -5.589216709136963 2.2073452472686768
v 10.30164909362793 -6.244959354400635 -0.14028529822826385
v 10.150426864624023 -6.036898612976074 0.37497997283935547
v 8.564229965209961 -5.75819206237793 1.6288939714431763
v 8.178865432739258 -6.072391986846924 0.8526133894920349
v 8.08157730102539 -5.669502258300781 1.574501872062683
v 8.591899871826172 -6.268902778625488 0.21703147888183594
v 8.683856964111328 -6.074433326721191 0.9861376881599426
v 7.718435287475586 -5.836422920227051 1.100053071975708
v 7.118319511413574 -5.61561393737793 1.0566049814224243
v 7.6105756759643555 -5.2417802810668945 1.8352383375167847
v 10.958683013916016 -5.5560994148254395 2.4253649711608887
v 5.059197902679443 -2.151397228240967 2.794790506362915
v 6.874053478240967 -3.0918216705322266 3.8327085971832275
v 6.265769004821777 -2.1365504264831543 4.039321422576904
v 5.51370096206665 -1.349409580230713 4.246838569641113
v 5.197004318237305 -1.341500163078308 4.0134968757629395
v 5.264187812805176 -1.245079517364502 4.319278717041016
v 6.12520694732666 -2.7006683349609375 3.232614755630493
v 5.6281938552856445 -2.214512348175049 3.0955379009246826
v 5.665291786193848 -2.0241990089416504 3.4858479499816895
v 5.141618728637695 -1.5815094709396362 3.65895414352417
v 5.776052951812744 -1.596035122871399 4.159144878387451
v 6.161928176879883 -3.6817071437835693 2.4801461696624756
v 6.595439434051514 -4.795311450958252 1.6876749992370605
v 6.591163635253906 -4.221850872039795 2.2957470417022705
v 5.072314739227295 -3.217855930328369 2.2810182571411133
v 5.49895715713501 -3.0791916847229004 2.510636806488037
v 5.684200763702393 -2.722888231277466 2.837430000305176
v 6.112874984741211 -4.811087608337402 1.4121522903442383
v 5.596580505371094 -4.945901870727539 1.0803935527801514
v 5.5914812088012695 -3.9575724601745605 1.9148601293563843
v 5.088484287261963 -4.257803440093994 1.5408451557159424
v 6.723170757293701 -3.9811551570892334 2.6310348510742188
v 7.381767272949219 -4.1453046798706055 2.8996334075927734
v 6.633294105529785 -3.4431416988372803 3.0514965057373047
v 4.164278984069824 -2.1831393241882324 3.2086374759674072
v 4.5949320793151855 -2.6486146450042725 2.6826112270355225
v 4.10323429107666 -3.093663454055786 2.382089376449585
v 4.520608425140381 -1.889419436454773 3.149462938308716
v 3.523864507675171 -2.691908121109009 2.8199496269226074
v 2.8119683265686035 -2.7233903408050537 2.730156660079956
v 3.690695285797119 -1.981285810470581 3.5987794399261475
v 3.0444958209991455 -1.9810854196548462 3.609900712966919
v 3.659092664718628 -3.6291370391845703 1.9444327354431152
v 4.882536888122559 -1.4957960844039917 3.740044593811035
v 4.559755802154541 -1.6846474409103394 3.5159101486206055
v 4.613138198852539 -1.5031505823135376 3.838879108428955
v 4.088643550872803 -1.5708175897598267 4.028519630432129
v 4.743654251098633 -1.2879294157028198 4.425134658813477
v 4.584599494934082 -3.6265323162078857 1.9640742540359497
v 7.092042446136475 -2.498342275619507 5.1456732749938965
v 6.419063568115234 -1.93996262550354 4.869941234588623
v 6.489168167114258 -1.9712858200073242 5.312693119049072
v 7.35239315032959 -3.032667398452759 4.445802211761475
v 6.870477676391602 -2.474975824356079 4.545438766479492
v 6.1719231605529785 -1.7457221746444702 4.694521427154541
v 5.844322681427002 -1.53046715259552 4.460874080657959
v 5.9100542068481445 -1.5402796268463135 4.737448692321777
v 5.410046100616455 -1.2973368167877197 4.855066299438477
v 6.016552925109863 -1.6158332824707031 5.37240743637085
v 5.548862457275391 -1.3150701522827148 5.345541477203369
v 7.079975605010986 -2.417768955230713 5.845219135284424
v 6.630160331726074 -2.002078056335449 5.880887031555176
v 6.173142910003662 -1.6220409870147705 5.888853549957275
v 5.727854251861572 -1.2610746622085571 5.777826309204102
v 6.345760345458984 -1.541789174079895 6.285326957702637
v 5.96488618850708 -1.1039977073669434 6.117190361022949
v 4.664731025695801 -1.1911624670028687 4.987412452697754
v 5.518324375152588 -0.859738290309906 6.109982013702393
v 6.702241897583008 -5.89068603515625 0.420089453458786
v 6.540532112121582 -5.446096897125244 0.9767694473266602
v 13.466588020324707 -5.060489177703857 5.044897079467773
v 12.686905860900879 -4.983401298522949 5.507225036621094
v 13.118849754333496 -4.417311668395996 5.346980571746826
v 12.223152160644531 -4.921226501464844 5.784555435180664
v 11.670347213745117 -4.78652286529541 6.045150279998779
v 12.458343505859375 -4.511218547821045 5.8956708908081055
v 12.305930137634277 -4.249579906463623 6.009800910949707
v 11.97357177734375 -4.259181499481201 6.248100280761719
v 12.713850975036621 -4.115109920501709 5.619264602661133
v 12.12212085723877 -4.003523826599121 6.087132930755615
v 12.352010726928711 -3.5826401710510254 5.63481330871582
v 13.894763946533203 -4.8907470703125 4.611816883087158
v 14.219779014587402 -4.708752155303955 4.082698345184326
v 14.411643028259277 -4.400768280029297 3.5517804622650146
v 14.571084022521973 -4.1685709953308105 2.9931740760803223
v 13.69169807434082 -4.511319637298584 4.779397010803223
v 13.335929870605469 -4.039851188659668 4.933871269226074
v 13.879380226135254 -4.196334362030029 4.308481216430664
v 13.509679794311523 -3.7571260929107666 4.430197238922119
v 13.040468215942383 -3.758100986480713 5.053424835205078
v 13.109091758728027 -3.4328582286834717 4.551848411560059
v 13.016297340393066 -3.525712013244629 4.856097221374512
v 12.895526885986328 -3.2857375144958496 4.606812477111816
v 12.541237831115723 -3.2670509815216064 5.15575647354126
v 14.21605110168457 -4.1396803855896 3.670289993286133
v 13.675801277160645 -3.597602367401123 3.868203639984131
v 14.08310317993164 -3.6980772018432617 3.2142491340637207
v 13.825573921203613 -3.5069408416748047 3.2975096702575684
v 13.285502433776855 -3.316349744796753 3.9551143646240234
v 12.883720397949219 -3.045938014984131 4.03748893737793
v 12.767889976501465 -3.1170434951782227 4.431967735290527
v 13.433807373046875 -3.223005771636963 3.4072651863098145
v 13.042418479919434 -2.9444797039031982 3.4824609756469727
v 9.107564926147461 -4.108538627624512 7.296154022216797
v 8.564844131469727 -3.7737667560577393 7.4062066078186035
v 8.76712703704834 -3.405388355255127 7.724276542663574
v 7.997204780578613 -3.5584816932678223 7.115952014923096
v 8.06722640991211 -3.5018718242645264 7.507537841796875
v 7.548135757446289 -3.055795907974243 7.0470452308654785
v 7.63136625289917 -3.084105968475342 7.505017280578613
v 8.2430419921875 -3.1837527751922607 7.981260299682617
v 7.824709415435791 -2.8078951835632324 7.903680801391602
v 9.357450485229492 -3.4681031703948975 7.844203948974609
v 9.043754577636719 -2.921203136444092 7.563849449157715
v 8.5058012008667 -2.707024574279785 7.9934892654418945
v 8.061566352844238 -2.3764023780822754 7.905544757843018
v 7.141895294189453 -2.494344711303711 6.796642303466797
v 7.2486724853515625 -2.468733310699463 7.158535003662109
v 6.783775329589844 -2.0297744274139404 6.667173862457275
v 6.855928421020508 -1.94832181930542 6.9335808753967285
v 7.001950263977051 -1.9061074256896973 7.21436882019043
v 7.59019136428833 -2.0840232372283936 7.693652153015137
v 5.1531476974487305 -0.6683239936828613 6.4550347328186035
v 5.044399261474609 -0.5255828499794006 6.616552829742432
v 4.701848030090332 -0.5868957042694092 6.776956081390381
v 4.1822357177734375 -0.4425468444824219 6.936500549316406
v 4.8812127113342285 -0.33354365825653076 6.7500081062316895
v 4.500087738037109 0.1050468161702156 6.835337162017822
v 10.554553031921387 -4.672127723693848 6.5353312492370605
v 10.858705520629883 -4.197011947631836 6.977761745452881
v 11.12413215637207 -4.648719310760498 6.302231788635254
v 11.666446685791016 -4.249102592468262 6.4510674476623535
v 10.035231590270996 -4.538582801818848 7.10493278503418
v 9.536879539489746 -4.316523551940918 7.248435974121094
v 10.22934341430664 -4.174630165100098 7.523532390594482
v 9.629162788391113 -3.9348320960998535 7.726624011993408
v 11.363962173461914 -4.222177505493164 6.636780738830566
v 11.102767944335938 -3.5909128189086914 6.794536590576172
v 10.440345764160156 -3.6884357929229736 7.343066692352295
v 10.046689987182617 -3.2441985607147217 7.384634971618652
v 10.684636116027832 -3.2202517986297607 6.932826042175293
v 10.272310256958008 -2.8443033695220947 6.976156711578369
v 11.746781349182129 -3.5616238117218018 6.195865631103516
v 11.329362869262695 -3.1882872581481934 6.35830020904541
v 11.956716537475586 -3.1787002086639404 5.711019039154053
v 11.532361030578613 -2.8618242740631104 5.847651481628418
v 10.911016464233398 -2.8201937675476074 6.448641300201416
v 10.491089820861816 -2.458547830581665 6.472010135650635
v 11.11195182800293 -2.5698981285095215 5.928971290588379
v 10.689236640930176 -2.270571231842041 5.951907157897949
v 9.640135765075684 -2.8556342124938965 7.429263114929199
v 9.238748550415039 -2.4827709197998047 7.399710655212402
v 9.852031707763672 -2.484147548675537 6.992102146148682
v 9.429368019104004 -2.147806167602539 6.966863632202148
v 8.783417701721191 -2.1902241706848145 7.4445271492004395
v 8.378076553344727 -1.8509467840194702 7.399797439575195
v 8.994149208068848 -1.8275262117385864 6.942176818847656
v 8.551889419555664 -1.5041191577911377 6.930394649505615
v 10.059432983398438 -2.1432111263275146 6.475409984588623
v 9.632883071899414 -1.8629586696624756 6.422684669494629
v 10.256726264953613 -1.9818058013916016 5.9512858390808105
v 9.828428268432617 -1.7087974548339844 5.904162406921387
v 9.202350616455078 -1.5664246082305908 6.372655391693115
v 8.761744499206543 -1.2444157600402832 6.35752010345459
v 9.407365798950195 -1.4098540544509888 5.828960418701172
v 8.970998764038086 -1.0672814846038818 5.807755470275879
v 12.139246940612793 -2.975860118865967 5.21492862701416
v 11.721114158630371 -2.7228660583496094 5.290280342102051
v 12.303325653076172 -2.8713293075561523 4.698167324066162
v 11.889601707458496 -2.625231981277466 4.752190589904785
v 11.29794692993164 -2.459324836730957 5.358845233917236
v 10.874134063720703 -2.160885810852051 5.399971961975098
v 11.472996711730957 -2.357661247253418 4.809826850891113
v 11.055387496948242 -2.0567636489868164 4.839416027069092
v 12.554336547851562 -2.8449721336364746 4.0976691246032715
v 12.638614654541016 -2.720176935195923 3.523332118988037
v 12.28016471862793 -2.4677252769470215 3.5829451084136963
v 12.060132026672363 -2.551231622695923 4.16762113571167
v 11.645118713378906 -2.2692296504974365 4.247255802154541
v 11.227137565612793 -1.9475723505020142 4.291959285736084
v 11.811944961547852 -2.1572468280792236 3.6866652965545654
v 11.393884658813477 -1.8460955619812012 3.7339296340942383
v 10.4436616897583 -1.8617382049560547 5.423091411590576
v 10.013493537902832 -1.5577921867370605 5.405684947967529
v 10.629834175109863 -1.7367610931396484 4.8580851554870605
v 10.199688911437988 -1.412731647491455 4.871004581451416
v 9.348258018493652 -0.7536128163337708 4.857049465179443
v 10.559587478637695 -1.1818976402282715 3.7784438133239746
v 9.733210563659668 -0.46108755469322205 3.7913737297058105
v 6.550303936004639 -1.4366014003753662 6.661480903625488
v 6.22859525680542 -0.909247875213623 6.400051593780518
v 6.842380523681641 -1.2011712789535522 6.890183925628662
v 6.3727126121521 -0.7896938920021057 6.471251964569092
v 6.592077255249023 -0.578192949295044 6.461062908172607
v 7.916341781616211 -1.5477739572525024 7.283969402313232
v 7.4607768058776855 -1.2991235256195068 7.081439018249512
v 8.128028869628906 -1.1995458602905273 6.8097381591796875
v 7.687769412994385 -0.9205405712127686 6.657656192779541
v 7.216368675231934 -0.6382976174354553 6.538826942443848
v 6.763708591461182 -0.34575796127319336 6.343479156494141
v 8.324418067932129 -0.9160794019699097 6.30546760559082
v 7.886898040771484 -0.5935354232788086 6.207241535186768
v 8.528637886047363 -0.7211532592773438 5.795399188995361
v 8.092580795288086 -0.39275339245796204 5.720433712005615
v 7.458217144012451 -0.2140485644340515 6.085916042327881
v 7.005296230316162 0.09657564759254456 6.014438629150391
v 7.665672779083252 -0.016735434532165527 5.634404182434082
v 7.220550060272217 0.3633479177951813 5.598578929901123
v 5.3149261474609375 -0.4841763377189636 6.463537693023682
v 5.838903903961182 -0.5656837821006775 6.278954029083252
v 5.542359828948975 -0.21404850482940674 6.399074554443359
v 4.796261310577393 0.5365371108055115 6.522994518280029
v 5.287810325622559 0.34195443987846375 6.3798909187316895
v 6.243292808532715 -0.156703919172287 6.2571868896484375
v 5.8591437339782715 0.25514334440231323 6.18572998046875
v 5.435902118682861 0.5901039242744446 6.127474784851074
v 4.994760990142822 0.9121321439743042 6.099947452545166
v 6.555164813995361 0.39882752299308777 5.941596984863281
v 6.112702369689941 0.6841470003128052 5.7869110107421875
v 6.774554252624512 0.7430753111839294 5.5375590324401855
v 6.332372188568115 1.0685386657714844 5.3736572265625
v 5.6604814529418945 0.98355633020401 5.720670223236084
v 5.198270320892334 1.2720924615859985 5.661290645599365
v 5.870162010192871 1.3516738414764404 5.295823097229004
v 5.277795314788818 1.6569900512695312 5.169063091278076
v 8.510771751403809 -0.021263785660266876 4.735880374908447
v 8.308547019958496 -0.2034435272216797 5.198818683624268
v 7.873344898223877 0.1778205931186676 5.167633533477783
v 7.428462028503418 0.5634780526161194 5.146739959716797
v 8.074152946472168 0.3684382736682892 4.7230377197265625
v 7.628928184509277 0.756207287311554 4.696803569793701
v 8.892463684082031 0.3160266578197479 3.783900499343872
v 8.705779075622559 0.15794095396995544 4.280261039733887
v 8.2711181640625 0.5553913116455078 4.273412704467773
v 7.824697494506836 0.9431304931640625 4.241252899169922
v 8.461211204528809 0.7147038578987122 3.7718842029571533
v 8.01633358001709 1.10137939453125 3.725018262863159
v 5.729100227355957 2.11453914642334 4.286451816558838
v 6.990635871887207 0.9593074321746826 5.073514461517334
v 6.537572860717773 1.2997797727584839 4.915964603424072
v 7.2025465965271 1.168653130531311 4.58119010925293
v 6.718512535095215 1.4472577571868896 4.437122821807861
v 6.057524681091309 1.6198586225509644 4.805997848510742
v 5.448543548583984 1.9486678838729858 4.668324947357178
v 6.24519157409668 1.8050001859664917 4.342151641845703
v 6.122396469116211 2.2178399562835693 3.81048321723938
v 6.112255096435547 2.5049376487731934 3.2707014083862305
v 7.390053749084473 1.329568862915039 4.097321510314941
v 6.90799617767334 1.642179012298584 3.9851877689361572
v 7.562673568725586 1.4638086557388306 3.6150119304656982
v 7.094717025756836 1.837650179862976 3.537627696990967
v 6.430502891540527 2.0012354850769043 3.882955312728882
v 6.449288368225098 2.297950029373169 3.3717691898345947
v -2.1346516609191895 -2.7999961376190186 3.7806618213653564
v -2.3658993244171143 -3.09256649017334 3.3730411529541016
v -1.859289526939392 -2.2087721824645996 4.353405475616455
v -2.2768325805664062 -4.318703651428223 0.830439031124115
v -2.4898955821990967 -4.409840106964111 0.6306460499763489
v -2.946118116378784 -4.102204322814941 1.0991318225860596
v -2.2634968757629395 -3.991389036178589 1.429892659187317
v -1.360101580619812 -3.501145124435425 2.146475076675415
v -1.523566484451294 -3.8027024269104004 1.6697899103164673
v -2.815401077270508 -3.8354854583740234 1.6939802169799805
v -2.6668713092803955 -3.61114501953125 2.233896493911743
v -1.959768533706665 -3.492584466934204 2.4647505283355713
v -2.5300514698028564 -3.375598192214966 2.806279420852661
v -2.229722261428833 -3.7044589519500732 2.0303781032562256
v -1.8574014902114868 -4.427005767822266 0.6207513809204102
v -1.7909672260284424 -4.105827331542969 1.1880018711090088
v -1.4769670963287354 -4.650834560394287 0.3931635022163391
v -1.161005973815918 -4.542963981628418 0.7723916172981262
v -0.726165771484375 -3.8858747482299805 1.6375352144241333
v -0.927172064781189 -4.244363307952881 1.2450345754623413
v -1.1864957809448242 -3.1791696548461914 2.6365432739257812
v -0.7732579708099365 -2.764895439147949 2.879206418991089
v -1.8064457178115845 -3.192484140396118 3.045337677001953
v -1.3337993621826172 -2.86206316947937 3.3196322917938232
v -1.6186580657958984 -2.865485668182373 3.5051331520080566
v -0.7180296182632446 -2.350747585296631 3.3475866317749023
v -1.185054898262024 -2.445955753326416 3.726886034011841
v -1.1390330791473389 -2.0193700790405273 4.083067893981934
v -1.7815736532211304 -1.9461597204208374 4.536762237548828
v -0.6163623332977295 -1.8315539360046387 3.6933491230010986
v -0.3941844701766968 -3.040921688079834 2.2282066345214844
v 0.17144252359867096 -2.6016502380371094 1.9961483478546143
v -0.24710354208946228 -2.6604650020599365 2.3850347995758057
v -0.19544194638729095 -2.1508166790008545 2.8444924354553223
v -0.12798018753528595 -1.6802756786346436 3.2520813941955566
v -0.38887089490890503 -1.7633458375930786 3.48974871635437
v 0.30134230852127075 -2.00618314743042 2.4034457206726074
v 0.039865005761384964 -2.0751726627349854 2.629643440246582
v 0.37839096784591675 -1.601556658744812 2.860525131225586
v -3.822404623031616 -3.4610445499420166 2.151758909225464
v -5.071578025817871 -3.476381301879883 1.4710776805877686
v -4.877417087554932 -3.1390461921691895 2.38645601272583
v -3.717926502227783 -3.2809793949127197 2.6284875869750977
v -2.835587739944458 -3.2961606979370117 2.9354708194732666
v -3.1492958068847656 -3.3727054595947266 2.687354564666748
v -3.5753979682922363 -3.0353031158447266 3.1880879402160645
v -4.7249979972839355 -2.9361088275909424 2.9276363849639893
v -4.5954766273498535 -2.6547725200653076 3.5139684677124023
v -4.359473705291748 -3.3158140182495117 2.206350326538086
v -4.231224536895752 -3.0951943397521973 2.7983205318450928
v -7.227456569671631 -2.9370036125183105 2.8509507179260254
v -6.243067264556885 -2.8116471767425537 2.973485231399536
v -6.661210536956787 -3.012180805206299 2.5734879970550537
v -6.508147239685059 -2.7631819248199463 3.0998587608337402
v -7.1693878173828125 -2.61428165435791 3.4093260765075684
v -5.515783786773682 -2.3432395458221436 3.8320651054382324
v -5.8056182861328125 -2.5969865322113037 3.394467830657959
v -6.340244293212891 -2.471118688583374 3.604062557220459
v -6.890649318695068 -2.294189214706421 3.818305253982544
v -6.144023895263672 -2.1284255981445312 4.044849872589111
v -6.76281213760376 -1.8577388525009155 4.225184917449951
v -5.95134973526001 -2.8625266551971436 2.8323171138763428
v -6.301265239715576 -3.3159549236297607 1.7137441635131836
v -6.087957382202148 -3.0991153717041016 2.258286476135254
v -5.27913761138916 -3.0172228813171387 2.538201093673706
v -5.265677452087402 -2.7426700592041016 3.1563174724578857
v -5.109949111938477 -2.474808931350708 3.687566041946411
v -2.9003970623016357 -2.943430185317993 3.536112070083618
v -3.4104084968566895 -2.7506842613220215 3.69879412651062
v -2.7130556106567383 -2.6185805797576904 3.9968278408050537
v -3.3360178470611572 -2.374077320098877 4.186791896820068
v -3.6567306518554688 -2.657231330871582 3.7763590812683105
v -4.096023082733154 -2.827390193939209 3.3846919536590576
v -3.9171578884124756 -2.5541112422943115 3.854337692260742
v -4.4219069480896 -2.355351448059082 4.005495071411133
v -3.721367359161377 -2.214803457260132 4.296280860900879
v -4.218972682952881 -2.0035881996154785 4.4320597648620605
v -2.4988858699798584 -2.2454874515533447 4.397384166717529
v -3.1732897758483887 -1.9720985889434814 4.594362258911133
v -2.255199909210205 -1.820202350616455 4.7318525314331055
v -2.760507822036743 -1.622016191482544 4.884195327758789
v -3.499133825302124 -1.8287148475646973 4.679070472717285
v -3.9882147312164307 -1.602170467376709 4.795206546783447
v -3.727781057357788 -1.1489572525024414 5.092384338378906
v -5.424736499786377 -1.9492340087890625 4.293420314788818
v -4.947429180145264 -1.6757380962371826 4.612097263336182
v -5.915252685546875 -1.7254674434661865 4.412624359130859
v -6.38621187210083 -1.4517086744308472 4.488283634185791
v -5.654603004455566 -1.2684968709945679 4.709261417388916
v -5.082310199737549 -1.3516653776168823 4.783979415893555
v -5.967111110687256 -0.7942346334457397 4.742515563964844
v -5.078132629394531 -2.101606607437134 4.205003261566162
v -4.71115255355835 -1.7831127643585205 4.554931640625
v -4.464923858642578 -1.35407292842865 4.883952617645264
v -4.9241108894348145 -1.0750064849853516 4.93320894241333
v -4.184368133544922 -0.8644611239433289 5.1362128257751465
v -5.351241588592529 -0.7383376955986023 4.910658359527588
v -4.945765018463135 -0.1374562382698059 4.9553704261779785
v -5.140637397766113 0.24679933488368988 4.434206962585449
v -3.449108362197876 -3.9261274337768555 1.2500139474868774
v -3.9721522331237793 -3.7212235927581787 1.4381341934204102
v -3.3288981914520264 -3.6823441982269287 1.8569908142089844
v -3.3953912258148193 -3.398275375366211 2.5214223861694336
v -4.8137526512146 0.5352679491043091 4.129909515380859
v 2.521937131881714 -1.7306945323944092 3.715754270553589
v 2.638577938079834 -1.536643385887146 4.253182411193848
v 2.082965612411499 -1.6406155824661255 3.7003843784332275
v 2.2021055221557617 -1.4442315101623535 4.248918533325195
v 2.7694454193115234 -1.3292975425720215 4.800705432891846
v 2.327956199645996 -1.2489757537841797 4.80962610244751
v 1.6710830926895142 -1.4404842853546143 3.7217066287994385
v 1.7864842414855957 -1.2571401596069336 4.196508884429932
v 1.36374032497406 -0.8987433910369873 4.164001941680908
v 1.921608328819275 -1.0368107557296753 4.756704330444336
v 1.5181093215942383 -0.6513832807540894 4.692739486694336
v -1.2098487615585327 -1.3741604089736938 4.534969806671143
v -0.6755259037017822 -1.2314454317092896 4.162970542907715
v -0.7429222464561462 -0.6944408416748047 4.500319957733154
v -1.0041167736053467 -0.6986701488494873 4.67210054397583
v -0.8288217186927795 -0.39135727286338806 4.683250904083252
v -0.0642482340335846 -1.1920068264007568 3.6712687015533447
v 0.5321059226989746 -1.2223507165908813 3.2869887351989746
v 1.1000521183013916 -1.0764292478561401 3.6405675411224365
v 0.7254606485366821 -0.9019904136657715 3.733436107635498
v 0.0909312516450882 -0.7514550685882568 4.013952255249023
v -0.3978230953216553 -0.7093320488929749 4.290832996368408
v 0.905092716217041 -0.6087284684181213 4.208106517791748
v 0.40545156598091125 -0.396930068731308 4.345130443572998
v 1.0807148218154907 -0.32354962825775146 4.690186023712158
v 0.6161843538284302 -0.04833776876330376 4.750398635864258
v 0.05321793630719185 -0.2822840213775635 4.4729905128479
v -0.6389908194541931 -0.061893220990896225 4.734367370605469
v -0.14216983318328857 0.3814312219619751 4.870139122009277
v 0.04040157422423363 0.03638867288827896 4.721047878265381
v 2.966420888900757 -1.113100528717041 5.452802658081055
v 3.0912442207336426 -1.003410816192627 5.828265190124512
v 2.4816830158233643 -1.071043610572815 5.348934650421143
v 2.652085781097412 -0.8946824073791504 5.83785343170166
v 2.095064163208008 -0.753059446811676 5.39724063873291
v 2.10428786277771 -0.3679349422454834 5.741455554962158
v 1.6777931451797485 -0.3932749330997467 5.20620059967041
v 1.8684394359588623 -0.07934722304344177 5.646132469177246
v 3.252032995223999 -0.8880917429924011 6.321338653564453
v 2.8265018463134766 -0.5963557958602905 6.299459934234619
v 3.46596360206604 -0.5931072235107422 6.721522331237793
v 2.9185807704925537 -0.013557177037000656 6.567492961883545
v 2.4154810905456543 -0.13364307582378387 6.164947509765625
v 2.110198736190796 0.3216530382633209 5.965616226196289
v 2.7254364490509033 0.2959076166152954 6.416316509246826
v 1.2659372091293335 -0.02232913300395012 5.151260852813721
v 0.8356389999389648 0.3170926570892334 5.126565456390381
v 1.4883612394332886 0.34736892580986023 5.519911289215088
v 1.1019166707992554 0.76291424036026 5.405641078948975
v 0.413512259721756 0.6671242117881775 5.08974552154541
v 0.7575682401657104 1.2112921476364136 5.232436180114746
v 0.16611681878566742 1.3184205293655396 4.965854644775391
v 1.8509798049926758 0.9542450904846191 5.747106552124023
v 1.2882767915725708 1.077779769897461 5.4734320640563965
v -1.9565001726150513 -1.3206110000610352 4.981471061706543
v -2.487602949142456 -1.1469312906265259 5.1535468101501465
v -3.226917028427124 -1.3911789655685425 5.013179302215576
v -2.972287178039551 -0.9126642346382141 5.259981632232666
v -3.4309935569763184 -0.6317960619926453 5.308218002319336
v -2.539685010910034 -0.3773327171802521 5.371514320373535
v -3.001866102218628 -0.03334147855639458 5.3656415939331055
v -4.54032564163208 -0.40209653973579407 5.121922016143799
v -3.918363332748413 -0.39914053678512573 5.260760307312012
v -3.5644338130950928 0.22255879640579224 5.229506969451904
v -4.245754718780518 0.29934045672416687 5.012589454650879
v -4.621706008911133 0.38058385252952576 4.759583950042725
v -1.6046522855758667 -0.6782034039497375 5.03769063949585
v -2.2000842094421387 -0.6433998942375183 5.2717084884643555
v -1.8617216348648071 -0.04616172984242439 5.188535213470459
v -1.0743253231048584 0.06915674358606339 4.8990960121154785
v -1.600462555885315 0.41505885124206543 5.03136682510376
v -2.281571626663208 0.3018149137496948 5.2125067710876465
v -2.751861572265625 0.5637317299842834 5.137805938720703
v -2.2254326343536377 0.9189731478691101 4.885707378387451
v -2.496140956878662 1.007495403289795 4.802662372589111
v -2.087779998779297 0.6450246572494507 5.039742946624756
v -0.7390166521072388 0.8399009704589844 4.871290683746338
v -1.0903152227401733 1.3110802173614502 4.664642333984375
v -1.729421615600586 1.2598263025283813 4.623960494995117
v -2.234485149383545 1.399444580078125 4.4079437255859375
v -1.173322081565857 1.6163824796676636 4.4105329513549805
v -1.476345419883728 1.6634577512741089 4.283998012542725
v -2.021963357925415 1.6917086839675903 4.016422271728516
v -3.3924338817596436 0.6644969582557678 5.00166654586792
v -3.7735161781311035 0.7872036099433899 4.719064235687256
v -3.222822904586792 1.081294298171997 4.467173099517822
v -3.459188222885132 1.0622808933258057 4.32196044921875
v -4.144244194030762 0.7666621804237366 4.496866226196289
v -3.890213966369629 1.0217877626419067 4.051692962646484
v -4.487008571624756 0.826236367225647 3.6602323055267334
v -2.9964993000030518 1.0871460437774658 4.595402717590332
v -2.974505662918091 1.3481546640396118 4.021739482879639
v -3.1656830310821533 1.3251787424087524 3.899099826812744
v -2.814749240875244 1.5652387142181396 3.5313720703125
v -4.135436534881592 1.130975604057312 3.2761311531066895
v -3.590334415435791 1.3209228515625 3.530764579772949
v -3.8268649578094482 1.4260432720184326 2.8923652172088623
v -3.3491814136505127 1.5049484968185425 3.1997973918914795
v -2.7023966312408447 1.3701493740081787 4.186709880828857
v -2.4252607822418213 1.623232126235962 3.771005392074585
v -0.27062535285949707 1.4320846796035767 4.781849384307861
v -0.9286971092224121 1.574016809463501 4.509397983551025
v -0.35167911648750305 -5.278406143188477 -0.4547745883464813
v -0.8710616827011108 -5.106442451477051 -0.045941274613142014
v -0.17879998683929443 -5.102384567260742 -0.07786516100168228
v -0.5039561986923218 -4.961318492889404 0.25019147992134094
v 0.10824745148420334 -4.994716167449951 -0.719872236251831
v 0.21962012350559235 -5.0338287353515625 -0.36297547817230225
v -0.02283325232565403 -4.732876300811768 0.33081120252609253
v -0.3009709417819977 -4.592926979064941 0.6741198301315308
v 0.20500028133392334 -4.137298583984375 0.7395089268684387
v -0.06784405559301376 -4.065678119659424 1.0650941133499146
v 0.29725381731987 -4.9600138664245605 -0.11157277971506119
v 0.40054982900619507 -4.723581790924072 0.18743887543678284
v 0.8753190636634827 -4.2191901206970215 -1.1237927675247192
v 0.5211493372917175 -4.582747459411621 -0.9576608538627625
v 0.5768315196037292 -4.718342304229736 -0.763058602809906
v 1.1408884525299072 -4.578038692474365 -0.8643543124198914
v 1.3250495195388794 -5.140789031982422 -0.427783727645874
v 0.7044468522071838 -4.9553022384643555 -0.43552491068840027
v 0.8149316906929016 -4.9672698974609375 0.03854905068874359
v 0.4801217019557953 -3.3990774154663086 1.1474050283432007
v 0.09654412418603897 -3.3853976726531982 1.5014952421188354
v 0.7388195991516113 -2.6220626831054688 1.5569828748703003
v 0.4770287871360779 -2.593313217163086 1.7506890296936035
v 0.6818883419036865 -4.165149211883545 0.6997909545898438
v 1.119862675666809 -3.9813265800476074 1.045177936553955
v 0.8497182130813599 -3.360363006591797 1.2558419704437256
v 1.6445541381835938 -3.8039512634277344 1.4300392866134644
v 2.2058515548706055 -3.745304822921753 1.7052433490753174
v 2.4033141136169434 -2.948925495147705 2.359032392501831
v 0.9803041219711304 -2.147679090499878 1.9724773168563843
v 0.7050602436065674 -2.0458920001983643 2.1221890449523926
v 1.3113744258880615 -2.1962058544158936 2.3583827018737793
v 0.9010685682296753 -1.6454193592071533 2.563714027404785
v 1.266365885734558 -2.8391590118408203 1.739813208580017
v 1.4816683530807495 -5.000212669372559 0.5865106582641602
v 1.6162798404693604 -5.509444713592529 -0.11053164303302765
v 1.1693443059921265 -5.2289137840271 0.06630191206932068
v 2.0098493099212646 -5.532364845275879 0.20702709257602692
v 1.0560104846954346 -4.663799285888672 0.47231951355934143
v 2.6568543910980225 -4.611068248748779 1.1481423377990723
v 2.189159631729126 -5.068127632141113 0.6693617105484009
v 2.0010550022125244 -4.579446315765381 1.079988718032837
v 1.6252602338790894 -3.7689852714538574 -1.356456995010376
v 1.6664224863052368 -4.219426155090332 -1.1738744974136353
v 1.2415921688079834 -4.82411527633667 -0.6781330704689026
v 1.8269422054290771 -4.738804340362549 -0.8766334652900696
v 2.036062002182007 -5.743008136749268 -0.2143305242061615
v 1.9430803060531616 -5.388015270233154 -0.5168135762214661
v 2.3505377769470215 -2.4530773162841797 2.821775436401367
v 2.56341814994812 -2.1624510288238525 3.2497854232788086
v 1.8838945627212524 -2.631681203842163 2.377523899078369
v 2.154615879058838 -2.056273937225342 3.1759438514709473
v 1.576513409614563 -1.8442845344543457 3.0120739936828613
v 1.0615330934524536 -1.382601022720337 3.0820932388305664
v 2.4643173217773438 0.8670923709869385 6.086150646209717
v 0.5392444729804993 1.84978449344635 4.763988018035889
v 0.6493281722068787 2.1561472415924072 4.483884334564209
v 1.4833667278289795 1.5432970523834229 5.295806884765625
v 2.26279354095459 1.4807144403457642 5.583662033081055
v 2.4615583419799805 1.8745346069335938 5.186679363250732
v 1.8298978805541992 2.0113184452056885 4.892466068267822
v 1.0454548597335815 1.7454092502593994 5.013796329498291
v 1.5578655004501343 2.0889394283294678 4.7656426429748535
v 1.2860459089279175 2.1635122299194336 4.632135391235352
v 2.6735949516296387 2.2005488872528076 4.740342140197754
v 2.031064748764038 2.3182120323181152 4.448529243469238
v 2.854848861694336 2.478020429611206 4.259169101715088
v 1.9922608137130737 2.5893139839172363 3.876978635787964
v 1.7481694221496582 2.3821167945861816 4.321404457092285
v 1.4871902465820312 2.440310001373291 4.1961870193481445
v 0.8852143287658691 2.4264001846313477 3.920990467071533
v 1.6684359312057495 2.587261438369751 3.7289235591888428
v 1.0521419048309326 2.585885763168335 3.4586246013641357
v 3.9639461040496826 3.305598735809326 2.701054811477661
v 2.5954396724700928 2.9621059894561768 3.0264155864715576
v 1.4716694355010986 2.9356918334960938 2.5828745365142822
v 2.9727137088775635 3.3462393283843994 2.0979676246643066
v 1.772717833518982 3.367938280105591 1.6742690801620483
v -1.1523525714874268 1.9362554550170898 3.9635326862335205
v -1.7212110757827759 1.8624787330627441 3.6576435565948486
v -1.1134916543960571 2.038703680038452 3.7344107627868652
v -1.4629648923873901 2.047898054122925 3.287161350250244
v -0.8658474087715149 2.481912612915039 2.6195383071899414
v -2.5285868644714355 1.7486462593078613 2.9816222190856934
v -3.252018928527832 1.762078881263733 2.1762959957122803
v -2.3978829383850098 1.862258791923523 2.7115156650543213
v -2.250988006591797 2.2106900215148926 1.7839840650558472
v -2.7001559734344482 2.1412389278411865 1.4878398180007935
v -1.8134543895721436 2.2885735034942627 2.059497594833374
v -0.23552033305168152 1.7142109870910645 4.605657577514648
v -0.6706461310386658 1.9524223804473877 4.184206008911133
v -0.173101544380188 1.9483592510223389 4.41444730758667
v -0.1636011004447937 2.184948444366455 3.934427261352539
v -0.43663787841796875 2.1639692783355713 3.8066904544830322
v 0.13385868072509766 2.2132039070129395 4.0757880210876465
v -0.053998708724975586 2.3627936840057373 3.486659049987793
v 0.35189542174339294 2.3837854862213135 3.668099880218506
v 0.0335848294198513 2.5390515327453613 3.0339953899383545
v 0.5651170611381531 2.5532004833221436 3.250690221786499
v -0.8196799159049988 2.577949285507202 2.3672702312469482
v -2.1231794357299805 2.6227588653564453 0.8474758863449097
v -0.6787111163139343 2.8384358882904053 1.7252330780029297
v -1.320744276046753 2.725658416748047 1.3558204174041748
v -2.00469708442688 2.806028127670288 0.5474420785903931
v -0.42169955372810364 3.258430004119873 0.8315252661705017
v -0.8874448537826538 3.1958906650543213 0.5887013077735901
v -1.7297947406768799 3.1722164154052734 0.10787402838468552
v 0.46260902285575867 2.927802324295044 2.223679780960083
v -0.4910748302936554 2.8711891174316406 1.822346806526184
v 0.8903001546859741 3.362851858139038 1.3781238794326782
v -0.07710354775190353 3.3180181980133057 1.0019590854644775
v -7.516960144042969 -2.8803420066833496 2.998744010925293
v -7.778213024139404 -2.8002841472625732 3.1057746410369873
v -8.259588241577148 -2.54475998878479 3.204758882522583
v -7.585896015167236 -2.4594547748565674 3.5555341243743896
v -8.042566299438477 -2.1616976261138916 3.5989866256713867
v -8.693379402160645 -1.9751360416412354 2.984217643737793
v -8.417962074279785 -1.7285068035125732 3.3348617553710938
v -8.890668869018555 -1.5081006288528442 2.4251837730407715
v -8.473071098327637 -1.2498670816421509 2.9442124366760254
v -7.365837097167969 -2.0711050033569336 3.9427058696746826
v -7.792865753173828 -1.7230087518692017 3.919588327407837
v -7.3291192054748535 -1.4245065450668335 4.217648029327393
v -7.603531837463379 -1.4096852540969849 4.076025485992432
v -7.962348937988281 -1.4739093780517578 3.803995132446289
v -8.071200370788574 -1.2327880859375 3.5644192695617676
v -8.094707489013672 -1.0612740516662598 3.354556083679199
v -7.663759708404541 -0.8883289098739624 3.7654738426208496
v -7.861560821533203 -0.9649381637573242 3.581615924835205
v -8.435484886169434 -0.9954268932342529 2.4462459087371826
v -7.960838794708252 -0.8138754963874817 2.9075875282287598
v -7.513789176940918 -0.6658480167388916 3.431560754776001
v -7.686595439910889 -0.6400824785232544 2.461325168609619
v -7.937010765075684 -0.7432578206062317 2.2231650352478027
v -7.232720851898193 -0.45561158657073975 2.8722493648529053
v -8.740635871887207 -1.167523741722107 2.0876996517181396
v -8.503861427307129 -0.9931470155715942 1.6414756774902344
v -7.048300743103027 -1.513886570930481 4.315178394317627
v -6.812218189239502 -1.16122305393219 4.463215351104736
v -7.119999885559082 -0.7603576183319092 4.18181037902832
v -6.438114643096924 -0.7359021902084351 4.559869766235352
v -6.440089225769043 -0.3363964259624481 4.14340353012085
v -6.705286026000977 -0.396832138299942 3.9606776237487793
v -6.20848274230957 -0.07714072614908218 3.6967434883117676
v -7.012596607208252 -0.4821653962135315 3.7301998138427734
v -6.746281147003174 -0.2642369866371155 3.2839486598968506
v -7.016361236572266 -0.3678096830844879 3.0603487491607666
v -5.640041351318359 -0.2907750606536865 4.707810878753662
v -6.106311798095703 -0.26451095938682556 4.362998008728027
v -5.624422550201416 0.10649854689836502 4.110699653625488
v -6.96489953994751 -0.25066646933555603 2.4260714054107666
v -7.4251885414123535 -0.4340977370738983 1.9827587604522705
v -6.715941905975342 -0.06914357095956802 1.979717493057251
v -7.176283359527588 -0.2652342617511749 1.568468689918518
v -6.420280933380127 0.18890704214572906 1.4206819534301758
v -8.246323585510254 -0.8181042671203613 1.194604516029358
v -7.852539539337158 -0.6318238377571106 1.6043199300765991
v -8.107738494873047 -0.6743811368942261 0.6425809860229492
v -7.601675033569336 -0.44726261496543884 1.1577202081680298
v -7.158833026885986 -0.09771861135959625 0.2640256881713867
v -5.9588398933410645 0.12801183760166168 3.2808117866516113
v -6.615116119384766 -0.11593411862850189 2.7214455604553223
v -6.219808101654053 0.13967478275299072 2.3917853832244873
v -5.485175609588623 0.2486971616744995 3.853933811187744
v -5.5688300132751465 0.4009687900543213 2.8894612789154053
v -4.987349033355713 0.6330744624137878 3.31217098236084
v -5.2247796058654785 0.8713642358779907 1.9114412069320679
v -6.103084564208984 0.4394054114818573 1.2129242420196533
v -4.057697296142578 1.3535027503967285 2.742980718612671
v -4.852717876434326 1.045264720916748 2.1888532638549805
v -6.924333572387695 0.22723937034606934 -0.8146966695785522
v -5.801721572875977 0.8884010314941406 0.1928388625383377
v -6.566514015197754 0.5865766406059265 -0.9848163723945618
v -6.330249309539795 1.1717976331710815 -1.5998677015304565
v -5.419594764709473 1.3131181001663208 -0.7365021109580994
v -6.062044620513916 1.2206172943115234 -1.3492223024368286
v -4.843713283538818 1.2555880546569824 1.0180665254592896
v -5.353748798370361 1.0719540119171143 0.5944892168045044
v -3.746148109436035 1.6507071256637573 1.847546935081482
v -4.227720260620117 1.476948857307434 1.4977550506591797
v -4.471902370452881 1.5879238843917847 0.1250377744436264
v -4.719420909881592 1.4894837141036987 -0.0853060930967331
v -3.4396510124206543 2.0109951496124268 0.9541281461715698
v -3.6543586254119873 1.917934775352478 0.7860172986984253
v -6.088410377502441 1.8148695230484009 -2.603579521179199
v -5.150240898132324 2.075972318649292 -1.8057162761688232
v -5.362060546875 2.014443874359131 -1.9932565689086914
v -5.928580284118652 2.0239462852478027 -3.688009023666382
v -6.509324073791504 1.848930835723877 -4.157810688018799
v -5.055901527404785 2.251096487045288 -2.412045478820801
v -4.849935054779053 2.409358024597168 -2.809039354324341
v -4.231225967407227 2.1521220207214355 -0.7203062176704407
v -3.2444512844085693 2.332461357116699 0.28014129400253296
v -3.1298112869262695 3.2436814308166504 -1.12367582321167
v -3.64697527885437 3.032583713531494 -1.6693389415740967
v -4.078560829162598 2.7976484298706055 -2.1066622734069824
v -3.199882984161377 2.4578781127929688 0.059106409549713135
v -1.9437369108200073 3.2283852100372314 -0.05303572490811348
v 3.1597750186920166 -0.04031229019165039 6.7018046379089355
v 3.6818149089813232 -0.22516696155071259 6.897581577301025
v 4.0506911277771 0.4056614339351654 6.767435550689697
v 3.4404196739196777 0.4320853650569916 6.672596454620361
v 3.334042549133301 0.6852869391441345 6.520059108734131
v 3.000650644302368 0.7665286064147949 6.375208377838135
v 4.314962863922119 0.8587624430656433 6.431421279907227
v 3.808649778366089 1.0742708444595337 6.273446083068848
v 4.691613674163818 1.1031132936477661 6.054116725921631
v 4.025441646575928 1.4326080083847046 5.841141700744629
v 2.7320213317871094 1.3784300088882446 5.806975841522217
v 3.279071092605591 1.243005394935608 6.059673309326172
v 2.9497809410095215 1.7582366466522217 5.409472942352295
v 3.4588913917541504 1.6232106685638428 5.623016357421875
v 4.912220001220703 1.4312504529953003 5.606133460998535
v 4.215837478637695 1.7479643821716309 5.373694896697998
v 4.903553009033203 1.8376394510269165 5.058577537536621
v 4.39886999130249 2.0691800117492676 4.897509574890137
v 3.1418793201446533 2.0907061100006104 4.951869964599609
v 3.6361849308013916 1.935485601425171 5.158004283905029
v 3.8033668994903564 2.1302385330200195 4.864560127258301
v 3.3274295330047607 2.3706014156341553 4.469949722290039
v 5.075533390045166 2.1209874153137207 4.562036037445068
v 4.576827049255371 2.3429884910583496 4.3996429443359375
v 5.251181125640869 2.411494016647339 4.071056365966797
v 4.750461101531982 2.603280544281006 3.8984577655792236
v 4.191095352172852 2.4463348388671875 4.259490013122559
v 3.5052340030670166 2.634031057357788 3.9758384227752686
v 4.5092453956604 2.66526198387146 3.8116791248321533
v 4.217262268066406 2.734724283218384 3.6985578536987305
v 3.492936134338379 2.9455344676971436 3.401601791381836
v 5.425869464874268 2.6095683574676514 3.5826756954193115
v 5.135080337524414 3.014585018157959 2.9027316570281982
v 4.924094200134277 2.9361491203308105 3.2633841037750244
v 5.610655307769775 2.771960973739624 3.0815582275390625
v 4.397884845733643 3.0235755443573 3.198068141937256
v 3.8634297847747803 3.1627421379089355 2.984952688217163
v 4.565124988555908 3.2685954570770264 2.6903703212738037
v 1.860569953918457 -6.145349502563477 -6.098173141479492
v 2.0663249492645264 -6.067403793334961 -7.115211009979248
v 2.246520519256592 -5.887026309967041 -7.787875175476074
v 7.320862293243408 -4.852904319763184 -3.5777878761291504
v 7.051177501678467 -4.865150451660156 -3.605879306793213
v 6.977653503417969 -4.794155120849609 -3.3310546875
v 7.7589430809021 -4.920112133026123 -3.93522310256958
v 7.342195510864258 -5.064655303955078 -4.538764953613281
v 8.185201644897461 -5.033292770385742 -4.380305767059326
v 7.867054462432861 -5.027441024780273 -4.435466289520264
v 2.293994903564453 -5.011414051055908 -2.830634355545044
v 1.905440330505371 -5.244635581970215 -3.373347520828247
v 1.6895935535430908 -5.331295490264893 -3.5086355209350586
v 1.6577891111373901 -5.181010723114014 -3.2247049808502197
v 2.3769705295562744 -5.0766096115112305 -3.0490479469299316
v 1.7392570972442627 -5.570984840393066 -3.981961727142334
v 1.7384337186813354 -5.910244464874268 -4.81352424621582
v 2.194094181060791 -5.652818202972412 -4.3576226234436035
v 2.3959169387817383 -5.306094169616699 -3.5878584384918213
v 2.847169876098633 -5.140459060668945 -3.343470811843872
v 2.55037522315979 -5.388568878173828 -3.85282826423645
v 3.2998099327087402 -5.110499382019043 -3.5617361068725586
v 5.493780136108398 -4.744826316833496 -2.5085740089416504
v 5.284923076629639 -4.8555707931518555 -2.354947328567505
v 4.578897476196289 -4.965743541717529 -2.429280996322632
v 4.0356926918029785 -5.008182048797607 -2.5147712230682373
v 4.7481560707092285 -4.866450309753418 -2.5522031784057617
v 4.528897285461426 -4.77830171585083 -3.162243366241455
v 4.4496917724609375 -4.790277004241943 -3.0167043209075928
v 5.531752109527588 -4.66944694519043 -2.7404141426086426
v 6.318766117095947 -4.700041770935059 -2.952108860015869
v 6.115909099578857 -4.673271656036377 -2.751512289047241
v 5.050931453704834 -4.725070476531982 -2.79683518409729
v 5.597985744476318 -4.648136138916016 -3.0074195861816406
v 5.104194164276123 -4.69287109375 -3.063791036605835
v 3.712001323699951 -5.0159831047058105 -2.5627002716064453
v 3.4587202072143555 -5.021039009094238 -2.6020522117614746
v 3.3212099075317383 -5.080306529998779 -2.4080941677093506
v 3.0329225063323975 -5.015244007110596 -2.9277541637420654
v 2.9162490367889404 -5.014327526092529 -2.7431344985961914
v 4.00899076461792 -4.917878150939941 -2.7268269062042236
v 3.6206858158111572 -4.9594621658325195 -2.7994587421417236
v 3.5179178714752197 -4.973097801208496 -3.1013104915618896
v 3.1694915294647217 -5.050607204437256 -3.2119927406311035
v 3.780897855758667 -4.919743537902832 -3.0311057567596436
v 3.8424973487854004 -4.935234546661377 -3.3456318378448486
v 2.0906810760498047 -5.932157516479492 -5.248421669006348
v 2.6805505752563477 -5.58041524887085 -4.57937479019165
v 2.371584177017212 -5.90108060836792 -5.725830554962158
v 3.5012593269348145 -5.134913444519043 -3.93450927734375
v 3.797959804534912 -5.09688138961792 -4.307607650756836
v 3.5752580165863037 -5.2014265060424805 -4.4554443359375
v 2.9698615074157715 -5.407770156860352 -4.311646461486816
v 3.254094123840332 -5.371739864349365 -4.712730407714844
v 2.62640380859375 -5.809579372406006 -6.250107765197754
v 2.953014850616455 -5.625483989715576 -5.803524971008301
v 2.8163633346557617 -5.641693115234375 -5.2097673416137695
v 2.859344244003296 -5.65446138381958 -6.823444843292236
v 3.1149816513061523 -5.527472496032715 -6.459585666656494
v 4.101655006408691 -5.048835754394531 -4.738731861114502
v 4.465198516845703 -4.973837375640869 -5.209123134613037
v 3.624976873397827 -5.249943256378174 -5.081562042236328
v 3.8900959491729736 -5.1441240310668945 -5.593204021453857
v 5.126032829284668 -4.720073699951172 -3.402275562286377
v 4.672774314880371 -4.789106845855713 -3.4929699897766113
v 5.398388385772705 -4.756174087524414 -3.726315975189209
v 4.811647891998291 -4.831550121307373 -3.9003536701202393
v 5.9682416915893555 -4.742049217224121 -3.312314033508301
v 5.737239837646484 -4.684303283691406 -3.155622720718384
v 6.362538814544678 -4.766716480255127 -3.2794570922851562
v 5.921762943267822 -4.8262505531311035 -3.718350648880005
v 6.604846954345703 -5.0778961181640625 -4.6775407791137695
v 6.154024600982666 -5.044162273406982 -4.756798267364502
v 6.0122389793396 -4.949897766113281 -4.237861633300781
v 5.493984222412109 -4.877363204956055 -4.273895740509033
v 5.389712810516357 -4.914477348327637 -4.891794204711914
v 5.080660343170166 -4.915962219238281 -4.974545955657959
v 4.93670129776001 -4.886191368103027 -4.423341274261475
v 7.157025337219238 -4.975625514984131 -4.048903942108154
v 6.589018821716309 -4.981070041656494 -4.122969627380371
v 6.4686431884765625 -4.869384765625 -3.6789538860321045
v 4.008836269378662 -4.914321422576904 -3.4915523529052734
v 4.513547897338867 -4.8786396980285645 -3.987821102142334
v 4.221982955932617 -4.948132514953613 -4.0949907302856445
v 4.370579719543457 -4.972708225250244 -4.600608825683594
v 2.6386313438415527 -5.57423734664917 -8.127038955688477
v 2.44331955909729 -5.622068405151367 -8.45627498626709
v 2.7483582496643066 -5.151412487030029 -8.982695579528809
v 7.90185546875 -5.088802337646484 -4.97548246383667
v 7.405384540557861 -5.117029666900635 -5.111480236053467
v 8.499014854431152 -5.065891742706299 -4.819230079650879
v 8.188369750976562 -5.077942848205566 -5.4686174392700195
v 7.574479579925537 -5.079173564910889 -5.676407337188721
v 8.845381736755371 -5.005279064178467 -5.225614070892334
v 8.322265625 -4.986789226531982 -5.984232425689697
v 7.786346435546875 -4.989334583282471 -6.203286647796631
v 8.82323169708252 -4.911418914794922 -5.733826160430908
v 8.231350898742676 -4.786902904510498 -6.546952247619629
v 8.7958345413208 -4.69417142868042 -6.290728569030762
v 8.614754676818848 -4.357327461242676 -6.768065452575684
v 3.0686628818511963 -5.429060935974121 -7.4474358558654785
v 3.512408494949341 -5.240009784698486 -6.8298516273498535
v 3.3002524375915527 -5.333250999450684 -7.112268924713135
v 3.215376138687134 -5.101690292358398 -8.121125221252441
v 3.5392582416534424 -4.997054100036621 -7.659598350524902
v 4.686634540557861 -4.878086566925049 -5.784054756164551
v 4.889059066772461 -4.674304008483887 -6.417098522186279
v 4.064478397369385 -5.0156731605529785 -6.2309041023254395
v 4.277803421020508 -4.7620849609375 -6.835866451263428
v 3.233703374862671 -4.511785507202148 -8.994365692138672
v 3.7136828899383545 -4.724819183349609 -7.895945072174072
v 3.597379446029663 -3.818072557449341 -9.169428825378418
v 4.9310712814331055 -4.3299407958984375 -7.0990400314331055
v 4.551233291625977 -4.357635498046875 -7.358263969421387
v 4.79825496673584 -3.8750483989715576 -7.857865810394287
v 4.237379550933838 -4.406299591064453 -7.628217697143555
v 4.232964992523193 -3.8982667922973633 -8.339624404907227
v 6.773665904998779 -5.11701774597168 -4.9924845695495605
v 6.2892866134643555 -5.078925609588623 -5.365179061889648
v 7.265667915344238 -5.081279754638672 -5.761626243591309
v 7.007706642150879 -5.073286056518555 -5.831883430480957
v 6.465681552886963 -5.008337497711182 -5.959957599639893
v 5.718588352203369 -4.980472087860107 -5.273852825164795
v 5.244606971740723 -4.8623738288879395 -5.5842509269714355
v 6.045655250549316 -4.910740375518799 -6.045320987701416
v 5.430914878845215 -4.729806423187256 -6.206202030181885
v 7.409607887268066 -4.9369587898254395 -6.313540458679199
v 6.694729804992676 -4.821901798248291 -6.499080657958984
v 7.383213520050049 -4.793595790863037 -6.640782356262207
v 7.2916364669799805 -4.6456828117370605 -6.866219520568848
v 7.109467506408691 -4.438979148864746 -7.096602439880371
v 6.169834136962891 -4.6821722984313965 -6.609340190887451
v 5.671789169311523 -4.505088806152344 -6.762576103210449
v 6.46259069442749 -4.389551162719727 -7.087647914886475
v 5.8799357414245605 -4.1830549240112305 -7.241714000701904
v 5.439767360687256 -4.007802486419678 -7.463565349578857
v 3.9905781745910645 -3.3359601497650146 -9.168279647827148
v 4.29179573059082 -2.9893789291381836 -9.149733543395996
v 6.586811542510986 -3.976942539215088 -7.4780378341674805
v 6.316100597381592 -3.871005058288574 -7.571669578552246
v 7.861921310424805 -4.372110843658447 -7.089813709259033
v 7.329639434814453 -4.23604154586792 -7.256723880767822
v 7.5372796058654785 -4.037315368652344 -7.353533744812012
v 8.369314193725586 -3.8663909435272217 -7.092921257019043
v 8.070647239685059 -3.8456478118896484 -7.251231670379639
v 7.785606384277344 -3.792279005050659 -7.374666690826416
v 7.21138858795166 -3.6839122772216797 -7.565810203552246
v 6.836175918579102 -3.4768335819244385 -7.730225563049316
v 7.503531455993652 -3.3906028270721436 -7.577604293823242
v 7.104669094085693 -3.0871922969818115 -7.789658546447754
v 5.590569972991943 -3.8681650161743164 -7.623162746429443
v 5.263216972351074 -3.455169677734375 -8.11229419708252
v 5.802676200866699 -3.6663520336151123 -7.795007705688477
v 6.011411190032959 -3.464498519897461 -7.903256893157959
v 4.5921854972839355 -3.3372066020965576 -8.613929748535156
v 4.944742202758789 -3.0251848697662354 -8.636087417602539
v 4.61314582824707 -2.6124987602233887 -9.128326416015625
v 5.580658435821533 -3.0157811641693115 -8.331127166748047
v 5.161167144775391 -2.8428452014923096 -8.641902923583984
v 6.246903419494629 -3.2323269844055176 -7.9842352867126465
v 4.919266700744629 -2.3257229328155518 -9.05990982055664
v 5.978967666625977 -2.8132126331329346 -8.2721529006958
v 6.687991619110107 -2.822411298751831 -7.993162155151367
v 5.590861797332764 -2.4770543575286865 -8.580663681030273
v 6.209959983825684 -2.4556686878204346 -8.243764877319336
v 5.839698791503906 -2.267482042312622 -8.46399974822998
v 5.233989715576172 -2.0832467079162598 -8.895917892456055
v 5.466889381408691 -1.898119568824768 -8.74930477142334
v -2.331805944442749 -7.996165752410889 -10.373311996459961
v -2.3759756088256836 -8.068146705627441 -9.876413345336914
v -1.9034781455993652 -7.747415542602539 -10.762202262878418
v -2.2004363536834717 -7.75508451461792 -11.29111099243164
v -1.6614638566970825 -7.442727565765381 -11.406502723693848
v -3.7798407077789307 -8.17844009399414 -11.410244941711426
v -3.3492519855499268 -7.970215797424316 -12.056039810180664
v -3.662764310836792 -7.909802436828613 -12.439156532287598
v -4.653027057647705 -7.94180154800415 -12.235325813293457
v -4.894546985626221 -7.8661298751831055 -12.322225570678711
v -4.950785160064697 -7.958319187164307 -12.014632225036621
v -4.357402801513672 -8.020021438598633 -12.118006706237793
v -4.21577787399292 -7.830615043640137 -12.638625144958496
v -4.753671646118164 -7.631627559661865 -12.879920959472656
v -3.131247043609619 -8.214786529541016 -10.516812324523926
v -2.492640495300293 -8.126435279846191 -9.429460525512695
v -2.744852304458618 -8.017215728759766 -11.08541488647461
v -3.031031370162964 -8.008122444152832 -11.562637329101562
v -2.9677133560180664 -7.675398349761963 -12.568151473999023
v -3.501420736312866 -7.639235496520996 -12.957327842712402
v -2.6925535202026367 -7.327165603637695 -13.05721664428711
v -3.3035056591033936 -7.303814888000488 -13.404541969299316
v -3.961102247238159 -7.5434651374816895 -13.15933895111084
v -4.576584815979004 -7.332925796508789 -13.36733341217041
v -3.6726303100585938 -7.225759983062744 -13.565844535827637
v -4.37367582321167 -6.9887566566467285 -13.804863929748535
v -2.4481022357940674 -7.74273681640625 -11.713838577270508
v -2.2159311771392822 -7.392765522003174 -12.374975204467773
v -1.4737346172332764 -7.06646728515625 -12.083891868591309
v -1.3260478973388672 -6.622182369232178 -12.792673110961914
v -1.5816471576690674 -6.5632829666137695 -13.242476463317871
v -1.3243860006332397 -6.069350719451904 -13.706457138061523
v -1.1899923086166382 -5.825150489807129 -13.877335548400879
v -2.6916046142578125 -6.956651210784912 -13.595391273498535
v -3.0790793895721436 -6.921940326690674 -13.800543785095215
v -2.72269344329834 -6.515246391296387 -14.098997116088867
v -4.153286457061768 -6.614048480987549 -14.208667755126953
v -3.563718318939209 -6.740020751953125 -14.084969520568848
v -3.5564963817596436 -6.334638595581055 -14.460073471069336
v -3.915172815322876 -6.207611560821533 -14.577970504760742
v -1.8170169591903687 -7.017260551452637 -12.699174880981445
v -1.9198057651519775 -6.525913715362549 -13.627776145935059
v -2.230616569519043 -6.539575099945068 -13.823681831359863
v -2.583531141281128 -6.050769329071045 -14.483698844909668
v -3.666496992111206 -5.759733200073242 -14.909280776977539
v -3.134117841720581 -5.944827556610107 -14.732022285461426
v -3.374969482421875 -5.28164005279541 -15.192225456237793
v -1.849910020828247 -6.089239597320557 -14.074695587158203
v -1.8388324975967407 -5.868536472320557 -14.283864974975586
v -2.287137508392334 -5.565532684326172 -14.758745193481445
v -1.1690624952316284 -5.588353633880615 -14.107853889465332
v -1.688014030456543 -5.609653472900391 -14.434061050415039
v -5.954455375671387 -6.983329772949219 -13.105683326721191
v -6.239206790924072 -6.942651748657227 -12.946651458740234
v -6.631149768829346 -6.5376434326171875 -13.17145824432373
v -5.57781457901001 -6.8930230140686035 -13.448076248168945
v -5.477938175201416 -6.723722457885742 -13.671688079833984
v -5.998697280883789 -6.537199974060059 -13.613195419311523
v -6.452332973480225 -6.2359395027160645 -13.655430793762207
v -5.361888408660889 -6.4592061042785645 -13.993483543395996
v -5.798333644866943 -6.197083950042725 -14.055261611938477
v -6.2554450035095215 -5.902226448059082 -14.104451179504395
v -7.072293758392334 -6.214146614074707 -13.189340591430664
v -7.503516674041748 -5.873022079467773 -13.188355445861816
v -7.966461658477783 -5.583638668060303 -12.997347831726074
v -8.151961326599121 -5.292177677154541 -13.135342597961426
v -6.898019313812256 -5.920432090759277 -13.682289123535156
v -7.33475399017334 -5.589130401611328 -13.691875457763672
v -6.704645156860352 -5.593024730682373 -14.138154029846191
v -7.144739627838135 -5.2676100730896 -14.154343605041504
v -7.758269309997559 -5.234386444091797 -13.675996780395508
v -8.165685653686523 -4.851068019866943 -13.628955841064453
v -8.27700424194336 -5.0380940437316895 -13.280800819396973
v -7.572226047515869 -4.919849872589111 -14.146208763122559
v -7.983809947967529 -4.543869972229004 -14.107243537902832
v -5.400655269622803 -7.657649993896484 -12.466382026672363
v -5.881058216094971 -7.403564929962158 -12.560664176940918
v -5.247770309448242 -7.401853561401367 -13.000770568847656
v -5.719435214996338 -7.13218879699707 -13.078167915344238
v -6.341085433959961 -7.113452911376953 -12.61539363861084
v -6.7432637214660645 -6.725593566894531 -12.79758358001709
v -5.0636372566223145 -7.090719699859619 -13.474577903747559
v -4.862269878387451 -6.748991012573242 -13.914796829223633
v -7.1905388832092285 -6.412024021148682 -12.775872230529785
v -7.596198081970215 -6.027841567993164 -12.846948623657227
v -8.068117141723633 -5.753298759460449 -12.61497974395752
v -8.473956108093262 -5.367321491241455 -12.564905166625977
v -6.041825771331787 -5.538359642028809 -14.520866394042969
v -5.447596073150635 -5.9028472900390625 -14.442472457885742
v -6.493013858795166 -5.233571529388428 -14.558866500854492
v -6.9345574378967285 -4.910427570343018 -14.577849388122559
v -5.846620082855225 -5.106875896453857 -14.89603042602539
v -6.181767463684082 -4.702531814575195 -15.033735275268555
v -6.642887115478516 -4.412981986999512 -15.031041145324707
v -7.364211559295654 -4.5664825439453125 -14.573925971984863
v -7.778567314147949 -4.195460319519043 -14.540295600891113
v -7.0308356285095215 -3.9974050521850586 -15.090014457702637
v -4.64296293258667 -6.376435279846191 -14.320866584777832
v -5.114120960235596 -6.105307102203369 -14.396723747253418
v -4.4073309898376465 -5.974676609039307 -14.695077896118164
v -4.8818488121032715 -5.710143089294434 -14.777984619140625
v -5.345869064331055 -5.4266791343688965 -14.840085983276367
v -4.150991916656494 -5.5360822677612305 -15.029082298278809
v -4.626608371734619 -5.2733869552612305 -15.114078521728516
v -3.947016477584839 -5.185842990875244 -15.239654541015625
v -4.149499416351318 -4.897042751312256 -15.36348819732666
v -5.0914225578308105 -4.991852283477783 -15.177906036376953
v -5.548066139221191 -4.695890426635742 -15.225839614868164
v -4.6747894287109375 -4.2759575843811035 -15.568771362304688
v -5.265468597412109 -4.21074914932251 -15.509058952331543
v -5.996271133422852 -4.3847737312316895 -15.257741928100586
v -6.440593242645264 -4.06673526763916 -15.282225608825684
v -5.716440677642822 -3.904507637023926 -15.546358108520508
v -6.162519454956055 -3.5895934104919434 -15.574257850646973
v -6.873297214508057 -3.72763729095459 -15.284041404724121
v -7.290795803070068 -3.361706495285034 -15.256359100341797
v -6.597163200378418 -3.253506898880005 -15.579733848571777
v -7.0152907371521 -2.8891074657440186 -15.553351402282715
v -2.7111408710479736 -5.38812255859375 -15.014366149902344
v -3.035552740097046 -4.723266124725342 -15.39714241027832
v -1.2821317911148071 -5.088364601135254 -14.616047859191895
v -1.9551191329956055 -5.016271114349365 -14.98168659210205
v -1.2278666496276855 -4.817456245422363 -14.771038055419922
v -1.3278852701187134 -4.4850029945373535 -15.005599975585938
v -1.6333198547363281 -4.4381103515625 -15.152362823486328
v -2.5296413898468018 -4.905035018920898 -15.222284317016602
v -2.1771459579467773 -4.296019077301025 -15.369328498840332
v -2.579801321029663 -3.908740282058716 -15.561210632324219
v -1.4796545505523682 -4.172130107879639 -15.186391830444336
v -1.927574872970581 -3.532299280166626 -15.461331367492676
v -2.1825644969940186 -3.2201340198516846 -15.570188522338867
v -3.551236629486084 -4.504404067993164 -15.528282165527344
v -4.031763076782227 -4.250609397888184 -15.622984886169434
v -3.392976999282837 -4.231354713439941 -15.600284576416016
v -3.722872018814087 -3.717297077178955 -15.752829551696777
v -5.01270866394043 -3.775423288345337 -15.69426155090332
v -4.49717378616333 -3.969935894012451 -15.688359260559082
v -4.302412033081055 -3.263385057449341 -15.856558799743652
v -4.573856830596924 -3.0179290771484375 -15.893672943115234
v -3.194188356399536 -3.8876991271972656 -15.66738224029541
v -2.9504404067993164 -3.465259552001953 -15.710225105285645
v -3.275599479675293 -2.9421589374542236 -15.819005012512207
v -2.7904465198516846 -3.187871217727661 -15.71534252166748
v -2.56443190574646 -2.7955455780029297 -15.6941499710083
v -2.9604439735412598 -2.3945064544677734 -15.786908149719238
v -3.741497039794922 -2.66298508644104 -15.897414207458496
v -4.207723617553711 -2.3840386867523193 -15.953892707824707
v -3.2901737689971924 -1.87879478931427 -15.842059135437012
v -5.480771541595459 -3.4987642765045166 -15.722599983215332
v -5.894585132598877 -3.1282851696014404 -15.774942398071289
v -4.989711761474609 -2.650996446609497 -15.941543579101562
v -5.45517110824585 -2.369725227355957 -15.969341278076172
v -6.325498104095459 -2.7855238914489746 -15.788712501525879
v -6.786140441894531 -2.4944984912872314 -15.73574161529541
v -5.940435886383057 -2.121831178665161 -15.970383644104004
v -6.325709342956543 -1.6993794441223145 -15.955775260925293
v -4.615265369415283 -2.0026538372039795 -15.998451232910156
v -5.050544738769531 -1.6691480875015259 -16.03177261352539
v -3.9206011295318604 -1.5057045221328735 -15.936555862426758
v -4.219624042510986 -1.3160661458969116 -15.971453666687012
v -4.671663761138916 -1.0116337537765503 -16.010669708251953
v -5.54794454574585 -1.4415661096572876 -16.039804458618164
v -5.871188640594482 -0.9124137163162231 -16.023923873901367
v -5.078329563140869 -0.6270227432250977 -16.018310546875
v -5.491029739379883 -0.2532196044921875 -15.99419116973877
v -8.861041069030762 -4.947495460510254 -12.477996826171875
v -9.301572799682617 -4.442843437194824 -12.222234725952148
v -8.721844673156738 -4.715527534484863 -13.03877067565918
v -9.094439506530762 -4.270045280456543 -12.923725128173828
v -9.566986083984375 -3.987445592880249 -12.172286033630371
v -9.895753860473633 -3.40791654586792 -11.86080551147461
v -9.441468238830566 -3.77006196975708 -12.739275932312012
v -9.748374938964844 -3.219156265258789 -12.51833724975586
v -8.41421127319336 -4.598884582519531 -13.586297988891602
v -8.935160636901855 -4.002902030944824 -13.445799827575684
v -8.365900039672852 -4.144796848297119 -14.03322696685791
v -8.752681732177734 -3.6949822902679443 -13.923452377319336
v -9.410233497619629 -3.2954394817352295 -13.193642616271973
v -9.595318794250488 -2.962970018386841 -13.0523099899292
v -9.100215911865234 -3.205953359603882 -13.760627746582031
v -9.283299446105957 -2.902226686477661 -13.63984203338623
v -9.417207717895508 -2.6627137660980225 -13.538506507873535
v -9.911601066589355 -2.863609790802002 -12.346513748168945
v -10.192334175109863 -3.182830572128296 -10.91075325012207
v -10.142684936523438 -2.7985246181488037 -11.615703582763672
v -10.385974884033203 -2.202096700668335 -11.159231185913086
v -10.463909149169922 -2.431908130645752 -10.50511646270752
v -10.019271850585938 -2.5947678089141846 -12.207112312316895
v -10.203254699707031 -2.1036341190338135 -11.944865226745605
v -10.458982467651367 -1.9872245788574219 -10.95563793182373
v -10.401707649230957 -1.439677357673645 -11.51907730102539
v -9.718423843383789 -2.0893075466156006 -13.185808181762695
v -9.870352745056152 -2.3457834720611572 -12.74899959564209
v -10.110451698303223 -1.6668384075164795 -12.40732479095459
v -9.981977462768555 -1.2918965816497803 -12.837064743041992
v -10.21821403503418 -0.7618983387947083 -12.264765739440918
v -7.5559210777282715 -3.780198812484741 -14.924919128417969
v -8.131049156188965 -3.8345627784729004 -14.477761268615723
v -8.549301147460938 -3.3501036167144775 -14.360603332519531
v -7.943767070770264 -3.3979578018188477 -14.854503631591797
v -8.321717262268066 -2.962409257888794 -14.750351905822754
v -8.897842407226562 -2.862851142883301 -14.199607849121094
v -9.0783109664917 -2.569129467010498 -14.084885597229004
v -9.21837329864502 -2.3256916999816895 -13.98430347442627
v -8.779003143310547 -2.3090765476226807 -14.528657913208008
v -8.998594284057617 -1.9513514041900635 -14.389012336730957
v -7.6922078132629395 -2.967869758605957 -15.197736740112305
v -8.067174911499023 -2.527261734008789 -15.087939262390137
v -7.288017272949219 -2.273768663406372 -15.590629577636719
v -7.6834259033203125 -2.1727888584136963 -15.409703254699707
v -8.423157691955566 -2.169715166091919 -14.901137351989746
v -8.756467819213867 -1.5374479293823242 -14.750258445739746
v -8.146017074584961 -1.576214075088501 -15.234591484069824
v -9.506476402282715 -1.7301591634750366 -13.70467758178711
v -9.822248458862305 -0.9244008660316467 -13.28274917602539
v -9.983497619628906 -0.36608830094337463 -12.956016540527344
v -9.571054458618164 -0.7553324103355408 -13.82461929321289
v -9.83716869354248 0.08890633285045624 -13.32437801361084
v -9.265350341796875 -1.3207252025604248 -14.198683738708496
v -9.040431022644043 -1.0465571880340576 -14.548114776611328
v -8.810773849487305 -0.5443367958068848 -14.84989070892334
v -9.086579322814941 0.0023070096503943205 -14.59891414642334
v -9.375423431396484 -0.32771316170692444 -14.203795433044434
v -9.58756160736084 0.2751414179801941 -13.850750923156738
v -9.350428581237793 0.6656807661056519 -14.2055025100708
v -7.105550289154053 -1.958914875984192 -15.722453117370605
v -7.480884552001953 -1.5186258554458618 -15.613150596618652
v -6.740843772888184 -1.383418083190918 -15.882214546203613
v -7.20684289932251 -1.0456950664520264 -15.751806259155273
v -7.848351955413818 -0.9990370869636536 -15.471375465393066
v -8.487642288208008 -0.9514350891113281 -15.073261260986328
v -8.189424514770508 -0.5639204382896423 -15.313064575195312
v -7.510422229766846 -0.48152288794517517 -15.663739204406738
v -6.5313005447387695 -0.518891453742981 -15.926777839660645
v -6.814075469970703 -0.36667829751968384 -15.870471954345703
v -5.8935747146606445 0.01688441075384617 -15.952049255371094
v -6.369384288787842 0.40450775623321533 -15.863192558288574
v -7.31096887588501 -0.13704949617385864 -15.736964225769043
v -7.135987281799316 0.15898311138153076 -15.769170761108398
v -6.903963565826416 0.543425440788269 -15.768138885498047
v -8.821038246154785 0.4888934791088104 -14.863622665405273
v -7.905691146850586 0.039863910526037216 -15.496946334838867
v -8.5160551071167 0.08497018367052078 -15.120208740234375
v -8.200069427490234 0.46729302406311035 -15.325651168823242
v -8.486804962158203 1.0566624402999878 -15.044609069824219
v -8.969953536987305 0.8694639205932617 -14.657998085021973
v -7.62904691696167 0.8136622309684753 -15.535639762878418
v -2.102118492126465 -8.006001472473145 -8.71791934967041
v -1.5462183952331543 -7.706586837768555 -7.616140365600586
v -1.742390751838684 -7.864077091217041 -9.262834548950195
v -1.3329567909240723 -7.680628776550293 -8.419244766235352
v -1.5277597904205322 -7.777480602264404 -8.825657844543457
v -1.5501461029052734 -7.759870529174805 -8.086434364318848
v -1.3101155757904053 -7.519848346710205 -7.137760639190674
v -1.5218758583068848 -7.555868625640869 -6.888301372528076
v -0.9581498503684998 -7.179093360900879 -6.432077884674072
v -0.9580288529396057 -7.426856517791748 -7.628801345825195
v -1.0244736671447754 -7.517543792724609 -8.982992172241211
v -1.1905275583267212 -7.401308536529541 -10.47521686553955
v -1.4285469055175781 -7.654396057128906 -9.859715461730957
v -0.7607284188270569 -7.301582336425781 -9.58954906463623
v -0.2749311923980713 -7.048101425170898 -7.416177272796631
v -0.4212261736392975 -7.156574726104736 -8.63142204284668
v 0.023949071764945984 -6.942243576049805 -7.965275764465332
v -0.4892871379852295 -7.179647445678711 -7.834826469421387
v -0.4102625846862793 -6.474964141845703 -5.066017150878906
v -0.4374988079071045 -6.637499809265137 -5.444952487945557
v -0.25941401720046997 -6.819672584533691 -6.206784248352051
v -0.5114865899085999 -7.1014018058776855 -7.03775691986084
v -0.47534477710723877 -6.8302083015441895 -5.9558820724487305
v 0.07366640120744705 -6.5690388679504395 -5.589437484741211
v 0.04430193081498146 -6.226783752441406 -4.670982837677002
v 0.3730063736438751 -5.939719200134277 -4.2084856033325195
v 0.39660024642944336 -6.306107521057129 -5.03476619720459
v 0.6993634700775146 -6.0300188064575195 -4.541167736053467
v 0.08067163079977036 -6.826633453369141 -6.6893744468688965
v 0.41542860865592957 -6.615389823913574 -6.0417609214782715
v 0.38804373145103455 -6.806172847747803 -7.2273688316345215
v 0.6192076206207275 -6.685586452484131 -6.7565741539001465
v 0.643475353717804 -6.354151248931885 -5.327060222625732
v 1.0724612474441528 -6.106220722198486 -4.90997314453125
v 1.0660626888275146 -6.406093597412109 -5.910534381866455
v 1.4028080701828003 -6.15947151184082 -5.333712100982666
v -1.0335441827774048 -7.076261043548584 -11.2247896194458
v -0.5409888029098511 -7.026288986206055 -10.23582935333252
v -0.35156211256980896 -6.691704273223877 -10.919504165649414
v -0.24001066386699677 -6.930820465087891 -9.610499382019043
v 0.28351321816444397 -6.829184055328369 -8.582695960998535
v 0.019585222005844116 -6.640780448913574 -10.180829048156738
v 0.5055921673774719 -6.649308204650879 -9.23910140991211
v -0.7499557733535767 -6.4941816329956055 -12.160091400146484
v -0.6457218527793884 -6.2463603019714355 -12.51257610321045
v -0.18136991560459137 -6.300207138061523 -11.63674545288086
v -0.4641636312007904 -5.748870372772217 -13.147178649902344
v -0.05066980794072151 -5.89542818069458 -12.402048110961914
v 0.16756178438663483 -6.349489688873291 -10.95884895324707
v 0.6909341812133789 -6.401800155639648 -9.935540199279785
v 0.850840151309967 -6.081065654754639 -10.668574333190918
v 0.704009473323822 -6.711136341094971 -7.706831455230713
v 1.0097330808639526 -6.580864906311035 -7.086971282958984
v 0.8280830979347229 -6.626199722290039 -8.300517082214355
v 1.2482320070266724 -6.473483562469482 -7.672159671783447
v 1.3529932498931885 -6.389924049377441 -6.4178786277771
v 1.800750494003296 -6.1059184074401855 -5.650773048400879
v 1.5967971086502075 -6.309552192687988 -6.966796398162842
v 1.450517177581787 -6.293766975402832 -8.29553508758545
v 1.0975191593170166 -6.337493896484375 -9.173526763916016
v 1.2971009016036987 -6.078431606292725 -9.676279067993164
v 1.639957308769226 -6.045044898986816 -8.958495140075684
v 1.8160171508789062 -6.164870738983154 -7.557130336761475
v 2.021364450454712 -5.952676296234131 -8.189587593078613
v 1.0755778551101685 -5.371577739715576 -3.4435925483703613
v 0.7488219141960144 -5.632437705993652 -3.7907769680023193
v 0.7661809325218201 -5.285206317901611 -3.2202048301696777
v 1.0607000589370728 -5.737177848815918 -4.091047286987305
v 1.4444032907485962 -5.4671549797058105 -3.7020037174224854
v 1.4202181100845337 -5.829372882843018 -4.4284443855285645
v -0.5048700571060181 -5.143205642700195 -14.106241226196289
v -0.7602667808532715 -5.087515830993652 -14.303840637207031
v -0.03448111563920975 -5.379292964935303 -13.332839012145996
v -0.518951416015625 -4.683806896209717 -14.534139633178711
v 0.13143134117126465 -4.933841705322266 -13.751100540161133
v 0.40822461247444153 -6.007238864898682 -11.583013534545898
v 1.0034667253494263 -5.657549858093262 -11.422008514404297
v 0.6495764255523682 -5.606341361999512 -12.095671653747559
v 0.5979694128036499 -4.983283996582031 -13.07642936706543
v 1.0245654582977295 -4.96335506439209 -12.437597274780273
v 1.0208688974380493 -4.314695835113525 -12.965298652648926
v 0.6075105667114258 -4.173649787902832 -13.679862022399902
v 0.43039584159851074 -3.1866016387939453 -14.25090503692627
v 0.9029414057731628 -3.75972580909729 -13.427162170410156
v 0.7606166005134583 -3.330796003341675 -13.76009464263916
v -1.0542627573013306 -4.517989635467529 -14.867321968078613
v -0.8573389053344727 -3.8220152854919434 -15.041914939880371
v -1.2304376363754272 -3.7402186393737793 -15.20271110534668
v -0.07957704365253448 -3.9645838737487793 -14.621088027954102
v -1.080352544784546 -3.479966402053833 -15.200111389160156
v -0.37434545159339905 -3.3402225971221924 -14.921406745910645
v -0.7079840898513794 -2.9430453777313232 -15.106337547302246
v -1.3718945980072021 -2.899446964263916 -15.355542182922363
v -1.819879412651062 -2.5899267196655273 -15.503499984741211
v 0.15164797008037567 -3.046098232269287 -14.62181568145752
v -0.19231458008289337 -3.007828712463379 -14.859516143798828
v 1.8248109817504883 -5.7245965003967285 -9.66174602508545
v 1.526322603225708 -5.722249507904053 -10.280350685119629
v 1.5320279598236084 -5.227059364318848 -11.267197608947754
v 1.8134666681289673 -5.2702484130859375 -10.663955688476562
v 2.2182047367095947 -5.668381214141846 -8.864156723022461
v 2.3521835803985596 -5.26900053024292 -9.575851440429688
v 1.4686126708984375 -4.378180027008057 -12.17526626586914
v 1.9603266716003418 -5.053738594055176 -10.696755409240723
v 1.9400588274002075 -4.654691696166992 -11.152169227600098
v 1.1376997232437134 -3.5159060955047607 -13.08804988861084
v 2.281277656555176 -4.594673156738281 -10.579178810119629
v 2.7960550785064697 -4.683582782745361 -9.554529190063477
v 2.243168830871582 -3.914611339569092 -11.118952751159668
v 1.8359026908874512 -3.804673910140991 -11.834856033325195
v 0.6198042035102844 -2.9699177742004395 -14.038215637207031
v -1.0880285501480103 -2.406007766723633 -15.281521797180176
v -1.4665031433105469 -1.9758394956588745 -15.412768363952637
v -0.03322532773017883 -2.7175791263580322 -14.804813385009766
v -0.38189902901649475 -2.24090313911438 -15.0031099319458
v 0.28189921379089355 -2.1774044036865234 -14.478619575500488
v -0.22926457226276398 -1.9627107381820679 -14.925305366516113
v -0.0643010064959526 -1.6931451559066772 -14.805990219116211
v -0.7381098866462708 -1.8648983240127563 -15.141260147094727
v -1.3073443174362183 -1.698033094406128 -15.340985298156738
v -1.1408792734146118 -1.3967645168304443 -15.261484146118164
v -0.44185957312583923 -1.2384405136108398 -14.96737289428711
v -0.8342198729515076 -0.8408495187759399 -15.067867279052734
v 1.5500390529632568 -3.1279397010803223 -12.557884216308594
v 1.4194482564926147 -2.832322835922241 -12.809914588928223
v 0.896004855632782 -2.6067395210266113 -13.639569282531738
v 1.2352662086486816 -2.4635391235351562 -13.094659805297852
v 2.1421682834625244 -3.5367753505706787 -11.492256164550781
v 1.7319473028182983 -2.9688608646392822 -12.31127643585205
v 1.9448567628860474 -3.049492120742798 -11.977952003479004
v 1.523841142654419 -2.2590692043304443 -12.625447273254395
v 2.153465747833252 -2.6051032543182373 -11.766816139221191
v 1.8113806247711182 -2.1260459423065186 -12.204544067382812
v 0.5970558524131775 -2.043261766433716 -14.01096248626709
v 0.23188960552215576 -1.4574825763702393 -14.33251667022705
v 0.884695291519165 -1.870387077331543 -13.487066268920898
v 0.5287030339241028 -1.3851083517074585 -13.818780899047852
v -0.16353148221969604 -0.8650851249694824 -14.583257675170898
v -0.6764617562294006 -0.5543296337127686 -14.949572563171387
v 1.0914030075073242 -1.74773371219635 -13.122230529785156
v -0.5396907925605774 -0.36944007873535156 -14.803948402404785
v 0.13693158328533173 -0.7505719065666199 -14.08984661102295
v -0.24881300330162048 -0.19160637259483337 -14.345470428466797
v 0.7972400188446045 -1.1449978351593018 -13.334527015686035
v 1.44705069065094 -1.5123544931411743 -12.574505805969238
v 1.0752357244491577 -0.9745384454727173 -12.907950401306152
v 0.41913554072380066 -0.5917282700538635 -13.632689476013184
v 0.7051824927330017 -0.48375067114830017 -13.206722259521484
v 0.30726194381713867 0.10643694549798965 -13.478228569030762
v -2.2653801441192627 -2.2752010822296143 -15.629679679870605
v -2.8127918243408203 -2.137540578842163 -15.75257682800293
v -2.606703996658325 -1.779187798500061 -15.698958396911621
v -1.8150112628936768 -1.4923937320709229 -15.487696647644043
v -2.069599151611328 -1.3718122243881226 -15.547880172729492
v -3.0884857177734375 -0.4368835389614105 -15.69818115234375
v -1.5402005910873413 -1.010353684425354 -15.346597671508789
v -1.9483298063278198 -0.6327827572822571 -15.412642478942871
v -1.4213614463806152 -0.29379987716674805 -15.176620483398438
v -1.6931596994400024 -0.18053938448429108 -15.245372772216797
v -2.6769301891326904 -0.8110617399215698 -15.640731811523438
v -2.3591690063476562 -0.2572624087333679 -15.4718599319458
v -2.6647965908050537 0.30093348026275635 -15.455501556396484
v -2.183577299118042 0.04868647828698158 -15.358687400817871
v -2.465663433074951 0.6483229398727417 -15.3308744430542
v -3.9309370517730713 0.2780079245567322 -15.768752098083496
v -4.2607316970825195 -0.2966017723083496 -15.910734176635742
v -4.6167473793029785 0.17553812265396118 -15.896292686462402
v -5.085019111633301 0.45256006717681885 -15.888185501098633
v -4.3657026290893555 0.6129109263420105 -15.774201393127441
v -4.811095714569092 0.9297714829444885 -15.755891799926758
v -3.505561351776123 -0.0725163146853447 -15.742835998535156
v -3.130074977874756 0.5816670656204224 -15.520806312561035
v -3.574740409851074 0.8990575075149536 -15.546030044555664
v -3.9971206188201904 1.2559980154037476 -15.527959823608398
v -4.394322872161865 1.6553034782409668 -15.461069107055664
v -2.8867294788360596 1.0062177181243896 -15.36701774597168
v -3.3194150924682617 1.3446727991104126 -15.377225875854492
v -3.7628519535064697 1.6612329483032227 -15.363530158996582
v -4.216069221496582 1.942947268486023 -15.328034400939941
v -0.9374194741249084 0.07693108171224594 -14.93604564666748
v -1.341052532196045 0.44907137751579285 -15.011011123657227
v -0.6445411443710327 0.35280728340148926 -14.55950927734375
v -1.7502059936523438 0.8106170296669006 -15.07376766204834
v -2.1649322509765625 1.1736263036727905 -15.124160766601562
v -1.2307984828948975 1.1126214265823364 -14.802101135253906
v -1.5062878131866455 1.24465012550354 -14.87814998626709
v -1.9917975664138794 1.4762372970581055 -14.982501983642578
v -0.04620097950100899 0.0711413100361824 -13.947138786315918
v -0.4866502583026886 0.43708714842796326 -14.313706398010254
v -0.7687036991119385 1.0254290103912354 -14.305710792541504
v -0.09071037173271179 0.63527512550354 -13.704925537109375
v -0.4985761046409607 1.1484770774841309 -13.889607429504395
v -1.1820876598358154 1.5392951965332031 -14.45544147491455
v -1.6005510091781616 2.033802032470703 -14.579320907592773
v -0.9136509299278259 1.6462969779968262 -14.04198169708252
v -1.3341760635375977 2.123288154602051 -14.166687965393066
v -2.5886149406433105 1.527058482170105 -15.154386520385742
v -3.0238454341888428 1.846108317375183 -15.159016609191895
v -2.453402042388916 1.7604984045028687 -15.041614532470703
v -2.882082223892212 2.079285144805908 -15.036587715148926
v -2.3018386363983154 2.009758949279785 -14.916099548339844
v -2.739352226257324 2.3184127807617188 -14.91551399230957
v -3.470304250717163 2.1389920711517334 -15.13831901550293
v -3.9010581970214844 2.4022388458251953 -15.09709644317627
v -3.2779672145843506 2.4618728160858154 -14.9669828414917
v -3.5897018909454346 2.8518311977386475 -14.8412504196167
v -2.0281565189361572 2.4683725833892822 -14.646798133850098
v -2.4659600257873535 2.787536382675171 -14.646401405334473
v -1.7631529569625854 2.5100271701812744 -14.249884605407715
v -2.201223850250244 2.920405149459839 -14.301763534545898
v -2.9002814292907715 3.0815911293029785 -14.621439933776855
v -3.2997188568115234 3.304823398590088 -14.576987266540527
v -2.627089738845825 3.3078014850616455 -14.3185453414917
v -3.027620553970337 3.607630968093872 -14.29287052154541
v 3.1500461101531982 -3.9641780853271484 -9.645390510559082
v 2.7043113708496094 -3.968478202819824 -10.336647033691406
v 3.0351996421813965 -3.5473792552948 -10.16604995727539
v 2.934535264968872 -3.285144567489624 -10.488115310668945
v 2.464355707168579 -3.206742763519287 -11.184891700744629
v 3.250248908996582 -3.3144843578338623 -10.048177719116211
v 2.766400098800659 -2.9188880920410156 -10.892001152038574
v 2.4430460929870605 -2.378527879714966 -11.414843559265137
v 3.670952320098877 -2.8607358932495117 -9.832335472106934
v 3.521683931350708 -2.6127021312713623 -10.111120223999023
v 3.032665729522705 -2.5821657180786133 -10.672002792358398
v 3.8668737411499023 -2.6479640007019043 -9.74526596069336
v 2.0923075675964355 -1.829655408859253 -11.837740898132324
v 2.73087215423584 -2.103853464126587 -11.117024421691895
v 2.3730356693267822 -1.6034014225006104 -11.516831398010254
v 3.640930414199829 -2.064293622970581 -10.187061309814453
v 3.3555970191955566 -2.3482303619384766 -10.387773513793945
v 3.012507677078247 -1.850256085395813 -10.852120399475098
v 2.765184164047241 -1.5342695713043213 -11.106293678283691
v 3.253694534301758 -1.6356562376022339 -10.627294540405273
v 2.910244941711426 -1.1622540950775146 -10.956802368164062
v 1.7253714799880981 -1.3148741722106934 -12.197958946228027
v 1.280356526374817 -0.84675532579422 -12.609883308410645
v 1.9104831218719482 -1.1831591129302979 -11.959373474121094
v 1.6167722940444946 -0.6229386925697327 -12.170635223388672
v 0.9635603427886963 -0.28294453024864197 -12.812859535217285
v 0.5725499391555786 0.24088166654109955 -13.078743934631348
v 1.2264703512191772 -0.12907619774341583 -12.450421333312988
v 0.8310485482215881 0.374832421541214 -12.708641052246094
v 2.266261100769043 -0.9137995839118958 -11.554417610168457
v 1.877755045890808 -0.44738367199897766 -11.8485746383667
v 2.5235960483551025 -0.7248247265815735 -11.265321731567383
v 2.1300253868103027 -0.32245373725891113 -11.531296730041504
v 1.4821581840515137 0.0042737675830721855 -12.10938835144043
v 1.7331455945968628 0.045555103570222855 -11.764131546020508
v 4.186672687530518 -1.5012273788452148 -9.858244895935059
v 3.407968759536743 -0.8177008628845215 -10.434520721435547
v 4.670051574707031 -1.1480787992477417 -9.409083366394043
v 3.1634628772735596 -0.9702200889587402 -10.69558048248291
v 2.7685794830322266 -0.60684734582901 -10.959722518920898
v 2.907888412475586 -0.3884592056274414 -10.752054214477539
v 2.347834587097168 -0.22114402055740356 -11.225759506225586
v 3.6849095821380615 -0.4197317361831665 -10.018607139587402
v 0.17229358851909637 0.7572110891342163 -13.306259155273438
v -0.2372199445962906 1.261590838432312 -13.493919372558594
v 0.37665799260139465 0.8968231678009033 -12.90839672088623
v -0.06728160381317139 1.233521580696106 -13.224006652832031
v -0.5889458656311035 1.6281424760818481 -13.530420303344727
v -1.0484193563461304 1.9998133182525635 -13.741273880004883
v 1.0801818370819092 0.4145316481590271 -12.335158348083496
v -1.52120041847229 2.41935396194458 -13.863018989562988
v -1.9619510173797607 2.8220622539520264 -13.932781219482422
v -2.2145497798919678 3.0914275646209717 -13.935893058776855
v -2.768564462661743 3.578657865524292 -13.92906379699707
v -2.6252987384796143 3.5775883197784424 -13.732608795166016
v -10.606780052185059 -1.679781436920166 -10.222155570983887
v -10.451587677001953 -1.2384408712387085 -11.293251037597656
v -10.513246536254883 -0.9669250249862671 -10.992579460144043
v -10.564788818359375 -0.5999420881271362 -10.483867645263672
v -10.659849166870117 -0.9434841871261597 -9.834449768066406
v -10.728131294250488 -1.0280848741531372 -8.971917152404785
v -10.29970932006836 -1.0035512447357178 -11.988476753234863
v -10.406497955322266 -0.4390772879123688 -11.546941757202148
v -10.288813591003418 0.04872329160571098 -11.96345329284668
v -10.144363403320312 0.3896450996398926 -12.427927017211914
v -9.969645500183105 0.6862933039665222 -12.919858932495117
v -9.74912166595459 1.0116151571273804 -13.364291191101074
v -9.474994659423828 1.3529316186904907 -13.76982307434082
v -10.633077621459961 -0.7114156484603882 -9.465963363647461
v -10.452815055847168 -0.5479458570480347 -8.990883827209473
v -10.473641395568848 -0.38872620463371277 -9.9674072265625
v -10.439698219299316 -0.24978768825531006 -11.228313446044922
v -10.269765853881836 0.3200869560241699 -11.564186096191406
v -10.30508804321289 -0.015130603685975075 -10.485016822814941
v -10.204986572265625 -0.09082349389791489 -9.720627784729004
v -10.173779487609863 0.06908521056175232 -10.121711730957031
v -10.079499244689941 0.4531554877758026 -10.860095977783203
v -9.943706512451172 0.48941460251808167 -10.505820274353027
v -10.255508422851562 -0.3908124566078186 -8.540452003479004
v -10.010923385620117 -0.22607964277267456 -8.125532150268555
v -10.229747772216797 -0.21204233169555664 -9.351532936096191
v -10.074078559875488 -0.12079184502363205 -9.023425102233887
v -9.844233512878418 0.0010731099173426628 -8.594252586364746
v -9.760855674743652 -0.04983009397983551 -7.728421688079834
v -9.490399360656738 0.14708179235458374 -7.355301380157471
v -9.597673416137695 0.1707870066165924 -8.195676803588867
v -9.331335067749023 0.3699825704097748 -7.8271636962890625
v -9.900917053222656 0.17456746101379395 -9.515925407409668
v -9.670799255371094 0.2825784981250763 -9.080720901489258
v -9.72661304473877 0.5421600341796875 -10.026358604431152
v -9.495013236999512 0.6353476643562317 -9.58545970916748
v -9.425966262817383 0.44110798835754395 -8.680744171142578
v -9.165277481079102 0.6438146829605103 -8.315889358520508
v -9.25102710723877 0.77910977602005 -9.184962272644043
v -8.99552059173584 0.9841462969779968 -8.822918891906738
v -10.096280097961426 0.7676382660865784 -12.070481300354004
v -9.9122896194458 1.1285957098007202 -12.5159330368042
v -9.96534538269043 0.9224705100059509 -11.550660133361816
v -9.771873474121094 0.9628005027770996 -11.040184020996094
v -9.790536880493164 1.4677965641021729 -12.152334213256836
v -9.587747573852539 1.5138307809829712 -11.58184814453125
v -9.698124885559082 1.4784456491470337 -12.96120834350586
v -9.430819511413574 1.7930406332015991 -13.405631065368652
v -9.588251113891602 1.8003027439117432 -12.623355865478516
v -9.376348495483398 2.125269651412964 -12.122876167297363
v -9.434961318969727 2.0318715572357178 -12.783058166503906
v -9.256535530090332 2.293426752090454 -12.887166976928711
v -9.119966506958008 2.5529959201812744 -12.593338966369629
v -9.55327320098877 0.9967636466026306 -10.552733421325684
v -9.318554878234863 1.0732109546661377 -10.106249809265137
v -9.368308067321777 1.52988862991333 -11.086542129516602
v -9.130741119384766 1.5891244411468506 -10.6343355178833
v -9.073442459106445 1.2032732963562012 -9.7035551071167
v -8.81990909576416 1.3957202434539795 -9.342823028564453
v -8.884078025817871 1.705734133720398 -10.227276802062988
v -8.63109016418457 1.8844020366668701 -9.865418434143066
v -9.156936645507812 2.12459135055542 -11.620133399963379
v -8.917928695678711 2.16621732711792 -11.160758018493652
v -8.900189399719238 2.743173360824585 -12.144323348999023
v -8.659675598144531 2.7265453338623047 -11.673457145690918
v -8.670062065124512 2.2691333293914795 -10.748177528381348
v -8.417729377746582 2.3958511352539062 -10.374773025512695
v -8.4127836227417 2.7577157020568848 -11.245658874511719
v -8.164654731750488 2.8433451652526855 -10.860353469848633
v -9.19783878326416 0.3645291030406952 -7.004028797149658
v -8.881244659423828 0.600602388381958 -6.672352313995361
v -9.045937538146973 0.5975134372711182 -7.483616352081299
v -8.73837661743164 0.8512539863586426 -7.163795471191406
v -8.539294242858887 0.8549054861068726 -6.357801914215088
v -8.199121475219727 1.158994197845459 -6.069758892059326
v -8.40601634979248 1.125409483909607 -6.865856647491455
v -8.07809066772461 1.3768248558044434 -6.5994696617126465
v -8.887606620788574 0.8811846375465393 -7.981766700744629
v -8.5918550491333 1.1525028944015503 -7.675432205200195
v -8.726688385009766 1.231301188468933 -8.49683666229248
v -8.44147777557373 1.5157532691955566 -8.203630447387695
v -8.274741172790527 1.420178771018982 -7.396264553070068
v -7.963263511657715 1.5955560207366943 -7.15039587020874
v -8.13959789276123 1.6871535778045654 -7.939833164215088
v -7.847250461578369 1.8860118389129639 -7.709728240966797
v -7.385767936706543 1.778581976890564 -6.117086887359619
v -6.580623149871826 1.932234525680542 -5.498635292053223
v -7.19739294052124 2.1876511573791504 -7.223024368286133
v -6.428083419799805 2.253152370452881 -6.63909912109375
v -8.557979583740234 1.6494094133377075 -9.022139549255371
v -8.2841157913208 1.87993323802948 -8.737443923950195
v -8.37277889251709 2.12746524810791 -9.54641056060791
v -8.105917930603027 2.227165460586548 -9.251566886901855
v -7.994976043701172 2.026472330093384 -8.48348331451416
v -7.718452453613281 2.185952663421631 -8.240608215332031
v -7.830283164978027 2.3122806549072266 -8.978448867797852
v -7.560730934143066 2.4465079307556152 -8.728997230529785
v -8.161249160766602 2.520216464996338 -10.037033081054688
v -7.900289058685303 2.545830488204956 -9.732667922973633
v -7.915250778198242 2.9054665565490723 -10.5142822265625
v -7.666396141052246 2.920926332473755 -10.203657150268555
v -7.637922763824463 2.6217150688171387 -9.45690631866455
v -7.382094860076904 2.754483938217163 -9.204475402832031
v -7.421506881713867 2.995392322540283 -9.922863006591797
v -7.1809401512146 3.1006104946136475 -9.659553527832031
v -6.966684341430664 2.582831859588623 -8.208642959594727
v -6.298487663269043 2.6986987590789795 -7.678812026977539
v -7.279304027557373 2.550539016723633 -8.476226806640625
v -7.109711647033691 2.805154323577881 -8.940237045288086
v -6.828903675079346 2.86641001701355 -8.681015968322754
v -6.9260663986206055 3.1147069931030273 -9.388920783996582
v -6.685790061950684 3.157163619995117 -9.143821716308594
v -6.661159515380859 2.632542848587036 -7.960115909576416
v -6.641788005828857 2.9178178310394287 -8.516633987426758
v -6.215004920959473 3.007742404937744 -8.162254333496094
v -6.396718978881836 3.229034900665283 -8.869049072265625
v -6.0933332443237305 3.2909457683563232 -8.609598159790039
v -6.548095226287842 1.1688079833984375 -15.684269905090332
v -6.99049711227417 1.372728943824768 -15.551117897033691
v -9.05863094329834 1.167987585067749 -14.486898422241211
v -9.121267318725586 1.5317392349243164 -14.254439353942871
v -8.697749137878418 1.6808923482894897 -14.637898445129395
v -8.635594367980957 2.2009685039520264 -14.2918119430542
v -9.030920028686523 2.0053486824035645 -13.964859008789062
v -8.529223442077637 2.6107161045074463 -13.885955810546875
v -7.945833683013916 0.8972669243812561 -15.395035743713379
v -8.014392852783203 1.7259835004806519 -15.09014892578125
v -7.57252311706543 1.566024899482727 -15.35063648223877
v -7.216804027557373 2.0662779808044434 -15.187795639038086
v -7.699646472930908 2.1965720653533936 -14.935835838317871
v -8.038822174072266 2.2274441719055176 -14.731023788452148
v -8.279281616210938 2.232459783554077 -14.568976402282715
v -7.223933219909668 2.7369842529296875 -14.643237113952637
v -7.977437973022461 2.610990524291992 -14.378141403198242
v -7.825562477111816 3.0663232803344727 -13.920122146606445
v -8.172900199890137 3.0276525020599365 -13.647720336914062
v -6.987203598022461 3.0315909385681152 -14.462773323059082
v -7.552957057952881 3.073694944381714 -14.113205909729004
v -7.6373291015625 3.438671112060547 -13.513044357299805
v -7.859665870666504 3.4100587368011475 -13.336639404296875
v -7.576677322387695 3.780632495880127 -12.983660697937012
v -7.0201945304870605 3.4613585472106934 -13.952471733093262
v -7.246169567108154 3.463473081588745 -13.800665855407715
v -6.842519760131836 3.8571465015411377 -13.545509338378906
v -7.264913082122803 3.957266092300415 -12.630032539367676
v -7.042661666870117 4.023525238037109 -12.227450370788574
v -6.656209945678711 4.259716987609863 -13.138014793395996
v -6.490385055541992 4.356081008911133 -12.756901741027832
v -5.5930962562561035 0.6608389019966125 -15.864289283752441
v -6.062610626220703 0.9367177486419678 -15.792038917541504
v -5.429863452911377 0.9449506402015686 -15.799005508422852
v -5.799060821533203 1.3952653408050537 -15.678474426269531
v -5.267086029052734 1.2285557985305786 -15.713878631591797
v -5.956920623779297 1.6244162321090698 -15.599163055419922
v -6.100401401519775 1.8921798467636108 -15.47652816772461
v -6.680871486663818 1.937053918838501 -15.390044212341309
v -4.967037200927734 1.7463833093643188 -15.50545883178711
v -5.407553195953369 1.9820671081542969 -15.433134078979492
v -4.737557411193848 2.061805486679077 -15.333366394042969
v -4.880624771118164 2.3014185428619385 -15.223278999328613
v -4.972292423248291 2.505247116088867 -15.113977432250977
v -6.259339809417725 2.3740971088409424 -15.175979614257812
v -5.844747543334961 2.1822803020477295 -15.327914237976074
v -5.503923416137695 2.5921170711517334 -15.074103355407715
v -5.968257427215576 2.776069402694702 -14.927440643310547
v -6.800013542175293 2.5084543228149414 -14.981938362121582
v -6.305874347686768 2.884396553039551 -14.795889854431152
v -5.6570143699646 3.1947293281555176 -14.643434524536133
v -5.126286506652832 3.1012539863586426 -14.738612174987793
v -5.173901081085205 3.563659906387329 -14.418243408203125
v -5.170985698699951 3.9649927616119385 -14.122432708740234
v -4.3090667724609375 2.6231000423431396 -15.031542778015137
v -4.738763332366943 2.8241918087005615 -14.929472923278809
v -4.002622604370117 3.0786492824554443 -14.772199630737305
v -4.435322284698486 3.289698839187622 -14.671622276306152
v -4.891848564147949 3.4681386947631836 -14.523889541625977
v -3.8854382038116455 4.086960792541504 -14.117801666259766
v -4.155599117279053 3.755218744277954 -14.396913528442383
v -4.615582466125488 3.9588301181793213 -14.249741554260254
v -4.125296592712402 4.2015180587768555 -14.040900230407715
v -4.3491973876953125 4.307127952575684 -13.963773727416992
v -4.840578556060791 4.490409851074219 -13.746452331542969
v -6.285243034362793 3.158444881439209 -14.569299697875977
v -6.678269386291504 3.442894220352173 -14.168421745300293
v -6.14093017578125 3.816861867904663 -13.984036445617676
v -6.3974785804748535 3.85094952583313 -13.839783668518066
v -5.86797571182251 3.7674567699432373 -14.125755310058594
v -6.069337844848633 4.2644147872924805 -13.535138130187988
v -5.606454372406006 4.206046104431152 -13.796778678894043
v -5.105053424835205 4.567147254943848 -13.607209205627441
v -5.359617710113525 4.6424760818481445 -13.470133781433105
v -8.969635009765625 2.4581615924835205 -13.443764686584473
v -8.92668628692627 2.733262777328491 -12.869475364685059
v -8.573012351989746 3.156512975692749 -12.627618789672852
v -8.274521827697754 3.2797696590423584 -12.247223854064941
v -8.160137176513672 3.3412575721740723 -13.072433471679688
v -7.929867744445801 3.649843454360962 -12.658308029174805
v -8.0029296875 3.3139517307281494 -11.844125747680664
v -7.803485870361328 3.3400321006774902 -11.400689125061035
v -7.6972856521606445 3.632472038269043 -12.205968856811523
v -7.475215911865234 3.6929121017456055 -11.799421310424805
v -6.85100793838501 4.027150630950928 -11.851758003234863
v -6.24320650100708 4.409937381744385 -12.382734298706055
v -6.018256664276123 4.29384183883667 -12.0714750289917
v -6.597451210021973 4.004115581512451 -11.455171585083008
v -6.010089874267578 4.162337303161621 -11.618050575256348
v -5.8581647872924805 4.162437915802002 -11.309029579162598
v -5.996903419494629 4.0039191246032715 -10.49180793762207
v -5.921614646911621 4.05798864364624 -10.34058952331543
v -5.710883140563965 4.242367744445801 -11.020648956298828
v -5.556580543518066 4.379912853240967 -10.744538307189941
v -5.789694786071777 4.1063361167907715 -9.981524467468262
v -5.466637134552002 4.327120304107666 -9.830117225646973
v -5.372045993804932 4.527318954467773 -10.474244117736816
v -3.4455251693725586 3.85119891166687 -14.225590705871582
v -3.18854022026062 3.9407870769500732 -13.890761375427246
v -3.6298797130584717 4.275115966796875 -13.807113647460938
v -2.893552541732788 3.8969545364379883 -13.496975898742676
v -3.3893399238586426 4.231292247772217 -13.488496780395508
v -4.172192096710205 4.500101566314697 -13.753872871398926
v -4.59014892578125 4.6419854164123535 -13.436346054077148
v -4.1903204917907715 4.528263568878174 -13.209821701049805
v -3.859389543533325 4.451348304748535 -13.347487449645996
v -3.103933095932007 4.14760160446167 -13.11133861541748
v -4.189123153686523 4.539968490600586 -12.922954559326172
v -3.639071464538574 4.414615154266357 -13.063666343688965
v -3.171119451522827 4.292965888977051 -12.870423316955566
v -3.437525987625122 4.439050674438477 -12.794061660766602
v -5.815800189971924 4.652904510498047 -13.009537696838379
v -5.036100387573242 4.585599899291992 -13.07385540008545
v -4.922133445739746 4.515340805053711 -12.814099311828613
v -5.698023319244385 4.554161548614502 -12.773303031921387
v -5.433187484741211 4.442170143127441 -12.491971969604492
v -4.901474952697754 4.501026153564453 -12.430596351623535
v -5.220267295837402 4.431957721710205 -12.220538139343262
v -4.829672813415527 4.563969612121582 -12.101484298706055
v -5.499147891998291 4.35936164855957 -12.024568557739258
v -5.807562351226807 4.245984077453613 -11.785568237304688
v -5.382863521575928 4.385688781738281 -11.706304550170898
v -5.615042686462402 4.280177593231201 -11.518024444580078
v -4.665364742279053 4.54128885269165 -12.576951026916504
v -4.157447814941406 4.634052753448486 -12.495116233825684
v -4.469463348388672 4.63318395614624 -12.326934814453125
v -3.170257806777954 4.438482284545898 -12.548432350158691
v -3.7629752159118652 4.695797443389893 -12.334990501403809
v -3.0637645721435547 4.502281188964844 -12.244828224182129
v -3.6024672985076904 4.785398960113525 -12.057815551757812
v -2.8583498001098633 4.450373649597168 -11.951683044433594
v -3.3977341651916504 4.749915599822998 -11.762701034545898
v -2.4947338104248047 4.250974178314209 -11.692145347595215
v -3.216374635696411 4.68416690826416 -11.44356632232666
v -4.733649253845215 4.668310642242432 -11.794154167175293
v -4.611317157745361 4.806635856628418 -11.50239372253418
v -5.441201210021973 4.391745567321777 -11.26017951965332
v -5.286689281463623 4.544376373291016 -10.990550994873047
v -4.506710529327393 4.936032772064209 -11.183073043823242
v -4.184234142303467 4.95822286605835 -10.954663276672363
v -4.422522068023682 4.9676666259765625 -10.805974006652832
v -4.958031177520752 4.785130023956299 -10.848753929138184
v -5.1518120765686035 4.672270774841309 -10.680952072143555
v -4.738701820373535 4.9068498611450195 -10.577774047851562
v -5.035772800445557 4.726898193359375 -10.31196117401123
v -4.0909295082092285 4.7437920570373535 -12.177522659301758
v -4.138822078704834 4.8691277503967285 -11.793156623840332
v -3.7708659172058105 4.875652313232422 -11.596162796020508
v -3.466989755630493 4.782729625701904 -11.332280158996582
v -3.795625686645508 4.891419887542725 -11.172140121459961
v -7.620935916900635 3.307936191558838 -10.980903625488281
v -7.322622299194336 3.4136602878570557 -10.762857437133789
v -7.2619524002075195 3.6991782188415527 -11.435144424438477
v -7.055830001831055 3.707145929336548 -11.10570240020752
v -7.140497207641602 3.437623977661133 -10.41889476776123
v -7.039424419403076 3.4185867309570312 -10.207695007324219
v -6.854982376098633 3.723144769668579 -10.798910140991211
v -6.640012741088867 3.6792376041412354 -10.503010749816895
v -6.440342903137207 3.9402406215667725 -11.22092342376709
v -6.25826358795166 3.9143054485321045 -10.917274475097656
v -6.8047637939453125 3.2908756732940674 -9.638875007629395
v -6.471015453338623 3.4738407135009766 -9.551553726196289
v -6.430004119873047 3.7024476528167725 -10.225907325744629
v -6.217231273651123 3.778101921081543 -9.960738182067871
v -6.217910289764404 3.5524237155914307 -9.293570518493652
v -5.9324188232421875 3.622310161590576 -9.035436630249023
v -5.985699653625488 3.8752365112304688 -9.700719833374023
v 1.3323726654052734 0.37338483333587646 -11.97208023071289
v 2.61326003074646 -0.2030034065246582 -10.90231990814209
v 1.9745759963989258 0.0437995009124279 -11.418115615844727
v 1.576206088066101 0.3368052542209625 -11.62889575958252
v 2.2148637771606445 0.036976657807826996 -11.106304168701172
v 1.8109409809112549 0.25461453199386597 -11.301299095153809
v 3.055969476699829 -0.194867804646492 -10.299347877502441
v 2.243762254714966 0.1544610559940338 -10.681901931762695
v -0.3960592746734619 1.5815520286560059 -13.241606712341309
v -0.8141714930534363 1.989227533340454 -13.379310607910156
v 0.6813722252845764 0.7665346264839172 -12.536762237548828
v 0.2748347222805023 1.143441915512085 -12.720541954040527
v 0.93123859167099 0.725575864315033 -12.176064491271973
v 0.5233393907546997 1.0445265769958496 -12.360590934753418
v -0.13983683288097382 1.5258290767669678 -12.876836776733398
v -0.5597518086433411 1.9049879312515259 -13.017098426818848
v 0.10879573971033096 1.3791532516479492 -12.526331901550293
v -0.31280145049095154 1.7390148639678955 -12.671239852905273
v -1.2406773567199707 2.4051578044891357 -13.487422943115234
v -1.678436040878296 2.8175132274627686 -13.558385848999023
v -1.1700937747955322 2.5786242485046387 -12.914108276367188
v -1.4206346273422241 2.725393533706665 -13.23169994354248
v -2.1151843070983887 3.219163179397583 -13.594143867492676
v -1.863619327545166 3.1398766040802 -13.291447639465332
v -2.284759759902954 3.504502534866333 -13.304576873779297
v -1.6088812351226807 3.041874408721924 -12.99731159210205
v -2.062457323074341 3.4632298946380615 -13.026524543762207
v 1.1724275350570679 0.6076232194900513 -11.828655242919922
v 0.7634146809577942 0.906885027885437 -12.015851974487305
v 1.4041320085525513 0.5066585540771484 -11.495821952819824
v 0.9943317770957947 0.798091471195221 -11.687980651855469
v 0.16647444665431976 1.5272635221481323 -12.059952735900879
v 1.4272968769073486 0.6828082799911499 -11.09682559967041
v 0.6040273308753967 1.4472724199295044 -11.518402099609375
v -0.689324676990509 2.3940749168395996 -12.328332901000977
v -0.9271993041038513 2.4674012660980225 -12.614492416381836
v -1.3644883632659912 2.962674140930176 -12.711935997009277
v -1.8166906833648682 3.4032411575317383 -12.74988079071045
v -1.054452657699585 2.8818702697753906 -12.337904930114746
v -1.5849186182022095 3.3485817909240723 -12.473061561584473
v -0.25949203968048096 2.3474526405334473 -11.807941436767578
v -1.0023664236068726 2.9354076385498047 -12.167503356933594
v -1.369562029838562 3.2922275066375732 -12.1918306350708
v -0.7022709250450134 2.7912046909332275 -11.909411430358887
v -1.1709620952606201 3.2361080646514893 -11.90546703338623
v -0.469359815120697 2.359767198562622 -12.067307472229004
v -2.7148795127868652 3.84297776222229 -13.269552230834961
v -2.5012435913085938 3.84609055519104 -13.003728866577148
v -2.284968376159668 3.8408396244049072 -12.73758316040039
v -2.7703404426574707 4.219622611999512 -12.66117000579834
v -2.0537848472595215 3.7884299755096436 -12.462361335754395
v -2.5468413829803467 4.185492515563965 -12.385371208190918
v -1.8419092893600464 3.7191028594970703 -12.17505931854248
v -2.33840274810791 4.116228103637695 -12.093179702758789
v -1.6497836112976074 3.644355058670044 -11.875483512878418
v -2.151684284210205 4.022094249725342 -11.783751487731934
v 15.580270767211914 -7.054391384124756 -2.7595486640930176
v 15.958588600158691 -6.837131023406982 -3.2043464183807373
v 16.109670639038086 -6.456392288208008 -3.652149200439453
v 15.840084075927734 -6.665811061859131 -4.169109344482422
v 16.108379364013672 -6.183419704437256 -3.897153615951538
v 11.719274520874023 -6.587913990020752 -3.3223133087158203
v 11.437240600585938 -6.513977527618408 -3.319470167160034
v 10.916619300842285 -6.316809177398682 -3.2787790298461914
v 10.923481941223145 -6.37061071395874 -2.9646284580230713
v 13.274944305419922 -6.955532073974609 -3.1299397945404053
v 14.931983947753906 -7.038580894470215 -2.3243908882141113
v 14.390697479248047 -6.908553123474121 -2.0783050060272217
v 13.88077449798584 -6.7985944747924805 -1.8988460302352905
v 13.255213737487793 -6.793301105499268 -2.2890307903289795
v 13.322684288024902 -6.662550926208496 -1.6460388898849487
v 14.118896484375 -7.000771999359131 -2.756488561630249
v 13.775885581970215 -6.981685161590576 -2.936774253845215
v 13.79275894165039 -6.9243268966674805 -2.587829113006592
v 11.236495018005371 -6.660037517547607 -2.2017481327056885
v 12.837869644165039 -6.595818519592285 -1.4501506090164185
v 12.252312660217285 -6.565048694610596 -1.2275288105010986
v 11.708757400512695 -6.531369209289551 -1.0443546772003174
v 11.174692153930664 -6.4455695152282715 -0.7944684624671936
v 12.11495304107666 -6.716242790222168 -1.9047752618789673
v 11.601116180419922 -6.756338119506836 -2.1234869956970215
v 11.640942573547363 -6.677034378051758 -1.7231336832046509
v 12.001337051391602 -6.6467413902282715 -3.309615135192871
v 12.092175483703613 -6.783092498779297 -2.6465320587158203
v 11.514155387878418 -6.611237049102783 -2.775125503540039
v 10.943923950195312 -6.40531587600708 -2.7820322513580322
v 10.977705001831055 -6.464482307434082 -2.5448803901672363
v 11.567723274230957 -6.727431297302246 -2.339343786239624
v 12.035541534423828 -6.699835777282715 -3.00339674949646
v 13.407819747924805 -6.825272560119629 -4.337639808654785
v 13.139856338500977 -6.768050193786621 -4.24343204498291
v 14.70986270904541 -6.897871971130371 -5.385329723358154
v 14.390170097351074 -6.865293979644775 -5.430639743804932
v 13.213151931762695 -6.700561046600342 -4.85740852355957
v 14.35698127746582 -6.923003673553467 -4.954444408416748
v 13.763051986694336 -6.82004451751709 -4.877494812011719
v 13.746773719787598 -6.853023052215576 -4.581183910369873
v 13.813902854919434 -6.76930046081543 -5.449552059173584
v 13.255728721618652 -6.670696258544922 -5.549421310424805
v 11.406451225280762 -6.391284465789795 -4.288937568664551
v 10.994187355041504 -6.257474899291992 -4.090006351470947
v 12.555315017700195 -6.6767778396606445 -3.797516107559204
v 11.992020606994629 -6.574094772338867 -3.919919013977051
v 12.575248718261719 -6.619935989379883 -4.340336799621582
v 12.02554988861084 -6.541872978210449 -4.32916259765625
v 11.672567367553711 -6.516005992889404 -3.822154998779297
v 10.948330879211426 -6.270398139953613 -3.7345199584960938
v 10.925518989562988 -6.292750358581543 -3.4571878910064697
v 12.139958381652832 -6.507909774780273 -4.7952117919921875
v 12.978386878967285 -6.611337184906006 -5.431253433227539
v 12.703123092651367 -6.549808025360107 -5.414096355438232
v 12.182744026184082 -6.4853925704956055 -5.370666980743408
v 11.591370582580566 -6.401878833770752 -4.763314247131348
v 11.114511489868164 -6.236280918121338 -4.660982608795166
v 11.712203979492188 -6.382063388824463 -5.389658451080322
v 11.243555068969727 -6.209015846252441 -5.162594795227051
v 12.644230842590332 -6.565171718597412 -4.847580909729004
v 13.440465927124023 -6.918332576751709 -3.7774670124053955
v 13.151782035827637 -6.851686954498291 -3.599876642227173
v 14.231581687927246 -7.087862491607666 -3.5969760417938232
v 13.731569290161133 -7.007057189941406 -3.755892515182495
v 13.752545356750488 -7.033133506774902 -3.3555514812469482
v 14.273457527160645 -7.02375602722168 -4.311882972717285
v 13.73254108428955 -6.895963191986084 -4.320505142211914
v 13.722661018371582 -6.970424175262451 -3.959040403366089
v 14.933993339538574 -7.095020771026611 -3.191709280014038
v 15.6262788772583 -6.98904275894165 -3.517578363418579
v 15.370278358459473 -6.958405017852783 -4.473489761352539
v 14.944581031799316 -7.097492694854736 -4.010047912597656
v 15.265488624572754 -6.865316867828369 -5.213499546051025
v 15.042829513549805 -6.895601272583008 -5.29890251159668
v 15.007887840270996 -6.979431629180908 -4.950072765350342
v 15.670825004577637 -6.686492443084717 -4.922192573547363
v 15.927017211914062 -6.353821277618408 -4.509953022003174
v 16.05943489074707 -5.921183109283447 -4.1024627685546875
v 12.59609317779541 -6.7501397132873535 -3.2541663646698
v 15.55933952331543 -7.047027111053467 -1.945556879043579
v 16.037660598754883 -6.828854560852051 -1.4895883798599243
v 15.914994239807129 -6.690303325653076 -0.63776034116745
v 15.58029842376709 -6.932591915130615 -1.0234123468399048
v 15.70986557006836 -6.741487979888916 -0.44840794801712036
v 16.05816650390625 -6.19139289855957 -0.17337560653686523
v 16.234766006469727 -6.446333408355713 -1.0813581943511963
v 16.045961380004883 -6.867401599884033 -2.3462331295013428
v 16.314590454101562 -6.543946743011475 -1.9343534708023071
v 16.27619743347168 -6.546863555908203 -2.7931838035583496
v 16.411203384399414 -6.118668556213379 -2.381765127182007
v 16.38053321838379 -6.059006690979004 -1.528074860572815
v 16.324602127075195 -5.704450607299805 -1.2944111824035645
v 16.2216796875 -5.859439849853516 -0.6454049348831177
v 16.365615844726562 -5.6535115242004395 -1.9653533697128296
v 16.30135154724121 -5.814639568328857 -3.0533809661865234
v 16.254514694213867 -5.915638446807861 -3.3476979732513428
v 14.534197807312012 -6.668564796447754 -0.6257914304733276
v 13.65567398071289 -6.581406593322754 -1.0337096452713013
v 13.398828506469727 -6.513146877288818 -0.9371284246444702
v 13.92457389831543 -6.651451110839844 -1.1351401805877686
v 13.982401847839355 -6.503117084503174 -0.39989715814590454
v 14.569653511047363 -6.521671772003174 0.14392250776290894
v 14.643406867980957 -6.359104156494141 0.8458162546157837
v 15.092256546020508 -6.711216926574707 -0.21950846910476685
v 15.672931671142578 -6.45255708694458 0.2230314314365387
v 15.113037109375 -6.453542709350586 0.6114080548286438
v 14.303839683532715 -6.438563346862793 0.24194729328155518
v 14.042905807495117 -6.368402481079102 0.33766940236091614
v 13.511298179626465 -6.228975772857666 0.5358724594116211
v 14.80853271484375 -6.90608024597168 -1.4676514863967896
v 14.42698860168457 -6.8362932205200195 -1.6373704671859741
v 14.450825691223145 -6.787845611572266 -1.3332420587539673
v 15.039292335510254 -6.836472511291504 -0.7949303388595581
v 13.453924179077148 -6.359698295593262 -0.17168068885803223
v 12.91397762298584 -6.25075626373291 0.01445787027478218
v 15.435054779052734 -5.683040618896484 1.4903860092163086
v 15.766862869262695 -5.986928462982178 0.6335163712501526
v 15.353105545043945 -6.158228397369385 1.0761042833328247
v 15.680112838745117 -5.467083930969238 0.9775860905647278
v 15.313488960266113 -5.109375476837158 1.8674898147583008
v 15.462640762329102 -4.895694732666016 1.3012316226959229
v 15.032122611999512 -4.502729892730713 2.1777586936950684
v 14.831758499145508 -4.156327247619629 2.3213202953338623
v 15.220643997192383 -4.444053649902344 1.5044748783111572
v 14.822715759277344 -3.9835383892059326 1.7722423076629639
v 14.76052474975586 -4.0041961669921875 2.125114679336548
v 15.966423034667969 -5.677346229553223 0.16290026903152466
v 15.858146667480469 -5.36171293258667 0.3399195373058319
v 15.964744567871094 -5.221524238586426 -0.3175397217273712
v 15.665963172912598 -4.638294219970703 -0.01202470064163208
v 15.605875015258789 -4.7407708168029785 0.5408375859260559
v 15.257911682128906 -4.305695056915283 0.9075383543968201
v 15.212323188781738 -4.32042932510376 1.217507243156433
v 15.113125801086426 -4.156063079833984 1.0014277696609497
v 14.931893348693848 -3.97072434425354 1.1158955097198486
v 14.971231460571289 -3.9157629013061523 0.6274793744087219
v 14.644424438476562 -3.8092854022979736 1.8700861930847168
v 14.438173294067383 -3.492051124572754 1.416905164718628
v 14.540151596069336 -3.646256923675537 1.6343026161193848
v 14.694485664367676 -3.6077511310577393 0.6871123909950256
v 14.21975326538086 -3.1265108585357666 0.9662333130836487
v 14.307999610900879 -3.2899346351623535 1.1679681539535522
v 16.218406677246094 -5.396207809448242 -1.125022292137146
v 16.117549896240234 -4.995011806488037 -1.7026007175445557
v 16.101028442382812 -5.011538028717041 -1.3923561573028564
v 15.977919578552246 -4.7905778884887695 -1.5757997035980225
v 16.339954376220703 -5.717483997344971 -2.6966216564178467
v 16.007762908935547 -5.28178596496582 -3.63741135597229
v 16.079612731933594 -5.138782501220703 -3.051077365875244
v 15.798158645629883 -4.877181053161621 -3.269660472869873
v 16.11773109436035 -5.021066188812256 -2.2944464683532715
v 15.984674453735352 -4.875336647033691 -2.435849189758301
v 15.832229614257812 -4.68958044052124 -2.279029607772827
v 15.828495979309082 -4.6344428062438965 -1.7569395303726196
v 15.825109481811523 -4.7335920333862305 -2.590066432952881
v 15.543802261352539 -4.343837261199951 -2.0840346813201904
v 15.521438598632812 -4.456050872802734 -2.8909823894500732
v 15.220817565917969 -4.0158867835998535 -2.486229181289673
v 16.06171989440918 -5.067058563232422 -0.9652557373046875
v 15.774992942810059 -4.639281272888184 -0.7171339988708496
v 15.810559272766113 -4.617259502410889 -1.436385989189148
v 15.440722465515137 -4.278942584991455 -0.458629310131073
v 15.345187187194824 -4.287298679351807 0.23794680833816528
v 15.256196975708008 -4.07442569732666 -0.3174247145652771
v 15.500109672546387 -4.280875205993652 -1.1666154861450195
v 15.20036792755127 -3.9240453243255615 -0.9197467565536499
v 15.161134719848633 -3.927682638168335 -0.5000860691070557
v 15.023646354675293 -3.7075295448303223 -0.7704954743385315
v 14.807182312011719 -3.577528476715088 0.019310928881168365
v 14.472318649291992 -3.224452495574951 0.25163382291793823
v 13.878799438476562 -2.5054123401641846 -0.06980468332767487
v 13.824346542358398 -2.535003900527954 0.24273422360420227
v 15.170323371887207 -3.874894380569458 -1.628562569618225
v 14.956497192382812 -3.5925135612487793 -1.4231903553009033
v 14.926250457763672 -3.5633819103240967 -0.9440413117408752
v 14.647056579589844 -3.205333709716797 -1.160399317741394
v 14.983992576599121 -3.6696152687072754 -2.25101375579834
v 14.970243453979492 -3.6357064247131348 -1.894494652748108
v 14.82236385345459 -3.442082643508911 -2.0875513553619385
v 14.365191459655762 -2.8577775955200195 -1.6824365854263306
v 14.561285972595215 -3.2158143520355225 -0.34403109550476074
v 14.302090644836426 -2.8327996730804443 -0.7905900478363037
v 14.147927284240723 -2.6434202194213867 -0.8307747840881348
v 14.240492820739746 -2.8427116870880127 -0.2398671656847
v 14.045963287353516 -2.4797747135162354 -1.464218258857727
v 13.992342948913574 -2.4655227661132812 -0.8669064044952393
v 13.292927742004395 -6.691551685333252 -6.106464385986328
v 13.368525505065918 -6.653427600860596 -6.688676357269287
v 14.06027889251709 -6.605974197387695 -6.608227252960205
v 13.815131187438965 -6.714338302612305 -6.17859411239624
v 14.483366966247559 -6.787840366363525 -5.965875625610352
v 15.116219520568848 -6.780432224273682 -5.833374977111816
v 14.8059663772583 -6.551070690155029 -6.436006546020508
v 14.234408378601074 -6.2706522941589355 -6.946374893188477
v 13.59744644165039 -6.384083271026611 -7.19987678527832
v 15.365955352783203 -6.371523380279541 -6.279970169067383
v 14.7556791305542 -6.0946831703186035 -6.725058078765869
v 15.253422737121582 -5.9140119552612305 -6.473653793334961
v 14.57359504699707 -5.752806663513184 -6.860527515411377
v 14.000524520874023 -5.831241607666016 -7.254331588745117
v 14.682833671569824 -5.336513519287109 -6.594692707061768
v 12.752509117126465 -6.596271514892578 -6.080188751220703
v 12.254569053649902 -6.486786842346191 -5.993945121765137
v 12.218057632446289 -6.489319801330566 -5.696057319641113
v 12.839603424072266 -6.557687759399414 -6.735604763031006
v 12.372088432312012 -6.4253926277160645 -6.601335525512695
v 11.801382064819336 -6.357870101928711 -5.843992710113525
v 11.374706268310547 -6.171044826507568 -5.653082847595215
v 11.950050354003906 -6.274084568023682 -6.396603584289551
v 11.548450469970703 -6.075362682342529 -6.155263900756836
v 13.036678314208984 -6.332249164581299 -7.221397399902344
v 12.573392868041992 -6.246322154998779 -7.0929341316223145
v 13.25706958770752 -5.963046073913574 -7.460482120513916
v 12.914806365966797 -5.8841872215271 -7.383470058441162
v 12.162009239196777 -6.097158908843994 -6.866429328918457
v 11.781020164489746 -5.889068126678467 -6.589570045471191
v 12.467584609985352 -5.770251274108887 -7.1475443840026855
v 11.97058391571045 -5.7066330909729 -6.790830135345459
v 15.583271980285645 -6.595452785491943 -5.600562572479248
v 15.85984992980957 -6.293435096740723 -5.274518966674805
v 15.727270126342773 -6.199639797210693 -5.929447174072266
v 15.930302619934082 -5.817056179046631 -5.563876628875732
v 15.983985900878906 -5.865389347076416 -4.892268657684326
v 15.95366382598877 -5.368605613708496 -4.453933238983154
v 15.973255157470703 -5.334709644317627 -5.1613569259643555
v 15.637989044189453 -5.7298760414123535 -6.1282124519348145
v 15.880820274353027 -5.508668422698975 -5.700600624084473
v 15.75497055053711 -5.211695671081543 -5.7896928787231445
v 15.40695571899414 -5.331453323364258 -6.2289581298828125
v 15.602768898010254 -5.057483196258545 -5.85344123840332
v 14.886223793029785 -5.031581878662109 -6.246533393859863
v 15.247923851013184 -4.834291458129883 -5.880221843719482
v 15.741878509521484 -4.850507736206055 -5.4046406745910645
v 15.801530838012695 -4.761049270629883 -4.727061748504639
v 15.516801834106445 -4.402195930480957 -4.9752068519592285
v 15.404075622558594 -4.5857930183410645 -5.463604927062988
v 14.884626388549805 -4.646996974945068 -5.838542461395264
v 15.027894020080566 -4.3902177810668945 -5.460299015045166
v 15.16276741027832 -4.163240909576416 -5.020837306976318
v 14.660937309265137 -4.218943119049072 -5.42146635055542
v 14.783053398132324 -3.9596688747406006 -5.022345066070557
v 14.350354194641113 -3.829724073410034 -5.081290245056152
v 14.251367568969727 -5.5156989097595215 -6.961945056915283
v 14.470597267150879 -5.224112033843994 -6.602197647094727
v 13.655182838439941 -5.627724647521973 -7.315550804138184
v 13.255949020385742 -5.488842010498047 -7.238183498382568
v 12.820059776306152 -5.384978294372559 -7.074284553527832
v 12.357486724853516 -5.278720378875732 -6.806650161743164
v 13.888466835021973 -5.333207130432129 -6.975228309631348
v 13.49028491973877 -5.1948981285095215 -6.907242298126221
v 14.093198776245117 -5.054872035980225 -6.589582443237305
v 13.698410034179688 -4.909163951873779 -6.5350871086120605
v 13.066825866699219 -5.066849231719971 -6.757472515106201
v 12.626420974731445 -4.940731525421143 -6.552161693572998
v 13.285199165344238 -4.758045673370361 -6.396529197692871
v 12.855878829956055 -4.6214141845703125 -6.231367588043213
v 14.677753448486328 -4.9353928565979 -6.234859943389893
v 14.287908554077148 -4.773962020874023 -6.206441879272461
v 13.891613960266113 -4.613828659057617 -6.14228630065918
v 14.47410774230957 -4.491460800170898 -5.826538562774658
v 14.072284698486328 -4.320276737213135 -5.753121376037598
v 13.485136985778809 -4.452362060546875 -6.027996063232422
v 13.067148208618164 -4.301619529724121 -5.897761821746826
v 13.667791366577148 -4.151264667510986 -5.655797481536865
v 13.256717681884766 -3.9887993335723877 -5.552559852600098
v 14.242167472839355 -4.028931617736816 -5.366326808929443
v 13.842790603637695 -3.844025135040283 -5.292593955993652
v 13.438802719116211 -3.6699929237365723 -5.212307453155518
v 14.055585861206055 -3.4458229541778564 -4.775205612182617
v 13.60468864440918 -3.3627769947052 -4.87017297744751
v 15.759761810302734 -4.8829026222229 -4.054588317871094
v 15.499717712402344 -4.469568252563477 -3.617931604385376
v 15.540170669555664 -4.361623764038086 -4.31436014175415
v 15.224455833435059 -4.049477577209473 -4.670124053955078
v 15.16429615020752 -3.891322135925293 -3.901594400405884
v 15.143110275268555 -3.9386146068573 -3.2381906509399414
v 14.966785430908203 -3.667067766189575 -3.0353314876556396
v 14.98111343383789 -3.7011067867279053 -2.729802131652832
v 14.79485034942627 -3.403602361679077 -2.8529655933380127
v 14.961864471435547 -3.62892484664917 -3.715620279312134
v 14.957741737365723 -3.6435184478759766 -3.3691587448120117
v 14.704965591430664 -3.2718923091888428 -3.51076340675354
v 14.36263656616211 -2.7698330879211426 -3.1654891967773438
v 15.049912452697754 -3.8731043338775635 -4.528463840484619
v 14.951446533203125 -3.6438655853271484 -4.000796318054199
v 14.908700942993164 -3.719888687133789 -4.419102668762207
v 14.518837928771973 -3.512657880783081 -4.559030532836914
v 14.525806427001953 -3.2580275535583496 -4.108129501342773
v 14.13979721069336 -3.2831804752349854 -4.539744853973389
v 13.773432731628418 -3.0791077613830566 -4.5189528465271
v 14.261152267456055 -3.046549081802368 -4.127683162689209
v 13.897673606872559 -2.7893033027648926 -4.150130748748779
v 14.306084632873535 -2.9594435691833496 -3.9122626781463623
v 14.346977233886719 -2.885474920272827 -3.665752649307251
v 14.043559074401855 -2.5945541858673096 -3.6880054473876953
v 14.07774829864502 -2.4313952922821045 -3.251894474029541
v 14.697632789611816 -3.287933349609375 -2.234495162963867
v 14.407992362976074 -2.826188802719116 -2.478429079055786
v 14.090267181396484 -2.4363319873809814 -2.233323812484741
v 14.106114387512207 -2.3938231468200684 -2.970255136489868
v 14.112204551696777 -2.3906123638153076 -2.6915884017944336
v 10.160394668579102 -6.004830360412598 -2.699364423751831
v 10.434863090515137 -6.084195613861084 -3.235027551651001
v 9.98176383972168 -5.820558071136475 -3.1120707988739014
v 9.505170822143555 -5.617790222167969 -2.5103933811187744
v 9.032387733459473 -5.317744255065918 -2.5299105644226074
v 9.02122974395752 -5.35675048828125 -2.367056131362915
v 9.458913803100586 -5.489750385284424 -2.979254722595215
v 9.072893142700195 -5.269008636474609 -2.863703727722168
v 6.988792419433594 -4.770839691162109 -2.3423209190368652
v 6.620411396026611 -4.748891353607178 -2.3856685161590576
v 6.5632710456848145 -4.8046159744262695 -2.109729528427124
v 8.434802055358887 -5.113842964172363 -2.146826982498169
v 7.918665885925293 -4.895689010620117 -2.1835086345672607
v 7.9182024002075195 -4.952314376831055 -1.9544497728347778
v 6.432906627655029 -4.839117050170898 -1.7140439748764038
v 7.610383033752441 -4.873137474060059 -1.827641487121582
v 7.275872707366943 -4.840987682342529 -1.9108848571777344
v 7.312928676605225 -4.875725269317627 -1.7062623500823975
v 7.60316276550293 -4.794029235839844 -2.2324302196502686
v 7.276437759399414 -4.780026912689209 -2.293067455291748
v 7.052365303039551 -4.828283309936523 -1.9701073169708252
v 6.726397514343262 -4.708654880523682 -2.6277198791503906
v 7.329155921936035 -4.737361431121826 -2.515280246734619
v 7.165403366088867 -4.713547229766846 -2.88376522064209
v 6.840821266174316 -4.709988117218018 -2.908478260040283
v 7.444212913513184 -4.715480804443359 -2.863233804702759
v 8.202476501464844 -4.922688007354736 -2.5214874744415283
v 7.941009044647217 -4.855162143707275 -2.3996646404266357
v 8.524128913879395 -5.055918216705322 -2.5091991424560547
v 8.586047172546387 -5.021848201751709 -2.871670722961426
v 8.547560691833496 -5.035374164581299 -2.6702516078948975
v 9.993931770324707 -6.032460689544678 -2.2022695541381836
v 10.482011795043945 -6.290450572967529 -2.2954697608947754
v 10.529280662536621 -6.448835372924805 -1.9304940700531006
v 9.866567611694336 -6.190719127655029 -1.6958849430084229
v 9.3013277053833 -6.092341899871826 -1.4888609647750854
v 9.005508422851562 -5.646595001220703 -1.6957255601882935
v 8.833602905273438 -5.868705749511719 -1.4746723175048828
v 9.50419807434082 -5.7818169593811035 -2.0549142360687256
v 9.012670516967773 -5.434823036193848 -2.1284263134002686
v 9.0082368850708 -5.535273551940918 -1.9012531042099
v 11.024226188659668 -6.574294567108154 -1.4498100280761719
v 10.564823150634766 -6.542006969451904 -1.618468165397644
v 10.582324028015137 -6.490604877471924 -1.3209795951843262
v 10.721927642822266 -6.36400842666626 -0.6061492562294006
v 10.437310218811035 -6.162399768829346 -2.740102767944336
v 8.455859184265137 -5.457327365875244 -1.6513631343841553
v 7.9295501708984375 -5.011788845062256 -1.7669786214828491
v 7.9471893310546875 -5.10481595993042 -1.5394132137298584
v 10.535151481628418 -6.044498443603516 -3.9838881492614746
v 10.073142051696777 -5.803069114685059 -3.751544713973999
v 9.639586448669434 -5.54392671585083 -3.6299500465393066
v 9.22957992553711 -5.306728839874268 -3.684311628341675
v 9.184471130371094 -5.286378383636475 -3.4837732315063477
v 10.47686767578125 -6.053584575653076 -3.6330909729003906
v 10.032211303710938 -5.801180362701416 -3.5134036540985107
v 9.5961332321167 -5.532050609588623 -3.393965244293213
v 9.14704418182373 -5.270122528076172 -3.29573917388916
v 10.664155006408691 -6.032491207122803 -4.523317337036133
v 10.231316566467285 -5.801750659942627 -4.371243000030518
v 10.828855514526367 -5.994726657867432 -5.043375015258789
v 10.380293846130371 -5.77752161026001 -4.80617618560791
v 9.801393508911133 -5.561245441436768 -4.226273059844971
v 9.348947525024414 -5.328755855560303 -4.067770004272461
v 9.954923629760742 -5.539700031280518 -4.618290901184082
v 9.508756637573242 -5.316298007965088 -4.454962253570557
v 8.634088516235352 -5.017807483673096 -3.223125457763672
v 8.126351356506348 -4.840760707855225 -3.1680681705474854
v 7.982943058013916 -4.792837619781494 -2.8423829078674316
v 8.746591567993164 -5.083946704864502 -3.579756498336792
v 7.554717540740967 -4.744553089141846 -3.1408324241638184
v 7.6424970626831055 -4.831014156341553 -3.5440115928649902
v 8.329336166381836 -4.995544910430908 -3.9265668392181396
v 8.196693420410156 -4.9130377769470215 -3.5507171154022217
v 9.246369361877441 -5.214654922485352 -4.392407417297363
v 8.912588119506836 -5.1430134773254395 -4.100716590881348
v 8.466277122497559 -5.0544328689575195 -4.351672649383545
v 6.325587749481201 -4.721568584442139 -2.4144558906555176
v 6.000446796417236 -4.690455436706543 -2.4454843997955322
v 5.8992228507995605 -4.7998881340026855 -2.2264726161956787
v 13.513033866882324 -2.1681630611419678 0.06465780735015869
v 13.61435317993164 -2.1283178329467773 -0.5813676714897156
v 13.730422973632812 -2.1145479679107666 -1.3026208877563477
v 13.370805740356445 -1.75470769405365 -1.1458590030670166
v 13.166431427001953 -1.7292120456695557 -0.4392746388912201
v 12.97614574432373 -1.44789457321167 -1.035428524017334
v 12.895868301391602 -1.485097050666809 -0.628960371017456
v 12.530281066894531 -1.193315863609314 -0.8240775465965271
v 12.156635284423828 -0.8360617160797119 -0.9458139538764954
v 8.906902313232422 2.5680360794067383 -1.2769346237182617
v 8.194315910339355 3.1495869159698486 -1.6173969507217407
v 8.128384590148926 3.012594699859619 -0.8514416217803955
v 7.670029640197754 3.2970569133758545 -0.8465713262557983
v 7.083484172821045 3.668073892593384 -1.2260249853134155
v 7.56902551651001 3.5109565258026123 -2.0652925968170166
v 7.132023334503174 3.7164766788482666 -2.2032718658447266
v 10.967084884643555 -5.948267459869385 -5.445549011230469
v 10.525282859802246 -5.728376388549805 -5.154565334320068
v 11.160440444946289 -5.842825412750244 -5.907164096832275
v 10.70772933959961 -5.636113166809082 -5.516233444213867
v 10.137138366699219 -5.484091758728027 -5.0150322914123535
v 10.356882095336914 -5.372641563415527 -5.3991289138793945
v 9.912975311279297 -5.175856590270996 -5.230178356170654
v 11.411116600036621 -5.662506580352783 -6.283840656280518
v 11.028914451599121 -5.404598236083984 -5.979775905609131
v 11.745625495910645 -5.318106651306152 -6.502010345458984
v 10.62553882598877 -5.180847644805908 -5.736002445220947
v 10.177406311035156 -5.003040313720703 -5.573885440826416
v 11.339604377746582 -5.05231237411499 -6.164244174957275
v 10.944197654724121 -4.891297340393066 -5.949446201324463
v 9.584611892700195 -5.229124069213867 -4.818717002868652
v 9.202836990356445 -5.118460655212402 -4.762234687805176
v 9.595114707946777 -5.068349361419678 -5.16069221496582
v 9.547465324401855 -4.962822437286377 -5.323074817657471
v 9.504765510559082 -4.852530479431152 -5.512699127197266
v 9.103047370910645 -4.8604936599731445 -5.606223106384277
v 9.392168998718262 -4.610809326171875 -5.916531085968018
v 10.438857078552246 -4.694672584533691 -5.807493686676025
v 10.008145332336426 -4.612617492675781 -5.788183689117432
v 12.172393798828125 -4.816768646240234 -6.33076286315918
v 11.71737289428711 -4.682281970977783 -6.1161322593688965
v 12.41939640045166 -4.483466625213623 -6.063593864440918
v 11.986343383789062 -4.33402156829834 -5.9140214920043945
v 11.281562805175781 -4.521912574768066 -5.950992107391357
v 10.868890762329102 -4.334427356719971 -5.870353698730469
v 11.569913864135742 -4.16536283493042 -5.80556583404541
v 11.027522087097168 -4.144975185394287 -5.820513725280762
v 11.165167808532715 -3.9727232456207275 -5.761245250701904
v 9.182981491088867 -4.314446926116943 -6.379847049713135
v 8.890802383422852 -3.9772348403930664 -6.74488639831543
v 9.503764152526855 -3.9480090141296387 -6.315129280090332
v 9.156583786010742 -3.741057872772217 -6.567628383636475
v 10.488447189331055 -4.134806156158447 -5.873721122741699
v 9.788275718688965 -4.216789245605469 -6.058525562286377
v 10.129656791687012 -3.873096466064453 -5.9791460037231445
v 10.776927947998047 -3.7615268230438232 -5.767858982086182
v 10.399369239807129 -3.5327060222625732 -5.822129249572754
v 9.67017650604248 -3.5371224880218506 -6.193709373474121
v 10.016485214233398 -3.353726625442505 -5.946603775024414
v 9.42011833190918 -3.352033853530884 -6.336170673370361
v 9.652369499206543 -3.0326192378997803 -6.0805277824401855
v 12.643627166748047 -4.14998197555542 -5.772617340087891
v 12.343125343322754 -4.0336432456970215 -5.694469928741455
v 12.842486381530762 -3.8272438049316406 -5.457988262176514
v 12.467317581176758 -3.6677327156066895 -5.391269683837891
v 11.821377754211426 -3.8105146884918213 -5.596356391906738
v 11.419178009033203 -3.623965263366699 -5.568563461303711
v 12.042600631713867 -3.4702320098876953 -5.346256256103516
v 11.645524024963379 -3.2803449630737305 -5.330760955810547
v 12.826620101928711 -2.9800548553466797 -4.8183794021606445
v 12.064403533935547 -2.5813400745391846 -4.844081878662109
v 11.02811050415039 -3.416079521179199 -5.5750579833984375
v 10.644146919250488 -3.1883437633514404 -5.615256309509277
v 11.248790740966797 -3.0782461166381836 -5.339532375335693
v 10.860533714294434 -2.8516669273376465 -5.378690242767334
v 11.854942321777344 -2.937119483947754 -5.0831451416015625
v 11.455881118774414 -2.736715078353882 -5.095847129821777
v 11.064159393310547 -2.509763717651367 -5.1370744705200195
v 11.664846420288086 -2.382585287094116 -4.864586353302002
v 11.25771427154541 -2.166966438293457 -4.895601749420166
v 10.666081428527832 -2.2619950771331787 -5.200287342071533
v 10.851908683776855 -1.9164685010910034 -4.952592849731445
v 10.345582962036133 -3.0048859119415283 -5.670770168304443
v 9.873388290405273 -2.695039987564087 -5.816770553588867
v 10.64129638671875 -2.7152130603790283 -5.414326190948486
v 10.081418991088867 -2.343968391418457 -5.564816474914551
v 10.269124031066895 -1.9899518489837646 -5.30998420715332
v 8.731451988220215 -3.8424785137176514 -6.8659586906433105
v 8.54484748840332 -3.6808626651763916 -7.004459857940674
v 8.180193901062012 -3.382449150085449 -7.236685752868652
v 8.813026428222656 -3.3786797523498535 -6.7960734367370605
v 8.435599327087402 -3.0961759090423584 -7.009929180145264
v 7.791092872619629 -3.0913267135620117 -7.44694709777832
v 7.3869123458862305 -2.827669382095337 -7.641458511352539
v 7.9945502281188965 -2.8652727603912354 -7.266613483428955
v 7.629694938659668 -2.5698764324188232 -7.419649600982666
v 9.052823066711426 -3.078406810760498 -6.536601543426514
v 8.667733192443848 -2.8054652214050293 -6.742227077484131
v 9.267732620239258 -2.7726006507873535 -6.256060600280762
v 8.875975608825684 -2.504409074783325 -6.4577226638793945
v 8.469858169555664 -2.6751065254211426 -6.852160930633545
v 8.26038646697998 -2.55021595954895 -6.962081432342529
v 7.851984977722168 -2.3121731281280518 -7.162845611572266
v 8.630974769592285 -2.354492664337158 -6.592925548553467
v 8.056498527526855 -2.030913829803467 -6.891226291656494
v 6.833264350891113 -2.6891095638275146 -7.925405502319336
v 6.542670726776123 -2.3021209239959717 -8.045570373535156
v 7.211476802825928 -2.3219430446624756 -7.617445945739746
v 6.782469749450684 -2.066466808319092 -7.83536434173584
v 5.942066192626953 -1.480523943901062 -8.352178573608398
v 7.225547790527344 -1.5279605388641357 -7.380176544189453
v 6.345987796783447 -1.0099200010299683 -7.892409801483154
v 10.400589942932129 -1.5991151332855225 -5.069034576416016
v 9.473321914672852 -2.4417126178741455 -5.976995468139648
v 9.069244384765625 -2.1786396503448486 -6.178896427154541
v 9.68289852142334 -2.0731165409088135 -5.719264507293701
v 9.264429092407227 -1.817091464996338 -5.915650844573975
v 8.623530387878418 -2.0154635906219482 -6.4550371170043945
v 8.848050117492676 -1.587011456489563 -6.124785900115967
v 8.372102737426758 -1.478584885597229 -6.4496307373046875
v 8.257641792297363 -1.704290509223938 -6.621358871459961
v 9.869529724121094 -1.6984515190124512 -5.468764781951904
v 9.45894718170166 -1.4225883483886719 -5.663477420806885
v 10.118476867675781 -1.135896921157837 -5.110543251037598
v 9.630663871765137 -1.0122864246368408 -5.405054569244385
v 9.025830268859863 -1.1871004104614258 -5.866204738616943
v 8.605819702148438 -0.9317008256912231 -6.1026458740234375
v 9.177945137023926 -0.7603651285171509 -5.593270301818848
v 8.748668670654297 -0.4815053343772888 -5.822590351104736
v 7.599035263061523 -0.7893587350845337 -6.833805561065674
v 6.690211772918701 -0.3637104034423828 -7.390039920806885
v 8.099152565002441 -1.1479047536849976 -6.5615644454956055
v 8.172585487365723 -0.6812883019447327 -6.357848167419434
v 7.721400260925293 -0.4376664459705353 -6.625100612640381
v 8.29599380493164 -0.21797403693199158 -6.063129901885986
v 7.844980239868164 0.05292763561010361 -6.321154594421387
v 7.2799296379089355 -0.16856014728546143 -6.9045257568359375
v 6.831597805023193 0.06089741364121437 -7.130799293518066
v 7.425291538238525 0.5386852025985718 -6.439711093902588
v 6.956234931945801 0.6502503752708435 -6.7170491218566895
v 7.15709114074707 -0.5344014763832092 -7.116760730743408
v 13.5159273147583 -2.587372303009033 -4.23333740234375
v 13.744732856750488 -2.0954556465148926 -3.400885820388794
v 13.658989906311035 -2.2826521396636963 -3.800149917602539
v 13.261384010314941 -2.1115381717681885 -3.9819979667663574
v 13.409987449645996 -1.7690047025680542 -3.4547059535980225
v 13.14660358428955 -1.9210374355316162 -3.8881139755249023
v 13.055405616760254 -1.4901896715164185 -3.5442874431610107
v 12.70241928100586 -1.2519629001617432 -3.609473943710327
v 13.768223762512207 -2.0413472652435303 -2.0183112621307373
v 13.893990516662598 -2.0963327884674072 -2.8048312664031982
v 13.337213516235352 -1.3679351806640625 -2.4483628273010254
v 13.42924690246582 -1.6566840410232544 -1.84738290309906
v 13.411895751953125 -1.7170031070709229 -1.5644450187683105
v 13.12402057647705 -1.342893362045288 -1.7399717569351196
v 12.674327850341797 -0.9456506967544556 -1.614098310470581
v 12.756121635437012 -0.7982611656188965 -2.2380897998809814
v 12.724387168884277 -0.8464944362640381 -1.9086012840270996
v 13.457859992980957 -1.6604655981063843 -3.226205587387085
v 13.49215316772461 -1.5789271593093872 -2.980564594268799
v 13.202361106872559 -1.3030532598495483 -3.074662208557129
v 13.168146133422852 -1.1341757774353027 -2.5319221019744873
v 12.796960830688477 -0.8516438007354736 -2.906252145767212
v 12.788630485534668 -0.8039962649345398 -2.655540943145752
v 12.775444984436035 -0.9650516510009766 -3.1974263191223145
v 12.277117729187012 -0.5835214853286743 -1.5348235368728638
v 11.878804206848145 -0.19054262340068817 -1.4908857345581055
v 11.788990020751953 -0.3564082682132721 -1.123913049697876
v 12.370109558105469 -0.43583980202674866 -2.156428337097168
v 12.073103904724121 -0.13839608430862427 -2.129199504852295
v 11.411345481872559 0.12667806446552277 -1.2240948677062988
v 11.000828742980957 0.5892997980117798 -1.415205955505371
v 12.308788299560547 -0.39361312985420227 -2.796952962875366
v 12.345625877380371 -0.8655199408531189 -3.499166250228882
v 12.377012252807617 -0.7253946661949158 -3.2899553775787354
v 11.981491088867188 -0.4964626431465149 -3.408264398574829
v 12.035290718078613 -0.1251017451286316 -2.776130199432373
v 11.577534675598145 -0.17350396513938904 -3.4450619220733643
v 11.162857055664062 0.22571220993995667 -3.555492639541626
v 11.619373321533203 0.20242300629615784 -2.8626554012298584
v 11.200437545776367 0.5667405724525452 -3.0316872596740723
v 11.600203514099121 0.3476896584033966 -2.241476535797119
v 11.116863250732422 0.705886960029602 -2.258072853088379
v 13.170585632324219 -2.3122847080230713 -4.218497276306152
v 12.40290355682373 -1.909359335899353 -4.29296350479126
v 12.789633750915527 -2.1067252159118652 -4.256924629211426
v 12.982349395751953 -1.663434624671936 -3.770540475845337
v 12.54798698425293 -1.578775405883789 -3.983322858810425
v 11.614690780639648 -1.4901578426361084 -4.37509822845459
v 11.451397895812988 -1.8167247772216797 -4.652040481567383
v 11.04023265838623 -1.561642050743103 -4.703766345977783
v 10.620429992675781 -1.2618986368179321 -4.806549549102783
v 11.20540714263916 -1.2288678884506226 -4.42965030670166
v 10.78702449798584 -0.8955173492431641 -4.536081790924072
v 12.083620071411133 -1.7220158576965332 -4.304996967315674
v 12.160429954528809 -1.374946117401123 -4.0322980880737305
v 11.726101875305176 -1.2538468837738037 -4.1631340980529785
v 12.293669700622559 -1.0345264673233032 -3.70198655128479
v 11.9035005569458 -0.8170616626739502 -3.7670140266418457
v 11.427506446838379 -0.960530698299408 -4.12323522567749
v 11.492880821228027 -0.566866397857666 -3.8149895668029785
v 11.074405670166016 -0.15586838126182556 -3.9317643642425537
v 10.972793579101562 -0.459516704082489 -4.18684196472168
v 8.562487602233887 1.9272277355194092 -4.666230201721191
v 8.16983413696289 2.1434640884399414 -4.828841209411621
v 7.164931774139404 1.9419801235198975 -5.47116756439209
v 7.679577350616455 2.370155096054077 -4.833365440368652
v 10.558260917663574 1.0217703580856323 -1.4660056829452515
v 10.15130615234375 1.5308237075805664 -1.701124906539917
v 10.093317985534668 1.4469857215881348 -1.361675500869751
v 10.352964401245117 1.3745213747024536 -2.386122226715088
v 9.688790321350098 1.9690942764282227 -1.8436846733093262
v 9.628429412841797 1.8847025632858276 -1.3586690425872803
v 9.243027687072754 2.4257652759552 -2.0396339893341064
v 9.166780471801758 2.327956438064575 -1.3182127475738525
v 9.752615928649902 1.9988670349121094 -2.4323630332946777
v 9.281386375427246 2.3545384407043457 -2.8537356853485107
v 9.267069816589355 2.4156339168548584 -2.4255175590515137
v 10.72734546661377 0.6554839611053467 -3.70937442779541
v 10.267579078674316 1.0592833757400513 -3.8917999267578125
v 10.69851016998291 0.9829550981521606 -3.0055930614471436
v 10.21543025970459 1.4327940940856934 -3.1961007118225098
v 9.799787521362305 1.8323915004730225 -3.338242769241333
v 9.318438529968262 2.156329393386841 -3.6549124717712402
v 9.328278541564941 2.2948226928710938 -3.333798408508301
v 9.75607967376709 1.4573464393615723 -3.9919188022613525
v 9.3018217086792 1.9599933624267578 -4.009159088134766
v 10.653759956359863 1.0888872146606445 -2.3587806224823
v 8.266142845153809 3.022334575653076 -3.3168864250183105
v 7.171030521392822 3.4857587814331055 -3.112067222595215
v 7.721165180206299 3.1395602226257324 -3.674801826477051
v 7.713991165161133 3.335721254348755 -3.238590717315674
v 8.565444946289062 2.912029981613159 -2.3489699363708496
v 8.225240707397461 3.1523380279541016 -2.4071993827819824
v 7.705788612365723 3.411752939224243 -2.8170666694641113
v 8.37889289855957 2.6038529872894287 -4.1223039627075195
v 8.802135467529297 2.69339919090271 -3.2327752113342285
v 8.813666343688965 2.409318685531616 -4.011040210723877
v 7.703388690948486 2.6441047191619873 -4.479377746582031
v 7.716601848602295 2.8677761554718018 -4.149053573608398
v 10.210171699523926 -0.9110445976257324 -4.970037937164307
v 9.742254257202148 -0.7125406861305237 -5.217488765716553
v 10.362238883972168 -0.5166488885879517 -4.701474189758301
v 9.93616008758545 -0.15403343737125397 -4.87811279296875
v 9.290998458862305 -0.3954600691795349 -5.368431568145752
v 8.839518547058105 -0.10861242562532425 -5.588082790374756
v 9.461748123168945 0.16794967651367188 -5.050875186920166
v 8.976720809936523 0.48297542333602905 -5.233530521392822
v 10.653228759765625 0.3023946285247803 -4.097237586975098
v 10.209307670593262 0.737592339515686 -4.255434989929199
v 10.57129192352295 0.01166042685508728 -4.355419635772705
v 10.11568546295166 0.3616536855697632 -4.572877883911133
v 9.299163818359375 0.7975682020187378 -4.829866409301758
v 9.668712615966797 1.0795282125473022 -4.373004913330078
v 9.234747886657715 1.6731922626495361 -4.330550670623779
v 9.58542251586914 0.6769909262657166 -4.716617107391357
v 8.367012023925781 0.12773795425891876 -5.84425163269043
v 7.901596546173096 0.34751632809638977 -6.13679313659668
v 7.9442644119262695 0.5934651494026184 -5.984354496002197
v 8.50866985321045 0.8175399303436279 -5.43036413192749
v 8.051155090332031 1.2817527055740356 -5.544395923614502
v 7.683122158050537 1.3683314323425293 -5.76918363571167
v 7.066174030303955 1.3732250928878784 -6.056390762329102
v 7.4743242263793945 0.8806453347206116 -6.213015079498291
v 7.013818740844727 0.9801477193832397 -6.418213844299316
v 8.561976432800293 1.120396614074707 -5.234829425811768
v 8.110745429992676 1.6980854272842407 -5.240823268890381
v 7.629336833953857 1.9499619007110596 -5.291794776916504
v 14.349360466003418 -3.7160122394561768 2.5635392665863037
v 13.92388916015625 -3.4491209983825684 2.9154064655303955
v 14.480297088623047 -3.6568527221679688 1.9537135362625122
v 14.11130142211914 -3.3562393188476562 2.1181020736694336
v 13.82972240447998 -3.31194806098938 2.750767230987549
v 13.59164810180664 -3.134634494781494 2.8215460777282715
v 13.19644546508789 -2.8554816246032715 2.928377389907837
v 13.67006778717041 -2.9932217597961426 2.2788922786712646
v 13.354350090026855 -2.7566027641296387 2.368197441101074
v 14.243749618530273 -3.3189456462860107 1.5028138160705566
v 13.643386840820312 -2.6128315925598145 1.173100471496582
v 12.790411949157715 -2.6327614784240723 2.9806745052337646
v 12.396050453186035 -2.3213107585906982 3.0515716075897217
v 12.947458267211914 -2.5081496238708496 2.4485995769500732
v 12.550562858581543 -2.205150842666626 2.5208094120025635
v 11.647851943969727 -1.6535513401031494 2.920438766479492
v 12.900242805480957 -1.995286464691162 1.2896875143051147
v 12.019628524780273 -1.468859314918518 1.482608675956726
v 11.299881935119629 -1.2910493612289429 2.6780245304107666
v 10.06633186340332 -0.21099478006362915 2.7724828720092773
v 11.191479682922363 -0.7984048128128052 1.5617327690124512
v 10.924896240234375 -0.9505109786987305 2.58023738861084
v 10.35207748413086 -0.05391664803028107 1.6064015626907349
v 10.21763801574707 -0.12707188725471497 2.175328254699707
v 13.133123397827148 -1.8438037633895874 0.16474902629852295
v 12.291868209838867 -1.3236091136932373 0.28749337792396545
v 12.735404968261719 -1.5458745956420898 0.23674504458904266
v 12.444241523742676 -1.222031593322754 -0.32325345277786255
v 11.378923416137695 -0.6402892470359802 0.3793586194515228
v 11.584086418151855 -0.6257951259613037 -0.21730470657348633
v 11.160224914550781 -0.2691516876220703 -0.18183240294456482
v 11.041223526000977 -0.32605189085006714 0.3547526001930237
v 10.746971130371094 0.130564346909523 -0.17106249928474426
v 10.65916919708252 0.08295150101184845 0.20543017983436584
v 11.318167686462402 -0.06295615434646606 -0.8347876667976379
v 10.913094520568848 0.4052281677722931 -0.855983555316925
v 9.907760620117188 -0.3207670748233795 3.2989697456359863
v 9.31109619140625 -0.07003116607666016 3.8050944805145264
v 9.49000072479248 0.0811355784535408 3.3184568881988525
v 9.071504592895508 0.4552682042121887 3.2635202407836914
v 9.648444175720215 0.18486641347408295 2.765998363494873
v 9.22866153717041 0.5807971358299255 2.741239309310913
v 8.641393661499023 0.8559317588806152 3.246497869491577
v 8.1978178024292 1.2564785480499268 3.2163612842559814
v 8.808381080627441 0.9953924417495728 2.73795223236084
v 8.365640640258789 1.406150221824646 2.7151119709014893
v 9.928092956542969 0.3380906581878662 1.615157961845398
v 9.841399192810059 0.2950478196144104 1.997287392616272
v 9.443012237548828 0.7332220077514648 1.9079405069351196
v 9.028797149658203 1.170461654663086 1.8673189878463745
v 8.677422523498535 1.6775238513946533 1.5878366231918335
v 8.588107109069824 1.5879807472229004 1.896944284439087
v 9.369194984436035 0.6871480941772461 2.201181411743164
v 8.950861930847168 1.1124637126922607 2.203333616256714
v 8.517606735229492 1.5326673984527588 2.183626174926758
v 6.792059898376465 2.367020845413208 2.959108591079712
v 6.297056674957275 2.6671061515808105 2.7730791568756104
v 6.965333938598633 2.5289688110351562 2.4233956336975098
v 6.467004776000977 2.8126533031463623 2.257298707962036
v 7.743768692016602 1.636525273323059 3.132918357849121
v 7.276015281677246 2.016329288482666 3.0613534450531006
v 7.913302898406982 1.793318271636963 2.6326093673706055
v 7.238927841186523 2.3337459564208984 2.5024728775024414
v 7.915898323059082 2.0585224628448486 2.0597896575927734
v 7.60705041885376 2.306183338165283 1.9952155351638794
v 7.525442123413086 2.238693952560425 2.2865898609161377
v 8.235995292663574 2.081162691116333 1.5102968215942383
v 7.7534565925598145 2.435744524002075 1.4326714277267456
v 7.1204447746276855 2.669015645980835 1.8845677375793457
v 6.618881702423096 2.944706439971924 1.7268801927566528
v 6.761364936828613 3.06598162651062 1.1654783487319946
v 7.260594844818115 2.780241012573242 1.3208048343658447
v 10.48271369934082 0.004138365387916565 1.0162532329559326
v 10.052416801452637 0.39069491624832153 1.0058425664901733
v 9.627546310424805 0.8229384422302246 1.0183173418045044
v 10.183598518371582 0.4611586332321167 0.42642301321029663
v 9.755311965942383 0.895197868347168 0.4337676167488098
v 9.198538780212402 1.2662633657455444 1.023342490196228
v 8.824088096618652 1.789043664932251 0.9770417213439941
v 9.321864128112793 1.3392142057418823 0.4285573363304138
v 10.315595626831055 0.5302227735519409 -0.17020860314369202
v 10.249591827392578 0.4962664544582367 0.1275966614484787
v 9.824628829956055 0.932054340839386 0.09798531234264374
v 10.447998046875 0.8155428171157837 -0.8719316124916077
v 10.000336647033691 1.2826234102249146 -0.9275707006454468
v 9.448680877685547 1.4702136516571045 -0.22021718323230743
v 9.385470390319824 1.3745970726013184 0.10667100548744202
v 9.048995018005371 2.031446933746338 -0.3221331536769867
v 8.970968246459961 1.862869143486023 0.1477983146905899
v 8.366033554077148 2.171420097351074 0.9258036613464355
v 7.893948554992676 2.567577838897705 0.8462966680526733
v 8.43220043182373 2.2965776920318604 0.28210049867630005
v 7.964477062225342 2.615398645401001 0.46483898162841797
v 7.413153171539307 2.8978428840637207 0.7469512224197388
v 6.893866539001465 3.1918628215789795 0.5503764748573303
v 7.502156734466553 2.9900951385498047 0.07681480795145035
v 8.58681869506836 2.4852402210235596 -0.45636284351348877
v 4.38781213760376 3.832143783569336 1.4893113374710083
v 2.3486368656158447 3.7698912620544434 0.7862040400505066
v 3.3391778469085693 3.7885050773620605 1.1163924932479858
v 3.3506357669830322 4.271402359008789 -0.3434160053730011
v 2.591907024383545 4.216231822967529 -0.6944981813430786
v 3.6146271228790283 4.247828960418701 -0.20101946592330933
v 3.1711056232452393 3.1736698150634766 -4.143847465515137
v 5.82712984085083 3.740645408630371 0.11170201748609543
v 5.729180335998535 3.6386420726776123 0.7063590884208679
v 6.9384894371032715 3.4247963428497314 -0.3419307470321655
v 6.455948352813721 3.700887441635132 -0.5509364604949951
v 6.206454277038574 3.5337605476379395 0.2954811453819275
v 4.775871276855469 4.290133953094482 -0.5699856877326965
v 4.669033050537109 4.038776874542236 0.36266154050827026
v 5.184823036193848 3.9029712677001953 0.557807207107544
v 5.884690761566162 4.147073268890381 -1.0297179222106934
v 5.399869441986084 4.331720352172852 -1.237646222114563
v 5.249211311340332 4.174433708190918 -0.41513529419898987
v 6.173550605773926 3.7961649894714355 -2.7324724197387695
v 5.47750186920166 4.032200336456299 -2.221364974975586
v 4.930522441864014 3.8504557609558105 -2.5578746795654297
v 5.072956085205078 3.5225605964660645 -3.3464303016662598
v 5.523173809051514 3.6197915077209473 -3.2009260654449463
v 6.556728839874268 3.943342447280884 -1.53632390499115
v 6.008850574493408 4.118763446807861 -1.8997504711151123
v 4.011590003967285 4.385255336761475 -1.013629674911499
v 3.723867893218994 4.290936470031738 -1.1650803089141846
v 3.671315908432007 4.386492729187012 -0.6807745695114136
v 4.805370807647705 4.167007923126221 -1.7035208940505981
v 4.332762718200684 4.104933738708496 -1.8757423162460327
v 4.279695510864258 4.309378623962402 -1.2567654848098755
v 3.8204874992370605 4.027822971343994 -2.1260387897491455
v 3.097682476043701 4.29631233215332 -0.47003087401390076
v 3.2136993408203125 4.138548851013184 -1.4028362035751343
v 3.3174452781677246 3.887434959411621 -2.3254947662353516
v 2.847013473510742 3.8196909427642822 -2.4538989067077637
v 2.775730848312378 3.958256244659424 -1.9582221508026123
v 4.140064239501953 4.188698768615723 0.10641902685165405
v 4.2599687576293945 3.7170910835266113 -2.8964157104492188
v 3.877134323120117 3.8408875465393066 -2.681299924850464
v 4.496823310852051 3.3536853790283203 -3.706282138824463
v 4.010173320770264 3.3127424716949463 -3.9052670001983643
v 3.4301512241363525 3.5771162509918213 -3.2007951736450195
v 2.958742618560791 3.50740909576416 -3.324965476989746
v -0.16553902626037598 3.9492387771606445 -0.22027306258678436
v -0.5152217149734497 3.869497299194336 -0.4517644941806793
v -1.3526852130889893 3.7678418159484863 -0.9967870116233826
v -0.21057763695716858 4.107151031494141 -1.7379257678985596
v -0.9885385632514954 3.907870292663574 -1.4739755392074585
v -1.199228048324585 3.911194086074829 -1.5933783054351807
v -0.35354146361351013 3.985022783279419 -1.087504506111145
v -0.9884389042854309 3.7911558151245117 -0.7652266025543213
v -0.7698658108711243 3.920806407928467 -1.3446316719055176
v -0.9494519829750061 4.062700271606445 -2.1459343433380127
v -0.6323519349098206 4.063971042633057 -1.973287582397461
v 1.2719415426254272 3.819911241531372 0.456193208694458
v 0.2847600281238556 3.9267208576202393 0.0710960403084755
v 0.6387427449226379 4.212593078613281 -1.318652629852295
v 2.5561060905456543 3.270958662033081 -3.9334394931793213
v 2.145503044128418 3.1388654708862305 -4.381633758544922
v 2.0651817321777344 3.3950300216674805 -3.7908108234405518
v 1.559604525566101 3.57718825340271 -3.6332929134368896
v 1.0574743747711182 3.8120784759521484 -3.369931221008301
v 1.6870195865631104 3.1938223838806152 -4.477450847625732
v 1.2289071083068848 3.302443742752075 -4.5634446144104
v -0.09022609889507294 4.184788227081299 -2.418767213821411
v 0.5213119983673096 4.086427211761475 -2.8435750007629395
v 0.009037047624588013 4.158744812011719 -3.142098903656006
v -0.9127593636512756 4.221567153930664 -2.811231851577759
v -0.5175540447235107 4.189234733581543 -2.6235158443450928
v -0.8392437696456909 4.308716773986816 -3.4632761478424072
v -0.42430150508880615 4.2274322509765625 -3.302739381790161
v 0.6372234225273132 3.8074839115142822 -3.813249349594116
v 0.1587856560945511 3.9767580032348633 -3.911543846130371
v 0.7695631384849548 3.473602771759033 -4.635813236236572
v 0.3047274053096771 3.705306053161621 -4.69630241394043
v -0.679815411567688 4.321120738983154 -4.102651596069336
v -0.3290296792984009 4.1798248291015625 -4.014309406280518
v -0.6647312641143799 4.220288276672363 -4.845850467681885
v 2.386209011077881 4.02616548538208 -1.6787408590316772
v 1.6475918292999268 4.167452812194824 -1.0074878931045532
v 1.7735904455184937 4.049361705780029 -1.8234760761260986
v 2.099013566970825 4.165426731109619 -0.8757117986679077
v 2.379091501235962 3.8069589138031006 -2.564293146133423
v 1.914870262145996 3.8371100425720215 -2.6624555587768555
v 0.975629448890686 3.977250099182129 -2.8687474727630615
v 2.494452953338623 3.4865469932556152 -3.433154582977295
v 1.4474513530731201 3.8937175273895264 -2.7635657787323
v 0.8185682892799377 4.15386962890625 -2.066755771636963
v 0.13216619193553925 4.168342113494873 -1.5464584827423096
v 0.21943268179893494 4.202733039855957 -2.2696235179901123
v 5.1008477210998535 -0.8776944875717163 -8.889582633972168
v 4.270468235015869 -0.2848263084888458 -9.442683219909668
v 5.482326507568359 -0.4712699353694916 -8.407730102539062
v 4.635575294494629 -0.10881420224905014 -8.922029495239258
v 3.7704873085021973 -0.21133191883563995 -9.619041442871094
v 3.5510923862457275 -0.09164382517337799 -9.602505683898926
v 3.7901480197906494 0.08654557913541794 -9.2949800491333
v 2.8315048217773438 0.22168497741222382 -9.763616561889648
v 2.9397623538970947 0.3027664124965668 -9.602482795715332
v 5.802388668060303 0.05437687784433365 -7.927525520324707
v 4.9301252365112305 0.2291540503501892 -8.380502700805664
v 6.035175800323486 0.7022042870521545 -7.318252086639404
v 4.194166660308838 1.1402173042297363 -8.289237976074219
v 3.8486850261688232 1.1592216491699219 -8.388459205627441
v 3.3991453647613525 1.208651065826416 -8.523506164550781
v 3.2186882495880127 0.6874297857284546 -9.097825050354004
v 5.059139251708984 0.49799787998199463 -8.102889060974121
v 4.500998497009277 0.3492092192173004 -8.613626480102539
v 4.627598285675049 0.6098542809486389 -8.334439277648926
v 4.192889213562012 0.7844622135162354 -8.584354400634766
v 4.730109214782715 0.9321584701538086 -7.987697124481201
v 4.006964683532715 0.49174177646636963 -8.847611427307129
v 3.756657600402832 0.8395503163337708 -8.708353996276855
v 3.320633888244629 0.9350805878639221 -8.842534065246582
v 3.6389853954315186 0.5551427602767944 -8.960843086242676
v 2.118446111679077 0.772674560546875 -10.021407127380371
v -0.5614069104194641 3.214946985244751 -10.809791564941406
v 2.9652020931243896 1.3620154857635498 -8.591816902160645
v 2.5267462730407715 1.5323536396026611 -8.712897300720215
v 2.0854010581970215 1.7315077781677246 -8.930458068847656
v 1.6583832502365112 2.0522942543029785 -9.031458854675293
v 3.0812904834747314 0.45688655972480774 -9.367053985595703
v 2.5206470489501953 0.4969079792499542 -9.796725273132324
v 2.6585261821746826 0.6394122242927551 -9.552477836608887
v 2.2471811771392822 0.9123120307922363 -9.777701377868652
v 2.804809808731079 0.8826289176940918 -9.249014854431152
v 2.400818109512329 1.156751275062561 -9.401004791259766
v 1.8422540426254272 1.2769443988800049 -10.016640663146973
v 1.407547116279602 1.6910494565963745 -10.294280052185059
v 1.956530213356018 1.4291437864303589 -9.716367721557617
v 1.54542875289917 1.8467918634414673 -9.909830093383789
v 2.8887739181518555 1.085341453552246 -8.995206832885742
v 2.462808609008789 1.302198886871338 -9.164372444152832
v 2.0021066665649414 1.5077252388000488 -9.542290687561035
v 2.0423033237457275 1.5940027236938477 -9.33753776550293
v 1.5980240106582642 1.9202274084091187 -9.658376693725586
v 1.231346607208252 2.4099626541137695 -9.092488288879395
v 0.7926267385482788 2.769547700881958 -9.125497817993164
v 0.3304276168346405 3.1468164920806885 -9.155439376831055
v -0.16735295951366425 3.516087770462036 -9.209487915039062
v -0.1585160791873932 3.493434429168701 -8.822956085205078
v 1.0088828802108765 2.187204599380493 -10.403155326843262
v 0.5604010820388794 2.594146966934204 -10.494158744812012
v 1.1250247955322266 2.2877888679504395 -10.043397903442383
v 0.6871415972709656 2.698765754699707 -10.099336624145508
v 0.048087503761053085 2.9506592750549316 -10.61416244506836
v 0.11166755855083466 3.000300884246826 -10.456581115722656
v -0.3775935471057892 3.3574092388153076 -10.381010055541992
v 0.224561870098114 3.093254804611206 -10.078681945800781
v 1.1820626258850098 2.3415229320526123 -9.735260009765625
v 0.7528024911880493 2.746159076690674 -9.715829849243164
v 0.26748886704444885 3.1225314140319824 -9.851805686950684
v 0.30171433091163635 3.1455416679382324 -9.601755142211914
v -0.18832768499851227 3.509312629699707 -9.477057456970215
v 5.651927947998047 2.7995688915252686 -4.850294589996338
v 5.158642292022705 2.701380968093872 -5.061513423919678
v 5.117005348205566 2.8582510948181152 -4.723586082458496
v 6.983559608459473 2.5214855670928955 -4.900198936462402
v 6.665874481201172 2.5878891944885254 -4.913854598999023
v 6.160823822021484 2.408031463623047 -5.386134147644043
v 6.154214382171631 2.7218194007873535 -4.920751571655273
v 6.640100479125977 2.047773599624634 -5.596467971801758
v 6.15818977355957 1.876852035522461 -6.080825328826904
v 6.161635875701904 2.1510467529296875 -5.734785556793213
v 5.710754871368408 1.8906846046447754 -6.29312801361084
v 5.686238765716553 2.3549578189849854 -5.606267929077148
v 5.279796123504639 1.927769422531128 -6.466578006744385
v 5.250426769256592 2.2273290157318115 -5.971853256225586
v 4.446938991546631 2.972247838973999 -4.561201572418213
v 4.086925029754639 3.0604825019836426 -4.482343673706055
v 4.697840690612793 2.6838791370391846 -5.240029335021973
v 4.24609375 2.72849440574646 -5.413092613220215
v 3.658720016479492 2.9586286544799805 -4.825717926025391
v 3.5727951526641846 3.1373491287231445 -4.309374809265137
v 3.1975908279418945 2.8924036026000977 -4.938983917236328
v 3.793843984603882 2.7456607818603516 -5.555692672729492
v 3.3351197242736816 2.684352159500122 -5.6713786125183105
v 4.853007793426514 2.0158627033233643 -6.652289867401123
v 4.7943220138549805 2.3769490718841553 -5.951007843017578
v 4.418578147888184 2.139749050140381 -6.851465702056885
v 4.375184535980225 2.394315242767334 -6.307680130004883
v 3.5316107273101807 2.483997106552124 -6.343809604644775
v 3.9704575538635254 2.203622341156006 -7.018994331359863
v 3.918180465698242 2.4787187576293945 -6.380214214324951
v 3.512047290802002 2.030216693878174 -7.391519546508789
v 6.642105579376221 3.426969289779663 -3.4450409412384033
v 6.6083221435546875 3.7375118732452393 -2.712982416152954
v 7.198301315307617 2.9999148845672607 -4.122654914855957
v 6.670592308044434 3.000231981277466 -4.291996479034424
v 6.144891738891602 2.9104981422424316 -4.611439228057861
v 6.110355377197266 3.3349263668060303 -3.824904203414917
v 5.580361366271973 3.2112298011779785 -4.065375328063965
v 5.551710605621338 3.4397714138031006 -3.612260341644287
v 5.072104454040527 3.0608179569244385 -4.3016815185546875
v 6.582959175109863 1.276658296585083 -6.418538570404053
v 6.607034206390381 1.527594804763794 -6.1689958572387695
v 6.127170562744141 1.3157051801681519 -6.709230899810791
v 6.149455547332764 1.6131929159164429 -6.390510559082031
v 6.491696357727051 0.6582581400871277 -7.007717132568359
v 6.555691719055176 1.0427348613739014 -6.6454362869262695
v 6.106632709503174 1.1259280443191528 -6.903327941894531
v 5.688199520111084 1.361574411392212 -6.939006805419922
v 5.708466053009033 1.659978985786438 -6.592199802398682
v 5.261349678039551 1.4161264896392822 -7.1285247802734375
v 5.2812180519104 1.6918352842330933 -6.796978950500488
v 5.751410484313965 0.7693081498146057 -7.497116565704346
v 5.6683735847473145 1.1834697723388672 -7.1348090171813965
v 5.162352085113525 0.8281623125076294 -7.761789321899414
v 5.238331317901611 1.2249631881713867 -7.342988967895508
v 4.835097312927246 1.5199341773986816 -7.338444709777832
v 4.855780124664307 1.7696963548660278 -7.025874137878418
v 4.4001336097717285 1.6639719009399414 -7.566410541534424
v 4.421665191650391 1.9051828384399414 -7.24204158782959
v 4.808510780334473 1.3165791034698486 -7.574611663818359
v 4.373312473297119 1.4692082405090332 -7.8090362548828125
v 3.974147081375122 2.0057337284088135 -7.366249084472656
v 3.4827160835266113 1.6647182703018188 -7.948815822601318
v 3.941093683242798 1.6499392986297607 -7.849015712738037
v 2.7339038848876953 2.843048572540283 -5.056312561035156
v 2.270533800125122 2.825399398803711 -5.172017574310303
v 2.8683061599731445 2.62119460105896 -5.7973175048828125
v 1.8092681169509888 2.8536741733551025 -5.2794389724731445
v 2.294152021408081 2.5724921226501465 -5.9543375968933105
v 1.891810655593872 2.655622959136963 -5.801076412200928
v 1.4695580005645752 2.6368753910064697 -6.1442766189575195
v 1.3968666791915894 2.828235387802124 -5.655857563018799
v 2.8138186931610107 2.0833966732025146 -7.353283405303955
v 2.552327871322632 2.0935146808624268 -7.377987861633301
v 2.0677695274353027 2.19631028175354 -7.272864818572998
v 1.627646803855896 2.246924877166748 -7.655884265899658
v 1.5951592922210693 2.320967674255371 -7.230268955230713
v 2.976830244064331 2.3919870853424072 -6.539469242095947
v 2.930572032928467 2.5049452781677246 -6.188008785247803
v 2.5006749629974365 2.338732957839966 -6.678343296051025
v 2.0265440940856934 2.3269500732421875 -6.808312892913818
v 0.7105996608734131 3.221585988998413 -5.452188491821289
v 0.4156770706176758 3.455493450164795 -5.321427345275879
v 1.015756368637085 2.788206100463867 -6.20756721496582
v 0.5606837272644043 3.0332579612731934 -6.240681171417236
v -0.02860359288752079 3.6928913593292236 -5.509716033935547
v -0.1458696871995926 3.9415016174316406 -4.8824872970581055
v -0.518025815486908 3.9549946784973145 -5.576905727386475
v 0.09335286170244217 3.2997758388519287 -6.26959228515625
v 1.1817901134490967 2.463344097137451 -7.715662002563477
v 1.1343402862548828 2.4985172748565674 -7.19205904006958
v 0.7326850295066833 2.683119773864746 -7.7405195236206055
v 0.669091522693634 2.6884052753448486 -7.105268478393555
v 0.39891061186790466 2.803546190261841 -7.016150951385498
v -0.29173609614372253 3.302840232849121 -7.060943126678467
v -0.35440734028816223 3.485131025314331 -6.590427398681641
v 0.2704068720340729 2.9579427242279053 -7.756922245025635
v 2.7059125900268555 1.756392478942871 -8.106097221374512
v 3.0209834575653076 1.7214298248291016 -8.014427185058594
v 2.1029531955718994 1.9506109952926636 -8.170331001281738
v 1.6580207347869873 2.172166347503662 -8.224736213684082
v 1.2202671766281128 2.444486141204834 -8.342120170593262
v 0.7749931812286377 2.731576681137085 -8.343605041503906
v 0.3212500512599945 3.0819427967071533 -8.46415901184082
v 0.3020859658718109 3.030271530151367 -8.135468482971191
v -0.16496343910694122 3.4560978412628174 -8.496644973754883
v -5.7680487632751465 2.2148172855377197 -4.869255065917969
v -6.107750415802002 2.0856971740722656 -5.133718490600586
v -4.888813495635986 2.569469690322876 -4.171816825866699
v -5.645513534545898 2.4365174770355225 -6.036684036254883
v -5.850184440612793 2.3811283111572266 -6.196225166320801
v -4.7911696434021 2.674459457397461 -5.364659309387207
v -3.2971837520599365 3.3977200984954834 -2.585357189178467
v -3.0941147804260254 3.6934616565704346 -3.551593065261841
v -4.035738468170166 3.0000596046447754 -3.3546156883239746
v -4.519061088562012 2.7408218383789062 -3.832423448562622
v -3.956061363220215 3.113572120666504 -4.600855350494385
v -4.309711933135986 2.9009203910827637 -4.939725875854492
v -5.684669494628906 2.8054261207580566 -7.224921226501465
v -4.801445007324219 2.9906723499298096 -6.568387985229492
v -5.634167194366455 3.0674405097961426 -7.731380462646484
v -5.394008159637451 3.390350341796875 -8.073484420776367
v -5.606662750244141 3.349137783050537 -8.23762321472168
v -5.1371989250183105 2.914952516555786 -6.820741653442383
v -5.082669734954834 3.1526565551757812 -7.321275234222412
v -4.839922904968262 3.198209762573242 -7.137721061706543
v -5.012684345245361 3.4510772228240967 -7.78843879699707
v -4.612592697143555 3.525392770767212 -7.48560094833374
v -4.808727264404297 3.4856975078582764 -7.635656356811523
v -3.8880484104156494 3.3636908531188965 -5.773590564727783
v -4.179594993591309 3.2060768604278564 -6.048527240753174
v -3.5412166118621826 3.419797897338867 -4.168529033660889
v -3.5894930362701416 3.47159743309021 -4.866130828857422
v -3.919055938720703 3.2218782901763916 -5.204217910766602
v -3.532005548477173 3.6113533973693848 -5.409360885620117
v -3.8531551361083984 3.5473129749298096 -6.305044651031494
v -4.258944511413574 3.3529253005981445 -6.674228668212891
v -3.7929372787475586 3.8060646057128906 -6.799224376678467
v -4.197936058044434 3.6247425079345703 -7.159736633300781
v -3.4500977993011475 3.82507586479187 -5.895322322845459
v -3.4596080780029297 4.031250476837158 -6.469005107879639
v -5.931015968322754 2.7621843814849854 -7.40541410446167
v -5.857095718383789 3.0475635528564453 -7.892836093902588
v -2.5921075344085693 3.3993771076202393 -0.7115525603294373
v -2.1674959659576416 3.284125566482544 -0.23095758259296417
v -2.509779691696167 3.5359506607055664 -1.1724146604537964
v -1.9078342914581299 3.6530888080596924 -0.9136912822723389
v -2.2624425888061523 3.7214837074279785 -1.6273576021194458
v -2.921963691711426 3.4386794567108154 -1.550812840461731
v -3.1417503356933594 3.3690154552459717 -1.7663878202438354
v -2.580754280090332 3.6648995876312256 -1.8908860683441162
v -1.5295459032058716 3.6292195320129395 -0.4256141185760498
v -1.8903858661651611 3.7493669986724854 -1.3542423248291016
v -1.870094656944275 3.904047966003418 -2.0165469646453857
v -2.124837636947632 3.8877742290496826 -2.195284128189087
v -1.8495863676071167 4.07908821105957 -2.6764752864837646
v -2.630659341812134 3.7835614681243896 -2.606550931930542
v -3.1105053424835205 3.5931172370910645 -3.056530237197876
v -2.5382120609283447 3.934490203857422 -3.1198525428771973
v -1.649132490158081 3.9142630100250244 -1.867600679397583
v -1.5286576747894287 4.092685222625732 -2.4683938026428223
v -1.8235479593276978 4.244707107543945 -3.3203818798065186
v -1.782997965812683 4.376217842102051 -3.9399423599243164
v -2.9961938858032227 3.902160406112671 -4.251600742340088
v -2.445772647857666 4.1213274002075195 -3.7798216342926025
v -3.0335423946380615 3.961984157562256 -4.90145206451416
v -2.4252638816833496 4.211266994476318 -4.396113872528076
v -1.4314372539520264 4.263343811035156 -3.077059268951416
v -1.35448157787323 4.388795852661133 -3.6932284832000732
v -1.713914394378662 4.462045669555664 -4.534953594207764
v -1.6407084465026855 4.502658367156982 -5.159414768218994
v -2.9990851879119873 4.12222146987915 -5.450831413269043
v -2.379354953765869 4.340268611907959 -4.964813709259033
v -2.897716760635376 4.388251781463623 -5.933229446411133
v -2.3455076217651367 4.537415027618408 -5.528919696807861
v -1.2949295043945312 4.466403484344482 -4.320793151855469
v -1.1841906309127808 4.397246360778809 -4.986073017120361
v -5.274609088897705 3.7520318031311035 -8.504673957824707
v -5.4300079345703125 4.058732509613037 -9.179069519042969
v -5.66372013092041 3.985334634780884 -9.38748836517334
v -5.609647274017334 3.6744704246520996 -8.774479866027832
v -5.106964111328125 4.145639419555664 -8.910102844238281
v -4.509082794189453 3.8826873302459717 -7.9282755851745605
v -4.796149730682373 3.8342854976654053 -8.142614364624023
v -4.800806045532227 4.080924034118652 -8.505387306213379
v -4.343092441558838 4.2511701583862305 -8.344907760620117
v -5.187881946563721 4.429581642150879 -9.565675735473633
v -4.935719966888428 4.7163801193237305 -9.967226028442383
v -4.53934383392334 4.790263652801514 -9.677886962890625
v -4.117734909057617 4.531048774719238 -8.740615844726562
v -4.119784355163574 4.675805568695068 -9.427594184875488
v -3.616722583770752 4.5397820472717285 -9.182119369506836
v -4.505640506744385 4.5575337409973145 -9.024988174438477
v -4.855916976928711 4.517834186553955 -9.312868118286133
v -2.8098723888397217 4.572965621948242 -6.420674800872803
v -2.422557830810547 4.573006629943848 -6.986162185668945
v -2.675808906555176 4.5565876960754395 -7.145265579223633
v -2.5811519622802734 4.509544849395752 -7.8446831703186035
v -2.597076654434204 4.441355228424072 -8.638206481933594
v -1.353898048400879 4.215728759765625 -8.009612083435059
v -1.9814571142196655 4.46356201171875 -7.510606288909912
v -4.09354829788208 3.960265874862671 -7.6085076332092285
v -3.6831610202789307 4.135852336883545 -7.259963512420654
v -4.00888729095459 4.294898986816406 -8.104141235351562
v -3.278907537460327 4.406571865081787 -6.865058898925781
v -2.9871578216552734 4.519723892211914 -7.352240562438965
v -3.5881009101867676 4.465581893920898 -8.475275039672852
v -3.100456476211548 4.479436874389648 -8.171368598937988
v -3.3502025604248047 4.459964752197266 -8.331722259521484
v -3.3949525356292725 4.44504451751709 -7.742947101593018
v -3.1262149810791016 4.462727069854736 -8.918971061706543
v -3.3494954109191895 4.489335536956787 -9.040800094604492
v -3.3440372943878174 4.468701362609863 -8.719293594360352
v -2.4191126823425293 4.2812299728393555 -10.014758110046387
v -2.777738094329834 4.4168171882629395 -10.170738220214844
v -2.7180051803588867 4.379486083984375 -9.838187217712402
v -1.5412671566009521 3.65177059173584 -11.198334693908691
v -2.006718635559082 3.9352004528045654 -11.41259765625
v -1.8298535346984863 3.863487482070923 -11.131547927856445
v -2.6329398155212402 4.367851734161377 -10.852490425109863
v -3.065152645111084 4.596711158752441 -11.073707580566406
v -2.9194419384002686 4.525270938873291 -10.72754955291748
v -2.507889986038208 4.292088031768799 -11.310996055603027
v -2.3612356185913086 4.21981954574585 -10.961750030517578
v -1.2285168170928955 3.5065603256225586 -11.062427520751953
v -0.9980957508087158 3.4106149673461914 -10.968008995056152
v -1.6846297979354858 3.8601720333099365 -10.793734550476074
v -1.0217993259429932 3.5855042934417725 -10.603643417358398
v -2.183393716812134 4.159339427947998 -10.609682083129883
v -2.116178035736084 4.171919822692871 -10.17764949798584
v -4.228421688079834 4.847527503967285 -10.198811531066895
v -4.099880695343018 4.7946953773498535 -10.019640922546387
v -3.827911138534546 4.854287147521973 -10.704927444458008
v -3.5631628036499023 4.750167369842529 -10.551230430603027
v -4.352072715759277 4.89621639251709 -10.367886543273926
v -3.0684947967529297 4.458159446716309 -9.604302406311035
v -3.49711012840271 4.6097331047058105 -9.884781837463379
v -3.3713083267211914 4.513361930847168 -9.3812837600708
v -1.3378148078918457 4.044297695159912 -9.535804748535156
v -2.658195972442627 4.3726301193237305 -9.402198791503906
v -2.0476934909820557 4.181582450866699 -9.850350379943848
v -0.6659595966339111 3.8234474658966064 -8.57172679901123
v -0.6244503259658813 3.77958083152771 -9.302542686462402
v -1.2743780612945557 4.140920639038086 -8.843188285827637
v -1.9888025522232056 4.305133819580078 -9.061692237854004
v -2.0838918685913086 4.421517372131348 -8.332454681396484
v -1.5706002712249756 3.9011476039886475 -10.39760684967041
v -1.4394203424453735 3.956726312637329 -10.014239311218262
v -0.31148475408554077 3.4799997806549072 -9.965511322021484
v -0.9430595636367798 3.7073793411254883 -10.161576271057129
v -0.7868986129760742 3.7667760848999023 -9.799822807312012
v -1.5779670476913452 4.420998573303223 -5.86462926864624
v -0.6321554780006409 3.7758848667144775 -6.355404376983643
v -0.9047281742095947 3.9631097316741943 -6.4093708992004395
v -0.9785279631614685 4.1026434898376465 -5.9827165603637695
v -1.446363091468811 4.288458347320557 -6.554296493530273
v -2.1607987880706787 4.558443069458008 -6.119515895843506
v -2.2378125190734863 4.574465751647949 -5.803376197814941
v -1.6957173347473145 4.401944160461426 -6.642139434814453
v -2.0290732383728027 4.510478496551514 -6.783416271209717
v -1.375458002090454 4.220157623291016 -7.011094570159912
v -0.8008888363838196 3.777229070663452 -7.133109092712402
v -0.306684285402298 3.4275929927825928 -7.8642683029174805
v -0.7509283423423767 3.757744073867798 -7.569671154022217
v 5.26301908493042 3.186509847640991 2.384960889816284
v 5.7901434898376465 2.929764986038208 2.57840895652771
v 5.422262668609619 3.3291587829589844 1.8722187280654907
v 5.836813449859619 3.123326301574707 2.029252767562866
v 4.727879047393799 3.4455385208129883 2.1838388442993164
v 4.386734485626221 3.566709280014038 2.058910608291626
v 4.890336513519287 3.597259044647217 1.672309160232544
v 6.245917797088623 3.132819890975952 1.587704062461853
v 6.023507118225098 3.1323368549346924 1.8179266452789307
v 5.568678379058838 3.4600510597229004 1.3332526683807373
v 6.248017311096191 3.356881856918335 0.966992199420929
v 5.001981735229492 3.723665714263916 1.310133457183838
v 3.4443914890289307 -0.13808563351631165 -9.74700927734375
v 2.6176886558532715 0.14719174802303314 -10.104416847229004
v 1.7979562282562256 0.6566291451454163 -10.539633750915527
v 0.9823590517044067 1.4624905586242676 -11.007594108581543
v 1.9631291627883911 0.7006177306175232 -10.284215927124023
v 1.3932864665985107 1.030604600906372 -10.784351348876953
v 1.5602095127105713 1.0817756652832031 -10.537386894226074
v 1.1530636548995972 1.531386137008667 -10.770207405090332
v 1.7658913135528564 1.1974138021469116 -10.164924621582031
v 1.3029512166976929 1.6113295555114746 -10.512845993041992
v 0.11908337473869324 2.4040896892547607 -11.303437232971191
v -0.093021921813488 2.3571434020996094 -11.592931747436523
v -0.5172882676124573 2.794063091278076 -11.613917350769043
v -0.9889605045318604 3.186314344406128 -11.613656044006348
v -0.340623676776886 2.796980619430542 -11.340843200683594
v -0.8208310008049011 3.161130666732788 -11.319107055664062
v 0.5590187311172485 1.9293043613433838 -11.185698509216309
v 0.7310566902160645 2.0111169815063477 -10.947293281555176
v 0.28916823863983154 2.4576597213745117 -11.04622745513916
v 0.882749080657959 2.1006195545196533 -10.685665130615234
v 0.44102510809898376 2.523050308227539 -10.767711639404297
v -0.17587757110595703 2.8352911472320557 -11.065535545349121
v -0.6633948683738708 3.1785895824432373 -11.02185344696045
v -0.025555789470672607 2.9005022048950195 -10.77382755279541
v -1.4768083095550537 3.5650906562805176 -11.564274787902832
f 5 7 6
f 4 6 7
f 7 2 4
f 6 4 3
f 8 9 10
f 9 724 11
f 11 12 10
f 10 9 11
f 14 1544 13
f 15 17 16
f 13 19 18
f 15 18 19
f 19 8 17
f 19 17 15
f 16 20 21
f 21 15 16
f 20 16 1
f 14 13 18
f 14 18 21
f 14 21 20
f 15 21 18
f 13 22 23
f 22 2 24
f 24 724 23
f 23 22 24
f 3 4 22
f 3 22 1544
f 22 13 1544
f 22 4 2
f 23 9 19
f 19 13 23
f 8 19 9
f 724 9 23
f 28 30 29
f 26 29 30
f 27 30 25
f 30 27 26
f 32 31 33
f 34 36 35
f 37 39 38
f 40 34 37
f 34 35 39
f 34 39 37
f 41 43 42
f 42 43 26
f 42 26 27
f 31 42 27
f 29 35 36
f 36 28 29
f 41 35 29
f 29 43 41
f 26 43 29
f 42 38 39
f 39 41 42
f 38 42 32
f 31 32 42
f 41 39 35
f 44 46 45
f 47 49 48
f 50 52 51
f 50 45 46
f 50 46 47
f 48 52 50
f 48 50 47
f 57 48 49
f 49 53 57
f 57 53 54
f 57 54 58
f 59 51 52
f 52 57 59
f 60 59 57
f 57 58 60
f 57 52 48
f 61 58 54
f 54 55 61
f 62 61 55
f 55 56 62
f 60 58 61
f 60 61 63
f 63 61 64
f 62 64 61
f 65 67 66
f 70 66 67
f 67 68 70
f 70 68 69
f 70 69 71
f 72 45 73
f 72 25 44
f 44 45 72
f 27 72 65
f 72 73 65
f 73 67 65
f 72 27 25
f 73 45 50
f 68 73 50
f 68 50 51
f 51 69 68
f 68 67 73
f 31 65 74
f 74 65 66
f 74 66 78
f 76 78 77
f 33 31 74
f 75 33 74
f 74 76 75
f 78 76 74
f 79 71 80
f 66 70 79
f 66 79 78
f 71 79 70
f 77 78 79
f 77 79 81
f 81 79 80
f 81 80 82
f 65 31 27
f 69 84 83
f 83 84 85
f 71 69 83
f 71 83 86
f 87 86 83
f 83 85 87
f 89 87 85
f 85 88 89
f 90 89 88
f 88 91 90
f 51 59 84
f 84 69 51
f 60 85 84
f 60 84 59
f 63 88 85
f 63 85 60
f 88 63 64
f 88 64 91
f 92 80 71
f 71 86 92
f 92 86 94
f 92 94 93
f 87 94 86
f 82 80 92
f 82 92 95
f 96 95 92
f 92 93 96
f 93 94 97
f 89 97 94
f 89 94 87
f 98 97 89
f 98 89 90
f 98 90 99
f 100 96 93
f 93 97 100
f 100 97 98
f 101 100 98
f 98 99 101
f 62 56 102
f 102 104 64
f 64 62 102
f 105 104 102
f 102 103 105
f 103 106 105
f 105 106 112
f 90 91 107
f 108 91 64
f 64 104 108
f 108 104 110
f 105 110 104
f 108 107 91
f 109 107 108
f 108 110 109
f 111 110 105
f 111 105 112
f 111 112 113
f 109 110 114
f 111 114 110
f 114 111 115
f 111 113 116
f 111 116 115
f 117 99 90
f 90 107 117
f 117 107 118
f 101 99 119
f 117 119 99
f 120 119 117
f 117 118 120
f 120 118 121
f 120 121 123
f 120 123 122
f 109 118 107
f 121 118 109
f 124 121 109
f 109 114 124
f 124 114 125
f 115 125 114
f 124 123 121
f 126 122 123
f 123 124 126
f 124 125 126
f 115 116 127
f 128 125 115
f 115 127 128
f 126 125 1858
f 1858 125 128
f 1858 128 1861
f 133 134 129
f 133 140 135
f 135 132 134
f 134 133 135
f 132 138 136
f 136 138 143
f 143 137 136
f 134 136 130
f 134 130 129
f 136 137 131
f 131 130 136
f 136 134 132
f 139 318 141
f 142 225 163
f 318 142 163
f 163 141 318
f 146 144 143
f 145 147 146
f 144 146 147
f 147 148 144
f 151 155 153
f 145 150 154
f 154 147 145
f 152 148 147
f 152 147 154
f 152 154 151
f 150 149 155
f 150 155 154
f 155 151 154
f 132 159 156
f 159 157 158
f 158 156 159
f 140 139 159
f 140 159 135
f 159 132 135
f 141 157 159
f 159 139 141
f 156 146 138
f 138 132 156
f 146 143 138
f 145 146 156
f 156 158 145
f 157 160 161
f 161 150 158
f 158 157 161
f 160 225 162
f 162 161 160
f 150 161 162
f 150 162 149
f 160 157 141
f 141 163 160
f 225 160 163
f 150 145 158
f 209 169 178
f 178 164 209
f 165 167 166
f 168 170 169
f 168 183 171
f 171 170 168
f 172 174 173
f 176 175 177
f 172 176 177
f 177 174 172
f 178 169 170
f 170 179 178
f 173 164 178
f 172 173 178
f 178 179 172
f 176 179 170
f 176 170 171
f 176 171 175
f 172 179 176
f 171 183 182
f 182 180 171
f 182 184 185
f 181 180 182
f 182 185 181
f 175 180 186
f 186 166 177
f 177 175 186
f 186 180 181
f 181 165 186
f 165 166 186
f 180 175 171
f 187 224 189
f 190 196 189
f 190 189 224
f 191 192 193
f 195 197 196
f 195 203 198
f 198 197 195
f 190 199 200
f 195 196 190
f 190 200 195
f 194 203 200
f 194 200 199
f 203 195 200
f 201 1127 205
f 194 201 205
f 198 203 202
f 202 191 198
f 202 1127 204
f 192 191 202
f 202 204 192
f 203 194 205
f 203 205 202
f 1127 202 205
f 206 208 207
f 142 209 210
f 226 225 142
f 210 211 226
f 226 142 210
f 209 164 236
f 236 212 210
f 236 210 209
f 207 211 210
f 207 210 212
f 207 212 206
f 149 227 213
f 227 214 215
f 215 213 227
f 216 188 153
f 216 153 155
f 216 217 218
f 188 216 218
f 188 218 187
f 216 155 149
f 216 149 213
f 217 216 213
f 213 215 217
f 219 220 221
f 214 207 222
f 222 219 215
f 215 214 222
f 207 208 223
f 207 223 222
f 220 219 222
f 222 223 220
f 217 219 224
f 224 218 217
f 224 187 218
f 221 190 224
f 224 219 221
f 217 215 219
f 162 225 226
f 226 227 162
f 227 149 162
f 211 214 227
f 227 226 211
f 207 214 211
f 228 230 229
f 229 230 231
f 206 229 231
f 231 208 206
f 166 233 228
f 233 234 230
f 233 230 228
f 233 166 167
f 167 235 233
f 234 233 235
f 234 235 232
f 234 201 231
f 231 230 234
f 201 234 232
f 173 174 237
f 236 173 237
f 237 229 212
f 212 236 237
f 177 228 237
f 237 174 177
f 228 229 237
f 236 164 173
f 206 212 229
f 166 228 177
f 194 221 220
f 231 194 220
f 220 223 231
f 223 208 231
f 199 190 221
f 199 221 194
f 201 194 231
f 244 239 238
f 241 246 242
f 243 245 244
f 239 244 245
f 245 241 239
f 243 240 246
f 246 245 243
f 246 241 245
f 248 250 249
f 248 330 251
f 251 250 248
f 290 252 253
f 253 240 290
f 249 242 246
f 248 249 246
f 246 240 253
f 246 253 248
f 252 247 338
f 338 330 253
f 338 253 252
f 330 248 253
f 254 256 255
f 258 273 257
f 254 1929 257
f 257 256 254
f 259 258 257
f 259 257 1929
f 267 263 260
f 261 238 25
f 261 263 244
f 244 238 261
f 260 261 30
f 260 30 28
f 25 30 261
f 263 261 260
f 262 264 263
f 265 240 264
f 265 264 262
f 266 268 267
f 267 268 262
f 267 262 263
f 266 273 265
f 265 268 266
f 262 268 265
f 244 263 264
f 264 243 244
f 243 264 240
f 34 269 260
f 260 36 34
f 270 267 269
f 260 269 267
f 255 269 40
f 34 40 269
f 269 255 256
f 256 270 269
f 28 36 260
f 270 257 266
f 266 267 270
f 266 257 273
f 270 256 257
f 272 274 273
f 275 271 274
f 275 274 272
f 276 277 271
f 276 362 247
f 247 277 276
f 275 278 276
f 276 271 275
f 279 362 278
f 276 278 362
f 258 281 272
f 272 273 258
f 280 282 281
f 272 281 282
f 282 275 272
f 283 281 259
f 258 259 281
f 283 284 280
f 280 281 283
f 286 370 285
f 287 278 282
f 287 282 280
f 275 282 278
f 287 370 279
f 279 278 287
f 284 285 287
f 287 280 284
f 287 285 370
f 288 289 265
f 290 240 265
f 265 289 290
f 288 271 252
f 252 289 288
f 290 289 252
f 265 273 274
f 274 288 265
f 288 274 271
f 252 271 277
f 252 277 247
f 291 293 292
f 295 294 291
f 294 299 293
f 294 293 291
f 309 296 295
f 297 298 296
f 297 296 309
f 302 300 299
f 301 303 302
f 300 302 303
f 303 140 300
f 294 295 296
f 296 302 294
f 302 299 294
f 301 302 296
f 296 298 301
f 307 306 295
f 304 307 295
f 295 305 304
f 238 308 44
f 305 44 308
f 308 304 305
f 44 305 46
f 308 238 239
f 239 306 307
f 239 307 308
f 304 308 307
f 47 305 291
f 291 292 49
f 291 49 47
f 295 291 305
f 47 46 305
f 306 241 309
f 309 295 306
f 242 297 309
f 309 241 242
f 306 239 241
f 299 312 310
f 312 129 311
f 312 311 310
f 292 293 310
f 53 292 310
f 310 311 54
f 310 54 53
f 299 310 293
f 130 313 311
f 129 130 311
f 131 314 313
f 131 313 130
f 313 55 54
f 313 54 311
f 56 55 313
f 56 313 314
f 312 299 300
f 300 133 312
f 129 312 133
f 140 133 300
f 53 49 292
f 316 249 250
f 250 315 316
f 297 249 316
f 316 298 297
f 301 316 317
f 317 303 301
f 140 303 317
f 140 317 139
f 315 318 317
f 317 316 315
f 318 139 317
f 301 298 316
f 315 250 251
f 315 251 142
f 318 315 142
f 297 242 249
f 238 44 25
f 319 321 320
f 324 323 247
f 324 325 322
f 322 323 324
f 329 320 322
f 327 326 319
f 327 319 320
f 329 327 320
f 328 329 325
f 322 325 329
f 367 326 327
f 328 367 327
f 327 329 328
f 339 331 330
f 331 333 332
f 332 334 331
f 333 331 339
f 331 334 209
f 331 209 251
f 331 251 330
f 337 335 334
f 336 169 335
f 336 335 337
f 332 320 337
f 337 334 332
f 337 320 321
f 321 336 337
f 209 334 335
f 169 209 335
f 338 323 339
f 339 330 338
f 333 323 322
f 322 332 333
f 323 333 339
f 338 247 323
f 320 332 322
f 351 341 321
f 351 321 319
f 351 346 340
f 340 341 351
f 343 344 342
f 346 345 342
f 346 342 340
f 343 342 345
f 345 347 343
f 350 351 326
f 319 326 351
f 352 346 351
f 352 351 350
f 367 348 350
f 350 326 367
f 350 348 349
f 350 349 352
f 353 354 349
f 355 354 353
f 356 345 346
f 352 356 346
f 356 357 347
f 347 345 356
f 352 349 354
f 352 354 356
f 357 356 354
f 354 355 357
f 336 341 358
f 169 336 358
f 169 358 168
f 340 183 358
f 340 358 341
f 183 168 358
f 341 336 321
f 183 340 342
f 183 342 182
f 184 182 342
f 342 344 184
f 361 363 362
f 362 363 324
f 362 324 247
f 364 325 363
f 364 363 361
f 324 363 325
f 279 371 361
f 361 362 279
f 360 359 364
f 360 364 361
f 360 361 371
f 366 367 365
f 368 365 359
f 368 379 366
f 366 365 368
f 364 365 328
f 328 325 364
f 328 365 367
f 364 359 365
f 369 371 370
f 372 359 360
f 372 360 371
f 372 371 369
f 373 369 370
f 286 373 370
f 373 1988 372
f 372 369 373
f 279 370 371
f 372 376 368
f 368 359 372
f 374 379 376
f 368 376 379
f 375 376 1988
f 372 1988 376
f 1 374 375
f 374 376 375
f 377 348 367
f 377 367 366
f 377 382 349
f 349 348 377
f 378 380 379
f 366 379 380
f 380 377 366
f 8 382 380
f 8 380 378
f 377 380 382
f 382 381 353
f 382 353 349
f 353 381 383
f 353 383 355
f 382 8 10
f 382 10 381
f 381 10 12
f 381 12 383
f 374 16 17
f 17 378 374
f 378 379 374
f 378 17 8
f 374 1 16
f 209 142 251
f 388 137 143
f 388 143 400
f 389 388 400
f 400 390 389
f 388 387 131
f 131 137 388
f 391 387 388
f 388 392 391
f 388 389 392
f 389 390 393
f 391 392 394
f 393 394 392
f 392 389 393
f 395 394 393
f 393 396 395
f 395 396 397
f 400 143 144
f 144 401 400
f 402 400 401
f 398 401 144
f 144 148 398
f 399 402 401
f 399 401 398
f 402 399 404
f 402 404 403
f 403 404 405
f 152 151 406
f 398 152 406
f 399 398 406
f 399 406 407
f 406 151 153
f 406 153 384
f 385 407 406
f 385 406 384
f 398 148 152
f 408 399 407
f 386 408 407
f 386 407 385
f 408 386 469
f 399 408 404
f 408 405 404
f 409 405 408
f 469 409 408
f 400 402 390
f 402 393 390
f 393 402 411
f 393 411 410
f 410 411 412
f 403 411 402
f 412 411 403
f 412 403 405
f 413 412 405
f 410 396 393
f 397 396 410
f 397 410 412
f 414 397 412
f 412 415 414
f 413 415 412
f 409 413 405
f 409 469 416
f 414 415 417
f 417 415 413
f 417 413 421
f 413 409 418
f 418 409 416
f 416 419 418
f 418 419 420
f 413 418 421
f 421 418 422
f 422 418 420
f 422 420 423
f 424 426 425
f 427 425 426
f 437 429 428
f 384 188 430
f 430 431 385
f 385 384 430
f 430 188 187
f 187 437 430
f 428 431 430
f 437 428 430
f 432 428 429
f 386 385 431
f 386 431 433
f 386 433 434
f 428 432 433
f 433 431 428
f 435 434 433
f 435 433 432
f 436 438 437
f 429 437 438
f 438 439 429
f 436 196 424
f 424 438 436
f 425 439 438
f 424 425 438
f 436 437 187
f 187 189 436
f 196 436 189
f 440 432 429
f 440 429 439
f 432 440 441
f 425 427 440
f 440 439 425
f 442 440 427
f 440 442 441
f 441 435 432
f 435 441 443
f 444 443 441
f 441 442 444
f 424 445 446
f 446 426 424
f 445 198 447
f 447 451 446
f 446 445 447
f 448 427 426
f 448 426 446
f 427 448 449
f 456 448 446
f 456 446 451
f 450 449 448
f 450 448 456
f 455 452 451
f 455 453 454
f 454 452 455
f 198 191 455
f 455 447 198
f 455 451 447
f 193 453 455
f 455 191 193
f 456 451 452
f 452 457 456
f 458 457 452
f 458 452 454
f 456 457 459
f 456 459 450
f 458 460 459
f 458 459 457
f 424 196 197
f 197 445 424
f 198 445 197
f 449 442 427
f 442 449 461
f 461 449 450
f 462 461 450
f 444 442 461
f 444 461 463
f 463 461 462
f 463 462 464
f 462 450 459
f 462 459 465
f 466 465 459
f 459 460 466
f 467 464 462
f 462 465 467
f 468 467 465
f 465 466 468
f 188 384 153
f 386 434 470
f 386 470 469
f 435 470 434
f 469 470 471
f 471 470 435
f 472 471 435
f 416 469 471
f 473 416 471
f 471 472 474
f 474 473 471
f 473 474 475
f 472 435 443
f 472 443 476
f 476 443 444
f 444 477 476
f 476 474 472
f 478 475 474
f 474 476 478
f 479 478 476
f 476 477 479
f 473 419 416
f 480 420 419
f 419 473 480
f 480 473 475
f 480 475 481
f 482 423 420
f 420 480 482
f 481 482 480
f 482 481 483
f 481 475 478
f 481 478 484
f 484 478 479
f 484 479 485
f 483 481 484
f 486 483 484
f 484 485 486
f 444 463 487
f 487 477 444
f 464 488 487
f 464 487 463
f 479 477 487
f 479 487 489
f 490 489 487
f 487 488 490
f 467 492 488
f 467 488 464
f 491 492 467
f 467 468 491
f 493 490 488
f 488 492 493
f 493 492 491
f 493 491 494
f 489 490 495
f 495 485 489
f 485 479 489
f 486 485 495
f 486 495 496
f 493 498 495
f 495 490 493
f 498 493 494
f 498 494 497
f 496 495 498
f 499 314 131
f 499 131 387
f 499 387 502
f 500 56 314
f 314 499 500
f 500 499 501
f 502 501 499
f 503 501 502
f 391 502 387
f 504 502 391
f 391 394 504
f 394 505 504
f 504 505 506
f 395 505 394
f 507 506 505
f 505 395 397
f 505 397 508
f 505 508 507
f 504 503 502
f 509 503 504
f 504 506 509
f 507 509 506
f 500 102 56
f 103 102 500
f 510 103 500
f 510 500 501
f 510 106 103
f 510 501 512
f 503 512 501
f 511 512 503
f 112 106 510
f 510 512 112
f 112 512 539
f 511 539 512
f 509 511 503
f 507 508 513
f 509 507 513
f 509 513 514
f 539 511 540
f 515 511 509
f 514 515 509
f 515 514 527
f 511 515 540
f 516 540 515
f 516 515 527
f 516 527 517
f 414 508 397
f 513 508 414
f 513 414 417
f 518 513 417
f 421 518 417
f 518 421 519
f 518 514 513
f 520 514 518
f 520 518 519
f 521 520 519
f 519 522 521
f 519 421 422
f 523 519 422
f 423 523 422
f 523 522 519
f 523 423 524
f 522 523 525
f 525 523 524
f 525 524 526
f 514 520 527
f 520 528 527
f 521 528 520
f 527 528 529
f 529 528 521
f 530 529 521
f 521 522 530
f 517 527 529
f 517 529 531
f 529 530 531
f 531 530 532
f 533 530 522
f 522 525 533
f 525 534 533
f 526 534 525
f 534 526 535
f 536 532 530
f 530 533 536
f 533 534 536
f 536 534 535
f 536 535 537
f 539 113 112
f 113 539 538
f 538 116 113
f 538 539 542
f 540 542 539
f 542 540 545
f 541 127 116
f 541 116 538
f 538 542 541
f 541 542 543
f 544 543 542
f 542 545 544
f 544 545 546
f 516 545 540
f 545 516 547
f 547 516 517
f 548 547 517
f 547 546 545
f 546 547 549
f 548 549 547
f 550 549 548
f 541 128 127
f 551 128 541
f 541 543 551
f 544 551 543
f 1861 128 551
f 551 544 546
f 551 546 553
f 552 1861 551
f 551 553 552
f 552 553 554
f 546 549 553
f 555 553 549
f 555 549 550
f 556 555 550
f 555 554 553
f 554 555 2196
f 555 556 2196
f 531 548 517
f 548 531 557
f 557 531 532
f 557 532 558
f 550 548 557
f 550 557 559
f 557 558 559
f 560 558 532
f 532 536 560
f 537 560 536
f 559 556 550
f 561 2196 556
f 559 558 562
f 568 562 558
f 568 558 560
f 563 568 560
f 560 537 563
f 556 559 564
f 564 559 562
f 564 562 565
f 561 556 564
f 561 564 566
f 566 564 565
f 567 566 565
f 565 562 568
f 565 568 569
f 569 568 563
f 563 570 569
f 569 567 565
f 567 569 571
f 572 571 569
f 569 570 572
f 573 526 524
f 524 423 482
f 573 524 482
f 482 483 573
f 573 483 486
f 573 486 574
f 575 537 535
f 535 526 573
f 575 535 573
f 573 576 575
f 574 580 576
f 574 576 573
f 577 574 486
f 486 496 577
f 577 496 498
f 578 577 498
f 498 497 578
f 580 574 577
f 580 577 579
f 581 579 577
f 577 578 581
f 579 582 580
f 581 584 582
f 582 579 581
f 584 581 583
f 583 585 584
f 588 563 537
f 588 537 575
f 588 575 576
f 588 576 586
f 594 586 576
f 594 576 580
f 594 580 587
f 563 588 589
f 589 570 563
f 570 589 590
f 586 589 588
f 591 590 589
f 589 586 591
f 572 570 590
f 572 590 592
f 592 590 591
f 592 591 593
f 594 595 586
f 591 586 595
f 591 595 596
f 587 597 595
f 587 595 594
f 596 595 597
f 598 593 591
f 591 596 598
f 599 598 596
f 596 597 599
f 587 580 582
f 587 582 600
f 600 582 584
f 601 599 597
f 597 587 600
f 597 600 601
f 585 601 600
f 600 584 585
f 601 585 602
f 603 605 604
f 608 609 606
f 609 611 607
f 609 607 606
f 611 613 612
f 612 613 614
f 610 612 614
f 607 615 603
f 615 610 605
f 615 605 603
f 612 615 607
f 611 612 607
f 610 615 612
f 616 618 617
f 619 621 620
f 622 624 623
f 625 627 626
f 628 626 622
f 628 617 618
f 628 618 625
f 626 628 625
f 626 627 619
f 626 619 620
f 626 620 624
f 626 624 622
f 640 630 629
f 640 632 631
f 631 630 640
f 636 629 635
f 634 637 616
f 618 637 635
f 637 618 616
f 637 634 633
f 633 636 637
f 635 637 636
f 639 640 636
f 640 629 636
f 641 640 639
f 632 640 641
f 639 636 633
f 639 633 638
f 642 641 639
f 642 639 638
f 643 645 644
f 646 648 647
f 629 643 646
f 646 643 644
f 644 648 646
f 649 651 650
f 644 645 603
f 644 603 649
f 603 604 651
f 603 651 649
f 619 647 648
f 619 648 649
f 650 621 619
f 649 650 619
f 649 648 644
f 630 606 643
f 606 607 645
f 606 645 643
f 606 630 631
f 631 608 606
f 643 629 630
f 603 645 607
f 635 646 625
f 646 647 627
f 646 627 625
f 646 635 629
f 625 618 635
f 619 627 647
f 652 653 853
f 652 656 654
f 654 655 653
f 653 652 654
f 878 657 656
f 878 658 659
f 659 657 878
f 654 656 657
f 657 660 654
f 660 661 655
f 655 654 660
f 659 662 660
f 660 657 659
f 662 667 661
f 661 660 662
f 664 663 659
f 659 658 664
f 665 666 663
f 664 665 663
f 671 668 667
f 671 669 670
f 670 668 671
f 663 671 662
f 662 659 663
f 671 667 662
f 669 671 663
f 669 663 666
f 2877 675 674
f 676 678 677
f 680 682 681
f 679 674 675
f 679 675 676
f 676 680 679
f 677 682 680
f 677 680 676
f 684 686 685
f 687 689 688
f 672 692 693
f 688 689 696
f 692 688 696
f 690 691 693
f 693 692 696
f 693 696 690
f 677 678 816
f 677 816 694
f 816 683 695
f 816 695 694
f 681 682 694
f 687 681 694
f 694 695 689
f 694 689 687
f 694 682 677
f 695 697 696
f 690 696 697
f 697 685 690
f 685 691 690
f 684 697 695
f 684 695 683
f 685 697 684
f 696 689 695
f 700 702 701
f 702 854 703
f 703 854 698
f 1310 703 698
f 698 699 1310
f 704 1310 705
f 701 702 703
f 701 703 704
f 703 1310 704
f 706 707 708
f 2 711 709
f 710 712 711
f 709 711 712
f 712 713 709
f 706 711 7
f 706 7 5
f 711 2 7
f 710 711 706
f 706 708 710
f 714 716 715
f 707 2847 717
f 717 715 708
f 708 707 717
f 673 672 718
f 673 718 717
f 673 717 2847
f 714 715 717
f 717 718 714
f 710 715 719
f 719 712 710
f 719 720 713
f 713 712 719
f 719 715 716
f 716 721 719
f 721 722 720
f 720 719 721
f 715 710 708
f 724 723 726
f 724 726 11
f 726 727 12
f 12 11 726
f 728 726 725
f 726 723 725
f 729 727 726
f 729 726 728
f 730 731 728
f 730 728 725
f 732 729 728
f 732 728 731
f 733 731 730
f 733 734 732
f 732 731 733
f 709 735 24
f 24 2 709
f 723 724 24
f 24 735 723
f 713 736 735
f 735 709 713
f 723 735 736
f 725 723 736
f 737 736 713
f 737 713 720
f 738 725 736
f 738 736 737
f 739 737 720
f 739 720 722
f 740 738 737
f 740 737 739
f 725 738 730
f 730 738 740
f 730 740 733
f 685 686 880
f 685 880 741
f 741 880 743
f 743 742 741
f 744 746 745
f 747 749 748
f 743 744 747
f 743 747 742
f 745 749 747
f 745 747 744
f 714 750 751
f 751 716 714
f 750 691 752
f 752 753 751
f 751 750 752
f 693 750 718
f 718 672 693
f 714 718 750
f 750 693 691
f 751 754 721
f 721 716 751
f 754 755 722
f 722 721 754
f 753 756 754
f 754 751 753
f 756 748 755
f 755 754 756
f 685 741 752
f 752 691 685
f 741 742 753
f 753 752 741
f 747 756 753
f 747 753 742
f 748 756 747
f 757 758 760
f 733 760 761
f 761 762 734
f 734 733 761
f 758 765 761
f 758 761 760
f 762 761 765
f 762 765 759
f 764 745 746
f 746 700 764
f 764 700 701
f 763 764 701
f 757 748 749
f 749 764 757
f 758 757 764
f 758 764 763
f 764 749 745
f 763 704 765
f 765 704 705
f 759 765 705
f 704 763 701
f 765 758 763
f 755 766 739
f 739 722 755
f 766 760 740
f 740 739 766
f 766 755 757
f 755 748 757
f 760 766 757
f 760 733 740
f 767 769 768
f 768 769 801
f 771 768 801
f 801 803 771
f 844 771 803
f 803 792 844
f 820 771 844
f 844 770 820
f 772 773 776
f 777 778 788
f 773 774 777
f 773 777 776
f 775 778 777
f 774 775 777
f 780 782 781
f 604 605 786
f 604 786 780
f 786 779 782
f 786 782 780
f 779 785 784
f 783 784 785
f 783 785 788
f 781 782 784
f 781 784 767
f 769 767 784
f 769 784 783
f 784 782 779
f 610 787 786
f 779 786 787
f 787 776 779
f 787 610 614
f 787 614 772
f 776 787 772
f 786 605 610
f 779 776 777
f 777 785 779
f 788 785 777
f 789 791 790
f 790 791 800
f 864 790 800
f 800 798 864
f 790 864 792
f 775 795 794
f 793 794 795
f 795 796 793
f 778 794 789
f 778 789 788
f 793 791 789
f 789 794 793
f 794 778 775
f 797 799 798
f 796 918 797
f 797 793 796
f 918 920 799
f 799 797 918
f 797 800 791
f 797 791 793
f 798 800 797
f 783 802 801
f 803 801 802
f 803 802 790
f 788 789 802
f 788 802 783
f 790 802 789
f 801 769 783
f 792 803 790
f 804 808 807
f 805 807 808
f 808 809 806
f 808 806 805
f 620 621 821
f 804 620 821
f 821 810 804
f 768 809 808
f 767 768 808
f 808 804 810
f 808 810 767
f 812 623 624
f 624 804 812
f 623 812 811
f 2877 623 811
f 811 675 2877
f 811 812 807
f 676 811 807
f 805 806 678
f 805 678 676
f 676 807 805
f 807 812 804
f 676 675 811
f 804 624 620
f 813 815 814
f 806 817 816
f 816 817 814
f 683 816 814
f 809 813 817
f 817 806 809
f 814 817 813
f 818 814 815
f 818 815 820
f 820 770 819
f 820 819 818
f 684 683 814
f 684 814 818
f 819 686 684
f 819 684 818
f 771 815 813
f 768 771 813
f 813 809 768
f 820 815 771
f 816 678 806
f 821 650 651
f 821 651 780
f 781 810 821
f 780 781 821
f 780 651 604
f 821 621 650
f 767 810 781
f 823 824 828
f 825 827 826
f 828 830 829
f 829 830 831
f 822 829 831
f 824 832 830
f 824 830 828
f 826 831 830
f 825 826 830
f 830 832 825
f 770 835 834
f 834 835 833
f 839 834 833
f 833 838 837
f 837 838 822
f 836 837 822
f 839 841 840
f 842 840 841
f 841 836 842
f 833 837 841
f 833 841 839
f 836 841 837
f 844 845 843
f 833 843 845
f 833 845 828
f 823 845 844
f 844 792 823
f 828 845 823
f 843 835 770
f 843 770 844
f 833 835 843
f 828 829 838
f 828 838 833
f 822 838 829
f 822 849 847
f 847 849 846
f 846 848 847
f 846 852 850
f 850 852 853
f 853 851 850
f 848 850 854
f 698 854 850
f 698 850 851
f 851 699 698
f 850 848 846
f 855 857 856
f 856 857 858
f 846 856 858
f 826 827 859
f 855 826 859
f 859 857 855
f 859 656 858
f 858 857 859
f 855 856 849
f 855 849 822
f 822 831 855
f 846 849 856
f 855 831 826
f 852 846 858
f 852 858 652
f 853 852 652
f 656 652 858
f 836 847 860
f 860 847 848
f 860 848 702
f 847 836 822
f 842 836 860
f 700 842 860
f 702 700 860
f 848 854 702
f 861 863 862
f 823 792 864
f 864 865 823
f 865 862 824
f 824 823 865
f 861 865 864
f 864 798 861
f 862 865 861
f 866 868 867
f 867 868 869
f 825 867 869
f 869 827 825
f 862 863 870
f 866 862 870
f 870 868 866
f 870 871 869
f 869 868 870
f 867 832 824
f 866 867 824
f 824 862 866
f 825 832 867
f 798 799 872
f 861 798 872
f 872 873 863
f 863 861 872
f 920 928 872
f 872 799 920
f 928 930 873
f 873 872 928
f 873 874 870
f 870 863 873
f 874 875 871
f 871 870 874
f 876 874 873
f 876 873 930
f 876 877 875
f 875 874 876
f 869 878 859
f 859 827 869
f 878 656 859
f 658 878 869
f 658 869 871
f 664 658 871
f 871 875 664
f 875 877 664
f 877 879 664
f 664 879 665
f 819 881 880
f 743 880 881
f 881 839 743
f 834 881 819
f 834 819 770
f 839 881 834
f 880 686 819
f 839 840 743
f 840 744 743
f 840 842 746
f 746 744 840
f 700 746 842
f 882 609 608
f 883 611 609
f 883 609 882
f 884 883 882
f 611 883 885
f 885 613 611
f 885 886 614
f 614 613 885
f 887 885 883
f 885 888 889
f 889 886 885
f 888 885 887
f 884 890 887
f 887 883 884
f 887 890 888
f 891 889 888
f 892 891 888
f 892 888 890
f 894 893 631
f 894 631 632
f 895 894 632
f 895 632 641
f 896 895 641
f 896 641 642
f 893 882 608
f 893 608 631
f 897 882 893
f 897 898 884
f 884 882 897
f 899 897 893
f 899 893 894
f 900 898 897
f 900 897 899
f 901 890 884
f 901 884 898
f 900 902 903
f 903 901 898
f 903 898 900
f 904 903 902
f 905 892 890
f 905 890 901
f 904 912 905
f 905 901 903
f 905 903 904
f 895 906 894
f 899 894 906
f 907 900 899
f 907 899 906
f 896 908 906
f 906 895 896
f 908 909 907
f 907 906 908
f 910 902 900
f 910 900 907
f 910 911 912
f 912 904 910
f 904 902 910
f 913 910 907
f 913 907 909
f 914 911 910
f 914 910 913
f 915 947 924
f 924 917 916
f 916 915 924
f 916 919 918
f 918 919 921
f 918 921 920
f 917 922 919
f 919 916 917
f 923 921 919
f 923 919 922
f 924 925 917
f 925 926 922
f 922 917 925
f 927 923 922
f 927 922 926
f 920 921 929
f 920 929 928
f 930 928 929
f 929 931 930
f 933 929 921
f 933 921 923
f 932 931 929
f 932 929 933
f 933 923 927
f 934 666 665
f 937 670 669
f 934 935 936
f 936 669 666
f 936 666 934
f 937 669 936
f 938 936 935
f 939 937 936
f 939 936 938
f 772 886 942
f 942 940 773
f 773 772 942
f 943 948 942
f 943 942 886
f 941 940 942
f 942 948 941
f 940 944 774
f 944 945 775
f 944 775 774
f 941 946 944
f 944 940 941
f 946 947 945
f 945 944 946
f 774 773 940
f 949 941 948
f 941 950 946
f 951 947 946
f 951 946 950
f 949 952 950
f 950 941 949
f 952 953 951
f 951 950 952
f 886 772 614
f 886 889 943
f 954 948 943
f 954 943 889
f 954 889 891
f 954 955 949
f 949 948 954
f 892 956 954
f 954 891 892
f 957 955 954
f 957 954 956
f 955 958 952
f 952 949 955
f 958 959 953
f 953 952 958
f 960 958 955
f 960 955 957
f 961 959 958
f 961 958 960
f 795 775 945
f 795 945 915
f 916 796 795
f 916 795 915
f 947 915 945
f 918 796 916
f 951 962 924
f 924 947 951
f 962 963 925
f 925 924 962
f 953 964 962
f 962 951 953
f 964 965 963
f 963 962 964
f 925 963 966
f 966 926 925
f 927 926 966
f 927 966 967
f 965 968 966
f 966 963 965
f 969 967 966
f 969 966 968
f 970 964 953
f 970 953 959
f 971 965 964
f 971 964 970
f 972 970 959
f 972 959 961
f 972 973 971
f 971 970 972
f 971 974 968
f 968 965 971
f 974 975 969
f 969 968 974
f 973 976 974
f 974 971 973
f 976 977 975
f 975 974 976
f 978 956 892
f 978 892 905
f 979 957 956
f 979 956 978
f 980 978 905
f 980 905 912
f 981 979 978
f 981 978 980
f 982 960 957
f 982 957 979
f 983 961 960
f 983 960 982
f 984 982 979
f 984 979 981
f 985 983 982
f 985 982 984
f 986 912 911
f 914 987 986
f 986 911 914
f 988 986 987
f 980 912 986
f 989 981 980
f 989 980 986
f 989 986 988
f 990 984 981
f 990 981 989
f 991 985 984
f 991 984 990
f 992 990 989
f 992 989 988
f 993 991 990
f 993 990 992
f 994 972 961
f 994 961 983
f 994 995 973
f 973 972 994
f 996 994 983
f 996 983 985
f 997 995 994
f 997 994 996
f 998 977 976
f 995 998 976
f 976 973 995
f 998 995 997
f 999 997 996
f 991 999 996
f 996 985 991
f 999 991 993
f 1000 998 997
f 1000 997 999
f 930 931 1001
f 1001 876 930
f 1001 1002 877
f 877 876 1001
f 932 1003 1001
f 932 1001 931
f 1004 1002 1001
f 1003 1004 1001
f 1003 1005 1004
f 1006 933 927
f 1006 927 967
f 1007 932 933
f 1007 933 1006
f 969 1008 1006
f 1006 967 969
f 1009 1007 1006
f 1009 1006 1008
f 1003 932 1007
f 1010 1003 1007
f 1010 1007 1009
f 1010 1011 1005
f 1005 1003 1010
f 975 1012 1008
f 1008 969 975
f 1012 1013 1009
f 1009 1008 1012
f 977 1014 1012
f 1012 975 977
f 1014 1015 1013
f 1013 1012 1014
f 1016 1010 1009
f 1016 1009 1013
f 1017 1011 1010
f 1017 1010 1016
f 1015 1018 1016
f 1016 1013 1015
f 1019 1017 1016
f 1019 1016 1018
f 1021 879 877
f 1021 877 1002
f 934 665 879
f 934 879 1021
f 1021 1020 934
f 1021 1002 1004
f 1022 1020 1021
f 1021 1004 1005
f 1005 1025 1021
f 1022 1021 1025
f 1025 1026 1022
f 934 1020 935
f 1022 1024 938
f 1022 938 935
f 935 1020 1022
f 1023 939 938
f 1023 938 1024
f 1022 1026 1024
f 1025 1005 1011
f 1027 1024 1026
f 1028 1023 1024
f 1028 1024 1027
f 1029 1025 1011
f 1029 1011 1017
f 1030 1026 1025
f 1030 1025 1029
f 1031 1029 1017
f 1031 1017 1019
f 1032 1030 1029
f 1032 1029 1031
f 1033 1027 1026
f 1033 1026 1030
f 1034 1028 1027
f 1034 1027 1033
f 1035 1033 1030
f 1035 1030 1032
f 1036 1034 1033
f 1036 1033 1035
f 998 1037 1038
f 1038 1015 1014
f 1038 1014 998
f 1014 977 998
f 1038 1039 1018
f 1018 1015 1038
f 1040 1019 1018
f 1040 1018 1039
f 1041 1039 1038
f 1041 1038 1037
f 1042 1040 1039
f 1042 1039 1041
f 3218 1043 1044
f 1044 1037 998
f 3218 1044 998
f 998 1000 3218
f 1044 1045 1041
f 1041 1037 1044
f 1045 1046 1042
f 1042 1041 1045
f 1043 1047 1045
f 1045 1044 1043
f 1047 1048 1046
f 1046 1045 1047
f 1050 1031 1019
f 1050 1019 1040
f 1051 1032 1031
f 1051 1031 1050
f 1042 1052 1050
f 1050 1040 1042
f 1052 1053 1051
f 1051 1050 1052
f 1054 1035 1032
f 1054 1032 1051
f 1054 1055 1036
f 1036 1035 1054
f 1053 1056 1054
f 1054 1051 1053
f 1049 1055 1054
f 1049 1054 1056
f 1058 1057 1064
f 1046 1059 1052
f 1052 1042 1046
f 1059 1060 1053
f 1053 1052 1059
f 1048 1061 1059
f 1059 1046 1048
f 1061 1062 1060
f 1060 1059 1061
f 1060 1063 1056
f 1056 1053 1060
f 1057 1049 1056
f 1057 1056 1063
f 1062 1064 1063
f 1063 1060 1062
f 1064 1057 1063
f 1069 1068 1070
f 1069 1070 167
f 1069 167 165
f 1068 1080 1071
f 1071 1074 1070
f 1070 1068 1071
f 1078 1075 1074
f 1078 1076 1077
f 1077 1075 1078
f 1080 1073 1078
f 1078 1071 1080
f 1078 1074 1071
f 1078 1073 1072
f 1072 1076 1078
f 181 1081 1079
f 1081 1082 1080
f 1080 1079 1081
f 1272 1081 185
f 1272 185 184
f 1081 181 185
f 1274 1082 1081
f 1274 1081 1272
f 1069 165 181
f 1069 181 1079
f 1069 1079 1068
f 1080 1068 1079
f 1084 1073 1080
f 1084 1080 1082
f 1084 1083 1072
f 1084 1072 1073
f 1278 1084 1082
f 1278 1082 1274
f 1280 1083 1084
f 1278 1280 1084
f 1087 1066 1077
f 1077 1076 1087
f 1088 1089 1087
f 1065 1066 1087
f 1087 1089 1065
f 1087 1076 1072
f 1072 1085 1087
f 1088 1087 1085
f 1085 1086 1088
f 1091 1089 1088
f 1067 1065 1089
f 1089 1091 1067
f 1093 1067 1092
f 1067 1091 1092
f 1091 1088 1086
f 1086 1090 1091
f 1094 1092 1091
f 1094 1091 1090
f 1085 1072 1083
f 1083 1095 1085
f 1095 1097 1086
f 1095 1086 1085
f 1291 1095 1083
f 1291 1083 1280
f 1096 1097 1095
f 1291 1096 1095
f 1098 1090 1086
f 1098 1086 1097
f 1098 1099 1100
f 1100 1090 1098
f 1096 1101 1102
f 1102 1097 1096
f 1097 1102 1098
f 1103 1102 1101
f 1099 1098 1102
f 1102 1103 1099
f 1090 1100 1094
f 1105 1104 1113
f 1113 1106 1105
f 1167 1107 1104
f 1109 1108 1110
f 1167 1109 1110
f 1110 1107 1167
f 1111 1137 1112
f 1104 1107 1114
f 1114 1113 1104
f 1114 1111 1106
f 1106 1113 1114
f 1110 1137 1114
f 1114 1107 1110
f 1137 1111 1114
f 192 1117 1115
f 1115 193 192
f 1116 1118 1117
f 1115 1117 1118
f 1118 1119 1115
f 1116 1121 1122
f 1122 1118 1116
f 1122 1123 1119
f 1119 1118 1122
f 1122 1121 1120
f 1120 1124 1122
f 1124 1125 1123
f 1123 1122 1124
f 201 1105 1106
f 1106 1129 201
f 1129 1126 1128
f 1128 1127 201
f 201 1129 1128
f 204 1127 1128
f 1128 1117 204
f 1117 192 204
f 1116 1117 1128
f 1128 1126 1116
f 1129 1111 1130
f 1130 1121 1126
f 1126 1129 1130
f 1112 1131 1130
f 1130 1111 1112
f 1120 1121 1130
f 1130 1131 1120
f 1129 1106 1111
f 1121 1116 1126
f 1108 1066 1132
f 1132 1133 1110
f 1110 1108 1132
f 1066 1065 1134
f 1066 1134 1132
f 1134 1135 1133
f 1133 1132 1134
f 1136 1138 1137
f 1112 1137 1138
f 1138 1139 1112
f 1136 1135 1140
f 1140 1138 1136
f 1140 1141 1139
f 1139 1138 1140
f 1136 1137 1110
f 1110 1133 1136
f 1135 1136 1133
f 1142 1134 1065
f 1142 1065 1067
f 1143 1135 1134
f 1143 1134 1142
f 1067 1093 1144
f 1144 1142 1067
f 1145 1143 1142
f 1145 1142 1144
f 1143 1146 1140
f 1143 1140 1135
f 1147 1141 1140
f 1147 1140 1146
f 1225 1146 1143
f 1148 1147 1146
f 1148 1146 1225
f 1143 1145 1225
f 1120 1156 1149
f 1150 1154 1149
f 1150 1149 1156
f 1151 1124 1120
f 1151 1120 1149
f 1152 1125 1124
f 1152 1124 1151
f 1153 1151 1149
f 1153 1149 1154
f 1155 1152 1151
f 1155 1151 1153
f 1154 1161 1153
f 1155 1153 1161
f 1139 1156 1131
f 1131 1112 1139
f 1156 1120 1131
f 1141 1157 1156
f 1156 1139 1141
f 1156 1157 1150
f 1158 1157 1141
f 1158 1141 1147
f 1150 1157 1158
f 1154 1150 1158
f 1158 1159 1154
f 1160 1158 1147
f 1160 1147 1148
f 1230 1159 1158
f 1230 1158 1160
f 1161 1154 1159
f 1161 1418 1155
f 1161 1159 1230
f 1161 1230 1162
f 1418 1161 1162
f 1418 1162 1163
f 232 1164 1165
f 1164 1074 1166
f 1166 1104 1165
f 1165 1164 1166
f 235 167 1070
f 235 1070 1164
f 232 235 1164
f 1074 1164 1070
f 1165 1105 201
f 201 232 1165
f 1104 1105 1165
f 1166 1074 1075
f 1075 1167 1166
f 1104 1166 1167
f 1109 1167 1075
f 1108 1109 1075
f 1075 1077 1108
f 1066 1108 1077
f 853 653 1170
f 853 1170 1169
f 1169 1170 1172
f 1169 1172 1171
f 655 1173 1170
f 1170 653 655
f 1173 1174 1172
f 1172 1170 1173
f 1175 1171 1172
f 1172 1176 1175
f 1175 1176 1177
f 1175 1177 1187
f 1178 1176 1172
f 1178 1172 1174
f 1179 1177 1176
f 1179 1176 1178
f 1180 1093 1092
f 1181 1092 1094
f 1092 1181 1180
f 1182 1183 1180
f 1181 1182 1180
f 1184 1183 1182
f 1185 1100 1099
f 1099 1103 1186
f 1099 1186 1185
f 1186 1187 1188
f 1186 1188 1189
f 1186 1189 1185
f 1181 1094 1100
f 1100 1185 1181
f 1189 1190 1181
f 1185 1189 1181
f 1181 1190 1182
f 1177 1191 1187
f 1191 1188 1187
f 1191 1192 1189
f 1189 1188 1191
f 1179 1193 1191
f 1191 1177 1179
f 1193 1194 1192
f 1192 1191 1193
f 1195 1190 1189
f 1184 1182 1190
f 1190 1195 1196
f 1190 1196 1184
f 1198 1197 1196
f 1196 1195 1198
f 1189 1192 1195
f 1195 1192 1194
f 1198 1195 1194
f 667 1200 1199
f 1199 1200 1202
f 1199 1202 1201
f 661 1199 1173
f 1173 655 661
f 1199 1201 1174
f 1174 1173 1199
f 667 1199 661
f 1203 1201 1202
f 1202 1204 1203
f 1203 1178 1174
f 1203 1174 1201
f 1205 1179 1178
f 1205 1178 1203
f 1204 1206 1205
f 1203 1204 1205
f 667 668 1207
f 667 1207 1200
f 1207 1208 1202
f 1202 1200 1207
f 670 1209 1207
f 1207 668 670
f 1209 1469 1208
f 1208 1207 1209
f 1211 1204 1202
f 1211 1202 1208
f 1210 1211 1208
f 1208 1469 1210
f 1204 1211 1212
f 1212 1206 1204
f 1210 1213 1211
f 1212 1211 1213
f 1212 1213 1325
f 1214 1193 1179
f 1214 1179 1205
f 1214 1215 1194
f 1194 1193 1214
f 1206 1216 1214
f 1214 1205 1206
f 1216 1217 1215
f 1215 1214 1216
f 1218 1198 1194
f 1218 1194 1215
f 1197 1198 1218
f 1197 1218 1220
f 1218 1215 1217
f 1218 1217 1219
f 1220 1218 1219
f 1212 1221 1216
f 1216 1206 1212
f 1222 1217 1216
f 1221 1222 1216
f 1221 1212 1325
f 1219 1217 1222
f 1223 1144 1093
f 1224 1145 1144
f 1224 1144 1223
f 1223 1236 1224
f 1225 1227 1148
f 1145 1224 1226
f 1145 1226 1225
f 1227 1225 1226
f 1228 1226 1224
f 1228 1224 1236
f 1227 1226 1229
f 1226 1228 1229
f 1231 1160 1148
f 1231 1148 1227
f 1230 1160 1231
f 1231 1233 1230
f 1232 1231 1227
f 1232 1227 1229
f 1233 1231 1232
f 1234 1162 1230
f 1233 1234 1230
f 1163 1162 1234
f 1093 1180 1223
f 1235 1223 1180
f 1236 1223 1235
f 1180 1183 1235
f 1237 1236 1235
f 1184 1238 1235
f 1235 1183 1184
f 1235 1238 1239
f 1235 1239 1237
f 1240 1228 1236
f 1240 1236 1237
f 1240 1241 1229
f 1229 1228 1240
f 1240 1237 1239
f 1239 1244 1240
f 1242 1243 1241
f 1241 1240 1244
f 1241 1244 1242
f 1184 1196 1238
f 1245 1238 1196
f 1196 1197 1245
f 1245 1246 1239
f 1239 1238 1245
f 1243 1242 1248
f 1247 1244 1239
f 1247 1239 1246
f 1247 1248 1242
f 1242 1244 1247
f 1249 1250 1247
f 1247 1246 1249
f 1247 1251 1248
f 1251 1247 1250
f 1229 1252 1232
f 1253 1233 1232
f 1253 1232 1252
f 1254 1255 1253
f 1253 1252 1254
f 1234 1233 1256
f 1168 1163 1234
f 1168 1234 1256
f 1253 1256 1233
f 1258 1168 1256
f 1258 1256 1257
f 1255 1257 1256
f 1256 1253 1255
f 1252 1229 1241
f 1259 1252 1241
f 1259 1241 1243
f 1259 1254 1252
f 1260 1261 1255
f 1255 1254 1260
f 1261 1260 1262
f 1263 1258 1257
f 1263 1257 1264
f 1261 1264 1257
f 1257 1255 1261
f 1264 1265 1263
f 1265 1264 1266
f 1262 1266 1264
f 1264 1261 1262
f 1267 1259 1243
f 1267 1243 1248
f 1267 1260 1254
f 1254 1259 1267
f 1251 1268 1267
f 1267 1248 1251
f 1268 1262 1260
f 1260 1267 1268
f 1245 1197 1220
f 1245 1220 1269
f 1269 1270 1246
f 1246 1245 1269
f 1249 1246 1270
f 1271 1272 344
f 1271 344 343
f 1273 1274 1272
f 1273 1272 1271
f 1271 343 347
f 347 1275 1271
f 1273 1271 1275
f 1275 1276 1273
f 1277 1278 1274
f 1277 1274 1273
f 1277 1279 1280
f 1280 1278 1277
f 1277 1273 1276
f 1276 1281 1277
f 1277 1281 1282
f 1277 1282 1279
f 1284 1275 347
f 1284 347 357
f 1285 1276 1275
f 1285 1275 1284
f 1284 357 355
f 355 1283 1284
f 1285 1284 1283
f 1283 1286 1285
f 1288 1281 1276
f 1288 1276 1285
f 1288 1289 1282
f 1282 1281 1288
f 1286 1315 1288
f 1286 1288 1285
f 1287 1289 1288
f 1287 1288 1315
f 1272 184 344
f 1279 1290 1291
f 1291 1280 1279
f 1290 1292 1293
f 1293 1291 1290
f 1279 1282 1294
f 1279 1294 1290
f 1294 1295 1296
f 1290 1294 1296
f 1290 1296 1292
f 699 1299 1298
f 1298 1299 1321
f 1297 1298 1321
f 1292 1300 1301
f 1301 1293 1292
f 1300 1302 1303
f 1303 1301 1300
f 1295 1297 1304
f 1304 1296 1295
f 1292 1296 1304
f 1292 1304 1300
f 1304 1297 1321
f 1304 1321 1302
f 1300 1304 1302
f 1306 1307 1287
f 1306 1308 1305
f 1305 1307 1306
f 1289 1309 1294
f 1294 1282 1289
f 1309 1305 1295
f 1295 1294 1309
f 1289 1287 1307
f 1289 1307 1309
f 1309 1307 1305
f 1310 1312 1311
f 1305 1311 1312
f 1312 1297 1305
f 1310 699 1298
f 1298 1312 1310
f 1297 1312 1298
f 705 1310 1311
f 705 1311 1308
f 1305 1308 1311
f 1295 1305 1297
f 1291 1293 1096
f 1096 1293 1301
f 1096 1301 1101
f 1101 1301 1303
f 1101 1303 1103
f 355 383 1313
f 355 1313 1283
f 1286 1283 1314
f 1283 1313 1314
f 383 12 727
f 383 727 1313
f 1314 1313 727
f 1314 727 729
f 1316 1315 1286
f 1314 1316 1286
f 1316 1318 1287
f 1287 1315 1316
f 1316 1314 729
f 1316 729 732
f 734 1318 1316
f 1316 732 734
f 1318 1317 1306
f 1318 1306 1287
f 759 1308 1317
f 1306 1317 1308
f 1318 734 762
f 1318 762 1317
f 1317 762 759
f 1308 759 705
f 851 1320 1319
f 1319 1320 1322
f 1319 1322 1321
f 853 1169 1320
f 1320 851 853
f 1169 1171 1322
f 1322 1320 1169
f 851 1319 1299
f 1299 699 851
f 1321 1299 1319
f 1321 1322 1323
f 1302 1321 1323
f 1323 1324 1303
f 1303 1302 1323
f 1171 1175 1323
f 1323 1322 1171
f 1175 1187 1324
f 1324 1323 1175
f 1103 1303 1324
f 1103 1324 1186
f 1187 1186 1324
f 1220 1219 1326
f 1221 1328 1222
f 1221 1325 1329
f 1329 1328 1221
f 1331 1328 1329
f 1331 1329 1330
f 1332 1219 1222
f 1332 1222 1328
f 1326 1219 1332
f 1333 1334 1332
f 1332 1328 1333
f 1327 1326 1332
f 1327 1332 1334
f 1331 1333 1328
f 1335 1336 1331
f 1331 1330 1335
f 1337 1338 1336
f 1336 1335 1337
f 1340 1334 1333
f 1340 1333 1339
f 1341 1327 1334
f 1341 1334 1340
f 1336 1339 1333
f 1333 1331 1336
f 1342 1340 1339
f 1342 1339 1338
f 1342 1343 1341
f 1341 1340 1342
f 1338 1339 1336
f 1345 1338 1337
f 1499 1345 1337
f 1346 1343 1342
f 1345 1346 1342
f 1342 1338 1345
f 1344 1347 1345
f 1345 1499 1344
f 1347 1348 1346
f 1346 1345 1347
f 1250 1249 1349
f 1350 1251 1250
f 1350 1250 1349
f 1351 1352 1350
f 1350 1349 1351
f 1352 1351 1353
f 1355 1265 1266
f 1354 1355 1266
f 1266 1262 1354
f 1355 1354 1356
f 1350 1356 1354
f 1354 1262 1268
f 1354 1268 1350
f 1268 1251 1350
f 1356 1350 1352
f 1357 1358 1355
f 1355 1356 1357
f 1359 1356 1352
f 1359 1352 1353
f 1359 1357 1356
f 1360 1361 1270
f 1270 1269 1360
f 1361 1360 1362
f 1326 1362 1360
f 1360 1269 1220
f 1360 1220 1326
f 1363 1364 1361
f 1361 1362 1363
f 1327 1365 1362
f 1362 1326 1327
f 1365 1363 1362
f 1361 1349 1249
f 1249 1270 1361
f 1351 1349 1361
f 1351 1361 1364
f 1364 1363 1366
f 1341 1367 1365
f 1365 1327 1341
f 1367 1366 1363
f 1363 1365 1367
f 1369 1367 1341
f 1369 1341 1343
f 1369 1368 1366
f 1366 1367 1369
f 1366 1353 1351
f 1351 1364 1366
f 1353 1366 1368
f 1358 1357 1371
f 1370 1373 1359
f 1359 1353 1370
f 1373 1370 1372
f 1373 1371 1357
f 1357 1359 1373
f 1375 1376 1373
f 1373 1372 1375
f 1376 1377 1374
f 1374 1371 1373
f 1374 1373 1376
f 1378 1368 1369
f 1346 1378 1369
f 1369 1343 1346
f 1378 1379 1370
f 1370 1353 1368
f 1370 1368 1378
f 1348 1380 1378
f 1378 1346 1348
f 1381 1379 1378
f 1381 1378 1380
f 1372 1370 1379
f 1381 1375 1372
f 1372 1379 1381
f 453 1382 1383
f 1383 1384 454
f 454 453 1383
f 1382 1119 1385
f 1385 1383 1382
f 1385 1386 1384
f 1384 1383 1385
f 1382 453 193
f 193 1115 1382
f 1119 1382 1115
f 1387 458 454
f 1387 454 1384
f 1388 1387 1384
f 1388 1384 1386
f 1389 460 458
f 1389 458 1387
f 1390 1389 1387
f 1387 1388 1390
f 1119 1123 1391
f 1391 1385 1119
f 1392 1386 1385
f 1392 1385 1391
f 1125 1408 1391
f 1125 1391 1123
f 1394 1392 1391
f 1393 1394 1391
f 1391 1408 1393
f 1395 1388 1386
f 1386 1392 1395
f 1395 1392 1394
f 1395 1396 1388
f 1390 1388 1396
f 1390 1396 1397
f 1399 1396 1395
f 1399 1395 1394
f 1398 1399 1394
f 1397 1396 1399
f 1390 1400 1389
f 1401 1400 1390
f 1390 1397 1401
f 1398 1402 1399
f 1401 1397 1399
f 1401 1399 1402
f 1401 1404 1400
f 1404 1401 1403
f 1405 1403 1401
f 1401 1402 1405
f 466 460 1389
f 1406 466 1389
f 1406 1389 1400
f 1407 468 466
f 466 1406 1407
f 1407 1406 1400
f 1407 1400 1404
f 1408 1125 1152
f 1152 1409 1408
f 1393 1408 1409
f 1409 1410 1394
f 1409 1394 1393
f 1409 1152 1411
f 1152 1155 1411
f 1410 1409 1411
f 1398 1394 1410
f 1413 1410 1411
f 1412 1413 1411
f 1414 1413 1412
f 1415 1402 1398
f 1398 1410 1415
f 1415 1410 1413
f 1417 1402 1415
f 1417 1415 1416
f 1405 1402 1417
f 1416 1415 1413
f 1416 1413 1414
f 1419 1411 1155
f 1419 1155 1418
f 1412 1411 1419
f 1419 1418 1420
f 1414 1412 1419
f 1414 1419 1420
f 1163 1420 1418
f 1422 1404 1403
f 1421 1422 1403
f 1403 1405 1421
f 1421 1424 1422
f 1424 1421 1423
f 1423 1425 1424
f 1426 491 468
f 468 1407 1426
f 1427 1426 1407
f 1407 1404 1427
f 1426 1428 491
f 494 491 1428
f 1429 1428 1426
f 1426 1427 1429
f 1427 1404 1422
f 1424 1429 1427
f 1427 1422 1424
f 497 494 1428
f 1430 497 1428
f 1428 1429 1430
f 1430 1429 1424
f 1425 1430 1424
f 1430 1425 1438
f 1432 1417 1416
f 1421 1405 1417
f 1421 1417 1432
f 1431 1432 1416
f 1416 1414 1431
f 1423 1421 1432
f 1423 1432 1433
f 1435 1433 1432
f 1432 1431 1435
f 1434 1431 1414
f 1414 1420 1434
f 1434 1420 1163
f 1434 1163 1168
f 1435 1431 1434
f 1435 1434 1436
f 1436 1434 1168
f 1436 1168 1258
f 1433 1438 1425
f 1425 1423 1433
f 1437 1438 1433
f 1433 1435 1437
f 1440 1435 1436
f 1439 1440 1436
f 1436 1258 1439
f 1437 1435 1440
f 1263 1439 1258
f 1439 1263 1265
f 1430 1441 497
f 578 497 1441
f 1442 1441 1430
f 1430 1438 1442
f 1443 581 578
f 578 1441 1443
f 581 1443 1444
f 1445 1446 1443
f 1443 1441 1442
f 1443 1442 1445
f 1444 1443 1446
f 1448 1438 1437
f 1448 1437 1447
f 1449 1450 1440
f 1440 1439 1449
f 1447 1437 1440
f 1447 1440 1450
f 1452 1448 1447
f 1452 1447 1451
f 1453 1454 1450
f 1450 1449 1453
f 1451 1447 1450
f 1451 1450 1454
f 1442 1438 1448
f 1445 1442 1448
f 1445 1448 1452
f 1455 583 581
f 581 1444 1455
f 1457 1446 1445
f 1457 1445 1456
f 1455 1444 1446
f 1455 1446 1457
f 1455 1459 585
f 585 583 1455
f 1459 1455 1458
f 1456 1460 1457
f 1460 1458 1455
f 1455 1457 1460
f 1458 1460 1461
f 1451 1462 1452
f 1453 1463 1454
f 1463 1462 1451
f 1451 1454 1463
f 1462 1463 1467
f 1465 1462 1467
f 1465 1467 1464
f 1462 1456 1445
f 1445 1452 1462
f 1466 1461 1460
f 1460 1456 1462
f 1460 1462 1466
f 1466 1462 1465
f 602 585 1459
f 1355 1449 1439
f 1439 1265 1355
f 1358 1453 1449
f 1449 1355 1358
f 1371 1467 1463
f 1463 1453 1358
f 1463 1358 1371
f 3577 3576 1467
f 1467 1371 1374
f 1467 1374 3577
f 1374 1468 3577
f 1467 3576 1464
f 1468 1374 1377
f 1470 1209 670
f 1470 670 937
f 1469 1209 1470
f 1470 1472 1469
f 1471 1470 937
f 1471 937 939
f 1472 1470 1471
f 1474 1213 1210
f 1473 1474 1210
f 1210 1469 1472
f 1210 1472 1473
f 1325 1213 1474
f 1023 1475 1471
f 1471 939 1023
f 1476 1472 1471
f 1476 1471 1475
f 1475 1023 1477
f 1478 1476 1475
f 1478 1475 1477
f 1480 1474 1473
f 1479 1325 1474
f 1479 1474 1480
f 1476 1480 1473
f 1473 1472 1476
f 1482 1481 1479
f 1479 1480 1482
f 1476 1482 1480
f 1482 1476 1478
f 1028 1477 1023
f 1483 1484 1478
f 1478 1477 1483
f 1485 1483 1036
f 1485 1486 1484
f 1484 1483 1485
f 1487 1481 1482
f 1487 1482 1488
f 1484 1488 1482
f 1482 1478 1484
f 1489 1490 1487
f 1487 1488 1489
f 1489 1488 1484
f 1489 1484 1486
f 1483 1477 1028
f 1483 1028 1034
f 1036 1483 1034
f 1329 1325 1479
f 1481 1330 1329
f 1329 1479 1481
f 1335 1330 1481
f 1335 1481 1487
f 1337 1335 1487
f 1337 1487 1490
f 1491 1485 1036
f 1491 1036 1055
f 1491 1492 1486
f 1486 1485 1491
f 1493 1491 1055
f 1493 1055 1049
f 1493 1494 1492
f 1492 1491 1493
f 1495 1496 1490
f 1490 1489 1495
f 1495 1489 1486
f 1495 1486 1492
f 1498 1495 1497
f 1498 1499 1496
f 1496 1495 1498
f 1497 1495 1492
f 1497 1492 1494
f 1057 1500 1493
f 1493 1049 1057
f 1500 1502 1494
f 1494 1493 1500
f 1058 1503 1500
f 1500 1057 1058
f 1503 1501 1502
f 1502 1500 1503
f 1504 1498 1497
f 1504 1497 1502
f 1504 1505 1499
f 1499 1498 1504
f 1502 1497 1494
f 1501 1506 1504
f 1504 1502 1501
f 1344 1505 1504
f 1344 1504 1506
f 1496 1499 1337
f 1337 1490 1496
f 1505 1344 1499
f 1510 1512 1511
f 1585 1513 1510
f 1510 1511 1585
f 1516 1515 1513
f 1516 1513 1585
f 1516 1585 1514
f 1517 1 1520
f 1518 1520 1519
f 1520 1521 1517
f 1521 1520 1518
f 1524 1522 1523
f 1525 1518 1519
f 1525 1519 1522
f 1526 1521 1525
f 1525 1521 1518
f 1527 1525 1522
f 1527 1522 1524
f 1527 1528 1526
f 1526 1525 1527
f 1532 1531 3
f 1531 1530 5
f 5 6 1531
f 6 3 1531
f 1533 1531 1532
f 1533 1532 1547
f 1533 1529 1530
f 1530 1531 1533
f 1536 1538 1529
f 1540 1537 1538
f 1538 1536 1540
f 1539 1533 1547
f 1539 1547 1535
f 1539 1536 1529
f 1529 1533 1539
f 1541 1540 1539
f 1535 1541 1539
f 1541 1535 1534
f 1536 1539 1540
f 1542 1544 1543
f 14 1543 1544
f 1543 14 1546
f 1548 1547 1542
f 1542 1543 1548
f 1546 1548 1543
f 1548 1546 1545
f 1517 1546 20
f 20 1 1517
f 14 20 1546
f 1517 1545 1546
f 1545 1517 1521
f 1542 1532 3
f 3 1544 1542
f 1532 1542 1547
f 1550 1549 1545
f 1551 1535 1547
f 1547 1548 1551
f 1549 1551 1548
f 1548 1545 1549
f 1552 1549 1550
f 1552 1550 1528
f 1551 1534 1535
f 1534 1551 1552
f 1551 1549 1552
f 1526 1550 1545
f 1545 1521 1526
f 1528 1550 1526
f 1553 1523 1978
f 1553 1554 1524
f 1524 1523 1553
f 1507 1555 1553
f 1553 1978 1507
f 1555 1563 1554
f 1554 1553 1555
f 1557 1556 1558
f 1559 1527 1554
f 1554 1527 1524
f 1556 1528 1527
f 1556 1527 1559
f 1560 1559 1554
f 1560 1554 1563
f 1558 1556 1559
f 1558 1559 1560
f 1508 1561 1555
f 1555 1507 1508
f 1555 1562 1563
f 1562 1555 1561
f 1509 1564 1561
f 1561 1508 1509
f 1565 1562 1561
f 1565 1561 1564
f 1566 1557 1558
f 1566 1558 1568
f 1569 1567 1566
f 1566 1568 1569
f 1562 1568 1560
f 1560 1563 1562
f 1568 1558 1560
f 1565 1569 1568
f 1568 1562 1565
f 1571 1570 1534
f 1573 1572 1570
f 1570 1571 1573
f 1576 1512 1537
f 1575 1576 1537
f 1537 1540 1575
f 1576 1575 1574
f 1577 1587 1574
f 1576 1511 1512
f 1511 1576 1587
f 1576 1574 1587
f 1570 1574 1575
f 1575 1540 1541
f 1575 1541 1570
f 1541 1534 1570
f 1577 1574 1570
f 1577 1570 1572
f 1578 1580 1579
f 1581 1580 1572
f 1581 1572 1573
f 1581 1573 1584
f 1582 1584 1583
f 1581 1579 1580
f 1579 1581 1582
f 1581 1584 1582
f 1585 1587 1586
f 1577 1586 1587
f 1586 1577 1580
f 1511 1587 1585
f 1514 1585 1586
f 1514 1586 1578
f 1586 1580 1578
f 1577 1572 1580
f 1588 1552 1528
f 1588 1528 1556
f 1588 1571 1534
f 1534 1552 1588
f 1590 1589 1588
f 1590 1588 1556
f 1590 1556 1557
f 1589 1573 1571
f 1571 1588 1589
f 1591 1584 1589
f 1589 1590 1591
f 1566 1591 1590
f 1590 1557 1566
f 1573 1589 1584
f 1591 1583 1584
f 1583 1591 1567
f 1591 1566 1567
f 1592 1509 1593
f 1592 1593 1594
f 1596 1595 1514
f 1595 1597 1515
f 1515 1516 1595
f 1516 1514 1595
f 1599 1598 1595
f 1595 1596 1599
f 1600 1597 1595
f 1600 1595 1598
f 1601 1598 1599
f 1601 1599 1602
f 1603 1600 1598
f 1603 1598 1601
f 1604 1601 1602
f 1603 1601 1605
f 1604 1605 1601
f 1604 1606 1605
f 1592 1607 1564
f 1564 1509 1592
f 1608 1565 1609
f 1609 1565 1564
f 1609 1564 1607
f 1610 1607 1592
f 1610 1592 1594
f 1608 1609 1611
f 1610 1611 1609
f 1609 1607 1610
f 1612 1567 1569
f 1612 1569 1614
f 1615 1613 1612
f 1612 1614 1615
f 1608 1614 1569
f 1569 1565 1608
f 1615 1614 1608
f 1615 1608 1611
f 1610 1594 1616
f 1617 1611 1610
f 1617 1610 1616
f 1617 1616 1618
f 1619 1613 1615
f 1619 1615 1620
f 1620 1621 1619
f 1617 1622 1615
f 1615 1611 1617
f 1622 1620 1615
f 1617 1623 1622
f 1623 1617 1618
f 1621 1620 1622
f 1623 1621 1622
f 1624 1578 1579
f 1624 1579 1625
f 1627 1626 1624
f 1627 1624 1625
f 1627 1625 1628
f 1630 1629 1582
f 1582 1583 1630
f 1629 1625 1579
f 1579 1582 1629
f 1631 1629 1630
f 1631 1630 1632
f 1631 1628 1625
f 1625 1629 1631
f 1624 1596 1514
f 1514 1578 1624
f 1626 1599 1596
f 1596 1624 1626
f 1633 1626 1627
f 1634 1633 1627
f 1627 1628 1634
f 1634 1636 1635
f 1635 1633 1634
f 1636 1634 1637
f 1639 1638 1631
f 1631 1632 1639
f 1634 1628 1631
f 1634 1631 1638
f 1639 1641 1638
f 1640 1637 1634
f 1634 1638 1640
f 1640 1638 1641
f 1602 1599 1626
f 1602 1626 1633
f 1635 1604 1602
f 1602 1633 1635
f 1604 1635 1636
f 1630 1583 1567
f 1630 1567 1612
f 1612 1632 1630
f 1632 1612 1613
f 1619 1639 1632
f 1632 1613 1619
f 1642 1641 1639
f 1639 1619 1642
f 1642 1619 1621
f 1618 1643 1623
f 1623 1661 1621
f 1643 1661 1623
f 1643 1644 1661
f 1640 1645 1637
f 1645 1640 1641
f 1645 1641 1646
f 1636 1647 1604
f 1648 1647 1636
f 1636 1637 1648
f 1606 1604 1647
f 1647 1648 1649
f 1606 1647 1650
f 1649 1651 1650
f 1650 1647 1649
f 1651 1649 1652
f 1648 1637 1645
f 1648 1645 1653
f 1653 1649 1648
f 1645 1654 1653
f 1654 1645 1646
f 1653 1652 1649
f 1652 1653 1655
f 1653 1654 1656
f 1656 1655 1653
f 1642 1657 1641
f 1621 1658 1657
f 1657 1642 1621
f 1659 1646 1641
f 1641 1657 1659
f 1659 1657 1658
f 1646 1659 1660
f 1659 1658 1664
f 1664 1660 1659
f 1621 1661 1658
f 1658 1661 1662
f 1644 1663 1662
f 1644 1662 1661
f 1664 1658 1662
f 1664 1662 1665
f 1665 1662 1663
f 1666 1654 1646
f 1646 1660 1666
f 1664 1666 1660
f 1665 1663 1667
f 1666 1664 1668
f 1656 1654 1666
f 1656 1666 1669
f 1669 1666 1668
f 1669 1668 1671
f 1664 1665 1670
f 1664 1670 1668
f 1670 1665 1667
f 1670 1667 1673
f 1671 1668 1670
f 1671 1670 1672
f 1673 1672 1670
f 1672 1673 1674
f 1677 1675 1678
f 1679 1677 1678
f 1679 1678 1702
f 1682 1681 1680
f 1683 1685 1684
f 1686 1680 32
f 1683 1686 32
f 32 33 1685
f 32 1685 1683
f 1688 1687 1683
f 1683 1684 1688
f 1682 1680 1686
f 1682 1686 1687
f 1683 1687 1686
f 1680 1689 37
f 37 38 1680
f 1690 40 1689
f 37 1689 40
f 1691 1689 1692
f 1681 1692 1689
f 1689 1680 1681
f 1691 1675 1676
f 1691 1676 1690
f 1690 1689 1691
f 32 1680 38
f 1694 1693 1681
f 1681 1682 1694
f 1696 1695 1693
f 1693 1694 1696
f 1697 1687 1688
f 1697 1688 1698
f 1697 1694 1682
f 1682 1687 1697
f 1700 1699 1697
f 1697 1698 1700
f 1696 1694 1697
f 1696 1697 1699
f 1701 1691 1692
f 1701 1692 1693
f 1693 1692 1681
f 1678 1675 1691
f 1678 1691 1701
f 1695 1702 1701
f 1701 1693 1695
f 1702 1678 1701
f 1715 1703 1679
f 1679 1702 1715
f 1705 1704 1703
f 1703 1715 1705
f 1704 1705 1706
f 1708 1695 1696
f 1708 1696 1709
f 1710 1708 1709
f 1711 1712 1699
f 1699 1700 1711
f 1709 1696 1699
f 1709 1699 1712
f 1711 1713 1712
f 1713 1711 1714
f 1712 1710 1709
f 1710 1712 1713
f 1708 1715 1702
f 1702 1695 1708
f 1717 1716 1715
f 1715 1708 1717
f 1717 1708 1710
f 1716 1705 1715
f 1714 1719 1713
f 1720 1718 1710
f 1710 1713 1720
f 1720 1713 1719
f 1793 1718 1720
f 1721 1793 1720
f 1720 1719 1721
f 1722 1716 1717
f 1722 1717 1710
f 1722 1710 1718
f 1706 1705 1716
f 1706 1716 1722
f 1724 1726 1723
f 1723 1722 1718
f 1723 1718 1724
f 1726 1725 1707
f 1707 1706 1722
f 1707 1722 1723
f 1707 1723 1726
f 1724 1718 1793
f 1728 1755 1729
f 1732 1730 1727
f 1727 1728 1732
f 1732 1728 1729
f 1732 1729 1733
f 1735 1734 1731
f 1731 1730 1732
f 1731 1732 1735
f 1735 1732 1733
f 1735 1733 1736
f 1737 1729 1755
f 1755 1758 1737
f 1737 1758 1759
f 1737 1759 1738
f 1738 1759 1739
f 1733 1729 1737
f 1733 1737 1741
f 1742 1741 1737
f 1737 1738 1742
f 1736 1733 1741
f 1736 1741 1743
f 1743 1741 1742
f 1743 1742 1744
f 1745 1742 1738
f 1738 1739 1745
f 1745 1739 1740
f 1745 1740 1747
f 1745 1747 1746
f 1748 1744 1742
f 1742 1745 1748
f 1749 1748 1745
f 1745 1746 1749
f 1750 1684 1685
f 1685 75 1750
f 75 76 1750
f 1750 76 77
f 1750 77 1751
f 75 1685 33
f 1688 1684 1750
f 1688 1750 1752
f 1752 1750 1751
f 1752 1751 1753
f 1751 77 81
f 1751 81 1754
f 1754 81 82
f 1754 82 1755
f 1727 1753 1751
f 1751 1754 1728
f 1751 1728 1727
f 1755 1728 1754
f 1698 1688 1752
f 1698 1752 1756
f 1730 1756 1752
f 1752 1753 1730
f 1757 1700 1698
f 1698 1756 1757
f 1731 1757 1756
f 1756 1730 1731
f 1757 1731 1734
f 1727 1730 1753
f 1755 82 95
f 1755 95 1758
f 1759 1758 95
f 95 96 1759
f 1760 1759 96
f 96 100 1760
f 1761 1760 100
f 100 101 1761
f 1760 1739 1759
f 1761 1740 1739
f 1739 1760 1761
f 1740 1761 1747
f 1763 1734 1735
f 1762 1763 1735
f 1735 1736 1762
f 1762 1766 1763
f 1764 1762 1736
f 1736 1743 1764
f 1765 1764 1743
f 1743 1744 1765
f 1766 1762 1764
f 1766 1764 1767
f 1768 1767 1764
f 1764 1765 1768
f 1765 1744 1748
f 1765 1748 1769
f 1769 1748 1749
f 1769 1749 1770
f 1768 1765 1769
f 1768 1769 1771
f 1771 1769 1770
f 1771 1770 1871
f 1772 1711 1700
f 1700 1757 1772
f 1773 1772 1757
f 1757 1734 1773
f 1774 1714 1711
f 1711 1772 1774
f 1775 1774 1772
f 1772 1773 1775
f 1773 1734 1763
f 1775 1773 1763
f 1775 1763 1776
f 1776 1763 1766
f 1777 1719 1714
f 1714 1774 1777
f 1778 1777 1774
f 1774 1775 1778
f 1777 1779 1719
f 1780 1779 1777
f 1780 1777 1778
f 1721 1719 1779
f 1781 1778 1775
f 1775 1776 1781
f 1782 1781 1776
f 1776 1766 1782
f 1783 1780 1778
f 1778 1781 1783
f 1784 1783 1781
f 1781 1782 1784
f 1782 1766 1767
f 1782 1767 1785
f 1785 1767 1768
f 1785 1768 1786
f 1787 1784 1782
f 1782 1785 1787
f 1788 1787 1785
f 1785 1786 1788
f 1789 1786 1768
f 1768 1771 1789
f 1790 1789 1771
f 1771 1871 1790
f 1788 1786 1789
f 1788 1789 1791
f 1791 1789 1790
f 1791 1790 1792
f 1721 1794 1793
f 1796 1726 1724
f 1795 1725 1726
f 1795 1726 1796
f 1799 1798 1797
f 1797 1795 1799
f 1795 1796 1799
f 1800 1796 1724
f 1724 1793 1800
f 1800 1793 1794
f 1800 1801 1796
f 1802 1801 1800
f 1800 1794 1802
f 1799 1796 1801
f 1799 1803 1798
f 1801 1804 1803
f 1801 1803 1799
f 1804 1801 1802
f 1804 1802 1805
f 1806 1794 1721
f 1721 1779 1806
f 1806 1779 1780
f 1807 1806 1780
f 1806 1808 1794
f 1807 1809 1808
f 1807 1808 1806
f 1784 1810 1783
f 1807 1780 1783
f 1807 1783 1811
f 1811 1783 1810
f 1811 1812 1809
f 1811 1809 1807
f 1812 1811 1810
f 1812 1810 1813
f 1802 1794 1808
f 1802 1808 1814
f 1814 1808 1809
f 1814 1815 1802
f 1809 1816 1815
f 1809 1815 1814
f 1817 1805 1802
f 1802 1815 1817
f 1816 1817 1815
f 1805 1817 1818
f 1817 1816 1819
f 1819 1818 1817
f 1820 1816 1809
f 1820 1809 1812
f 1821 1820 1812
f 1812 1813 1821
f 1816 1820 1822
f 1822 1819 1816
f 1833 1822 1820
f 1820 1821 1833
f 1787 1823 1810
f 1787 1810 1784
f 1788 1824 1823
f 1788 1823 1787
f 1825 1813 1810
f 1810 1823 1825
f 1826 1825 1823
f 1823 1824 1826
f 1791 1827 1824
f 1791 1824 1788
f 1791 1792 1828
f 1828 1827 1791
f 1829 1826 1824
f 1824 1827 1829
f 1829 1827 1828
f 1829 1828 1830
f 1821 1813 1825
f 1821 1825 1831
f 1831 1825 1826
f 1831 1826 1832
f 1833 1821 1831
f 1833 1831 1834
f 1835 1834 1831
f 1831 1832 1835
f 1836 1832 1826
f 1826 1829 1836
f 1837 1836 1829
f 1829 1830 1837
f 1838 1835 1832
f 1832 1836 1838
f 1838 1836 1837
f 1838 1837 1839
f 1835 2087 1834
f 1746 1747 1848
f 1749 1746 1848
f 1749 1848 1850
f 1840 1761 101
f 101 119 1840
f 1840 119 1841
f 120 1841 119
f 1842 1747 1761
f 1761 1840 1842
f 1843 1842 1840
f 1840 1841 1843
f 1844 1841 120
f 120 122 1844
f 1844 122 1845
f 1843 1841 1846
f 1844 1846 1841
f 1846 1844 1847
f 1844 1845 1847
f 126 1845 122
f 1842 1848 1747
f 1849 1848 1842
f 1842 1843 1849
f 1851 1850 1848
f 1848 1849 1851
f 1852 1849 1843
f 1843 1846 1852
f 1852 1846 1847
f 1852 1847 1853
f 1854 1851 1849
f 1849 1852 1854
f 1854 1852 1855
f 1855 1852 1853
f 1855 1853 1856
f 1847 1845 1857
f 1859 1845 126
f 1859 126 1858
f 1860 1859 1858
f 1858 1861 1860
f 1857 1845 1859
f 1857 1859 1862
f 1862 1859 1863
f 1863 1859 1860
f 1860 1861 1864
f 1865 1863 1860
f 1860 1864 1865
f 1853 1847 1857
f 1853 1857 1867
f 1866 1856 1853
f 1853 1867 1866
f 1867 1857 1862
f 1867 1862 1863
f 1867 1863 1868
f 1869 1866 1867
f 1867 1868 1869
f 2197 1868 1863
f 1863 1865 2197
f 1870 1869 1868
f 1868 2197 1870
f 1872 1770 1749
f 1749 1850 1872
f 1770 1872 1871
f 1872 1850 1851
f 1872 1851 1873
f 1874 1871 1872
f 1874 1872 1873
f 1874 1873 1875
f 1873 1851 1854
f 1873 1854 1876
f 1877 1876 1854
f 1854 1855 1877
f 1878 1877 1855
f 1855 1856 1878
f 1875 1873 1876
f 1875 1876 1879
f 1876 1877 1879
f 1880 1879 1877
f 1877 1878 1880
f 1790 1871 1874
f 1790 1874 1881
f 1881 1874 1875
f 1881 1875 1882
f 1792 1790 1881
f 1792 1881 1883
f 1884 1883 1881
f 1884 1881 1882
f 1885 1882 1875
f 1875 1879 1885
f 1886 1885 1879
f 1879 1880 1886
f 1885 1884 1882
f 1887 1884 1885
f 1887 1885 1886
f 1887 1886 1905
f 1888 1878 1856
f 1856 1866 1888
f 1880 1878 1888
f 1880 1888 1893
f 1889 1888 1866
f 1866 1869 1889
f 1891 1893 1888
f 1888 1889 1891
f 1890 1889 1869
f 1869 1870 1890
f 1892 1891 1889
f 1889 1890 1892
f 1893 1886 1880
f 1886 1893 1894
f 1886 1894 1905
f 1891 1894 1893
f 1894 1891 1897
f 1895 1905 1894
f 1895 1894 1897
f 1895 1897 1896
f 1898 1897 1891
f 1891 1892 1898
f 1896 1897 1898
f 1896 1898 1899
f 1883 1828 1792
f 1828 1883 1900
f 1901 1900 1883
f 1883 1884 1901
f 1830 1828 1900
f 1902 1830 1900
f 1900 1901 1903
f 1903 1902 1900
f 1901 1884 1887
f 1901 1887 1904
f 1887 1905 1904
f 1904 1903 1901
f 1904 1905 1906
f 1903 1904 1907
f 1907 1904 1906
f 1907 1906 1916
f 1837 1830 1902
f 1908 1837 1902
f 1902 1903 1908
f 1903 1909 1908
f 1910 1839 1837
f 1910 1837 1908
f 1908 1909 1911
f 1908 1911 1910
f 1903 1907 1912
f 1912 1909 1903
f 1916 1912 1907
f 1909 1912 1913
f 1921 1913 1912
f 1912 1916 1921
f 1913 1914 1911
f 1913 1911 1909
f 1921 1914 1913
f 1895 1906 1905
f 1906 1895 1917
f 1895 1896 1917
f 1915 1917 1896
f 1906 1917 1916
f 1916 1917 1918
f 1915 1918 1917
f 1918 1915 1919
f 1920 1915 1896
f 1896 1899 1920
f 1920 1919 1915
f 1916 1918 1921
f 1918 2316 1921
f 1919 2316 1918
f 1922 255 1690
f 1922 1923 254
f 1922 254 255
f 1676 1924 1922
f 1922 1690 1676
f 1924 1676 1675
f 1925 1927 1926
f 1922 1926 1927
f 1927 1923 1922
f 1926 1922 1924
f 1928 1929 1923
f 254 1923 1929
f 1930 259 1929
f 1930 1929 1928
f 1931 1928 1923
f 1931 1923 1927
f 1931 1927 1925
f 1931 1943 1930
f 1930 1928 1931
f 1677 1934 1924
f 1924 1675 1677
f 1932 1925 1926
f 1932 1926 1934
f 1934 1926 1924
f 1677 1933 1934
f 1933 1677 1679
f 1933 1935 1932
f 1932 1934 1933
f 1936 1943 1939
f 1938 1936 1939
f 1938 1939 1937
f 1932 1939 1931
f 1931 1925 1932
f 1931 1939 1943
f 1937 1939 1932
f 1937 1932 1935
f 40 1690 255
f 1942 1944 1943
f 1945 1940 1941
f 1945 1941 1944
f 1945 1944 1942
f 1930 1944 283
f 283 259 1930
f 283 1941 1940
f 1940 284 283
f 1941 283 1944
f 1930 1943 1944
f 1946 285 1940
f 1946 1947 286
f 286 285 1946
f 1945 1948 1946
f 1946 1940 1945
f 1948 1949 1947
f 1947 1946 1948
f 284 1940 285
f 1950 1942 1943
f 1950 1943 1936
f 1950 1951 1945
f 1945 1942 1950
f 1938 1952 1950
f 1950 1936 1938
f 1953 1951 1950
f 1953 1950 1952
f 1954 1948 1945
f 1954 1945 1951
f 1955 1949 1954
f 1948 1954 1949
f 1956 1954 1953
f 1951 1953 1954
f 1956 1957 1955
f 1955 1954 1956
f 1958 1933 1679
f 1958 1679 1703
f 1958 1959 1935
f 1935 1933 1958
f 1704 1965 1958
f 1958 1703 1704
f 1960 1959 1958
f 1960 1958 1965
f 1961 1962 1938
f 1938 1937 1961
f 1963 1964 1962
f 1962 1961 1963
f 1961 1937 1935
f 1961 1935 1959
f 1963 1961 1959
f 1963 1959 1960
f 1706 1966 1965
f 1965 1704 1706
f 1965 1967 1960
f 1967 1965 1966
f 1707 1968 1966
f 1966 1706 1707
f 1968 1707 1725
f 1968 1969 1967
f 1967 1966 1968
f 1971 1964 1963
f 1971 1963 1970
f 1972 1971 1970
f 1972 1970 1997
f 1967 1970 1963
f 1963 1960 1967
f 1969 1997 1970
f 1970 1967 1969
f 1962 1973 1952
f 1952 1938 1962
f 1974 1953 1973
f 1973 1953 1952
f 1975 1973 1962
f 1975 1962 1964
f 1975 1976 1974
f 1974 1973 1975
f 1974 1977 1956
f 1956 1953 1974
f 1977 1978 1957
f 1957 1956 1977
f 1976 1979 1977
f 1977 1974 1976
f 1507 1978 1977
f 1507 1977 1979
f 1971 1981 1975
f 1975 1964 1971
f 1980 1976 1975
f 1980 1975 1981
f 1972 1982 1981
f 1981 1971 1972
f 1982 1983 1980
f 1980 1981 1982
f 1980 1984 1979
f 1979 1976 1980
f 1508 1507 1979
f 1508 1979 1984
f 1985 1984 1980
f 1985 1980 1983
f 1509 1508 1984
f 1509 1984 1985
f 1947 1987 373
f 373 286 1947
f 1986 1988 1987
f 373 1987 1988
f 1989 1987 1949
f 1947 1949 1987
f 1989 1990 1986
f 1989 1986 1987
f 1986 1520 375
f 375 1988 1986
f 1520 1 375
f 1986 1519 1520
f 1519 1986 1990
f 1955 1991 1989
f 1989 1949 1955
f 1522 1990 1989
f 1522 1989 1991
f 1957 1523 1991
f 1991 1955 1957
f 1991 1523 1522
f 1990 1522 1519
f 1978 1523 1957
f 1993 1992 1968
f 1968 1725 1993
f 1969 1968 1994
f 1992 1994 1968
f 1993 1995 1992
f 1996 1994 1992
f 1996 1992 1995
f 1999 1998 1972
f 1972 1997 1999
f 1998 1999 2001
f 1969 1999 1997
f 1999 1969 1994
f 2000 1999 1994
f 2000 1994 1996
f 2000 2001 1999
f 1995 2010 1996
f 1996 2003 2000
f 2010 2003 1996
f 2000 2002 2001
f 2003 2002 2000
f 2010 2004 2003
f 2003 2005 2002
f 2004 2006 2005
f 2004 2005 2003
f 1993 1725 1795
f 2007 1995 1993
f 1993 1795 1797
f 1993 1797 2007
f 2007 1797 1798
f 2007 2008 1995
f 2008 2007 1798
f 2009 2008 1798
f 1798 1803 2009
f 2008 2010 1995
f 2009 2011 2008
f 2008 2012 2010
f 2011 2013 2012
f 2012 2008 2011
f 1804 2009 1803
f 2009 1804 2014
f 2014 2011 2009
f 1805 2015 2014
f 2014 1804 1805
f 2014 2013 2011
f 2012 2016 2004
f 2012 2004 2010
f 2016 2012 2017
f 2017 2012 2013
f 2019 1982 1972
f 2019 1972 1998
f 2019 2018 1983
f 1983 1982 2019
f 2020 2019 1998
f 2020 1998 2001
f 2018 2019 2021
f 2020 2021 2019
f 2022 1985 1983
f 2022 1983 2018
f 1593 1509 1985
f 1593 1985 2022
f 2023 2022 2018
f 2023 2018 2021
f 2023 1594 1593
f 1593 2022 2023
f 2020 2001 2024
f 2020 2026 2025
f 2025 2021 2020
f 2026 2020 2024
f 2024 2031 2026
f 2024 2001 2002
f 2024 2002 2027
f 2002 2005 2027
f 2027 2005 2006
f 2031 2024 2027
f 2023 2021 2025
f 2023 2025 2028
f 2028 2025 2026
f 2023 2029 1594
f 2029 2023 2028
f 2030 2028 2026
f 2031 2030 2026
f 2028 2137 2029
f 2137 2028 2030
f 2004 2032 2006
f 2013 2014 2033
f 2015 2034 2014
f 2034 2033 2014
f 2017 2035 2016
f 2017 2013 2036
f 2036 2035 2017
f 2032 2016 2035
f 2035 2037 2032
f 2016 2032 2004
f 2038 2037 2035
f 2035 2036 2038
f 2038 2039 2037
f 2033 2040 2036
f 2036 2013 2033
f 2041 2040 2033
f 2033 2034 2041
f 2038 2036 2040
f 2040 2041 2042
f 2038 2040 2043
f 2043 2039 2038
f 2043 2040 2042
f 2043 2042 2044
f 2027 2006 2032
f 2032 2047 2027
f 2027 2045 2031
f 2046 2045 2027
f 2047 2046 2027
f 2047 2048 2046
f 2031 2049 2030
f 2030 2049 2140
f 2030 2140 2137
f 2050 2051 2049
f 2049 2031 2045
f 2049 2045 2050
f 2050 2045 2046
f 2140 2049 2051
f 2046 2048 2052
f 2050 2046 2052
f 2052 2051 2050
f 2051 2053 2140
f 2053 2051 2052
f 2053 2052 2054
f 2037 2047 2032
f 2037 2055 2047
f 2055 2037 2039
f 2039 2056 2055
f 2055 2057 2048
f 2055 2048 2047
f 2056 2058 2057
f 2057 2055 2056
f 2056 2039 2043
f 2056 2043 2059
f 2060 2059 2043
f 2043 2044 2060
f 2059 2058 2056
f 2061 2052 2048
f 2048 2057 2061
f 2061 2057 2058
f 2054 2052 2061
f 2060 2062 2059
f 2058 2059 2063
f 2063 2059 2062
f 2062 2064 2063
f 2061 2058 2065
f 2054 2061 2066
f 2066 2061 2065
f 2066 2065 2067
f 2065 2058 2063
f 2065 2063 2068
f 2068 2063 2064
f 2068 2064 2109
f 2068 2069 2067
f 2067 2065 2068
f 2069 2068 2109
f 2069 2109 2070
f 2071 2015 1805
f 1805 1818 2071
f 2072 2071 1818
f 1818 1819 2072
f 1822 2072 1819
f 2071 2072 2073
f 2034 2015 2071
f 2034 2071 2074
f 2075 2074 2071
f 2075 2071 2073
f 1822 1833 2076
f 2076 2081 1822
f 2081 2075 2073
f 2081 2073 1822
f 2073 2072 1822
f 2074 2041 2034
f 2041 2074 2077
f 2077 2042 2041
f 2075 2078 2077
f 2075 2077 2074
f 2044 2042 2077
f 2044 2077 2079
f 2079 2077 2078
f 2079 2078 2080
f 2078 2075 2081
f 2078 2081 2082
f 2082 2081 2076
f 2082 2076 2083
f 2084 2080 2078
f 2078 2082 2084
f 2083 2084 2082
f 2084 2083 2085
f 1833 1834 2087
f 2092 1833 2087
f 2087 2086 2092
f 1833 2092 2076
f 2087 1835 1838
f 2087 1838 2088
f 2089 2088 1838
f 1838 1839 2089
f 2087 2088 2090
f 2090 2086 2087
f 2089 2091 2090
f 2089 2090 2088
f 2083 2076 2092
f 2083 2092 2093
f 2093 2092 2086
f 2093 2086 2094
f 2095 2094 2086
f 2086 2090 2095
f 2096 2095 2090
f 2090 2091 2096
f 2083 2093 2097
f 2097 2085 2083
f 2093 2094 2098
f 2098 2097 2093
f 2095 2099 2098
f 2095 2098 2094
f 2096 2100 2099
f 2096 2099 2095
f 2079 2060 2044
f 2060 2079 2101
f 2101 2062 2060
f 2079 2080 2102
f 2079 2102 2101
f 2064 2062 2101
f 2064 2101 2103
f 2103 2101 2102
f 2103 2102 2106
f 2102 2080 2084
f 2102 2084 2104
f 2104 2084 2085
f 2104 2085 2105
f 2106 2102 2104
f 2106 2104 2107
f 2108 2107 2104
f 2104 2105 2108
f 2110 2109 2064
f 2064 2103 2110
f 2106 2110 2103
f 2110 2106 2111
f 2109 2110 2112
f 2109 2112 2070
f 2112 2110 2111
f 2112 2111 2113
f 2106 2107 2114
f 2106 2114 2111
f 2114 2107 2108
f 2114 2108 2115
f 2113 2111 2114
f 2113 2114 2116
f 2116 2114 2115
f 2116 2115 2117
f 2105 2085 2097
f 2105 2097 2118
f 2118 2097 2098
f 2118 2098 2119
f 2120 2108 2105
f 2105 2118 2120
f 2120 2118 2119
f 2120 2119 2121
f 2108 2120 2122
f 2121 2123 2122
f 2121 2122 2120
f 2124 2119 2098
f 2098 2099 2124
f 2125 2124 2099
f 2099 2100 2125
f 2121 2119 2124
f 2121 2124 2126
f 2126 2124 2125
f 2126 2125 2127
f 2126 2123 2121
f 2115 2108 2122
f 2115 2122 2128
f 2129 2128 2122
f 2122 2123 2129
f 2117 2115 2128
f 2117 2128 2130
f 2131 2130 2128
f 2128 2129 2131
f 2132 2129 2123
f 2123 2126 2132
f 2133 2132 2126
f 2133 2126 2127
f 2134 2131 2129
f 2129 2132 2134
f 2135 2134 2132
f 2132 2133 2135
f 1616 1594 2029
f 2136 1616 2029
f 2137 2136 2029
f 1618 1616 2136
f 2137 2138 2136
f 2140 2139 2138
f 2140 2138 2137
f 1618 2136 2141
f 2136 2138 2141
f 2141 2138 2139
f 2140 2142 2139
f 2141 2139 2142
f 2141 2142 2146
f 2053 2142 2140
f 2142 2053 2143
f 2143 2053 2054
f 2146 2142 2143
f 1643 1618 2141
f 2141 2144 1643
f 2145 2144 2141
f 2146 2145 2141
f 2144 1644 1643
f 1644 2144 2147
f 2147 2144 2145
f 2143 2054 2148
f 2143 2149 2146
f 2149 2143 2148
f 2149 2148 2150
f 2145 2146 2152
f 2145 2152 2151
f 2147 2145 2151
f 2149 2153 2152
f 2149 2152 2146
f 2154 2153 2149
f 2149 2150 2154
f 2151 2152 2153
f 2151 2153 2155
f 2155 2153 2154
f 2155 2154 2156
f 2148 2054 2066
f 2148 2066 2157
f 2158 2157 2066
f 2066 2067 2158
f 2159 2150 2148
f 2148 2157 2159
f 2159 2157 2158
f 2159 2158 2160
f 2158 2067 2069
f 2158 2069 2161
f 2161 2069 2070
f 2161 2070 2162
f 2160 2158 2161
f 2160 2161 2163
f 2163 2161 2162
f 2163 2162 2164
f 2154 2150 2159
f 2154 2159 2165
f 2165 2159 2160
f 2165 2160 2166
f 2156 2154 2165
f 2156 2165 2167
f 2167 2165 2166
f 2167 2166 2168
f 2166 2160 2163
f 2166 2163 2169
f 2169 2163 2164
f 2169 2164 2185
f 2169 2170 2168
f 2168 2166 2169
f 2185 2170 2169
f 1663 1644 2147
f 1663 2147 2151
f 2151 2171 1663
f 2171 1667 1663
f 2171 2151 2155
f 2174 2171 2155
f 2155 2156 2174
f 2171 2174 2172
f 2173 1674 1673
f 1673 1667 2171
f 1673 2171 2173
f 2173 2171 2172
f 2173 2172 2178
f 2174 2156 2167
f 2174 2167 2175
f 2175 2167 2168
f 2175 2168 2177
f 2172 2174 2175
f 2172 2175 2176
f 2177 2176 2175
f 2177 2168 2170
f 2178 2172 2176
f 2162 2070 2112
f 2162 2112 2179
f 2179 2112 2113
f 2179 2113 2180
f 2164 2162 2179
f 2164 2179 2181
f 2182 2181 2179
f 2179 2180 2182
f 2180 2113 2116
f 2180 2116 2183
f 2184 2183 2116
f 2184 2116 2117
f 2183 2182 2180
f 2181 2185 2164
f 2186 2184 2117
f 2117 2130 2186
f 2186 2130 2131
f 2186 2131 2187
f 2188 2187 2131
f 2131 2134 2188
f 2189 2188 2134
f 2134 2135 2189
f 2188 2189 2190
f 2191 1864 1861
f 1861 552 2191
f 2191 552 554
f 2191 554 2195
f 2192 1865 1864
f 1864 2191 2192
f 2193 2192 2191
f 2193 2191 2195
f 2193 2195 2194
f 554 2196 2195
f 2197 1865 2192
f 2198 2197 2192
f 2192 2193 2198
f 2207 2198 2193
f 2193 2194 2207
f 1870 2197 2198
f 1870 2198 2199
f 2198 2207 2199
f 1890 1870 2199
f 1890 2199 2200
f 1892 1890 2200
f 1892 2200 2201
f 2202 1898 1892
f 1892 2201 2202
f 2203 1899 1898
f 1898 2202 2203
f 2195 2196 2204
f 561 2204 2196
f 2204 561 2205
f 2194 2195 2204
f 2194 2204 2206
f 2206 2204 2205
f 2206 2205 2216
f 2208 2199 2207
f 2207 2194 2206
f 2207 2206 2209
f 2210 2209 2206
f 2206 2216 2210
f 2209 2210 2211
f 2208 2207 2209
f 2208 2209 2212
f 2209 2211 2212
f 2213 2212 2211
f 2205 561 566
f 2205 566 2214
f 567 2214 566
f 2215 2214 567
f 2205 2214 2216
f 2217 2216 2214
f 2217 2214 2215
f 2217 2215 2218
f 2215 567 571
f 2215 571 2219
f 2219 571 572
f 2219 572 2220
f 2218 2215 2219
f 2218 2219 2221
f 2221 2219 2220
f 2221 2220 2222
f 2223 2211 2210
f 2210 2216 2217
f 2210 2217 2223
f 2223 2217 2218
f 2223 2218 2224
f 2213 2211 2223
f 2213 2223 2225
f 2225 2223 2224
f 2225 2224 2226
f 2224 2218 2221
f 2224 2221 2227
f 2227 2221 2222
f 2227 2222 2228
f 2226 2224 2227
f 2226 2227 2229
f 2229 2227 2228
f 2229 2228 2230
f 2231 2200 2199
f 2199 2208 2231
f 2232 2201 2200
f 2200 2231 2232
f 2231 2208 2212
f 2231 2212 2233
f 2234 2233 2212
f 2212 2213 2234
f 2235 2232 2231
f 2231 2233 2235
f 2235 2233 2234
f 2235 2234 2236
f 2237 2202 2201
f 2201 2232 2237
f 2203 2202 2237
f 2203 2237 2238
f 2237 2232 2235
f 2237 2235 2239
f 2240 2239 2235
f 2235 2236 2240
f 2241 2238 2237
f 2237 2239 2241
f 2238 2241 2242
f 2240 2242 2241
f 2241 2239 2240
f 2242 2240 2243
f 2234 2213 2225
f 2234 2225 2244
f 2244 2225 2226
f 2244 2226 2245
f 2236 2234 2244
f 2236 2244 2246
f 2246 2244 2245
f 2246 2245 2247
f 2245 2226 2229
f 2245 2229 2248
f 2248 2229 2230
f 2248 2230 2249
f 2250 2247 2245
f 2245 2248 2250
f 2251 2250 2248
f 2248 2249 2251
f 2252 2240 2236
f 2236 2246 2252
f 2253 2252 2246
f 2246 2247 2253
f 2254 2243 2240
f 2240 2252 2254
f 2255 2254 2252
f 2252 2253 2255
f 2256 2253 2247
f 2247 2250 2256
f 2257 2256 2250
f 2250 2251 2257
f 2258 2255 2253
f 2253 2256 2258
f 2259 2258 2256
f 2256 2257 2259
f 2220 572 592
f 2220 592 2260
f 2261 2260 592
f 592 593 2261
f 2222 2220 2260
f 2222 2260 2262
f 2263 2262 2260
f 2260 2261 2263
f 2264 2261 593
f 593 598 2264
f 2265 2264 598
f 598 599 2265
f 2266 2263 2261
f 2261 2264 2266
f 2267 2266 2264
f 2264 2265 2267
f 2228 2222 2262
f 2228 2262 2268
f 2269 2268 2262
f 2262 2263 2269
f 2230 2228 2268
f 2230 2268 2270
f 2271 2270 2268
f 2268 2269 2271
f 2272 2269 2263
f 2263 2266 2272
f 2273 2272 2266
f 2266 2267 2273
f 2274 2271 2269
f 2269 2272 2274
f 2275 2274 2272
f 2272 2273 2275
f 2276 2267 2265
f 2265 599 601
f 2265 601 2276
f 2277 2276 601
f 601 602 2277
f 2278 2275 2273
f 2273 2267 2276
f 2273 2276 2278
f 2279 2278 2276
f 2276 2277 2279
f 2280 2249 2230
f 2230 2270 2280
f 2280 2270 2271
f 2280 2271 2281
f 2282 2251 2249
f 2249 2280 2282
f 2282 2280 2281
f 2282 2281 2283
f 2281 2271 2274
f 2281 2274 2284
f 2284 2274 2275
f 2284 2275 2285
f 2283 2281 2284
f 2283 2284 2286
f 2286 2284 2285
f 2286 2285 2287
f 2257 2251 2282
f 2257 2282 2288
f 2288 2282 2283
f 2288 2283 2289
f 2259 2257 2288
f 2259 2288 2290
f 2290 2288 2289
f 2290 2289 2291
f 2289 2283 2286
f 2289 2286 2292
f 2292 2286 2287
f 2292 2287 2293
f 2291 2289 2292
f 2291 2292 2294
f 2294 2292 2293
f 2294 2293 2295
f 2298 2287 2285
f 2278 2298 2285
f 2285 2275 2278
f 2298 2278 2296
f 2303 2296 2278
f 2303 2278 2279
f 2303 2279 2297
f 2293 2287 2298
f 2293 2298 2299
f 2299 2298 2296
f 2299 2296 2300
f 2295 2293 2299
f 2295 2299 2301
f 2302 2301 2299
f 2302 2299 2300
f 2304 2300 2296
f 2296 2303 2304
f 2304 2303 2297
f 2304 2297 2305
f 2306 2302 2304
f 2304 2302 2300
f 2306 2304 2305
f 2306 2305 2307
f 1911 1914 2308
f 2309 2308 1914
f 1914 1921 2309
f 1920 1899 2310
f 2310 1899 2203
f 2310 2203 2311
f 2311 2203 2314
f 2312 1919 1920
f 1920 2310 2312
f 2311 2312 2310
f 2312 2311 2313
f 2311 2314 2313
f 2313 2314 2315
f 2316 1919 2317
f 1921 2316 2318
f 1921 2318 2309
f 2317 2318 2316
f 2309 2318 2319
f 2320 2319 2318
f 2318 2317 2320
f 2312 2317 1919
f 2317 2312 2322
f 2317 2322 2321
f 2313 2322 2312
f 2321 2320 2317
f 2323 2319 2320
f 2321 2322 2324
f 2324 2322 2313
f 2324 2313 2315
f 2324 2315 2326
f 2324 2326 2325
f 2324 2323 2320
f 2324 2320 2321
f 2323 2324 2328
f 2323 2328 2327
f 2324 2325 2328
f 2325 2326 2330
f 2325 2330 2329
f 2329 2330 2331
f 2332 2327 2328
f 2328 2333 2332
f 2329 2333 2328
f 2329 2328 2325
f 2334 2332 2333
f 2331 2334 2333
f 2331 2333 2329
f 2335 2337 2334
f 2335 2334 2331
f 2338 2337 2335
f 2338 2335 2336
f 1910 2339 2089
f 2089 1839 1910
f 1911 2340 2339
f 1911 2339 1910
f 2089 2339 2341
f 2341 2339 2340
f 2341 2340 2342
f 2341 2343 2091
f 2341 2091 2089
f 2342 2343 2341
f 2308 2340 1911
f 2344 2342 2340
f 2344 2340 2308
f 2308 2345 2344
f 2346 2345 2308
f 2346 2308 2309
f 2347 2096 2091
f 2091 2343 2347
f 2348 2347 2343
f 2343 2342 2348
f 2096 2347 2349
f 2350 2349 2347
f 2347 2348 2350
f 2348 2351 2350
f 2352 2345 2346
f 2345 2353 2348
f 2344 2345 2348
f 2348 2342 2344
f 2352 2353 2345
f 2354 2351 2348
f 2348 2353 2354
f 2355 2354 2353
f 2355 2353 2352
f 2349 2100 2096
f 2319 2346 2309
f 2356 2352 2346
f 2346 2319 2356
f 2319 2323 2356
f 2357 2352 2356
f 2356 2323 2327
f 2327 2357 2356
f 2357 2355 2352
f 2359 2351 2354
f 2358 2359 2354
f 2354 2355 2358
f 2360 2359 2358
f 2362 2125 2100
f 2100 2349 2362
f 2350 2351 2363
f 2363 2362 2350
f 2362 2349 2350
f 2364 2127 2125
f 2125 2362 2364
f 2365 2364 2362
f 2362 2363 2365
f 2359 2363 2351
f 2359 2366 2365
f 2359 2365 2363
f 2360 2366 2359
f 2405 2135 2133
f 2368 2405 2133
f 2133 2127 2364
f 2133 2364 2368
f 2364 2365 2368
f 2405 2368 2367
f 2369 2368 2365
f 2365 2366 2369
f 2360 2361 2369
f 2369 2366 2360
f 2370 2368 2369
f 2369 2371 2370
f 2372 2371 2369
f 2369 2361 2372
f 2370 2367 2368
f 2373 2357 2327
f 2373 2327 2374
f 2375 2373 2374
f 2374 2376 2375
f 2373 2358 2355
f 2373 2355 2357
f 2377 2360 2358
f 2358 2373 2377
f 2373 2375 2377
f 2327 2332 2374
f 2332 2334 2376
f 2376 2374 2332
f 2378 2375 2376
f 2361 2360 2377
f 2361 2377 2379
f 2375 2378 2379
f 2379 2377 2375
f 2380 2361 2379
f 2379 2381 2380
f 2378 2419 2381
f 2381 2379 2378
f 2334 2337 2378
f 2378 2376 2334
f 2338 2419 2378
f 2338 2378 2337
f 2361 2380 2372
f 2314 2203 2238
f 2382 2314 2238
f 2238 2242 2382
f 2382 2242 2383
f 2243 2383 2242
f 2382 2315 2314
f 2315 2382 2326
f 2382 2383 2326
f 2254 2384 2383
f 2254 2383 2243
f 2385 2384 2254
f 2254 2255 2385
f 2386 2326 2383
f 2383 2384 2386
f 2386 2384 2385
f 2386 2385 2387
f 2388 2385 2255
f 2255 2258 2388
f 2389 2388 2258
f 2258 2259 2389
f 2387 2385 2388
f 2387 2388 2390
f 2390 2388 2389
f 2390 2389 2391
f 2386 2330 2326
f 2387 2331 2330
f 2387 2330 2386
f 2390 2335 2331
f 2390 2331 2387
f 2391 2336 2335
f 2391 2335 2390
f 2393 2338 2336
f 2336 2392 2393
f 2394 2393 2392
f 2392 2395 2394
f 2396 2394 2395
f 2395 2466 2396
f 2397 2396 2466
f 2466 2467 2397
f 2400 2397 2467
f 2467 2398 2400
f 2401 2400 2398
f 2398 2399 2401
f 2402 3612 2403
f 2401 2399 2402
f 2401 2402 2404
f 2404 2402 2403
f 2404 2403 2452
f 2406 2189 2135
f 2135 2405 2406
f 2407 2406 2405
f 2405 2367 2407
f 2190 2189 2406
f 2408 2190 2406
f 2409 2408 2406
f 2406 2407 2409
f 2370 2371 2410
f 2410 2371 2372
f 2410 2372 2411
f 2412 2410 2411
f 2370 2410 2407
f 2407 2367 2370
f 2413 2409 2407
f 2407 2410 2413
f 2410 2412 2413
f 2414 2408 2409
f 2416 2414 2409
f 2409 2413 2416
f 2412 2415 2416
f 2416 2413 2412
f 2417 2414 2416
f 2416 2418 2417
f 2432 2418 2416
f 2416 2415 2432
f 2420 2380 2381
f 2419 2422 2420
f 2419 2420 2381
f 2420 2422 2423
f 2420 2423 2421
f 2419 2338 2393
f 2419 2393 2422
f 2423 2422 2393
f 2393 2394 2423
f 2424 2421 2423
f 2423 2425 2424
f 2426 2424 2425
f 2427 2423 2394
f 2394 2428 2427
f 2396 2428 2394
f 2427 2428 2430
f 2427 2430 2429
f 2397 2430 2428
f 2397 2428 2396
f 2427 2425 2423
f 2429 2426 2425
f 2429 2425 2427
f 2380 2420 2411
f 2411 2372 2380
f 2420 2421 2412
f 2420 2412 2411
f 2415 2412 2421
f 2415 2421 2431
f 2421 2424 2431
f 2432 2415 2431
f 2431 2433 2432
f 2424 2426 2433
f 2433 2431 2424
f 2434 2417 2418
f 2435 2434 2418
f 2418 2432 2435
f 2437 2436 2434
f 2434 2435 2437
f 2438 2436 2437
f 2438 2437 2439
f 2440 2438 2439
f 2440 2439 2441
f 2429 2430 2444
f 2400 2444 2430
f 2400 2430 2397
f 2401 2445 2444
f 2401 2444 2400
f 2444 2442 2426
f 2444 2426 2429
f 2445 2443 2442
f 2445 2442 2444
f 2446 2448 2447
f 2445 2450 2449
f 2401 2404 2450
f 2450 2445 2401
f 2451 2449 2450
f 2450 2452 2451
f 2452 2450 2404
f 2449 2446 2443
f 2449 2443 2445
f 2449 2451 2448
f 2448 2446 2449
f 2453 2432 2433
f 2426 2442 2453
f 2453 2433 2426
f 2442 2443 2454
f 2454 2453 2442
f 2432 2453 2435
f 2453 2454 2437
f 2437 2435 2453
f 2446 2455 2454
f 2446 2454 2443
f 2455 2457 2456
f 2447 2457 2455
f 2447 2455 2446
f 2455 2439 2437
f 2455 2437 2454
f 2456 2441 2439
f 2456 2439 2455
f 2389 2259 2290
f 2389 2290 2458
f 2458 2290 2291
f 2458 2291 2459
f 2460 2391 2389
f 2389 2458 2460
f 2461 2460 2458
f 2458 2459 2461
f 2459 2291 2294
f 2459 2294 2462
f 2463 2462 2294
f 2463 2294 2295
f 2464 2461 2459
f 2459 2462 2464
f 2464 2462 2463
f 2465 2464 2463
f 2460 2392 2336
f 2460 2336 2391
f 2461 2395 2392
f 2461 2392 2460
f 2395 2461 2464
f 2395 2464 2466
f 2466 2464 2465
f 2466 2465 2467
f 2295 2301 2468
f 2468 2463 2295
f 2468 2302 2469
f 2302 2468 2301
f 2465 2463 2468
f 2465 2468 2470
f 2470 2468 2469
f 2470 2469 2471
f 2469 2302 2306
f 2469 2306 2472
f 2472 2306 2307
f 2472 2307 2473
f 2471 2469 2472
f 2471 2472 2474
f 2474 2472 2473
f 2474 2473 3612
f 2467 2465 2470
f 2467 2470 2398
f 2470 2471 2398
f 2471 2399 2398
f 2471 2474 2402
f 2402 2399 2471
f 3612 2402 2474
f 2170 2185 2475
f 2177 2476 2176
f 2170 2477 2177
f 2477 2170 2475
f 2477 2475 2478
f 2177 2477 2479
f 2177 2479 2476
f 2479 2477 2478
f 2479 2478 2480
f 2176 2476 2481
f 2176 2481 2178
f 2481 2476 2479
f 2482 2481 2479
f 2479 2480 2482
f 2182 2183 2483
f 2183 2184 2484
f 2484 2483 2183
f 2181 2485 2185
f 2181 2182 2486
f 2181 2486 2485
f 2475 2185 2485
f 2485 2487 2475
f 2487 2485 2486
f 2487 2486 2488
f 2486 2182 2483
f 2486 2483 2489
f 2489 2483 2484
f 2489 2484 2490
f 2488 2486 2489
f 2488 2489 2491
f 2491 2489 2490
f 2491 2490 2492
f 2484 2184 2186
f 2484 2186 2493
f 2494 2493 2186
f 2186 2187 2494
f 2188 2190 2497
f 2188 2497 2494
f 2494 2187 2188
f 2496 2492 2490
f 2490 2484 2493
f 2496 2490 2493
f 2493 2494 2496
f 2492 2496 2495
f 2498 2496 2494
f 2494 2497 2498
f 2499 2498 2497
f 2497 2190 2499
f 2500 2495 2496
f 2496 2498 2500
f 2501 2500 2498
f 2498 2499 2501
f 2478 2475 2487
f 2478 2487 2502
f 2502 2487 2488
f 2502 2488 2503
f 2480 2478 2502
f 2480 2502 2504
f 2504 2502 2503
f 2504 2503 2505
f 2506 2505 2503
f 2503 2488 2491
f 2506 2503 2491
f 2491 2492 2506
f 2482 2480 2504
f 2507 2482 2504
f 2504 2505 2507
f 2507 2505 2506
f 2507 2506 2508
f 2510 2506 2492
f 2492 2495 2510
f 2506 2510 2509
f 2511 2510 2495
f 2495 2500 2511
f 2512 2511 2500
f 2500 2501 2512
f 2513 2509 2510
f 2510 2511 2513
f 2514 2513 2511
f 2511 2512 2514
f 2520 2508 2506
f 2506 2509 2520
f 2508 2520 2515
f 2513 2514 2517
f 2513 2517 2516
f 2516 2517 2519
f 2518 2516 2519
f 2513 2516 2520
f 2513 2520 2509
f 2515 2520 2518
f 2520 2516 2518
f 2408 2521 2499
f 2499 2190 2408
f 2414 2521 2408
f 2522 2501 2499
f 2499 2521 2522
f 2414 2417 2522
f 2414 2522 2521
f 2523 2512 2501
f 2501 2522 2523
f 2524 2523 2522
f 2522 2417 2524
f 2525 2514 2512
f 2512 2523 2525
f 2526 2525 2523
f 2523 2524 2526
f 2417 2434 2524
f 2434 2436 2526
f 2526 2524 2434
f 2527 2517 2514
f 2514 2525 2527
f 2527 2525 2526
f 2527 2526 2528
f 2519 2517 2527
f 2519 2527 2529
f 2529 2527 2528
f 2529 2528 2530
f 2438 2528 2526
f 2438 2526 2436
f 2440 2530 2528
f 2440 2528 2438
f 2532 2531 2601
f 2533 2532 2601
f 2533 2601 2534
f 2534 2535 2533
f 2537 2539 2538
f 2541 2542 2546
f 2543 2545 2544
f 2546 2548 2547
f 2540 2547 2548
f 2548 2544 2540
f 2542 2543 2548
f 2542 2548 2546
f 2544 2548 2543
f 2550 2551 2554
f 2552 2553 2874
f 2554 2556 2555
f 2549 2555 2556
f 2556 2874 2549
f 2556 2551 2552
f 2551 2556 2554
f 2874 2556 2552
f 2558 2610 2540
f 2610 2558 2563
f 2563 2557 2610
f 2559 2561 2560
f 2559 2558 2562
f 2561 2559 2562
f 2561 2562 2549
f 2536 2557 2563
f 2563 2559 2537
f 2563 2537 2536
f 2560 2539 2537
f 2560 2537 2559
f 2559 2563 2558
f 2544 2554 2558
f 2558 2540 2544
f 2554 2544 2550
f 2544 2545 2550
f 2555 2562 2558
f 2554 2555 2558
f 2549 2562 2555
f 2566 2569 2567
f 2569 2571 2570
f 2570 2571 2564
f 2570 2564 2565
f 2568 2570 2565
f 2572 2568 2573
f 2567 2569 2570
f 2572 2567 2570
f 2568 2572 2570
f 2576 2557 2577
f 2578 2577 2579
f 2565 2576 2578
f 2576 2577 2578
f 2580 2582 2581
f 2577 2557 2536
f 2580 2577 2536
f 2580 2536 2537
f 2537 2538 2582
f 2582 2580 2537
f 2579 2577 2580
f 2574 2579 2580
f 2580 2581 2574
f 2581 2575 2574
f 2585 2583 2586
f 2583 2574 2587
f 2588 2587 2574
f 2574 2575 2588
f 2586 2583 2587
f 2586 2587 2589
f 2589 2587 2588
f 2589 2588 2590
f 2568 2578 2591
f 2591 2578 2579
f 2583 2591 2579
f 2578 2568 2565
f 2573 2568 2591
f 2584 2573 2591
f 2591 2585 2584
f 2583 2585 2591
f 2574 2583 2579
f 2603 2594 2597
f 2594 2596 2595
f 2592 2595 2596
f 2596 2540 2593
f 2596 2593 2592
f 2597 2599 2598
f 2598 2599 2592
f 2564 2598 2592
f 2564 2592 2593
f 2593 2565 2564
f 2594 2595 2597
f 2595 2599 2597
f 2592 2599 2595
f 2600 2546 2594
f 2600 2531 2541
f 2541 2546 2600
f 2601 2600 2603
f 2603 2600 2594
f 2601 2531 2600
f 2546 2547 2596
f 2546 2596 2594
f 2540 2596 2547
f 2606 2597 2569
f 2602 2603 2606
f 2597 2606 2603
f 2604 2606 2605
f 2566 2605 2606
f 2606 2569 2566
f 2606 2607 2602
f 2607 2606 2604
f 2569 2597 2598
f 2598 2571 2569
f 2564 2571 2598
f 2602 2534 2601
f 2601 2603 2602
f 2607 2608 2534
f 2534 2602 2607
f 2608 2609 2535
f 2535 2534 2608
f 2593 2610 2576
f 2610 2557 2576
f 2610 2593 2540
f 2576 2565 2593
f 2612 2614 2611
f 2613 2615 2614
f 2616 2615 2613
f 2617 2613 2614
f 2612 2617 2614
f 2624 2616 2613
f 2624 2613 2617
f 2618 2611 2531
f 2618 2619 2612
f 2612 2611 2618
f 2532 2620 2618
f 2618 2531 2532
f 2620 2621 2619
f 2619 2618 2620
f 2622 2617 2612
f 2622 2612 2619
f 2617 2623 2624
f 2623 2617 2622
f 2621 2625 2622
f 2622 2619 2621
f 2622 2625 2623
f 2627 2620 2532
f 2627 2532 2533
f 2626 2678 2621
f 2626 2621 2620
f 2626 2620 2627
f 2533 2535 2627
f 2621 2678 2625
f 2628 2632 2631
f 2629 2631 2632
f 2629 2632 2645
f 2645 2630 2629
f 2637 2634 2633
f 2628 2635 2633
f 2636 2637 2635
f 2637 2633 2635
f 2639 2640 2645
f 2638 2633 2634
f 2634 616 2639
f 2634 2639 2638
f 617 2640 2639
f 616 617 2639
f 2638 2639 2632
f 2632 2628 2633
f 2632 2633 2638
f 2645 2632 2639
f 2641 2643 2642
f 2614 2644 2641
f 2644 2628 2643
f 2644 2643 2641
f 2611 2641 2541
f 2641 2642 2542
f 2641 2542 2541
f 2641 2611 2614
f 2642 2643 2631
f 2543 2642 2631
f 2629 2630 2545
f 2545 2543 2631
f 2545 2631 2629
f 2631 2643 2628
f 2543 2542 2642
f 2644 2614 2615
f 2615 2635 2644
f 2628 2644 2635
f 2636 2635 2615
f 2615 2616 2636
f 2630 2645 2646
f 2550 2630 2646
f 2646 622 2551
f 2646 2551 2550
f 623 2553 2552
f 622 623 2552
f 2552 2551 622
f 2646 2645 2640
f 2640 628 2646
f 622 2646 628
f 628 2640 617
f 2550 2545 2630
f 2649 634 2634
f 2649 2634 2637
f 2647 633 634
f 2649 2647 634
f 2648 2649 2637
f 2648 2637 2636
f 2650 2649 2648
f 2647 2649 2650
f 634 616 2634
f 2651 638 633
f 2651 633 2647
f 2652 2651 2647
f 2652 2647 2650
f 2653 642 638
f 2653 638 2651
f 2653 2654 642
f 2652 2655 2651
f 2653 2651 2655
f 2655 2656 2657
f 2657 2654 2653
f 2657 2653 2655
f 2616 2658 2648
f 2648 2636 2616
f 2659 2650 2648
f 2659 2648 2658
f 2659 2662 2650
f 2624 2660 2658
f 2658 2616 2624
f 2658 2660 2659
f 2659 2661 2662
f 2661 2659 2660
f 2694 2662 2661
f 2652 2650 2662
f 2662 2663 2664
f 2664 2655 2652
f 2664 2652 2662
f 2665 2664 2663
f 2665 2666 2656
f 2656 2655 2664
f 2656 2664 2665
f 2662 2694 2663
f 2667 2665 2694
f 2665 2663 2694
f 2665 2667 2666
f 2668 2657 2656
f 2666 2669 2670
f 2666 2670 2668
f 2668 2656 2666
f 2667 2671 2669
f 2669 2666 2667
f 2671 2672 2673
f 2671 2673 2669
f 2541 2531 2611
f 2674 2624 2623
f 2623 2675 2676
f 2676 2674 2623
f 2675 2623 2625
f 2677 2676 2675
f 2609 2679 2627
f 2627 2535 2609
f 2626 2679 2680
f 2680 2678 2626
f 2679 2626 2627
f 2681 2680 2679
f 2682 2625 2678
f 2625 2682 2675
f 2683 2684 2685
f 2685 2677 2683
f 2683 2677 2675
f 2675 2682 2683
f 2678 2680 2682
f 2680 2686 2683
f 2683 2682 2680
f 2686 2680 2681
f 2683 2686 2684
f 2687 2685 2684
f 2688 2686 2681
f 2687 2684 2686
f 2687 2686 2688
f 2689 2687 2688
f 2624 2690 2660
f 2690 2624 2674
f 2690 2691 2660
f 2661 2660 2691
f 2674 2676 2690
f 2676 2692 2691
f 2691 2690 2676
f 2692 2676 2677
f 2661 2693 2694
f 2693 2661 2691
f 2695 2694 2693
f 2696 2691 2692
f 2691 2696 2693
f 2697 2698 2695
f 2697 2695 2693
f 2696 2697 2693
f 2695 2698 2667
f 2667 2694 2695
f 2677 2685 2692
f 2696 2692 2687
f 2692 2685 2687
f 2704 2696 2687
f 2696 2704 2697
f 2687 2689 2704
f 2699 2698 2697
f 2667 2698 2700
f 2667 2700 2671
f 2701 2672 2671
f 2701 2671 2700
f 2699 2706 2700
f 2700 2698 2699
f 2706 2712 2700
f 2700 2712 2701
f 2715 2702 2703
f 2703 2672 2701
f 2715 2703 2701
f 2701 2712 2715
f 2705 2706 2699
f 2705 2699 2697
f 2704 2705 2697
f 2707 2706 2705
f 2708 2709 2704
f 2689 2708 2704
f 2710 2709 2708
f 2704 2709 2705
f 2710 2828 2707
f 2707 2705 2710
f 2705 2709 2710
f 2711 2707 2828
f 2712 2706 2707
f 2713 2712 2707
f 2712 2713 2715
f 2714 2717 2702
f 2714 2702 2715
f 2715 2713 2714
f 2707 2711 2713
f 2716 2717 2714
f 2716 2714 2713
f 2711 2716 2713
f 2721 2573 2718
f 2718 2720 2721
f 2720 2718 2719
f 2722 2723 2566
f 2566 2567 2722
f 2724 2727 2723
f 2723 2722 2724
f 2721 2722 2572
f 2572 2573 2721
f 2572 2722 2567
f 2721 2724 2722
f 2724 2721 2720
f 2726 2725 2720
f 2720 2719 2726
f 2726 2731 2725
f 2724 2729 2727
f 2728 2729 2724
f 2728 2724 2720
f 2728 2720 2725
f 2725 2730 2728
f 2731 2774 2730
f 2731 2730 2725
f 2730 2732 2729
f 2730 2729 2728
f 2732 2730 2774
f 2733 2735 2734
f 2718 2573 2584
f 2585 2733 2718
f 2718 2584 2585
f 2585 2586 2735
f 2735 2733 2585
f 2719 2733 2736
f 2736 2733 2734
f 2736 2734 2737
f 2733 2719 2718
f 2738 2734 2735
f 2735 2589 2738
f 2739 2738 2589
f 2589 2590 2739
f 2589 2735 2586
f 2737 2734 2738
f 2737 2738 2740
f 2741 2740 2738
f 2738 2739 2741
f 2726 2719 2736
f 2726 2736 2742
f 2742 2736 2737
f 2742 2737 2743
f 2742 2744 2726
f 2744 2742 2743
f 2744 2743 2745
f 2744 2731 2726
f 2743 2737 2740
f 2743 2740 2746
f 2746 2740 2741
f 2746 2741 2747
f 2745 2743 2746
f 2745 2746 2748
f 2746 2747 2749
f 2746 2749 2748
f 2750 2604 2605
f 2750 2605 2723
f 2566 2723 2605
f 2750 2751 2607
f 2607 2604 2750
f 2752 2750 2723
f 2752 2723 2727
f 2753 2751 2750
f 2753 2750 2752
f 2751 2754 2608
f 2608 2607 2751
f 2755 2609 2754
f 2609 2608 2754
f 2753 2756 2754
f 2754 2751 2753
f 2754 2756 2755
f 2765 2755 2756
f 2727 2757 2752
f 2757 2727 2729
f 2752 2757 2758
f 2752 2758 2753
f 2757 2759 2758
f 2729 2760 2757
f 2759 2757 2760
f 2760 2761 2759
f 2760 2729 2732
f 2760 2732 2762
f 2763 2761 2760
f 2760 2762 2763
f 2762 2768 2763
f 2753 2758 2756
f 2759 2764 2756
f 2756 2758 2759
f 2756 2764 2765
f 2759 2761 2764
f 2764 2766 2765
f 2767 2764 2761
f 2761 2763 2767
f 2763 2768 2769
f 2769 2767 2763
f 2766 2764 2767
f 2770 2766 2767
f 2767 2769 2770
f 2771 2769 2768
f 2772 2770 2769
f 2772 2769 2771
f 2773 2772 2771
f 2774 2775 2732
f 2744 2776 2731
f 2744 2745 2777
f 2744 2777 2776
f 2778 2777 2745
f 2745 2748 2778
f 2749 2779 2778
f 2748 2749 2778
f 2776 2780 2774
f 2776 2774 2731
f 2780 2776 2777
f 2780 2777 2781
f 2782 2775 2774
f 2774 2780 2782
f 2783 2782 2780
f 2780 2781 2783
f 2781 2777 2778
f 2781 2778 2784
f 2785 2784 2778
f 2778 2779 2785
f 2786 2783 2781
f 2781 2784 2786
f 2786 2784 2785
f 2786 2785 2787
f 2762 2732 2775
f 2775 2788 2762
f 2768 2762 2788
f 2789 2788 2775
f 2775 2782 2789
f 2790 2789 2782
f 2782 2783 2790
f 2791 2768 2788
f 2788 2789 2791
f 2792 2791 2789
f 2789 2790 2792
f 2793 2790 2783
f 2783 2786 2793
f 2794 2793 2786
f 2786 2787 2794
f 2795 2792 2790
f 2790 2793 2795
f 2796 2795 2793
f 2793 2794 2796
f 2771 2768 2791
f 2797 2771 2791
f 2791 2792 2797
f 2771 2797 2773
f 2798 2797 2792
f 2792 2795 2798
f 2799 2798 2795
f 2795 2796 2799
f 2773 2797 2798
f 2798 2800 2773
f 2801 2800 2798
f 2798 2799 2801
f 2609 2755 2679
f 2802 2679 2755
f 2681 2679 2802
f 2765 2802 2755
f 2803 2681 2802
f 2804 2802 2765
f 2803 2802 2804
f 2804 2806 2803
f 2688 2681 2803
f 2807 2688 2803
f 2688 2807 2689
f 2803 2806 2807
f 2804 2765 2766
f 2805 2804 2766
f 2804 2805 2806
f 2766 2770 2805
f 2807 2808 2809
f 2807 2809 2689
f 2810 2809 2808
f 2807 2806 2811
f 2811 2812 2807
f 2813 2812 2811
f 2807 2812 2808
f 2810 2808 2812
f 2810 2812 2813
f 2814 2810 2813
f 2815 2817 2816
f 2815 2816 2806
f 2806 2805 2815
f 2819 2816 2817
f 2815 2805 2770
f 2770 2772 2815
f 2772 2817 2815
f 2818 2817 2772
f 2772 2773 2818
f 2817 2818 2819
f 2800 2820 2818
f 2773 2800 2818
f 2821 2820 2800
f 2818 2820 2822
f 2818 2822 2819
f 2823 2822 2820
f 2823 2820 2821
f 2806 2816 2811
f 2813 2811 2816
f 2816 2819 2813
f 2819 2824 2825
f 2825 2813 2819
f 2826 2825 2824
f 2813 2825 2814
f 2825 2827 2814
f 2827 2825 2826
f 2819 2822 2824
f 2824 2822 2823
f 2826 2824 2823
f 2689 2809 2708
f 2828 2710 2810
f 2710 2708 2810
f 2708 2809 2810
f 2829 2828 2810
f 2828 2829 2711
f 2829 2830 2711
f 2810 2814 2829
f 2814 2831 2832
f 2814 2832 2829
f 2829 2832 2830
f 2711 2830 2716
f 2814 2827 2831
f 2821 2800 2801
f 2834 2538 2539
f 2539 2878 2834
f 2834 2878 2833
f 2835 2834 2833
f 2836 2838 2837
f 2835 2833 2836
f 2835 2836 2839
f 2836 2837 2839
f 2837 2840 2839
f 2841 2843 2842
f 2844 2846 2845
f 2853 2847 2843
f 2848 2850 2849
f 673 2849 2850
f 2850 672 673
f 2853 2849 673
f 673 2847 2853
f 2851 2853 2852
f 2841 2852 2853
f 2853 2843 2841
f 2845 2846 2848
f 2851 2845 2848
f 2848 2849 2851
f 2849 2853 2851
f 2855 2841 2842
f 2855 2842 2854
f 2857 2856 2854
f 2858 2901 2855
f 2856 2858 2855
f 2855 2854 2856
f 2861 2837 2838
f 2838 2844 2861
f 2861 2844 2845
f 2859 2861 2845
f 2845 2860 2859
f 2840 2863 2862
f 2862 2863 2859
f 2901 2862 2859
f 2859 2860 2901
f 2837 2861 2863
f 2863 2840 2837
f 2859 2863 2861
f 2860 2851 2852
f 2860 2852 2855
f 2841 2855 2852
f 2851 2860 2845
f 2860 2855 2901
f 2549 2866 2865
f 2865 2866 2867
f 2864 2865 2867
f 2868 2870 2869
f 2871 2873 2872
f 2867 2868 2871
f 2867 2871 2864
f 2869 2873 2871
f 2869 2871 2868
f 2874 2876 2875
f 2875 2876 674
f 2875 674 2867
f 2553 2877 2876
f 2553 2876 2874
f 674 2876 2877
f 2874 2875 2866
f 2866 2549 2874
f 2867 2866 2875
f 674 679 2867
f 679 680 2868
f 679 2868 2867
f 681 2870 2868
f 681 2868 680
f 2560 2561 2865
f 2560 2865 2878
f 2833 2878 2865
f 2833 2865 2864
f 2865 2561 2549
f 2878 2539 2560
f 2871 2836 2833
f 2871 2833 2864
f 2872 2838 2836
f 2872 2836 2871
f 2879 2881 2880
f 2879 2869 2870
f 2870 687 2879
f 687 688 2879
f 688 2881 2879
f 2844 2872 2873
f 2873 2879 2844
f 2879 2880 2844
f 2880 2846 2844
f 2879 2873 2869
f 2848 2880 2881
f 2850 2881 692
f 2881 2850 2848
f 672 2850 692
f 692 2881 688
f 2848 2846 2880
f 687 2870 681
f 2844 2838 2872
f 2884 2886 2885
f 2887 2581 2582
f 2582 2834 2887
f 2888 2887 2834
f 2834 2835 2888
f 2834 2582 2538
f 2581 2887 2882
f 2882 2575 2581
f 2887 2888 2883
f 2883 2882 2887
f 2889 2888 2835
f 2835 2839 2889
f 2890 2889 2839
f 2839 2840 2890
f 2889 2884 2883
f 2889 2883 2888
f 2889 2890 2886
f 2886 2884 2889
f 2588 2575 2882
f 2588 2882 2891
f 2892 2891 2882
f 2882 2883 2892
f 2590 2588 2891
f 2590 2891 2893
f 2894 2893 2891
f 2891 2892 2894
f 2895 2892 2883
f 2883 2884 2895
f 2895 2884 2885
f 2895 2885 2896
f 2897 2894 2892
f 2892 2895 2897
f 2897 2895 2896
f 2897 2896 2898
f 2899 2901 2900
f 2902 2885 2886
f 2886 2899 2902
f 2902 2899 2900
f 2902 2900 2906
f 2903 2856 2857
f 2903 2857 1512
f 2858 2900 2901
f 2900 2858 2903
f 2856 2903 2858
f 2904 2906 2903
f 1512 2904 2903
f 2904 1512 1510
f 2900 2903 2906
f 2890 2840 2862
f 2890 2862 2899
f 2862 2901 2899
f 2899 2886 2890
f 2908 2906 2905
f 2896 2885 2902
f 2896 2902 2908
f 2902 2906 2908
f 2909 2907 2908
f 2908 2905 2909
f 2907 2898 2896
f 2896 2908 2907
f 2904 2905 2906
f 2905 2904 1513
f 1510 1513 2904
f 1515 2909 2905
f 2905 1513 1515
f 1530 2912 706
f 2843 707 2912
f 2912 707 706
f 2910 2912 2911
f 1530 2911 2912
f 2911 1530 1529
f 2910 2842 2843
f 2843 2912 2910
f 1530 706 5
f 2843 2847 707
f 1538 2854 2910
f 2910 2911 1538
f 2911 1529 1538
f 2910 2854 2842
f 1538 2857 2854
f 2857 1538 1537
f 2857 1537 1512
f 2877 2553 623
f 2913 2703 2702
f 2717 2914 2913
f 2913 2702 2717
f 2917 2913 2914
f 2915 2717 2716
f 2914 2717 2915
f 2916 2917 2914
f 2916 2914 2915
f 2916 2918 2919
f 2919 2917 2916
f 2920 2919 2918
f 2923 2924 2922
f 2926 3287 2925
f 2923 2927 2925
f 2925 2924 2923
f 2927 2928 2926
f 2927 2926 2925
f 2739 2590 2893
f 2739 2893 2929
f 2929 2893 2930
f 2894 2930 2893
f 2931 2741 2739
f 2739 2929 2931
f 2932 2931 2929
f 2929 2930 2932
f 2930 2894 2897
f 2930 2897 2933
f 2933 2897 2898
f 2933 2898 2943
f 2932 2930 2933
f 2932 2933 2934
f 2935 2934 2933
f 2933 2943 2935
f 2747 2741 2931
f 2936 2747 2931
f 2932 2936 2931
f 2936 2932 2937
f 2936 2749 2747
f 2749 2936 2938
f 2938 2936 2937
f 2938 2937 2941
f 2937 2932 2934
f 2937 2934 2939
f 2940 2939 2934
f 2934 2935 2940
f 2941 2937 2939
f 2939 2942 2941
f 2940 2950 2942
f 2940 2942 2939
f 2944 2943 2907
f 2944 2907 2909
f 2944 2909 1597
f 2898 2907 2943
f 2945 2943 2944
f 1600 2945 2944
f 2944 1597 1600
f 2935 2943 2945
f 2909 1515 1597
f 2948 2947 2946
f 2946 2945 1600
f 2946 1600 2948
f 2940 2935 2945
f 2940 2945 2946
f 2940 2946 2947
f 2948 2949 2947
f 2951 2950 2940
f 2940 2947 2951
f 2951 2947 2949
f 1603 2948 1600
f 1605 2949 2948
f 2948 1603 1605
f 2938 2779 2749
f 2952 2785 2779
f 2779 2938 2952
f 2953 2952 2938
f 2938 2941 2953
f 2954 2787 2785
f 2785 2952 2954
f 2955 2954 2952
f 2952 2953 2955
f 2942 2956 2953
f 2941 2942 2953
f 2950 2957 2956
f 2950 2956 2942
f 2956 2958 2955
f 2955 2953 2956
f 2959 2958 2956
f 2956 2957 2959
f 2958 2959 2960
f 2951 2949 2966
f 2949 1605 2961
f 2961 1605 1606
f 2966 2949 2961
f 2961 1606 2962
f 2961 2963 2966
f 2963 2961 2962
f 2963 2962 2964
f 2951 2965 2957
f 2957 2950 2951
f 2966 2965 2951
f 2959 2957 2965
f 2965 2966 2967
f 2959 2965 2968
f 2968 2960 2959
f 2968 2965 2967
f 2968 2967 2969
f 2963 2970 2967
f 2963 2967 2966
f 2970 2963 2964
f 2971 2969 2967
f 2967 2970 2971
f 2964 2972 2970
f 2970 2972 2973
f 2971 2970 2973
f 2794 2787 2954
f 2794 2954 2974
f 2975 2974 2954
f 2954 2955 2975
f 2976 2796 2794
f 2794 2974 2976
f 2975 2977 2976
f 2976 2974 2975
f 2975 2955 2958
f 2975 2958 2978
f 2978 2958 2960
f 2978 2960 2979
f 2977 2975 2978
f 2977 2978 2980
f 2980 2978 2979
f 2980 2979 2981
f 2982 2801 2799
f 2799 2796 2976
f 2982 2799 2976
f 2976 2977 2982
f 2982 2977 2980
f 2988 2982 2980
f 2980 2981 2988
f 2982 2988 2983
f 2979 2960 2968
f 2979 2968 2984
f 2984 2968 2969
f 2984 2969 2985
f 2981 2979 2984
f 2981 2984 2986
f 2986 2984 2985
f 2986 2985 2987
f 2995 2985 2969
f 2995 2969 2971
f 2995 2997 2987
f 2987 2985 2995
f 2989 2988 2981
f 2981 2986 2989
f 2990 2989 2986
f 2986 2987 2990
f 2991 2983 2988
f 2988 2989 2991
f 2992 2991 2989
f 2989 2990 2992
f 2997 2993 2990
f 2990 2987 2997
f 2994 2992 2990
f 2990 2993 2994
f 2993 3025 2994
f 2995 2971 2973
f 2995 2973 2996
f 2998 2997 2995
f 2995 2996 2998
f 2999 2993 2997
f 2997 2998 2999
f 2993 2999 3025
f 3000 2962 1606
f 1650 3000 1606
f 2964 2962 3000
f 1650 3001 3000
f 1651 1652 3002
f 1650 1651 3002
f 3002 3001 1650
f 3000 3001 3003
f 2964 3000 3003
f 3003 3001 3002
f 3003 3002 3004
f 3002 1652 1655
f 3002 1655 3005
f 1656 3006 3005
f 3005 1655 1656
f 3004 3002 3007
f 3002 3005 3007
f 3007 3005 3006
f 3007 3006 3008
f 2972 2964 3003
f 2972 3003 3009
f 3009 3003 3004
f 3009 3004 3010
f 2973 2972 3009
f 2973 3009 3011
f 3011 3009 3010
f 3011 3010 3012
f 3013 3010 3004
f 3013 3004 3007
f 3013 3016 3012
f 3012 3010 3013
f 3007 3014 3013
f 3014 3007 3008
f 3014 3008 3015
f 3016 3013 3014
f 3017 3016 3014
f 3014 3015 3017
f 3018 3006 1656
f 1656 1669 3018
f 1671 3018 1669
f 3018 1671 3019
f 3008 3006 3018
f 3008 3018 3020
f 3020 3018 3019
f 3020 3019 3021
f 3022 3021 3019
f 3019 1671 1672
f 3022 3019 1672
f 1672 1674 3022
f 3023 3017 3015
f 3015 3008 3020
f 3015 3020 3023
f 3020 3021 3023
f 3024 3023 3021
f 3021 3022 3024
f 3026 2996 2973
f 2973 3011 3026
f 3027 3026 3011
f 3011 3012 3027
f 3028 2998 2996
f 2996 3026 3028
f 3029 3028 3026
f 3026 3027 3029
f 3016 3030 3027
f 3027 3012 3016
f 3031 3029 3027
f 3027 3030 3031
f 3030 3032 3031
f 3030 3016 3017
f 3017 3033 3030
f 3030 3033 3032
f 3034 2999 2998
f 2998 3028 3034
f 3035 3034 3028
f 3028 3029 3035
f 2999 3034 3025
f 3034 3036 3025
f 3037 3036 3034
f 3034 3035 3037
f 3038 3035 3029
f 3029 3031 3038
f 3039 3038 3031
f 3031 3032 3039
f 3040 3037 3035
f 3035 3038 3040
f 3041 3040 3038
f 3038 3039 3041
f 3044 3032 3033
f 3023 3044 3033
f 3033 3017 3023
f 3044 3023 3042
f 3053 3042 3023
f 3053 3023 3024
f 3053 3024 3043
f 3045 3039 3044
f 3039 3032 3044
f 3042 3046 3045
f 3042 3045 3044
f 3047 3041 3039
f 3039 3045 3047
f 3047 3045 3046
f 3047 3046 3048
f 3042 3053 3049
f 3049 3046 3042
f 3053 3043 3050
f 3050 3049 3053
f 3048 3046 3049
f 3048 3049 3051
f 3051 3049 3050
f 3051 3050 3052
f 3054 2823 2821
f 3055 2827 2826
f 3056 2826 2823
f 2823 3054 3056
f 3054 3057 3056
f 2826 3056 3055
f 3056 3057 3058
f 3056 3058 3055
f 3099 3060 3058
f 3059 3099 3058
f 3058 3057 3059
f 3061 3060 3099
f 3063 2832 2831
f 3062 2830 2832
f 3062 2832 3063
f 3064 3062 3063
f 3062 2915 2716
f 2716 2830 3062
f 3062 3065 3066
f 3066 2915 3062
f 2915 3066 2916
f 3062 3064 3065
f 3067 3066 3065
f 2918 2916 3066
f 2918 3066 3067
f 3068 2920 2918
f 3068 2918 3067
f 3064 3074 3067
f 3067 3065 3064
f 3074 3069 3070
f 3070 3067 3074
f 3067 3070 3068
f 3063 2831 2827
f 3063 2827 3055
f 3071 3072 3063
f 3055 3071 3063
f 3063 3072 3064
f 3055 3058 3071
f 3073 3072 3071
f 3073 3074 3064
f 3064 3072 3073
f 3075 3076 3074
f 3075 3074 3073
f 3071 3058 3060
f 3073 3071 3060
f 3077 3073 3060
f 3077 3060 3061
f 3073 3077 3075
f 3074 3076 3069
f 3068 3078 2921
f 2921 2920 3068
f 3078 3079 3080
f 3080 2921 3078
f 3081 3070 3069
f 3078 3068 3070
f 3070 3081 3078
f 3082 3079 3078
f 3078 3081 3082
f 3083 3080 3079
f 3094 3083 3079
f 3094 3079 3082
f 3095 3084 3083
f 3095 3083 3094
f 3085 3076 3075
f 3086 3087 3077
f 3086 3077 3061
f 3088 3087 3086
f 3075 3077 3087
f 3075 3087 3085
f 3085 3087 3088
f 3088 3089 3085
f 3092 3089 3088
f 3088 3090 3092
f 3093 3092 3090
f 3090 3091 3093
f 3081 3069 3076
f 3076 3085 3081
f 3085 3089 3082
f 3082 3081 3085
f 3089 3092 3094
f 3094 3082 3089
f 3092 3093 3095
f 3095 3094 3092
f 2982 3054 2821
f 2821 2801 2982
f 3054 2982 3096
f 3098 3096 2982
f 3098 2982 2983
f 3098 2983 3097
f 3054 3096 3057
f 3059 3057 3096
f 3096 3098 3059
f 3098 3099 3059
f 3100 3099 3098
f 3098 3097 3100
f 3061 3099 3100
f 3107 3097 2983
f 3107 2983 2991
f 3102 3107 2991
f 2991 2992 3102
f 3107 3102 3101
f 3103 3102 2992
f 2992 2994 3103
f 3104 3103 2994
f 2994 3025 3104
f 3105 3101 3102
f 3102 3103 3105
f 3106 3105 3103
f 3103 3104 3106
f 3108 3100 3107
f 3100 3097 3107
f 3109 3108 3107
f 3110 3061 3100
f 3100 3108 3110
f 3111 3110 3108
f 3108 3109 3111
f 3107 3101 3109
f 3112 3113 3111
f 3111 3109 3112
f 3115 3114 3113
f 3115 3113 3112
f 3109 3101 3105
f 3112 3109 3105
f 3115 3112 3105
f 3105 3106 3115
f 3061 3110 3086
f 3086 3110 3111
f 3086 3111 3088
f 3088 3111 3113
f 3088 3113 3090
f 3091 3090 3113
f 3113 3114 3091
f 3117 3180 3119
f 3118 3436 3119
f 3118 3119 3180
f 3121 3122 3120
f 3095 3140 3120
f 3120 3084 3095
f 3123 3121 3120
f 3123 3120 3140
f 3124 3125 3122
f 3124 3122 3121
f 3126 3127 3125
f 3126 3125 3124
f 3129 3130 3128
f 3121 3123 3128
f 3121 3128 3124
f 3124 3128 3130
f 3124 3130 3126
f 3093 3091 3131
f 3093 3131 3133
f 3133 3131 3132
f 3133 3132 3134
f 3135 3136 3137
f 3138 3167 3139
f 3134 3132 3138
f 3134 3138 3135
f 3136 3135 3138
f 3138 3139 3136
f 3133 3140 3095
f 3133 3095 3093
f 3133 3134 3123
f 3123 3140 3133
f 3134 3135 3128
f 3134 3128 3123
f 3129 3128 3135
f 3135 3137 3129
f 3143 3144 3141
f 3466 3142 3144
f 3466 3144 3143
f 3126 3145 2922
f 2922 3127 3126
f 3145 3146 2923
f 3145 2923 2922
f 3149 3145 3130
f 3149 3130 3129
f 3141 3146 3145
f 3149 3141 3145
f 3126 3130 3145
f 3147 2927 3146
f 3147 3142 2928
f 2928 2927 3147
f 2923 3146 2927
f 3146 3141 3144
f 3146 3144 3147
f 3147 3144 3142
f 3136 3150 3149
f 3149 3137 3136
f 3148 3141 3149
f 3148 3149 3150
f 3167 3116 3150
f 3150 3139 3167
f 3148 3116 3117
f 3116 3148 3150
f 3150 3136 3139
f 3148 3151 3152
f 3151 3436 3466
f 3466 3152 3151
f 3143 3141 3148
f 3148 3152 3143
f 3143 3152 3466
f 3151 3148 3117
f 3117 3119 3151
f 3436 3151 3119
f 3149 3129 3137
f 3036 3153 3104
f 3025 3036 3104
f 3154 3153 3036
f 3155 3106 3104
f 3104 3153 3155
f 3156 3155 3153
f 3153 3154 3156
f 3159 3156 3154
f 3154 3157 3159
f 3159 3157 3158
f 3159 3158 3160
f 3163 3161 3114
f 3163 3114 3115
f 3163 3164 3162
f 3162 3161 3163
f 3163 3115 3106
f 3106 3155 3163
f 3164 3163 3155
f 3155 3156 3164
f 3164 3168 3166
f 3166 3162 3164
f 3165 3167 3166
f 3165 3166 3168
f 3164 3156 3159
f 3164 3159 3168
f 3165 3168 3159
f 3165 3159 3160
f 3036 3037 3154
f 3154 3037 3040
f 3154 3040 3157
f 3158 3157 3040
f 3040 3041 3158
f 3169 3170 3171
f 3160 3158 3169
f 3160 3169 3172
f 3172 3169 3171
f 3172 3171 3173
f 3170 3051 3176
f 3176 3171 3170
f 3051 3052 3177
f 3177 3176 3051
f 3174 3173 3171
f 3174 3171 3176
f 3175 3174 3176
f 3176 3177 3175
f 3178 3173 3179
f 3167 3165 3178
f 3167 3178 3116
f 3116 3178 3179
f 3116 3179 3117
f 3178 3165 3160
f 3160 3172 3178
f 3173 3178 3172
f 3174 3180 3179
f 3174 3179 3173
f 3175 3118 3180
f 3180 3174 3175
f 3180 3117 3179
f 3169 3158 3041
f 3041 3047 3169
f 3170 3169 3047
f 3047 3048 3170
f 3051 3170 3048
f 3131 3091 3114
f 3114 3161 3131
f 3132 3131 3161
f 3161 3162 3132
f 3138 3132 3162
f 3162 3166 3138
f 3167 3138 3166
f 896 642 2654
f 3181 908 896
f 3181 896 2654
f 3182 908 3181
f 908 3182 909
f 2668 3183 3181
f 3181 2654 2657
f 3181 2657 2668
f 3184 3182 3181
f 3184 3181 3183
f 3185 3186 913
f 913 909 3182
f 913 3182 3185
f 3187 914 913
f 3187 913 3186
f 3184 3188 3185
f 3185 3182 3184
f 3185 3188 3186
f 3188 3189 3187
f 3187 3186 3188
f 2668 2670 3183
f 2669 3190 3184
f 3184 3183 2670
f 3184 2670 2669
f 2669 2673 3190
f 3191 3189 3188
f 3190 3191 3188
f 3188 3184 3190
f 2672 3191 3190
f 3190 2673 2672
f 2672 2703 3191
f 3192 987 914
f 3192 914 3187
f 3192 3193 988
f 988 987 3192
f 3194 3192 3187
f 3194 3187 3189
f 3195 3193 3192
f 3195 3192 3194
f 3196 988 3193
f 3196 3193 3195
f 992 988 3196
f 992 3196 993
f 3197 3195 3194
f 3191 3197 3194
f 3194 3189 3191
f 3198 3196 3195
f 3198 3195 3197
f 3199 3202 999
f 3199 999 993
f 993 3196 3199
f 3202 3200 3217
f 3217 1000 999
f 3217 999 3202
f 3201 3202 3199
f 3198 3201 3199
f 3199 3196 3198
f 3201 3203 3204
f 3204 3202 3201
f 3202 3204 3200
f 2913 3205 3197
f 2913 3197 3191
f 2913 3191 2703
f 3207 3206 3198
f 3198 3197 3207
f 3197 3205 3207
f 2913 2917 3205
f 2917 2919 3207
f 3207 3205 2917
f 3208 3206 3207
f 3208 3207 2919
f 2919 2920 3208
f 3209 3201 3198
f 3209 3198 3206
f 3212 3214 3253
f 3253 3203 3201
f 3212 3253 3201
f 3201 3209 3212
f 2921 3080 3210
f 3210 3209 3206
f 3210 3206 3208
f 2921 3210 3208
f 3208 2920 2921
f 3211 3212 3209
f 3210 3211 3209
f 3211 3213 3214
f 3214 3212 3211
f 3215 3211 3210
f 3215 3210 3080
f 3216 3213 3211
f 3216 3211 3215
f 3219 3218 1000
f 3219 1000 3217
f 3220 1043 3218
f 3220 3218 3219
f 3221 3219 3217
f 3221 3217 3200
f 3222 3220 3219
f 3222 3219 3221
f 3220 3223 1047
f 1047 1043 3220
f 3223 3224 1048
f 1048 1047 3223
f 3225 3223 3220
f 3225 3220 3222
f 3225 3226 3224
f 3224 3223 3225
f 3203 3227 3228
f 3228 3204 3203
f 3229 3228 3227
f 3231 3232 3230
f 3228 3221 3200
f 3228 3200 3204
f 3233 3222 3221
f 3233 3221 3228
f 3228 3229 3233
f 3234 3225 3222
f 3234 3222 3233
f 3234 3235 3226
f 3226 3225 3234
f 3234 3233 3229
f 3229 3230 3234
f 3234 3230 3232
f 3234 3232 3235
f 3237 1058 1064
f 3237 1064 3236
f 3238 3236 3243
f 3238 3239 3237
f 3237 3236 3238
f 3224 3240 1061
f 1061 1048 3224
f 3240 3241 1062
f 1062 1061 3240
f 3226 3242 3240
f 3240 3224 3226
f 3242 3243 3241
f 3241 3240 3242
f 3241 3236 1064
f 1064 1062 3241
f 3243 3236 3241
f 3245 3246 3244
f 3247 3244 3232
f 3247 3232 3231
f 3248 3245 3244
f 3247 3248 3244
f 3249 3238 3243
f 3249 3243 3246
f 3249 3246 3245
f 3249 3250 3239
f 3239 3238 3249
f 3248 3252 3249
f 3249 3245 3248
f 3251 3250 3252
f 3250 3249 3252
f 3235 3244 3242
f 3242 3226 3235
f 3242 3244 3246
f 3246 3243 3242
f 3235 3232 3244
f 3254 3227 3203
f 3254 3203 3253
f 3255 3229 3227
f 3255 3227 3254
f 3256 3254 3253
f 3256 3253 3214
f 3257 3255 3254
f 3257 3254 3256
f 3258 3230 3229
f 3258 3229 3255
f 3258 3259 3231
f 3231 3230 3258
f 3260 3258 3255
f 3260 3255 3257
f 3260 3269 3259
f 3259 3258 3260
f 3213 3261 3262
f 3262 3214 3213
f 3263 3262 3261
f 3214 3262 3256
f 3257 3256 3262
f 3262 3263 3257
f 3264 3261 3213
f 3264 3213 3216
f 3264 3265 3263
f 3263 3261 3264
f 3266 3267 3263
f 3268 3269 3267
f 3268 3267 3266
f 3257 3263 3267
f 3257 3267 3260
f 3260 3267 3269
f 3265 3125 3266
f 3266 3263 3265
f 3125 3127 3268
f 3268 3266 3125
f 3259 3270 3247
f 3247 3231 3259
f 3270 3271 3248
f 3248 3247 3270
f 3269 3272 3270
f 3270 3259 3269
f 3270 3272 3273
f 3273 3271 3270
f 3275 3251 3274
f 3271 3274 3252
f 3252 3248 3271
f 3252 3274 3251
f 3276 3274 3273
f 3276 3287 3275
f 3275 3274 3276
f 3271 3273 3274
f 3277 3272 3269
f 3277 3269 3268
f 3277 2924 3273
f 3273 3272 3277
f 2922 3277 3268
f 2922 3268 3127
f 3277 2922 2924
f 2924 2925 3276
f 3276 3273 2924
f 3276 2925 3287
f 3080 3083 3215
f 3216 3215 3083
f 3083 3084 3216
f 3216 3084 3120
f 3216 3120 3264
f 3264 3120 3122
f 3264 3122 3265
f 3265 3122 3125
f 3702 3278 1344
f 3278 3702 3703
f 3708 3291 3278
f 3278 3703 3708
f 3292 3291 3708
f 3708 3286 3292
f 3278 3280 1347
f 1347 1344 3278
f 3279 1348 1347
f 3279 1347 3280
f 3310 3282 3279
f 3279 3281 3310
f 3278 3291 3315
f 3315 3283 3280
f 3315 3280 3278
f 3281 3279 3280
f 3281 3280 3283
f 3285 3286 3289
f 3288 3289 3287
f 3288 3293 3285
f 3288 3285 3289
f 3290 3291 3295
f 3285 3295 3292
f 3292 3286 3285
f 3292 3295 3291
f 3294 3295 3293
f 3294 3306 3290
f 3290 3295 3294
f 3285 3293 3295
f 3298 3306 3297
f 3300 3297 3296
f 3300 3299 3298
f 3298 3297 3300
f 3302 3293 3301
f 2926 3301 3288
f 2926 3288 3287
f 3288 3301 3293
f 3465 3301 2928
f 3465 3296 3302
f 3302 3301 3465
f 2926 2928 3301
f 3302 3297 3294
f 3302 3294 3293
f 3294 3297 3306
f 3302 3296 3297
f 3304 3305 3303
f 3307 3308 3306
f 3309 3304 3303
f 3307 3309 3303
f 3303 3308 3307
f 3311 3310 3281
f 3311 3281 3305
f 3311 3305 3304
f 3311 3314 3282
f 3282 3310 3311
f 3313 3314 3312
f 3309 3312 3311
f 3311 3304 3309
f 3311 3312 3314
f 3290 3308 3315
f 3315 3291 3290
f 3315 3303 3305
f 3305 3283 3315
f 3303 3315 3308
f 3290 3306 3308
f 3283 3305 3281
f 3298 3316 3307
f 3307 3306 3298
f 3307 3316 3317
f 3317 3309 3307
f 3318 3316 3299
f 3319 3317 3316
f 3318 3319 3316
f 3298 3299 3316
f 3320 3312 3317
f 3320 3321 3313
f 3313 3312 3320
f 3309 3317 3312
f 3319 3452 3320
f 3320 3317 3319
f 3284 3321 3320
f 3284 3320 3452
f 3322 3323 1376
f 1376 1375 3322
f 3329 3324 3584
f 3584 1377 1376
f 3584 1376 3329
f 1376 3323 3329
f 3367 3325 3328
f 3328 3323 3322
f 3328 3322 3367
f 3326 3327 3324
f 3324 3329 3326
f 3330 3329 3323
f 3330 3323 3328
f 3330 3326 3329
f 3327 3326 3331
f 3332 3330 3328
f 3332 3328 3325
f 3332 3331 3326
f 3326 3330 3332
f 3333 1380 1348
f 3333 1348 3279
f 3333 3334 1381
f 1381 1380 3333
f 3360 3358 3333
f 3360 3333 3279
f 3279 3282 3360
f 3358 3335 3334
f 3334 3333 3358
f 3334 3322 1375
f 1375 1381 3334
f 3367 3322 3334
f 3334 3335 3367
f 3337 3338 3336
f 3341 3339 3338
f 3341 3338 3337
f 3341 3342 3340
f 3340 3339 3341
f 3343 3325 3367
f 3343 3367 3368
f 3345 3343 3368
f 3345 3368 3344
f 3347 3332 3325
f 3347 3325 3343
f 3347 3346 3331
f 3331 3332 3347
f 3345 3349 3347
f 3347 3343 3345
f 3349 3348 3346
f 3346 3347 3349
f 3350 3344 3340
f 3350 3351 3345
f 3345 3344 3350
f 3342 3352 3350
f 3350 3340 3342
f 3352 3353 3351
f 3351 3350 3352
f 3351 3355 3349
f 3349 3345 3351
f 3354 3348 3349
f 3354 3349 3355
f 3356 3354 3519
f 3353 3519 3355
f 3355 3351 3353
f 3519 3354 3355
f 3359 3358 3357
f 3357 3360 3282
f 3357 3282 3314
f 3360 3357 3358
f 3361 3357 3314
f 3361 3314 3313
f 3361 3362 3359
f 3359 3357 3361
f 3365 3363 3366
f 3359 3366 3335
f 3335 3358 3359
f 3365 3366 3359
f 3359 3362 3365
f 3321 3364 3361
f 3361 3313 3321
f 3364 3338 3362
f 3362 3361 3364
f 3321 3284 3336
f 3321 3336 3364
f 3364 3336 3338
f 3338 3339 3365
f 3365 3362 3338
f 3365 3339 3340
f 3340 3363 3365
f 3366 3368 3367
f 3367 3335 3366
f 3344 3368 3366
f 3344 3366 3363
f 3363 3340 3344
f 3022 1674 2173
f 3022 2173 3369
f 3370 3369 2173
f 2173 2178 3370
f 3371 3024 3022
f 3022 3369 3371
f 3372 3371 3369
f 3369 3370 3372
f 2178 3373 3370
f 3374 3375 3372
f 3373 3374 3372
f 3372 3370 3373
f 3376 3377 3375
f 3376 3375 3374
f 3043 3024 3371
f 3043 3371 3378
f 3379 3378 3371
f 3371 3372 3379
f 3380 3477 3050
f 3050 3043 3378
f 3050 3378 3380
f 3385 3380 3378
f 3378 3379 3385
f 3484 3385 3486
f 3386 3379 3372
f 3386 3372 3375
f 3386 3375 3390
f 3375 3393 3390
f 3400 3393 3375
f 3375 3377 3400
f 3393 3400 3384
f 3387 3385 3379
f 3379 3386 3387
f 3388 3387 3386
f 3386 3390 3388
f 3389 3486 3385
f 3385 3387 3389
f 3381 3389 3387
f 3387 3388 3381
f 3390 3393 3391
f 3391 3388 3390
f 3384 3392 3391
f 3384 3391 3393
f 3381 3388 3391
f 3381 3391 3382
f 3383 3382 3391
f 3391 3392 3383
f 3376 3394 3401
f 3401 3377 3376
f 3402 3400 3377
f 3377 3401 3402
f 3403 3402 3401
f 3403 3401 3394
f 3404 3384 3400
f 3400 3402 3404
f 3405 3404 3402
f 3402 3403 3405
f 3717 3406 3403
f 3717 3403 3394
f 3407 3406 3717
f 3408 3405 3403
f 3403 3406 3408
f 3409 3408 3406
f 3406 3407 3409
f 3404 3410 3392
f 3404 3392 3384
f 3405 3411 3410
f 3405 3410 3404
f 3396 3383 3392
f 3392 3410 3396
f 3397 3396 3410
f 3410 3411 3397
f 3412 3413 3411
f 3412 3411 3405
f 3414 3413 3412
f 3398 3397 3411
f 3411 3413 3398
f 3399 3398 3413
f 3413 3414 3399
f 3405 3408 3412
f 3412 3408 3409
f 3412 3409 3414
f 3417 3418 3419
f 3422 3409 3407
f 3407 3420 3422
f 3422 3420 3421
f 3422 3421 3423
f 3421 3424 3425
f 3424 3395 3426
f 3426 3425 3424
f 3423 3421 3425
f 3423 3425 3427
f 3427 3425 3426
f 3427 3426 3681
f 3415 3399 3414
f 3414 3428 3415
f 3415 3428 3429
f 3415 3429 3416
f 3414 3409 3422
f 3414 3422 3428
f 3429 3428 3422
f 3422 3423 3429
f 3429 3430 3431
f 3430 3681 3432
f 3432 3431 3430
f 3417 3416 3429
f 3429 3431 3417
f 3418 3417 3431
f 3431 3432 3418
f 3430 3429 3423
f 3423 3427 3430
f 3681 3430 3427
f 3434 3435 3433
f 3438 3439 3437
f 3441 3442 3440
f 3436 3118 3440
f 3436 3440 3437
f 3438 3437 3440
f 3440 3442 3438
f 3444 3433 3439
f 3444 3439 3438
f 3444 3446 3434
f 3434 3433 3444
f 3443 3444 3442
f 3443 3442 3441
f 3445 3446 3444
f 3445 3444 3443
f 3444 3438 3442
f 3449 3447 3435
f 3449 3435 3434
f 3450 3448 3447
f 3449 3450 3447
f 3451 3452 3448
f 3453 3284 3452
f 3453 3452 3451
f 3450 3454 3451
f 3451 3448 3450
f 3454 3455 3453
f 3453 3451 3454
f 3446 3457 3449
f 3449 3434 3446
f 3457 3459 3450
f 3450 3449 3457
f 3456 3457 3446
f 3456 3446 3445
f 3458 3459 3457
f 3458 3457 3456
f 3459 3462 3454
f 3454 3450 3459
f 3460 3455 3454
f 3460 3454 3462
f 3461 3462 3459
f 3461 3459 3458
f 3463 3460 3462
f 3463 3462 3461
f 3464 3465 3142
f 3464 3469 3296
f 3296 3465 3464
f 3468 3469 3467
f 3466 3467 3464
f 3466 3464 3142
f 3464 3467 3469
f 3470 3471 3469
f 3472 3299 3471
f 3472 3471 3470
f 3296 3469 3471
f 3471 3300 3296
f 3300 3471 3299
f 3468 3433 3470
f 3470 3469 3468
f 3470 3433 3435
f 3470 3435 3472
f 2928 3142 3465
f 3436 3437 3467
f 3436 3467 3466
f 3467 3437 3439
f 3467 3439 3468
f 3468 3439 3433
f 3472 3447 3318
f 3318 3299 3472
f 3447 3448 3319
f 3447 3319 3318
f 3472 3435 3447
f 3319 3448 3452
f 3175 3473 3474
f 3473 3475 3476
f 3476 3474 3473
f 3052 3477 3478
f 3478 3177 3052
f 3477 3380 3479
f 3479 3478 3477
f 3473 3175 3177
f 3177 3478 3473
f 3475 3473 3478
f 3478 3479 3475
f 3480 3481 3476
f 3480 3476 3475
f 3482 3483 3481
f 3482 3481 3480
f 3484 3485 3479
f 3484 3479 3380
f 3486 3487 3485
f 3485 3484 3486
f 3480 3475 3479
f 3479 3485 3480
f 3480 3485 3487
f 3480 3487 3482
f 3440 3118 3175
f 3175 3474 3440
f 3441 3440 3474
f 3474 3476 3441
f 3443 3441 3476
f 3476 3481 3443
f 3445 3443 3481
f 3481 3483 3445
f 3477 3052 3050
f 3484 3380 3385
f 3482 3488 3489
f 3489 3483 3482
f 3488 3490 3491
f 3491 3489 3488
f 3486 3389 3492
f 3492 3487 3486
f 3389 3381 3493
f 3493 3492 3389
f 3482 3487 3492
f 3482 3492 3488
f 3488 3492 3493
f 3488 3493 3490
f 3490 3496 3494
f 3494 3491 3490
f 3496 3495 3463
f 3463 3494 3496
f 3381 3382 3496
f 3381 3496 3493
f 3496 3382 3383
f 3496 3383 3495
f 3496 3490 3493
f 3456 3445 3483
f 3483 3489 3456
f 3456 3489 3491
f 3456 3491 3458
f 3458 3491 3494
f 3458 3494 3461
f 3461 3494 3463
f 3453 3497 3336
f 3336 3284 3453
f 3497 3498 3337
f 3337 3336 3497
f 3455 3499 3497
f 3497 3453 3455
f 3499 3501 3498
f 3498 3497 3499
f 3498 3500 3341
f 3341 3337 3498
f 3500 3504 3342
f 3342 3341 3500
f 3503 3504 3502
f 3498 3501 3502
f 3502 3500 3498
f 3500 3502 3504
f 3508 3509 3507
f 3510 3511 3460
f 3512 3501 3511
f 3512 3511 3510
f 3455 3460 3511
f 3455 3511 3499
f 3499 3511 3501
f 3463 3505 3510
f 3510 3460 3463
f 3505 3506 3512
f 3505 3512 3510
f 3513 3502 3501
f 3512 3513 3501
f 3513 3509 3503
f 3503 3502 3513
f 3512 3506 3507
f 3512 3507 3513
f 3513 3507 3509
f 3504 3514 3352
f 3352 3342 3504
f 3514 3515 3353
f 3514 3353 3352
f 3516 3514 3504
f 3516 3504 3503
f 3517 3515 3514
f 3516 3517 3514
f 3518 3519 3515
f 3519 3520 3356
f 3520 3519 3518
f 3353 3515 3519
f 3517 3521 3518
f 3518 3515 3517
f 3521 3528 3520
f 3520 3518 3521
f 3522 3523 3509
f 3522 3509 3508
f 3524 3525 3523
f 3524 3523 3522
f 3527 3528 3526
f 3524 3529 3526
f 3526 3525 3524
f 3529 3695 3527
f 3527 3526 3529
f 3509 3523 3516
f 3516 3503 3509
f 3523 3525 3517
f 3517 3516 3523
f 3526 3521 3517
f 3526 3517 3525
f 3521 3526 3528
f 3531 3505 3463
f 3531 3463 3495
f 3530 3506 3505
f 3531 3530 3505
f 3495 3383 3396
f 3495 3396 3531
f 3530 3531 3396
f 3530 3396 3397
f 3507 3506 3530
f 3530 3532 3507
f 3508 3507 3532
f 3532 3533 3508
f 3532 3530 3397
f 3397 3398 3532
f 3533 3532 3398
f 3398 3399 3533
f 3522 3508 3533
f 3533 3534 3522
f 3522 3534 3535
f 3522 3535 3524
f 3534 3533 3399
f 3399 3415 3534
f 3535 3534 3415
f 3415 3416 3535
f 3536 3537 3535
f 3538 3695 3537
f 3538 3537 3536
f 3524 3535 3537
f 3524 3537 3529
f 3529 3537 3695
f 3535 3416 3417
f 3535 3417 3536
f 3536 3417 3419
f 3536 3419 3538
f 3540 1459 1458
f 3540 1458 3539
f 3541 3539 1458
f 1458 1461 3541
f 3543 3540 3539
f 3543 3539 3542
f 3544 3542 3539
f 3539 3541 3544
f 3582 3545 1465
f 1465 1464 3582
f 3590 3546 3545
f 3548 1461 1466
f 3548 1466 3547
f 3541 1461 3548
f 3547 1466 1465
f 3547 1465 3545
f 3550 3548 3547
f 3550 3547 3549
f 3544 3541 3548
f 3544 3548 3550
f 3564 3549 3547
f 3564 3547 3545
f 3564 3545 3546
f 3551 3543 3542
f 3556 3551 3542
f 3556 3542 3544
f 3552 3556 3544
f 3554 3555 3553
f 3553 3551 3556
f 3553 3556 3557
f 3557 3556 3552
f 3557 3552 3558
f 3554 3553 3557
f 3554 3557 3559
f 3560 3561 3558
f 3561 3559 3557
f 3557 3558 3561
f 3566 3563 3550
f 3550 3549 3566
f 3563 3566 3562
f 3563 3552 3544
f 3563 3544 3550
f 3566 3549 3564
f 3566 3564 3565
f 3596 3565 3564
f 3564 3546 3596
f 3562 3566 3565
f 3562 3565 3567
f 3598 3567 3565
f 3565 3596 3598
f 3568 3569 3563
f 3563 3562 3568
f 3570 3571 3569
f 3569 3568 3570
f 3569 3558 3552
f 3552 3563 3569
f 3560 3558 3569
f 3560 3569 3571
f 3568 3562 3567
f 3568 3567 3572
f 3604 3572 3567
f 3567 3598 3604
f 3573 3570 3568
f 3568 3572 3573
f 3573 3572 3604
f 3573 3604 3606
f 2277 602 1459
f 2277 1459 3540
f 2279 2277 3540
f 2279 3540 3543
f 3574 2297 2279
f 3574 2279 3543
f 3574 3543 3551
f 2305 2297 3574
f 2305 3574 3575
f 3553 3575 3574
f 3574 3551 3553
f 2307 2305 3575
f 2307 3575 3555
f 3575 3553 3555
f 3577 1468 3579
f 3577 3578 3576
f 3578 3577 3579
f 3579 3580 3578
f 3580 3579 3585
f 3576 3581 1464
f 3581 3576 3578
f 3581 3582 1464
f 3581 3578 3583
f 3581 3583 3545
f 3545 3582 3581
f 3580 3583 3578
f 3584 3579 1468
f 1468 1377 3584
f 3324 3585 3579
f 3579 3584 3324
f 3586 3587 3580
f 3580 3585 3586
f 3587 3586 3588
f 3589 3590 3545
f 3545 3583 3589
f 3587 3589 3583
f 3583 3580 3587
f 3546 3590 3589
f 3546 3589 3591
f 3591 3589 3587
f 3591 3587 3588
f 3592 3585 3324
f 3592 3324 3327
f 3592 3586 3585
f 3593 3592 3327
f 3593 3327 3331
f 3593 3588 3586
f 3586 3592 3593
f 3596 3546 3591
f 3596 3591 3597
f 3597 3591 3588
f 3597 3588 3594
f 3598 3596 3597
f 3598 3597 3599
f 3599 3597 3594
f 3599 3594 3595
f 3600 3593 3331
f 3600 3331 3346
f 3600 3594 3588
f 3588 3593 3600
f 3601 3600 3346
f 3601 3346 3348
f 3601 3595 3594
f 3594 3600 3601
f 3604 3598 3599
f 3604 3599 3605
f 3602 3605 3599
f 3599 3595 3602
f 3606 3604 3605
f 3606 3605 3607
f 3603 3607 3605
f 3605 3602 3603
f 3354 3608 3601
f 3601 3348 3354
f 3602 3595 3601
f 3602 3601 3608
f 3356 3609 3608
f 3608 3354 3356
f 3603 3602 3608
f 3603 3608 3609
f 3610 3613 3555
f 3555 3554 3610
f 3612 3613 3611
f 3610 3611 3613
f 3611 3610 3614
f 3610 3554 3559
f 3610 3559 3616
f 3615 3616 3561
f 3561 3560 3615
f 3559 3561 3616
f 3617 3614 3610
f 3610 3616 3617
f 3617 3616 3615
f 3617 3615 3618
f 3619 2403 3612
f 3612 3611 3619
f 3619 3611 3614
f 3619 3614 3626
f 3620 2452 2403
f 2403 3619 3620
f 3620 3626 3621
f 3626 3620 3619
f 3623 3622 3624
f 3625 3626 3617
f 3614 3617 3626
f 3625 3617 3618
f 3625 3618 3622
f 3625 3621 3626
f 3623 3621 3625
f 3622 3623 3625
f 3628 3629 3627
f 3633 3630 3629
f 3629 3628 3633
f 3631 3630 3678
f 3678 3633 3632
f 3633 3678 3630
f 3635 3634 3571
f 3571 3570 3635
f 3636 3634 3635
f 3636 3635 3642
f 3615 3560 3571
f 3615 3571 3634
f 3636 3618 3615
f 3615 3634 3636
f 3635 3570 3573
f 3635 3573 3637
f 3637 3573 3606
f 3637 3606 3627
f 3638 3642 3637
f 3635 3637 3642
f 3629 3638 3637
f 3637 3627 3629
f 3639 3622 3636
f 3641 3642 3640
f 3641 3639 3636
f 3636 3642 3641
f 3644 3645 3643
f 3624 3622 3639
f 3624 3639 3645
f 3624 3645 3644
f 3640 3643 3645
f 3645 3641 3640
f 3643 3640 3631
f 3641 3645 3639
f 3636 3622 3618
f 3638 3640 3642
f 3640 3638 3630
f 3629 3630 3638
f 3640 3630 3631
f 3647 3648 3646
f 3650 3651 3649
f 3653 3654 3652
f 2440 3655 3650
f 3655 2440 2441
f 3655 2441 3653
f 3655 3656 3651
f 3655 3651 3650
f 3652 3656 3655
f 3653 3652 3655
f 3649 3651 3659
f 3657 3649 3659
f 3659 3658 3657
f 3395 3658 3660
f 3660 3658 3659
f 3660 3659 3679
f 3652 3654 3647
f 3661 3652 3647
f 3661 3662 3679
f 3647 3646 3662
f 3647 3662 3661
f 3659 3651 3656
f 3659 3656 3661
f 3661 3656 3652
f 3679 3659 3661
f 3665 2447 2448
f 2448 3667 3665
f 3665 3667 3663
f 3666 3665 3663
f 3666 3663 3664
f 2451 2452 3620
f 3667 2451 3620
f 3663 3667 3620
f 3620 3621 3663
f 3621 3664 3663
f 3667 2448 2451
f 3664 3623 3669
f 3669 3670 3668
f 3669 3623 3624
f 3624 3670 3669
f 3666 3669 3647
f 3669 3666 3664
f 3647 3669 3668
f 3668 3648 3647
f 3623 3664 3621
f 2456 2457 3665
f 2456 3665 3653
f 3665 2457 2447
f 3665 3666 3654
f 3665 3654 3653
f 3653 2441 2456
f 3647 3654 3666
f 3672 3631 3677
f 3673 3646 3648
f 3673 3648 3672
f 3671 3673 3677
f 3677 3673 3672
f 3676 3632 3674
f 3675 3671 3676
f 3675 3674 3419
f 3675 3419 3418
f 3676 3674 3675
f 3677 3678 3676
f 3677 3631 3678
f 3632 3676 3678
f 3677 3676 3671
f 3679 3680 3682
f 3682 3683 3681
f 3683 3680 3671
f 3680 3683 3682
f 3426 3395 3660
f 3426 3660 3682
f 3679 3682 3660
f 3682 3681 3426
f 3680 3662 3673
f 3662 3680 3679
f 3673 3662 3646
f 3671 3680 3673
f 3675 3681 3683
f 3681 3675 3432
f 3675 3683 3671
f 3418 3432 3675
f 3668 3670 3644
f 3668 3644 3643
f 3672 3668 3643
f 3644 3670 3624
f 3631 3672 3643
f 3672 3648 3668
f 2473 2307 3555
f 2473 3555 3613
f 2473 3613 3612
f 3684 3603 3687
f 3686 3687 3685
f 3687 3688 3684
f 3688 3687 3686
f 3690 3627 3606
f 3606 3607 3690
f 3627 3690 3689
f 3684 3689 3690
f 3690 3607 3603
f 3690 3603 3684
f 3692 3689 3691
f 3628 3627 3689
f 3628 3689 3692
f 3691 3689 3684
f 3691 3684 3688
f 3520 3687 3609
f 3609 3356 3520
f 3687 3603 3609
f 3520 3685 3687
f 3685 3520 3528
f 3694 3686 3685
f 3694 3685 3528
f 3694 3528 3527
f 3694 3693 3688
f 3688 3686 3694
f 3632 3693 3696
f 3527 3695 3696
f 3696 3694 3527
f 3694 3696 3693
f 3692 3691 3693
f 3633 3692 3693
f 3633 3628 3692
f 3688 3693 3691
f 3693 3632 3633
f 3538 3674 3696
f 3696 3695 3538
f 3696 3674 3632
f 3538 3419 3674
f 3237 3698 1503
f 1503 1058 3237
f 3697 1501 1503
f 3697 1503 3698
f 3700 3699 3697
f 3239 3700 3698
f 3698 3237 3239
f 3700 3697 3698
f 3697 3701 1506
f 1506 1501 3697
f 3702 1344 1506
f 3702 1506 3701
f 3699 3703 3701
f 3701 3697 3699
f 3702 3701 3703
f 3705 3706 3699
f 3699 3700 3705
f 3706 3705 3704
f 3250 3704 3705
f 3705 3700 3239
f 3705 3239 3250
f 3707 3704 3251
f 3707 3286 3706
f 3706 3704 3707
f 3250 3251 3704
f 3708 3703 3699
f 3708 3699 3706
f 3708 3706 3286
f 3275 3289 3707
f 3707 3251 3275
f 3707 3289 3286
f 3275 3287 3289
f 3373 2178 2481
f 2481 3709 3373
f 3710 3709 2481
f 2481 2482 3710
f 3373 3709 3374
f 3374 3709 3710
f 3374 3710 3376
f 3711 3710 2482
f 2482 2507 3711
f 3714 3711 2507
f 3714 2507 2508
f 3714 2508 3712
f 3713 3376 3710
f 3710 3711 3713
f 3394 3376 3713
f 3715 3713 3711
f 3711 3714 3715
f 3716 3715 3714
f 3714 3712 3716
f 3717 3394 3713
f 3713 3715 3717
f 3718 3717 3715
f 3715 3716 3718
f 3725 3712 2508
f 3720 3725 2508
f 2508 2515 3720
f 3725 3720 3719
f 3720 2518 3721
f 3721 2518 2519
f 3721 2519 3722
f 3719 3720 3721
f 3719 3721 3723
f 3723 3721 3722
f 3723 3722 3724
f 3720 2515 2518
f 3726 3716 3712
f 3712 3725 3726
f 3726 3725 3719
f 3726 3719 3727
f 3728 3718 3716
f 3716 3726 3728
f 3728 3726 3727
f 3728 3727 3729
f 3727 3719 3723
f 3727 3723 3730
f 3730 3723 3724
f 3730 3724 3731
f 3729 3727 3730
f 3729 3730 3732
f 3395 3732 3730
f 3730 3731 3395
f 3717 3718 3407
f 3407 3718 3728
f 3407 3728 3420
f 3421 3420 3728
f 3728 3729 3421
f 3424 3421 3729
f 3729 3732 3424
f 3424 3732 3395
f 3722 2519 2529
f 3722 2529 3733
f 3733 2529 2530
f 3733 2530 3650
f 3724 3722 3733
f 3724 3733 3649
f 3650 3649 3733
f 3650 2530 2440
f 3658 3731 3724
f 3657 3658 3724
f 3724 3649 3657
f 3395 3731 3658
