# Created by meshio v5.3.5, 2026-07-28T11:04:10.089871
v 1.5577831268310547 -4.931375980377197 -2.7146196365356445
v 4.004087448120117 -5.0748291015625 -1.9840129613876343
v 3.900935411453247 -5.0918755531311035 -2.333167314529419
v 3.8763084411621094 -5.102333068847656 -2.209441661834717
v 4.763661861419678 -5.009729862213135 -2.159435272216797
v 4.527932167053223 -5.042647838592529 -2.2109410762786865
v 4.529527187347412 -5.042881488800049 -2.0779829025268555
v 1.607733964920044 -4.692837715148926 -2.083343029022217
v 2.273361921310425 -4.775508403778076 -1.9256407022476196
v 1.7442271709442139 -4.509457111358643 -1.8405799865722656
v 2.4287867546081543 -4.5932536125183105 -1.7060203552246094
v 1.935826301574707 -4.299588680267334 -1.6500719785690308
v 2.6858632564544678 -5.027393341064453 -2.2513797283172607
v 2.74800443649292 -5.029671669006348 -2.494645595550537
v 1.8322274684906006 -4.875047206878662 -2.381596803665161
v 1.5119129419326782 -4.834956645965576 -2.451340436935425
v 1.5107916593551636 -4.785194396972656 -2.3100035190582275
v 2.1080830097198486 -4.923314571380615 -2.333860397338867
v 2.1299731731414795 -4.870673656463623 -2.1431827545166016
v 2.298543691635132 -4.974854469299316 -2.5640509128570557
v 2.1344146728515625 -4.942046642303467 -2.459522247314453
v 3.2699897289276123 -5.081186771392822 -2.1420366764068604
v 2.7542552947998047 -4.944687843322754 -1.9674750566482544
v 3.4048221111297607 -4.970582008361816 -1.8140249252319336
v -5.068930625915527 -8.108595848083496 -7.82238245010376
v -4.850019931793213 -8.263373374938965 -8.957683563232422
v -5.0926194190979 -8.227603912353516 -8.816146850585938
v -4.186590194702148 -8.214404106140137 -8.132729530334473
v -4.479667663574219 -8.254161834716797 -8.513855934143066
v -4.463761806488037 -8.181700706481934 -7.967340469360352
v -5.010331153869629 -8.235886573791504 -10.270050048828125
v -4.4421586990356445 -8.229471206665039 -11.019342422485352
v -4.999253273010254 -8.061948776245117 -11.56772518157959
v -3.5636544227600098 -8.261626243591309 -8.567782402038574
v -3.8507778644561768 -8.307682037353516 -8.980971336364746
v -3.8361449241638184 -8.245373725891113 -8.366543769836426
v -3.5908501148223877 -8.317866325378418 -9.934593200683594
v -3.8384315967559814 -8.312957763671875 -10.275681495666504
v -3.851465940475464 -8.331843376159668 -9.689868927001953
v -3.0977959632873535 -8.258256912231445 -9.17212200164795
v -4.185088634490967 -8.321183204650879 -9.419661521911621
v -4.480368614196777 -8.309529304504395 -9.786104202270508
v -4.484097957611084 -8.300213813781738 -9.200510025024414
v -5.634783744812012 -7.941528797149658 -7.384991645812988
v -6.221648216247559 -7.921737194061279 -7.942527770996094
v -6.195937156677246 -7.807229995727539 -7.277865409851074
v -6.684415817260742 -7.664969444274902 -7.196108341217041
v -7.28387975692749 -7.556985855102539 -7.668564796447754
v -7.270918369293213 -7.468692779541016 -7.05910587310791
v -6.569941520690918 -7.854499340057373 -8.219368934631348
v -7.265960693359375 -7.604701042175293 -8.646353721618652
v -7.282653331756592 -7.590754508972168 -8.06336784362793
v -7.785062789916992 -7.270788669586182 -7.003239631652832
v -8.264172554016113 -7.033061504364014 -7.101643085479736
v -8.6912202835083 -6.71354866027832 -7.2544097900390625
v -9.017931938171387 -6.377261161804199 -7.2135090827941895
v -7.774990558624268 -7.350930213928223 -7.967453479766846
v -8.22504997253418 -7.057440280914307 -8.051642417907715
v -7.730642318725586 -7.334179878234863 -8.803190231323242
v -8.163654327392578 -7.006731033325195 -8.854944229125977
v -8.629363059997559 -6.692322731018066 -8.17582893371582
v -9.024422645568848 -6.287758827209473 -7.954330921173096
v -8.570890426635742 -6.634401321411133 -8.82762336730957
v -8.970192909240723 -6.240091323852539 -8.566428184509277
v -5.692392826080322 -8.129096984863281 -9.823537826538086
v -6.186003684997559 -7.960760593414307 -10.171930313110352
v -6.209317684173584 -7.995861530303955 -9.6058988571167
v -6.752244472503662 -7.802913665771484 -9.418750762939453
v -7.224090576171875 -7.568645000457764 -9.471213340759277
v -6.679072380065918 -7.718755722045898 -10.434921264648438
v -7.1033148765563965 -7.347497940063477 -10.973915100097656
v -5.6699137687683105 -8.109513282775879 -8.535050392150879
v -6.2207183837890625 -7.997975826263428 -9.061570167541504
v -5.60756254196167 -8.043861389160156 -10.9025297164917
v -5.291231632232666 -7.941108703613281 -11.795628547668457
v -5.553836345672607 -7.918440341949463 -11.597336769104004
v -6.012990951538086 -7.623052597045898 -11.98559284210205
v -6.131032466888428 -7.796435832977295 -11.253747940063477
v -6.625789642333984 -7.609292030334473 -11.062286376953125
v -7.0458574295043945 -7.227697372436523 -11.483414649963379
v -6.480251789093018 -7.345611095428467 -12.054403305053711
v -6.929041385650635 -7.035563945770264 -12.087539672851562
v -7.665009021759033 -7.251561164855957 -9.711466789245605
v -7.694153308868408 -7.293363094329834 -9.318174362182617
v -8.11691951751709 -6.947144031524658 -9.397928237915039
v -7.54366397857666 -7.020496845245361 -10.991554260253906
v -8.004261016845703 -6.745818614959717 -10.63076114654541
v -8.613723754882812 -6.400900363922119 -9.643050193786621
v -8.410629272460938 -6.367269039154053 -10.576258659362793
v -8.798744201660156 -5.962746620178223 -10.467266082763672
v -8.85405158996582 -6.075520038604736 -9.829086303710938
v -7.481245517730713 -6.894223690032959 -11.490641593933105
v -7.902182579040527 -6.535163879394531 -11.469880104064941
v -7.951465129852295 -6.632326126098633 -11.102972030639648
v -7.363468170166016 -6.700454235076904 -12.092940330505371
v -7.786102294921875 -6.344481945037842 -12.075478553771973
v -8.3326416015625 -6.19022274017334 -11.294378280639648
v -8.524134635925293 -5.940725803375244 -11.390985488891602
v -8.68609619140625 -5.717073917388916 -11.483436584472656
v -8.198888778686523 -5.970911026000977 -12.038935661315918
v -8.598299026489258 -5.573790073394775 -11.976553916931152
v -9.376276969909668 -5.819641590118408 -7.800222396850586
v -9.535065650939941 -5.5709147453308105 -7.699285507202148
v -9.262226104736328 -5.823568344116211 -8.678466796875
v -9.642024993896484 -5.266997814178467 -8.363516807556152
v -9.673635482788086 -5.287026882171631 -7.908138751983643
v -9.20870590209961 -5.4927449226379395 -10.216131210327148
v -9.240954399108887 -5.67332649230957 -9.410064697265625
v -9.511602401733398 -5.064676284790039 -10.081517219543457
v -9.596572875976562 -5.176779270172119 -9.159497261047363
v -9.888540267944336 -4.665356159210205 -8.917328834533691
v -9.881736755371094 -4.816842079162598 -8.134590148925781
v -10.0505952835083 -4.3252787590026855 -8.716719627380371
v -9.859440803527832 -4.528575420379639 -9.696518898010254
v -10.115989685058594 -4.008761882781982 -9.453118324279785
v -10.142995834350586 -4.057499408721924 -8.955986022949219
v -9.080609321594238 -5.316101551055908 -11.223572731018066
v -9.466547012329102 -4.95619010925293 -10.61704158782959
v -9.028620719909668 -5.10546350479126 -11.806488037109375
v -9.336505889892578 -4.672731876373291 -11.735542297363281
v -9.586295127868652 -4.642996788024902 -10.86844253540039
v -9.792591094970703 -3.9371912479400635 -11.450916290283203
v -9.714879035949707 -4.253044128417969 -11.190180778503418
v -9.756975173950195 -4.378750324249268 -10.703643798828125
v -10.0648832321167 -3.844480276107788 -10.301815032958984
v -9.970993041992188 -3.613102674484253 -11.247397422790527
v -10.239399909973145 -3.723857879638672 -9.264986038208008
v -10.377558708190918 -3.1293182373046875 -9.826409339904785
v -8.22008228302002 -6.690424919128418 -5.445732593536377
v -8.670802116394043 -6.496766567230225 -5.486785411834717
v -9.112428665161133 -6.208396911621094 -5.642187118530273
v -7.965056419372559 -6.2835187911987305 -4.368738651275635
v -7.542452335357666 -6.63377571105957 -4.931653022766113
v -8.095261573791504 -6.502917766571045 -4.87225866317749
v -7.432177543640137 -6.345388889312744 -4.3867974281311035
v -8.776689529418945 -6.256194591522217 -4.8754096031188965
v -9.067540168762207 -6.091862678527832 -4.930477619171143
v -8.505197525024414 -6.154594898223877 -4.320316314697266
v -6.547497749328613 -6.13929557800293 -3.983218193054199
v -6.8198723793029785 -6.298401832580566 -4.242242336273193
v -6.572136878967285 -5.77674674987793 -3.5550076961517334
v -5.179765701293945 -5.326355457305908 -2.8564453125
v -8.992274284362793 -5.964103698730469 -4.328990459442139
v -8.89404010772705 -5.829480171203613 -3.8040106296539307
v -7.968188285827637 -5.745039463043213 -3.405024766921997
v -8.405951499938965 -5.932307243347168 -3.789283514022827
v -8.243048667907715 -5.740304470062256 -3.370260715484619
v -8.775038719177246 -5.687321662902832 -3.313314914703369
v -7.299869537353516 -5.208104610443115 -2.6466894149780273
v -7.453068733215332 -5.368235111236572 -2.871603488922119
v -8.47433090209961 -5.532307147979736 -2.8583943843841553
v -8.702723503112793 -5.599052429199219 -3.0453131198883057
v -8.496932983398438 -5.228262901306152 -2.2265079021453857
v -8.088265419006348 -5.523600101470947 -2.937222957611084
v -7.99720573425293 -5.322725296020508 -2.4852981567382812
v -7.840980052947998 -6.010369777679443 -3.874004602432251
v -7.1226396560668945 -5.789146423339844 -3.5526604652404785
v -7.6857218742370605 -5.7426981925964355 -3.441901683807373
v -7.37636137008667 -6.04901123046875 -3.9161996841430664
v -6.707937717437744 -5.441972255706787 -3.1398096084594727
v -6.958480358123779 -5.439940929412842 -3.112771987915039
v -6.79065465927124 -5.156151294708252 -2.7318224906921387
v -6.408947944641113 -5.454549789428711 -3.167607545852661
v -3.6308066844940186 -4.917015075683594 -1.4717456102371216
v -2.736123561859131 -4.489362716674805 0.4168052673339844
v -3.2574217319488525 -4.59735631942749 0.029949545860290527
v -3.090428352355957 -4.361355781555176 0.5406486392021179
v -2.209908962249756 -5.01665735244751 -1.3106021881103516
v -2.594602108001709 -5.031207084655762 -1.5487582683563232
v -2.4514005184173584 -5.023875713348389 -1.2591273784637451
v -2.317244529724121 -5.0437469482421875 -0.8763510584831238
v -3.2395641803741455 -4.972749710083008 -1.107322335243225
v -3.56512188911438 -4.920433044433594 -1.2575639486312866
v -3.5058670043945312 -4.932138442993164 -1.0653131008148193
v -2.6593544483184814 -5.051499843597412 -0.7893581390380859
v -2.924767255783081 -5.018237590789795 -0.9450044631958008
v -3.3745174407958984 -4.881636142730713 -0.5835908651351929
v -3.1136958599090576 -4.985800266265869 -1.5383617877960205
v -2.9900670051574707 -4.994668006896973 -1.1523085832595825
v -2.17648983001709 -4.997967720031738 -0.4210395812988281
v -1.909367561340332 -4.746187686920166 0.03912699222564697
v -1.5932074785232544 -5.013326644897461 -0.6736950874328613
v -1.7431745529174805 -4.9712443351745605 -1.011946201324463
v -1.126432180404663 -5.226070404052734 -0.4566691815853119
v -1.4417197704315186 -4.994444847106934 -0.23835240304470062
v -2.7164573669433594 -4.82457971572876 -0.19792400300502777
v -8.212976455688477 -4.716429233551025 -1.1021417379379272
v -8.352331161499023 -4.909027576446533 -1.5251681804656982
v -8.077165603637695 -4.471123218536377 -0.5260593295097351
v -7.338141918182373 -4.27765417098999 -0.41414204239845276
v -7.519388198852539 -3.498305320739746 1.713273048400879
v -7.090269088745117 -3.245281934738159 2.152888536453247
v -7.37946891784668 -3.2138092517852783 2.3129775524139404
v -6.527757167816162 -3.8802976608276367 0.3239763379096985
v -7.568288326263428 -3.985069513320923 0.48140212893486023
v -7.955961227416992 -4.22890043258667 0.06299187242984772
v -7.807424068450928 -3.981065511703491 0.6303166151046753
v -7.771893501281738 -3.728372097015381 1.266363263130188
v -6.8310627937316895 -4.022828578948975 0.04328828677535057
v -7.203653335571289 -3.9951465129852295 0.2575131952762604
v -5.355610370635986 -3.513185739517212 1.2791112661361694
v -6.930500030517578 -3.5053179264068604 1.4066441059112549
v -7.017263889312744 -3.659205675125122 1.0426745414733887
v -6.794021129608154 -3.2642221450805664 1.9812637567520142
v -6.350375175476074 -3.5623421669006348 1.0863957405090332
v -5.371662616729736 -4.631319522857666 -1.2297917604446411
v -5.80518102645874 -4.670919418334961 -1.6097315549850464
v -5.661262512207031 -4.545567989349365 -1.1388300657272339
v -3.8609747886657715 -5.067863464355469 -2.137235641479492
v -4.902893543243408 -4.875228404998779 -2.141922950744629
v -5.948273658752441 -4.7757697105407715 -2.0230677127838135
v -4.638734817504883 -4.722532749176025 -1.3485721349716187
v -7.193786144256592 -5.0155348777771 -2.227020025253296
v -6.466317176818848 -4.80194091796875 -1.9822611808776855
v -7.04301643371582 -4.833554744720459 -1.7635751962661743
v -7.776712894439697 -5.097248077392578 -2.095306158065796
v -7.304516315460205 -4.796158313751221 -1.6268705129623413
v -7.618334770202637 -4.761380672454834 -1.454519510269165
v -6.894266128540039 -4.562157154083252 -1.221462368965149
v -6.439422607421875 -4.349555969238281 -0.8047194480895996
v -6.755002975463867 -4.2957611083984375 -0.6480743288993835
v -6.343051433563232 -4.671597480773926 -1.4716230630874634
v -6.198032379150391 -4.400966167449951 -0.9160637259483337
v -7.475225925445557 -4.494112491607666 -0.8947713375091553
v -6.308068752288818 -5.166377544403076 -2.7869961261749268
v -6.0942583084106445 -4.939382076263428 -2.41567063331604
v -6.859403133392334 -4.960549354553223 -2.2988638877868652
v -3.916236162185669 -4.625688076019287 -0.3768242597579956
v -4.455195903778076 -4.593564033508301 -0.6677920818328857
v -4.371610164642334 -4.439525604248047 -0.30912134051322937
v -5.388487339019775 -4.043095111846924 0.010673478245735168
v -4.100171089172363 -3.951972007751465 0.8471683263778687
v -3.739100694656372 -4.414207458496094 0.1338685303926468
v -4.236239910125732 -4.192614555358887 0.2679378092288971
v -3.5985107421875 -4.159595489501953 0.6992549896240234
v -4.050760269165039 -4.835369110107422 -1.422569751739502
v -4.0078229904174805 -4.836073875427246 -0.9885476231575012
v -5.007501125335693 -7.844834327697754 -6.711397647857666
v -4.909125804901123 -7.559627056121826 -5.906101226806641
v -3.526379108428955 -7.137984752655029 -4.9391326904296875
v -4.768353462219238 -7.278874397277832 -5.294964790344238
v -4.680735111236572 -6.887173175811768 -4.628143787384033
v -3.9454705715179443 -7.40406608581543 -5.429231643676758
v -4.290110111236572 -7.576073169708252 -5.841196537017822
v -4.221611022949219 -7.355520248413086 -5.350020408630371
v -4.215508937835693 -6.9740309715271 -4.704078197479248
v -1.8564561605453491 -5.818713665008545 -3.293929100036621
v -4.072749614715576 -6.223053932189941 -3.6936705112457275
v -4.546043872833252 -6.4978346824646 -4.091308116912842
v -4.420933246612549 -6.161095142364502 -3.665627956390381
v -4.152193069458008 -5.537743091583252 -2.895695686340332
v -2.6425905227661133 -6.4447550773620605 -3.9844577312469482
v -3.2833523750305176 -6.334040641784668 -3.789459466934204
v -2.095102310180664 -7.865476131439209 -7.429676055908203
v -2.476416826248169 -8.076822280883789 -8.277948379516602
v -2.373871088027954 -7.876798629760742 -7.174471378326416
v -2.2805802822113037 -7.655721187591553 -6.4170379638671875
v -1.7782201766967773 -7.232076168060303 -5.661474704742432
v -1.4826486110687256 -7.3631205558776855 -6.277320384979248
v -3.7552502155303955 -8.087726593017578 -7.455126762390137
v -4.417920112609863 -8.014376640319824 -7.174133777618408
v -3.2752256393432617 -7.506751537322998 -5.671316146850586
v -3.7000861167907715 -7.741374492645264 -6.237106800079346
v -3.616891384124756 -7.457798957824707 -5.537888050079346
v -2.885125160217285 -7.16763162612915 -5.067253589630127
v -2.6918089389801025 -7.564905643463135 -5.9628777503967285
v -3.075394630432129 -7.819420337677002 -6.578474044799805
v -2.981180429458618 -7.54158353805542 -5.806427955627441
v -3.044900417327881 -8.100510597229004 -7.761165142059326
v -2.5852408409118652 -7.8736443519592285 -7.005539417266846
v -2.0238757133483887 -6.453769207000732 -4.125051975250244
v -1.8802704811096191 -6.833755016326904 -4.798638343811035
v -2.214820384979248 -7.177574634552002 -5.299108982086182
v -2.1144888401031494 -6.825963020324707 -4.684325218200684
v -1.5025269985198975 -6.432506561279297 -4.305729866027832
v -1.5978810787200928 -6.0538411140441895 -3.6863625049591064
v -1.9208711385726929 -6.0465288162231445 -3.5867743492126465
v -1.200499415397644 -6.100905418395996 -3.906564950942993
v -0.7640061974525452 -5.695274353027344 -3.491629123687744
v -1.062276005744934 -6.453516483306885 -4.563285827636719
v -1.3568546772003174 -6.801807403564453 -5.044514179229736
v -1.2760244607925415 -6.441096782684326 -4.429616451263428
v -0.9990631341934204 -6.835725784301758 -5.408692359924316
v -0.6609081625938416 -6.471012592315674 -4.858351707458496
v -0.3427986800670624 -6.143914699554443 -4.363491058349609
v 0.01366233266890049 -5.853621482849121 -3.930008888244629
v -0.713914692401886 -6.071287155151367 -4.094908714294434
v -2.410257577896118 -6.80635404586792 -4.564554214477539
v -2.7802932262420654 -6.776761054992676 -4.440109729766846
v -3.0200154781341553 -6.752166271209717 -4.373438835144043
v -6.745755672454834 -7.379231929779053 -6.255215167999268
v -7.247069835662842 -7.376116752624512 -6.641047954559326
v -7.214003562927246 -7.264980792999268 -6.236934185028076
v -6.580043792724609 -7.148253917694092 -5.605973243713379
v -6.03057336807251 -7.28684139251709 -5.682384967803955
v -5.9177350997924805 -6.9778008460998535 -5.053365230560303
v -5.267892360687256 -6.850377082824707 -4.679136753082275
v -5.788311958312988 -6.6517438888549805 -4.509942054748535
v -7.129581451416016 -7.006032466888428 -5.5370001792907715
v -7.008511066436768 -6.722846031188965 -4.953165054321289
v -6.028531551361084 -6.595452785491943 -4.492532730102539
v -6.492404937744141 -6.804325103759766 -4.93633508682251
v -6.331020355224609 -6.528436660766602 -4.471434593200684
v -5.8721795082092285 -7.6364006996154785 -6.4698920249938965
v -6.154029846191406 -7.666810989379883 -6.742201805114746
v -5.366914749145508 -7.450995922088623 -5.801591396331787
v -5.519669055938721 -7.56004524230957 -6.106675148010254
v -5.569859027862549 -7.716207504272461 -6.541973114013672
v -5.476654529571533 -7.081613540649414 -5.108716011047363
v -7.734346866607666 -7.07420015335083 -6.105664253234863
v -8.24184513092041 -6.890133380889893 -6.172486782073975
v -7.66185998916626 -6.870998382568359 -5.499032497406006
v -8.704501152038574 -6.651033878326416 -6.455073356628418
v -9.110844612121582 -6.2837018966674805 -6.460813522338867
v -5.49888801574707 -5.947030067443848 -3.609126091003418
v -5.646420955657959 -6.29684591293335 -4.034456729888916
v -6.183653354644775 -6.189329624176025 -4.007153034210205
v -6.118860721588135 -5.832231521606445 -3.582780122756958
v -1.1834033727645874 -4.974297523498535 -1.8945201635360718
v -1.514294147491455 -5.06168794631958 -2.086019277572632
v -1.4187699556350708 -4.9817962646484375 -1.8366435766220093
v -1.6369907855987549 -5.241700172424316 -2.4573986530303955
v -1.6999231576919556 -5.371880531311035 -2.667651414871216
v -1.291373372077942 -5.4299187660217285 -2.8863608837127686
v -0.971764087677002 -5.206572532653809 -2.6447577476501465
v -0.7542724609375 -4.946265697479248 -2.0078461170196533
v -0.8123724460601807 -4.988215446472168 -2.146834373474121
v -0.5091694593429565 -5.028740882873535 -2.39459228515625
v -0.9367913603782654 -5.042540550231934 -2.2776787281036377
v -3.0575575828552246 -5.690469741821289 -2.9723353385925293
v -2.936976671218872 -5.434235095977783 -2.6233677864074707
v -2.247879981994629 -5.261746406555176 -2.360283851623535
v -2.298731565475464 -5.342766284942627 -2.515904188156128
v -2.800057888031006 -5.20504903793335 -2.240832805633545
v -2.6992945671081543 -5.104712009429932 -1.9600985050201416
v -2.0044732093811035 -5.047469615936279 -1.797147512435913
v -2.2425551414489746 -5.125081539154053 -2.0238375663757324
v -2.329732894897461 -5.71035623550415 -3.0675084590911865
v -2.561870574951172 -5.442478179931641 -2.6649911403656006
v -1.1915416717529297 -4.963311672210693 -1.32919442653656
v -1.4413217306137085 -4.952133655548096 -1.4949893951416016
v -1.0042550563812256 -5.126483917236328 -0.920849084854126
v -0.570092499256134 -5.233815670013428 -0.7418425679206848
v -0.8507270812988281 -5.2556352615356445 -0.5984976887702942
v -0.35335585474967957 -5.087152004241943 -1.198746919631958
v -0.49648889899253845 -5.040999412536621 -1.427020788192749
v -0.07995112985372543 -5.061531066894531 -0.9848871231079102
v 0.08715078979730606 -4.883704662322998 -2.0011229515075684
v 0.23982150852680206 -4.825838088989258 -1.7408689260482788
v -0.3357030153274536 -4.953872203826904 -1.8371095657348633
v -0.7346343398094177 -4.9739766120910645 -1.7026854753494263
v -0.06467255204916 -4.929292678833008 -1.6320390701293945
v 0.6282238960266113 -4.617404460906982 -1.5991127490997314
v 0.4171087443828583 -4.7338385581970215 -1.5209535360336304
v 0.629619300365448 -4.547731876373291 -1.319247841835022
v 0.1655026376247406 -4.86929178237915 -1.4213848114013672
v 0.3593026399612427 -4.7553606033325195 -1.1996402740478516
v -1.8834373950958252 -4.976956367492676 -1.3865528106689453
v -0.17079535126686096 -5.206009387969971 -2.8369624614715576
v -0.1964445561170578 -5.3210930824279785 -3.0146241188049316
v -0.815921425819397 -5.404049396514893 -3.021266460418701
v -1.1246219873428345 -5.65978479385376 -3.2917654514312744
v -1.0395575761795044 -5.403818130493164 -2.955075263977051
v -0.43396565318107605 -5.199443817138672 -2.7545433044433594
v -0.11261259764432907 -5.051333904266357 -2.534003973007202
v 0.26096293330192566 -4.912592887878418 -2.321570634841919
v -0.09855815768241882 -4.9499664306640625 -2.213927745819092
v 0.33208125829696655 -5.04109525680542 -2.65079402923584
v -0.009653761982917786 -5.500046730041504 -3.345649480819702
v -0.25813931226730347 -5.689603328704834 -3.5840084552764893
v -0.22177298367023468 -5.469473361968994 -3.2432494163513184
v 0.34707728028297424 -5.2672038078308105 -3.0499088764190674
v 0.3520594835281372 -5.573780059814453 -3.556694507598877
v 1.1807770729064941 -4.855561256408691 -2.5596470832824707
v 1.113755702972412 -5.0598297119140625 -2.948310136795044
v 0.7599782943725586 -5.01676082611084 -2.7824594974517822
v 0.6044470071792603 -4.764353275299072 -2.1264965534210205
v 1.1642311811447144 -4.70363712310791 -2.2336790561676025
v 0.7899680137634277 -4.818548679351807 -2.4181339740753174
v 0.8567683100700378 -4.70415735244751 -2.1722331047058105
v 1.2214031219482422 -4.381831169128418 -1.7521346807479858
v 1.0429574251174927 -4.522603988647461 -1.8725720643997192
v 1.4099425077438354 -4.1230645179748535 -1.5577571392059326
v -9.022985458374023 -5.076353549957275 -2.020822763442993
v -9.515499114990234 -4.813807487487793 -2.0446834564208984
v -9.80968952178955 -4.391077518463135 -1.9711527824401855
v -9.432822227478027 -5.859217643737793 -5.678831577301025
v -9.41337776184082 -5.784948825836182 -4.991393089294434
v -9.7927885055542 -5.204900741577148 -4.801454067230225
v -9.7811861038208 -5.188689231872559 -4.55309534072876
v -9.800884246826172 -5.245821475982666 -5.484260559082031
v -9.800610542297363 -5.228989601135254 -5.21898078918457
v -9.939990043640137 -4.890856742858887 -4.6802802085876465
v -9.944334030151367 -4.940313339233398 -5.366247653961182
v -10.068568229675293 -4.619375228881836 -5.2288312911987305
v -10.062546730041504 -4.591054439544678 -4.829041004180908
v -10.191826820373535 -4.217325210571289 -5.041323184967041
v -9.120810508728027 -5.569286823272705 -3.2722012996673584
v -9.627721786499023 -5.16058874130249 -3.2769052982330322
v -9.3992338180542 -5.624378681182861 -4.187896728515625
v -9.351774215698242 -5.581326961517334 -3.831308603286743
v -9.86363697052002 -4.9612040519714355 -4.011602401733398
v -10.01889705657959 -4.56861686706543 -3.8310022354125977
v -9.99835205078125 -4.57822847366333 -3.5507102012634277
v -10.10559368133545 -4.275113105773926 -3.6760828495025635
v -9.150618553161621 -5.2797393798828125 -2.622091770172119
v -9.593388557434082 -4.958543300628662 -2.6096887588500977
v -9.996870994567871 -4.359321594238281 -2.8782670497894287
v -10.195810317993164 -3.75992751121521 -3.2881603240966797
v -10.05184268951416 -4.571498394012451 -4.534851551055908
v -10.036953926086426 -4.562496185302734 -4.176873207092285
v -10.159356117248535 -4.200263500213623 -4.353634834289551
v -10.24702262878418 -3.701695680618286 -3.961824417114258
v -10.26941967010498 -3.873089075088501 -4.867354393005371
v -10.258339881896973 -3.8434975147247314 -4.553945541381836
v -10.226079940795898 -3.1570322513580322 -2.923713445663452
v -10.319450378417969 -3.5860791206359863 -4.715898513793945
v -10.312695503234863 -2.9216420650482178 -3.640223503112793
v -10.25976276397705 -2.8363256454467773 -3.1578562259674072
v -10.28642463684082 -2.5639753341674805 -3.3245391845703125
v -10.378825187683105 -2.970022678375244 -4.389373779296875
v -10.382136344909668 -2.4801883697509766 -4.059530258178711
v -10.352864265441895 -1.8311814069747925 -3.8275890350341797
v -8.643752098083496 -4.1398024559021 0.4563805162906647
v -9.120000839233398 -4.087719917297363 0.30949297547340393
v -9.058853149414062 -3.976807117462158 0.5941817760467529
v -9.539892196655273 -3.5841243267059326 0.44045665860176086
v -9.345333099365234 -4.5000200271606445 -0.9568304419517517
v -9.290635108947754 -4.399921417236328 -0.6472644805908203
v -8.910730361938477 -4.842844486236572 -1.3989453315734863
v -9.397416114807129 -4.596031665802002 -1.2883604764938354
v -9.730071067810059 -3.9409072399139404 -0.7629393935203552
v -9.781091690063477 -4.174508094787598 -1.4083067178726196
v -9.96364974975586 -3.805363893508911 -1.6192467212677002
v -9.988775253295898 -3.444993019104004 -1.3612217903137207
v -8.38602352142334 -4.441669464111328 -0.3398212790489197
v -8.820876121520996 -4.5831074714660645 -0.706648588180542
v -8.662823677062988 -4.392478942871094 -0.1936211735010147
v -9.179163932800293 -4.195892810821533 -0.016587797552347183
v -9.589446067810059 -3.8194830417633057 -0.07699556648731232
v -9.820357322692871 -3.231992244720459 -0.2796615660190582
v -9.750622749328613 -3.0056865215301514 0.1851392686367035
v -9.911812782287598 -2.7752506732940674 -0.8077390789985657
v -9.782548904418945 -2.339804172515869 -0.40068307518959045
v -8.279582977294922 -3.9441912174224854 0.9201784729957581
v -8.928011894226074 -3.739973545074463 1.1813503503799438
v -8.260876655578613 -3.665875196456909 1.5468006134033203
v -9.351603507995605 -3.3862547874450684 1.1508030891418457
v -9.599071502685547 -2.927518129348755 0.9028715491294861
v -9.560534477233887 -2.660137891769409 1.1284546852111816
v -8.754722595214844 -3.4284002780914307 1.8480724096298218
v -8.625232696533203 -3.1967897415161133 2.2636263370513916
v -7.943836212158203 -3.1472721099853516 2.5460941791534424
v -8.451090812683105 -2.8867080211639404 2.754180908203125
v -8.210352897644043 -3.367601156234741 2.1331827640533447
v -9.133285522460938 -2.9942126274108887 1.9509665966033936
v -9.113173484802246 -2.7232906818389893 2.1682374477386475
v -8.950263977050781 -2.3137619495391846 2.5757575035095215
v -9.3204927444458 -2.1419637203216553 1.7809042930603027
v -9.089360237121582 -1.8248902559280396 2.2256553173065186
v -9.660036087036133 -2.3899381160736084 0.45422396063804626
v -9.48811149597168 -1.987433671951294 0.86191326379776
v -9.614371299743652 -1.9344134330749512 0.006902446039021015
v -9.411846160888672 -1.615606665611267 0.4150671064853668
v -9.27861213684082 -1.6308923959732056 1.2700389623641968
v -9.02805233001709 -1.393413782119751 1.6787070035934448
v -9.180315971374512 -1.369457721710205 0.8235102295875549
v -8.876084327697754 -1.1641056537628174 1.2323306798934937
v -10.114171028137207 -3.6805593967437744 -2.4340627193450928
v -10.042917251586914 -3.5464041233062744 -1.800898790359497
v -10.113357543945312 -3.199359893798828 -2.0690085887908936
v -10.043039321899414 -2.718445301055908 -1.6627328395843506
v -10.172962188720703 -2.6952219009399414 -2.523608684539795
v -10.056628227233887 -2.4823484420776367 -1.8688994646072388
v -10.067954063415527 -2.2031848430633545 -2.1109256744384766
v -9.886945724487305 -2.1754443645477295 -1.1588984727859497
v -9.764566421508789 -1.9535892009735107 -0.7620260715484619
v -9.925070762634277 -1.7685465812683105 -1.7037138938903809
v -9.748283386230469 -1.4893678426742554 -1.2959768772125244
v -10.212756156921387 -2.113162040710449 -2.9547111988067627
v -10.09733772277832 -1.6092123985290527 -2.6524817943573
v -10.244351387023926 -1.5889908075332642 -3.316926956176758
v -10.08893871307373 -1.2825822830200195 -2.9873616695404053
v -9.904072761535645 -1.3574581146240234 -2.2420289516448975
v -9.612616539001465 -1.2268755435943604 -1.7668664455413818
v -9.455116271972656 -1.0144351720809937 -2.191598892211914
v -9.571836471557617 -1.6152902841567993 -0.3687843978404999
v -9.357979774475098 -1.4002307653427124 0.08824286609888077
v -9.46452522277832 -1.2939159870147705 -0.887861430644989
v -9.118861198425293 -1.1364268064498901 -0.4793577492237091
v -8.51297378540039 -0.9091755151748657 0.5778834819793701
v -8.975192070007324 -1.162822961807251 0.38801825046539307
v -8.760184288024902 -0.976691484451294 -0.07054716348648071
v -8.39022159576416 -0.8084847927093506 0.33846282958984375
v -8.85666275024414 -0.8474396467208862 -1.1016007661819458
v -8.740415573120117 -0.7194957137107849 -1.374401330947876
v -7.936905860900879 -0.4188013970851898 -0.6465344429016113
v -8.226778984069824 -0.5425751805305481 -0.8202796578407288
v -9.386653900146484 -5.936103343963623 -6.430178165435791
v -9.42711353302002 -5.82979679107666 -7.054072856903076
v -9.738431930541992 -5.3005499839782715 -6.859450817108154
v -9.784220695495605 -5.271296501159668 -6.066601276397705
v -10.022268295288086 -4.687926769256592 -6.581237316131592
v -10.053873062133789 -4.656668663024902 -5.898486614227295
v -10.062972068786621 -4.635337829589844 -5.5456695556640625
v -10.1721830368042 -4.324705123901367 -5.750113487243652
v -10.2814302444458 -3.9550869464874268 -5.577045917510986
v -10.27815055847168 -3.9148752689361572 -5.237529277801514
v -10.326226234436035 -3.7906644344329834 -6.159106254577637
v -9.69438648223877 -5.291684627532959 -7.575549125671387
v -10.273415565490723 -3.962703227996826 -6.940953731536865
v -9.980194091796875 -4.710206985473633 -7.305891036987305
v -10.347638130187988 -3.652212619781494 -5.425108909606934
v -10.454132080078125 -3.151726007461548 -5.8214497566223145
v -10.443687438964844 -3.3342325687408447 -6.603448390960693
v -10.59584903717041 -2.6816086769104004 -6.986507892608643
v -10.638023376464844 -2.2255642414093018 -6.643318176269531
v -10.424970626831055 -3.099837064743042 -5.131011009216309
v -10.46328067779541 -2.4800407886505127 -4.768988609313965
v -10.518680572509766 -2.5538551807403564 -5.474286079406738
v -10.533265113830566 -2.2578911781311035 -5.30149507522583
v -10.521767616271973 -2.0833094120025635 -5.066648483276367
v -10.45107650756836 -2.0216567516326904 -4.441452980041504
v -10.386021614074707 -1.4461513757705688 -4.095962047576904
v -10.49853515625 -1.4583408832550049 -4.8167924880981445
v -10.35703182220459 -1.0868022441864014 -4.529980659484863
v -10.57152271270752 -2.447420120239258 -6.077064514160156
v -10.553099632263184 -2.345258951187134 -5.648815631866455
v -10.590828895568848 -2.0992774963378906 -5.872079372406006
v -10.592339515686035 -1.414028525352478 -5.702240943908691
v -10.647127151489258 -1.6010297536849976 -6.300983905792236
v -10.612053871154785 -1.2259302139282227 -5.966098308563232
v -10.553075790405273 -1.314021110534668 -5.36754035949707
v -10.515308380126953 -1.2286317348480225 -5.096536159515381
v -10.251957893371582 -0.9046710133552551 -4.848221778869629
v -10.382847785949707 -0.965344250202179 -5.594404220581055
v -10.08336353302002 -0.6575155258178711 -5.3538947105407715
v -10.1611967086792 -4.078999996185303 -8.575294494628906
v -10.196722984313965 -4.109694004058838 -7.804645538330078
v -10.43681812286377 -3.426844358444214 -7.420286178588867
v -10.366752624511719 -3.4009721279144287 -9.054533004760742
v -10.401853561401367 -3.445834159851074 -8.439846992492676
v -10.499349594116211 -3.045036554336548 -8.822253227233887
v -10.591056823730469 -2.750120162963867 -8.607389450073242
v -10.589523315429688 -2.8441641330718994 -7.9622111320495605
v -10.664541244506836 -2.4362852573394775 -8.374150276184082
v -10.671419143676758 -2.341193437576294 -7.474298000335693
v -10.697750091552734 -1.8120920658111572 -7.097904205322266
v -10.722537994384766 -1.9410041570663452 -7.951749324798584
v -10.734771728515625 -1.3865151405334473 -7.574224472045898
v -10.580310821533203 -2.606727123260498 -9.251343727111816
v -10.65688705444336 -1.818061351776123 -9.726948738098145
v -10.711194038391113 -1.9479249715805054 -8.887718200683594
v -10.70875358581543 -1.4850350618362427 -9.409368515014648
v -10.750977516174316 -1.450610876083374 -8.458168029785156
v -10.730537414550781 -1.077866554260254 -8.05264949798584
v -10.684660911560059 -1.3155262470245361 -6.7469563484191895
v -10.478399276733398 -0.9670871496200562 -6.511934280395508
v -10.61720085144043 -1.0544613599777222 -7.182412147521973
v -10.327066421508789 -0.8522384762763977 -6.022366523742676
v -10.601153373718262 -0.8119345307350159 -8.517287254333496
v -10.410552024841309 -0.8364281058311462 -6.789267063140869
v -9.888838768005371 -0.3597356379032135 -6.0427775382995605
v -10.525318145751953 -0.8482305407524109 -7.6279215812683105
v -10.300554275512695 -0.6263729333877563 -7.2262492179870605
v -10.396587371826172 -0.617672860622406 -8.082672119140625
v -10.19400691986084 -0.44361189007759094 -7.675313949584961
v -10.162360191345215 -0.5869523882865906 -6.410621166229248
v -9.951349258422852 -0.331230103969574 -6.705961227416992
v -9.799670219421387 -0.24730174243450165 -6.358108997344971
v -9.910670280456543 -0.23640131950378418 -7.278529644012451
v -9.634379386901855 -0.0437958687543869 -6.902802467346191
v -9.816840171813965 -0.6900634765625 -3.7493255138397217
v -9.136653900146484 -0.37032878398895264 -3.012158155441284
v -9.87810230255127 -0.5055510997772217 -4.9233527183532715
v -9.523103713989258 -0.2719944715499878 -4.5187883377075195
v -8.38248348236084 -0.20258323848247528 -2.2537178993225098
v -7.574879169464111 -0.040648479014635086 -1.4651857614517212
v -8.063314437866211 0.3359360694885254 -3.086014986038208
v -8.690865516662598 0.09711140394210815 -3.671013832092285
v -7.228830337524414 0.7103971242904663 -2.362730026245117
v -7.964608669281006 0.5234383344650269 -3.385348081588745
v -6.990665435791016 1.4922261238098145 -3.338351011276245
v -7.19113302230835 1.3326243162155151 -3.497377634048462
v -6.926826000213623 1.702326774597168 -3.6875016689300537
v -9.223649978637695 0.0990692600607872 -5.490904331207275
v -8.569859504699707 0.44090476632118225 -4.639777660369873
v -9.591161727905273 -0.1627667099237442 -5.680066108703613
v -9.532222747802734 -0.08894376456737518 -5.8837690353393555
v -9.465763092041016 -0.009930453263223171 -6.102853298187256
v -9.144701957702637 0.19974860548973083 -5.753705978393555
v -9.336580276489258 0.16391323506832123 -6.544764041900635
v -9.016378402709961 0.3862186670303345 -6.2029337882995605
v -8.930334091186523 0.23536497354507446 -4.979733467102051
v -8.871380805969238 0.32477396726608276 -5.187670707702637
v -8.803454399108887 0.420785129070282 -5.41603946685791
v -8.461846351623535 0.640273928642273 -5.043568134307861
v -8.672801971435547 0.6242283582687378 -5.875583648681641
v -8.322945594787598 0.897368311882019 -5.567651271820068
v -7.79711389541626 0.9022149443626404 -3.977993965148926
v -7.575906753540039 1.439475178718567 -4.988884925842285
v -6.783935070037842 1.7710148096084595 -4.384734630584717
v 11.944289207458496 -5.541861057281494 3.5568394660949707
v 11.455676078796387 -5.453160285949707 3.380500078201294
v 11.480478286743164 -5.397453784942627 3.7078137397766113
v 13.11485767364502 -5.7031989097595215 3.818979263305664
v 12.570921897888184 -5.564881801605225 4.058066368103027
v 13.463138580322266 -5.565577030181885 4.346460342407227
v 13.20960521697998 -5.5267462730407715 4.485889911651611
v 11.57773208618164 -5.263266563415527 4.423198223114014
v 12.46034049987793 -5.285168647766113 4.78190279006958
v 12.101391792297363 -5.302199840545654 4.607428550720215
v 12.15670108795166 -5.182847499847412 4.8971123695373535
v 11.64072036743164 -5.011044025421143 5.0832414627075195
v 12.055867195129395 -5.412201404571533 4.264667510986328
v 14.078798294067383 -6.207101345062256 1.0112979412078857
v 13.54269790649414 -6.172966480255127 0.7517573833465576
v 13.579812049865723 -6.097604751586914 1.1754024028778076
v 12.007591247558594 -5.769089221954346 1.8544199466705322
v 11.365002632141113 -5.826534271240234 1.5731405019760132
v 11.401848793029785 -5.651589393615723 2.111809492111206
v 12.357945442199707 -6.225960731506348 0.17911916971206665
v 11.206072807312012 -6.338444709777832 -0.3948405086994171
v 11.292139053344727 -6.090436935424805 0.6370862126350403
v 13.039488792419434 -5.986144065856934 1.4296562671661377
v 12.458396911621094 -5.9573869705200195 1.1596226692199707
v 12.491908073425293 -5.871151924133301 1.6487663984298706
v 13.072457313537598 -6.130294322967529 0.5704985857009888
v 13.686212539672852 -5.8575439453125 2.6912500858306885
v 13.724922180175781 -5.7507100105285645 3.4628500938415527
v 14.028255462646484 -5.5089826583862305 3.918558359146118
v 14.44665813446045 -5.307289123535156 3.49041748046875
v 14.910908699035645 -5.902463912963867 1.9162118434906006
v 14.76906681060791 -6.1398773193359375 1.4312818050384521
v 13.821460723876953 -6.005858421325684 1.8394920825958252
v 14.288132667541504 -5.886233329772949 2.332282304763794
v 14.194413185119629 -6.05929708480835 1.6594672203063965
v 15.126160621643066 -5.459914684295654 2.164158582687378
v 14.74303150177002 -5.5862202644348145 2.6447362899780273
v 14.2401704788208 -5.684261798858643 3.0830585956573486
v 14.749445915222168 -5.0483198165893555 3.046825647354126
v 14.921941757202148 -4.714309215545654 2.5888078212738037
v 12.89195442199707 -5.769333839416504 3.1172120571136475
v 12.526782035827637 -5.739442348480225 2.9518837928771973
v 12.534951210021973 -5.7034783363342285 3.2904086112976074
v 12.891040802001953 -5.842555999755859 2.275925874710083
v 12.512007713317871 -5.813214302062988 2.093691349029541
v 12.522929191589355 -5.7752885818481445 2.4415476322174072
v 11.956598281860352 -5.650812149047852 2.696348190307617
v 11.418204307556152 -5.573553562164307 2.4777028560638428
v 11.435996055603027 -5.516225814819336 2.915142297744751
v 3.6138057708740234 -1.578701138496399 3.9982690811157227
v 3.1077234745025635 -1.5639276504516602 4.132000923156738
v 3.753385066986084 -1.3229812383651733 4.538149833679199
v 3.2677807807922363 -1.335538387298584 4.641206741333008
v 4.245273113250732 -1.2852929830551147 4.426918983459473
v 4.423833847045898 -1.1192500591278076 4.894223690032959
v 5.05977201461792 -1.0942178964614868 5.142602443695068
v 4.603959560394287 -1.0193874835968018 5.3698811531066895
v 3.9299263954162598 -1.1270850896835327 5.020875930786133
v 3.439148426055908 -1.1417144536972046 5.13505220413208
v 4.105365753173828 -1.0059484243392944 5.505051136016846
v 4.800049304962158 -0.9348642826080322 5.802697658538818
v 5.3579301834106445 -0.9783206582069397 5.670856475830078
v 5.300361633300781 -0.7520292401313782 6.022660732269287
v 5.0405988693237305 -0.7618837952613831 6.144218921661377
v 3.6477255821228027 -1.0005524158477783 5.729297637939453
v 3.783203601837158 -0.9374924898147583 6.106323719024658
v 4.328726768493652 -0.8384832739830017 6.426804065704346
v 3.9824318885803223 -0.8042751550674438 6.524419784545898
v 4.0628743171691895 -0.9544803500175476 6.035559177398682
v 6.901361465454102 -4.844121932983398 -1.5792407989501953
v 6.640649795532227 -4.826844692230225 -1.6715790033340454
v 10.047609329223633 -6.324300765991211 -1.0603053569793701
v 10.076095581054688 -6.3085737228393555 -0.6478464603424072
v 9.622420310974121 -6.266583442687988 -0.2527692914009094
v 9.021492004394531 -6.313548564910889 -0.42103466391563416
v 9.15739917755127 -6.251506805419922 0.16115081310272217
v 9.692389488220215 -6.323561191558838 -1.091578722000122
v 9.249947547912598 -6.31553316116333 -0.9417816996574402
v 8.89854621887207 -6.2456159591674805 -1.2504899501800537
v 8.941694259643555 -6.3228983879089355 -0.8593235611915588
v 8.068581581115723 -6.2435994148254395 0.20368675887584686
v 7.566623210906982 -6.129765510559082 0.26634612679481506
v 6.938131332397461 -6.146352767944336 -0.30363500118255615
v 7.092567443847656 -6.010532855987549 0.3349449038505554
v 8.474051475524902 -5.949555397033691 -1.3328676223754883
v 7.997081279754639 -5.62113094329834 -1.3829119205474854
v 8.115062713623047 -6.155981540679932 -1.0948519706726074
v 7.138376235961914 -6.1009039878845215 -0.898791491985321
v 6.761183261871338 -5.924378395080566 -0.9327856302261353
v 7.440596580505371 -5.279007911682129 -1.4419710636138916
v 6.954545974731445 -5.499597072601318 -1.2342723608016968
v 8.573590278625488 -6.306700229644775 -0.7846049070358276
v 7.9829487800598145 -6.281835079193115 -0.4210905134677887
v 7.576198101043701 -5.974364757537842 -1.075779676437378
v 7.4425435066223145 -6.235775470733643 -0.5083758234977722
v 3.1707613468170166 -3.6404635906219482 1.9107613563537598
v 2.6698861122131348 -3.579314708709717 1.9122906923294067
v 4.535083770751953 -4.624686241149902 1.0831975936889648
v 3.8479013442993164 -4.998779773712158 0.7799943685531616
v 4.046301364898682 -4.093269348144531 1.530892252922058
v 3.4043524265289307 -4.476390838623047 1.265267252922058
v 3.15193772315979 -5.245924949645996 0.5944429039955139
v 2.5516674518585205 -5.4231858253479 0.4034259021282196
v 5.2817206382751465 -4.92773962020874 -2.0043725967407227
v 5.920633792877197 -4.841408729553223 -1.8901562690734863
v 5.319782257080078 -4.871797561645508 -1.7103204727172852
v 4.092191696166992 -4.91425085067749 -1.6950035095214844
v 5.038843154907227 -4.848488807678223 -1.6429208517074585
v 4.61992883682251 -4.9593424797058105 -1.7943296432495117
v 4.791296482086182 -4.813501358032227 -1.5894685983657837
v 4.289217948913574 -4.6971564292907715 -1.5006778240203857
v 5.935860633850098 -5.080603122711182 -1.3489233255386353
v 5.477907657623291 -4.82781982421875 -1.4737391471862793
v 5.465253829956055 -5.011756420135498 -1.2976447343826294
v 6.009377956390381 -4.773833751678467 -1.604544997215271
v 6.474414825439453 -5.064386367797852 -1.43996262550354
v 4.982395172119141 -4.708730220794678 -1.3829679489135742
v 4.629188537597656 -4.874919414520264 -1.2565115690231323
v 5.160738945007324 -5.087682247161865 -1.175368309020996
v 4.854045867919922 -5.15446662902832 -1.0599408149719238
v 3.2180254459381104 -4.666182518005371 -1.5726003646850586
v 2.9358487129211426 -4.793176651000977 -1.7224271297454834
v 3.320206642150879 -4.353538513183594 -1.3934460878372192
v 2.6333563327789307 -4.353351593017578 -1.5224322080612183
v 2.1450469493865967 -3.9979805946350098 -1.460669755935669
v 2.8563759326934814 -4.135441303253174 -1.3486331701278687
v 2.30199933052063 -4.28491735458374 -1.263608694076538
v 3.313988208770752 -4.508383274078369 -1.2171459197998047
v 2.9676673412323 -4.514970302581787 -1.1686971187591553
v 2.5835070610046387 -4.600410461425781 -1.088861107826233
v 3.140577554702759 -4.903992176055908 -0.9738807082176208
v 2.48138427734375 -5.154689311981201 -0.7775866389274597
v 3.589437246322632 -4.796629428863525 -1.6159136295318604
v 3.803471088409424 -4.530703067779541 -1.435245156288147
v 4.109502792358398 -4.727826118469238 -1.2814321517944336
v 3.683497190475464 -4.564639091491699 -1.2876874208450317
v 4.4166083335876465 -5.006990909576416 -1.0719953775405884
v 3.8488142490386963 -4.815289497375488 -1.0768450498580933
v 6.321774959564209 -6.002028465270996 -0.16295677423477173
v 5.9401936531066895 -5.909341812133789 -0.10279012471437454
v 6.051480770111084 -5.6245527267456055 0.45083168148994446
v 5.481766700744629 -5.486258029937744 0.4433058500289917
v 5.104910373687744 -5.56514310836792 0.2101389467716217
v 5.063342571258545 -5.116457939147949 0.7223532795906067
v 5.475907325744629 -5.81496524810791 -0.12065774947404861
v 5.010181903839111 -5.803800582885742 -0.49557948112487793
v 4.921623229980469 -5.712269306182861 -0.1575639694929123
v 6.384663105010986 -5.483955383300781 -1.1526565551757812
v 5.778631687164307 -5.430149555206299 -1.0617841482162476
v 6.349495887756348 -5.981095314025879 -0.7841525673866272
v 5.800784111022949 -5.963832855224609 -0.6212953329086304
v 5.288485050201416 -5.4752936363220215 -0.9063770174980164
v 4.807157039642334 -5.428127288818359 -0.8027856349945068
v 5.294149398803711 -5.790397644042969 -0.6250219345092773
v 4.475547790527344 -5.568385124206543 -0.5035551190376282
v 3.7505581378936768 -5.692678451538086 -0.32235774397850037
v 2.4308552742004395 -5.672965049743652 -0.029894445091485977
v 3.7667641639709473 -5.294320106506348 -0.7412910461425781
v 3.0928428173065186 -5.490908145904541 -0.5921708345413208
v 2.4686543941497803 -5.69944429397583 -0.4320397675037384
v 3.6507105827331543 -5.468300819396973 0.22671449184417725
v 4.476337432861328 -5.378009796142578 0.2186775654554367
v 3.014281988143921 -5.657900333404541 -0.05195401608943939
v 4.284786224365234 -5.185710430145264 -0.8528271913528442
v 9.797174453735352 -5.38649320602417 2.5828938484191895
v 9.111722946166992 -5.44798469543457 2.259946346282959
v 9.444988250732422 -5.128955364227295 3.034663677215576
v 7.00370979309082 -4.675399303436279 2.0308775901794434
v 8.29560661315918 -5.1034650802612305 2.392430067062378
v 11.144291877746582 -4.858675003051758 5.228353500366211
v 10.58833122253418 -4.660515785217285 5.467349529266357
v 10.02253532409668 -4.438779354095459 5.679663181304932
v 9.542304992675781 -4.318399429321289 5.510918617248535
v 10.52293872833252 -4.824151039123535 4.840514183044434
v 9.990354537963867 -4.675817012786865 4.809003829956055
v 9.499402046203613 -4.434478282928467 5.072397232055664
v 10.448796272277832 -5.0200090408325195 4.044705390930176
v 10.90662956237793 -5.365325450897217 3.1516876220703125
v 10.355890274047852 -5.2717509269714355 2.9384119510650635
v 10.38577938079834 -5.190032958984375 3.3152806758880615
v 9.47693157196045 -4.866384506225586 3.576375961303711
v 9.870655059814453 -5.004415988922119 3.4907586574554443
v 9.938762664794922 -4.823730945587158 4.209820747375488
v 10.96301555633545 -5.211677551269531 3.8786780834198
v 11.033768653869629 -5.028590202331543 4.581526756286621
v 9.344529151916504 -4.572869300842285 4.419806003570557
v 8.927464485168457 -4.375813961029053 4.502315044403076
v 8.372118949890137 -3.984598398208618 4.109312534332275
v 8.438706398010254 -3.8756914138793945 4.613857269287109
v 7.656714916229248 -3.666027545928955 3.6676440238952637
v 8.68970775604248 -3.9508535861968994 5.259565353393555
v 9.026190757751465 -4.166676044464111 5.354596138000488
v 9.089518547058105 -3.992227792739868 5.87143611907959
v 8.623001098632812 -3.7244808673858643 5.95493745803833
v 8.02447509765625 -3.2898170948028564 5.087250232696533
v 7.533860683441162 -2.7732303142547607 4.972116470336914
v 7.615941047668457 -2.7412986755371094 5.387324333190918
v 7.963090896606445 -3.340036153793335 4.712418556213379
v 8.921581268310547 -4.915596008300781 3.114753484725952
v 8.855416297912598 -4.534156799316406 3.8123743534088135
v 8.258225440979004 -4.375906944274902 3.371816396713257
v 10.534980773925781 -5.876255989074707 1.310997486114502
v 9.50030517578125 -6.13392972946167 0.5392869114875793
v 9.089385986328125 -6.114226818084717 0.7731929421424866
v 9.966768264770508 -6.080230236053467 0.5493906140327454
v 9.670892715454102 -5.838046073913574 1.4680140018463135
v 9.017295837402344 -5.883263111114502 1.4052133560180664
v 10.275894165039062 -5.595773220062256 2.147794485092163
v 10.292939186096191 -6.241914749145508 -0.1739957332611084
v 10.148296356201172 -6.036735534667969 0.35895031690597534
v 8.558749198913574 -5.761713981628418 1.5524178743362427
v 8.169156074523926 -6.070505142211914 0.7924286723136902
v 8.074417114257812 -5.670626163482666 1.5049312114715576
v 8.582104682922363 -6.263789653778076 0.1584678292274475
v 8.673968315124512 -6.072562217712402 0.9263795018196106
v 7.710378170013428 -5.833845615386963 1.0402404069900513
v 7.114278316497803 -5.609633445739746 1.00491201877594
v 7.60903787612915 -5.240759372711182 1.8113514184951782
v 10.980916976928711 -5.558049201965332 2.291829824447632
v 5.056126117706299 -2.130768299102783 2.6965019702911377
v 6.901202201843262 -2.994554042816162 3.5694384574890137
v 6.291082859039307 -2.032567024230957 3.7725889682769775
v 5.526893615722656 -1.2363512516021729 3.9978318214416504
v 5.208161354064941 -1.2435885667800903 3.7920801639556885
v 5.277127265930176 -1.1367815732955933 4.079014778137207
v 6.131671905517578 -2.668238639831543 3.1338651180267334
v 5.630085468292236 -2.172557830810547 2.965648651123047
v 5.673335552215576 -1.9460718631744385 3.2944910526275635
v 5.147871494293213 -1.5136430263519287 3.4900870323181152
v 5.7892913818359375 -1.4839963912963867 3.911630630493164
v 6.165024280548096 -3.6550607681274414 2.3781540393829346
v 6.592617511749268 -4.786985397338867 1.6311215162277222
v 6.593678951263428 -4.1977763175964355 2.2007267475128174
v 5.07243013381958 -3.2040700912475586 2.2137436866760254
v 5.500746250152588 -3.0580132007598877 2.4233782291412354
v 5.686236381530762 -2.6989238262176514 2.745931625366211
v 6.10991907119751 -4.803834438323975 1.3588987588882446
v 5.59316873550415 -4.941493034362793 1.0365902185440063
v 5.590699195861816 -3.9485530853271484 1.8610541820526123
v 5.087674140930176 -4.248842239379883 1.487186312675476
v 6.726174354553223 -3.9549472332000732 2.530219554901123
v 7.382762432098389 -4.139627933502197 2.872805595397949
v 6.636753559112549 -3.4154245853424072 2.947053909301758
v 4.161110877990723 -2.163191556930542 3.1115968227386475
v 4.591548919677734 -2.6300148963928223 2.5877015590667725
v 4.102760314941406 -3.090562105178833 2.3662807941436768
v 4.517009258270264 -1.871207594871521 3.054605722427368
v 3.5235555171966553 -2.6842856407165527 2.785715103149414
v 2.813689708709717 -2.7121448516845703 2.689476728439331
v 3.6922178268432617 -1.9509449005126953 3.4929697513580322
v 3.0541834831237793 -1.9571301937103271 3.5353851318359375
v 3.6590638160705566 -3.62880277633667 1.9426846504211426
v 4.887514591217041 -1.438119649887085 3.5914411544799805
v 4.560901641845703 -1.645277500152588 3.3933987617492676
v 4.617916584014893 -1.447706937789917 3.6956467628479004
v 4.094600677490234 -1.5179049968719482 3.8884289264678955
v 4.759780406951904 -1.216546893119812 4.253329753875732
v 4.584015846252441 -3.617502450942993 1.9126240015029907
v 7.130510330200195 -2.3801138401031494 4.84527587890625
v 6.460251331329346 -1.8127753734588623 4.560720920562744
v 6.558417797088623 -1.7960485219955444 4.926284313201904
v 7.3815598487854 -2.9304144382476807 4.170759677886963
v 6.899147987365723 -2.3732779026031494 4.272015571594238
v 6.198882579803467 -1.625625491142273 4.4172682762146
v 5.85814094543457 -1.4175776243209839 4.211546421051025
v 5.927358150482178 -1.4252463579177856 4.482368469238281
v 5.427498817443848 -1.1920074224472046 4.620176315307617
v 6.081650257110596 -1.452326774597168 5.013791561126709
v 5.596723556518555 -1.2135372161865234 5.112185478210449
v 7.1640238761901855 -2.2342772483825684 5.427758693695068
v 6.707126140594482 -1.81247079372406 5.4716973304748535
v 6.256152629852295 -1.4465057849884033 5.50301456451416
v 5.80035924911499 -1.1566482782363892 5.533527851104736
v 6.455223560333252 -1.3957427740097046 5.940060615539551
v 6.051962375640869 -0.9934446811676025 5.860981464385986
v 4.702227592468262 -1.122239589691162 4.821788787841797
v 5.584293365478516 -0.7778326272964478 5.909749984741211
v 6.697687149047852 -5.883919715881348 0.36922815442085266
v 6.53659200668335 -5.440123081207275 0.9252185821533203
v 13.5361909866333 -5.096464157104492 4.764546871185303
v 12.759804725646973 -4.990590572357178 5.196456432342529
v 13.1922607421875 -4.470566749572754 5.057736873626709
v 12.316625595092773 -4.875124454498291 5.386411666870117
v 11.766875267028809 -4.731965065002441 5.635420322418213
v 12.552763938903809 -4.464048385620117 5.491473197937012
v 12.401623725891113 -4.198110580444336 5.60150671005249
v 12.070415496826172 -4.203956604003906 5.837860107421875
v 12.786612510681152 -4.141075611114502 5.254467010498047
v 12.217928886413574 -3.9516754150390625 5.678440093994141
v 12.40860366821289 -3.65712571144104 5.283440589904785
v 13.969326972961426 -4.949339866638184 4.334822177886963
v 14.292649269104004 -4.762053489685059 3.836606502532959
v 14.47990608215332 -4.443338394165039 3.3511409759521484
v 14.618037223815918 -4.191562652587891 2.8201804161071777
v 13.76720142364502 -4.5740556716918945 4.502185821533203
v 13.408784866333008 -4.104795932769775 4.651361465454102
v 13.953158378601074 -4.258693695068359 4.033707618713379
v 13.571770668029785 -3.825744390487671 4.154954433441162
v 13.093412399291992 -3.8515264987945557 4.72601842880249
v 13.15506362915039 -3.5265514850616455 4.237666130065918
v 13.065093040466309 -3.6255247592926025 4.5233259201049805
v 12.94207763671875 -3.385911226272583 4.276735305786133
v 12.588735580444336 -3.370565176010132 4.81732177734375
v 14.272028923034668 -4.1879472732543945 3.453026294708252
v 13.703803062438965 -3.6687469482421875 3.6295011043548584
v 14.11410903930664 -3.736523389816284 3.0191783905029297
v 13.85378360748291 -3.560544490814209 3.0835418701171875
v 13.31175422668457 -3.391578435897827 3.711516857147217
v 12.915426254272461 -3.1194140911102295 3.782815933227539
v 12.812567710876465 -3.21339750289917 4.111557483673096
v 13.458512306213379 -3.2984066009521484 3.1662425994873047
v 13.069170951843262 -3.0121054649353027 3.2483770847320557
v 9.234164237976074 -3.7990360260009766 6.466439247131348
v 8.721946716308594 -3.483816146850586 6.590770244598389
v 8.899336814880371 -3.1855852603912354 7.101948261260986
v 8.199834823608398 -3.261458158493042 6.260517597198486
v 8.2764892578125 -3.1950130462646484 6.630380153656006
v 7.753015995025635 -2.7755558490753174 6.227268695831299
v 7.842681407928467 -2.7752296924591064 6.622901916503906
v 8.451359748840332 -2.8842806816101074 7.1204352378845215
v 8.029433250427246 -2.530151605606079 7.089154243469238
v 9.499013900756836 -3.2056708335876465 7.089731216430664
v 9.124467849731445 -2.809704065322876 7.228588104248047
v 8.703815460205078 -2.4491143226623535 7.2297234535217285
v 8.255352973937988 -2.141289472579956 7.192873954772949
v 7.321154594421387 -2.3173675537109375 6.208841800689697
v 7.430438995361328 -2.3036975860595703 6.5849761962890625
v 6.913858890533447 -1.8751847743988037 6.250678062438965
v 7.000110149383545 -1.7983790636062622 6.499999046325684
v 7.1608500480651855 -1.7502636909484863 6.730343818664551
v 7.772863864898682 -1.895243525505066 7.085947036743164
v 5.2186665534973145 -0.5884577631950378 6.256237506866455
v 5.11129093170166 -0.4509190022945404 6.421037197113037
v 4.775102138519287 -0.538819432258606 6.595029354095459
v 4.258037567138672 -0.40377503633499146 6.759027004241943
v 4.952723979949951 -0.2779104709625244 6.564634799957275
v 4.574705123901367 0.1434933990240097 6.658639430999756
v 10.645907402038574 -4.511050701141357 5.975573539733887
v 10.94994068145752 -4.0658698081970215 6.522090911865234
v 11.220108032226562 -4.589687824249268 5.883410453796387
v 11.763294219970703 -4.193892002105713 6.040676116943359
v 10.161615371704102 -4.231276512145996 6.277950286865234
v 9.663803100585938 -4.003141403198242 6.411958694458008
v 10.360687255859375 -3.8821282386779785 6.720815658569336
v 9.758438110351562 -3.6308987140655518 6.905501365661621
v 11.461420059204102 -4.164994239807129 6.222652435302734
v 11.239075660705566 -3.4942383766174316 6.296861171722412
v 10.599552154541016 -3.510148286819458 6.7253875732421875
v 10.215740203857422 -3.098270893096924 6.821075916290283
v 10.853842735290527 -3.093796491622925 6.392592906951904
v 10.445059776306152 -2.7126638889312744 6.435977458953857
v 11.840627670288086 -3.5190300941467285 5.789111614227295
v 11.449618339538574 -3.157224416732788 5.890524387359619
v 12.014546394348145 -3.2529029846191406 5.356828689575195
v 11.62356948852539 -2.9067399501800537 5.424894332885742
v 11.046133995056152 -2.788407325744629 5.9503302574157715
v 10.62635326385498 -2.4279778003692627 5.9732890129089355
v 11.218070983886719 -2.611522674560547 5.467668056488037
v 10.796277046203613 -2.3164496421813965 5.484561920166016
v 9.810072898864746 -2.713735342025757 6.871860980987549
v 9.389759063720703 -2.344808340072632 6.904664039611816
v 10.022065162658691 -2.3581581115722656 6.453763484954834
v 9.593384742736816 -2.0205774307250977 6.452537536621094
v 8.957673072814941 -2.02612042427063 6.906129360198975
v 8.54975414276123 -1.694056749343872 6.88663911819458
v 9.16232967376709 -1.6824671030044556 6.443702697753906
v 8.723130226135254 -1.3540884256362915 6.428138256072998
v 10.196646690368652 -2.1056067943573 5.975805759429932
v 9.76558780670166 -1.8015599250793457 5.9648661613464355
v 10.364988327026367 -2.0208888053894043 5.485355377197266
v 9.935665130615234 -1.7109670639038086 5.47750997543335
v 9.330988883972168 -1.489080786705017 5.949606895446777
v 8.891892433166504 -1.1622287034988403 5.9344482421875
v 9.50505256652832 -1.38569974899292 5.463956356048584
v 9.065633773803711 -1.0475436449050903 5.449370861053467
v 12.187519073486328 -3.0773584842681885 4.8757123947143555
v 11.785348892211914 -2.7952842712402344 4.932171821594238
v 12.35128402709961 -2.971083402633667 4.363306999206543
v 11.948368072509766 -2.691102981567383 4.425548076629639
v 11.377362251281738 -2.510693311691284 4.9760212898254395
v 10.960198402404785 -2.2110462188720703 4.996695041656494
v 11.538806915283203 -2.4083855152130127 4.475062370300293
v 11.120064735412598 -2.111344337463379 4.501450538635254
v 12.596811294555664 -2.901571273803711 3.841219186782837
v 12.681952476501465 -2.7262885570526123 3.341736078262329
v 12.329148292541504 -2.457329511642456 3.4112906455993652
v 12.119231224060059 -2.562882661819458 3.927419900894165
v 11.713655471801758 -2.2740094661712646 3.9843552112579346
v 11.295495986938477 -1.9627152681350708 4.011210918426514
v 11.87928581237793 -2.1361515522003174 3.4730491638183594
v 11.466131210327148 -1.82060706615448 3.5118017196655273
v 10.535478591918945 -1.9097033739089966 5.003267288208008
v 10.107680320739746 -1.5858488082885742 4.998439788818359
v 10.697189331054688 -1.7886738777160645 4.515594959259033
v 10.27348518371582 -1.454552173614502 4.520147800445557
v 9.438858032226562 -0.7327956557273865 4.516118049621582
v 10.627569198608398 -1.1626290082931519 3.5494346618652344
v 9.794790267944336 -0.42752349376678467 3.5880484580993652
v 6.672422409057617 -1.3043529987335205 6.334962844848633
v 6.326189041137695 -0.794197142124176 6.141204357147217
v 6.96442174911499 -1.0656437873840332 6.563963413238525
v 6.466854095458984 -0.6778765320777893 6.2286224365234375
v 6.6763787269592285 -0.47448572516441345 6.251412391662598
v 8.07245922088623 -1.3861793279647827 6.835456848144531
v 7.591526985168457 -1.134827733039856 6.740011215209961
v 8.27607250213623 -1.0420340299606323 6.400068283081055
v 7.814012050628662 -0.7506892681121826 6.342423439025879
v 7.331459045410156 -0.4890548884868622 6.246265888214111
v 6.843557834625244 -0.2485695332288742 6.142333507537842
v 8.454039573669434 -0.8003860116004944 5.919762134552002
v 8.009415626525879 -0.4366976320743561 5.892444610595703
v 8.62733268737793 -0.6888817548751831 5.435272693634033
v 8.19005298614502 -0.30688706040382385 5.423334121704102
v 7.5476837158203125 -0.10914069414138794 5.847445964813232
v 7.086365222930908 0.18699584901332855 5.794149398803711
v 7.746050834655762 0.06691022962331772 5.405599117279053
v 7.300659656524658 0.4512512981891632 5.378743648529053
v 5.380894660949707 -0.4035831093788147 6.266305446624756
v 5.910065650939941 -0.4753457307815552 6.093938827514648
v 5.610763072967529 -0.1283024251461029 6.21704626083374
v 4.860894203186035 0.5805487036705017 6.361328601837158
v 5.3486833572387695 0.40765872597694397 6.225493907928467
v 6.314812660217285 -0.06330080330371857 6.092525959014893
v 5.9268903732299805 0.3392433524131775 6.025211811065674
v 5.489449501037598 0.6423366665840149 5.993229866027832
v 5.046810150146484 0.9596860408782959 5.968578815460205
v 6.631893157958984 0.4877236783504486 5.7419753074646
v 6.168572425842285 0.7404249906539917 5.646984100341797
v 6.850212097167969 0.8263608813285828 5.334415435791016
v 6.386536121368408 1.1209579706192017 5.2367753982543945
v 5.711775302886963 1.0310512781143188 5.591400623321533
v 5.249499797821045 1.3193036317825317 5.5320611000061035
v 5.9213666915893555 1.3997405767440796 5.167640686035156
v 5.326341152191162 1.7024413347244263 5.049239158630371
v 8.571274757385254 0.009603902697563171 4.516221523284912
v 8.374321937561035 -0.1694006323814392 4.963072299957275
v 7.934577465057373 0.21192029118537903 4.949184894561768
v 7.493521690368652 0.609035849571228 4.928940296173096
v 8.134003639221191 0.3992164433002472 4.505640983581543
v 7.689035892486572 0.7878388166427612 4.47974967956543
v 8.951981544494629 0.36099106073379517 3.607529878616333
v 8.765887260437012 0.1893489956855774 4.063876628875732
v 8.330964088439941 0.5864604115486145 4.0567851066589355
v 7.884700298309326 0.9757900834083557 4.028223037719727
v 8.5198335647583 0.7611328363418579 3.598562479019165
v 8.076803207397461 1.1570045948028564 3.570992946624756
v 5.775099277496338 2.168497085571289 4.185215950012207
v 7.050223350524902 1.0149345397949219 4.899601459503174
v 6.585267066955566 1.3498510122299194 4.805754661560059
v 7.242991924285889 1.197312593460083 4.453949451446533
v 6.773626327514648 1.5118368864059448 4.342658519744873
v 6.105616092681885 1.6747725009918213 4.703250885009766
v 5.494292736053467 2.000746726989746 4.5662946701049805
v 6.296846389770508 1.866355299949646 4.250131130218506
v 6.182226181030273 2.289977550506592 3.7324721813201904
v 6.170266151428223 2.5737013816833496 3.1924798488616943
v 7.437452793121338 1.3772333860397339 3.994454860687256
v 6.969185829162598 1.7178711891174316 3.900801658630371
v 7.629304885864258 1.5493359565734863 3.5245842933654785
v 7.161373138427734 1.9244840145111084 3.452394485473633
v 6.48951530456543 2.072425603866577 3.803164482116699
v 6.509856224060059 2.371905565261841 3.29294490814209
v -2.132615804672241 -2.798462390899658 3.7776925563812256
v -2.3642871379852295 -3.090925931930542 3.369140625
v -1.8575382232666016 -2.207369327545166 4.350218772888184
v -2.2773678302764893 -4.31850004196167 0.8273917436599731
v -2.4904870986938477 -4.4098124504089355 0.6281918287277222
v -2.9462411403656006 -4.102181434631348 1.0982704162597656
v -2.2634952068328857 -3.990356683731079 1.4253829717636108
v -1.3600877523422241 -3.500049591064453 2.141655445098877
v -1.523526668548584 -3.801607131958008 1.6651664972305298
v -2.815389633178711 -3.835179328918457 1.6924951076507568
v -2.6667799949645996 -3.6107370853424072 2.2321560382843018
v -1.9596198797225952 -3.4912831783294678 2.459625244140625
v -2.5290231704711914 -3.3741190433502197 2.8019814491271973
v -2.229675531387329 -3.703359603881836 2.025742769241333
v -1.8580737113952637 -4.42698860168457 0.6179413199424744
v -1.7910406589508057 -4.104905605316162 1.1836689710617065
v -1.477650761604309 -4.6508469581604 0.39039212465286255
v -1.1616768836975098 -4.542937278747559 0.7695401310920715
v -0.7261967658996582 -3.8848299980163574 1.6326751708984375
v -0.9273505210876465 -4.24357795715332 1.2408746480941772
v -1.1868013143539429 -3.1778054237365723 2.6285173892974854
v -0.7742313146591187 -2.7641289234161377 2.8685474395751953
v -1.8060563802719116 -3.1905152797698975 3.038703680038452
v -1.3337196111679077 -2.860002040863037 3.312267780303955
v -1.6185710430145264 -2.8634138107299805 3.497791290283203
v -0.7186975479125977 -2.3491904735565186 3.3376965522766113
v -1.1847960948944092 -2.443950891494751 3.71989369392395
v -1.1388708353042603 -2.017385244369507 4.0753655433654785
v -1.7794537544250488 -1.9453961849212646 4.535488605499268
v -0.618852972984314 -1.8289244174957275 3.6767919063568115
v -0.3954063355922699 -3.040477991104126 2.216775417327881
v 0.17021527886390686 -2.6011688709259033 1.9845249652862549
v -0.24834023416042328 -2.660032272338867 2.3735361099243164
v -0.19676274061203003 -2.150202512741089 2.8326005935668945
v -0.1306476891040802 -1.6776179075241089 3.2348504066467285
v -0.3915356695652008 -1.760675311088562 3.4725892543792725
v 0.3000921308994293 -2.0054495334625244 2.3911516666412354
v 0.03857126459479332 -2.0745930671691895 2.61777663230896
v 0.3761279284954071 -1.5989372730255127 2.8431594371795654
v -3.8222384452819824 -3.4614033699035645 2.1509597301483154
v -5.071996212005615 -3.477926731109619 1.4713187217712402
v -4.877234935760498 -3.140786647796631 2.386763334274292
v -3.7173991203308105 -3.281418800354004 2.6279184818267822
v -2.834379196166992 -3.295236587524414 2.9328360557556152
v -3.1486661434173584 -3.372807025909424 2.686638355255127
v -3.574007987976074 -3.0358946323394775 3.188046932220459
v -4.724416732788086 -2.937696695327759 2.9279942512512207
v -4.594138145446777 -2.655568838119507 3.5140790939331055
v -4.359323024749756 -3.316152572631836 2.2055232524871826
v -4.230493068695068 -3.095808506011963 2.7979958057403564
v -7.227766036987305 -2.941866874694824 2.8538050651550293
v -6.242630481719971 -2.8145973682403564 2.9747462272644043
v -6.661365032196045 -3.0167295932769775 2.575913667678833
v -6.50783634185791 -2.766449451446533 3.101463556289673
v -7.169979572296143 -2.619080066680908 3.4130752086639404
v -5.515244960784912 -2.3460793495178223 3.83323335647583
v -5.805105209350586 -2.5998854637145996 3.395672082901001
v -6.339780807495117 -2.4741194248199463 3.605407238006592
v -6.890869617462158 -2.298527717590332 3.8215413093566895
v -6.143360137939453 -2.131255865097046 4.046066761016846
v -6.762063503265381 -1.8611489534378052 4.227170944213867
v -5.950954437255859 -2.865309476852417 2.833437204360962
v -6.30138635635376 -3.3183071613311768 1.714708685874939
v -6.087818622589111 -3.1017327308654785 2.2593085765838623
v -5.278905868530273 -3.0197701454162598 2.5391387939453125
v -5.265246868133545 -2.7453155517578125 3.1573498249053955
v -5.109302997589111 -2.477302312850952 3.6885488033294678
v -2.898524761199951 -2.9421732425689697 3.533385753631592
v -3.40891170501709 -2.75110125541687 3.698549747467041
v -2.711010456085205 -2.6171529293060303 3.9940857887268066
v -3.3340229988098145 -2.37400221824646 4.186666965484619
v -3.655277729034424 -2.6578171253204346 3.7763466835021973
v -4.09458589553833 -2.8280181884765625 3.3847267627716064
v -3.915714979171753 -2.5547304153442383 3.854365587234497
v -4.420517444610596 -2.3560945987701416 4.005584239959717
v -3.7195591926574707 -2.2150163650512695 4.296422004699707
v -4.217802047729492 -2.0039100646972656 4.432060718536377
v -2.4965455532073975 -2.244843006134033 4.396756172180176
v -3.17099666595459 -1.9720735549926758 4.595019817352295
v -2.2525715827941895 -1.820148229598999 4.732913017272949
v -2.75785493850708 -1.6220066547393799 4.88538932800293
v -3.497195243835449 -1.8286980390548706 4.679251194000244
v -3.986496925354004 -1.6022008657455444 4.795069694519043
v -3.7261099815368652 -1.148945689201355 5.092166423797607
v -5.42366361618042 -1.9511215686798096 4.2939133644104
v -4.946214199066162 -1.6772189140319824 4.612053394317627
v -5.914104461669922 -1.7273705005645752 4.413143634796143
v -6.385055065155029 -1.454527497291565 4.489213943481445
v -5.653428077697754 -1.2701913118362427 4.709667682647705
v -5.081064701080322 -1.3530025482177734 4.7836012840271
v -5.965865135192871 -0.7957107424736023 4.742203235626221
v -5.077160358428955 -2.103580951690674 4.20556640625
v -4.709900856018066 -1.7844520807266235 4.554811000823975
v -4.463533878326416 -1.3548640012741089 4.88314962387085
v -4.922791004180908 -1.0759620666503906 4.93199348449707
v -4.1829400062561035 -0.8647946715354919 5.13496208190918
v -5.349880695343018 -0.7390944957733154 4.908990383148193
v -4.9444899559021 -0.13806311786174774 4.95334005355835
v -5.139335632324219 0.24609525501728058 4.431972503662109
v -3.4492099285125732 -3.926328659057617 1.2494908571243286
v -3.972208023071289 -3.7219698429107666 1.4376747608184814
v -3.3287999629974365 -3.6825692653656006 1.8563531637191772
v -3.394896984100342 -3.3986523151397705 2.5207359790802
v -4.811978340148926 0.5336511731147766 4.126694202423096
v 2.531827211380005 -1.7069096565246582 3.6420671939849854
v 2.649721145629883 -1.5133377313613892 4.178367614746094
v 2.0925371646881104 -1.6175085306167603 3.62809419631958
v 2.2123496532440186 -1.4235109090805054 4.178950309753418
v 2.8011574745178223 -1.3099538087844849 4.702942848205566
v 2.35888409614563 -1.2308553457260132 4.714585781097412
v 1.676090121269226 -1.4259934425354004 3.667651891708374
v 1.7903376817703247 -1.2458257675170898 4.148330211639404
v 1.3660738468170166 -0.8890705704689026 4.120171070098877
v 1.9380255937576294 -1.0236058235168457 4.688542366027832
v 1.5215197801589966 -0.6448851823806763 4.651886940002441
v -1.2099833488464355 -1.373663306236267 4.532200336456299
v -0.6782304048538208 -1.2286919355392456 4.145493030548096
v -0.7441616654396057 -0.6929585933685303 4.490699768066406
v -1.004411220550537 -0.6982367038726807 4.669314384460449
v -0.8290034532546997 -0.3909374177455902 4.680319786071777
v -0.06701137125492096 -1.1892584562301636 3.6537959575653076
v 0.5298219919204712 -1.2190048694610596 3.267185688018799
v 1.1021314859390259 -1.06719970703125 3.598379373550415
v 0.7259310483932495 -0.8953476548194885 3.7000343799591064
v 0.08858078718185425 -0.7484203577041626 3.994779109954834
v -0.4002983868122101 -0.7064675092697144 4.272373676300049
v 0.9075424671173096 -0.6018646359443665 4.168234825134277
v 0.4075759947299957 -0.39258623123168945 4.310359001159668
v 1.0835332870483398 -0.3199779987335205 4.654176235198975
v 0.6194739937782288 -0.04474332556128502 4.714846611022949
v 0.054655954241752625 -0.27852386236190796 4.441911220550537
v -0.638780951499939 -0.06154286861419678 4.7312774658203125
v -0.13940665125846863 0.3825265169143677 4.858379364013672
v 0.044010475277900696 0.039787791669368744 4.68874454498291
v 3.001077175140381 -1.0940847396850586 5.351498603820801
v 3.1328718662261963 -0.9829524755477905 5.7162299156188965
v 2.515909194946289 -1.0526456832885742 5.248939514160156
v 2.687657117843628 -0.8761299848556519 5.73585844039917
v 2.1280345916748047 -0.7352108955383301 5.299759864807129
v 2.13627552986145 -0.35188695788383484 5.647487163543701
v 1.6873159408569336 -0.3864043653011322 5.157426834106445
v 1.8872790336608887 -0.07238086313009262 5.587545394897461
v 3.3163490295410156 -0.8660239577293396 6.178889274597168
v 2.8867781162261963 -0.5761393308639526 6.162174224853516
v 3.5313422679901123 -0.5712915658950806 6.578347682952881
v 2.9827229976654053 -0.00458909198641777 6.413910865783691
v 2.4661970138549805 -0.12303681671619415 6.036681652069092
v 2.142595052719116 0.3175017535686493 5.877913475036621
v 2.7877895832061768 0.29328811168670654 6.256303787231445
v 1.2710894346237183 -0.01883399672806263 5.1165924072265625
v 0.8451181054115295 0.3200365900993347 5.096884250640869
v 1.50034761428833 0.34981393814086914 5.489859580993652
v 1.113821268081665 0.7656311392784119 5.378384590148926
v 0.4244823157787323 0.6698826551437378 5.0617780685424805
v 0.7696505784988403 1.2138102054595947 5.204405784606934
v 0.17406386137008667 1.3194645643234253 4.946771144866943
v 1.8808132410049438 0.9438973069190979 5.664610862731934
v 1.3011927604675293 1.0797462463378906 5.443030834197998
v -1.9539299011230469 -1.3205759525299072 4.9824910163879395
v -2.4852142333984375 -1.1469120979309082 5.15435791015625
v -3.22523832321167 -1.391157865524292 5.012998104095459
v -2.9704041481018066 -0.9126302599906921 5.260060787200928
v -3.4293105602264404 -0.6317371726036072 5.3077521324157715
v -2.5376803874969482 -0.37640199065208435 5.370633125305176
v -2.999920606613159 -0.03210332989692688 5.364210605621338
v -4.539107322692871 -0.40258875489234924 5.119685649871826
v -3.917123556137085 -0.3993997275829315 5.258520126342773
v -3.563009023666382 0.22270889580249786 5.227243423461914
v -4.244631290435791 0.29900678992271423 5.009952545166016
v -4.620539665222168 0.3801679015159607 4.756926536560059
v -1.6041826009750366 -0.6781092882156372 5.037603378295898
v -2.1978654861450195 -0.6430489420890808 5.271854877471924
v -1.8600293397903442 -0.045080892741680145 5.187349796295166
v -1.073998212814331 0.06924377381801605 4.898194313049316
v -1.5988506078720093 0.4157603979110718 5.029686450958252
v -2.2795779705047607 0.3031995892524719 5.2110724449157715
v -2.7498698234558105 0.5651260018348694 5.136375427246094
v -2.22339129447937 0.9202703237533569 4.8841023445129395
v -2.494128942489624 1.0088077783584595 4.801140785217285
v -2.0857605934143066 0.6463688015937805 5.038217544555664
v -0.7357048988342285 0.8396183848381042 4.865015029907227
v -1.0872715711593628 1.3108445405960083 4.6595659255981445
v -1.7265018224716187 1.2597126960754395 4.619388103485107
v -2.2318427562713623 1.3996598720550537 4.404232501983643
v -1.1703531742095947 1.6161928176879883 4.40579891204834
v -1.4733242988586426 1.663234829902649 4.279016494750977
v -2.0189461708068848 1.6914691925048828 4.011286735534668
v -3.390591859817505 0.665166974067688 4.999770641326904
v -3.7717087268829346 0.7858034372329712 4.715897560119629
v -3.2206003665924072 1.0798227787017822 4.464038848876953
v -3.4568450450897217 1.0597217082977295 4.318185806274414
v -4.1423020362854 0.764764666557312 4.493420124053955
v -3.8878180980682373 1.0189870595932007 4.047773361206055
v -4.484745979309082 0.8235484957695007 3.6565005779266357
v -2.994431495666504 1.087502360343933 4.593343734741211
v -2.9722402095794678 1.3459454774856567 4.018234729766846
v -3.1634082794189453 1.3225756883621216 3.8954241275787354
v -2.8132500648498535 1.5633803606033325 3.528893232345581
v -4.133640289306641 1.1284070014953613 3.2731306552886963
v -3.588319778442383 1.3182718753814697 3.5274317264556885
v -3.825258731842041 1.423538327217102 2.8896565437316895
v -3.3475310802459717 1.5024579763412476 3.197021484375
v -2.7004175186157227 1.3694919347763062 4.184127330780029
v -2.4242939949035645 1.6228950023651123 3.7693939208984375
v -0.2665322721004486 1.431352972984314 4.7722625732421875
v -0.9254578948020935 1.5736535787582397 4.503430366516113
v -0.352888822555542 -5.277990818023682 -0.45848676562309265
v -0.8720370531082153 -5.106409072875977 -0.04887264594435692
v -0.17964541912078857 -5.102423191070557 -0.0815153419971466
v -0.5048875212669373 -4.961325645446777 0.24653486907482147
v 0.10623455047607422 -4.993614673614502 -0.7242996096611023
v 0.2177364081144333 -5.033565998077393 -0.3682156503200531
v -0.02436300739645958 -4.73276948928833 0.32599008083343506
v -0.30221617221832275 -4.592863082885742 0.6698305010795593
v 0.20304393768310547 -4.137074947357178 0.7328435778617859
v -0.06848679482936859 -4.0654826164245605 1.0620824098587036
v 0.2951687276363373 -4.959760665893555 -0.11715970188379288
v 0.398332804441452 -4.723376274108887 0.18113750219345093
v 0.8711252808570862 -4.214676380157471 -1.128701090812683
v 0.5176488161087036 -4.579579830169678 -0.9623569846153259
v 0.5740541815757751 -4.716768741607666 -0.7685596942901611
v 1.1370959281921387 -4.574597358703613 -0.8702409863471985
v 1.3223377466201782 -5.140478610992432 -0.43566596508026123
v 0.7019943594932556 -4.954968452453613 -0.4423234760761261
v 0.8121894001960754 -4.967085361480713 0.030427701771259308
v 0.47949257493019104 -3.398125171661377 1.1397881507873535
v 0.0958489254117012 -3.384899854660034 1.4942502975463867
v 0.7383996248245239 -2.61995267868042 1.5449755191802979
v 0.47592025995254517 -2.592203140258789 1.737375259399414
v 0.679660439491272 -4.164865016937256 0.6907800436019897
v 1.1184344291687012 -3.9793174266815186 1.0286526679992676
v 0.8484564423561096 -3.35789155960083 1.2380300760269165
v 1.6432583332061768 -3.8015668392181396 1.4123276472091675
v 2.2046258449554443 -3.742670774459839 1.686909556388855
v 2.403953790664673 -2.939656972885132 2.324063539505005
v 0.9805131554603577 -2.1408491134643555 1.9447615146636963
v 0.7045260667800903 -2.0432629585266113 2.1068947315216064
v 1.3120226860046387 -2.186969757080078 2.323514461517334
v 0.9009896516799927 -1.6428121328353882 2.552227735519409
v 1.266367793083191 -2.832167625427246 1.7105966806411743
v 1.479426622390747 -5.001090049743652 0.5777300596237183
v 1.6139001846313477 -5.510016918182373 -0.11875919252634048
v 1.1667444705963135 -5.228994846343994 0.058080609887838364
v 2.0079102516174316 -5.534012794494629 0.1996520310640335
v 1.053551197052002 -4.664107799530029 0.46388137340545654
v 2.655094861984253 -4.611931800842285 1.1386042833328247
v 2.1872446537017822 -5.069782257080078 0.661862313747406
v 1.9991899728775024 -4.579280376434326 1.068256139755249
v 1.6205004453659058 -3.762953758239746 -1.362672209739685
v 1.661582350730896 -4.213592529296875 -1.1806139945983887
v 1.2384583950042725 -4.822524547576904 -0.685178279876709
v 1.8221639394760132 -4.73356819152832 -0.8843100070953369
v 2.033662796020508 -5.743645668029785 -0.22275561094284058
v 1.9399418830871582 -5.386838912963867 -0.5260053873062134
v 2.3520846366882324 -2.4423105716705322 2.7828078269958496
v 2.5725927352905273 -2.1397266387939453 3.1788456439971924
v 1.8845380544662476 -2.62233567237854 2.3423798084259033
v 2.1624810695648193 -2.0356650352478027 3.1106505393981934
v 1.580274224281311 -1.8303101062774658 2.963959217071533
v 1.0623805522918701 -1.3755520582199097 3.0510404109954834
v 2.5087742805480957 0.8533013463020325 5.962621212005615
v 0.5436568260192871 1.8498972654342651 4.752557754516602
v 0.6519970297813416 2.156484365463257 4.474384307861328
v 1.5102496147155762 1.5347414016723633 5.222033977508545
v 2.3007986545562744 1.4641571044921875 5.476090431213379
v 2.499758243560791 1.8510892391204834 5.064303874969482
v 1.8642619848251343 1.9915881156921387 4.787350654602051
v 1.0623459815979004 1.7438892126083374 4.97027063369751
v 1.580031394958496 2.0761003494262695 4.697458267211914
v 1.2932029962539673 2.1598401069641113 4.609742164611816
v 2.700038433074951 2.1706619262695312 4.639732360839844
v 2.0539591312408447 2.289276599884033 4.359165191650391
v 2.8760793209075928 2.4472155570983887 4.172473907470703
v 2.007446050643921 2.5667665004730225 3.8089704513549805
v 1.7668696641921997 2.3590757846832275 4.247807025909424
v 1.493643045425415 2.433791160583496 4.169289588928223
v 0.8876110315322876 2.4288487434387207 3.9063377380371094
v 1.6763566732406616 2.5771565437316895 3.6880440711975098
v 1.0544312000274658 2.5884459018707275 3.444094181060791
v 3.9741408824920654 3.2613368034362793 2.6340818405151367
v 2.5998833179473877 2.9525985717773438 2.9895517826080322
v 1.4747041463851929 2.9327445030212402 2.5600368976593018
v 2.9788668155670166 3.3264055252075195 2.0521903038024902
v 1.7730307579040527 3.367290496826172 1.671714425086975
v -1.148610234260559 1.9355641603469849 3.9551517963409424
v -1.7181235551834106 1.8621649742126465 3.651305913925171
v -1.1096681356430054 2.037940502166748 3.72502064704895
v -1.461626648902893 2.048398733139038 3.2807705402374268
v -0.8663139343261719 2.4833009243011475 2.6147572994232178
v -2.5280706882476807 1.748011827468872 2.9806013107299805
v -3.2514078617095947 1.7617764472961426 2.175086259841919
v -2.397641897201538 1.8620357513427734 2.7107629776000977
v -2.250972270965576 2.2108116149902344 1.7835966348648071
v -2.6999518871307373 2.141315460205078 1.4873754978179932
v -1.8137428760528564 2.2894978523254395 2.056338310241699
v -0.2312404066324234 1.7132238149642944 4.594951152801514
v -0.6661431193351746 1.9512443542480469 4.172473430633545
v -0.16868646442890167 1.9472767114639282 4.402977466583252
v -0.15940649807453156 2.1842215061187744 3.922513246536255
v -0.43234026432037354 2.162992238998413 3.795095920562744
v 0.13757887482643127 2.213338613510132 4.063241004943848
v -0.05155493691563606 2.364686965942383 3.4735653400421143
v 0.35421261191368103 2.3863165378570557 3.6539554595947266
v 0.03551542013883591 2.5415120124816895 3.0209741592407227
v 0.5673603415489197 2.5558884143829346 3.23640775680542
v -0.8201430439949036 2.5793392658233643 2.3624775409698486
v -2.1233696937561035 2.62587308883667 0.8477996587753296
v -0.6791477799415588 2.83986234664917 1.7204291820526123
v -1.3208967447280884 2.726682186126709 1.3548591136932373
v -2.0048999786376953 2.8091952800750732 0.5477908253669739
v -0.4216885566711426 3.2589542865753174 0.8314656019210815
v -0.8875675797462463 3.19914174079895 0.5889117121696472
v -1.7300629615783691 3.175586462020874 0.1082300916314125
v 0.46417534351348877 2.9298923015594482 2.2126145362854004
v -0.49148112535476685 2.872614860534668 1.817391037940979
v 0.8903290629386902 3.362863063812256 1.3779014348983765
v -0.07709713280200958 3.318138360977173 1.0018682479858398
v -7.517423152923584 -2.8851869106292725 3.0020546913146973
v -7.778782844543457 -2.8051018714904785 3.109395742416382
v -8.26016616821289 -2.5493311882019043 3.2082607746124268
v -7.586529731750488 -2.4642999172210693 3.559373617172241
v -8.043126106262207 -2.1664481163024902 3.602726459503174
v -8.693527221679688 -1.9774441719055176 2.9853270053863525
v -8.417810440063477 -1.7321135997772217 3.337082862854004
v -8.89041805267334 -1.5094751119613647 2.4254677295684814
v -8.472280502319336 -1.2525907754898071 2.945085287094116
v -7.366007328033447 -2.075448989868164 3.946077585220337
v -7.792665958404541 -1.7269355058670044 3.922607660293579
v -7.328650951385498 -1.4281643629074097 4.220467567443848
v -7.603074073791504 -1.4133466482162476 4.078828811645508
v -7.961996555328369 -1.477594256401062 3.806663990020752
v -8.070561408996582 -1.2358403205871582 3.565917730331421
v -8.093923568725586 -1.0640316009521484 3.355496406555176
v -7.663157939910889 -0.8914816379547119 3.767340898513794
v -7.860864162445068 -0.9678321480751038 3.5829107761383057
v -8.434680938720703 -0.9980906844139099 2.4470601081848145
v -7.960015296936035 -0.8165831565856934 2.9084126949310303
v -7.513177394866943 -0.6682344079017639 3.43237566947937
v -7.685833930969238 -0.64265376329422 2.462094783782959
v -7.936215877532959 -0.7458996176719666 2.2239651679992676
v -7.232269763946533 -0.4575229585170746 2.8727455139160156
v -8.740181922912598 -1.1688865423202515 2.0880467891693115
v -8.503471374511719 -0.994111955165863 1.6416938304901123
v -7.047595500946045 -1.517364263534546 4.317392349243164
v -6.811016082763672 -1.1643309593200684 4.464193344116211
v -7.119077205657959 -0.7635947465896606 4.183383464813232
v -6.436916828155518 -0.738689124584198 4.5606369972229
v -6.439053535461426 -0.3389627933502197 4.1440958976745605
v -6.704464912414551 -0.39940956234931946 3.961562395095825
v -6.207896709442139 -0.07889747619628906 3.6970443725585938
v -7.012036323547363 -0.48441067337989807 3.730987310409546
v -6.745857238769531 -0.26606640219688416 3.28440523147583
v -7.01594352722168 -0.36965450644493103 3.060817241668701
v -5.638702869415283 -0.2916487753391266 4.706364154815674
v -6.105086803436279 -0.26621443033218384 4.36268949508667
v -5.623481750488281 0.10571128875017166 4.109767436981201
v -6.964470386505127 -0.2522156536579132 2.426330804824829
v -7.424656867980957 -0.43593016266822815 1.9831997156143188
v -6.71561861038208 -0.06990351527929306 1.9796122312545776
v -7.176037788391113 -0.265941858291626 1.5684959888458252
v -6.420090198516846 0.18835386633872986 1.4206966161727905
v -8.24620246887207 -0.8183934092521667 1.194657564163208
v -7.8522748947143555 -0.6326979398727417 1.6045626401901245
v -8.107671737670898 -0.6746754050254822 0.642550528049469
v -7.601596355438232 -0.44751909375190735 1.1577471494674683
v -7.1591081619262695 -0.09786321222782135 0.26416248083114624
v -5.9583868980407715 0.12692660093307495 3.280691623687744
v -6.614688873291016 -0.11725792288780212 2.7215287685394287
v -6.219370365142822 0.13884830474853516 2.3914928436279297
v -5.484739303588867 0.24827197194099426 3.853433132171631
v -5.568380832672119 0.4001067578792572 2.8891632556915283
v -4.986572742462158 0.6320820450782776 3.310915231704712
v -5.2245635986328125 0.8709972500801086 1.9112284183502197
v -6.102889060974121 0.43884721398353577 1.212932825088501
v -4.056125164031982 1.3510797023773193 2.740324020385742
v -4.852087497711182 1.0444899797439575 2.1877646446228027
v -6.925069332122803 0.2277725338935852 -0.8143284320831299
v -5.801746845245361 0.8883784413337708 0.19286184012889862
v -6.567248344421387 0.5871090292930603 -0.9844487309455872
v -6.330483913421631 1.1720495223999023 -1.5997703075408936
v -5.4196600914001465 1.3132147789001465 -0.7364809513092041
v -6.062287330627441 1.2209150791168213 -1.3491291999816895
v -4.843630313873291 1.255577564239502 1.0178998708724976
v -5.353732585906982 1.0719130039215088 0.5944827198982239
v -3.7457163333892822 1.6508007049560547 1.8466081619262695
v -4.227270126342773 1.4770017862319946 1.4967890977859497
v -4.47189474105835 1.5879309177398682 0.12501661479473114
v -4.719422340393066 1.4894920587539673 -0.08531089872121811
v -3.439223051071167 2.0111117362976074 0.9532002806663513
v -3.654047966003418 1.9180182218551636 0.7853432297706604
v -6.088744163513184 1.8156006336212158 -2.6035633087158203
v -5.150552749633789 2.0765161514282227 -1.8056339025497437
v -5.362371444702148 2.014986276626587 -1.9931739568710327
v -5.929006576538086 2.0256593227386475 -3.6883630752563477
v -6.5097575187683105 1.8507698774337769 -4.158215522766113
v -5.056214332580566 2.2516465187072754 -2.411964178085327
v -4.850247859954834 2.409976005554199 -2.808969497680664
v -4.2313714027404785 2.152477741241455 -0.7203274965286255
v -3.244436264038086 2.3328278064727783 0.2801555097103119
v -3.1303932666778564 3.2456412315368652 -1.1238064765930176
v -3.6477580070495605 3.0345118045806885 -1.669487714767456
v -4.079232215881348 2.7995529174804688 -2.1067912578582764
v -3.199873685836792 2.458601474761963 0.059186436235904694
v -1.9438055753707886 3.2311551570892334 -0.05270204693078995
v 3.2248387336730957 -0.026804635301232338 6.549953460693359
v 3.7511324882507324 -0.19790290296077728 6.7402119636535645
v 4.119131565093994 0.42092713713645935 6.599421977996826
v 3.5039920806884766 0.42834973335266113 6.508315563201904
v 3.3973283767700195 0.679792046546936 6.355224609375
v 3.0633034706115723 0.7607733011245728 6.211677074432373
v 4.378740310668945 0.8643761873245239 6.267980098724365
v 3.870868682861328 1.0684306621551514 6.110167980194092
v 4.74412727355957 1.1429364681243896 5.919467926025391
v 4.071182727813721 1.4125287532806396 5.696005821228027
v 2.7714216709136963 1.3575794696807861 5.686227321624756
v 3.3329856395721436 1.2297077178955078 5.908377170562744
v 2.9892351627349854 1.7300671339035034 5.273715019226074
v 3.49841046333313 1.5951611995697021 5.48667049407959
v 4.962401866912842 1.4732542037963867 5.476609706878662
v 4.25105619430542 1.714927077293396 5.234980583190918
v 4.944385528564453 1.8477329015731812 4.93580961227417
v 4.43279504776001 2.0339531898498535 4.759618759155273
v 3.1765613555908203 2.059783458709717 4.82340145111084
v 3.671208143234253 1.9013347625732422 5.019810676574707
v 3.837707042694092 2.094902515411377 4.725340366363525
v 3.353646755218506 2.337877035140991 4.363442897796631
v 5.117427349090576 2.152489423751831 4.455023765563965
v 4.602206707000732 2.288498640060425 4.270828723907471
v 5.292806625366211 2.4387192726135254 3.966092348098755
v 4.771406650543213 2.533921718597412 3.7703585624694824
v 4.215584754943848 2.3868207931518555 4.129327297210693
v 3.5267698764801025 2.595907688140869 3.8784451484680176
v 4.529608249664307 2.593169927597046 3.682866096496582
v 4.237030029296875 2.6649434566497803 3.574039936065674
v 3.5037288665771484 2.9047904014587402 3.3333396911621094
v 5.470126628875732 2.637819290161133 3.4868361949920654
v 5.150108337402344 2.9863102436065674 2.8313169479370117
v 4.943248271942139 2.8822333812713623 3.1562187671661377
v 5.640198707580566 2.777017116546631 3.0068092346191406
v 4.411948204040527 2.9700732231140137 3.1088027954101562
v 3.8735709190368652 3.1182963848114014 2.918100357055664
v 4.577755451202393 3.2315731048583984 2.619990587234497
v 1.858970284461975 -6.145550727844238 -6.100099563598633
v 2.0648086071014404 -6.067939281463623 -7.117248058319092
v 2.2453725337982178 -5.887514114379883 -7.789770603179932
v 7.312707424163818 -4.834151268005371 -3.600739002227783
v 7.043516159057617 -4.848160266876221 -3.6268162727355957
v 6.970175266265869 -4.771980285644531 -3.3541386127471924
v 7.749840259552002 -4.896790027618408 -3.9626643657684326
v 7.3341217041015625 -5.049045085906982 -4.5599541664123535
v 8.174009323120117 -5.014054298400879 -4.410668849945068
v 7.857327461242676 -5.006981372833252 -4.462961196899414
v 2.2906391620635986 -5.006449222564697 -2.8351547718048096
v 1.902178168296814 -5.240084648132324 -3.3774638175964355
v 1.6863794326782227 -5.327054500579834 -3.5125393867492676
v 1.6545894145965576 -5.177037715911865 -3.2284157276153564
v 2.373673677444458 -5.071680068969727 -3.0534074306488037
v 1.7367215156555176 -5.5678791999816895 -3.9850783348083496
v 1.7362539768218994 -5.909021377563477 -4.81580924987793
v 2.191760778427124 -5.651133060455322 -4.360211372375488
v 2.3925511837005615 -5.301022529602051 -3.592531442642212
v 2.843468427658081 -5.134515762329102 -3.349648952484131
v 2.5469672679901123 -5.383417129516602 -3.8577775955200195
v 3.295929431915283 -5.104112148284912 -3.568721294403076
v 5.487874507904053 -4.729692459106445 -2.524641752243042
v 5.279024600982666 -4.840480327606201 -2.371115207672119
v 4.573365688323975 -4.952854633331299 -2.444364070892334
v 4.030911922454834 -4.998841285705566 -2.5259103775024414
v 4.7423882484436035 -4.852197170257568 -2.5679712295532227
v 4.524041652679443 -4.767297267913818 -3.1747124195098877
v 4.444553852081299 -4.7785210609436035 -3.0298900604248047
v 5.525792598724365 -4.654099464416504 -2.756683826446533
v 6.312005519866943 -4.679610729217529 -2.972069501876831
v 6.109218120574951 -4.653157711029053 -2.7712810039520264
v 5.045029163360596 -4.71016263961792 -2.81284236907959
v 5.591900825500488 -4.632993698120117 -3.023862600326538
v 5.098278522491455 -4.678665637969971 -3.079514980316162
v 3.707822561264038 -5.008748531341553 -2.57096004486084
v 3.454710006713867 -5.014323711395264 -2.60957407951355
v 3.317182779312134 -5.0735931396484375 -2.41560959815979
v 3.0289528369903564 -5.008627891540527 -2.9351372718811035
v 2.9123456478118896 -5.007891654968262 -2.7501938343048096
v 4.004550457000732 -4.90962028503418 -2.7363741397857666
v 3.6166725158691406 -4.9527177810668945 -2.8070197105407715
v 3.513946771621704 -4.9664740562438965 -3.1086974143981934
v 3.165560245513916 -5.0440874099731445 -3.2192022800445557
v 3.7768754959106445 -4.912950038909912 -3.0387189388275146
v 3.8384909629821777 -4.928491592407227 -3.3531689643859863
v 2.088496208190918 -5.930929183959961 -5.250709056854248
v 2.678236722946167 -5.5790019035339355 -4.581940174102783
v 2.3694775104522705 -5.900796890258789 -5.728308200836182
v 3.4978792667388916 -5.129616737365723 -3.9404497146606445
v 3.796496629714966 -5.0960164070129395 -4.30964469909668
v 3.5731892585754395 -5.200581073760986 -4.458132743835449
v 2.9679977893829346 -5.405660152435303 -4.314296722412109
v 3.251141309738159 -5.3709306716918945 -4.716320037841797
v 2.624366521835327 -5.810376167297363 -6.252831935882568
v 2.9508299827575684 -5.625974178314209 -5.80633020401001
v 2.8140997886657715 -5.640916347503662 -5.2123003005981445
v 2.8567140102386475 -5.654678821563721 -6.826267242431641
v 3.112471580505371 -5.5278120040893555 -6.462429046630859
v 4.098289489746094 -5.048281669616699 -4.74284029006958
v 4.461818218231201 -4.9733428955078125 -5.213230609893799
v 3.6216466426849365 -5.249448776245117 -5.085587024688721
v 3.8867480754852295 -5.143629550933838 -5.5972490310668945
v 5.1202006340026855 -4.709315299987793 -3.4164204597473145
v 4.668428421020508 -4.780789375305176 -3.5035548210144043
v 5.392682075500488 -4.74877405166626 -3.738837718963623
v 4.807040691375732 -4.825174808502197 -3.9105777740478516
v 5.962098598480225 -4.729238510131836 -3.3279426097869873
v 5.73108434677124 -4.6701459884643555 -3.1718101501464844
v 6.355834484100342 -4.74802303314209 -3.298788547515869
v 5.916098117828369 -4.819544792175293 -3.7305080890655518
v 6.597499847412109 -5.072810649871826 -4.691769599914551
v 6.146854877471924 -5.04405403137207 -4.76812744140625
v 6.0063676834106445 -4.943077564239502 -4.250425815582275
v 5.488227844238281 -4.870948791503906 -4.2860541343688965
v 5.3829240798950195 -4.914048194885254 -4.902592658996582
v 5.076854705810547 -4.915584564208984 -4.980375289916992
v 4.9333343505859375 -4.8829450607299805 -4.430080413818359
v 7.149456024169922 -4.962148189544678 -4.067864418029785
v 6.5819292068481445 -4.969108581542969 -4.140277862548828
v 6.462189197540283 -4.856629848480225 -3.6953604221343994
v 4.005789756774902 -4.90911865234375 -3.497438907623291
v 4.512059211730957 -4.876636505126953 -3.990990400314331
v 4.221093654632568 -4.947201251983643 -4.096561908721924
v 4.368071556091309 -4.972079277038574 -4.603880405426025
v 2.636974811553955 -5.574084758758545 -8.129166603088379
v 2.4416096210479736 -5.621799945831299 -8.458430290222168
v 2.7466049194335938 -5.151135444641113 -8.984835624694824
v 7.890914440155029 -5.077551364898682 -5.000406265258789
v 7.396016597747803 -5.110940456390381 -5.130141258239746
v 8.485891342163086 -5.054361343383789 -4.848999500274658
v 8.174789428710938 -5.081593990325928 -5.490764141082764
v 7.562466144561768 -5.08372688293457 -5.694204330444336
v 8.829089164733887 -5.005781173706055 -5.253904342651367
v 8.308581352233887 -4.990942001342773 -6.006411552429199
v 7.774219989776611 -4.994331359863281 -6.220967769622803
v 8.808640480041504 -4.914995193481445 -5.757500648498535
v 8.218032836914062 -4.791129112243652 -6.567712306976318
v 8.780290603637695 -4.698281288146973 -6.314734935760498
v 8.600971221923828 -4.360684871673584 -6.790130138397217
v 3.065539836883545 -5.4287614822387695 -7.450301170349121
v 3.5092313289642334 -5.239716529846191 -6.8327813148498535
v 3.297058343887329 -5.33294677734375 -7.115195274353027
v 3.2123823165893555 -5.101123332977295 -8.123498916625977
v 3.5359914302825928 -4.996439456939697 -7.662057876586914
v 4.6831512451171875 -4.877661228179932 -5.788300037384033
v 4.885972023010254 -4.674622058868408 -6.4205169677734375
v 4.061151027679443 -5.015208721160889 -6.234838485717773
v 4.274364471435547 -4.761684894561768 -6.839012622833252
v 3.231818914413452 -4.5113630294799805 -8.995755195617676
v 3.710383892059326 -4.724116325378418 -7.898279666900635
v 3.5965476036071777 -3.81771183013916 -9.16987133026123
v 4.924964904785156 -4.33065128326416 -7.105528831481934
v 4.546916484832764 -4.3574347496032715 -7.3622965812683105
v 4.793689727783203 -3.874811887741089 -7.86276912689209
v 4.2340087890625 -4.405640125274658 -7.630697250366211
v 4.229583263397217 -3.8974809646606445 -8.342188835144043
v 6.766209602355957 -5.11631441116333 -5.004633903503418
v 6.28195858001709 -5.080687046051025 -5.375812530517578
v 7.254480838775635 -5.086045742034912 -5.777402400970459
v 6.9973225593566895 -5.077572345733643 -5.846426963806152
v 6.45770788192749 -5.0106353759765625 -5.971367359161377
v 5.7112884521484375 -4.982098579406738 -5.284501075744629
v 5.238120079040527 -4.863545894622803 -5.593481063842773
v 6.038093090057373 -4.912672996520996 -6.05608606338501
v 5.424724578857422 -4.731164455413818 -6.2138285636901855
v 7.398161888122559 -4.942368507385254 -6.329260349273682
v 6.683929920196533 -4.826523303985596 -6.513609409332275
v 7.3717522621154785 -4.798770904541016 -6.656410217285156
v 7.280256748199463 -4.649537086486816 -6.88064432144165
v 7.098323822021484 -4.440351486206055 -7.108513832092285
v 6.161523818969727 -4.68430233001709 -6.618647575378418
v 5.663981914520264 -4.506793022155762 -6.770748138427734
v 6.45432186126709 -4.391320705413818 -7.0963568687438965
v 5.871974468231201 -4.184844493865967 -7.249987602233887
v 5.434487342834473 -4.008005619049072 -7.469367504119873
v 3.989149332046509 -3.3350021839141846 -9.169179916381836
v 4.289439678192139 -2.9877240657806396 -9.151507377624512
v 6.578550338745117 -3.9781038761138916 -7.486595153808594
v 6.30923318862915 -3.8720269203186035 -7.578935146331787
v 7.850607872009277 -4.373228549957275 -7.102606296539307
v 7.318353176116943 -4.236577033996582 -7.268044471740723
v 7.525973320007324 -4.037749290466309 -7.3647661209106445
v 8.358843803405762 -3.868656873703003 -7.111754894256592
v 8.05981731414795 -3.8471121788024902 -7.266698360443115
v 7.774393558502197 -3.7928998470306396 -7.386661529541016
v 7.2001953125 -3.6843855381011963 -7.57704496383667
v 6.826519966125488 -3.477402687072754 -7.740090370178223
v 7.4924492835998535 -3.3911712169647217 -7.589446067810059
v 7.096414566040039 -3.087534189224243 -7.7987213134765625
v 5.585933208465576 -3.867987632751465 -7.628373622894287
v 5.25925874710083 -3.4544122219085693 -8.116188049316406
v 5.797820568084717 -3.666297197341919 -7.8004045486450195
v 6.006425857543945 -3.464487314224243 -7.908710479736328
v 4.589300155639648 -3.3355703353881836 -8.61582088470459
v 4.941887378692627 -3.0234928131103516 -8.637866020202637
v 4.611332416534424 -2.6108601093292236 -9.130399703979492
v 5.577744007110596 -3.014207124710083 -8.333186149597168
v 5.158294677734375 -2.8411455154418945 -8.643659591674805
v 6.24188232421875 -3.232218027114868 -7.989575386047363
v 4.918475151062012 -2.324145793914795 -9.062318801879883
v 5.976224422454834 -2.8117589950561523 -8.274545669555664
v 6.686195373535156 -2.8223328590393066 -7.995210647583008
v 5.58914852142334 -2.4754300117492676 -8.58279800415039
v 6.208105564117432 -2.4542133808135986 -8.246129035949707
v 5.838576793670654 -2.265881061553955 -8.466344833374023
v 5.233736991882324 -2.0817110538482666 -8.898490905761719
v 5.4666290283203125 -1.8965305089950562 -8.751914024353027
v -2.3317458629608154 -7.9965715408325195 -10.373262405395508
v -2.3759164810180664 -8.068551063537598 -9.876363754272461
v -1.9034630060195923 -7.747531414031982 -10.762191772460938
v -2.2004237174987793 -7.755370140075684 -11.291083335876465
v -1.6614530086517334 -7.442776203155518 -11.40650749206543
v -3.7798657417297363 -8.179194450378418 -11.410147666931152
v -3.349292755126953 -7.971078872680664 -12.055960655212402
v -3.662814140319824 -7.910727024078369 -12.439064025878906
v -4.653096675872803 -7.942507266998291 -12.235054016113281
v -4.894622325897217 -7.866840839385986 -12.321952819824219
v -4.950851917266846 -7.9589409828186035 -12.014328956604004
v -4.357465744018555 -8.020780563354492 -12.117783546447754
v -4.215867042541504 -7.83179235458374 -12.638477325439453
v -4.753787517547607 -7.6328229904174805 -12.879769325256348
v -3.1311862468719482 -8.215189933776855 -10.516761779785156
v -2.4926204681396484 -8.126592636108398 -9.429439544677734
v -2.7448043823242188 -8.017677307128906 -11.08536148071289
v -3.031061887741089 -8.008938789367676 -11.56256103515625
v -2.967756509780884 -7.676307678222656 -12.568066596984863
v -3.501511573791504 -7.640443801879883 -12.957183837890625
v -2.692396640777588 -7.328152656555176 -13.057259559631348
v -3.3035943508148193 -7.305038928985596 -13.404380798339844
v -3.9611995220184326 -7.544716835021973 -13.159185409545898
v -4.576690196990967 -7.33416748046875 -13.367181777954102
v -3.672724962234497 -7.226986408233643 -13.565675735473633
v -4.373769283294678 -6.989892482757568 -13.804637908935547
v -2.448127269744873 -7.743557453155518 -11.713766098022461
v -2.2157444953918457 -7.393439769744873 -12.375068664550781
v -1.473425030708313 -7.067108631134033 -12.08407974243164
v -1.3251577615737915 -6.624027729034424 -12.793203353881836
v -1.5807528495788574 -6.565142631530762 -13.243006706237793
v -1.3235220909118652 -6.0711445808410645 -13.707006454467773
v -1.189305067062378 -5.8265533447265625 -13.878043174743652
v -2.6912760734558105 -6.957733154296875 -13.595463752746582
v -3.0791029930114746 -6.922835826873779 -13.800152778625488
v -2.7226686477661133 -6.516096115112305 -14.098555564880371
v -4.15334415435791 -6.614787578582764 -14.208174705505371
v -3.5637710094451904 -6.740765571594238 -14.084464073181152
v -3.5565478801727295 -6.335364818572998 -14.459554672241211
v -3.9152345657348633 -6.208316802978516 -14.577482223510742
v -1.816129446029663 -7.019111633300781 -12.699700355529785
v -1.9189162254333496 -6.527768135070801 -13.628301620483398
v -2.229804277420044 -6.54134464263916 -13.82412052154541
v -2.5835955142974854 -6.051705837249756 -14.483050346374512
v -3.6665685176849365 -5.760318756103516 -14.908956527709961
v -3.134172201156616 -5.9455952644348145 -14.73149299621582
v -3.374934673309326 -5.282116413116455 -15.192012786865234
v -1.8491748571395874 -6.090921401977539 -14.075085639953613
v -1.8384617567062378 -5.869845867156982 -14.28391170501709
v -2.287235975265503 -5.566587448120117 -14.757986068725586
v -1.168487787246704 -5.589507579803467 -14.108674049377441
v -1.6876771450042725 -5.610802173614502 -14.43431282043457
v -5.954632759094238 -6.984474182128906 -13.10559368133545
v -6.239295482635498 -6.943514347076416 -12.946666717529297
v -6.631136417388916 -6.538172245025635 -13.17161750793457
v -5.5780029296875 -6.894200801849365 -13.44797420501709
v -5.478113651275635 -6.724863052368164 -13.671600341796875
v -5.998758316040039 -6.5379862785339355 -13.613261222839355
v -6.452281951904297 -6.236482620239258 -13.655661582946777
v -5.361982822418213 -6.459892272949219 -13.993431091308594
v -5.798348903656006 -6.197594165802002 -14.05532455444336
v -6.255321025848389 -5.902740955352783 -14.104751586914062
v -7.072126388549805 -6.214662551879883 -13.189767837524414
v -7.503315448760986 -5.873570442199707 -13.188979148864746
v -7.966022491455078 -5.583990573883057 -12.997961044311523
v -8.151516914367676 -5.292587757110596 -13.136109352111816
v -6.897869110107422 -5.9209699630737305 -13.682747840881348
v -7.33449125289917 -5.589832305908203 -13.693132400512695
v -6.704280376434326 -5.593655586242676 -14.139047622680664
v -7.144198894500732 -5.268433094024658 -14.15579891204834
v -7.757993221282959 -5.235142230987549 -13.677507400512695
v -8.165306091308594 -4.851862907409668 -13.630438804626465
v -8.276555061340332 -5.038666725158691 -13.281844139099121
v -7.57161808013916 -4.920721530914307 -14.147734642028809
v -7.9831132888793945 -4.544851303100586 -14.108819007873535
v -5.400789260864258 -7.658626556396484 -12.466232299804688
v -5.881186008453369 -7.404563903808594 -12.560580253601074
v -5.24796199798584 -7.403051376342773 -13.000655174255371
v -5.719632148742676 -7.133394241333008 -13.078055381774902
v -6.341125965118408 -7.114190578460693 -12.61538314819336
v -6.7432332038879395 -6.72614049911499 -12.797764778137207
v -5.063820838928223 -7.091921329498291 -13.474461555480957
v -4.862366676330566 -6.749750137329102 -13.914655685424805
v -7.19040584564209 -6.412543296813965 -12.77623462677002
v -7.595987319946289 -6.028335094451904 -12.84741497039795
v -8.067561149597168 -5.7534050941467285 -12.615105628967285
v -8.473366737365723 -5.36737060546875 -12.564948081970215
v -6.041384220123291 -5.5380425453186035 -14.520657539367676
v -5.447566032409668 -5.902926445007324 -14.442388534545898
v -6.491872310638428 -5.233490943908691 -14.559295654296875
v -6.933617115020752 -4.911295413970947 -14.579278945922852
v -5.844874382019043 -5.1049041748046875 -14.894502639770508
v -6.179986476898193 -4.700506687164307 -15.032175064086914
v -6.641358852386475 -4.411848545074463 -15.030401229858398
v -7.363277912139893 -4.5674662590026855 -14.575469970703125
v -7.777665138244629 -4.196521759033203 -14.54188346862793
v -7.029786586761475 -3.997852087020874 -15.091009140014648
v -4.64305305480957 -6.377124309539795 -14.320454597473145
v -5.114166736602783 -6.105587005615234 -14.396578788757324
v -4.407464027404785 -5.9752678871154785 -14.694755554199219
v -4.881977558135986 -5.710687637329102 -14.777681350708008
v -5.345407485961914 -5.426332950592041 -14.83949089050293
v -4.151144027709961 -5.536647319793701 -15.028799057006836
v -4.626742362976074 -5.273931503295898 -15.113784790039062
v -3.9470982551574707 -5.186375141143799 -15.239392280578613
v -4.149566173553467 -4.897563934326172 -15.363179206848145
v -5.090622425079346 -4.9911298751831055 -15.176963806152344
v -5.54628324508667 -4.69382381439209 -15.224224090576172
v -4.674247741699219 -4.2758097648620605 -15.567559242248535
v -5.263757705688477 -4.208768367767334 -15.507434844970703
v -5.994470119476318 -4.382681369781494 -15.256113052368164
v -6.438833713531494 -4.064779281616211 -15.28073501586914
v -5.714677810668945 -3.902451515197754 -15.544718742370605
v -6.160834789276123 -3.587674617767334 -15.57270622253418
v -6.8721747398376465 -3.7275514602661133 -15.284503936767578
v -7.290262699127197 -3.3630454540252686 -15.258347511291504
v -6.5964202880859375 -3.253592014312744 -15.580196380615234
v -7.014767646789551 -2.890439033508301 -15.555334091186523
v -2.7112443447113037 -5.3891801834106445 -15.01357650756836
v -3.0355844497680664 -4.723979949951172 -15.396790504455566
v -1.2815947532653809 -5.089487552642822 -14.616862297058105
v -1.9552204608917236 -5.017337322235107 -14.981437683105469
v -1.227365255355835 -4.818572998046875 -14.77188777923584
v -1.3275169134140015 -4.486093997955322 -15.006678581237793
v -1.6332874298095703 -4.439192771911621 -15.1528959274292
v -2.5297582149505615 -4.906043529510498 -15.221813201904297
v -2.1773455142974854 -4.297098636627197 -15.369455337524414
v -2.5801169872283936 -3.9096999168395996 -15.56103229522705
v -1.4792652130126953 -4.173217296600342 -15.187615394592285
v -1.9275153875350952 -3.5333175659179688 -15.461947441101074
v -2.1830992698669434 -3.2209715843200684 -15.569729804992676
v -3.5510969161987305 -4.504870414733887 -15.527582168579102
v -4.031449317932129 -4.250962257385254 -15.621810913085938
v -3.3927531242370605 -4.231781959533691 -15.599234580993652
v -3.7225282192230225 -3.7176408767700195 -15.751579284667969
v -5.012040138244629 -3.7745277881622314 -15.692323684692383
v -4.496819972991943 -3.9701626300811768 -15.687052726745605
v -4.302163600921631 -3.263399362564087 -15.854921340942383
v -4.573752403259277 -3.0172479152679443 -15.89122486114502
v -3.1941208839416504 -3.8881871700286865 -15.66633129119873
v -2.951057195663452 -3.466012716293335 -15.709437370300293
v -3.276129722595215 -2.9428741931915283 -15.81813907623291
v -2.791168689727783 -3.18865966796875 -15.714583396911621
v -2.56510066986084 -2.7963626384735107 -15.693382263183594
v -2.960838556289673 -2.3955092430114746 -15.785856246948242
v -3.7416770458221436 -2.6633431911468506 -15.89591121673584
v -4.207846641540527 -2.383759021759033 -15.951518058776855
v -3.2904698848724365 -1.8795804977416992 -15.840449333190918
v -5.480062484741211 -3.4975430965423584 -15.720414161682129
v -5.894172191619873 -3.127309560775757 -15.772645950317383
v -4.989622116088867 -2.6502199172973633 -15.93898868560791
v -5.455082893371582 -2.3689522743225098 -15.966789245605469
v -6.325335502624512 -2.7854163646698 -15.78829574584961
v -6.785837650299072 -2.4952261447906494 -15.736785888671875
v -5.94036340713501 -2.12126088142395 -15.968470573425293
v -6.325689315795898 -1.6993637084960938 -15.955644607543945
v -4.615392208099365 -2.0023140907287598 -15.995999336242676
v -5.050639629364014 -1.6687484979629517 -16.029312133789062
v -3.921076774597168 -1.5060536861419678 -15.93425178527832
v -4.220095157623291 -1.3164111375808716 -15.96915340423584
v -4.67207145690918 -1.0119693279266357 -16.00848960876465
v -5.54794454574585 -1.4414122104644775 -16.039026260375977
v -5.871119976043701 -0.9125213623046875 -16.023895263671875
v -5.078112602233887 -0.6275755763053894 -16.017864227294922
v -5.490654468536377 -0.25389912724494934 -15.994073867797852
v -8.860097885131836 -4.947948932647705 -12.478445053100586
v -9.299983024597168 -4.443990707397461 -12.223348617553711
v -8.72080135345459 -4.716432094573975 -13.039841651916504
v -9.093005180358887 -4.271514892578125 -12.925400733947754
v -9.565430641174316 -3.9886398315429688 -12.173463821411133
v -9.894723892211914 -3.410109519958496 -11.862927436828613
v -9.440056800842285 -3.7716028690338135 -12.740917205810547
v -9.747396469116211 -3.2214725017547607 -12.520562171936035
v -8.413261413574219 -4.600152015686035 -13.588010787963867
v -8.933765411376953 -4.004594326019287 -13.447831153869629
v -8.364875793457031 -4.146562576293945 -14.035205841064453
v -8.75163745880127 -3.6969289779663086 -13.925514221191406
v -9.40898323059082 -3.297314405441284 -13.195700645446777
v -9.594313621520996 -2.965240955352783 -13.05451774597168
v -9.099202156066895 -3.2079310417175293 -13.7626953125
v -9.282296180725098 -2.904250144958496 -13.641921043395996
v -9.416543006896973 -2.664214611053467 -13.539952278137207
v -9.910635948181152 -2.8659520149230957 -12.348759651184082
v -10.192044258117676 -3.1831626892089844 -10.911148071289062
v -10.141700744628906 -2.800856828689575 -11.617883682250977
v -10.384713172912598 -2.204340934753418 -11.160658836364746
v -10.463471412658691 -2.4324488639831543 -10.505598068237305
v -10.018305778503418 -2.5971107482910156 -12.209349632263184
v -10.2021484375 -2.1060361862182617 -11.946534156799316
v -10.457609176635742 -1.9892269372940063 -10.95711612701416
v -10.400507926940918 -1.4421131610870361 -11.5203857421875
v -9.717686653137207 -2.0921103954315186 -13.187657356262207
v -9.869394302368164 -2.348145008087158 -12.751215934753418
v -10.109444618225098 -1.6694380044937134 -12.40884017944336
v -9.98147201538086 -1.2951956987380981 -12.838517189025879
v -10.21714973449707 -0.76444411277771 -12.26623249053955
v -7.55519437789917 -3.7814414501190186 -14.926705360412598
v -8.130309104919434 -3.8365397453308105 -14.479779243469238
v -8.548598289489746 -3.352308511734009 -14.362700462341309
v -7.943185329437256 -3.3995659351348877 -14.856537818908691
v -8.321073532104492 -2.9643542766571045 -14.752426147460938
v -8.897122383117676 -2.8650336265563965 -14.201701164245605
v -9.0775785446167 -2.571308135986328 -14.086962699890137
v -9.218050956726074 -2.3267719745635986 -13.985220909118652
v -8.778397560119629 -2.3112058639526367 -14.53064250946045
v -8.998431205749512 -1.9526749849319458 -14.389833450317383
v -7.691695690155029 -2.969235897064209 -15.199763298034668
v -8.066655158996582 -2.5286855697631836 -15.08996295928955
v -7.287509918212891 -2.2751452922821045 -15.592636108398438
v -7.682930946350098 -2.174213171005249 -15.411694526672363
v -8.42273235321045 -2.1716086864471436 -14.902953147888184
v -8.756375312805176 -1.5399723052978516 -14.751543998718262
v -8.145914077758789 -1.5786869525909424 -15.235894203186035
v -9.506020545959473 -1.7334188222885132 -13.706131935119629
v -9.821770668029785 -0.9277377724647522 -13.284197807312012
v -9.982854843139648 -0.3693521320819855 -12.957535743713379
v -9.570778846740723 -0.7584483623504639 -13.825983047485352
v -9.835966110229492 0.08586440980434418 -13.326143264770508
v -9.265154838562012 -1.3236783742904663 -14.2000150680542
v -9.040338516235352 -1.0492448806762695 -14.549396514892578
v -8.810686111450195 -0.5469287037849426 -14.851166725158691
v -9.086488723754883 -0.0005843502003699541 -14.600194931030273
v -9.375340461730957 -0.3306294083595276 -14.205079078674316
v -9.587207794189453 0.27219709753990173 -13.852148056030273
v -9.350130081176758 0.6627956628799438 -14.206812858581543
v -7.105377674102783 -1.9594217538833618 -15.723127365112305
v -7.480764865875244 -1.5196396112442017 -15.613818168640137
v -6.740774631500244 -1.3835556507110596 -15.882309913635254
v -7.2064690589904785 -1.0465843677520752 -15.752387046813965
v -7.8482184410095215 -1.001470685005188 -15.472625732421875
v -8.487557411193848 -0.9539521932601929 -15.074536323547363
v -8.189301490783691 -0.5663972496986389 -15.314322471618652
v -7.509669780731201 -0.4828028082847595 -15.664608001708984
v -6.5305495262146 -0.5199892520904541 -15.927581787109375
v -6.813314914703369 -0.3677847981452942 -15.871297836303711
v -5.893129348754883 0.016126075759530067 -15.952095031738281
v -6.368621826171875 0.4034020006656647 -15.86389446258545
v -7.310181617736816 -0.1381794512271881 -15.73779296875
v -7.135224342346191 0.15787900984287262 -15.769999504089355
v -6.90304708480835 0.5421977639198303 -15.768954277038574
v -8.820606231689453 0.48672622442245483 -14.864561080932617
v -7.904499053955078 0.03826727345585823 -15.497791290283203
v -8.515511512756348 0.0826185941696167 -15.121337890625
v -8.198406219482422 0.46541011333465576 -15.326458930969238
v -8.485207557678223 1.0548204183578491 -15.045263290405273
v -8.969650268554688 0.8680784702301025 -14.658419609069824
v -7.6272454261779785 0.8117347359657288 -15.536430358886719
v -2.1021220684051514 -8.006038665771484 -8.717935562133789
v -1.5463519096374512 -7.707396984100342 -7.61647891998291
v -1.7423927783966064 -7.864161968231201 -9.262884140014648
v -1.3330323696136475 -7.68144416809082 -8.419718742370605
v -1.527783751487732 -7.777794361114502 -8.825848579406738
v -1.5502228736877441 -7.760403633117676 -8.086688041687012
v -1.310243844985962 -7.5206780433654785 -7.13809871673584
v -1.5220038890838623 -7.556698799133301 -6.888638973236084
v -0.9583321213722229 -7.179869174957275 -6.43245792388916
v -0.9581471085548401 -7.427703857421875 -7.629191875457764
v -1.0245294570922852 -7.518378734588623 -8.983518600463867
v -1.1905097961425781 -7.401429176330566 -10.47533130645752
v -1.42853581905365 -7.654541015625 -9.859832763671875
v -0.7606690526008606 -7.30214262008667 -9.590062141418457
v -0.2751779556274414 -7.049111843109131 -7.4167656898498535
v -0.4213055968284607 -7.157466888427734 -8.631951332092285
v 0.02384285442531109 -6.943151473999023 -7.965821266174316
v -0.4893767535686493 -7.180542945861816 -7.835350513458252
v -0.41077959537506104 -6.475733757019043 -5.066776752471924
v -0.43800920248031616 -6.638355731964111 -5.445680618286133
v -0.2598990797996521 -6.820629596710205 -6.207489013671875
v -0.5117208361625671 -7.102341651916504 -7.038244724273682
v -0.4758443236351013 -6.831091403961182 -5.956595420837402
v 0.07315856218338013 -6.569967746734619 -5.590141296386719
v 0.04369577020406723 -6.227524757385254 -4.671787261962891
v 0.3715319335460663 -5.9391703605651855 -4.210035800933838
v 0.39606624841690063 -6.307003021240234 -5.035496711730957
v 0.698807418346405 -6.030037879943848 -4.541797161102295
v 0.0802646204829216 -6.827769756317139 -6.690074920654297
v 0.4148966372013092 -6.6163434982299805 -6.04252290725708
v 0.387641578912735 -6.807321071624756 -7.2280731201171875
v 0.6188108325004578 -6.68674373626709 -6.757272243499756
v 0.6428967118263245 -6.3550124168396 -5.32783842086792
v 1.070796012878418 -6.105693340301514 -4.911781311035156
v 1.0649394989013672 -6.406574249267578 -5.911907196044922
v 1.4008347988128662 -6.158602237701416 -5.335822105407715
v -1.0335274934768677 -7.07629919052124 -11.224817276000977
v -0.5409073233604431 -7.026796817779541 -10.23633861541748
v -0.3515167534351349 -6.691858768463135 -10.919657707214355
v -0.23992829024791718 -6.931325435638428 -9.611008644104004
v 0.2834509611129761 -6.830020904541016 -8.583229064941406
v 0.019667521119117737 -6.6412858963012695 -10.1813383102417
v 0.5056381225585938 -6.6498799324035645 -9.239624977111816
v -0.749379575252533 -6.4949421882629395 -12.160636901855469
v -0.6451634168624878 -6.247058868408203 -12.51312255859375
v -0.18084296584129333 -6.30079984664917 -11.63729476928711
v -0.4636034071445465 -5.74960470199585 -13.147753715515137
v -0.0501423217356205 -5.896018981933594 -12.402594566345215
v 0.16762575507164001 -6.349606990814209 -10.958970069885254
v 0.6909743547439575 -6.4021501541137695 -9.935908317565918
v 0.8508011698722839 -6.081109523773193 -10.668737411499023
v 0.7035529613494873 -6.7122039794921875 -7.707622051239014
v 1.009135365486145 -6.581843852996826 -7.087862014770508
v 0.8277928233146667 -6.626646518707275 -8.301135063171387
v 1.2473957538604736 -6.474266052246094 -7.673542499542236
v 1.351743221282959 -6.390321731567383 -6.419381141662598
v 1.798702597618103 -6.105044841766357 -5.652982234954834
v 1.5956032276153564 -6.310031890869141 -6.968276500701904
v 1.449522852897644 -6.294415473937988 -8.29734992980957
v 1.0972609519958496 -6.337691307067871 -9.174043655395508
v 1.2969387769699097 -6.078490257263184 -9.676581382751465
v 1.638771891593933 -6.045442581176758 -8.960402488708496
v 1.8149776458740234 -6.165501117706299 -7.55893611907959
v 2.020381450653076 -5.953342914581299 -8.191405296325684
v 1.0728719234466553 -5.368737697601318 -3.4465901851654053
v 0.7471258640289307 -5.631506443023682 -3.7925586700439453
v 0.7639434933662415 -5.283281326293945 -3.2226436138153076
v 1.0597635507583618 -5.736500263214111 -4.092066287994385
v 1.4413636922836304 -5.463428497314453 -3.705580472946167
v 1.418165922164917 -5.828133583068848 -4.430628776550293
v -0.5043033361434937 -5.1443305015563965 -14.107086181640625
v -0.7597001791000366 -5.0886406898498535 -14.304685592651367
v -0.033932849764823914 -5.380009174346924 -13.333507537841797
v -0.5183857679367065 -4.684929370880127 -14.535001754760742
v 0.13199202716350555 -4.934859752655029 -13.75192928314209
v 0.40874847769737244 -6.007802486419678 -11.583595275878906
v 1.0036568641662598 -5.657773971557617 -11.422719955444336
v 0.6501297950744629 -5.606781482696533 -12.096409797668457
v 0.5985494256019592 -4.9836039543151855 -13.077326774597168
v 1.0251502990722656 -4.963644504547119 -12.438526153564453
v 1.0214478969573975 -4.314986228942871 -12.96622371673584
v 0.6076073050498962 -4.173741817474365 -13.680018424987793
v 0.4309007525444031 -3.1872267723083496 -14.25180721282959
v 0.9029986262321472 -3.7597737312316895 -13.427271842956543
v 0.7606642842292786 -3.330927848815918 -13.760265350341797
v -1.0537455081939697 -4.519091606140137 -14.868451118469238
v -0.856751561164856 -3.8230814933776855 -15.043485641479492
v -1.2298429012298584 -3.74130916595459 -15.204329490661621
v -0.07902973145246506 -3.965360403060913 -14.622113227844238
v -1.0797698497772217 -3.4810309410095215 -15.201684951782227
v -0.3738102912902832 -3.340883493423462 -14.922369003295898
v -0.7075363993644714 -2.9437129497528076 -15.107276916503906
v -1.371564269065857 -2.9001529216766357 -15.356465339660645
v -1.819687843322754 -2.590649127960205 -15.504014015197754
v 0.15218216180801392 -3.046731948852539 -14.6227388381958
v -0.19177865982055664 -3.008462429046631 -14.86043930053711
v 1.8241136074066162 -5.724643230438232 -9.662867546081543
v 1.525835633277893 -5.722358226776123 -10.281476020812988
v 1.531625747680664 -5.2271809577941895 -11.268298149108887
v 1.812988519668579 -5.270358085632324 -10.665075302124023
v 2.2166202068328857 -5.668272972106934 -8.866252899169922
v 2.350961446762085 -5.268880367279053 -9.577445030212402
v 1.4690892696380615 -4.378444194793701 -12.176175117492676
v 1.959848403930664 -5.0538482666015625 -10.697875022888184
v 1.9395451545715332 -4.654768943786621 -11.153238296508789
v 1.1377308368682861 -3.5159504413604736 -13.088157653808594
v 2.2804019451141357 -4.594551086425781 -10.580123901367188
v 2.7942631244659424 -4.682987689971924 -9.555326461791992
v 2.242551803588867 -3.9145429134368896 -11.119634628295898
v 1.8355447053909302 -3.8047311305999756 -11.83556079864502
v 0.6200348138809204 -2.9704110622406006 -14.03886604309082
v -1.0877585411071777 -2.406611204147339 -15.28230094909668
v -1.4659355878829956 -1.976487398147583 -15.413874626159668
v -0.03269428014755249 -2.718212127685547 -14.805733680725098
v -0.38148313760757446 -2.2415246963500977 -15.00399112701416
v 0.2821812629699707 -2.1779420375823975 -14.479352951049805
v -0.22882509231567383 -1.9633307456970215 -14.926223754882812
v -0.06396669149398804 -1.693633794784546 -14.806737899780273
v -0.7376253604888916 -1.8655272722244263 -15.14228630065918
v -1.3066784143447876 -1.6986836194992065 -15.342227935791016
v -1.1402212381362915 -1.3974143266677856 -15.262711524963379
v -0.44127631187438965 -1.2390742301940918 -14.968514442443848
v -0.8335743546485901 -0.8414897918701172 -15.069059371948242
v 1.5499264001846313 -3.1279797554016113 -12.558137893676758
v 1.4193663597106934 -2.8324429988861084 -12.810075759887695
v 0.8958228230476379 -2.6071200370788574 -13.639939308166504
v 1.2350690364837646 -2.463904857635498 -13.09501838684082
v 2.1418042182922363 -3.5368316173553467 -11.49295711517334
v 1.7316563129425049 -2.968912124633789 -12.31185245513916
v 1.9444925785064697 -3.0495433807373047 -11.978654861450195
v 1.5236761569976807 -2.259288787841797 -12.625722885131836
v 2.1530816555023193 -2.6050195693969727 -11.767601013183594
v 1.8113189935684204 -2.1260221004486084 -12.204692840576172
v 0.5968652367591858 -2.043623685836792 -14.011324882507324
v 0.23167820274829865 -1.4577350616455078 -14.332870483398438
v 0.8845025300979614 -1.8707640171051025 -13.4874267578125
v 0.5283994674682617 -1.3852782249450684 -13.819056510925293
v -0.16350586712360382 -0.8651536703109741 -14.583403587341309
v -0.6762992739677429 -0.5544814467430115 -14.949874877929688
v 1.091171145439148 -1.7480331659317017 -13.122562408447266
v -0.5396288633346558 -0.3694738745689392 -14.804073333740234
v 0.1366138905286789 -0.7505950331687927 -14.090130805969238
v -0.2487606555223465 -0.19153150916099548 -14.345641136169434
v 0.7968607544898987 -1.1450328826904297 -13.33474349975586
v 1.4468015432357788 -1.5123399496078491 -12.57490062713623
v 1.0749578475952148 -0.9743727445602417 -12.908330917358398
v 0.41882216930389404 -0.5916376113891602 -13.63300609588623
v 0.7050057053565979 -0.4833477735519409 -13.20726203918457
v 0.30725786089897156 0.10708668828010559 -13.478933334350586
v -2.265559196472168 -2.2762961387634277 -15.628802299499512
v -2.813026189804077 -2.1387035846710205 -15.751419067382812
v -2.6069138050079346 -1.780392050743103 -15.697785377502441
v -1.8145089149475098 -1.4931210279464722 -15.488410949707031
v -2.0693414211273193 -1.3726311922073364 -15.547613143920898
v -3.0877435207366943 -0.4371316134929657 -15.698176383972168
v -1.5395629405975342 -1.0109869241714478 -15.347607612609863
v -1.9476189613342285 -0.6331190466880798 -15.412751197814941
v -1.4210829734802246 -0.2939754128456116 -15.176922798156738
v -1.692688226699829 -0.18073387444019318 -15.245733261108398
v -2.676151990890503 -0.8113062977790833 -15.640758514404297
v -2.358403205871582 -0.2574969232082367 -15.471982955932617
v -2.664050817489624 0.3009974956512451 -15.457118034362793
v -2.1828927993774414 0.048544783145189285 -15.359453201293945
v -2.4650046825408936 0.6483442783355713 -15.332478523254395
v -3.930511951446533 0.2776816189289093 -15.769137382507324
v -4.260611534118652 -0.297138512134552 -15.909934997558594
v -4.616376876831055 0.1748674511909485 -15.89616584777832
v -5.084647178649902 0.4518868625164032 -15.888063430786133
v -4.365322589874268 0.6122579574584961 -15.774124145507812
v -4.810727596282959 0.9290952682495117 -15.755766868591309
v -3.5049285888671875 -0.07268913090229034 -15.743143081665039
v -3.129274606704712 0.5818309187889099 -15.52279281616211
v -3.5739619731903076 0.8992001414299011 -15.547974586486816
v -3.996574640274048 1.2558999061584473 -15.52918529510498
v -4.39423942565918 1.65506112575531 -15.461095809936523
v -2.885921001434326 1.0063947439193726 -15.369050979614258
v -3.3187336921691895 1.3447426557540894 -15.379000663757324
v -3.7625019550323486 1.6610257625579834 -15.364636421203613
v -4.2160210609436035 1.942765235900879 -15.328198432922363
v -0.9373324513435364 0.07693996280431747 -14.936219215393066
v -1.3406623601913452 0.4489583969116211 -15.01187801361084
v -0.6441720724105835 0.35319337248802185 -14.560306549072266
v -1.7497622966766357 0.8104243278503418 -15.074788093566895
v -2.1644985675811768 1.1734209060668945 -15.12515640258789
v -1.2303816080093384 1.1126083135604858 -14.803050994873047
v -1.505864143371582 1.2444682121276855 -14.879133224487305
v -1.991380214691162 1.4760289192199707 -14.983488082885742
v -0.04601733386516571 0.07148534059524536 -13.947710037231445
v -0.4862561523914337 0.4375263750553131 -14.314558982849121
v -0.7683075070381165 1.0258620977401733 -14.306562423706055
v -0.09032447636127472 0.6358166933059692 -13.705801010131836
v -0.49817997217178345 1.1489142179489136 -13.890458106994629
v -1.1817028522491455 1.5395842790603638 -14.456323623657227
v -1.6005067825317383 2.033730983734131 -14.580145835876465
v -0.9132590889930725 1.646766185760498 -14.042844772338867
v -1.3340752124786377 2.123555898666382 -14.167407035827637
v -2.5882019996643066 1.5268827676773071 -15.155518531799316
v -3.0237722396850586 1.8456755876541138 -15.159590721130371
v -2.4532012939453125 1.7601786851882935 -15.042388916015625
v -2.882066488265991 2.078805923461914 -15.037053108215332
v -2.3018112182617188 2.0094399452209473 -14.916738510131836
v -2.7394137382507324 2.3180296421051025 -14.91602611541748
v -3.4702699184417725 2.138549566268921 -15.138847351074219
v -3.9010567665100098 2.4018208980560303 -15.097594261169434
v -3.2780072689056396 2.4614672660827637 -14.967486381530762
v -3.5898475646972656 2.8515703678131104 -14.84179401397705
v -2.028486728668213 2.468355894088745 -14.647492408752441
v -2.4663596153259277 2.7875444889068604 -14.647085189819336
v -1.7633440494537354 2.5102734565734863 -14.250821113586426
v -2.2015058994293213 2.9205822944641113 -14.302614212036133
v -2.9006340503692627 3.0816075801849365 -14.622138023376465
v -3.299957036972046 3.3049449920654297 -14.577696800231934
v -2.6273012161254883 3.3081071376800537 -14.319475173950195
v -3.027621269226074 3.608374834060669 -14.293900489807129
v 3.148054838180542 -3.9633800983428955 -9.645927429199219
v 2.7023255825042725 -3.967716693878174 -10.337132453918457
v 3.0332140922546387 -3.5465385913848877 -10.166606903076172
v 2.9326350688934326 -3.2842071056365967 -10.488802909851074
v 2.4638845920562744 -3.2067227363586426 -11.185595512390137
v 3.2481863498687744 -3.313161611557007 -10.049120903015137
v 2.7653112411499023 -2.9180471897125244 -10.8930082321167
v 2.4425835609436035 -2.377584218978882 -11.416178703308105
v 3.6688241958618164 -2.859114646911621 -9.833511352539062
v 3.5195541381835938 -2.611076593399048 -10.112297058105469
v 3.0313644409179688 -2.580752372741699 -10.67334270477295
v 3.8647537231445312 -2.6463398933410645 -9.746453285217285
v 2.092198133468628 -1.8292629718780518 -11.838249206542969
v 2.730419874191284 -2.10259747505188 -11.118576049804688
v 2.372699499130249 -1.6020901203155518 -11.518428802490234
v 3.639071464538574 -2.0627212524414062 -10.18830394744873
v 3.353760242462158 -2.3466691970825195 -10.389015197753906
v 3.0120742321014404 -1.8489972352981567 -10.853681564331055
v 2.76477313041687 -1.5329912900924683 -11.107870101928711
v 3.2532248497009277 -1.6343721151351929 -10.62885570526123
v 2.910057783126831 -1.1607526540756226 -10.958562850952148
v 1.7253419160842896 -1.3142657279968262 -12.198665618896484
v 1.280243992805481 -0.8461673855781555 -12.610574722290039
v 1.9105721712112427 -1.1819895505905151 -11.960623741149902
v 1.6168619394302368 -0.6216306090354919 -12.171919822692871
v 0.9634721875190735 -0.28234952688217163 -12.813545227050781
v 0.5726040601730347 0.24179093539714813 -13.079545021057129
v 1.2265722751617432 -0.12788859009742737 -12.451484680175781
v 0.8313280940055847 0.37626513838768005 -12.709628105163574
v 2.2665042877197266 -0.9121092557907104 -11.556281089782715
v 1.8779218196868896 -0.44586697220802307 -11.850114822387695
v 2.5238959789276123 -0.7230601906776428 -11.267267227172852
v 2.130296468734741 -0.32075241208076477 -11.533161163330078
v 1.4822728633880615 0.005717105697840452 -12.110782623291016
v 1.7333227396011353 0.04708070680499077 -11.765596389770508
v 4.18632698059082 -1.4998977184295654 -9.859739303588867
v 3.409057855606079 -0.8147135376930237 -10.437552452087402
v 4.671486854553223 -1.144813895225525 -9.413506507873535
v 3.163930654525757 -0.9679599404335022 -10.697990417480469
v 2.769134521484375 -0.6047094464302063 -10.961999893188477
v 2.908933401107788 -0.38561978936195374 -10.754952430725098
v 2.3481147289276123 -0.21942377090454102 -11.227666854858398
v 3.686661958694458 -0.4159891903400421 -10.022194862365723
v 0.17264144122600555 0.7583465576171875 -13.307280540466309
v -0.23683680593967438 1.2624025344848633 -13.494872093200684
v 0.3770189881324768 0.898418664932251 -12.909538269042969
v -0.06692083179950714 1.2350008487701416 -13.225140571594238
v -0.5885647535324097 1.6289525032043457 -13.531373023986816
v -1.0480825901031494 2.0005104541778564 -13.74222469329834
v 1.080574631690979 0.41621482372283936 -12.336212158203125
v -1.521144151687622 2.420018196105957 -13.86430549621582
v -1.9618699550628662 2.8227734565734863 -13.93416690826416
v -2.2144272327423096 3.092207908630371 -13.937337875366211
v -2.768314838409424 3.579866886138916 -13.930503845214844
v -2.624969959259033 3.578925132751465 -13.734185218811035
v -10.605159759521484 -1.6807440519332886 -10.223827362060547
v -10.450104713439941 -1.2401914596557617 -11.294817924499512
v -10.511298179626465 -0.9675477743148804 -10.994569778442383
v -10.562840461730957 -0.6013707518577576 -10.48580551147461
v -10.658199310302734 -0.9446587562561035 -9.836014747619629
v -10.726638793945312 -1.0288127660751343 -8.973016738891602
v -10.298432350158691 -1.005784034729004 -11.98988151550293
v -10.404723167419434 -0.4403224587440491 -11.548770904541016
v -10.287201881408691 0.046668533235788345 -11.96527099609375
v -10.142735481262207 0.3868041932582855 -12.429858207702637
v -9.968001365661621 0.6833033561706543 -12.921817779541016
v -9.747481346130371 1.0086749792099 -13.36622142791748
v -9.473670959472656 1.3504114151000977 -13.771157264709473
v -10.63156795501709 -0.7124333381652832 -9.467205047607422
v -10.451282501220703 -0.5488564372062683 -8.9920654296875
v -10.471848487854004 -0.3906417489051819 -9.969172477722168
v -10.437795639038086 -0.25123921036720276 -11.230224609375
v -10.268135070800781 0.3182835876941681 -11.5659818649292
v -10.303119659423828 -0.01743616722524166 -10.486916542053223
v -10.203679084777832 -0.09215305745601654 -9.722039222717285
v -10.1722412109375 0.06723220646381378 -10.12341594696045
v -10.077937126159668 0.45131102204322815 -10.861831665039062
v -9.942855834960938 0.48823246359825134 -10.507245063781738
v -10.253963470458984 -0.3917080760002136 -8.541630744934082
v -10.009376525878906 -0.22701093554496765 -8.126713752746582
v -10.228321075439453 -0.21314942836761475 -9.352761268615723
v -10.072632789611816 -0.12189741432666779 -9.024640083312988
v -9.842791557312012 -7.790629751980305e-06 -8.595458030700684
v -9.759113311767578 -0.05096820369362831 -7.7296061515808105
v -9.488567352294922 0.14573144912719727 -7.356442451477051
v -9.596263885498047 0.16973333060741425 -8.196826934814453
v -9.330727577209473 0.3694591224193573 -7.827563285827637
v -9.9000244140625 0.17368386685848236 -9.517117500305176
v -9.669595718383789 0.2815757095813751 -9.081869125366211
v -9.726544380187988 0.5417467355728149 -10.02745246887207
v -9.49503231048584 0.6349160671234131 -9.586339950561523
v -9.425118446350098 0.44020652770996094 -8.681534767150879
v -9.165316581726074 0.6433825492858887 -8.315770149230957
v -9.252337455749512 0.7788753509521484 -9.184086799621582
v -8.997209548950195 0.9839833974838257 -8.821405410766602
v -10.094673156738281 0.7656374573707581 -12.072297096252441
v -9.910621643066406 1.1258524656295776 -12.517840385437012
v -9.963749885559082 0.920720636844635 -11.552441596984863
v -9.770381927490234 0.9611320495605469 -11.041913032531738
v -9.788808822631836 1.4657269716262817 -12.154105186462402
v -9.586141586303711 1.5120503902435303 -11.583617210388184
v -9.696264266967773 1.4760512113571167 -12.962964057922363
v -9.429001808166504 1.7908321619033813 -13.407204627990723
v -9.586297988891602 1.7981280088424683 -12.625042915344238
v -9.374412536621094 2.123126745223999 -12.124551773071289
v -9.433000564575195 2.029707431793213 -12.784740447998047
v -9.254586219787598 2.2912657260894775 -12.888838768005371
v -9.11807918548584 2.5509066581726074 -12.594953536987305
v -9.552928924560547 0.9960574507713318 -10.553897857666016
v -9.31890869140625 1.0728373527526855 -10.10675048828125
v -9.366934776306152 1.5282940864562988 -11.088141441345215
v -9.130406379699707 1.5881718397140503 -10.634941101074219
v -9.075410842895508 1.2031843662261963 -9.701986312866211
v -8.822126388549805 1.3956769704818726 -9.340947151184082
v -8.88431167602539 1.7050137519836426 -10.227197647094727
v -8.631500244140625 1.8839032649993896 -9.865041732788086
v -9.155580520629883 2.1230599880218506 -11.62138557434082
v -8.916959762573242 2.164937973022461 -11.161768913269043
v -8.898798942565918 2.741694688796997 -12.145486831665039
v -8.658445358276367 2.725238800048828 -11.674497604370117
v -8.66913890838623 2.2678911685943604 -10.749150276184082
v -8.416796684265137 2.3946046829223633 -10.375755310058594
v -8.411778450012207 2.7565016746520996 -11.246627807617188
v -8.163768768310547 2.8422629833221436 -10.861239433288574
v -9.196125030517578 0.36271655559539795 -7.004956245422363
v -8.879560470581055 0.5985715985298157 -6.673222541809082
v -9.044768333435059 0.5961933135986328 -7.484267711639404
v -8.735960006713867 0.8482287526130676 -7.165180683135986
v -8.537403106689453 0.8524284958839417 -6.358959197998047
v -8.19715404510498 1.156318187713623 -6.071061134338379
v -8.4032621383667 1.121865153312683 -6.8675103187561035
v -8.075470924377441 1.3734116554260254 -6.601080894470215
v -8.886896133422852 0.880208432674408 -7.981997013092041
v -8.588895797729492 1.1488960981369019 -7.677073001861572
v -8.72653579711914 1.2307024002075195 -8.496355056762695
v -8.439644813537598 1.5145738124847412 -8.204163551330566
v -8.271417617797852 1.415979027748108 -7.398204803466797
v -7.959901809692383 1.5912927389144897 -7.152364730834961
v -8.136958122253418 1.6845264434814453 -7.941088676452637
v -7.844058513641357 1.8821419477462769 -7.711529731750488
v -7.383768081665039 1.776157021522522 -6.118395805358887
v -6.580264091491699 1.9321489334106445 -5.498967170715332
v -7.194770812988281 2.185084819793701 -7.224355697631836
v -6.426991939544678 2.2533137798309326 -6.639316082000732
v -8.557960510253906 1.6488975286483765 -9.02156925201416
v -8.282148361206055 1.8789992332458496 -8.737998962402344
v -8.372428894042969 2.1273107528686523 -9.5463285446167
v -8.104968070983887 2.2269909381866455 -9.25169563293457
v -7.99301290512085 2.0255205631256104 -8.484045028686523
v -7.716409206390381 2.1847574710845947 -8.241278648376465
v -7.828948974609375 2.3118817806243896 -8.978740692138672
v -7.559327125549316 2.446100950241089 -8.7293119430542
v -8.160619735717773 2.5199382305145264 -10.037422180175781
v -7.899899482727051 2.546351194381714 -9.73258113861084
v -7.914541244506836 2.9049015045166016 -10.51485824584961
v -7.665952682495117 2.921182870864868 -10.203741073608398
v -7.637506484985352 2.6222100257873535 -9.456828117370605
v -7.38160514831543 2.75494384765625 -9.204404830932617
v -7.421207904815674 2.9960124492645264 -9.922741889953613
v -7.180847644805908 3.101619243621826 -9.65922737121582
v -6.9654436111450195 2.583249092102051 -8.208708763122559
v -6.2971062660217285 2.699056386947632 -7.6790690422058105
v -7.277979850769043 2.5505576133728027 -8.476396560668945
v -7.108969211578369 2.805713176727295 -8.940086364746094
v -6.827922821044922 2.867063283920288 -8.680824279785156
v -6.9259724617004395 3.1159942150115967 -9.388340950012207
v -6.685492515563965 3.1584596633911133 -9.143108367919922
v -6.659875392913818 2.6329689025878906 -7.9602437019348145
v -6.640750408172607 2.9184410572052 -8.51646900177002
v -6.2139410972595215 3.0083394050598145 -8.162090301513672
v -6.39629602432251 3.2302439212799072 -8.868374824523926
v -6.09274435043335 3.2920103073120117 -8.609057426452637
v -6.547477722167969 1.167547345161438 -15.684403419494629
v -6.989236354827881 1.371127963066101 -15.55161190032959
v -9.058289527893066 1.1659928560256958 -14.487061500549316
v -9.121105194091797 1.529495120048523 -14.254379272460938
v -8.697229385375977 1.6788749694824219 -14.637918472290039
v -8.635614395141602 2.198681592941284 -14.291620254516602
v -9.030852317810059 2.003068685531616 -13.96474838256836
v -8.52902603149414 2.6085267066955566 -13.88586711883545
v -7.944039821624756 0.8953474164009094 -15.395824432373047
v -8.012380599975586 1.7246804237365723 -15.090765953063965
v -7.570699691772461 1.5643130540847778 -15.35135555267334
v -7.215281009674072 2.0650691986083984 -15.188153266906738
v -7.69747257232666 2.195406675338745 -14.936488151550293
v -8.036636352539062 2.2262842655181885 -14.731679916381836
v -8.277783393859863 2.2309484481811523 -14.569368362426758
v -7.222202777862549 2.73569917678833 -14.643689155578613
v -7.975772380828857 2.6095614433288574 -14.378600120544434
v -7.82500696182251 3.0642249584198 -13.920239448547363
v -8.172385215759277 3.0255448818206787 -13.647838592529297
v -6.986486911773682 3.0300486087799072 -14.462763786315918
v -7.552307605743408 3.0716655254364014 -14.11335277557373
v -7.636855602264404 3.436513662338257 -13.513137817382812
v -7.859179973602295 3.407921075820923 -13.336749076843262
v -7.576201915740967 3.7788424491882324 -12.983882904052734
v -7.019799709320068 3.459547996520996 -13.952534675598145
v -7.245711326599121 3.461413860321045 -13.800769805908203
v -6.842372894287109 3.856665849685669 -13.545915603637695
v -7.264817237854004 3.956979751586914 -12.630367279052734
v -7.043138027191162 4.02433967590332 -12.227252006530762
v -6.656130790710449 4.259718894958496 -13.138607025146484
v -6.490809440612793 4.356832981109619 -12.756854057312012
v -5.592724800109863 0.6601491570472717 -15.864169120788574
v -6.062218189239502 0.9357091188430786 -15.791986465454102
v -5.429509162902832 0.944240927696228 -15.79886245727539
v -5.798854351043701 1.3941937685012817 -15.678169250488281
v -5.266811847686768 1.227769374847412 -15.713632583618164
v -5.956690788269043 1.6233060359954834 -15.598896980285645
v -6.10011625289917 1.8910361528396606 -15.47634506225586
v -6.680609226226807 1.935936450958252 -15.389787673950195
v -4.967120170593262 1.7455137968063354 -15.504728317260742
v -5.407744407653809 1.981195092201233 -15.432243347167969
v -4.7377424240112305 2.061025857925415 -15.332555770874023
v -4.880888938903809 2.300600051879883 -15.222305297851562
v -4.972580909729004 2.5044400691986084 -15.112985610961914
v -6.259448051452637 2.3731772899627686 -15.175209045410156
v -5.845062255859375 2.18147611618042 -15.326839447021484
v -5.504233360290527 2.5913095474243164 -15.073041915893555
v -5.968503475189209 2.7752163410186768 -14.926467895507812
v -6.799674987792969 2.5074267387390137 -14.98153018951416
v -6.30599308013916 2.8834455013275146 -14.795065879821777
v -5.657100200653076 3.1936984062194824 -14.64281940460205
v -5.126499176025391 3.100478172302246 -14.738231658935547
v -5.174159049987793 3.562920331954956 -14.417987823486328
v -5.171341896057129 3.9643006324768066 -14.122200965881348
v -4.309113025665283 2.6229159832000732 -15.031527519226074
v -4.73893928527832 2.8236632347106934 -14.929121017456055
v -4.002752780914307 3.0783162117004395 -14.772326469421387
v -4.435509204864502 3.2891314029693604 -14.671589851379395
v -4.892078876495361 3.467498540878296 -14.523763656616211
v -3.8855667114257812 4.086976528167725 -14.118090629577637
v -4.155762195587158 3.754711151123047 -14.396942138671875
v -4.615747451782227 3.9582791328430176 -14.249748229980469
v -4.125453472137451 4.201199054718018 -14.041014671325684
v -4.3493757247924805 4.306665420532227 -13.963805198669434
v -4.840847015380859 4.489839553833008 -13.746330261230469
v -6.285238265991211 3.157304525375366 -14.568608283996582
v -6.678138732910156 3.4416351318359375 -14.167994499206543
v -6.140898704528809 3.8157010078430176 -13.98337459564209
v -6.397432327270508 3.850029706954956 -13.839409828186035
v -5.867941379547119 3.7662580013275146 -14.125051498413086
v -6.069370269775391 4.264037132263184 -13.535136222839355
v -5.606627941131592 4.205167770385742 -13.796356201171875
v -5.1053547859191895 4.566606044769287 -13.607007026672363
v -5.359940528869629 4.642160892486572 -13.469877243041992
v -8.968602180480957 2.455967903137207 -13.444558143615723
v -8.925034523010254 2.7313525676727295 -12.870866775512695
v -8.571792602539062 3.155209541320801 -12.628619194030762
v -8.273293495178223 3.278500556945801 -12.248237609863281
v -8.159406661987305 3.3394086360931396 -13.072842597961426
v -7.928831577301025 3.648409605026245 -12.659107208251953
v -8.001708984375 3.3126888275146484 -11.845132827758789
v -7.802470684051514 3.3390934467315674 -11.401519775390625
v -7.696147441864014 3.6312255859375 -12.206904411315918
v -7.474376201629639 3.6921563148498535 -11.800115585327148
v -6.8518195152282715 4.028559684753418 -11.851163864135742
v -6.24419641494751 4.411539077758789 -12.381973266601562
v -6.019199848175049 4.295359134674072 -12.070759773254395
v -6.598352909088135 4.00606107711792 -11.454343795776367
v -6.01090669631958 4.163664817810059 -11.617420196533203
v -5.858803749084473 4.163486480712891 -11.308479309082031
v -5.997621059417725 4.00551700592041 -10.491061210632324
v -5.922277450561523 4.0594000816345215 -10.339896202087402
v -5.711457252502441 4.243307113647461 -11.020111083984375
v -5.557132244110107 4.380845069885254 -10.743986129760742
v -5.79022216796875 4.1076884269714355 -9.980822563171387
v -5.46713924407959 4.328159332275391 -9.829593658447266
v -5.372686386108398 4.5280585289001465 -10.473860740661621
v -3.445568561553955 3.8518216609954834 -14.226263999938965
v -3.1885087490081787 3.9417214393615723 -13.89163589477539
v -3.629970073699951 4.275796413421631 -13.807724952697754
v -2.893211841583252 3.8984789848327637 -13.498456954956055
v -3.3894307613372803 4.232008457183838 -13.489121437072754
v -4.172347068786621 4.500173091888428 -13.754149436950684
v -4.59040641784668 4.641992092132568 -13.436383247375488
v -4.190524578094482 4.528908729553223 -13.210203170776367
v -3.8595235347747803 4.4521284103393555 -13.348101615905762
v -3.1040403842926025 4.148932456970215 -13.11229419708252
v -4.189373970031738 4.540659427642822 -12.923198699951172
v -3.639268159866333 4.41567850112915 -13.064382553100586
v -3.1714210510253906 4.294399261474609 -12.871259689331055
v -3.437812566757202 4.440396308898926 -12.79486083984375
v -5.816400527954102 4.653833866119385 -13.009209632873535
v -5.036558628082275 4.586208820343018 -13.073650360107422
v -4.922593593597412 4.516117572784424 -12.813925743103027
v -5.698771953582764 4.55534029006958 -12.772797584533691
v -5.433870315551758 4.44322395324707 -12.491518020629883
v -4.901971817016602 4.501865386962891 -12.430378913879395
v -5.22093391418457 4.432976722717285 -12.220097541809082
v -4.830139636993408 4.564761638641357 -12.101318359375
v -5.499843597412109 4.360424518585205 -12.024104118347168
v -5.808362007141113 4.247229099273682 -11.784993171691895
v -5.383545875549316 4.3866424560546875 -11.705902099609375
v -5.615724563598633 4.28113317489624 -11.517570495605469
v -4.6656813621521 4.541943073272705 -12.576971054077148
v -4.15770959854126 4.634662628173828 -12.49524974822998
v -4.46971321105957 4.633769512176514 -12.32703971862793
v -3.1705737113952637 4.439884662628174 -12.549257278442383
v -3.763380289077759 4.696568965911865 -12.335320472717285
v -3.0643155574798584 4.503472805023193 -12.245537757873535
v -3.603266954421997 4.786025524139404 -12.058145523071289
v -2.859318494796753 4.451259136199951 -11.952214241027832
v -3.398822784423828 4.750543117523193 -11.763080596923828
v -2.4956557750701904 4.252084255218506 -11.692699432373047
v -3.2175512313842773 4.68488883972168 -11.444005966186523
v -4.734139442443848 4.6689653396606445 -11.79407787322998
v -4.6120429039001465 4.806926727294922 -11.50245189666748
v -5.441859722137451 4.392492771148682 -11.25981330871582
v -5.2874250411987305 4.544902324676514 -10.99035358428955
v -4.507588863372803 4.936133861541748 -11.18319034576416
v -4.185121059417725 4.958364963531494 -10.954713821411133
v -4.42344856262207 4.967803478240967 -10.80609130859375
v -4.958981513977051 4.785171985626221 -10.848971366882324
v -5.152662754058838 4.672536373138428 -10.680976867675781
v -4.739640235900879 4.906933784484863 -10.577957153320312
v -5.036616802215576 4.727185249328613 -10.311976432800293
v -4.091242790222168 4.744369029998779 -12.17764949798584
v -4.139406204223633 4.869475841522217 -11.793245315551758
v -3.7717292308807373 4.875856876373291 -11.596285820007324
v -3.4680023193359375 4.783146858215332 -11.332533836364746
v -3.7964115142822266 4.891407012939453 -11.17214584350586
v -7.621028900146484 3.3089137077331543 -10.980709075927734
v -7.323480129241943 3.4160549640655518 -10.761932373046875
v -7.262408256530762 3.700730800628662 -11.434637069702148
v -7.056784152984619 3.7096850872039795 -11.104701042175293
v -7.141438007354736 3.4401745796203613 -10.417890548706055
v -7.040356636047363 3.421130418777466 -10.20669174194336
v -6.855972766876221 3.7257699966430664 -10.797869682312012
v -6.641008377075195 3.681877851486206 -10.501965522766113
v -6.4412455558776855 3.9424355030059814 -11.220010757446289
v -6.259145736694336 3.916499614715576 -10.91635799407959
v -6.805230140686035 3.292884588241577 -9.63798999786377
v -6.471212387084961 3.475641965866089 -9.550581932067871
v -6.430976867675781 3.7050423622131348 -10.224871635437012
v -6.217981338500977 3.7803843021392822 -9.959747314453125
v -6.2178754806518555 3.553999423980713 -9.292590141296387
v -5.9323811531066895 3.623884677886963 -9.034443855285645
v -5.985879421234131 3.876925468444824 -9.699763298034668
v 1.332724928855896 0.37509092688560486 -11.973431587219238
v 2.613800048828125 -0.20093859732151031 -10.904516220092773
v 1.9748908281326294 0.04553309828042984 -11.419958114624023
v 1.5765870809555054 0.3385806083679199 -11.630440711975098
v 2.2152366638183594 0.038787391036748886 -11.108267784118652
v 1.8114628791809082 0.25653818249702454 -11.303178787231445
v 3.057238817214966 -0.19167709350585938 -10.302568435668945
v 2.24523663520813 0.15733812749385834 -10.684592247009277
v -0.3957000970840454 1.5830304622650146 -13.242741584777832
v -0.8138542175292969 1.9904170036315918 -13.38037395477295
v 0.681806743144989 0.7682713866233826 -12.537922859191895
v 0.2752046287059784 1.145135521888733 -12.721739768981934
v 0.9317874312400818 0.727512001991272 -12.17741870880127
v 0.5238855481147766 1.046466588973999 -12.361978530883789
v -0.13948339223861694 1.5275298357009888 -12.878030776977539
v -0.5594216585159302 1.906600832939148 -13.018271446228027
v 0.1091565266251564 1.3808624744415283 -12.527536392211914
v -0.3124547004699707 1.7407104969024658 -12.67243480682373
v -1.2406259775161743 2.406210422515869 -13.488682746887207
v -1.678279161453247 2.818375825881958 -13.559892654418945
v -1.1703141927719116 2.5800302028656006 -12.915240287780762
v -1.4206510782241821 2.7265102863311768 -13.233031272888184
v -2.114997148513794 3.220031499862671 -13.595690727233887
v -1.8634395599365234 3.140780448913574 -13.292983055114746
v -2.2844653129577637 3.505706310272217 -13.306180953979492
v -1.608918309211731 3.043017864227295 -12.998632431030273
v -2.0622403621673584 3.464397430419922 -13.028063774108887
v 1.1731330156326294 0.6098242402076721 -11.830350875854492
v 0.7641615271568298 0.9091376066207886 -12.017559051513672
v 1.4048123359680176 0.5088269114494324 -11.497570991516113
v 0.9952011108398438 0.8005388379096985 -11.689903259277344
v 0.16690278053283691 1.5291292667388916 -12.061305046081543
v 1.4284249544143677 0.6853886246681213 -11.098939895629883
v 0.6048234701156616 1.4496774673461914 -11.520275115966797
v -0.6895102262496948 2.3956542015075684 -12.329551696777344
v -0.927424967288971 2.4688544273376465 -12.615626335144043
v -1.3647509813308716 2.964080810546875 -12.71303939819336
v -1.8169047832489014 3.40454363822937 -12.751019477844238
v -1.0547057390213013 2.883293628692627 -12.339017868041992
v -1.585461974143982 3.350027322769165 -12.473896026611328
v -0.25959131121635437 2.3494250774383545 -11.809450149536133
v -1.0026236772537231 2.9368693828582764 -12.168628692626953
v -1.3700957298278809 3.2937095165252686 -12.192683219909668
v -0.7024345397949219 2.7930479049682617 -11.910818099975586
v -1.1714361906051636 3.237696886062622 -11.906417846679688
v -0.4694873094558716 2.361602306365967 -12.06871223449707
v -2.714395523071289 3.84470796585083 -13.271270751953125
v -2.500842809677124 3.8477554321289062 -13.00536060333252
v -2.2847747802734375 3.84240984916687 -12.739027976989746
v -2.7704875469207764 4.221099376678467 -12.662181854248047
v -2.0543124675750732 3.789911985397339 -12.463181495666504
v -2.5470633506774902 4.186948299407959 -12.386369705200195
v -1.8427284955978394 3.720583200454712 -12.17562484741211
v -2.339045524597168 4.117665767669678 -12.093886375427246
v -1.6506335735321045 3.6458353996276855 -11.876021385192871
v -2.1524407863616943 4.023637771606445 -11.78436279296875
v 15.555484771728516 -7.036816596984863 -2.840392589569092
v 15.932491302490234 -6.8198347091674805 -3.284649610519409
v 16.068819046020508 -6.437834739685059 -3.7307465076446533
v 15.800389289855957 -6.647756576538086 -4.247610092163086
v 16.054824829101562 -6.163913726806641 -3.974198341369629
v 11.692931175231934 -6.595016002655029 -3.375886917114258
v 11.411792755126953 -6.519999027252197 -3.372706890106201
v 10.89321231842041 -6.319615364074707 -3.3298137187957764
v 10.901762008666992 -6.3713274002075195 -3.014005422592163
v 13.245475769042969 -6.957690715789795 -3.1950674057006836
v 14.920998573303223 -7.019606590270996 -2.411367416381836
v 14.380794525146484 -6.890547275543213 -2.1657352447509766
v 13.86885929107666 -6.786526679992676 -1.9863187074661255
v 13.242027282714844 -6.783015727996826 -2.375300407409668
v 13.3104248046875 -6.651566982269287 -1.7335858345031738
v 14.105393409729004 -6.9954376220703125 -2.809296131134033
v 13.748397827148438 -6.982040882110596 -3.004589080810547
v 13.774785041809082 -6.917101860046387 -2.667717695236206
v 11.215514183044434 -6.660329341888428 -2.250521183013916
v 12.825599670410156 -6.58488130569458 -1.537510871887207
v 12.24001407623291 -6.5581817626953125 -1.293477177619934
v 11.696932792663574 -6.528296947479248 -1.08872389793396
v 11.162972450256348 -6.442524433135986 -0.8385236263275146
v 12.099770545959473 -6.712284564971924 -1.9645931720733643
v 11.580029487609863 -6.7570905685424805 -2.1728808879852295
v 11.624122619628906 -6.675430774688721 -1.7709299325942993
v 11.972997665405273 -6.656080722808838 -3.364196300506592
v 12.067171096801758 -6.787927627563477 -2.70093035697937
v 11.49051570892334 -6.614968299865723 -2.8264386653900146
v 10.922615051269531 -6.4058003425598145 -2.830984115600586
v 10.95631217956543 -6.465415954589844 -2.593846559524536
v 11.54587459564209 -6.728950500488281 -2.389033555984497
v 12.00879192352295 -6.707037448883057 -3.0575263500213623
v 13.376408576965332 -6.829046249389648 -4.402088165283203
v 13.109481811523438 -6.771792888641357 -4.307369232177734
v 14.672032356262207 -6.902875900268555 -5.452118396759033
v 14.352361679077148 -6.870995998382568 -5.497061252593994
v 13.17728328704834 -6.712716579437256 -4.916106700897217
v 14.31949520111084 -6.927549362182617 -5.021450519561768
v 13.725733757019043 -6.825497150421143 -4.9436492919921875
v 13.710280418395996 -6.857871055603027 -4.647388935089111
v 13.775277137756348 -6.779964923858643 -5.5130295753479
v 13.21863842010498 -6.685039520263672 -5.6074018478393555
v 11.376131057739258 -6.403359413146973 -4.3434319496154785
v 10.967473983764648 -6.2649922370910645 -4.142134189605713
v 12.524382591247559 -6.6858906745910645 -3.8569324016571045
v 11.960027694702148 -6.588216304779053 -3.9755752086639404
v 12.543208122253418 -6.63154935836792 -4.398080348968506
v 11.993566513061523 -6.555816173553467 -4.384857177734375
v 11.64232063293457 -6.527961254119873 -3.8771610260009766
v 10.923113822937012 -6.275774002075195 -3.7868597507476807
v 10.90129280090332 -6.296719074249268 -3.5089592933654785
v 12.105963706970215 -6.521782398223877 -4.851123332977295
v 12.94211483001709 -6.625598907470703 -5.488011837005615
v 12.666925430297852 -6.564052581787109 -5.470736026763916
v 12.146878242492676 -6.499741554260254 -5.426816463470459
v 11.560691833496094 -6.414338111877441 -4.815249443054199
v 11.086503982543945 -6.246427536010742 -4.708192348480225
v 11.681294441223145 -6.394442558288574 -5.439021110534668
v 11.21544361114502 -6.219604015350342 -5.208215236663818
v 12.608498573303223 -6.5790910720825195 -4.90435791015625
v 13.410762786865234 -6.920619010925293 -3.8424017429351807
v 13.122130393981934 -6.853934288024902 -3.6648168563842773
v 14.201203346252441 -7.087116718292236 -3.665090560913086
v 13.701648712158203 -7.009346961975098 -3.820950746536255
v 13.722972869873047 -7.035209655761719 -3.420745849609375
v 14.236471176147461 -7.0278754234313965 -4.378979682922363
v 13.698587417602539 -6.899812698364258 -4.386258602142334
v 13.692218780517578 -6.972930431365967 -4.024166584014893
v 14.90848159790039 -7.078132152557373 -3.2719039916992188
v 15.600767135620117 -6.971913814544678 -3.5978732109069824
v 15.336324691772461 -6.947541236877441 -4.549139976501465
v 14.915770530700684 -7.085143089294434 -4.087273120880127
v 15.22406005859375 -6.866881370544434 -5.281592845916748
v 15.004019737243652 -6.899648666381836 -5.366095542907715
v 14.970118522644043 -6.983315944671631 -5.017398357391357
v 15.620290756225586 -6.675713539123535 -4.995022296905518
v 15.87352180480957 -6.335192680358887 -4.586517333984375
v 16.004379272460938 -5.901613235473633 -4.179292678833008
v 12.566298484802246 -6.755249977111816 -3.316297769546509
v 15.550368309020996 -7.024295806884766 -2.035959243774414
v 16.0335750579834 -6.7920145988464355 -1.5933524370193481
v 15.911179542541504 -6.65354061126709 -0.7421773076057434
v 15.574319839477539 -6.902966022491455 -1.1211460828781128
v 15.706483840942383 -6.70855712890625 -0.5519638061523438
v 16.05609130859375 -6.156537055969238 -0.28003382682800293
v 16.230987548828125 -6.408767223358154 -1.1861776113510132
v 16.033063888549805 -6.837649345397949 -2.4384713172912598
v 16.31040382385254 -6.50388240814209 -2.036271810531616
v 16.255361557006836 -6.520766735076904 -2.879800796508789
v 16.40669822692871 -6.075309753417969 -2.4811344146728516
v 16.37664222717285 -6.018128395080566 -1.6301939487457275
v 16.320714950561523 -5.662924289703369 -1.3960157632827759
v 16.217981338500977 -5.821714401245117 -0.7499483227729797
v 16.361642837524414 -5.609375 -2.0649616718292236
v 16.278614044189453 -5.784062385559082 -3.142296075820923
v 16.21131134033203 -5.893404006958008 -3.428190231323242
v 14.531196594238281 -6.653511047363281 -0.7224462628364563
v 13.644018173217773 -6.569868087768555 -1.1216634511947632
v 13.387022018432617 -6.502037048339844 -1.0249943733215332
v 13.913657188415527 -6.638092041015625 -1.2232366800308228
v 13.982303619384766 -6.4908766746521 -0.5001175403594971
v 14.570425987243652 -6.508944511413574 0.042059969156980515
v 14.649551391601562 -6.344120025634766 0.7332493662834167
v 15.092617988586426 -6.697154521942139 -0.3213242292404175
v 15.679107666015625 -6.429573059082031 0.10614517331123352
v 15.11990737915039 -6.432720184326172 0.49421262741088867
v 14.3048734664917 -6.426234245300293 0.140028715133667
v 14.045649528503418 -6.359537124633789 0.2361142635345459
v 13.517852783203125 -6.2281341552734375 0.4355024993419647
v 14.799114227294922 -6.887050151824951 -1.5551677942276
v 14.417463302612305 -6.817598819732666 -1.7249075174331665
v 14.441398620605469 -6.769070625305176 -1.4208635091781616
v 15.03176212310791 -6.817311763763428 -0.885671079158783
v 13.457193374633789 -6.354179382324219 -0.27148109674453735
v 12.92036247253418 -6.2491679191589355 -0.08561678230762482
v 15.453795433044434 -5.677791118621826 1.3577097654342651
v 15.776801109313965 -5.961442947387695 0.5084234476089478
v 15.363213539123535 -6.132277011871338 0.9503165483474731
v 15.693119049072266 -5.444295406341553 0.8509700298309326
v 15.349421501159668 -5.132221698760986 1.7220029830932617
v 15.501971244812012 -4.870615482330322 1.1738243103027344
v 15.064103126525879 -4.505501747131348 2.0309789180755615
v 14.861307144165039 -4.158322334289551 2.1755473613739014
v 15.262077331542969 -4.417806625366211 1.3759506940841675
v 14.85387897491455 -3.9804458618164062 1.6298637390136719
v 14.789605140686035 -4.005753993988037 1.9799308776855469
v 15.971858024597168 -5.658786296844482 0.08056040108203888
v 15.86793327331543 -5.344725608825684 0.26084932684898376
v 15.966948509216309 -5.211254119873047 -0.3487124741077423
v 15.690343856811523 -4.608656883239746 -0.10509166121482849
v 15.648187637329102 -4.706758499145508 0.41777855157852173
v 15.30289077758789 -4.270724773406982 0.7840542197227478
v 15.256872177124023 -4.286525249481201 1.0933945178985596
v 15.158175468444824 -4.1209940910339355 0.8779787421226501
v 14.976296424865723 -3.937103271484375 0.991718053817749
v 15.015678405761719 -3.881258964538574 0.504143238067627
v 14.674858093261719 -3.8080952167510986 1.7264599800109863
v 14.479574203491211 -3.4650912284851074 1.2909494638442993
v 14.57677173614502 -3.63093638420105 1.4999794960021973
v 14.736950874328613 -3.5768632888793945 0.5632991194725037
v 14.261670112609863 -3.097724437713623 0.8419544100761414
v 14.350095748901367 -3.261140823364258 1.0434850454330444
v 16.2147274017334 -5.354419231414795 -1.2262412309646606
v 16.11409568786621 -4.951631546020508 -1.8018858432769775
v 16.098358154296875 -4.9687089920043945 -1.4918475151062012
v 15.977689743041992 -4.749495983123779 -1.6738667488098145
v 16.33361053466797 -5.676070213317871 -2.7943952083587646
v 15.986740112304688 -5.2535624504089355 -3.7256152629852295
v 16.071516036987305 -5.10690975189209 -3.1437418460845947
v 15.790762901306152 -4.8454508781433105 -3.362433671951294
v 16.11341094970703 -4.979870319366455 -2.3922195434570312
v 15.980046272277832 -4.838770389556885 -2.5306344032287598
v 15.831374168395996 -4.651876926422119 -2.3731348514556885
v 15.830686569213867 -4.595801830291748 -1.8526830673217773
v 15.820701599121094 -4.699276447296143 -2.6832425594329834
v 15.547308921813965 -4.305121421813965 -2.1773271560668945
v 15.518271446228027 -4.421948432922363 -2.9833638668060303
v 15.225170135498047 -3.975839853286743 -2.5793814659118652
v 16.0618839263916 -5.03354024887085 -1.0480780601501465
v 15.7881441116333 -4.602517604827881 -0.8149473071098328
v 15.81696605682373 -4.580137729644775 -1.532945156097412
v 15.45532512664795 -4.242173671722412 -0.5566192865371704
v 15.385466575622559 -4.252187252044678 0.1182851791381836
v 15.271137237548828 -4.037960052490234 -0.4158914089202881
v 15.511737823486328 -4.245156288146973 -1.263444423675537
v 15.214417457580566 -3.8871822357177734 -1.0171986818313599
v 15.174703598022461 -3.891294240951538 -0.5975453853607178
v 15.034175872802734 -3.6727664470672607 -0.8670382499694824
v 14.824361801147461 -3.54799747467041 -0.08552133291959763
v 14.495515823364258 -3.199389696121216 0.14041565358638763
v 13.887449264526367 -2.475367307662964 -0.14845898747444153
v 13.837468147277832 -2.5025527477264404 0.16407965123653412
v 15.16757583618164 -3.8466813564300537 -1.7215324640274048
v 14.949647903442383 -3.5673611164093018 -1.51535964012146
v 14.929086685180664 -3.5330755710601807 -1.0385690927505493
v 14.63526725769043 -3.1852335929870605 -1.2504469156265259
v 14.976015090942383 -3.6429059505462646 -2.3404629230499268
v 14.964282989501953 -3.6088263988494873 -1.9861119985580444
v 14.812719345092773 -3.4180848598480225 -2.1772544384002686
v 14.348838806152344 -2.8417603969573975 -1.7702890634536743
v 14.544329643249512 -3.2017412185668945 -0.4320353865623474
v 14.278670310974121 -2.8228776454925537 -0.8763177394866943
v 14.124970436096191 -2.633229970932007 -0.9163874387741089
v 14.222014427185059 -2.829996347427368 -0.32550743222236633
v 14.024486541748047 -2.4710850715637207 -1.5475233793258667
v 13.971260070800781 -2.454334259033203 -0.9519225358963013
v 13.253681182861328 -6.707298278808594 -6.166658878326416
v 13.329299926757812 -6.670463562011719 -6.748064994812012
v 14.02017879486084 -6.621602535247803 -6.669669151306152
v 13.775053977966309 -6.729912281036377 -6.240051746368408
v 14.443499565124512 -6.801199436187744 -6.02865743637085
v 15.072797775268555 -6.787502288818359 -5.900142669677734
v 14.764046669006348 -6.564770698547363 -6.501175403594971
v 14.19373893737793 -6.286971569061279 -7.007925510406494
v 13.557969093322754 -6.404139041900635 -7.257282257080078
v 15.322535514831543 -6.3835225105285645 -6.346536636352539
v 14.713493347167969 -6.108556747436523 -6.790980339050293
v 15.21114444732666 -5.927844047546387 -6.539828777313232
v 14.531501770019531 -5.766972541809082 -6.925956726074219
v 13.959420204162598 -5.851954936981201 -7.3118133544921875
v 14.640341758728027 -5.348386287689209 -6.662087440490723
v 12.716255187988281 -6.613674640655518 -6.135252952575684
v 12.218843460083008 -6.504989147186279 -6.0478291511535645
v 12.182182312011719 -6.504539966583252 -5.751713275909424
v 12.803325653076172 -6.578104019165039 -6.789127826690674
v 12.336433410644531 -6.446154594421387 -6.653797149658203
v 11.768548011779785 -6.373254299163818 -5.89479923248291
v 11.346526145935059 -6.182034015655518 -5.698606967926025
v 11.914694786071777 -6.294295310974121 -6.448903560638428
v 11.518795013427734 -6.089177131652832 -6.202036380767822
v 12.998435020446777 -6.3529839515686035 -7.277721405029297
v 12.536358833312988 -6.2670488357543945 -7.14757776260376
v 13.217813491821289 -5.984007358551025 -7.517244338989258
v 12.876585006713867 -5.904962062835693 -7.440159797668457
v 12.126114845275879 -6.117764949798584 -6.919339656829834
v 11.747568130493164 -5.907204627990723 -6.640307903289795
v 12.429587364196777 -5.790870189666748 -7.2034149169921875
v 11.935876846313477 -5.725460529327393 -6.843156337738037
v 15.529460906982422 -6.590639114379883 -5.670435905456543
v 15.802120208740234 -6.283327102661133 -5.345526218414307
v 15.673736572265625 -6.196378707885742 -5.999179840087891
v 15.871871948242188 -5.806782245635986 -5.6346917152404785
v 15.927330017089844 -5.852158069610596 -4.965390682220459
v 15.901117324829102 -5.349828243255615 -4.531075954437256
v 15.918829917907715 -5.32742977142334 -5.233965873718262
v 15.58991527557373 -5.733696937561035 -6.197868824005127
v 15.826126098632812 -5.502199172973633 -5.772696018218994
v 15.707765579223633 -5.212504863739014 -5.864901065826416
v 15.361482620239258 -5.336365222930908 -6.30149507522583
v 15.556825637817383 -5.059476375579834 -5.929274559020996
v 14.842737197875977 -5.036029815673828 -6.32015323638916
v 15.20388126373291 -4.8357367515563965 -5.956611633300781
v 15.696258544921875 -4.851048469543457 -5.480591773986816
v 15.760004997253418 -4.754408359527588 -4.8052215576171875
v 15.47877311706543 -4.400360107421875 -5.054037094116211
v 15.36359691619873 -4.585699081420898 -5.5415425300598145
v 14.84499740600586 -4.647027015686035 -5.916485786437988
v 14.989537239074707 -4.389505863189697 -5.539070129394531
v 15.126480102539062 -4.1607666015625 -5.100230693817139
v 14.623058319091797 -4.218221664428711 -5.5000224113464355
v 14.749785423278809 -3.955138683319092 -5.1023945808410645
v 14.321198463439941 -3.8266472816467285 -5.1585822105407715
v 14.210065841674805 -5.533998012542725 -7.022117614746094
v 14.429317474365234 -5.236542701721191 -6.668372631072998
v 13.613765716552734 -5.649064064025879 -7.372507095336914
v 13.214120864868164 -5.510308742523193 -7.295137882232666
v 12.780556678771973 -5.405585765838623 -7.130399227142334
v 12.322151184082031 -5.296884059906006 -6.859884262084961
v 13.847315788269043 -5.354004859924316 -7.032500267028809
v 13.44948959350586 -5.215735912322998 -6.9640212059021
v 14.055986404418945 -5.07111930847168 -6.650319576263428
v 13.663315773010254 -4.92578125 -6.5944952964782715
v 13.029722213745117 -5.085786819458008 -6.812159061431885
v 12.591364860534668 -4.9586405754089355 -6.605105876922607
v 13.251179695129395 -4.774284362792969 -6.455049514770508
v 12.821857452392578 -4.638160705566406 -6.286636829376221
v 14.636263847351074 -4.939905166625977 -6.308281898498535
v 14.252215385437012 -4.784765720367432 -6.27253532409668
v 13.858352661132812 -4.628730773925781 -6.203725814819336
v 14.436436653137207 -4.493656635284424 -5.902017593383789
v 14.03860855102539 -4.331969738006592 -5.817885398864746
v 13.452079772949219 -4.467535495758057 -6.089174747467041
v 13.034870147705078 -4.316200256347656 -5.9579081535339355
v 13.635533332824707 -4.1649980545043945 -5.717856407165527
v 13.22822380065918 -3.999166488647461 -5.613852500915527
v 14.209396362304688 -4.030399322509766 -5.440736293792725
v 13.81792163848877 -3.8462870121002197 -5.363289833068848
v 13.416044235229492 -3.671151638031006 -5.282707691192627
v 14.032665252685547 -3.4447624683380127 -4.848720550537109
v 13.582521438598633 -3.3626339435577393 -4.942659854888916
v 15.741064071655273 -4.855217456817627 -4.143307685852051
v 15.490856170654297 -4.4394917488098145 -3.7096996307373047
v 15.513326644897461 -4.349496364593506 -4.3975958824157715
v 15.19422435760498 -4.041977405548096 -4.751490592956543
v 15.137568473815918 -3.8810365200042725 -3.9841201305389404
v 15.129178047180176 -3.9175755977630615 -3.325529098510742
v 14.94783878326416 -3.6516053676605225 -3.120929002761841
v 14.961021423339844 -3.6868088245391846 -2.815109968185425
v 14.774781227111816 -3.389477491378784 -2.9380829334259033
v 14.936986923217773 -3.618532180786133 -3.7979884147644043
v 14.938197135925293 -3.6288259029388428 -3.4539754390716553
v 14.6824951171875 -3.263665199279785 -3.591083526611328
v 14.340354919433594 -2.762768030166626 -3.2447664737701416
v 15.021079063415527 -3.8644886016845703 -4.610280513763428
v 14.9235258102417 -3.634949207305908 -4.082631587982178
v 14.880043029785156 -3.7111222743988037 -4.500983238220215
v 14.490899085998535 -3.504822015762329 -4.6399359703063965
v 14.500933647155762 -3.250635862350464 -4.188120365142822
v 14.116232872009277 -3.280393600463867 -4.615021228790283
v 13.751187324523926 -3.0782861709594727 -4.592005729675293
v 14.2382173538208 -3.040126085281372 -4.20643424987793
v 13.875565528869629 -2.7845208644866943 -4.226666450500488
v 14.283563613891602 -2.9527125358581543 -3.9912877082824707
v 14.324560165405273 -2.878697633743286 -3.744826316833496
v 14.021297454833984 -2.5882606506347656 -3.766366720199585
v 14.055563926696777 -2.4256303310394287 -3.3297128677368164
v 14.684025764465332 -3.2676308155059814 -2.322422742843628
v 14.389318466186523 -2.8129279613494873 -2.5623109340667725
v 14.070308685302734 -2.4338672161102295 -2.30928373336792
v 14.084049224853516 -2.388908863067627 -3.047408103942871
v 14.090718269348145 -2.387159824371338 -2.767716884613037
v 10.14338493347168 -5.993523597717285 -2.743119955062866
v 10.416838645935059 -6.07596492767334 -3.2799713611602783
v 9.965376853942871 -5.8090314865112305 -3.1546709537506104
v 9.49113655090332 -5.601232528686523 -2.5520715713500977
v 9.02153491973877 -5.294527053833008 -2.5696685314178467
v 9.011064529418945 -5.3319010734558105 -2.406707286834717
v 9.443626403808594 -5.477169990539551 -3.0201916694641113
v 9.059144973754883 -5.252935409545898 -2.903679370880127
v 6.980802536010742 -4.7357306480407715 -2.3703196048736572
v 6.612820625305176 -4.718698501586914 -2.4118599891662598
v 6.555952072143555 -4.774531364440918 -2.137423515319824
v 8.426215171813965 -5.08485221862793 -2.185683012008667
v 7.911029815673828 -4.862588405609131 -2.2184646129608154
v 7.9107890129089355 -4.919457912445068 -1.9913426637649536
v 6.426222324371338 -4.812187671661377 -1.7423572540283203
v 7.602729320526123 -4.839445114135742 -1.8620721101760864
v 7.268001556396484 -4.806678771972656 -1.943616509437561
v 7.305186748504639 -4.842041015625 -1.7391382455825806
v 7.5953240394592285 -4.760015487670898 -2.264319658279419
v 7.268515110015869 -4.74561071395874 -2.32271409034729
v 7.044619083404541 -4.794719219207764 -2.0010056495666504
v 6.718860149383545 -4.6811723709106445 -2.652693271636963
v 7.321266174316406 -4.7042975425720215 -2.5435681343078613
v 7.157772541046143 -4.6867594718933105 -2.909057140350342
v 6.833323955535889 -4.685389041900635 -2.9329020977020264
v 7.436404228210449 -4.687037944793701 -2.889629602432251
v 8.194127082824707 -4.892542839050293 -2.556191921234131
v 7.933181285858154 -4.822473526000977 -2.4328620433807373
v 8.51465892791748 -5.029277801513672 -2.547189950942993
v 8.57474422454834 -5.000814437866211 -2.9068644046783447
v 8.537420272827148 -5.010747909545898 -2.707176446914673
v 9.977089881896973 -6.022791862487793 -2.246995449066162
v 10.464760780334473 -6.284031867980957 -2.341681480407715
v 10.511672973632812 -6.443159103393555 -1.9769519567489624
v 9.851428031921387 -6.177762985229492 -1.7412786483764648
v 9.289545059204102 -6.069154262542725 -1.5361340045928955
v 8.995543479919434 -5.621121406555176 -1.7360297441482544
v 8.822554588317871 -5.844459056854248 -1.5206984281539917
v 9.49270248413086 -5.759727478027344 -2.0959837436676025
v 9.002803802490234 -5.4092936515808105 -2.1680004596710205
v 8.998418807983398 -5.509642601013184 -1.9407966136932373
v 11.010555267333984 -6.571150302886963 -1.4947820901870728
v 10.547919273376465 -6.536881923675537 -1.664706826210022
v 10.568445205688477 -6.4864606857299805 -1.3659818172454834
v 10.710175514221191 -6.3609113693237305 -0.6502298712730408
v 10.419672966003418 -6.154005527496338 -2.7852120399475098
v 8.447057723999023 -5.429006099700928 -1.6922175884246826
v 7.922308921813965 -4.979213714599609 -1.8051774501800537
v 7.940058708190918 -5.072381019592285 -1.57833993434906
v 10.513870239257812 -6.044299602508545 -4.0289130210876465
v 10.056193351745605 -5.7943243980407715 -3.793142795562744
v 9.62411880493164 -5.532080173492432 -3.6706836223602295
v 9.214385032653809 -5.294480323791504 -3.724048137664795
v 9.16939640045166 -5.273775100708008 -3.523674488067627
v 10.457555770874023 -6.04843807220459 -3.6784791946411133
v 10.016183853149414 -5.790048122406006 -3.55490779876709
v 9.580819129943848 -5.519848823547363 -3.43467116355896
v 9.13204574584961 -5.257291793823242 -3.3357036113739014
v 10.640149116516113 -6.037723541259766 -4.567472457885742
v 10.209954261779785 -5.803597927093506 -4.413878917694092
v 10.801178932189941 -6.00482702255249 -5.088639259338379
v 10.357911109924316 -5.780982971191406 -4.848846912384033
v 9.780805587768555 -5.561577320098877 -4.268356800079346
v 9.33188247680664 -5.321352958679199 -4.107327938079834
v 9.933503150939941 -5.541848182678223 -4.660892963409424
v 9.488731384277344 -5.316752910614014 -4.494431972503662
v 8.621840476989746 -4.9998602867126465 -3.2563161849975586
v 8.11591911315918 -4.81960916519165 -3.197810173034668
v 7.974173545837402 -4.765713691711426 -2.8718972206115723
v 8.734042167663574 -5.066715717315674 -3.6128604412078857
v 7.546480655670166 -4.720174789428711 -3.166621685028076
v 7.633486270904541 -4.8093581199646 -3.570416212081909
v 8.31711483001709 -4.977692604064941 -3.9587225914001465
v 8.185433387756348 -4.893536567687988 -3.5814249515533447
v 9.228286743164062 -5.211459636688232 -4.429165840148926
v 8.899370193481445 -5.127509117126465 -4.13419246673584
v 8.454252243041992 -5.036510467529297 -4.383325576782227
v 6.318519115447998 -4.696892738342285 -2.437506914138794
v 5.994024276733398 -4.671448230743408 -2.4645273685455322
v 5.892999649047852 -4.781829357147217 -2.2451138496398926
v 13.527073860168457 -2.1344797611236572 -0.012229803018271923
v 13.62122917175293 -2.0997116565704346 -0.6595101952552795
v 13.711451530456543 -2.1119577884674072 -1.3781979084014893
v 13.3536376953125 -1.7533096075057983 -1.2189884185791016
v 13.178170204162598 -1.6982147693634033 -0.5157761573791504
v 12.969414710998535 -1.4411424398422241 -1.1065040826797485
v 12.902831077575684 -1.4658361673355103 -0.700797975063324
v 12.540266990661621 -1.1767590045928955 -0.892645001411438
v 12.167330741882324 -0.8189661502838135 -1.0142710208892822
v 8.912013053894043 2.578437328338623 -1.2947932481765747
v 8.20198917388916 3.16483998298645 -1.6374839544296265
v 8.137755393981934 3.027698040008545 -0.8618230819702148
v 7.675633430480957 3.3058464527130127 -0.8527407646179199
v 7.084193229675293 3.668966054916382 -1.228081226348877
v 7.572718620300293 3.5184409618377686 -2.0782456398010254
v 7.132260322570801 3.717224359512329 -2.2102229595184326
v 10.939034461975098 -5.958807945251465 -5.490993976593018
v 10.499287605285645 -5.736635208129883 -5.198568820953369
v 11.132858276367188 -5.854448318481445 -5.951606750488281
v 10.680195808410645 -5.646851539611816 -5.560916900634766
v 10.11612606048584 -5.486287593841553 -5.055263996124268
v 10.33331298828125 -5.378903865814209 -5.439535617828369
v 9.894613265991211 -5.176257133483887 -5.262748718261719
v 11.383598327636719 -5.675015926361084 -6.328358173370361
v 11.0017671585083 -5.416981220245361 -6.023287773132324
v 11.717164993286133 -5.331552028656006 -6.550192832946777
v 10.598871231079102 -5.192234516143799 -5.779245853424072
v 10.157304763793945 -5.005997180938721 -5.608615398406982
v 11.313128471374512 -5.064287185668945 -6.209951877593994
v 10.91757583618164 -4.903238773345947 -5.993681907653809
v 9.565718650817871 -5.2296576499938965 -4.853387832641602
v 9.184859275817871 -5.117817401885986 -4.794978618621826
v 9.577442169189453 -5.068219184875488 -5.1913604736328125
v 9.529800415039062 -4.962748050689697 -5.353710174560547
v 9.487171173095703 -4.852749824523926 -5.5430426597595215
v 9.086512565612793 -4.8621697425842285 -5.633882522583008
v 9.375245094299316 -4.614248752593994 -5.942906856536865
v 10.416363716125488 -4.702231407165527 -5.846606254577637
v 9.990023612976074 -4.6152801513671875 -5.819887638092041
v 12.142085075378418 -4.831421852111816 -6.381353378295898
v 11.691818237304688 -4.693716049194336 -6.164246559143066
v 12.389342308044434 -4.4975972175598145 -6.115537643432617
v 11.960623741149902 -4.345289707183838 -5.963083744049072
v 11.256118774414062 -4.533196449279785 -5.998262882232666
v 10.847856521606445 -4.342135906219482 -5.911938667297363
v 11.545251846313477 -4.175889492034912 -5.853738784790039
v 11.008035659790039 -4.1517109870910645 -5.8621673583984375
v 11.147042274475098 -3.9786293506622314 -5.803355693817139
v 9.165979385375977 -4.318658351898193 -6.405269145965576
v 8.877654075622559 -3.9803617000579834 -6.76678991317749
v 9.487424850463867 -3.9519991874694824 -6.340758323669434
v 9.142852783203125 -3.744337558746338 -6.590634822845459
v 10.471931457519531 -4.138837814331055 -5.90958833694458
v 9.771512985229492 -4.2206711769104 -6.086673259735107
v 10.113459587097168 -3.8768184185028076 -6.013701438903809
v 10.761747360229492 -3.7651491165161133 -5.805715560913086
v 10.383209228515625 -3.5364091396331787 -5.857226848602295
v 9.655592918395996 -3.5405209064483643 -6.222455024719238
v 10.001077651977539 -3.357271671295166 -5.982503890991211
v 9.407829284667969 -3.354876756668091 -6.359331130981445
v 9.639565467834473 -3.035506248474121 -6.108917236328125
v 12.618144035339355 -4.159173011779785 -5.828316688537598
v 12.319957733154297 -4.04097843170166 -5.7491135597229
v 12.819608688354492 -3.8338067531585693 -5.514244079589844
v 12.445005416870117 -3.6741244792938232 -5.446469306945801
v 11.798995971679688 -3.8176777362823486 -5.649375915527344
v 11.40285873413086 -3.628631353378296 -5.614059925079346
v 12.020456314086914 -3.4765830039978027 -5.401240825653076
v 11.62795639038086 -3.2850263118743896 -5.381423473358154
v 12.805450439453125 -2.9818568229675293 -4.884249210357666
v 12.052003860473633 -2.58085560798645 -4.905916690826416
v 11.015213966369629 -3.419235944747925 -5.617940902709961
v 10.632052421569824 -3.191373825073242 -5.659670352935791
v 11.237685203552246 -3.0804598331451416 -5.385528564453125
v 10.851280212402344 -2.8528785705566406 -5.425928592681885
v 11.837944030761719 -2.940777540206909 -5.137691020965576
v 11.44890022277832 -2.7360198497772217 -5.147387504577637
v 11.060914039611816 -2.5071136951446533 -5.190139293670654
v 11.65809440612793 -2.380079507827759 -4.922543048858643
v 11.255459785461426 -2.163087844848633 -4.94963264465332
v 10.663963317871094 -2.2586722373962402 -5.254484176635742
v 10.851310729980469 -1.9122631549835205 -5.003302574157715
v 10.333037376403809 -3.0077695846557617 -5.713436603546143
v 9.86260986328125 -2.6967413425445557 -5.856969833374023
v 10.634057998657227 -2.7151286602020264 -5.463388919830322
v 10.077960014343262 -2.34163761138916 -5.614462852478027
v 10.269081115722656 -1.985917329788208 -5.358436107635498
v 8.720540046691895 -3.8449714183807373 -6.885716915130615
v 8.53449821472168 -3.683201551437378 -7.023647785186768
v 8.169795036315918 -3.384488582611084 -7.254788875579834
v 8.801946640014648 -3.3812038898468018 -6.816720485687256
v 8.425333976745605 -3.09833025932312 -7.029271125793457
v 7.781461715698242 -3.0921847820281982 -7.4611711502075195
v 7.380529880523682 -2.827603340148926 -7.651445388793945
v 7.987681865692139 -2.865546941757202 -7.281084060668945
v 7.625576019287109 -2.568870782852173 -7.431230068206787
v 9.041207313537598 -3.0810742378234863 -6.558615684509277
v 8.657292366027832 -2.8075757026672363 -6.7627482414245605
v 9.25619888305664 -2.7751998901367188 -6.278368949890137
v 8.866395950317383 -2.506016492843628 -6.477921485900879
v 8.46265983581543 -2.6756248474121094 -6.868777275085449
v 8.256149291992188 -2.549312114715576 -6.974815845489502
v 7.8486504554748535 -2.3108859062194824 -7.173977851867676
v 8.626059532165527 -2.3536999225616455 -6.60852575302124
v 8.053264617919922 -2.0295820236206055 -6.902252674102783
v 6.831845283508301 -2.689037799835205 -7.927319526672363
v 6.542143821716309 -2.301823139190674 -8.04645824432373
v 7.208733558654785 -2.321056365966797 -7.62570858001709
v 6.781996726989746 -2.06622314453125 -7.836845397949219
v 5.942440509796143 -1.4782224893569946 -8.355550765991211
v 7.223267078399658 -1.5257558822631836 -7.392324447631836
v 6.346372127532959 -1.0089709758758545 -7.893949031829834
v 10.402729034423828 -1.5943090915679932 -5.1125640869140625
v 9.463358879089355 -2.443307399749756 -6.004644393920898
v 9.062529563903809 -2.178619861602783 -6.198336124420166
v 9.680691719055176 -2.070236921310425 -5.7624287605285645
v 9.261664390563965 -1.814605951309204 -5.941000461578369
v 8.620840072631836 -2.013294219970703 -6.470530033111572
v 8.846055030822754 -1.584238886833191 -6.142092704772949
v 8.37005615234375 -1.4759019613265991 -6.466109752655029
v 8.25556755065918 -1.7016314268112183 -6.637779235839844
v 9.870488166809082 -1.693830132484436 -5.511712074279785
v 9.458908081054688 -1.4179826974868774 -5.696538925170898
v 10.118032455444336 -1.1305489540100098 -5.144987106323242
v 9.630168914794922 -1.0070854425430298 -5.437421798706055
v 9.0254545211792 -1.182965874671936 -5.88739013671875
v 8.605544090270996 -0.9275659918785095 -6.122846603393555
v 9.177827835083008 -0.7559775710105896 -5.614972114562988
v 8.748589515686035 -0.4771701693534851 -5.843662738800049
v 7.6008806228637695 -0.7837388515472412 -6.845928192138672
v 6.69295597076416 -0.35738080739974976 -7.401375770568848
v 8.097271919250488 -1.1451293230056763 -6.5776848793029785
v 8.172743797302246 -0.6770486831665039 -6.375119686126709
v 7.7237868309021 -0.43167030811309814 -6.636962890625
v 8.297009468078613 -0.21353968977928162 -6.077898979187012
v 7.846918106079102 0.05804825946688652 -6.333273887634277
v 7.2826337814331055 -0.16225247085094452 -6.915893077850342
v 6.834439277648926 0.067253977060318 -7.142077922821045
v 7.429138660430908 0.5448882579803467 -6.4502387046813965
v 6.960537910461426 0.6568505764007568 -6.727305889129639
v 7.159764289855957 -0.5281196236610413 -7.128149032592773
v 13.495344161987305 -2.5853002071380615 -4.305174827575684
v 13.72340202331543 -2.0954902172088623 -3.471808433532715
v 13.638379096984863 -2.2805542945861816 -3.8719351291656494
v 13.241077423095703 -2.109726667404175 -4.053036689758301
v 13.388044357299805 -1.7741016149520874 -3.5217528343200684
v 13.12666130065918 -1.9195950031280518 -3.9586021900177
v 13.033114433288574 -1.4985225200653076 -3.609069585800171
v 12.682141304016113 -1.2595021724700928 -3.6730265617370605
v 13.748071670532227 -2.0430490970611572 -2.090891122817993
v 13.872027397155762 -2.0999624729156494 -2.8748574256896973
v 13.31506061553955 -1.3755806684494019 -2.51582932472229
v 13.409161567687988 -1.6583918333053589 -1.9199661016464233
v 13.391912460327148 -1.718614935874939 -1.6370463371276855
v 13.10415267944336 -1.3453152179718018 -1.8119843006134033
v 12.661376953125 -0.9565629363059998 -1.6786515712738037
v 12.728042602539062 -0.8295913934707642 -2.298034191131592
v 12.69884967803955 -0.8745989799499512 -1.969786524772644
v 13.434505462646484 -1.6707602739334106 -3.290372371673584
v 13.468499183654785 -1.590388298034668 -3.044177532196045
v 13.178433418273926 -1.3153969049453735 -3.137624740600586
v 13.144688606262207 -1.1459331512451172 -2.5963668823242188
v 12.772903442382812 -0.8676632642745972 -2.967329740524292
v 12.76294994354248 -0.8268572092056274 -2.7154879570007324
v 12.752032279968262 -0.9777767658233643 -3.259572744369507
v 12.267194747924805 -0.5932902097702026 -1.598590612411499
v 11.868168830871582 -0.20096749067306519 -1.5537464618682861
v 11.79675579071045 -0.34325072169303894 -1.1917849779129028
v 12.340096473693848 -0.4721284806728363 -2.215674877166748
v 12.046853065490723 -0.1677669733762741 -2.1859002113342285
v 11.412890434265137 0.13076066970825195 -1.2679568529129028
v 11.004148483276367 0.5971781015396118 -1.446986198425293
v 12.288708686828613 -0.41089683771133423 -2.8486053943634033
v 12.329350471496582 -0.8728865385055542 -3.555025339126587
v 12.35855770111084 -0.737293541431427 -3.3441407680511475
v 11.967735290527344 -0.5025415420532227 -3.459355354309082
v 12.018166542053223 -0.13689783215522766 -2.825293779373169
v 11.565323829650879 -0.17722943425178528 -3.4954962730407715
v 11.154664993286133 0.22530633211135864 -3.592371702194214
v 11.602417945861816 0.19080209732055664 -2.9118661880493164
v 11.187898635864258 0.5605173707008362 -3.074144124984741
v 11.580899238586426 0.33138081431388855 -2.2927753925323486
v 11.110709190368652 0.7015436887741089 -2.2820098400115967
v 13.150836944580078 -2.310504198074341 -4.289116382598877
v 12.391727447509766 -1.9079954624176025 -4.356887340545654
v 12.774909973144531 -2.1052496433258057 -4.323561668395996
v 12.963149070739746 -1.6646190881729126 -3.8384644985198975
v 12.535320281982422 -1.5779163837432861 -4.0478692054748535
v 11.611228942871094 -1.4833214282989502 -4.4358415603637695
v 11.44839859008789 -1.810430645942688 -4.711031436920166
v 11.039108276367188 -1.5546239614486694 -4.7598042488098145
v 10.620701789855957 -1.2562968730926514 -4.849828243255615
v 11.203503608703613 -1.2206544876098633 -4.490636825561523
v 10.785115242004395 -0.8889708518981934 -4.586524963378906
v 12.072903633117676 -1.720348596572876 -4.368641376495361
v 12.14986801147461 -1.3734239339828491 -4.094698905944824
v 11.720949172973633 -1.2487305402755737 -4.222336292266846
v 12.28006649017334 -1.0376064777374268 -3.7597475051879883
v 11.892800331115723 -0.8182381987571716 -3.8196804523468018
v 11.421517372131348 -0.9566518068313599 -4.179970741271973
v 11.481983184814453 -0.5681946277618408 -3.866816520690918
v 11.065994262695312 -0.15575599670410156 -3.9734528064727783
v 10.965485572814941 -0.4578530490398407 -4.234264850616455
v 8.563267707824707 1.9284241199493408 -4.668664455413818
v 8.170073509216309 2.143843650817871 -4.829558849334717
v 7.170888423919678 1.952229380607605 -5.480724811553955
v 7.67980432510376 2.370532989501953 -4.833802700042725
v 10.561605453491211 1.0310065746307373 -1.510649561882019
v 10.14563274383545 1.5260316133499146 -1.7362236976623535
v 10.097131729125977 1.456958532333374 -1.4068031311035156
v 10.347735404968262 1.370393991470337 -2.4209561347961426
v 9.685500144958496 1.9680143594741821 -1.8794716596603394
v 9.632563591003418 1.8951613903045654 -1.4037818908691406
v 9.245121002197266 2.433023452758789 -2.0649032592773438
v 9.171724319458008 2.338994264602661 -1.3498684167861938
v 9.751606941223145 2.0011239051818848 -2.4608712196350098
v 9.280449867248535 2.3575146198272705 -2.8808858394622803
v 9.26705265045166 2.4199109077453613 -2.4519734382629395
v 10.72146987915039 0.6568474769592285 -3.737616539001465
v 10.262263298034668 1.061034917831421 -3.919532060623169
v 10.695425987243652 0.9825823307037354 -3.0216641426086426
v 10.216812133789062 1.437381625175476 -3.218562602996826
v 9.805355072021484 1.8416305780410767 -3.3613529205322266
v 9.325850486755371 2.167372465133667 -3.676828384399414
v 9.335701942443848 2.3058738708496094 -3.355708122253418
v 9.760059356689453 1.4648512601852417 -4.011246204376221
v 9.30919361114502 1.9710032939910889 -4.031094551086426
v 10.648794174194336 1.0853978395462036 -2.394648551940918
v 8.272200584411621 3.0345325469970703 -3.338325262069702
v 7.171277046203613 3.4865076541900635 -3.1190078258514404
v 7.722018718719482 3.141249179840088 -3.6780850887298584
v 7.716421127319336 3.340665578842163 -3.2475454807281494
v 8.57309627532959 2.9272711277008057 -2.369030714035034
v 8.232845306396484 3.167494535446167 -2.4272520542144775
v 7.710038661956787 3.420358419418335 -2.831347942352295
v 8.38184928894043 2.6086020469665527 -4.132541179656982
v 8.806231498718262 2.7017993927001953 -3.256525993347168
v 8.820612907409668 2.419966697692871 -4.033219814300537
v 7.703592777252197 2.644441843032837 -4.479945182800293
v 7.716919422149658 2.8683385848999023 -4.150174140930176
v 10.209010124206543 -0.9055521488189697 -5.0018229484558105
v 9.741281509399414 -0.7071651220321655 -5.249089241027832
v 10.360640525817871 -0.5114263296127319 -4.7346367835998535
v 9.934215545654297 -0.1492769718170166 -4.909107685089111
v 9.290899276733398 -0.3909785747528076 -5.3902974128723145
v 8.839996337890625 -0.10423251986503601 -5.605947494506836
v 9.461124420166016 0.17229928076267242 -5.073458671569824
v 8.977804183959961 0.48740097880363464 -5.247809410095215
v 10.647446632385254 0.3038365840911865 -4.125101089477539
v 10.203588485717773 0.7390815615653992 -4.283310890197754
v 10.565605163574219 0.013251177966594696 -4.384271621704102
v 10.110247611999512 0.3633992075920105 -4.601134300231934
v 9.298908233642578 0.7984925508499146 -4.8348002433776855
v 9.66745376586914 1.0809173583984375 -4.383938789367676
v 9.23898983001709 1.679672122001648 -4.343832969665527
v 9.58356761932373 0.678104817867279 -4.728556156158447
v 8.368531227111816 0.13219428062438965 -5.856074333190918
v 7.903405666351318 0.35226091742515564 -6.148599624633789
v 7.946163177490234 0.598210334777832 -5.995981216430664
v 8.510169982910156 0.8220230340957642 -5.442511081695557
v 8.052932739257812 1.2853060960769653 -5.5517377853393555
v 7.687427520751953 1.3751108646392822 -5.779447078704834
v 7.071102619171143 1.381003737449646 -6.066366672515869
v 7.478547096252441 0.8869369029998779 -6.2232747077941895
v 7.018155574798584 0.9864360690116882 -6.428393363952637
v 8.562829971313477 1.1228774785995483 -5.241499900817871
v 8.111122131347656 1.6987775564193726 -5.242046356201172
v 7.6303791999816895 1.9517079591751099 -5.293745994567871
v 14.380620002746582 -3.7287960052490234 2.4022860527038574
v 13.955940246582031 -3.47697114944458 2.7335939407348633
v 14.511574745178223 -3.655259609222412 1.8095799684524536
v 14.14500904083252 -3.3660881519317627 1.9570392370224
v 13.86240291595459 -3.3358142375946045 2.573899507522583
v 13.622758865356445 -3.1688311100006104 2.631716251373291
v 13.22598648071289 -2.9062907695770264 2.714426040649414
v 13.702821731567383 -3.0167324542999268 2.1017658710479736
v 13.38718318939209 -2.78483247756958 2.1826987266540527
v 14.285327911376953 -3.2917840480804443 1.3769689798355103
v 13.677781105041504 -2.5844345092773438 1.0592842102050781
v 12.835203170776367 -2.6306591033935547 2.808304786682129
v 12.443445205688477 -2.309628486633301 2.887260913848877
v 12.990846633911133 -2.5091400146484375 2.2754573822021484
v 12.597845077514648 -2.194094181060791 2.3557779788970947
v 11.712602615356445 -1.6312830448150635 2.717465400695801
v 12.906155586242676 -1.9883551597595215 1.2654134035110474
v 12.083905220031738 -1.4033050537109375 1.3618736267089844
v 11.368850708007812 -1.2471154928207397 2.5003371238708496
v 10.128152847290039 -0.1757410615682602 2.5732176303863525
v 11.260770797729492 -0.7273665070533752 1.4340606927871704
v 10.993050575256348 -0.8904474377632141 2.4307444095611572
v 10.41799259185791 0.013865143060684204 1.4829181432724
v 10.282711029052734 -0.07306325435638428 2.0188252925872803
v 13.147135734558105 -1.8102034330368042 0.08785662055015564
v 12.328545570373535 -1.2785123586654663 0.20348487794399261
v 12.750985145568848 -1.5126171112060547 0.1597631722688675
v 12.457210540771484 -1.2020379304885864 -0.3933480978012085
v 11.430530548095703 -0.580856204032898 0.2892311215400696
v 11.627433776855469 -0.5749143362045288 -0.3030683398246765
v 11.20976734161377 -0.21182258427143097 -0.2708682417869568
v 11.093091011047363 -0.266454815864563 0.26395004987716675
v 10.78965950012207 0.18307910859584808 -0.24885928630828857
v 10.70850658416748 0.14300096035003662 0.11907994747161865
v 11.337691307067871 -0.03746837377548218 -0.9039736986160278
v 10.923768043518066 0.42189639806747437 -0.8891522288322449
v 9.969305992126465 -0.2872154712677002 3.0956952571868896
v 9.372612953186035 -0.03509427234530449 3.604858875274658
v 9.551661491394043 0.11757075041532516 3.122314691543579
v 9.130497932434082 0.5151879787445068 3.1282503604888916
v 9.712461471557617 0.2361561506986618 2.6053826808929443
v 9.291259765625 0.6464016437530518 2.6176257133483887
v 8.698282241821289 0.9189513921737671 3.1205801963806152
v 8.256060600280762 1.3228302001953125 3.09560227394104
v 8.865045547485352 1.0586519241333008 2.612926721572876
v 8.422821998596191 1.470442295074463 2.591761350631714
v 9.992776870727539 0.4059443771839142 1.5007200241088867
v 9.908698081970215 0.36290520429611206 1.8761597871780396
v 9.510588645935059 0.8022102117538452 1.789262294769287
v 9.093582153320312 1.238071322441101 1.74763023853302
v 8.7173433303833 1.722813606262207 1.5134172439575195
v 8.647293090820312 1.6535406112670898 1.7780367136001587
v 9.43696403503418 0.756219744682312 2.08237624168396
v 9.01257038116455 1.1783748865127563 2.081212282180786
v 8.575763702392578 1.5973660945892334 2.061265707015991
v 6.856863498687744 2.452587604522705 2.8773231506347656
v 6.340272426605225 2.7184410095214844 2.7112693786621094
v 7.018512725830078 2.6117753982543945 2.3659961223602295
v 6.504042625427246 2.8674609661102295 2.2127275466918945
v 7.810613632202148 1.7237186431884766 3.045661687850952
v 7.343363285064697 2.104628562927246 2.975672483444214
v 7.978270053863525 1.8779698610305786 2.5437004566192627
v 7.298858165740967 2.4196112155914307 2.4319651126861572
v 7.97147798538208 2.1413509845733643 1.9943535327911377
v 7.658858776092529 2.389740467071533 1.9416204690933228
v 7.582103252410889 2.3237173557281494 2.222855567932129
v 8.272499084472656 2.1371419429779053 1.4690508842468262
v 7.800223350524902 2.512017250061035 1.3859792947769165
v 7.170872211456299 2.7524805068969727 1.834174394607544
v 6.658847808837891 3.0074057579040527 1.6825814247131348
v 6.797636032104492 3.1221628189086914 1.1243083477020264
v 7.309237957000732 2.8603010177612305 1.2720047235488892
v 10.540058135986328 0.06957101821899414 0.9142048358917236
v 10.099390983581543 0.4549958407878876 0.9272834062576294
v 9.674025535583496 0.8872247934341431 0.9409340620040894
v 10.228330612182617 0.5247182846069336 0.352011501789093
v 9.800176620483398 0.9591333270072937 0.3595808744430542
v 9.24656867980957 1.3307807445526123 0.9426975250244141
v 8.848082542419434 1.822918176651001 0.9433106184005737
v 9.36632251739502 1.4026042222976685 0.35456106066703796
v 10.352932929992676 0.5849993824958801 -0.24086782336235046
v 10.293045043945312 0.5583145618438721 0.0538577176630497
v 9.868571281433105 0.9949076175689697 0.02425863966345787
v 10.465267181396484 0.8462119698524475 -0.9309889078140259
v 10.019431114196777 1.3163785934448242 -0.9888622164726257
v 9.479992866516113 1.5181974172592163 -0.287384957075119
v 9.427802085876465 1.435549020767212 0.033842816948890686
v 9.063785552978516 2.054893732070923 -0.351104736328125
v 8.998400688171387 1.9039802551269531 0.1070575937628746
v 8.40412425994873 2.231605052947998 0.888624906539917
v 7.931893348693848 2.627680778503418 0.8096239566802979
v 8.46995735168457 2.3563148975372314 0.24554243683815002
v 8.002223014831543 2.675136089324951 0.4284050464630127
v 7.451197624206543 2.958108901977539 0.7096259593963623
v 6.909992694854736 3.2106754779815674 0.5239867568016052
v 7.538923740386963 3.0479836463928223 0.040819741785526276
v 8.612635612487793 2.5261905193328857 -0.4827134907245636
v 4.391841411590576 3.82590913772583 1.4717130661010742
v 2.3485143184661865 3.7700178623199463 0.7856934666633606
v 3.339164972305298 3.7881312370300293 1.1147643327713013
v 3.3490397930145264 4.2733540534973145 -0.34804895520210266
v 2.590282917022705 4.217861175537109 -0.6993219256401062
v 3.6129939556121826 4.249418258666992 -0.2059551477432251
v 3.1729581356048584 3.1770899295806885 -4.147764682769775
v 5.837360382080078 3.7483954429626465 0.08874982595443726
v 5.7405266761779785 3.648188591003418 0.6823399066925049
v 6.950888156890869 3.436680316925049 -0.36592888832092285
v 6.4661455154418945 3.708721876144409 -0.5737440586090088
v 6.216660499572754 3.5414671897888184 0.2725498378276825
v 4.774669647216797 4.290728569030762 -0.5755090713500977
v 4.669553756713867 4.039667129516602 0.35934609174728394
v 5.193180084228516 3.909686803817749 0.5396326184272766
v 5.885262489318848 4.147364139556885 -1.0348275899887085
v 5.397905349731445 4.329836368560791 -1.2439216375350952
v 5.251471996307373 4.176303863525391 -0.4213360548019409
v 6.173422813415527 3.7963972091674805 -2.7391233444213867
v 5.475261688232422 4.0300188064575195 -2.227309226989746
v 4.9283037185668945 3.8483004570007324 -2.5638155937194824
v 5.072568416595459 3.5223660469055176 -3.348829746246338
v 5.5219244956970215 3.618783473968506 -3.207176446914673
v 6.556321620941162 3.943113327026367 -1.5417886972427368
v 6.0068864822387695 4.11689567565918 -1.9057942628860474
v 4.009831428527832 4.385641098022461 -1.0195610523223877
v 3.7221145629882812 4.291373252868652 -1.1709426641464233
v 3.6695573329925537 4.386878490447998 -0.6867151856422424
v 4.803163051605225 4.164961338043213 -1.7094601392745972
v 4.331202030181885 4.103870391845703 -1.879957675933838
v 4.277924537658691 4.309676647186279 -1.2626744508743286
v 3.818530559539795 4.026094913482666 -2.1291682720184326
v 3.0960702896118164 4.298107147216797 -0.4747929573059082
v 3.2119295597076416 4.138729572296143 -1.4077978134155273
v 3.3153905868530273 3.8853378295898438 -2.3281028270721436
v 2.844863176345825 3.8174619674682617 -2.4564576148986816
v 2.773895740509033 3.9563333988189697 -1.9606926441192627
v 4.138421058654785 4.189934253692627 0.10113181918859482
v 4.259390354156494 3.716660737991333 -2.8984837532043457
v 3.8758370876312256 3.839782238006592 -2.6843206882476807
v 4.497326374053955 3.3546664714813232 -3.7073700428009033
v 4.0108962059021 3.314300537109375 -3.9075767993927
v 3.430274248123169 3.5778350830078125 -3.2042348384857178
v 2.959110736846924 3.508451461791992 -3.3285131454467773
v -0.16411897540092468 3.951378583908081 -0.22136066854000092
v -0.5137732028961182 3.871617078781128 -0.45287641882896423
v -1.3514325618743896 3.76997971534729 -0.9977132081985474
v -0.20977136492729187 4.109061241149902 -1.7385815382003784
v -0.9872656464576721 3.910174608230591 -1.4749236106872559
v -1.1981474161148071 3.913714647293091 -1.5941479206085205
v -0.3520822823047638 3.9871466159820557 -1.0886259078979492
v -0.986966073513031 3.7932591438293457 -0.7663598656654358
v -0.768461287021637 3.922981023788452 -1.345702052116394
v -0.9482681751251221 4.066616535186768 -2.14681077003479
v -0.6311568021774292 4.067553997039795 -1.974208950996399
v 1.2719370126724243 3.819920063018799 0.4561666250228882
v 0.2849121391773224 3.9269635677337646 0.0709787979722023
v 0.6388100385665894 4.212741851806641 -1.3187288045883179
v 2.5579030513763428 3.273810863494873 -3.937095880508423
v 2.1479687690734863 3.14245867729187 -4.385308742523193
v 2.067185878753662 3.39804744720459 -3.7943971157073975
v 1.5612123012542725 3.579787492752075 -3.6365127563476562
v 1.0584297180175781 3.8154003620147705 -3.3713111877441406
v 1.6895010471343994 3.197492837905884 -4.481124401092529
v 1.2310842275619507 3.3066534996032715 -4.566323757171631
v -0.08913835138082504 4.189004898071289 -2.419847249984741
v 0.5223931670188904 4.090641975402832 -2.844672918319702
v 0.01012196484953165 4.162975311279297 -3.1431918144226074
v -0.9116679430007935 4.225890159606934 -2.8120622634887695
v -0.516460657119751 4.193467140197754 -2.6245334148406982
v -0.8384708762168884 4.313879489898682 -3.4637672901153564
v -0.42324239015579224 4.231750965118408 -3.303776264190674
v 0.6386598944664001 3.8120648860931396 -3.8147192001342773
v 0.16015052795410156 3.9813244342803955 -3.9129130840301514
v 0.7712996602058411 3.478515148162842 -4.6375732421875
v 0.3064517676830292 3.7102420330047607 -4.698031902313232
v -0.6789467930793762 4.326285362243652 -4.103358745574951
v -0.3278622329235077 4.184553623199463 -4.015425205230713
v -0.6636343002319336 4.225271224975586 -4.847147464752197
v 2.384824514389038 4.024728298187256 -1.6811236143112183
v 1.647475242614746 4.167445182800293 -1.0077844858169556
v 1.7727224826812744 4.048327445983887 -1.8256022930145264
v 2.0984458923339844 4.165798664093018 -0.8772927522659302
v 2.3784501552581787 3.8061013221740723 -2.566326856613159
v 1.914249300956726 3.8362905979156494 -2.6645126342773438
v 0.9764874577522278 3.980759620666504 -2.870009422302246
v 2.4947612285614014 3.4874460697174072 -3.4365270137786865
v 1.4469869136810303 3.893303155899048 -2.7655937671661377
v 0.8187894225120544 4.15482759475708 -2.0671494007110596
v 0.13253027200698853 4.169117450714111 -1.5467604398727417
v 0.22051656246185303 4.2069292068481445 -2.2707133293151855
v 5.102477073669434 -0.8742490410804749 -8.894219398498535
v 4.273881912231445 -0.27869710326194763 -9.448723793029785
v 5.48470401763916 -0.46666058897972107 -8.413335800170898
v 4.638928413391113 -0.10271033644676208 -8.928658485412598
v 3.773916482925415 -0.20540882647037506 -9.624265670776367
v 3.554635763168335 -0.08574319630861282 -9.607592582702637
v 3.7950761318206787 0.09490975737571716 -9.302295684814453
v 2.8352017402648926 0.2272692620754242 -9.768227577209473
v 2.9437596797943115 0.30878347158432007 -9.607368469238281
v 5.808468341827393 0.06470472365617752 -7.937976360321045
v 4.936399936676025 0.2397691309452057 -8.39111614227295
v 6.041188716888428 0.7121755480766296 -7.328794002532959
v 4.200033664703369 1.15028715133667 -8.298565864562988
v 3.854074716567993 1.1685086488723755 -8.396696090698242
v 3.404353380203247 1.2176049947738647 -8.531352043151855
v 3.2235794067382812 0.6955875754356384 -9.104893684387207
v 5.065532684326172 0.5087952017784119 -8.113666534423828
v 4.506881237030029 0.3592243790626526 -8.623344421386719
v 4.633923053741455 0.6205507516860962 -8.345063209533691
v 4.198404312133789 0.7939244508743286 -8.592923164367676
v 4.736532688140869 0.9430487155914307 -7.998449802398682
v 4.012292385101318 0.5009109973907471 -8.855706214904785
v 3.76198148727417 0.8487125039100647 -8.716426849365234
v 3.325824737548828 0.9439411759376526 -8.850301742553711
v 3.6443092823028564 0.5643100142478943 -8.968913078308105
v 2.121112108230591 0.7765681147575378 -10.024711608886719
v -0.56174236536026 3.2169148921966553 -10.81106948852539
v 2.969905376434326 1.3700791597366333 -8.598722457885742
v 2.5287296772003174 1.5357812643051147 -8.715720176696777
v 2.0868079662323 1.7345402240753174 -8.932811737060547
v 1.6594536304473877 2.055229902267456 -9.033638000488281
v 3.08540678024292 0.46321532130241394 -9.372282028198242
v 2.523987293243408 0.5017036199569702 -9.800811767578125
v 2.662088394165039 0.6446324586868286 -9.55685043334961
v 2.250190019607544 0.9166983366012573 -9.781421661376953
v 2.808716297149658 0.8885853290557861 -9.254012107849121
v 2.404006004333496 1.1615262031555176 -9.405017852783203
v 1.844114899635315 1.2802821397781372 -10.019336700439453
v 1.4086202383041382 1.6939384937286377 -10.296446800231934
v 1.958044409751892 1.4323374032974243 -9.718862533569336
v 1.5464558601379395 1.8496596813201904 -9.911965370178223
v 2.8931570053100586 1.0924005508422852 -9.001249313354492
v 2.4660565853118896 1.3072386980056763 -9.168593406677246
v 2.003552198410034 1.5108989477157593 -9.544751167297363
v 2.0437393188476562 1.5971996784210205 -9.340009689331055
v 1.5990562438964844 1.9230992794036865 -9.660516738891602
v 1.232129454612732 2.4129066467285156 -9.094497680664062
v 0.7929728627204895 2.772646427154541 -9.127367973327637
v 0.33069127798080444 3.149984121322632 -9.157320022583008
v -0.16733181476593018 3.518737316131592 -9.211077690124512
v -0.1581002026796341 3.496366500854492 -8.82474136352539
v 1.0094630718231201 2.1897807121276855 -10.405080795288086
v 0.5606289505958557 2.5964932441711426 -10.4959077835083
v 1.1258989572525024 2.290570020675659 -10.04546070098877
v 0.6873050332069397 2.7011353969573975 -10.101030349731445
v 0.0480828583240509 2.9528706073760986 -10.615731239318848
v 0.11164398491382599 3.00250506401062 -10.458136558532715
v -0.3779902756214142 3.359248399734497 -10.382192611694336
v 0.22446368634700775 3.0954203605651855 -10.080162048339844
v 1.1829942464828491 2.344362497329712 -9.73735237121582
v 0.7530390024185181 2.7489261627197266 -9.717610359191895
v 0.26739901304244995 3.124856472015381 -9.853301048278809
v 0.30182310938835144 3.1483731269836426 -9.603468894958496
v -0.18864542245864868 3.511399269104004 -9.478320121765137
v 5.657874584197998 2.8086495399475098 -4.857971668243408
v 5.164018154144287 2.711158037185669 -5.068249702453613
v 5.12257719039917 2.8677220344543457 -4.730628967285156
v 6.985591888427734 2.5247750282287598 -4.902925968170166
v 6.671926975250244 2.5974202156066895 -4.921771049499512
v 6.167169094085693 2.418726682662964 -5.394554138183594
v 6.160172462463379 2.7309632301330566 -4.92845344543457
v 6.646738529205322 2.0596320629119873 -5.6057562828063965
v 6.165060997009277 1.8892806768417358 -6.090088844299316
v 6.168461799621582 2.163339376449585 -5.744022846221924
v 5.718048572540283 1.9028679132461548 -6.303662300109863
v 5.692528247833252 2.3662335872650146 -5.614774227142334
v 5.287136554718018 1.9403257369995117 -6.477377414703369
v 5.256594657897949 2.239630699157715 -5.980746269226074
v 4.451903820037842 2.9822146892547607 -4.5672221183776855
v 4.091565132141113 3.0698599815368652 -4.488081932067871
v 4.702728271484375 2.6940009593963623 -5.245893478393555
v 4.251132488250732 2.7389369010925293 -5.419360637664795
v 3.6630265712738037 2.9670350551605225 -4.830891132354736
v 3.575525999069214 3.1425909996032715 -4.3137526512146
v 3.201756000518799 2.9003117084503174 -4.943860054016113
v 3.7988405227661133 2.755875825881958 -5.5620293617248535
v 3.3394322395324707 2.6926519870758057 -5.67650842666626
v 4.860340118408203 2.0294349193573 -6.6630120277404785
v 4.800286769866943 2.3894007205963135 -5.959715366363525
v 4.425926208496094 2.1534507274627686 -6.8622002601623535
v 4.381252765655518 2.406799554824829 -6.316498279571533
v 3.53562068939209 2.491961717605591 -6.349483966827393
v 3.9769468307495117 2.215867280960083 -7.0285258293151855
v 3.9240925312042236 2.4907445907592773 -6.388726234436035
v 3.5159900188446045 2.0380444526672363 -7.397526741027832
v 6.642289161682129 3.4275834560394287 -3.4518027305603027
v 6.608458995819092 3.738046169281006 -2.719721555709839
v 7.198638916015625 3.0004689693450928 -4.123517990112305
v 6.673660755157471 3.0049450397491455 -4.296231269836426
v 6.150835990905762 2.9195830821990967 -4.619121551513672
v 6.1125969886779785 3.3384907245635986 -3.8300225734710693
v 5.586122989654541 3.2201409339904785 -4.072957515716553
v 5.552656650543213 3.4414374828338623 -3.615542411804199
v 5.07776403427124 3.0701422691345215 -4.308892250061035
v 6.588495254516602 1.2859792709350586 -6.428304672241211
v 6.612839221954346 1.5374863147735596 -6.178702354431152
v 6.133677005767822 1.3264068365097046 -6.719623565673828
v 6.156226634979248 1.6247494220733643 -6.4005303382873535
v 6.496514320373535 0.6661038994789124 -7.017910003662109
v 6.560962200164795 1.0513519048690796 -6.655338287353516
v 6.112977981567383 1.1363177299499512 -6.913730621337891
v 5.695671558380127 1.3736283779144287 -6.9502058029174805
v 5.71607780456543 1.6720387935638428 -6.6035332679748535
v 5.268911361694336 1.4294503927230835 -7.139671325683594
v 5.28878927230835 1.7047829627990723 -6.8081488609313965
v 5.757950782775879 0.7803089618682861 -7.507913589477539
v 5.675703525543213 1.195507526397705 -7.145905017852783
v 5.168791770935059 0.8390696048736572 -7.772578716278076
v 5.245734691619873 1.2380318641662598 -7.354073524475098
v 4.842673301696777 1.533819317817688 -7.349539756774902
v 4.863378047943115 1.7836776971817017 -7.036972999572754
v 4.407624244689941 1.677727460861206 -7.5774078369140625
v 4.429215908050537 1.9190945625305176 -7.253076076507568
v 4.815855503082275 1.3298399448394775 -7.585638523101807
v 4.380479335784912 1.482163906097412 -7.819840431213379
v 3.9805917739868164 2.0177934169769287 -7.375744819641113
v 3.4868223667144775 1.6727242469787598 -7.955074310302734
v 3.946018695831299 1.6590602397918701 -7.85640287399292
v 2.7381112575531006 2.8510513305664062 -5.061207294464111
v 2.274487018585205 2.83276104927063 -5.176732063293457
v 2.8723978996276855 2.6289172172546387 -5.802114009857178
v 1.8126554489135742 2.85964298248291 -5.283717632293701
v 2.297356128692627 2.577974796295166 -5.958098888397217
v 1.8950074911117554 2.661102294921875 -5.804834842681885
v 1.4721401929855347 2.640902280807495 -6.147213459014893
v 1.39848792552948 2.831155300140381 -5.657721996307373
v 2.8176095485687256 2.090973377227783 -7.35908317565918
v 2.5560357570648193 2.1008386611938477 -7.383594512939453
v 2.0706112384796143 2.2009966373443604 -7.276454925537109
v 1.6303441524505615 2.251424789428711 -7.659246444702148
v 1.5977661609649658 2.3249869346618652 -7.233327388763428
v 2.9802138805389404 2.3982701301574707 -6.544240474700928
v 2.934002161026001 2.5111243724823 -6.192349433898926
v 2.5035033226013184 2.3433713912963867 -6.681894779205322
v 2.0291223526000977 2.330829381942749 -6.811288356781006
v 0.7124612927436829 3.2262511253356934 -5.453840255737305
v 0.41744959354400635 3.4603211879730225 -5.323111057281494
v 1.0178998708724976 2.792429208755493 -6.209457874298096
v 0.5626684427261353 3.0376029014587402 -6.242146015167236
v -0.026773234829306602 3.697537422180176 -5.511294364929199
v -0.14419078826904297 3.9464340209960938 -4.884179592132568
v -0.5165975093841553 3.9597561359405518 -5.578311443328857
v 0.09533974528312683 3.3041300773620605 -6.271050453186035
v 1.1834821701049805 2.4667446613311768 -7.717465400695801
v 1.1365087032318115 2.5022482872009277 -7.194359302520752
v 0.7341760993003845 2.686366319656372 -7.741906642913818
v 0.6707872152328491 2.691973924636841 -7.106603145599365
v 0.4006432890892029 2.8072547912597656 -7.0174431800842285
v -0.28994184732437134 3.3067378997802734 -7.062304496765137
v -0.35243532061576843 3.4894564151763916 -6.591878414154053
v 0.27203673124313354 2.961411237716675 -7.758126258850098
v 2.7096941471099854 1.7638893127441406 -8.11185359954834
v 3.024810552597046 1.7290284633636475 -8.020270347595215
v 2.10630202293396 1.957106113433838 -8.175297737121582
v 1.659158706665039 2.1743950843811035 -8.226337432861328
v 1.2214776277542114 2.4475197792053223 -8.343894004821777
v 0.7761257290840149 2.734419345855713 -8.345328330993652
v 0.3222564160823822 3.0846681594848633 -8.465984344482422
v 0.30321335792541504 3.032926082611084 -8.137286186218262
v -0.1640603393316269 3.4589433670043945 -8.498412132263184
v -5.768056392669678 2.2148947715759277 -4.869280815124512
v -6.10771369934082 2.0857725143432617 -5.133788585662842
v -4.888815879821777 2.569483995437622 -4.171817779541016
v -5.645446300506592 2.4366512298583984 -6.036656379699707
v -5.850027084350586 2.3812739849090576 -6.196212291717529
v -4.791164875030518 2.674616575241089 -5.364617347717285
v -3.29706072807312 3.399665355682373 -2.5853700637817383
v -3.093961715698242 3.6955158710479736 -3.551628589630127
v -4.0356950759887695 3.0013043880462646 -3.354628562927246
v -4.519062519073486 2.7408759593963623 -3.832423686981201
v -3.956059694290161 3.113600730895996 -4.600852012634277
v -4.3097100257873535 2.9009780883789062 -4.939711093902588
v -5.683906078338623 2.806605100631714 -7.224588871002197
v -4.801421642303467 2.9924869537353516 -6.567882061004639
v -5.633586883544922 3.0688769817352295 -7.7308454513549805
v -5.393702507019043 3.392012596130371 -8.07287311553955
v -5.606105327606201 3.350430727005005 -8.237125396728516
v -5.137097358703613 2.9168410301208496 -6.820141792297363
v -5.082797527313232 3.1549301147460938 -7.320485591888428
v -4.840182304382324 3.200571298599243 -7.136938095092773
v -5.013087749481201 3.453673839569092 -7.787534713745117
v -4.61307954788208 3.5280978679656982 -7.484670639038086
v -4.809241771697998 3.488457679748535 -7.634700298309326
v -3.887993812561035 3.365435838699341 -5.773132801055908
v -4.1795430183410645 3.207820415496826 -6.048061847686768
v -3.5412049293518066 3.4199609756469727 -4.168532371520996
v -3.589487314224243 3.471652030944824 -4.866128921508789
v -3.91904878616333 3.2220776081085205 -5.204168319702148
v -3.5319809913635254 3.611645221710205 -5.409327030181885
v -3.8531038761138916 3.549057960510254 -6.304581165313721
v -4.25889253616333 3.354667901992798 -6.673763275146484
v -3.7929091453552246 3.8078463077545166 -6.798750877380371
v -4.198037624359131 3.626753091812134 -7.159144878387451
v -3.450007915496826 3.8260653018951416 -5.89522647857666
v -3.459498405456543 4.033037185668945 -6.468751907348633
v -5.929967880249023 2.7629809379577637 -7.405339241027832
v -5.85630464553833 3.0486631393432617 -7.892482757568359
v -2.591878890991211 3.4014973640441895 -0.7113754749298096
v -2.167356491088867 3.2862422466278076 -0.23063857853412628
v -2.5091493129730225 3.5380969047546387 -1.1727756261825562
v -1.9071005582809448 3.655259609222412 -0.9141098260879517
v -2.2616446018218994 3.723695993423462 -1.6278716325759888
v -2.922240972518921 3.4406745433807373 -1.550999402999878
v -3.1422526836395264 3.3709583282470703 -1.7665098905563354
v -2.5802502632141113 3.667144536972046 -1.891257643699646
v -1.528950810432434 3.631685733795166 -0.4259139597415924
v -1.8895779848098755 3.751518487930298 -1.3547581434249878
v -1.8690561056137085 3.907315492630005 -2.017279624938965
v -2.1237921714782715 3.8912177085876465 -2.196030378341675
v -1.8484007120132446 4.083159446716309 -2.677342653274536
v -2.6303656101226807 3.7858426570892334 -2.606710910797119
v -3.1103768348693848 3.5950751304626465 -3.0565474033355713
v -2.5376861095428467 3.9375243186950684 -3.1201765537261963
v -1.6481404304504395 3.9172449111938477 -1.8682887554168701
v -1.527451753616333 4.096746921539307 -2.469280958175659
v -1.8227591514587402 4.249826431274414 -3.320833444595337
v -1.7822993993759155 4.381601810455322 -3.940317153930664
v -2.996149778366089 3.9024746417999268 -4.251633644104004
v -2.445209264755249 4.1253342628479 -3.7801451683044434
v -3.033475637435913 3.9622786045074463 -4.901535987854004
v -2.4248290061950684 4.213951587677002 -4.396496772766113
v -1.4304953813552856 4.268080711364746 -3.0776731967926025
v -1.35379958152771 4.3942060470581055 -3.6935653686523438
v -1.7129658460617065 4.4671149253845215 -4.535980701446533
v -1.639689326286316 4.507462024688721 -5.160664081573486
v -2.9987423419952393 4.123509407043457 -5.451305389404297
v -2.3785560131073 4.343878269195557 -4.9658122062683105
v -2.8971362113952637 4.390355587005615 -5.934054851531982
v -2.3448984622955322 4.539659023284912 -5.529775142669678
v -1.2940785884857178 4.471615314483643 -4.321560859680176
v -1.183139443397522 4.402227878570557 -4.987358093261719
v -5.274857997894287 3.7537057399749756 -8.504002571105957
v -5.430140972137451 4.060257911682129 -9.178261756896973
v -5.66374397277832 3.986894130706787 -9.38654613494873
v -5.609603404998779 3.6760175228118896 -8.773566246032715
v -5.1073689460754395 4.147149562835693 -8.909561157226562
v -4.509550094604492 3.8849854469299316 -7.927487850189209
v -4.79658317565918 3.8362605571746826 -8.14191722869873
v -4.801237106323242 4.082577228546143 -8.504793167114258
v -4.343535423278809 4.252780914306641 -8.3444185256958
v -5.188347339630127 4.430696964263916 -9.565298080444336
v -4.936470031738281 4.716891765594482 -9.967146873474121
v -4.5399065017700195 4.791197776794434 -9.67770004272461
v -4.118210315704346 4.532324314117432 -8.740372657775879
v -4.120297431945801 4.6768574714660645 -9.427380561828613
v -3.617182731628418 4.541387557983398 -9.182012557983398
v -4.506136894226074 4.558584690093994 -9.024757385253906
v -4.856406211853027 4.518932342529297 -9.312601089477539
v -2.8093197345733643 4.574981212615967 -6.421489238739014
v -2.4224276542663574 4.573713302612305 -6.986793041229248
v -2.6757705211639404 4.557164192199707 -7.145834922790527
v -2.581281900405884 4.510257720947266 -7.845102310180664
v -2.5974597930908203 4.443295001983643 -8.638298034667969
v -1.353928565979004 4.215922832489014 -8.010180473327637
v -1.9814956188201904 4.4637064933776855 -7.511167526245117
v -4.0939435958862305 3.9626049995422363 -7.607832908630371
v -3.683370590209961 4.137885570526123 -7.2596330642700195
v -4.009301662445068 4.296893119812012 -8.10392951965332
v -3.2788338661193848 4.407679557800293 -6.865250110626221
v -2.9873127937316895 4.520927906036377 -7.352565765380859
v -3.5884921550750732 4.4677886962890625 -8.475288391113281
v -3.1008410453796387 4.481657981872559 -8.17140007019043
v -3.350590705871582 4.462207317352295 -8.331748962402344
v -3.395331382751465 4.447234630584717 -7.742971420288086
v -3.1266160011291504 4.4648895263671875 -8.918993949890137
v -3.3499081134796143 4.491393566131592 -9.040794372558594
v -3.344428777694702 4.470909118652344 -8.719311714172363
v -2.4199001789093018 4.282195091247559 -10.01498031616211
v -2.778568983078003 4.417680740356445 -10.170954704284668
v -2.718794822692871 4.380444049835205 -9.838401794433594
v -1.5416885614395142 3.6537230014801025 -11.19919204711914
v -2.0073111057281494 3.936953544616699 -11.413326263427734
v -1.830317735671997 3.8653907775878906 -11.132379531860352
v -2.6339430809020996 4.368663787841797 -10.852880477905273
v -3.0662693977355957 4.597326278686523 -11.074070930480957
v -2.9204866886138916 4.525825023651123 -10.727829933166504
v -2.508878707885742 4.293091773986816 -11.311505317687988
v -2.3619847297668457 4.221156120300293 -10.962325096130371
v -1.229148030281067 3.5084311962127686 -11.063448905944824
v -0.9987093210220337 3.412487030029297 -10.96904468536377
v -1.6851203441619873 3.862056255340576 -10.794598579406738
v -1.0223921537399292 3.5873613357543945 -10.604658126831055
v -2.1840949058532715 4.1605939865112305 -10.610115051269531
v -2.116960287094116 4.172901630401611 -10.17788314819336
v -4.229368209838867 4.847836494445801 -10.198878288269043
v -4.100788593292236 4.79509973526001 -10.019674301147461
v -3.8288962841033936 4.854602336883545 -10.704992294311523
v -3.564138412475586 4.7504730224609375 -10.55130386352539
v -4.353022575378418 4.896455764770508 -10.367979049682617
v -3.069214344024658 4.459280967712402 -9.6044282913208
v -3.4980106353759766 4.610233783721924 -9.884828567504883
v -3.371826648712158 4.5149407386779785 -9.38125228881836
v -1.3385621309280396 4.045378684997559 -9.536145210266113
v -2.6589436531066895 4.37370491027832 -9.402396202087402
v -2.048480987548828 4.182544708251953 -9.850569725036621
v -0.6655289530754089 3.825514316558838 -8.57296371459961
v -0.6248640418052673 3.781471014022827 -9.303679466247559
v -1.274662971496582 4.141488552093506 -8.843448638916016
v -1.9895533323287964 4.306114673614502 -9.061919212341309
v -2.0839977264404297 4.421939373016357 -8.332941055297852
v -1.5712252855300903 3.9026901721954346 -10.398271560668945
v -1.4401546716690063 3.957880973815918 -10.014625549316406
v -0.3120477497577667 3.481661796569824 -9.966523170471191
v -0.9436259865760803 3.7090795040130615 -10.162559509277344
v -0.7874550819396973 3.768446922302246 -9.800824165344238
v -1.5772901773452759 4.423661231994629 -5.8655524253845215
v -0.630252480506897 3.7801737785339355 -6.356836795806885
v -0.9036110639572144 3.9660143852233887 -6.410360813140869
v -0.9774495363235474 4.106807708740234 -5.983921527862549
v -1.4459060430526733 4.2901763916015625 -6.555082321166992
v -2.1602108478546143 4.560552597045898 -6.120351791381836
v -2.237220287322998 4.576601028442383 -5.804216384887695
v -1.695304274559021 4.403512001037598 -6.642900466918945
v -2.028761863708496 4.511724472045898 -6.784130573272705
v -1.3753918409347534 4.220616817474365 -7.011703014373779
v -0.8001065850257874 3.7790091037750244 -7.133839130401611
v -0.30530545115470886 3.4306893348693848 -7.865760326385498
v -0.7501248121261597 3.759582281112671 -7.570549488067627
v 5.277080535888672 3.1596782207489014 2.3172237873077393
v 5.80923318862915 2.923511505126953 2.518566131591797
v 5.441901683807373 3.329188108444214 1.817186951637268
v 5.862791538238525 3.1534669399261475 1.9882304668426514
v 4.741974830627441 3.418689250946045 2.116495132446289
v 4.399759769439697 3.5350472927093506 1.9917593002319336
v 4.90661096572876 3.581533193588257 1.6102075576782227
v 6.274222373962402 3.1726016998291016 1.5504002571105957
v 6.05119514465332 3.170882225036621 1.7809669971466064
v 5.593176364898682 3.4879138469696045 1.29375422000885
v 6.264131546020508 3.3750250339508057 0.9393459558486938
v 5.0173726081848145 3.725215435028076 1.2684471607208252
v 3.4472568035125732 -0.1331213265657425 -9.751370429992676
v 2.6205310821533203 0.15170544385910034 -10.10834789276123
v 1.8003525733947754 0.6601699590682983 -10.542637825012207
v 0.9832350611686707 1.4650448560714722 -11.009587287902832
v 1.9655704498291016 0.7041898369789124 -10.28724193572998
v 1.395094633102417 1.0337486267089844 -10.786951065063477
v 1.5623809099197388 1.0851985216140747 -10.540243148803711
v 1.1541274785995483 1.5341769456863403 -10.77236557006836
v 1.7679634094238281 1.2008328437805176 -10.167738914489746
v 1.3040789365768433 1.6142321825027466 -10.515050888061523
v 0.11922481656074524 2.4063379764556885 -11.305130958557129
v -0.09307602047920227 2.359187364578247 -11.594489097595215
v -0.5174046754837036 2.7960638999938965 -11.615449905395508
v -0.9893591403961182 3.188124656677246 -11.614797592163086
v -0.34073206782341003 2.798999786376953 -11.342375755310059
v -0.8212096691131592 3.1630406379699707 -11.320344924926758
v 0.5593357086181641 1.9316726922988892 -11.187488555908203
v 0.7313753366470337 2.0135066509246826 -10.9490966796875
v 0.2894173562526703 2.460009813308716 -11.047994613647461
v 0.8831189870834351 2.1030502319335938 -10.687494277954102
v 0.4413028955459595 2.525421619415283 -10.769500732421875
v -0.1758921891450882 2.8374364376068115 -11.067112922668457
v -0.6637812256813049 3.180527925491333 -11.023098945617676
v -0.025533316656947136 2.902721881866455 -10.775418281555176
v -1.477434754371643 3.5668256282806396 -11.565021514892578
f 5 7 6
f 4 6 7
f 7 2 4
f 6 4 3
f 8 9 10
f 9 724 11
f 11 12 10
f 10 9 11
f 14 1544 13
f 15 17 16
f 13 19 18
f 15 18 19
f 19 8 17
f 19 17 15
f 16 20 21
f 21 15 16
f 20 16 1
f 14 13 18
f 14 18 21
f 14 21 20
f 15 21 18
f 13 22 23
f 22 2 24
f 24 724 23
f 23 22 24
f 3 4 22
f 3 22 1544
f 22 13 1544
f 22 4 2
f 23 9 19
f 19 13 23
f 8 19 9
f 724 9 23
f 28 30 29
f 26 29 30
f 27 30 25
f 30 27 26
f 32 31 33
f 34 36 35
f 37 39 38
f 40 34 37
f 34 35 39
f 34 39 37
f 41 43 42
f 42 43 26
f 42 26 27
f 31 42 27
f 29 35 36
f 36 28 29
f 41 35 29
f 29 43 41
f 26 43 29
f 42 38 39
f 39 41 42
f 38 42 32
f 31 32 42
f 41 39 35
f 44 46 45
f 47 49 48
f 50 52 51
f 50 45 46
f 50 46 47
f 48 52 50
f 48 50 47
f 57 48 49
f 49 53 57
f 57 53 54
f 57 54 58
f 59 51 52
f 52 57 59
f 60 59 57
f 57 58 60
f 57 52 48
f 61 58 54
f 54 55 61
f 62 61 55
f 55 56 62
f 60 58 61
f 60 61 63
f 63 61 64
f 62 64 61
f 65 67 66
f 70 66 67
f 67 68 70
f 70 68 69
f 70 69 71
f 72 45 73
f 72 25 44
f 44 45 72
f 27 72 65
f 72 73 65
f 73 67 65
f 72 27 25
f 73 45 50
f 68 73 50
f 68 50 51
f 51 69 68
f 68 67 73
f 31 65 74
f 74 65 66
f 74 66 78
f 76 78 77
f 33 31 74
f 75 33 74
f 74 76 75
f 78 76 74
f 79 71 80
f 66 70 79
f 66 79 78
f 71 79 70
f 77 78 79
f 77 79 81
f 81 79 80
f 81 80 82
f 65 31 27
f 69 84 83
f 83 84 85
f 71 69 83
f 71 83 86
f 87 86 83
f 83 85 87
f 89 87 85
f 85 88 89
f 90 89 88
f 88 91 90
f 51 59 84
f 84 69 51
f 60 85 84
f 60 84 59
f 63 88 85
f 63 85 60
f 88 63 64
f 88 64 91
f 92 80 71
f 71 86 92
f 92 86 94
f 92 94 93
f 87 94 86
f 82 80 92
f 82 92 95
f 96 95 92
f 92 93 96
f 93 94 97
f 89 97 94
f 89 94 87
f 98 97 89
f 98 89 90
f 98 90 99
f 100 96 93
f 93 97 100
f 100 97 98
f 101 100 98
f 98 99 101
f 62 56 102
f 102 104 64
f 64 62 102
f 105 104 102
f 102 103 105
f 103 106 105
f 105 106 112
f 90 91 107
f 108 91 64
f 64 104 108
f 108 104 110
f 105 110 104
f 108 107 91
f 109 107 108
f 108 110 109
f 111 110 105
f 111 105 112
f 111 112 113
f 109 110 114
f 111 114 110
f 114 111 115
f 111 113 116
f 111 116 115
f 117 99 90
f 90 107 117
f 117 107 118
f 101 99 119
f 117 119 99
f 120 119 117
f 117 118 120
f 120 118 121
f 120 121 123
f 120 123 122
f 109 118 107
f 121 118 109
f 124 121 109
f 109 114 124
f 124 114 125
f 115 125 114
f 124 123 121
f 126 122 123
f 123 124 126
f 124 125 126
f 115 116 127
f 128 125 115
f 115 127 128
f 126 125 1858
f 1858 125 128
f 1858 128 1861
f 133 134 129
f 133 140 135
f 135 132 134
f 134 133 135
f 132 138 136
f 136 138 143
f 143 137 136
f 134 136 130
f 134 130 129
f 136 137 131
f 131 130 136
f 136 134 132
f 139 318 141
f 142 225 163
f 318 142 163
f 163 141 318
f 146 144 143
f 145 147 146
f 144 146 147
f 147 148 144
f 151 155 153
f 145 150 154
f 154 147 145
f 152 148 147
f 152 147 154
f 152 154 151
f 150 149 155
f 150 155 154
f 155 151 154
f 132 159 156
f 159 157 158
f 158 156 159
f 140 139 159
f 140 159 135
f 159 132 135
f 141 157 159
f 159 139 141
f 156 146 138
f 138 132 156
f 146 143 138
f 145 146 156
f 156 158 145
f 157 160 161
f 161 150 158
f 158 157 161
f 160 225 162
f 162 161 160
f 150 161 162
f 150 162 149
f 160 157 141
f 141 163 160
f 225 160 163
f 150 145 158
f 209 169 178
f 178 164 209
f 165 167 166
f 168 170 169
f 168 183 171
f 171 170 168
f 172 174 173
f 176 175 177
f 172 176 177
f 177 174 172
f 178 169 170
f 170 179 178
f 173 164 178
f 172 173 178
f 178 179 172
f 176 179 170
f 176 170 171
f 176 171 175
f 172 179 176
f 171 183 182
f 182 180 171
f 182 184 185
f 181 180 182
f 182 185 181
f 175 180 186
f 186 166 177
f 177 175 186
f 186 180 181
f 181 165 186
f 165 166 186
f 180 175 171
f 187 224 189
f 190 196 189
f 190 189 224
f 191 192 193
f 195 197 196
f 195 203 198
f 198 197 195
f 190 199 200
f 195 196 190
f 190 200 195
f 194 203 200
f 194 200 199
f 203 195 200
f 201 1127 205
f 194 201 205
f 198 203 202
f 202 191 198
f 202 1127 204
f 192 191 202
f 202 204 192
f 203 194 205
f 203 205 202
f 1127 202 205
f 206 208 207
f 142 209 210
f 226 225 142
f 210 211 226
f 226 142 210
f 209 164 236
f 236 212 210
f 236 210 209
f 207 211 210
f 207 210 212
f 207 212 206
f 149 227 213
f 227 214 215
f 215 213 227
f 216 188 153
f 216 153 155
f 216 217 218
f 188 216 218
f 188 218 187
f 216 155 149
f 216 149 213
f 217 216 213
f 213 215 217
f 219 220 221
f 214 207 222
f 222 219 215
f 215 214 222
f 207 208 223
f 207 223 222
f 220 219 222
f 222 223 220
f 217 219 224
f 224 218 217
f 224 187 218
f 221 190 224
f 224 219 221
f 217 215 219
f 162 225 226
f 226 227 162
f 227 149 162
f 211 214 227
f 227 226 211
f 207 214 211
f 228 230 229
f 229 230 231
f 206 229 231
f 231 208 206
f 166 233 228
f 233 234 230
f 233 230 228
f 233 166 167
f 167 235 233
f 234 233 235
f 234 235 232
f 234 201 231
f 231 230 234
f 201 234 232
f 173 174 237
f 236 173 237
f 237 229 212
f 212 236 237
f 177 228 237
f 237 174 177
f 228 229 237
f 236 164 173
f 206 212 229
f 166 228 177
f 194 221 220
f 231 194 220
f 220 223 231
f 223 208 231
f 199 190 221
f 199 221 194
f 201 194 231
f 244 239 238
f 241 246 242
f 243 245 244
f 239 244 245
f 245 241 239
f 243 240 246
f 246 245 243
f 246 241 245
f 248 250 249
f 248 330 251
f 251 250 248
f 290 252 253
f 253 240 290
f 249 242 246
f 248 249 246
f 246 240 253
f 246 253 248
f 252 247 338
f 338 330 253
f 338 253 252
f 330 248 253
f 254 256 255
f 258 273 257
f 254 1929 257
f 257 256 254
f 259 258 257
f 259 257 1929
f 267 263 260
f 261 238 25
f 261 263 244
f 244 238 261
f 260 261 30
f 260 30 28
f 25 30 261
f 263 261 260
f 262 264 263
f 265 240 264
f 265 264 262
f 266 268 267
f 267 268 262
f 267 262 263
f 266 273 265
f 265 268 266
f 262 268 265
f 244 263 264
f 264 243 244
f 243 264 240
f 34 269 260
f 260 36 34
f 270 267 269
f 260 269 267
f 255 269 40
f 34 40 269
f 269 255 256
f 256 270 269
f 28 36 260
f 270 257 266
f 266 267 270
f 266 257 273
f 270 256 257
f 272 274 273
f 275 271 274
f 275 274 272
f 276 277 271
f 276 362 247
f 247 277 276
f 275 278 276
f 276 271 275
f 279 362 278
f 276 278 362
f 258 281 272
f 272 273 258
f 280 282 281
f 272 281 282
f 282 275 272
f 283 281 259
f 258 259 281
f 283 284 280
f 280 281 283
f 286 370 285
f 287 278 282
f 287 282 280
f 275 282 278
f 287 370 279
f 279 278 287
f 284 285 287
f 287 280 284
f 287 285 370
f 288 289 265
f 290 240 265
f 265 289 290
f 288 271 252
f 252 289 288
f 290 289 252
f 265 273 274
f 274 288 265
f 288 274 271
f 252 271 277
f 252 277 247
f 291 293 292
f 295 294 291
f 294 299 293
f 294 293 291
f 309 296 295
f 297 298 296
f 297 296 309
f 302 300 299
f 301 303 302
f 300 302 303
f 303 140 300
f 294 295 296
f 296 302 294
f 302 299 294
f 301 302 296
f 296 298 301
f 307 306 295
f 304 307 295
f 295 305 304
f 238 308 44
f 305 44 308
f 308 304 305
f 44 305 46
f 308 238 239
f 239 306 307
f 239 307 308
f 304 308 307
f 47 305 291
f 291 292 49
f 291 49 47
f 295 291 305
f 47 46 305
f 306 241 309
f 309 295 306
f 242 297 309
f 309 241 242
f 306 239 241
f 299 312 310
f 312 129 311
f 312 311 310
f 292 293 310
f 53 292 310
f 310 311 54
f 310 54 53
f 299 310 293
f 130 313 311
f 129 130 311
f 131 314 313
f 131 313 130
f 313 55 54
f 313 54 311
f 56 55 313
f 56 313 314
f 312 299 300
f 300 133 312
f 129 312 133
f 140 133 300
f 53 49 292
f 316 249 250
f 250 315 316
f 297 249 316
f 316 298 297
f 301 316 317
f 317 303 301
f 140 303 317
f 140 317 139
f 315 318 317
f 317 316 315
f 318 139 317
f 301 298 316
f 315 250 251
f 315 251 142
f 318 315 142
f 297 242 249
f 238 44 25
f 319 321 320
f 324 323 247
f 324 325 322
f 322 323 324
f 329 320 322
f 327 326 319
f 327 319 320
f 329 327 320
f 328 329 325
f 322 325 329
f 367 326 327
f 328 367 327
f 327 329 328
f 339 331 330
f 331 333 332
f 332 334 331
f 333 331 339
f 331 334 209
f 331 209 251
f 331 251 330
f 337 335 334
f 336 169 335
f 336 335 337
f 332 320 337
f 337 334 332
f 337 320 321
f 321 336 337
f 209 334 335
f 169 209 335
f 338 323 339
f 339 330 338
f 333 323 322
f 322 332 333
f 323 333 339
f 338 247 323
f 320 332 322
f 351 341 321
f 351 321 319
f 351 346 340
f 340 341 351
f 343 344 342
f 346 345 342
f 346 342 340
f 343 342 345
f 345 347 343
f 350 351 326
f 319 326 351
f 352 346 351
f 352 351 350
f 367 348 350
f 350 326 367
f 350 348 349
f 350 349 352
f 353 354 349
f 355 354 353
f 356 345 346
f 352 356 346
f 356 357 347
f 347 345 356
f 352 349 354
f 352 354 356
f 357 356 354
f 354 355 357
f 336 341 358
f 169 336 358
f 169 358 168
f 340 183 358
f 340 358 341
f 183 168 358
f 341 336 321
f 183 340 342
f 183 342 182
f 184 182 342
f 342 344 184
f 361 363 362
f 362 363 324
f 362 324 247
f 364 325 363
f 364 363 361
f 324 363 325
f 279 371 361
f 361 362 279
f 360 359 364
f 360 364 361
f 360 361 371
f 366 367 365
f 368 365 359
f 368 379 366
f 366 365 368
f 364 365 328
f 328 325 364
f 328 365 367
f 364 359 365
f 369 371 370
f 372 359 360
f 372 360 371
f 372 371 369
f 373 369 370
f 286 373 370
f 373 1988 372
f 372 369 373
f 279 370 371
f 372 376 368
f 368 359 372
f 374 379 376
f 368 376 379
f 375 376 1988
f 372 1988 376
f 1 374 375
f 374 376 375
f 377 348 367
f 377 367 366
f 377 382 349
f 349 348 377
f 378 380 379
f 366 379 380
f 380 377 366
f 8 382 380
f 8 380 378
f 377 380 382
f 382 381 353
f 382 353 349
f 353 381 383
f 353 383 355
f 382 8 10
f 382 10 381
f 381 10 12
f 381 12 383
f 374 16 17
f 17 378 374
f 378 379 374
f 378 17 8
f 374 1 16
f 209 142 251
f 388 137 143
f 388 143 400
f 389 388 400
f 400 390 389
f 388 387 131
f 131 137 388
f 391 387 388
f 388 392 391
f 388 389 392
f 389 390 393
f 391 392 394
f 393 394 392
f 392 389 393
f 395 394 393
f 393 396 395
f 395 396 397
f 400 143 144
f 144 401 400
f 402 400 401
f 398 401 144
f 144 148 398
f 399 402 401
f 399 401 398
f 402 399 404
f 402 404 403
f 403 404 405
f 152 151 406
f 398 152 406
f 399 398 406
f 399 406 407
f 406 151 153
f 406 153 384
f 385 407 406
f 385 406 384
f 398 148 152
f 408 399 407
f 386 408 407
f 386 407 385
f 408 386 469
f 399 408 404
f 408 405 404
f 409 405 408
f 469 409 408
f 400 402 390
f 402 393 390
f 393 402 411
f 393 411 410
f 410 411 412
f 403 411 402
f 412 411 403
f 412 403 405
f 413 412 405
f 410 396 393
f 397 396 410
f 397 410 412
f 414 397 412
f 412 415 414
f 413 415 412
f 409 413 405
f 409 469 416
f 414 415 417
f 417 415 413
f 417 413 421
f 413 409 418
f 418 409 416
f 416 419 418
f 418 419 420
f 413 418 421
f 421 418 422
f 422 418 420
f 422 420 423
f 424 426 425
f 427 425 426
f 437 429 428
f 384 188 430
f 430 431 385
f 385 384 430
f 430 188 187
f 187 437 430
f 428 431 430
f 437 428 430
f 432 428 429
f 386 385 431
f 386 431 433
f 386 433 434
f 428 432 433
f 433 431 428
f 435 434 433
f 435 433 432
f 436 438 437
f 429 437 438
f 438 439 429
f 436 196 424
f 424 438 436
f 425 439 438
f 424 425 438
f 436 437 187
f 187 189 436
f 196 436 189
f 440 432 429
f 440 429 439
f 432 440 441
f 425 427 440
f 440 439 425
f 442 440 427
f 440 442 441
f 441 435 432
f 435 441 443
f 444 443 441
f 441 442 444
f 424 445 446
f 446 426 424
f 445 198 447
f 447 451 446
f 446 445 447
f 448 427 426
f 448 426 446
f 427 448 449
f 456 448 446
f 456 446 451
f 450 449 448
f 450 448 456
f 455 452 451
f 455 453 454
f 454 452 455
f 198 191 455
f 455 447 198
f 455 451 447
f 193 453 455
f 455 191 193
f 456 451 452
f 452 457 456
f 458 457 452
f 458 452 454
f 456 457 459
f 456 459 450
f 458 460 459
f 458 459 457
f 424 196 197
f 197 445 424
f 198 445 197
f 449 442 427
f 442 449 461
f 461 449 450
f 462 461 450
f 444 442 461
f 444 461 463
f 463 461 462
f 463 462 464
f 462 450 459
f 462 459 465
f 466 465 459
f 459 460 466
f 467 464 462
f 462 465 467
f 468 467 465
f 465 466 468
f 188 384 153
f 386 434 470
f 386 470 469
f 435 470 434
f 469 470 471
f 471 470 435
f 472 471 435
f 416 469 471
f 473 416 471
f 471 472 474
f 474 473 471
f 473 474 475
f 472 435 443
f 472 443 476
f 476 443 444
f 444 477 476
f 476 474 472
f 478 475 474
f 474 476 478
f 479 478 476
f 476 477 479
f 473 419 416
f 480 420 419
f 419 473 480
f 480 473 475
f 480 475 481
f 482 423 420
f 420 480 482
f 481 482 480
f 482 481 483
f 481 475 478
f 481 478 484
f 484 478 479
f 484 479 485
f 483 481 484
f 486 483 484
f 484 485 486
f 444 463 487
f 487 477 444
f 464 488 487
f 464 487 463
f 479 477 487
f 479 487 489
f 490 489 487
f 487 488 490
f 467 492 488
f 467 488 464
f 491 492 467
f 467 468 491
f 493 490 488
f 488 492 493
f 493 492 491
f 493 491 494
f 489 490 495
f 495 485 489
f 485 479 489
f 486 485 495
f 486 495 496
f 493 498 495
f 495 490 493
f 498 493 494
f 498 494 497
f 496 495 498
f 499 314 131
f 499 131 387
f 499 387 502
f 500 56 314
f 314 499 500
f 500 499 501
f 502 501 499
f 503 501 502
f 391 502 387
f 504 502 391
f 391 394 504
f 394 505 504
f 504 505 506
f 395 505 394
f 507 506 505
f 505 395 397
f 505 397 508
f 505 508 507
f 504 503 502
f 509 503 504
f 504 506 509
f 507 509 506
f 500 102 56
f 103 102 500
f 510 103 500
f 510 500 501
f 510 106 103
f 510 501 512
f 503 512 501
f 511 512 503
f 112 106 510
f 510 512 112
f 112 512 539
f 511 539 512
f 509 511 503
f 507 508 513
f 509 507 513
f 509 513 514
f 539 511 540
f 515 511 509
f 514 515 509
f 515 514 527
f 511 515 540
f 516 540 515
f 516 515 527
f 516 527 517
f 414 508 397
f 513 508 414
f 513 414 417
f 518 513 417
f 421 518 417
f 518 421 519
f 518 514 513
f 520 514 518
f 520 518 519
f 521 520 519
f 519 522 521
f 519 421 422
f 523 519 422
f 423 523 422
f 523 522 519
f 523 423 524
f 522 523 525
f 525 523 524
f 525 524 526
f 514 520 527
f 520 528 527
f 521 528 520
f 527 528 529
f 529 528 521
f 530 529 521
f 521 522 530
f 517 527 529
f 517 529 531
f 529 530 531
f 531 530 532
f 533 530 522
f 522 525 533
f 525 534 533
f 526 534 525
f 534 526 535
f 536 532 530
f 530 533 536
f 533 534 536
f 536 534 535
f 536 535 537
f 539 113 112
f 113 539 538
f 538 116 113
f 538 539 542
f 540 542 539
f 542 540 545
f 541 127 116
f 541 116 538
f 538 542 541
f 541 542 543
f 544 543 542
f 542 545 544
f 544 545 546
f 516 545 540
f 545 516 547
f 547 516 517
f 548 547 517
f 547 546 545
f 546 547 549
f 548 549 547
f 550 549 548
f 541 128 127
f 551 128 541
f 541 543 551
f 544 551 543
f 1861 128 551
f 551 544 546
f 551 546 553
f 552 1861 551
f 551 553 552
f 552 553 554
f 546 549 553
f 555 553 549
f 555 549 550
f 556 555 550
f 555 554 553
f 554 555 2196
f 555 556 2196
f 531 548 517
f 548 531 557
f 557 531 532
f 557 532 558
f 550 548 557
f 550 557 559
f 557 558 559
f 560 558 532
f 532 536 560
f 537 560 536
f 559 556 550
f 561 2196 556
f 559 558 562
f 568 562 558
f 568 558 560
f 563 568 560
f 560 537 563
f 556 559 564
f 564 559 562
f 564 562 565
f 561 556 564
f 561 564 566
f 566 564 565
f 567 566 565
f 565 562 568
f 565 568 569
f 569 568 563
f 563 570 569
f 569 567 565
f 567 569 571
f 572 571 569
f 569 570 572
f 573 526 524
f 524 423 482
f 573 524 482
f 482 483 573
f 573 483 486
f 573 486 574
f 575 537 535
f 535 526 573
f 575 535 573
f 573 576 575
f 574 580 576
f 574 576 573
f 577 574 486
f 486 496 577
f 577 496 498
f 578 577 498
f 498 497 578
f 580 574 577
f 580 577 579
f 581 579 577
f 577 578 581
f 579 582 580
f 581 584 582
f 582 579 581
f 584 581 583
f 583 585 584
f 588 563 537
f 588 537 575
f 588 575 576
f 588 576 586
f 594 586 576
f 594 576 580
f 594 580 587
f 563 588 589
f 589 570 563
f 570 589 590
f 586 589 588
f 591 590 589
f 589 586 591
f 572 570 590
f 572 590 592
f 592 590 591
f 592 591 593
f 594 595 586
f 591 586 595
f 591 595 596
f 587 597 595
f 587 595 594
f 596 595 597
f 598 593 591
f 591 596 598
f 599 598 596
f 596 597 599
f 587 580 582
f 587 582 600
f 600 582 584
f 601 599 597
f 597 587 600
f 597 600 601
f 585 601 600
f 600 584 585
f 601 585 602
f 603 605 604
f 608 609 606
f 609 611 607
f 609 607 606
f 611 613 612
f 612 613 614
f 610 612 614
f 607 615 603
f 615 610 605
f 615 605 603
f 612 615 607
f 611 612 607
f 610 615 612
f 616 618 617
f 619 621 620
f 622 624 623
f 625 627 626
f 628 626 622
f 628 617 618
f 628 618 625
f 626 628 625
f 626 627 619
f 626 619 620
f 626 620 624
f 626 624 622
f 640 630 629
f 640 632 631
f 631 630 640
f 636 629 635
f 634 637 616
f 618 637 635
f 637 618 616
f 637 634 633
f 633 636 637
f 635 637 636
f 639 640 636
f 640 629 636
f 641 640 639
f 632 640 641
f 639 636 633
f 639 633 638
f 642 641 639
f 642 639 638
f 643 645 644
f 646 648 647
f 629 643 646
f 646 643 644
f 644 648 646
f 649 651 650
f 644 645 603
f 644 603 649
f 603 604 651
f 603 651 649
f 619 647 648
f 619 648 649
f 650 621 619
f 649 650 619
f 649 648 644
f 630 606 643
f 606 607 645
f 606 645 643
f 606 630 631
f 631 608 606
f 643 629 630
f 603 645 607
f 635 646 625
f 646 647 627
f 646 627 625
f 646 635 629
f 625 618 635
f 619 627 647
f 652 653 853
f 652 656 654
f 654 655 653
f 653 652 654
f 878 657 656
f 878 658 659
f 659 657 878
f 654 656 657
f 657 660 654
f 660 661 655
f 655 654 660
f 659 662 660
f 660 657 659
f 662 667 661
f 661 660 662
f 664 663 659
f 659 658 664
f 665 666 663
f 664 665 663
f 671 668 667
f 671 669 670
f 670 668 671
f 663 671 662
f 662 659 663
f 671 667 662
f 669 671 663
f 669 663 666
f 2877 675 674
f 676 678 677
f 680 682 681
f 679 674 675
f 679 675 676
f 676 680 679
f 677 682 680
f 677 680 676
f 684 686 685
f 687 689 688
f 672 692 693
f 688 689 696
f 692 688 696
f 690 691 693
f 693 692 696
f 693 696 690
f 677 678 816
f 677 816 694
f 816 683 695
f 816 695 694
f 681 682 694
f 687 681 694
f 694 695 689
f 694 689 687
f 694 682 677
f 695 697 696
f 690 696 697
f 697 685 690
f 685 691 690
f 684 697 695
f 684 695 683
f 685 697 684
f 696 689 695
f 700 702 701
f 702 854 703
f 703 854 698
f 1310 703 698
f 698 699 1310
f 704 1310 705
f 701 702 703
f 701 703 704
f 703 1310 704
f 706 707 708
f 2 711 709
f 710 712 711
f 709 711 712
f 712 713 709
f 706 711 7
f 706 7 5
f 711 2 7
f 710 711 706
f 706 708 710
f 714 716 715
f 707 2847 717
f 717 715 708
f 708 707 717
f 673 672 718
f 673 718 717
f 673 717 2847
f 714 715 717
f 717 718 714
f 710 715 719
f 719 712 710
f 719 720 713
f 713 712 719
f 719 715 716
f 716 721 719
f 721 722 720
f 720 719 721
f 715 710 708
f 724 723 726
f 724 726 11
f 726 727 12
f 12 11 726
f 728 726 725
f 726 723 725
f 729 727 726
f 729 726 728
f 730 731 728
f 730 728 725
f 732 729 728
f 732 728 731
f 733 731 730
f 733 734 732
f 732 731 733
f 709 735 24
f 24 2 709
f 723 724 24
f 24 735 723
f 713 736 735
f 735 709 713
f 723 735 736
f 725 723 736
f 737 736 713
f 737 713 720
f 738 725 736
f 738 736 737
f 739 737 720
f 739 720 722
f 740 738 737
f 740 737 739
f 725 738 730
f 730 738 740
f 730 740 733
f 685 686 880
f 685 880 741
f 741 880 743
f 743 742 741
f 744 746 745
f 747 749 748
f 743 744 747
f 743 747 742
f 745 749 747
f 745 747 744
f 714 750 751
f 751 716 714
f 750 691 752
f 752 753 751
f 751 750 752
f 693 750 718
f 718 672 693
f 714 718 750
f 750 693 691
f 751 754 721
f 721 716 751
f 754 755 722
f 722 721 754
f 753 756 754
f 754 751 753
f 756 748 755
f 755 754 756
f 685 741 752
f 752 691 685
f 741 742 753
f 753 752 741
f 747 756 753
f 747 753 742
f 748 756 747
f 757 758 760
f 733 760 761
f 761 762 734
f 734 733 761
f 758 765 761
f 758 761 760
f 762 761 765
f 762 765 759
f 764 745 746
f 746 700 764
f 764 700 701
f 763 764 701
f 757 748 749
f 749 764 757
f 758 757 764
f 758 764 763
f 764 749 745
f 763 704 765
f 765 704 705
f 759 765 705
f 704 763 701
f 765 758 763
f 755 766 739
f 739 722 755
f 766 760 740
f 740 739 766
f 766 755 757
f 755 748 757
f 760 766 757
f 760 733 740
f 767 769 768
f 768 769 801
f 771 768 801
f 801 803 771
f 844 771 803
f 803 792 844
f 820 771 844
f 844 770 820
f 772 773 776
f 777 778 788
f 773 774 777
f 773 777 776
f 775 778 777
f 774 775 777
f 780 782 781
f 604 605 786
f 604 786 780
f 786 779 782
f 786 782 780
f 779 785 784
f 783 784 785
f 783 785 788
f 781 782 784
f 781 784 767
f 769 767 784
f 769 784 783
f 784 782 779
f 610 787 786
f 779 786 787
f 787 776 779
f 787 610 614
f 787 614 772
f 776 787 772
f 786 605 610
f 779 776 777
f 777 785 779
f 788 785 777
f 789 791 790
f 790 791 800
f 864 790 800
f 800 798 864
f 790 864 792
f 775 795 794
f 793 794 795
f 795 796 793
f 778 794 789
f 778 789 788
f 793 791 789
f 789 794 793
f 794 778 775
f 797 799 798
f 796 918 797
f 797 793 796
f 918 920 799
f 799 797 918
f 797 800 791
f 797 791 793
f 798 800 797
f 783 802 801
f 803 801 802
f 803 802 790
f 788 789 802
f 788 802 783
f 790 802 789
f 801 769 783
f 792 803 790
f 804 808 807
f 805 807 808
f 808 809 806
f 808 806 805
f 620 621 821
f 804 620 821
f 821 810 804
f 768 809 808
f 767 768 808
f 808 804 810
f 808 810 767
f 812 623 624
f 624 804 812
f 623 812 811
f 2877 623 811
f 811 675 2877
f 811 812 807
f 676 811 807
f 805 806 678
f 805 678 676
f 676 807 805
f 807 812 804
f 676 675 811
f 804 624 620
f 813 815 814
f 806 817 816
f 816 817 814
f 683 816 814
f 809 813 817
f 817 806 809
f 814 817 813
f 818 814 815
f 818 815 820
f 820 770 819
f 820 819 818
f 684 683 814
f 684 814 818
f 819 686 684
f 819 684 818
f 771 815 813
f 768 771 813
f 813 809 768
f 820 815 771
f 816 678 806
f 821 650 651
f 821 651 780
f 781 810 821
f 780 781 821
f 780 651 604
f 821 621 650
f 767 810 781
f 823 824 828
f 825 827 826
f 828 830 829
f 829 830 831
f 822 829 831
f 824 832 830
f 824 830 828
f 826 831 830
f 825 826 830
f 830 832 825
f 770 835 834
f 834 835 833
f 839 834 833
f 833 838 837
f 837 838 822
f 836 837 822
f 839 841 840
f 842 840 841
f 841 836 842
f 833 837 841
f 833 841 839
f 836 841 837
f 844 845 843
f 833 843 845
f 833 845 828
f 823 845 844
f 844 792 823
f 828 845 823
f 843 835 770
f 843 770 844
f 833 835 843
f 828 829 838
f 828 838 833
f 822 838 829
f 822 849 847
f 847 849 846
f 846 848 847
f 846 852 850
f 850 852 853
f 853 851 850
f 848 850 854
f 698 854 850
f 698 850 851
f 851 699 698
f 850 848 846
f 855 857 856
f 856 857 858
f 846 856 858
f 826 827 859
f 855 826 859
f 859 857 855
f 859 656 858
f 858 857 859
f 855 856 849
f 855 849 822
f 822 831 855
f 846 849 856
f 855 831 826
f 852 846 858
f 852 858 652
f 853 852 652
f 656 652 858
f 836 847 860
f 860 847 848
f 860 848 702
f 847 836 822
f 842 836 860
f 700 842 860
f 702 700 860
f 848 854 702
f 861 863 862
f 823 792 864
f 864 865 823
f 865 862 824
f 824 823 865
f 861 865 864
f 864 798 861
f 862 865 861
f 866 868 867
f 867 868 869
f 825 867 869
f 869 827 825
f 862 863 870
f 866 862 870
f 870 868 866
f 870 871 869
f 869 868 870
f 867 832 824
f 866 867 824
f 824 862 866
f 825 832 867
f 798 799 872
f 861 798 872
f 872 873 863
f 863 861 872
f 920 928 872
f 872 799 920
f 928 930 873
f 873 872 928
f 873 874 870
f 870 863 873
f 874 875 871
f 871 870 874
f 876 874 873
f 876 873 930
f 876 877 875
f 875 874 876
f 869 878 859
f 859 827 869
f 878 656 859
f 658 878 869
f 658 869 871
f 664 658 871
f 871 875 664
f 875 877 664
f 877 879 664
f 664 879 665
f 819 881 880
f 743 880 881
f 881 839 743
f 834 881 819
f 834 819 770
f 839 881 834
f 880 686 819
f 839 840 743
f 840 744 743
f 840 842 746
f 746 744 840
f 700 746 842
f 882 609 608
f 883 611 609
f 883 609 882
f 884 883 882
f 611 883 885
f 885 613 611
f 885 886 614
f 614 613 885
f 887 885 883
f 885 888 889
f 889 886 885
f 888 885 887
f 884 890 887
f 887 883 884
f 887 890 888
f 891 889 888
f 892 891 888
f 892 888 890
f 894 893 631
f 894 631 632
f 895 894 632
f 895 632 641
f 896 895 641
f 896 641 642
f 893 882 608
f 893 608 631
f 897 882 893
f 897 898 884
f 884 882 897
f 899 897 893
f 899 893 894
f 900 898 897
f 900 897 899
f 901 890 884
f 901 884 898
f 900 902 903
f 903 901 898
f 903 898 900
f 904 903 902
f 905 892 890
f 905 890 901
f 904 912 905
f 905 901 903
f 905 903 904
f 895 906 894
f 899 894 906
f 907 900 899
f 907 899 906
f 896 908 906
f 906 895 896
f 908 909 907
f 907 906 908
f 910 902 900
f 910 900 907
f 910 911 912
f 912 904 910
f 904 902 910
f 913 910 907
f 913 907 909
f 914 911 910
f 914 910 913
f 915 947 924
f 924 917 916
f 916 915 924
f 916 919 918
f 918 919 921
f 918 921 920
f 917 922 919
f 919 916 917
f 923 921 919
f 923 919 922
f 924 925 917
f 925 926 922
f 922 917 925
f 927 923 922
f 927 922 926
f 920 921 929
f 920 929 928
f 930 928 929
f 929 931 930
f 933 929 921
f 933 921 923
f 932 931 929
f 932 929 933
f 933 923 927
f 934 666 665
f 937 670 669
f 934 935 936
f 936 669 666
f 936 666 934
f 937 669 936
f 938 936 935
f 939 937 936
f 939 936 938
f 772 886 942
f 942 940 773
f 773 772 942
f 943 948 942
f 943 942 886
f 941 940 942
f 942 948 941
f 940 944 774
f 944 945 775
f 944 775 774
f 941 946 944
f 944 940 941
f 946 947 945
f 945 944 946
f 774 773 940
f 949 941 948
f 941 950 946
f 951 947 946
f 951 946 950
f 949 952 950
f 950 941 949
f 952 953 951
f 951 950 952
f 886 772 614
f 886 889 943
f 954 948 943
f 954 943 889
f 954 889 891
f 954 955 949
f 949 948 954
f 892 956 954
f 954 891 892
f 957 955 954
f 957 954 956
f 955 958 952
f 952 949 955
f 958 959 953
f 953 952 958
f 960 958 955
f 960 955 957
f 961 959 958
f 961 958 960
f 795 775 945
f 795 945 915
f 916 796 795
f 916 795 915
f 947 915 945
f 918 796 916
f 951 962 924
f 924 947 951
f 962 963 925
f 925 924 962
f 953 964 962
f 962 951 953
f 964 965 963
f 963 962 964
f 925 963 966
f 966 926 925
f 927 926 966
f 927 966 967
f 965 968 966
f 966 963 965
f 969 967 966
f 969 966 968
f 970 964 953
f 970 953 959
f 971 965 964
f 971 964 970
f 972 970 959
f 972 959 961
f 972 973 971
f 971 970 972
f 971 974 968
f 968 965 971
f 974 975 969
f 969 968 974
f 973 976 974
f 974 971 973
f 976 977 975
f 975 974 976
f 978 956 892
f 978 892 905
f 979 957 956
f 979 956 978
f 980 978 905
f 980 905 912
f 981 979 978
f 981 978 980
f 982 960 957
f 982 957 979
f 983 961 960
f 983 960 982
f 984 982 979
f 984 979 981
f 985 983 982
f 985 982 984
f 986 912 911
f 914 987 986
f 986 911 914
f 988 986 987
f 980 912 986
f 989 981 980
f 989 980 986
f 989 986 988
f 990 984 981
f 990 981 989
f 991 985 984
f 991 984 990
f 992 990 989
f 992 989 988
f 993 991 990
f 993 990 992
f 994 972 961
f 994 961 983
f 994 995 973
f 973 972 994
f 996 994 983
f 996 983 985
f 997 995 994
f 997 994 996
f 998 977 976
f 995 998 976
f 976 973 995
f 998 995 997
f 999 997 996
f 991 999 996
f 996 985 991
f 999 991 993
f 1000 998 997
f 1000 997 999
f 930 931 1001
f 1001 876 930
f 1001 1002 877
f 877 876 1001
f 932 1003 1001
f 932 1001 931
f 1004 1002 1001
f 1003 1004 1001
f 1003 1005 1004
f 1006 933 927
f 1006 927 967
f 1007 932 933
f 1007 933 1006
f 969 1008 1006
f 1006 967 969
f 1009 1007 1006
f 1009 1006 1008
f 1003 932 1007
f 1010 1003 1007
f 1010 1007 1009
f 1010 1011 1005
f 1005 1003 1010
f 975 1012 1008
f 1008 969 975
f 1012 1013 1009
f 1009 1008 1012
f 977 1014 1012
f 1012 975 977
f 1014 1015 1013
f 1013 1012 1014
f 1016 1010 1009
f 1016 1009 1013
f 1017 1011 1010
f 1017 1010 1016
f 1015 1018 1016
f 1016 1013 1015
f 1019 1017 1016
f 1019 1016 1018
f 1021 879 877
f 1021 877 1002
f 934 665 879
f 934 879 1021
f 1021 1020 934
f 1021 1002 1004
f 1022 1020 1021
f 1021 1004 1005
f 1005 1025 1021
f 1022 1021 1025
f 1025 1026 1022
f 934 1020 935
f 1022 1024 938
f 1022 938 935
f 935 1020 1022
f 1023 939 938
f 1023 938 1024
f 1022 1026 1024
f 1025 1005 1011
f 1027 1024 1026
f 1028 1023 1024
f 1028 1024 1027
f 1029 1025 1011
f 1029 1011 1017
f 1030 1026 1025
f 1030 1025 1029
f 1031 1029 1017
f 1031 1017 1019
f 1032 1030 1029
f 1032 1029 1031
f 1033 1027 1026
f 1033 1026 1030
f 1034 1028 1027
f 1034 1027 1033
f 1035 1033 1030
f 1035 1030 1032
f 1036 1034 1033
f 1036 1033 1035
f 998 1037 1038
f 1038 1015 1014
f 1038 1014 998
f 1014 977 998
f 1038 1039 1018
f 1018 1015 1038
f 1040 1019 1018
f 1040 1018 1039
f 1041 1039 1038
f 1041 1038 1037
f 1042 1040 1039
f 1042 1039 1041
f 3218 1043 1044
f 1044 1037 998
f 3218 1044 998
f 998 1000 3218
f 1044 1045 1041
f 1041 1037 1044
f 1045 1046 1042
f 1042 1041 1045
f 1043 1047 1045
f 1045 1044 1043
f 1047 1048 1046
f 1046 1045 1047
f 1050 1031 1019
f 1050 1019 1040
f 1051 1032 1031
f 1051 1031 1050
f 1042 1052 1050
f 1050 1040 1042
f 1052 1053 1051
f 1051 1050 1052
f 1054 1035 1032
f 1054 1032 1051
f 1054 1055 1036
f 1036 1035 1054
f 1053 1056 1054
f 1054 1051 1053
f 1049 1055 1054
f 1049 1054 1056
f 1058 1057 1064
f 1046 1059 1052
f 1052 1042 1046
f 1059 1060 1053
f 1053 1052 1059
f 1048 1061 1059
f 1059 1046 1048
f 1061 1062 1060
f 1060 1059 1061
f 1060 1063 1056
f 1056 1053 1060
f 1057 1049 1056
f 1057 1056 1063
f 1062 1064 1063
f 1063 1060 1062
f 1064 1057 1063
f 1069 1068 1070
f 1069 1070 167
f 1069 167 165
f 1068 1080 1071
f 1071 1074 1070
f 1070 1068 1071
f 1078 1075 1074
f 1078 1076 1077
f 1077 1075 1078
f 1080 1073 1078
f 1078 1071 1080
f 1078 1074 1071
f 1078 1073 1072
f 1072 1076 1078
f 181 1081 1079
f 1081 1082 1080
f 1080 1079 1081
f 1272 1081 185
f 1272 185 184
f 1081 181 185
f 1274 1082 1081
f 1274 1081 1272
f 1069 165 181
f 1069 181 1079
f 1069 1079 1068
f 1080 1068 1079
f 1084 1073 1080
f 1084 1080 1082
f 1084 1083 1072
f 1084 1072 1073
f 1278 1084 1082
f 1278 1082 1274
f 1280 1083 1084
f 1278 1280 1084
f 1087 1066 1077
f 1077 1076 1087
f 1088 1089 1087
f 1065 1066 1087
f 1087 1089 1065
f 1087 1076 1072
f 1072 1085 1087
f 1088 1087 1085
f 1085 1086 1088
f 1091 1089 1088
f 1067 1065 1089
f 1089 1091 1067
f 1093 1067 1092
f 1067 1091 1092
f 1091 1088 1086
f 1086 1090 1091
f 1094 1092 1091
f 1094 1091 1090
f 1085 1072 1083
f 1083 1095 1085
f 1095 1097 1086
f 1095 1086 1085
f 1291 1095 1083
f 1291 1083 1280
f 1096 1097 1095
f 1291 1096 1095
f 1098 1090 1086
f 1098 1086 1097
f 1098 1099 1100
f 1100 1090 1098
f 1096 1101 1102
f 1102 1097 1096
f 1097 1102 1098
f 1103 1102 1101
f 1099 1098 1102
f 1102 1103 1099
f 1090 1100 1094
f 1105 1104 1113
f 1113 1106 1105
f 1167 1107 1104
f 1109 1108 1110
f 1167 1109 1110
f 1110 1107 1167
f 1111 1137 1112
f 1104 1107 1114
f 1114 1113 1104
f 1114 1111 1106
f 1106 1113 1114
f 1110 1137 1114
f 1114 1107 1110
f 1137 1111 1114
f 192 1117 1115
f 1115 193 192
f 1116 1118 1117
f 1115 1117 1118
f 1118 1119 1115
f 1116 1121 1122
f 1122 1118 1116
f 1122 1123 1119
f 1119 1118 1122
f 1122 1121 1120
f 1120 1124 1122
f 1124 1125 1123
f 1123 1122 1124
f 201 1105 1106
f 1106 1129 201
f 1129 1126 1128
f 1128 1127 201
f 201 1129 1128
f 204 1127 1128
f 1128 1117 204
f 1117 192 204
f 1116 1117 1128
f 1128 1126 1116
f 1129 1111 1130
f 1130 1121 1126
f 1126 1129 1130
f 1112 1131 1130
f 1130 1111 1112
f 1120 1121 1130
f 1130 1131 1120
f 1129 1106 1111
f 1121 1116 1126
f 1108 1066 1132
f 1132 1133 1110
f 1110 1108 1132
f 1066 1065 1134
f 1066 1134 1132
f 1134 1135 1133
f 1133 1132 1134
f 1136 1138 1137
f 1112 1137 1138
f 1138 1139 1112
f 1136 1135 1140
f 1140 1138 1136
f 1140 1141 1139
f 1139 1138 1140
f 1136 1137 1110
f 1110 1133 1136
f 1135 1136 1133
f 1142 1134 1065
f 1142 1065 1067
f 1143 1135 1134
f 1143 1134 1142
f 1067 1093 1144
f 1144 1142 1067
f 1145 1143 1142
f 1145 1142 1144
f 1143 1146 1140
f 1143 1140 1135
f 1147 1141 1140
f 1147 1140 1146
f 1225 1146 1143
f 1148 1147 1146
f 1148 1146 1225
f 1143 1145 1225
f 1120 1156 1149
f 1150 1154 1149
f 1150 1149 1156
f 1151 1124 1120
f 1151 1120 1149
f 1152 1125 1124
f 1152 1124 1151
f 1153 1151 1149
f 1153 1149 1154
f 1155 1152 1151
f 1155 1151 1153
f 1154 1161 1153
f 1155 1153 1161
f 1139 1156 1131
f 1131 1112 1139
f 1156 1120 1131
f 1141 1157 1156
f 1156 1139 1141
f 1156 1157 1150
f 1158 1157 1141
f 1158 1141 1147
f 1150 1157 1158
f 1154 1150 1158
f 1158 1159 1154
f 1160 1158 1147
f 1160 1147 1148
f 1230 1159 1158
f 1230 1158 1160
f 1161 1154 1159
f 1161 1418 1155
f 1161 1159 1230
f 1161 1230 1162
f 1418 1161 1162
f 1418 1162 1163
f 232 1164 1165
f 1164 1074 1166
f 1166 1104 1165
f 1165 1164 1166
f 235 167 1070
f 235 1070 1164
f 232 235 1164
f 1074 1164 1070
f 1165 1105 201
f 201 232 1165
f 1104 1105 1165
f 1166 1074 1075
f 1075 1167 1166
f 1104 1166 1167
f 1109 1167 1075
f 1108 1109 1075
f 1075 1077 1108
f 1066 1108 1077
f 853 653 1170
f 853 1170 1169
f 1169 1170 1172
f 1169 1172 1171
f 655 1173 1170
f 1170 653 655
f 1173 1174 1172
f 1172 1170 1173
f 1175 1171 1172
f 1172 1176 1175
f 1175 1176 1177
f 1175 1177 1187
f 1178 1176 1172
f 1178 1172 1174
f 1179 1177 1176
f 1179 1176 1178
f 1180 1093 1092
f 1181 1092 1094
f 1092 1181 1180
f 1182 1183 1180
f 1181 1182 1180
f 1184 1183 1182
f 1185 1100 1099
f 1099 1103 1186
f 1099 1186 1185
f 1186 1187 1188
f 1186 1188 1189
f 1186 1189 1185
f 1181 1094 1100
f 1100 1185 1181
f 1189 1190 1181
f 1185 1189 1181
f 1181 1190 1182
f 1177 1191 1187
f 1191 1188 1187
f 1191 1192 1189
f 1189 1188 1191
f 1179 1193 1191
f 1191 1177 1179
f 1193 1194 1192
f 1192 1191 1193
f 1195 1190 1189
f 1184 1182 1190
f 1190 1195 1196
f 1190 1196 1184
f 1198 1197 1196
f 1196 1195 1198
f 1189 1192 1195
f 1195 1192 1194
f 1198 1195 1194
f 667 1200 1199
f 1199 1200 1202
f 1199 1202 1201
f 661 1199 1173
f 1173 655 661
f 1199 1201 1174
f 1174 1173 1199
f 667 1199 661
f 1203 1201 1202
f 1202 1204 1203
f 1203 1178 1174
f 1203 1174 1201
f 1205 1179 1178
f 1205 1178 1203
f 1204 1206 1205
f 1203 1204 1205
f 667 668 1207
f 667 1207 1200
f 1207 1208 1202
f 1202 1200 1207
f 670 1209 1207
f 1207 668 670
f 1209 1469 1208
f 1208 1207 1209
f 1211 1204 1202
f 1211 1202 1208
f 1210 1211 1208
f 1208 1469 1210
f 1204 1211 1212
f 1212 1206 1204
f 1210 1213 1211
f 1212 1211 1213
f 1212 1213 1325
f 1214 1193 1179
f 1214 1179 1205
f 1214 1215 1194
f 1194 1193 1214
f 1206 1216 1214
f 1214 1205 1206
f 1216 1217 1215
f 1215 1214 1216
f 1218 1198 1194
f 1218 1194 1215
f 1197 1198 1218
f 1197 1218 1220
f 1218 1215 1217
f 1218 1217 1219
f 1220 1218 1219
f 1212 1221 1216
f 1216 1206 1212
f 1222 1217 1216
f 1221 1222 1216
f 1221 1212 1325
f 1219 1217 1222
f 1223 1144 1093
f 1224 1145 1144
f 1224 1144 1223
f 1223 1236 1224
f 1225 1227 1148
f 1145 1224 1226
f 1145 1226 1225
f 1227 1225 1226
f 1228 1226 1224
f 1228 1224 1236
f 1227 1226 1229
f 1226 1228 1229
f 1231 1160 1148
f 1231 1148 1227
f 1230 1160 1231
f 1231 1233 1230
f 1232 1231 1227
f 1232 1227 1229
f 1233 1231 1232
f 1234 1162 1230
f 1233 1234 1230
f 1163 1162 1234
f 1093 1180 1223
f 1235 1223 1180
f 1236 1223 1235
f 1180 1183 1235
f 1237 1236 1235
f 1184 1238 1235
f 1235 1183 1184
f 1235 1238 1239
f 1235 1239 1237
f 1240 1228 1236
f 1240 1236 1237
f 1240 1241 1229
f 1229 1228 1240
f 1240 1237 1239
f 1239 1244 1240
f 1242 1243 1241
f 1241 1240 1244
f 1241 1244 1242
f 1184 1196 1238
f 1245 1238 1196
f 1196 1197 1245
f 1245 1246 1239
f 1239 1238 1245
f 1243 1242 1248
f 1247 1244 1239
f 1247 1239 1246
f 1247 1248 1242
f 1242 1244 1247
f 1249 1250 1247
f 1247 1246 1249
f 1247 1251 1248
f 1251 1247 1250
f 1229 1252 1232
f 1253 1233 1232
f 1253 1232 1252
f 1254 1255 1253
f 1253 1252 1254
f 1234 1233 1256
f 1168 1163 1234
f 1168 1234 1256
f 1253 1256 1233
f 1258 1168 1256
f 1258 1256 1257
f 1255 1257 1256
f 1256 1253 1255
f 1252 1229 1241
f 1259 1252 1241
f 1259 1241 1243
f 1259 1254 1252
f 1260 1261 1255
f 1255 1254 1260
f 1261 1260 1262
f 1263 1258 1257
f 1263 1257 1264
f 1261 1264 1257
f 1257 1255 1261
f 1264 1265 1263
f 1265 1264 1266
f 1262 1266 1264
f 1264 1261 1262
f 1267 1259 1243
f 1267 1243 1248
f 1267 1260 1254
f 1254 1259 1267
f 1251 1268 1267
f 1267 1248 1251
f 1268 1262 1260
f 1260 1267 1268
f 1245 1197 1220
f 1245 1220 1269
f 1269 1270 1246
f 1246 1245 1269
f 1249 1246 1270
f 1271 1272 344
f 1271 344 343
f 1273 1274 1272
f 1273 1272 1271
f 1271 343 347
f 347 1275 1271
f 1273 1271 1275
f 1275 1276 1273
f 1277 1278 1274
f 1277 1274 1273
f 1277 1279 1280
f 1280 1278 1277
f 1277 1273 1276
f 1276 1281 1277
f 1277 1281 1282
f 1277 1282 1279
f 1284 1275 347
f 1284 347 357
f 1285 1276 1275
f 1285 1275 1284
f 1284 357 355
f 355 1283 1284
f 1285 1284 1283
f 1283 1286 1285
f 1288 1281 1276
f 1288 1276 1285
f 1288 1289 1282
f 1282 1281 1288
f 1286 1315 1288
f 1286 1288 1285
f 1287 1289 1288
f 1287 1288 1315
f 1272 184 344
f 1279 1290 1291
f 1291 1280 1279
f 1290 1292 1293
f 1293 1291 1290
f 1279 1282 1294
f 1279 1294 1290
f 1294 1295 1296
f 1290 1294 1296
f 1290 1296 1292
f 699 1299 1298
f 1298 1299 1321
f 1297 1298 1321
f 1292 1300 1301
f 1301 1293 1292
f 1300 1302 1303
f 1303 1301 1300
f 1295 1297 1304
f 1304 1296 1295
f 1292 1296 1304
f 1292 1304 1300
f 1304 1297 1321
f 1304 1321 1302
f 1300 1304 1302
f 1306 1307 1287
f 1306 1308 1305
f 1305 1307 1306
f 1289 1309 1294
f 1294 1282 1289
f 1309 1305 1295
f 1295 1294 1309
f 1289 1287 1307
f 1289 1307 1309
f 1309 1307 1305
f 1310 1312 1311
f 1305 1311 1312
f 1312 1297 1305
f 1310 699 1298
f 1298 1312 1310
f 1297 1312 1298
f 705 1310 1311
f 705 1311 1308
f 1305 1308 1311
f 1295 1305 1297
f 1291 1293 1096
f 1096 1293 1301
f 1096 1301 1101
f 1101 1301 1303
f 1101 1303 1103
f 355 383 1313
f 355 1313 1283
f 1286 1283 1314
f 1283 1313 1314
f 383 12 727
f 383 727 1313
f 1314 1313 727
f 1314 727 729
f 1316 1315 1286
f 1314 1316 1286
f 1316 1318 1287
f 1287 1315 1316
f 1316 1314 729
f 1316 729 732
f 734 1318 1316
f 1316 732 734
f 1318 1317 1306
f 1318 1306 1287
f 759 1308 1317
f 1306 1317 1308
f 1318 734 762
f 1318 762 1317
f 1317 762 759
f 1308 759 705
f 851 1320 1319
f 1319 1320 1322
f 1319 1322 1321
f 853 1169 1320
f 1320 851 853
f 1169 1171 1322
f 1322 1320 1169
f 851 1319 1299
f 1299 699 851
f 1321 1299 1319
f 1321 1322 1323
f 1302 1321 1323
f 1323 1324 1303
f 1303 1302 1323
f 1171 1175 1323
f 1323 1322 1171
f 1175 1187 1324
f 1324 1323 1175
f 1103 1303 1324
f 1103 1324 1186
f 1187 1186 1324
f 1220 1219 1326
f 1221 1328 1222
f 1221 1325 1329
f 1329 1328 1221
f 1331 1328 1329
f 1331 1329 1330
f 1332 1219 1222
f 1332 1222 1328
f 1326 1219 1332
f 1333 1334 1332
f 1332 1328 1333
f 1327 1326 1332
f 1327 1332 1334
f 1331 1333 1328
f 1335 1336 1331
f 1331 1330 1335
f 1337 1338 1336
f 1336 1335 1337
f 1340 1334 1333
f 1340 1333 1339
f 1341 1327 1334
f 1341 1334 1340
f 1336 1339 1333
f 1333 1331 1336
f 1342 1340 1339
f 1342 1339 1338
f 1342 1343 1341
f 1341 1340 1342
f 1338 1339 1336
f 1345 1338 1337
f 1499 1345 1337
f 1346 1343 1342
f 1345 1346 1342
f 1342 1338 1345
f 1344 1347 1345
f 1345 1499 1344
f 1347 1348 1346
f 1346 1345 1347
f 1250 1249 1349
f 1350 1251 1250
f 1350 1250 1349
f 1351 1352 1350
f 1350 1349 1351
f 1352 1351 1353
f 1355 1265 1266
f 1354 1355 1266
f 1266 1262 1354
f 1355 1354 1356
f 1350 1356 1354
f 1354 1262 1268
f 1354 1268 1350
f 1268 1251 1350
f 1356 1350 1352
f 1357 1358 1355
f 1355 1356 1357
f 1359 1356 1352
f 1359 1352 1353
f 1359 1357 1356
f 1360 1361 1270
f 1270 1269 1360
f 1361 1360 1362
f 1326 1362 1360
f 1360 1269 1220
f 1360 1220 1326
f 1363 1364 1361
f 1361 1362 1363
f 1327 1365 1362
f 1362 1326 1327
f 1365 1363 1362
f 1361 1349 1249
f 1249 1270 1361
f 1351 1349 1361
f 1351 1361 1364
f 1364 1363 1366
f 1341 1367 1365
f 1365 1327 1341
f 1367 1366 1363
f 1363 1365 1367
f 1369 1367 1341
f 1369 1341 1343
f 1369 1368 1366
f 1366 1367 1369
f 1366 1353 1351
f 1351 1364 1366
f 1353 1366 1368
f 1358 1357 1371
f 1370 1373 1359
f 1359 1353 1370
f 1373 1370 1372
f 1373 1371 1357
f 1357 1359 1373
f 1375 1376 1373
f 1373 1372 1375
f 1376 1377 1374
f 1374 1371 1373
f 1374 1373 1376
f 1378 1368 1369
f 1346 1378 1369
f 1369 1343 1346
f 1378 1379 1370
f 1370 1353 1368
f 1370 1368 1378
f 1348 1380 1378
f 1378 1346 1348
f 1381 1379 1378
f 1381 1378 1380
f 1372 1370 1379
f 1381 1375 1372
f 1372 1379 1381
f 453 1382 1383
f 1383 1384 454
f 454 453 1383
f 1382 1119 1385
f 1385 1383 1382
f 1385 1386 1384
f 1384 1383 1385
f 1382 453 193
f 193 1115 1382
f 1119 1382 1115
f 1387 458 454
f 1387 454 1384
f 1388 1387 1384
f 1388 1384 1386
f 1389 460 458
f 1389 458 1387
f 1390 1389 1387
f 1387 1388 1390
f 1119 1123 1391
f 1391 1385 1119
f 1392 1386 1385
f 1392 1385 1391
f 1125 1408 1391
f 1125 1391 1123
f 1394 1392 1391
f 1393 1394 1391
f 1391 1408 1393
f 1395 1388 1386
f 1386 1392 1395
f 1395 1392 1394
f 1395 1396 1388
f 1390 1388 1396
f 1390 1396 1397
f 1399 1396 1395
f 1399 1395 1394
f 1398 1399 1394
f 1397 1396 1399
f 1390 1400 1389
f 1401 1400 1390
f 1390 1397 1401
f 1398 1402 1399
f 1401 1397 1399
f 1401 1399 1402
f 1401 1404 1400
f 1404 1401 1403
f 1405 1403 1401
f 1401 1402 1405
f 466 460 1389
f 1406 466 1389
f 1406 1389 1400
f 1407 468 466
f 466 1406 1407
f 1407 1406 1400
f 1407 1400 1404
f 1408 1125 1152
f 1152 1409 1408
f 1393 1408 1409
f 1409 1410 1394
f 1409 1394 1393
f 1409 1152 1411
f 1152 1155 1411
f 1410 1409 1411
f 1398 1394 1410
f 1413 1410 1411
f 1412 1413 1411
f 1414 1413 1412
f 1415 1402 1398
f 1398 1410 1415
f 1415 1410 1413
f 1417 1402 1415
f 1417 1415 1416
f 1405 1402 1417
f 1416 1415 1413
f 1416 1413 1414
f 1419 1411 1155
f 1419 1155 1418
f 1412 1411 1419
f 1419 1418 1420
f 1414 1412 1419
f 1414 1419 1420
f 1163 1420 1418
f 1422 1404 1403
f 1421 1422 1403
f 1403 1405 1421
f 1421 1424 1422
f 1424 1421 1423
f 1423 1425 1424
f 1426 491 468
f 468 1407 1426
f 1427 1426 1407
f 1407 1404 1427
f 1426 1428 491
f 494 491 1428
f 1429 1428 1426
f 1426 1427 1429
f 1427 1404 1422
f 1424 1429 1427
f 1427 1422 1424
f 497 494 1428
f 1430 497 1428
f 1428 1429 1430
f 1430 1429 1424
f 1425 1430 1424
f 1430 1425 1438
f 1432 1417 1416
f 1421 1405 1417
f 1421 1417 1432
f 1431 1432 1416
f 1416 1414 1431
f 1423 1421 1432
f 1423 1432 1433
f 1435 1433 1432
f 1432 1431 1435
f 1434 1431 1414
f 1414 1420 1434
f 1434 1420 1163
f 1434 1163 1168
f 1435 1431 1434
f 1435 1434 1436
f 1436 1434 1168
f 1436 1168 1258
f 1433 1438 1425
f 1425 1423 1433
f 1437 1438 1433
f 1433 1435 1437
f 1440 1435 1436
f 1439 1440 1436
f 1436 1258 1439
f 1437 1435 1440
f 1263 1439 1258
f 1439 1263 1265
f 1430 1441 497
f 578 497 1441
f 1442 1441 1430
f 1430 1438 1442
f 1443 581 578
f 578 1441 1443
f 581 1443 1444
f 1445 1446 1443
f 1443 1441 1442
f 1443 1442 1445
f 1444 1443 1446
f 1448 1438 1437
f 1448 1437 1447
f 1449 1450 1440
f 1440 1439 1449
f 1447 1437 1440
f 1447 1440 1450
f 1452 1448 1447
f 1452 1447 1451
f 1453 1454 1450
f 1450 1449 1453
f 1451 1447 1450
f 1451 1450 1454
f 1442 1438 1448
f 1445 1442 1448
f 1445 1448 1452
f 1455 583 581
f 581 1444 1455
f 1457 1446 1445
f 1457 1445 1456
f 1455 1444 1446
f 1455 1446 1457
f 1455 1459 585
f 585 583 1455
f 1459 1455 1458
f 1456 1460 1457
f 1460 1458 1455
f 1455 1457 1460
f 1458 1460 1461
f 1451 1462 1452
f 1453 1463 1454
f 1463 1462 1451
f 1451 1454 1463
f 1462 1463 1467
f 1465 1462 1467
f 1465 1467 1464
f 1462 1456 1445
f 1445 1452 1462
f 1466 1461 1460
f 1460 1456 1462
f 1460 1462 1466
f 1466 1462 1465
f 602 585 1459
f 1355 1449 1439
f 1439 1265 1355
f 1358 1453 1449
f 1449 1355 1358
f 1371 1467 1463
f 1463 1453 1358
f 1463 1358 1371
f 3577 3576 1467
f 1467 1371 1374
f 1467 1374 3577
f 1374 1468 3577
f 1467 3576 1464
f 1468 1374 1377
f 1470 1209 670
f 1470 670 937
f 1469 1209 1470
f 1470 1472 1469
f 1471 1470 937
f 1471 937 939
f 1472 1470 1471
f 1474 1213 1210
f 1473 1474 1210
f 1210 1469 1472
f 1210 1472 1473
f 1325 1213 1474
f 1023 1475 1471
f 1471 939 1023
f 1476 1472 1471
f 1476 1471 1475
f 1475 1023 1477
f 1478 1476 1475
f 1478 1475 1477
f 1480 1474 1473
f 1479 1325 1474
f 1479 1474 1480
f 1476 1480 1473
f 1473 1472 1476
f 1482 1481 1479
f 1479 1480 1482
f 1476 1482 1480
f 1482 1476 1478
f 1028 1477 1023
f 1483 1484 1478
f 1478 1477 1483
f 1485 1483 1036
f 1485 1486 1484
f 1484 1483 1485
f 1487 1481 1482
f 1487 1482 1488
f 1484 1488 1482
f 1482 1478 1484
f 1489 1490 1487
f 1487 1488 1489
f 1489 1488 1484
f 1489 1484 1486
f 1483 1477 1028
f 1483 1028 1034
f 1036 1483 1034
f 1329 1325 1479
f 1481 1330 1329
f 1329 1479 1481
f 1335 1330 1481
f 1335 1481 1487
f 1337 1335 1487
f 1337 1487 1490
f 1491 1485 1036
f 1491 1036 1055
f 1491 1492 1486
f 1486 1485 1491
f 1493 1491 1055
f 1493 1055 1049
f 1493 1494 1492
f 1492 1491 1493
f 1495 1496 1490
f 1490 1489 1495
f 1495 1489 1486
f 1495 1486 1492
f 1498 1495 1497
f 1498 1499 1496
f 1496 1495 1498
f 1497 1495 1492
f 1497 1492 1494
f 1057 1500 1493
f 1493 1049 1057
f 1500 1502 1494
f 1494 1493 1500
f 1058 1503 1500
f 1500 1057 1058
f 1503 1501 1502
f 1502 1500 1503
f 1504 1498 1497
f 1504 1497 1502
f 1504 1505 1499
f 1499 1498 1504
f 1502 1497 1494
f 1501 1506 1504
f 1504 1502 1501
f 1344 1505 1504
f 1344 1504 1506
f 1496 1499 1337
f 1337 1490 1496
f 1505 1344 1499
f 1510 1512 1511
f 1585 1513 1510
f 1510 1511 1585
f 1516 1515 1513
f 1516 1513 1585
f 1516 1585 1514
f 1517 1 1520
f 1518 1520 1519
f 1520 1521 1517
f 1521 1520 1518
f 1524 1522 1523
f 1525 1518 1519
f 1525 1519 1522
f 1526 1521 1525
f 1525 1521 1518
f 1527 1525 1522
f 1527 1522 1524
f 1527 1528 1526
f 1526 1525 1527
f 1532 1531 3
f 1531 1530 5
f 5 6 1531
f 6 3 1531
f 1533 1531 1532
f 1533 1532 1547
f 1533 1529 1530
f 1530 1531 1533
f 1536 1538 1529
f 1540 1537 1538
f 1538 1536 1540
f 1539 1533 1547
f 1539 1547 1535
f 1539 1536 1529
f 1529 1533 1539
f 1541 1540 1539
f 1535 1541 1539
f 1541 1535 1534
f 1536 1539 1540
f 1542 1544 1543
f 14 1543 1544
f 1543 14 1546
f 1548 1547 1542
f 1542 1543 1548
f 1546 1548 1543
f 1548 1546 1545
f 1517 1546 20
f 20 1 1517
f 14 20 1546
f 1517 1545 1546
f 1545 1517 1521
f 1542 1532 3
f 3 1544 1542
f 1532 1542 1547
f 1550 1549 1545
f 1551 1535 1547
f 1547 1548 1551
f 1549 1551 1548
f 1548 1545 1549
f 1552 1549 1550
f 1552 1550 1528
f 1551 1534 1535
f 1534 1551 1552
f 1551 1549 1552
f 1526 1550 1545
f 1545 1521 1526
f 1528 1550 1526
f 1553 1523 1978
f 1553 1554 1524
f 1524 1523 1553
f 1507 1555 1553
f 1553 1978 1507
f 1555 1563 1554
f 1554 1553 1555
f 1557 1556 1558
f 1559 1527 1554
f 1554 1527 1524
f 1556 1528 1527
f 1556 1527 1559
f 1560 1559 1554
f 1560 1554 1563
f 1558 1556 1559
f 1558 1559 1560
f 1508 1561 1555
f 1555 1507 1508
f 1555 1562 1563
f 1562 1555 1561
f 1509 1564 1561
f 1561 1508 1509
f 1565 1562 1561
f 1565 1561 1564
f 1566 1557 1558
f 1566 1558 1568
f 1569 1567 1566
f 1566 1568 1569
f 1562 1568 1560
f 1560 1563 1562
f 1568 1558 1560
f 1565 1569 1568
f 1568 1562 1565
f 1571 1570 1534
f 1573 1572 1570
f 1570 1571 1573
f 1576 1512 1537
f 1575 1576 1537
f 1537 1540 1575
f 1576 1575 1574
f 1577 1587 1574
f 1576 1511 1512
f 1511 1576 1587
f 1576 1574 1587
f 1570 1574 1575
f 1575 1540 1541
f 1575 1541 1570
f 1541 1534 1570
f 1577 1574 1570
f 1577 1570 1572
f 1578 1580 1579
f 1581 1580 1572
f 1581 1572 1573
f 1581 1573 1584
f 1582 1584 1583
f 1581 1579 1580
f 1579 1581 1582
f 1581 1584 1582
f 1585 1587 1586
f 1577 1586 1587
f 1586 1577 1580
f 1511 1587 1585
f 1514 1585 1586
f 1514 1586 1578
f 1586 1580 1578
f 1577 1572 1580
f 1588 1552 1528
f 1588 1528 1556
f 1588 1571 1534
f 1534 1552 1588
f 1590 1589 1588
f 1590 1588 1556
f 1590 1556 1557
f 1589 1573 1571
f 1571 1588 1589
f 1591 1584 1589
f 1589 1590 1591
f 1566 1591 1590
f 1590 1557 1566
f 1573 1589 1584
f 1591 1583 1584
f 1583 1591 1567
f 1591 1566 1567
f 1592 1509 1593
f 1592 1593 1594
f 1596 1595 1514
f 1595 1597 1515
f 1515 1516 1595
f 1516 1514 1595
f 1599 1598 1595
f 1595 1596 1599
f 1600 1597 1595
f 1600 1595 1598
f 1601 1598 1599
f 1601 1599 1602
f 1603 1600 1598
f 1603 1598 1601
f 1604 1601 1602
f 1603 1601 1605
f 1604 1605 1601
f 1604 1606 1605
f 1592 1607 1564
f 1564 1509 1592
f 1608 1565 1609
f 1609 1565 1564
f 1609 1564 1607
f 1610 1607 1592
f 1610 1592 1594
f 1608 1609 1611
f 1610 1611 1609
f 1609 1607 1610
f 1612 1567 1569
f 1612 1569 1614
f 1615 1613 1612
f 1612 1614 1615
f 1608 1614 1569
f 1569 1565 1608
f 1615 1614 1608
f 1615 1608 1611
f 1610 1594 1616
f 1617 1611 1610
f 1617 1610 1616
f 1617 1616 1618
f 1619 1613 1615
f 1619 1615 1620
f 1620 1621 1619
f 1617 1622 1615
f 1615 1611 1617
f 1622 1620 1615
f 1617 1623 1622
f 1623 1617 1618
f 1621 1620 1622
f 1623 1621 1622
f 1624 1578 1579
f 1624 1579 1625
f 1627 1626 1624
f 1627 1624 1625
f 1627 1625 1628
f 1630 1629 1582
f 1582 1583 1630
f 1629 1625 1579
f 1579 1582 1629
f 1631 1629 1630
f 1631 1630 1632
f 1631 1628 1625
f 1625 1629 1631
f 1624 1596 1514
f 1514 1578 1624
f 1626 1599 1596
f 1596 1624 1626
f 1633 1626 1627
f 1634 1633 1627
f 1627 1628 1634
f 1634 1636 1635
f 1635 1633 1634
f 1636 1634 1637
f 1639 1638 1631
f 1631 1632 1639
f 1634 1628 1631
f 1634 1631 1638
f 1639 1641 1638
f 1640 1637 1634
f 1634 1638 1640
f 1640 1638 1641
f 1602 1599 1626
f 1602 1626 1633
f 1635 1604 1602
f 1602 1633 1635
f 1604 1635 1636
f 1630 1583 1567
f 1630 1567 1612
f 1612 1632 1630
f 1632 1612 1613
f 1619 1639 1632
f 1632 1613 1619
f 1642 1641 1639
f 1639 1619 1642
f 1642 1619 1621
f 1618 1643 1623
f 1623 1661 1621
f 1643 1661 1623
f 1643 1644 1661
f 1640 1645 1637
f 1645 1640 1641
f 1645 1641 1646
f 1636 1647 1604
f 1648 1647 1636
f 1636 1637 1648
f 1606 1604 1647
f 1647 1648 1649
f 1606 1647 1650
f 1649 1651 1650
f 1650 1647 1649
f 1651 1649 1652
f 1648 1637 1645
f 1648 1645 1653
f 1653 1649 1648
f 1645 1654 1653
f 1654 1645 1646
f 1653 1652 1649
f 1652 1653 1655
f 1653 1654 1656
f 1656 1655 1653
f 1642 1657 1641
f 1621 1658 1657
f 1657 1642 1621
f 1659 1646 1641
f 1641 1657 1659
f 1659 1657 1658
f 1646 1659 1660
f 1659 1658 1664
f 1664 1660 1659
f 1621 1661 1658
f 1658 1661 1662
f 1644 1663 1662
f 1644 1662 1661
f 1664 1658 1662
f 1664 1662 1665
f 1665 1662 1663
f 1666 1654 1646
f 1646 1660 1666
f 1664 1666 1660
f 1665 1663 1667
f 1666 1664 1668
f 1656 1654 1666
f 1656 1666 1669
f 1669 1666 1668
f 1669 1668 1671
f 1664 1665 1670
f 1664 1670 1668
f 1670 1665 1667
f 1670 1667 1673
f 1671 1668 1670
f 1671 1670 1672
f 1673 1672 1670
f 1672 1673 1674
f 1677 1675 1678
f 1679 1677 1678
f 1679 1678 1702
f 1682 1681 1680
f 1683 1685 1684
f 1686 1680 32
f 1683 1686 32
f 32 33 1685
f 32 1685 1683
f 1688 1687 1683
f 1683 1684 1688
f 1682 1680 1686
f 1682 1686 1687
f 1683 1687 1686
f 1680 1689 37
f 37 38 1680
f 1690 40 1689
f 37 1689 40
f 1691 1689 1692
f 1681 1692 1689
f 1689 1680 1681
f 1691 1675 1676
f 1691 1676 1690
f 1690 1689 1691
f 32 1680 38
f 1694 1693 1681
f 1681 1682 1694
f 1696 1695 1693
f 1693 1694 1696
f 1697 1687 1688
f 1697 1688 1698
f 1697 1694 1682
f 1682 1687 1697
f 1700 1699 1697
f 1697 1698 1700
f 1696 1694 1697
f 1696 1697 1699
f 1701 1691 1692
f 1701 1692 1693
f 1693 1692 1681
f 1678 1675 1691
f 1678 1691 1701
f 1695 1702 1701
f 1701 1693 1695
f 1702 1678 1701
f 1715 1703 1679
f 1679 1702 1715
f 1705 1704 1703
f 1703 1715 1705
f 1704 1705 1706
f 1708 1695 1696
f 1708 1696 1709
f 1710 1708 1709
f 1711 1712 1699
f 1699 1700 1711
f 1709 1696 1699
f 1709 1699 1712
f 1711 1713 1712
f 1713 1711 1714
f 1712 1710 1709
f 1710 1712 1713
f 1708 1715 1702
f 1702 1695 1708
f 1717 1716 1715
f 1715 1708 1717
f 1717 1708 1710
f 1716 1705 1715
f 1714 1719 1713
f 1720 1718 1710
f 1710 1713 1720
f 1720 1713 1719
f 1793 1718 1720
f 1721 1793 1720
f 1720 1719 1721
f 1722 1716 1717
f 1722 1717 1710
f 1722 1710 1718
f 1706 1705 1716
f 1706 1716 1722
f 1724 1726 1723
f 1723 1722 1718
f 1723 1718 1724
f 1726 1725 1707
f 1707 1706 1722
f 1707 1722 1723
f 1707 1723 1726
f 1724 1718 1793
f 1728 1755 1729
f 1732 1730 1727
f 1727 1728 1732
f 1732 1728 1729
f 1732 1729 1733
f 1735 1734 1731
f 1731 1730 1732
f 1731 1732 1735
f 1735 1732 1733
f 1735 1733 1736
f 1737 1729 1755
f 1755 1758 1737
f 1737 1758 1759
f 1737 1759 1738
f 1738 1759 1739
f 1733 1729 1737
f 1733 1737 1741
f 1742 1741 1737
f 1737 1738 1742
f 1736 1733 1741
f 1736 1741 1743
f 1743 1741 1742
f 1743 1742 1744
f 1745 1742 1738
f 1738 1739 1745
f 1745 1739 1740
f 1745 1740 1747
f 1745 1747 1746
f 1748 1744 1742
f 1742 1745 1748
f 1749 1748 1745
f 1745 1746 1749
f 1750 1684 1685
f 1685 75 1750
f 75 76 1750
f 1750 76 77
f 1750 77 1751
f 75 1685 33
f 1688 1684 1750
f 1688 1750 1752
f 1752 1750 1751
f 1752 1751 1753
f 1751 77 81
f 1751 81 1754
f 1754 81 82
f 1754 82 1755
f 1727 1753 1751
f 1751 1754 1728
f 1751 1728 1727
f 1755 1728 1754
f 1698 1688 1752
f 1698 1752 1756
f 1730 1756 1752
f 1752 1753 1730
f 1757 1700 1698
f 1698 1756 1757
f 1731 1757 1756
f 1756 1730 1731
f 1757 1731 1734
f 1727 1730 1753
f 1755 82 95
f 1755 95 1758
f 1759 1758 95
f 95 96 1759
f 1760 1759 96
f 96 100 1760
f 1761 1760 100
f 100 101 1761
f 1760 1739 1759
f 1761 1740 1739
f 1739 1760 1761
f 1740 1761 1747
f 1763 1734 1735
f 1762 1763 1735
f 1735 1736 1762
f 1762 1766 1763
f 1764 1762 1736
f 1736 1743 1764
f 1765 1764 1743
f 1743 1744 1765
f 1766 1762 1764
f 1766 1764 1767
f 1768 1767 1764
f 1764 1765 1768
f 1765 1744 1748
f 1765 1748 1769
f 1769 1748 1749
f 1769 1749 1770
f 1768 1765 1769
f 1768 1769 1771
f 1771 1769 1770
f 1771 1770 1871
f 1772 1711 1700
f 1700 1757 1772
f 1773 1772 1757
f 1757 1734 1773
f 1774 1714 1711
f 1711 1772 1774
f 1775 1774 1772
f 1772 1773 1775
f 1773 1734 1763
f 1775 1773 1763
f 1775 1763 1776
f 1776 1763 1766
f 1777 1719 1714
f 1714 1774 1777
f 1778 1777 1774
f 1774 1775 1778
f 1777 1779 1719
f 1780 1779 1777
f 1780 1777 1778
f 1721 1719 1779
f 1781 1778 1775
f 1775 1776 1781
f 1782 1781 1776
f 1776 1766 1782
f 1783 1780 1778
f 1778 1781 1783
f 1784 1783 1781
f 1781 1782 1784
f 1782 1766 1767
f 1782 1767 1785
f 1785 1767 1768
f 1785 1768 1786
f 1787 1784 1782
f 1782 1785 1787
f 1788 1787 1785
f 1785 1786 1788
f 1789 1786 1768
f 1768 1771 1789
f 1790 1789 1771
f 1771 1871 1790
f 1788 1786 1789
f 1788 1789 1791
f 1791 1789 1790
f 1791 1790 1792
f 1721 1794 1793
f 1796 1726 1724
f 1795 1725 1726
f 1795 1726 1796
f 1799 1798 1797
f 1797 1795 1799
f 1795 1796 1799
f 1800 1796 1724
f 1724 1793 1800
f 1800 1793 1794
f 1800 1801 1796
f 1802 1801 1800
f 1800 1794 1802
f 1799 1796 1801
f 1799 1803 1798
f 1801 1804 1803
f 1801 1803 1799
f 1804 1801 1802
f 1804 1802 1805
f 1806 1794 1721
f 1721 1779 1806
f 1806 1779 1780
f 1807 1806 1780
f 1806 1808 1794
f 1807 1809 1808
f 1807 1808 1806
f 1784 1810 1783
f 1807 1780 1783
f 1807 1783 1811
f 1811 1783 1810
f 1811 1812 1809
f 1811 1809 1807
f 1812 1811 1810
f 1812 1810 1813
f 1802 1794 1808
f 1802 1808 1814
f 1814 1808 1809
f 1814 1815 1802
f 1809 1816 1815
f 1809 1815 1814
f 1817 1805 1802
f 1802 1815 1817
f 1816 1817 1815
f 1805 1817 1818
f 1817 1816 1819
f 1819 1818 1817
f 1820 1816 1809
f 1820 1809 1812
f 1821 1820 1812
f 1812 1813 1821
f 1816 1820 1822
f 1822 1819 1816
f 1833 1822 1820
f 1820 1821 1833
f 1787 1823 1810
f 1787 1810 1784
f 1788 1824 1823
f 1788 1823 1787
f 1825 1813 1810
f 1810 1823 1825
f 1826 1825 1823
f 1823 1824 1826
f 1791 1827 1824
f 1791 1824 1788
f 1791 1792 1828
f 1828 1827 1791
f 1829 1826 1824
f 1824 1827 1829
f 1829 1827 1828
f 1829 1828 1830
f 1821 1813 1825
f 1821 1825 1831
f 1831 1825 1826
f 1831 1826 1832
f 1833 1821 1831
f 1833 1831 1834
f 1835 1834 1831
f 1831 1832 1835
f 1836 1832 1826
f 1826 1829 1836
f 1837 1836 1829
f 1829 1830 1837
f 1838 1835 1832
f 1832 1836 1838
f 1838 1836 1837
f 1838 1837 1839
f 1835 2087 1834
f 1746 1747 1848
f 1749 1746 1848
f 1749 1848 1850
f 1840 1761 101
f 101 119 1840
f 1840 119 1841
f 120 1841 119
f 1842 1747 1761
f 1761 1840 1842
f 1843 1842 1840
f 1840 1841 1843
f 1844 1841 120
f 120 122 1844
f 1844 122 1845
f 1843 1841 1846
f 1844 1846 1841
f 1846 1844 1847
f 1844 1845 1847
f 126 1845 122
f 1842 1848 1747
f 1849 1848 1842
f 1842 1843 1849
f 1851 1850 1848
f 1848 1849 1851
f 1852 1849 1843
f 1843 1846 1852
f 1852 1846 1847
f 1852 1847 1853
f 1854 1851 1849
f 1849 1852 1854
f 1854 1852 1855
f 1855 1852 1853
f 1855 1853 1856
f 1847 1845 1857
f 1859 1845 126
f 1859 126 1858
f 1860 1859 1858
f 1858 1861 1860
f 1857 1845 1859
f 1857 1859 1862
f 1862 1859 1863
f 1863 1859 1860
f 1860 1861 1864
f 1865 1863 1860
f 1860 1864 1865
f 1853 1847 1857
f 1853 1857 1867
f 1866 1856 1853
f 1853 1867 1866
f 1867 1857 1862
f 1867 1862 1863
f 1867 1863 1868
f 1869 1866 1867
f 1867 1868 1869
f 2197 1868 1863
f 1863 1865 2197
f 1870 1869 1868
f 1868 2197 1870
f 1872 1770 1749
f 1749 1850 1872
f 1770 1872 1871
f 1872 1850 1851
f 1872 1851 1873
f 1874 1871 1872
f 1874 1872 1873
f 1874 1873 1875
f 1873 1851 1854
f 1873 1854 1876
f 1877 1876 1854
f 1854 1855 1877
f 1878 1877 1855
f 1855 1856 1878
f 1875 1873 1876
f 1875 1876 1879
f 1876 1877 1879
f 1880 1879 1877
f 1877 1878 1880
f 1790 1871 1874
f 1790 1874 1881
f 1881 1874 1875
f 1881 1875 1882
f 1792 1790 1881
f 1792 1881 1883
f 1884 1883 1881
f 1884 1881 1882
f 1885 1882 1875
f 1875 1879 1885
f 1886 1885 1879
f 1879 1880 1886
f 1885 1884 1882
f 1887 1884 1885
f 1887 1885 1886
f 1887 1886 1905
f 1888 1878 1856
f 1856 1866 1888
f 1880 1878 1888
f 1880 1888 1893
f 1889 1888 1866
f 1866 1869 1889
f 1891 1893 1888
f 1888 1889 1891
f 1890 1889 1869
f 1869 1870 1890
f 1892 1891 1889
f 1889 1890 1892
f 1893 1886 1880
f 1886 1893 1894
f 1886 1894 1905
f 1891 1894 1893
f 1894 1891 1897
f 1895 1905 1894
f 1895 1894 1897
f 1895 1897 1896
f 1898 1897 1891
f 1891 1892 1898
f 1896 1897 1898
f 1896 1898 1899
f 1883 1828 1792
f 1828 1883 1900
f 1901 1900 1883
f 1883 1884 1901
f 1830 1828 1900
f 1902 1830 1900
f 1900 1901 1903
f 1903 1902 1900
f 1901 1884 1887
f 1901 1887 1904
f 1887 1905 1904
f 1904 1903 1901
f 1904 1905 1906
f 1903 1904 1907
f 1907 1904 1906
f 1907 1906 1916
f 1837 1830 1902
f 1908 1837 1902
f 1902 1903 1908
f 1903 1909 1908
f 1910 1839 1837
f 1910 1837 1908
f 1908 1909 1911
f 1908 1911 1910
f 1903 1907 1912
f 1912 1909 1903
f 1916 1912 1907
f 1909 1912 1913
f 1921 1913 1912
f 1912 1916 1921
f 1913 1914 1911
f 1913 1911 1909
f 1921 1914 1913
f 1895 1906 1905
f 1906 1895 1917
f 1895 1896 1917
f 1915 1917 1896
f 1906 1917 1916
f 1916 1917 1918
f 1915 1918 1917
f 1918 1915 1919
f 1920 1915 1896
f 1896 1899 1920
f 1920 1919 1915
f 1916 1918 1921
f 1918 2316 1921
f 1919 2316 1918
f 1922 255 1690
f 1922 1923 254
f 1922 254 255
f 1676 1924 1922
f 1922 1690 1676
f 1924 1676 1675
f 1925 1927 1926
f 1922 1926 1927
f 1927 1923 1922
f 1926 1922 1924
f 1928 1929 1923
f 254 1923 1929
f 1930 259 1929
f 1930 1929 1928
f 1931 1928 1923
f 1931 1923 1927
f 1931 1927 1925
f 1931 1943 1930
f 1930 1928 1931
f 1677 1934 1924
f 1924 1675 1677
f 1932 1925 1926
f 1932 1926 1934
f 1934 1926 1924
f 1677 1933 1934
f 1933 1677 1679
f 1933 1935 1932
f 1932 1934 1933
f 1936 1943 1939
f 1938 1936 1939
f 1938 1939 1937
f 1932 1939 1931
f 1931 1925 1932
f 1931 1939 1943
f 1937 1939 1932
f 1937 1932 1935
f 40 1690 255
f 1942 1944 1943
f 1945 1940 1941
f 1945 1941 1944
f 1945 1944 1942
f 1930 1944 283
f 283 259 1930
f 283 1941 1940
f 1940 284 283
f 1941 283 1944
f 1930 1943 1944
f 1946 285 1940
f 1946 1947 286
f 286 285 1946
f 1945 1948 1946
f 1946 1940 1945
f 1948 1949 1947
f 1947 1946 1948
f 284 1940 285
f 1950 1942 1943
f 1950 1943 1936
f 1950 1951 1945
f 1945 1942 1950
f 1938 1952 1950
f 1950 1936 1938
f 1953 1951 1950
f 1953 1950 1952
f 1954 1948 1945
f 1954 1945 1951
f 1955 1949 1954
f 1948 1954 1949
f 1956 1954 1953
f 1951 1953 1954
f 1956 1957 1955
f 1955 1954 1956
f 1958 1933 1679
f 1958 1679 1703
f 1958 1959 1935
f 1935 1933 1958
f 1704 1965 1958
f 1958 1703 1704
f 1960 1959 1958
f 1960 1958 1965
f 1961 1962 1938
f 1938 1937 1961
f 1963 1964 1962
f 1962 1961 1963
f 1961 1937 1935
f 1961 1935 1959
f 1963 1961 1959
f 1963 1959 1960
f 1706 1966 1965
f 1965 1704 1706
f 1965 1967 1960
f 1967 1965 1966
f 1707 1968 1966
f 1966 1706 1707
f 1968 1707 1725
f 1968 1969 1967
f 1967 1966 1968
f 1971 1964 1963
f 1971 1963 1970
f 1972 1971 1970
f 1972 1970 1997
f 1967 1970 1963
f 1963 1960 1967
f 1969 1997 1970
f 1970 1967 1969
f 1962 1973 1952
f 1952 1938 1962
f 1974 1953 1973
f 1973 1953 1952
f 1975 1973 1962
f 1975 1962 1964
f 1975 1976 1974
f 1974 1973 1975
f 1974 1977 1956
f 1956 1953 1974
f 1977 1978 1957
f 1957 1956 1977
f 1976 1979 1977
f 1977 1974 1976
f 1507 1978 1977
f 1507 1977 1979
f 1971 1981 1975
f 1975 1964 1971
f 1980 1976 1975
f 1980 1975 1981
f 1972 1982 1981
f 1981 1971 1972
f 1982 1983 1980
f 1980 1981 1982
f 1980 1984 1979
f 1979 1976 1980
f 1508 1507 1979
f 1508 1979 1984
f 1985 1984 1980
f 1985 1980 1983
f 1509 1508 1984
f 1509 1984 1985
f 1947 1987 373
f 373 286 1947
f 1986 1988 1987
f 373 1987 1988
f 1989 1987 1949
f 1947 1949 1987
f 1989 1990 1986
f 1989 1986 1987
f 1986 1520 375
f 375 1988 1986
f 1520 1 375
f 1986 1519 1520
f 1519 1986 1990
f 1955 1991 1989
f 1989 1949 1955
f 1522 1990 1989
f 1522 1989 1991
f 1957 1523 1991
f 1991 1955 1957
f 1991 1523 1522
f 1990 1522 1519
f 1978 1523 1957
f 1993 1992 1968
f 1968 1725 1993
f 1969 1968 1994
f 1992 1994 1968
f 1993 1995 1992
f 1996 1994 1992
f 1996 1992 1995
f 1999 1998 1972
f 1972 1997 1999
f 1998 1999 2001
f 1969 1999 1997
f 1999 1969 1994
f 2000 1999 1994
f 2000 1994 1996
f 2000 2001 1999
f 1995 2010 1996
f 1996 2003 2000
f 2010 2003 1996
f 2000 2002 2001
f 2003 2002 2000
f 2010 2004 2003
f 2003 2005 2002
f 2004 2006 2005
f 2004 2005 2003
f 1993 1725 1795
f 2007 1995 1993
f 1993 1795 1797
f 1993 1797 2007
f 2007 1797 1798
f 2007 2008 1995
f 2008 2007 1798
f 2009 2008 1798
f 1798 1803 2009
f 2008 2010 1995
f 2009 2011 2008
f 2008 2012 2010
f 2011 2013 2012
f 2012 2008 2011
f 1804 2009 1803
f 2009 1804 2014
f 2014 2011 2009
f 1805 2015 2014
f 2014 1804 1805
f 2014 2013 2011
f 2012 2016 2004
f 2012 2004 2010
f 2016 2012 2017
f 2017 2012 2013
f 2019 1982 1972
f 2019 1972 1998
f 2019 2018 1983
f 1983 1982 2019
f 2020 2019 1998
f 2020 1998 2001
f 2018 2019 2021
f 2020 2021 2019
f 2022 1985 1983
f 2022 1983 2018
f 1593 1509 1985
f 1593 1985 2022
f 2023 2022 2018
f 2023 2018 2021
f 2023 1594 1593
f 1593 2022 2023
f 2020 2001 2024
f 2020 2026 2025
f 2025 2021 2020
f 2026 2020 2024
f 2024 2031 2026
f 2024 2001 2002
f 2024 2002 2027
f 2002 2005 2027
f 2027 2005 2006
f 2031 2024 2027
f 2023 2021 2025
f 2023 2025 2028
f 2028 2025 2026
f 2023 2029 1594
f 2029 2023 2028
f 2030 2028 2026
f 2031 2030 2026
f 2028 2137 2029
f 2137 2028 2030
f 2004 2032 2006
f 2013 2014 2033
f 2015 2034 2014
f 2034 2033 2014
f 2017 2035 2016
f 2017 2013 2036
f 2036 2035 2017
f 2032 2016 2035
f 2035 2037 2032
f 2016 2032 2004
f 2038 2037 2035
f 2035 2036 2038
f 2038 2039 2037
f 2033 2040 2036
f 2036 2013 2033
f 2041 2040 2033
f 2033 2034 2041
f 2038 2036 2040
f 2040 2041 2042
f 2038 2040 2043
f 2043 2039 2038
f 2043 2040 2042
f 2043 2042 2044
f 2027 2006 2032
f 2032 2047 2027
f 2027 2045 2031
f 2046 2045 2027
f 2047 2046 2027
f 2047 2048 2046
f 2031 2049 2030
f 2030 2049 2140
f 2030 2140 2137
f 2050 2051 2049
f 2049 2031 2045
f 2049 2045 2050
f 2050 2045 2046
f 2140 2049 2051
f 2046 2048 2052
f 2050 2046 2052
f 2052 2051 2050
f 2051 2053 2140
f 2053 2051 2052
f 2053 2052 2054
f 2037 2047 2032
f 2037 2055 2047
f 2055 2037 2039
f 2039 2056 2055
f 2055 2057 2048
f 2055 2048 2047
f 2056 2058 2057
f 2057 2055 2056
f 2056 2039 2043
f 2056 2043 2059
f 2060 2059 2043
f 2043 2044 2060
f 2059 2058 2056
f 2061 2052 2048
f 2048 2057 2061
f 2061 2057 2058
f 2054 2052 2061
f 2060 2062 2059
f 2058 2059 2063
f 2063 2059 2062
f 2062 2064 2063
f 2061 2058 2065
f 2054 2061 2066
f 2066 2061 2065
f 2066 2065 2067
f 2065 2058 2063
f 2065 2063 2068
f 2068 2063 2064
f 2068 2064 2109
f 2068 2069 2067
f 2067 2065 2068
f 2069 2068 2109
f 2069 2109 2070
f 2071 2015 1805
f 1805 1818 2071
f 2072 2071 1818
f 1818 1819 2072
f 1822 2072 1819
f 2071 2072 2073
f 2034 2015 2071
f 2034 2071 2074
f 2075 2074 2071
f 2075 2071 2073
f 1822 1833 2076
f 2076 2081 1822
f 2081 2075 2073
f 2081 2073 1822
f 2073 2072 1822
f 2074 2041 2034
f 2041 2074 2077
f 2077 2042 2041
f 2075 2078 2077
f 2075 2077 2074
f 2044 2042 2077
f 2044 2077 2079
f 2079 2077 2078
f 2079 2078 2080
f 2078 2075 2081
f 2078 2081 2082
f 2082 2081 2076
f 2082 2076 2083
f 2084 2080 2078
f 2078 2082 2084
f 2083 2084 2082
f 2084 2083 2085
f 1833 1834 2087
f 2092 1833 2087
f 2087 2086 2092
f 1833 2092 2076
f 2087 1835 1838
f 2087 1838 2088
f 2089 2088 1838
f 1838 1839 2089
f 2087 2088 2090
f 2090 2086 2087
f 2089 2091 2090
f 2089 2090 2088
f 2083 2076 2092
f 2083 2092 2093
f 2093 2092 2086
f 2093 2086 2094
f 2095 2094 2086
f 2086 2090 2095
f 2096 2095 2090
f 2090 2091 2096
f 2083 2093 2097
f 2097 2085 2083
f 2093 2094 2098
f 2098 2097 2093
f 2095 2099 2098
f 2095 2098 2094
f 2096 2100 2099
f 2096 2099 2095
f 2079 2060 2044
f 2060 2079 2101
f 2101 2062 2060
f 2079 2080 2102
f 2079 2102 2101
f 2064 2062 2101
f 2064 2101 2103
f 2103 2101 2102
f 2103 2102 2106
f 2102 2080 2084
f 2102 2084 2104
f 2104 2084 2085
f 2104 2085 2105
f 2106 2102 2104
f 2106 2104 2107
f 2108 2107 2104
f 2104 2105 2108
f 2110 2109 2064
f 2064 2103 2110
f 2106 2110 2103
f 2110 2106 2111
f 2109 2110 2112
f 2109 2112 2070
f 2112 2110 2111
f 2112 2111 2113
f 2106 2107 2114
f 2106 2114 2111
f 2114 2107 2108
f 2114 2108 2115
f 2113 2111 2114
f 2113 2114 2116
f 2116 2114 2115
f 2116 2115 2117
f 2105 2085 2097
f 2105 2097 2118
f 2118 2097 2098
f 2118 2098 2119
f 2120 2108 2105
f 2105 2118 2120
f 2120 2118 2119
f 2120 2119 2121
f 2108 2120 2122
f 2121 2123 2122
f 2121 2122 2120
f 2124 2119 2098
f 2098 2099 2124
f 2125 2124 2099
f 2099 2100 2125
f 2121 2119 2124
f 2121 2124 2126
f 2126 2124 2125
f 2126 2125 2127
f 2126 2123 2121
f 2115 2108 2122
f 2115 2122 2128
f 2129 2128 2122
f 2122 2123 2129
f 2117 2115 2128
f 2117 2128 2130
f 2131 2130 2128
f 2128 2129 2131
f 2132 2129 2123
f 2123 2126 2132
f 2133 2132 2126
f 2133 2126 2127
f 2134 2131 2129
f 2129 2132 2134
f 2135 2134 2132
f 2132 2133 2135
f 1616 1594 2029
f 2136 1616 2029
f 2137 2136 2029
f 1618 1616 2136
f 2137 2138 2136
f 2140 2139 2138
f 2140 2138 2137
f 1618 2136 2141
f 2136 2138 2141
f 2141 2138 2139
f 2140 2142 2139
f 2141 2139 2142
f 2141 2142 2146
f 2053 2142 2140
f 2142 2053 2143
f 2143 2053 2054
f 2146 2142 2143
f 1643 1618 2141
f 2141 2144 1643
f 2145 2144 2141
f 2146 2145 2141
f 2144 1644 1643
f 1644 2144 2147
f 2147 2144 2145
f 2143 2054 2148
f 2143 2149 2146
f 2149 2143 2148
f 2149 2148 2150
f 2145 2146 2152
f 2145 2152 2151
f 2147 2145 2151
f 2149 2153 2152
f 2149 2152 2146
f 2154 2153 2149
f 2149 2150 2154
f 2151 2152 2153
f 2151 2153 2155
f 2155 2153 2154
f 2155 2154 2156
f 2148 2054 2066
f 2148 2066 2157
f 2158 2157 2066
f 2066 2067 2158
f 2159 2150 2148
f 2148 2157 2159
f 2159 2157 2158
f 2159 2158 2160
f 2158 2067 2069
f 2158 2069 2161
f 2161 2069 2070
f 2161 2070 2162
f 2160 2158 2161
f 2160 2161 2163
f 2163 2161 2162
f 2163 2162 2164
f 2154 2150 2159
f 2154 2159 2165
f 2165 2159 2160
f 2165 2160 2166
f 2156 2154 2165
f 2156 2165 2167
f 2167 2165 2166
f 2167 2166 2168
f 2166 2160 2163
f 2166 2163 2169
f 2169 2163 2164
f 2169 2164 2185
f 2169 2170 2168
f 2168 2166 2169
f 2185 2170 2169
f 1663 1644 2147
f 1663 2147 2151
f 2151 2171 1663
f 2171 1667 1663
f 2171 2151 2155
f 2174 2171 2155
f 2155 2156 2174
f 2171 2174 2172
f 2173 1674 1673
f 1673 1667 2171
f 1673 2171 2173
f 2173 2171 2172
f 2173 2172 2178
f 2174 2156 2167
f 2174 2167 2175
f 2175 2167 2168
f 2175 2168 2177
f 2172 2174 2175
f 2172 2175 2176
f 2177 2176 2175
f 2177 2168 2170
f 2178 2172 2176
f 2162 2070 2112
f 2162 2112 2179
f 2179 2112 2113
f 2179 2113 2180
f 2164 2162 2179
f 2164 2179 2181
f 2182 2181 2179
f 2179 2180 2182
f 2180 2113 2116
f 2180 2116 2183
f 2184 2183 2116
f 2184 2116 2117
f 2183 2182 2180
f 2181 2185 2164
f 2186 2184 2117
f 2117 2130 2186
f 2186 2130 2131
f 2186 2131 2187
f 2188 2187 2131
f 2131 2134 2188
f 2189 2188 2134
f 2134 2135 2189
f 2188 2189 2190
f 2191 1864 1861
f 1861 552 2191
f 2191 552 554
f 2191 554 2195
f 2192 1865 1864
f 1864 2191 2192
f 2193 2192 2191
f 2193 2191 2195
f 2193 2195 2194
f 554 2196 2195
f 2197 1865 2192
f 2198 2197 2192
f 2192 2193 2198
f 2207 2198 2193
f 2193 2194 2207
f 1870 2197 2198
f 1870 2198 2199
f 2198 2207 2199
f 1890 1870 2199
f 1890 2199 2200
f 1892 1890 2200
f 1892 2200 2201
f 2202 1898 1892
f 1892 2201 2202
f 2203 1899 1898
f 1898 2202 2203
f 2195 2196 2204
f 561 2204 2196
f 2204 561 2205
f 2194 2195 2204
f 2194 2204 2206
f 2206 2204 2205
f 2206 2205 2216
f 2208 2199 2207
f 2207 2194 2206
f 2207 2206 2209
f 2210 2209 2206
f 2206 2216 2210
f 2209 2210 2211
f 2208 2207 2209
f 2208 2209 2212
f 2209 2211 2212
f 2213 2212 2211
f 2205 561 566
f 2205 566 2214
f 567 2214 566
f 2215 2214 567
f 2205 2214 2216
f 2217 2216 2214
f 2217 2214 2215
f 2217 2215 2218
f 2215 567 571
f 2215 571 2219
f 2219 571 572
f 2219 572 2220
f 2218 2215 2219
f 2218 2219 2221
f 2221 2219 2220
f 2221 2220 2222
f 2223 2211 2210
f 2210 2216 2217
f 2210 2217 2223
f 2223 2217 2218
f 2223 2218 2224
f 2213 2211 2223
f 2213 2223 2225
f 2225 2223 2224
f 2225 2224 2226
f 2224 2218 2221
f 2224 2221 2227
f 2227 2221 2222
f 2227 2222 2228
f 2226 2224 2227
f 2226 2227 2229
f 2229 2227 2228
f 2229 2228 2230
f 2231 2200 2199
f 2199 2208 2231
f 2232 2201 2200
f 2200 2231 2232
f 2231 2208 2212
f 2231 2212 2233
f 2234 2233 2212
f 2212 2213 2234
f 2235 2232 2231
f 2231 2233 2235
f 2235 2233 2234
f 2235 2234 2236
f 2237 2202 2201
f 2201 2232 2237
f 2203 2202 2237
f 2203 2237 2238
f 2237 2232 2235
f 2237 2235 2239
f 2240 2239 2235
f 2235 2236 2240
f 2241 2238 2237
f 2237 2239 2241
f 2238 2241 2242
f 2240 2242 2241
f 2241 2239 2240
f 2242 2240 2243
f 2234 2213 2225
f 2234 2225 2244
f 2244 2225 2226
f 2244 2226 2245
f 2236 2234 2244
f 2236 2244 2246
f 2246 2244 2245
f 2246 2245 2247
f 2245 2226 2229
f 2245 2229 2248
f 2248 2229 2230
f 2248 2230 2249
f 2250 2247 2245
f 2245 2248 2250
f 2251 2250 2248
f 2248 2249 2251
f 2252 2240 2236
f 2236 2246 2252
f 2253 2252 2246
f 2246 2247 2253
f 2254 2243 2240
f 2240 2252 2254
f 2255 2254 2252
f 2252 2253 2255
f 2256 2253 2247
f 2247 2250 2256
f 2257 2256 2250
f 2250 2251 2257
f 2258 2255 2253
f 2253 2256 2258
f 2259 2258 2256
f 2256 2257 2259
f 2220 572 592
f 2220 592 2260
f 2261 2260 592
f 592 593 2261
f 2222 2220 2260
f 2222 2260 2262
f 2263 2262 2260
f 2260 2261 2263
f 2264 2261 593
f 593 598 2264
f 2265 2264 598
f 598 599 2265
f 2266 2263 2261
f 2261 2264 2266
f 2267 2266 2264
f 2264 2265 2267
f 2228 2222 2262
f 2228 2262 2268
f 2269 2268 2262
f 2262 2263 2269
f 2230 2228 2268
f 2230 2268 2270
f 2271 2270 2268
f 2268 2269 2271
f 2272 2269 2263
f 2263 2266 2272
f 2273 2272 2266
f 2266 2267 2273
f 2274 2271 2269
f 2269 2272 2274
f 2275 2274 2272
f 2272 2273 2275
f 2276 2267 2265
f 2265 599 601
f 2265 601 2276
f 2277 2276 601
f 601 602 2277
f 2278 2275 2273
f 2273 2267 2276
f 2273 2276 2278
f 2279 2278 2276
f 2276 2277 2279
f 2280 2249 2230
f 2230 2270 2280
f 2280 2270 2271
f 2280 2271 2281
f 2282 2251 2249
f 2249 2280 2282
f 2282 2280 2281
f 2282 2281 2283
f 2281 2271 2274
f 2281 2274 2284
f 2284 2274 2275
f 2284 2275 2285
f 2283 2281 2284
f 2283 2284 2286
f 2286 2284 2285
f 2286 2285 2287
f 2257 2251 2282
f 2257 2282 2288
f 2288 2282 2283
f 2288 2283 2289
f 2259 2257 2288
f 2259 2288 2290
f 2290 2288 2289
f 2290 2289 2291
f 2289 2283 2286
f 2289 2286 2292
f 2292 2286 2287
f 2292 2287 2293
f 2291 2289 2292
f 2291 2292 2294
f 2294 2292 2293
f 2294 2293 2295
f 2298 2287 2285
f 2278 2298 2285
f 2285 2275 2278
f 2298 2278 2296
f 2303 2296 2278
f 2303 2278 2279
f 2303 2279 2297
f 2293 2287 2298
f 2293 2298 2299
f 2299 2298 2296
f 2299 2296 2300
f 2295 2293 2299
f 2295 2299 2301
f 2302 2301 2299
f 2302 2299 2300
f 2304 2300 2296
f 2296 2303 2304
f 2304 2303 2297
f 2304 2297 2305
f 2306 2302 2304
f 2304 2302 2300
f 2306 2304 2305
f 2306 2305 2307
f 1911 1914 2308
f 2309 2308 1914
f 1914 1921 2309
f 1920 1899 2310
f 2310 1899 2203
f 2310 2203 2311
f 2311 2203 2314
f 2312 1919 1920
f 1920 2310 2312
f 2311 2312 2310
f 2312 2311 2313
f 2311 2314 2313
f 2313 2314 2315
f 2316 1919 2317
f 1921 2316 2318
f 1921 2318 2309
f 2317 2318 2316
f 2309 2318 2319
f 2320 2319 2318
f 2318 2317 2320
f 2312 2317 1919
f 2317 2312 2322
f 2317 2322 2321
f 2313 2322 2312
f 2321 2320 2317
f 2323 2319 2320
f 2321 2322 2324
f 2324 2322 2313
f 2324 2313 2315
f 2324 2315 2326
f 2324 2326 2325
f 2324 2323 2320
f 2324 2320 2321
f 2323 2324 2328
f 2323 2328 2327
f 2324 2325 2328
f 2325 2326 2330
f 2325 2330 2329
f 2329 2330 2331
f 2332 2327 2328
f 2328 2333 2332
f 2329 2333 2328
f 2329 2328 2325
f 2334 2332 2333
f 2331 2334 2333
f 2331 2333 2329
f 2335 2337 2334
f 2335 2334 2331
f 2338 2337 2335
f 2338 2335 2336
f 1910 2339 2089
f 2089 1839 1910
f 1911 2340 2339
f 1911 2339 1910
f 2089 2339 2341
f 2341 2339 2340
f 2341 2340 2342
f 2341 2343 2091
f 2341 2091 2089
f 2342 2343 2341
f 2308 2340 1911
f 2344 2342 2340
f 2344 2340 2308
f 2308 2345 2344
f 2346 2345 2308
f 2346 2308 2309
f 2347 2096 2091
f 2091 2343 2347
f 2348 2347 2343
f 2343 2342 2348
f 2096 2347 2349
f 2350 2349 2347
f 2347 2348 2350
f 2348 2351 2350
f 2352 2345 2346
f 2345 2353 2348
f 2344 2345 2348
f 2348 2342 2344
f 2352 2353 2345
f 2354 2351 2348
f 2348 2353 2354
f 2355 2354 2353
f 2355 2353 2352
f 2349 2100 2096
f 2319 2346 2309
f 2356 2352 2346
f 2346 2319 2356
f 2319 2323 2356
f 2357 2352 2356
f 2356 2323 2327
f 2327 2357 2356
f 2357 2355 2352
f 2359 2351 2354
f 2358 2359 2354
f 2354 2355 2358
f 2360 2359 2358
f 2362 2125 2100
f 2100 2349 2362
f 2350 2351 2363
f 2363 2362 2350
f 2362 2349 2350
f 2364 2127 2125
f 2125 2362 2364
f 2365 2364 2362
f 2362 2363 2365
f 2359 2363 2351
f 2359 2366 2365
f 2359 2365 2363
f 2360 2366 2359
f 2405 2135 2133
f 2368 2405 2133
f 2133 2127 2364
f 2133 2364 2368
f 2364 2365 2368
f 2405 2368 2367
f 2369 2368 2365
f 2365 2366 2369
f 2360 2361 2369
f 2369 2366 2360
f 2370 2368 2369
f 2369 2371 2370
f 2372 2371 2369
f 2369 2361 2372
f 2370 2367 2368
f 2373 2357 2327
f 2373 2327 2374
f 2375 2373 2374
f 2374 2376 2375
f 2373 2358 2355
f 2373 2355 2357
f 2377 2360 2358
f 2358 2373 2377
f 2373 2375 2377
f 2327 2332 2374
f 2332 2334 2376
f 2376 2374 2332
f 2378 2375 2376
f 2361 2360 2377
f 2361 2377 2379
f 2375 2378 2379
f 2379 2377 2375
f 2380 2361 2379
f 2379 2381 2380
f 2378 2419 2381
f 2381 2379 2378
f 2334 2337 2378
f 2378 2376 2334
f 2338 2419 2378
f 2338 2378 2337
f 2361 2380 2372
f 2314 2203 2238
f 2382 2314 2238
f 2238 2242 2382
f 2382 2242 2383
f 2243 2383 2242
f 2382 2315 2314
f 2315 2382 2326
f 2382 2383 2326
f 2254 2384 2383
f 2254 2383 2243
f 2385 2384 2254
f 2254 2255 2385
f 2386 2326 2383
f 2383 2384 2386
f 2386 2384 2385
f 2386 2385 2387
f 2388 2385 2255
f 2255 2258 2388
f 2389 2388 2258
f 2258 2259 2389
f 2387 2385 2388
f 2387 2388 2390
f 2390 2388 2389
f 2390 2389 2391
f 2386 2330 2326
f 2387 2331 2330
f 2387 2330 2386
f 2390 2335 2331
f 2390 2331 2387
f 2391 2336 2335
f 2391 2335 2390
f 2393 2338 2336
f 2336 2392 2393
f 2394 2393 2392
f 2392 2395 2394
f 2396 2394 2395
f 2395 2466 2396
f 2397 2396 2466
f 2466 2467 2397
f 2400 2397 2467
f 2467 2398 2400
f 2401 2400 2398
f 2398 2399 2401
f 2402 3612 2403
f 2401 2399 2402
f 2401 2402 2404
f 2404 2402 2403
f 2404 2403 2452
f 2406 2189 2135
f 2135 2405 2406
f 2407 2406 2405
f 2405 2367 2407
f 2190 2189 2406
f 2408 2190 2406
f 2409 2408 2406
f 2406 2407 2409
f 2370 2371 2410
f 2410 2371 2372
f 2410 2372 2411
f 2412 2410 2411
f 2370 2410 2407
f 2407 2367 2370
f 2413 2409 2407
f 2407 2410 2413
f 2410 2412 2413
f 2414 2408 2409
f 2416 2414 2409
f 2409 2413 2416
f 2412 2415 2416
f 2416 2413 2412
f 2417 2414 2416
f 2416 2418 2417
f 2432 2418 2416
f 2416 2415 2432
f 2420 2380 2381
f 2419 2422 2420
f 2419 2420 2381
f 2420 2422 2423
f 2420 2423 2421
f 2419 2338 2393
f 2419 2393 2422
f 2423 2422 2393
f 2393 2394 2423
f 2424 2421 2423
f 2423 2425 2424
f 2426 2424 2425
f 2427 2423 2394
f 2394 2428 2427
f 2396 2428 2394
f 2427 2428 2430
f 2427 2430 2429
f 2397 2430 2428
f 2397 2428 2396
f 2427 2425 2423
f 2429 2426 2425
f 2429 2425 2427
f 2380 2420 2411
f 2411 2372 2380
f 2420 2421 2412
f 2420 2412 2411
f 2415 2412 2421
f 2415 2421 2431
f 2421 2424 2431
f 2432 2415 2431
f 2431 2433 2432
f 2424 2426 2433
f 2433 2431 2424
f 2434 2417 2418
f 2435 2434 2418
f 2418 2432 2435
f 2437 2436 2434
f 2434 2435 2437
f 2438 2436 2437
f 2438 2437 2439
f 2440 2438 2439
f 2440 2439 2441
f 2429 2430 2444
f 2400 2444 2430
f 2400 2430 2397
f 2401 2445 2444
f 2401 2444 2400
f 2444 2442 2426
f 2444 2426 2429
f 2445 2443 2442
f 2445 2442 2444
f 2446 2448 2447
f 2445 2450 2449
f 2401 2404 2450
f 2450 2445 2401
f 2451 2449 2450
f 2450 2452 2451
f 2452 2450 2404
f 2449 2446 2443
f 2449 2443 2445
f 2449 2451 2448
f 2448 2446 2449
f 2453 2432 2433
f 2426 2442 2453
f 2453 2433 2426
f 2442 2443 2454
f 2454 2453 2442
f 2432 2453 2435
f 2453 2454 2437
f 2437 2435 2453
f 2446 2455 2454
f 2446 2454 2443
f 2455 2457 2456
f 2447 2457 2455
f 2447 2455 2446
f 2455 2439 2437
f 2455 2437 2454
f 2456 2441 2439
f 2456 2439 2455
f 2389 2259 2290
f 2389 2290 2458
f 2458 2290 2291
f 2458 2291 2459
f 2460 2391 2389
f 2389 2458 2460
f 2461 2460 2458
f 2458 2459 2461
f 2459 2291 2294
f 2459 2294 2462
f 2463 2462 2294
f 2463 2294 2295
f 2464 2461 2459
f 2459 2462 2464
f 2464 2462 2463
f 2465 2464 2463
f 2460 2392 2336
f 2460 2336 2391
f 2461 2395 2392
f 2461 2392 2460
f 2395 2461 2464
f 2395 2464 2466
f 2466 2464 2465
f 2466 2465 2467
f 2295 2301 2468
f 2468 2463 2295
f 2468 2302 2469
f 2302 2468 2301
f 2465 2463 2468
f 2465 2468 2470
f 2470 2468 2469
f 2470 2469 2471
f 2469 2302 2306
f 2469 2306 2472
f 2472 2306 2307
f 2472 2307 2473
f 2471 2469 2472
f 2471 2472 2474
f 2474 2472 2473
f 2474 2473 3612
f 2467 2465 2470
f 2467 2470 2398
f 2470 2471 2398
f 2471 2399 2398
f 2471 2474 2402
f 2402 2399 2471
f 3612 2402 2474
f 2170 2185 2475
f 2177 2476 2176
f 2170 2477 2177
f 2477 2170 2475
f 2477 2475 2478
f 2177 2477 2479
f 2177 2479 2476
f 2479 2477 2478
f 2479 2478 2480
f 2176 2476 2481
f 2176 2481 2178
f 2481 2476 2479
f 2482 2481 2479
f 2479 2480 2482
f 2182 2183 2483
f 2183 2184 2484
f 2484 2483 2183
f 2181 2485 2185
f 2181 2182 2486
f 2181 2486 2485
f 2475 2185 2485
f 2485 2487 2475
f 2487 2485 2486
f 2487 2486 2488
f 2486 2182 2483
f 2486 2483 2489
f 2489 2483 2484
f 2489 2484 2490
f 2488 2486 2489
f 2488 2489 2491
f 2491 2489 2490
f 2491 2490 2492
f 2484 2184 2186
f 2484 2186 2493
f 2494 2493 2186
f 2186 2187 2494
f 2188 2190 2497
f 2188 2497 2494
f 2494 2187 2188
f 2496 2492 2490
f 2490 2484 2493
f 2496 2490 2493
f 2493 2494 2496
f 2492 2496 2495
f 2498 2496 2494
f 2494 2497 2498
f 2499 2498 2497
f 2497 2190 2499
f 2500 2495 2496
f 2496 2498 2500
f 2501 2500 2498
f 2498 2499 2501
f 2478 2475 2487
f 2478 2487 2502
f 2502 2487 2488
f 2502 2488 2503
f 2480 2478 2502
f 2480 2502 2504
f 2504 2502 2503
f 2504 2503 2505
f 2506 2505 2503
f 2503 2488 2491
f 2506 2503 2491
f 2491 2492 2506
f 2482 2480 2504
f 2507 2482 2504
f 2504 2505 2507
f 2507 2505 2506
f 2507 2506 2508
f 2510 2506 2492
f 2492 2495 2510
f 2506 2510 2509
f 2511 2510 2495
f 2495 2500 2511
f 2512 2511 2500
f 2500 2501 2512
f 2513 2509 2510
f 2510 2511 2513
f 2514 2513 2511
f 2511 2512 2514
f 2520 2508 2506
f 2506 2509 2520
f 2508 2520 2515
f 2513 2514 2517
f 2513 2517 2516
f 2516 2517 2519
f 2518 2516 2519
f 2513 2516 2520
f 2513 2520 2509
f 2515 2520 2518
f 2520 2516 2518
f 2408 2521 2499
f 2499 2190 2408
f 2414 2521 2408
f 2522 2501 2499
f 2499 2521 2522
f 2414 2417 2522
f 2414 2522 2521
f 2523 2512 2501
f 2501 2522 2523
f 2524 2523 2522
f 2522 2417 2524
f 2525 2514 2512
f 2512 2523 2525
f 2526 2525 2523
f 2523 2524 2526
f 2417 2434 2524
f 2434 2436 2526
f 2526 2524 2434
f 2527 2517 2514
f 2514 2525 2527
f 2527 2525 2526
f 2527 2526 2528
f 2519 2517 2527
f 2519 2527 2529
f 2529 2527 2528
f 2529 2528 2530
f 2438 2528 2526
f 2438 2526 2436
f 2440 2530 2528
f 2440 2528 2438
f 2532 2531 2601
f 2533 2532 2601
f 2533 2601 2534
f 2534 2535 2533
f 2537 2539 2538
f 2541 2542 2546
f 2543 2545 2544
f 2546 2548 2547
f 2540 2547 2548
f 2548 2544 2540
f 2542 2543 2548
f 2542 2548 2546
f 2544 2548 2543
f 2550 2551 2554
f 2552 2553 2874
f 2554 2556 2555
f 2549 2555 2556
f 2556 2874 2549
f 2556 2551 2552
f 2551 2556 2554
f 2874 2556 2552
f 2558 2610 2540
f 2610 2558 2563
f 2563 2557 2610
f 2559 2561 2560
f 2559 2558 2562
f 2561 2559 2562
f 2561 2562 2549
f 2536 2557 2563
f 2563 2559 2537
f 2563 2537 2536
f 2560 2539 2537
f 2560 2537 2559
f 2559 2563 2558
f 2544 2554 2558
f 2558 2540 2544
f 2554 2544 2550
f 2544 2545 2550
f 2555 2562 2558
f 2554 2555 2558
f 2549 2562 2555
f 2566 2569 2567
f 2569 2571 2570
f 2570 2571 2564
f 2570 2564 2565
f 2568 2570 2565
f 2572 2568 2573
f 2567 2569 2570
f 2572 2567 2570
f 2568 2572 2570
f 2576 2557 2577
f 2578 2577 2579
f 2565 2576 2578
f 2576 2577 2578
f 2580 2582 2581
f 2577 2557 2536
f 2580 2577 2536
f 2580 2536 2537
f 2537 2538 2582
f 2582 2580 2537
f 2579 2577 2580
f 2574 2579 2580
f 2580 2581 2574
f 2581 2575 2574
f 2585 2583 2586
f 2583 2574 2587
f 2588 2587 2574
f 2574 2575 2588
f 2586 2583 2587
f 2586 2587 2589
f 2589 2587 2588
f 2589 2588 2590
f 2568 2578 2591
f 2591 2578 2579
f 2583 2591 2579
f 2578 2568 2565
f 2573 2568 2591
f 2584 2573 2591
f 2591 2585 2584
f 2583 2585 2591
f 2574 2583 2579
f 2603 2594 2597
f 2594 2596 2595
f 2592 2595 2596
f 2596 2540 2593
f 2596 2593 2592
f 2597 2599 2598
f 2598 2599 2592
f 2564 2598 2592
f 2564 2592 2593
f 2593 2565 2564
f 2594 2595 2597
f 2595 2599 2597
f 2592 2599 2595
f 2600 2546 2594
f 2600 2531 2541
f 2541 2546 2600
f 2601 2600 2603
f 2603 2600 2594
f 2601 2531 2600
f 2546 2547 2596
f 2546 2596 2594
f 2540 2596 2547
f 2606 2597 2569
f 2602 2603 2606
f 2597 2606 2603
f 2604 2606 2605
f 2566 2605 2606
f 2606 2569 2566
f 2606 2607 2602
f 2607 2606 2604
f 2569 2597 2598
f 2598 2571 2569
f 2564 2571 2598
f 2602 2534 2601
f 2601 2603 2602
f 2607 2608 2534
f 2534 2602 2607
f 2608 2609 2535
f 2535 2534 2608
f 2593 2610 2576
f 2610 2557 2576
f 2610 2593 2540
f 2576 2565 2593
f 2612 2614 2611
f 2613 2615 2614
f 2616 2615 2613
f 2617 2613 2614
f 2612 2617 2614
f 2624 2616 2613
f 2624 2613 2617
f 2618 2611 2531
f 2618 2619 2612
f 2612 2611 2618
f 2532 2620 2618
f 2618 2531 2532
f 2620 2621 2619
f 2619 2618 2620
f 2622 2617 2612
f 2622 2612 2619
f 2617 2623 2624
f 2623 2617 2622
f 2621 2625 2622
f 2622 2619 2621
f 2622 2625 2623
f 2627 2620 2532
f 2627 2532 2533
f 2626 2678 2621
f 2626 2621 2620
f 2626 2620 2627
f 2533 2535 2627
f 2621 2678 2625
f 2628 2632 2631
f 2629 2631 2632
f 2629 2632 2645
f 2645 2630 2629
f 2637 2634 2633
f 2628 2635 2633
f 2636 2637 2635
f 2637 2633 2635
f 2639 2640 2645
f 2638 2633 2634
f 2634 616 2639
f 2634 2639 2638
f 617 2640 2639
f 616 617 2639
f 2638 2639 2632
f 2632 2628 2633
f 2632 2633 2638
f 2645 2632 2639
f 2641 2643 2642
f 2614 2644 2641
f 2644 2628 2643
f 2644 2643 2641
f 2611 2641 2541
f 2641 2642 2542
f 2641 2542 2541
f 2641 2611 2614
f 2642 2643 2631
f 2543 2642 2631
f 2629 2630 2545
f 2545 2543 2631
f 2545 2631 2629
f 2631 2643 2628
f 2543 2542 2642
f 2644 2614 2615
f 2615 2635 2644
f 2628 2644 2635
f 2636 2635 2615
f 2615 2616 2636
f 2630 2645 2646
f 2550 2630 2646
f 2646 622 2551
f 2646 2551 2550
f 623 2553 2552
f 622 623 2552
f 2552 2551 622
f 2646 2645 2640
f 2640 628 2646
f 622 2646 628
f 628 2640 617
f 2550 2545 2630
f 2649 634 2634
f 2649 2634 2637
f 2647 633 634
f 2649 2647 634
f 2648 2649 2637
f 2648 2637 2636
f 2650 2649 2648
f 2647 2649 2650
f 634 616 2634
f 2651 638 633
f 2651 633 2647
f 2652 2651 2647
f 2652 2647 2650
f 2653 642 638
f 2653 638 2651
f 2653 2654 642
f 2652 2655 2651
f 2653 2651 2655
f 2655 2656 2657
f 2657 2654 2653
f 2657 2653 2655
f 2616 2658 2648
f 2648 2636 2616
f 2659 2650 2648
f 2659 2648 2658
f 2659 2662 2650
f 2624 2660 2658
f 2658 2616 2624
f 2658 2660 2659
f 2659 2661 2662
f 2661 2659 2660
f 2694 2662 2661
f 2652 2650 2662
f 2662 2663 2664
f 2664 2655 2652
f 2664 2652 2662
f 2665 2664 2663
f 2665 2666 2656
f 2656 2655 2664
f 2656 2664 2665
f 2662 2694 2663
f 2667 2665 2694
f 2665 2663 2694
f 2665 2667 2666
f 2668 2657 2656
f 2666 2669 2670
f 2666 2670 2668
f 2668 2656 2666
f 2667 2671 2669
f 2669 2666 2667
f 2671 2672 2673
f 2671 2673 2669
f 2541 2531 2611
f 2674 2624 2623
f 2623 2675 2676
f 2676 2674 2623
f 2675 2623 2625
f 2677 2676 2675
f 2609 2679 2627
f 2627 2535 2609
f 2626 2679 2680
f 2680 2678 2626
f 2679 2626 2627
f 2681 2680 2679
f 2682 2625 2678
f 2625 2682 2675
f 2683 2684 2685
f 2685 2677 2683
f 2683 2677 2675
f 2675 2682 2683
f 2678 2680 2682
f 2680 2686 2683
f 2683 2682 2680
f 2686 2680 2681
f 2683 2686 2684
f 2687 2685 2684
f 2688 2686 2681
f 2687 2684 2686
f 2687 2686 2688
f 2689 2687 2688
f 2624 2690 2660
f 2690 2624 2674
f 2690 2691 2660
f 2661 2660 2691
f 2674 2676 2690
f 2676 2692 2691
f 2691 2690 2676
f 2692 2676 2677
f 2661 2693 2694
f 2693 2661 2691
f 2695 2694 2693
f 2696 2691 2692
f 2691 2696 2693
f 2697 2698 2695
f 2697 2695 2693
f 2696 2697 2693
f 2695 2698 2667
f 2667 2694 2695
f 2677 2685 2692
f 2696 2692 2687
f 2692 2685 2687
f 2704 2696 2687
f 2696 2704 2697
f 2687 2689 2704
f 2699 2698 2697
f 2667 2698 2700
f 2667 2700 2671
f 2701 2672 2671
f 2701 2671 2700
f 2699 2706 2700
f 2700 2698 2699
f 2706 2712 2700
f 2700 2712 2701
f 2715 2702 2703
f 2703 2672 2701
f 2715 2703 2701
f 2701 2712 2715
f 2705 2706 2699
f 2705 2699 2697
f 2704 2705 2697
f 2707 2706 2705
f 2708 2709 2704
f 2689 2708 2704
f 2710 2709 2708
f 2704 2709 2705
f 2710 2828 2707
f 2707 2705 2710
f 2705 2709 2710
f 2711 2707 2828
f 2712 2706 2707
f 2713 2712 2707
f 2712 2713 2715
f 2714 2717 2702
f 2714 2702 2715
f 2715 2713 2714
f 2707 2711 2713
f 2716 2717 2714
f 2716 2714 2713
f 2711 2716 2713
f 2721 2573 2718
f 2718 2720 2721
f 2720 2718 2719
f 2722 2723 2566
f 2566 2567 2722
f 2724 2727 2723
f 2723 2722 2724
f 2721 2722 2572
f 2572 2573 2721
f 2572 2722 2567
f 2721 2724 2722
f 2724 2721 2720
f 2726 2725 2720
f 2720 2719 2726
f 2726 2731 2725
f 2724 2729 2727
f 2728 2729 2724
f 2728 2724 2720
f 2728 2720 2725
f 2725 2730 2728
f 2731 2774 2730
f 2731 2730 2725
f 2730 2732 2729
f 2730 2729 2728
f 2732 2730 2774
f 2733 2735 2734
f 2718 2573 2584
f 2585 2733 2718
f 2718 2584 2585
f 2585 2586 2735
f 2735 2733 2585
f 2719 2733 2736
f 2736 2733 2734
f 2736 2734 2737
f 2733 2719 2718
f 2738 2734 2735
f 2735 2589 2738
f 2739 2738 2589
f 2589 2590 2739
f 2589 2735 2586
f 2737 2734 2738
f 2737 2738 2740
f 2741 2740 2738
f 2738 2739 2741
f 2726 2719 2736
f 2726 2736 2742
f 2742 2736 2737
f 2742 2737 2743
f 2742 2744 2726
f 2744 2742 2743
f 2744 2743 2745
f 2744 2731 2726
f 2743 2737 2740
f 2743 2740 2746
f 2746 2740 2741
f 2746 2741 2747
f 2745 2743 2746
f 2745 2746 2748
f 2746 2747 2749
f 2746 2749 2748
f 2750 2604 2605
f 2750 2605 2723
f 2566 2723 2605
f 2750 2751 2607
f 2607 2604 2750
f 2752 2750 2723
f 2752 2723 2727
f 2753 2751 2750
f 2753 2750 2752
f 2751 2754 2608
f 2608 2607 2751
f 2755 2609 2754
f 2609 2608 2754
f 2753 2756 2754
f 2754 2751 2753
f 2754 2756 2755
f 2765 2755 2756
f 2727 2757 2752
f 2757 2727 2729
f 2752 2757 2758
f 2752 2758 2753
f 2757 2759 2758
f 2729 2760 2757
f 2759 2757 2760
f 2760 2761 2759
f 2760 2729 2732
f 2760 2732 2762
f 2763 2761 2760
f 2760 2762 2763
f 2762 2768 2763
f 2753 2758 2756
f 2759 2764 2756
f 2756 2758 2759
f 2756 2764 2765
f 2759 2761 2764
f 2764 2766 2765
f 2767 2764 2761
f 2761 2763 2767
f 2763 2768 2769
f 2769 2767 2763
f 2766 2764 2767
f 2770 2766 2767
f 2767 2769 2770
f 2771 2769 2768
f 2772 2770 2769
f 2772 2769 2771
f 2773 2772 2771
f 2774 2775 2732
f 2744 2776 2731
f 2744 2745 2777
f 2744 2777 2776
f 2778 2777 2745
f 2745 2748 2778
f 2749 2779 2778
f 2748 2749 2778
f 2776 2780 2774
f 2776 2774 2731
f 2780 2776 2777
f 2780 2777 2781
f 2782 2775 2774
f 2774 2780 2782
f 2783 2782 2780
f 2780 2781 2783
f 2781 2777 2778
f 2781 2778 2784
f 2785 2784 2778
f 2778 2779 2785
f 2786 2783 2781
f 2781 2784 2786
f 2786 2784 2785
f 2786 2785 2787
f 2762 2732 2775
f 2775 2788 2762
f 2768 2762 2788
f 2789 2788 2775
f 2775 2782 2789
f 2790 2789 2782
f 2782 2783 2790
f 2791 2768 2788
f 2788 2789 2791
f 2792 2791 2789
f 2789 2790 2792
f 2793 2790 2783
f 2783 2786 2793
f 2794 2793 2786
f 2786 2787 2794
f 2795 2792 2790
f 2790 2793 2795
f 2796 2795 2793
f 2793 2794 2796
f 2771 2768 2791
f 2797 2771 2791
f 2791 2792 2797
f 2771 2797 2773
f 2798 2797 2792
f 2792 2795 2798
f 2799 2798 2795
f 2795 2796 2799
f 2773 2797 2798
f 2798 2800 2773
f 2801 2800 2798
f 2798 2799 2801
f 2609 2755 2679
f 2802 2679 2755
f 2681 2679 2802
f 2765 2802 2755
f 2803 2681 2802
f 2804 2802 2765
f 2803 2802 2804
f 2804 2806 2803
f 2688 2681 2803
f 2807 2688 2803
f 2688 2807 2689
f 2803 2806 2807
f 2804 2765 2766
f 2805 2804 2766
f 2804 2805 2806
f 2766 2770 2805
f 2807 2808 2809
f 2807 2809 2689
f 2810 2809 2808
f 2807 2806 2811
f 2811 2812 2807
f 2813 2812 2811
f 2807 2812 2808
f 2810 2808 2812
f 2810 2812 2813
f 2814 2810 2813
f 2815 2817 2816
f 2815 2816 2806
f 2806 2805 2815
f 2819 2816 2817
f 2815 2805 2770
f 2770 2772 2815
f 2772 2817 2815
f 2818 2817 2772
f 2772 2773 2818
f 2817 2818 2819
f 2800 2820 2818
f 2773 2800 2818
f 2821 2820 2800
f 2818 2820 2822
f 2818 2822 2819
f 2823 2822 2820
f 2823 2820 2821
f 2806 2816 2811
f 2813 2811 2816
f 2816 2819 2813
f 2819 2824 2825
f 2825 2813 2819
f 2826 2825 2824
f 2813 2825 2814
f 2825 2827 2814
f 2827 2825 2826
f 2819 2822 2824
f 2824 2822 2823
f 2826 2824 2823
f 2689 2809 2708
f 2828 2710 2810
f 2710 2708 2810
f 2708 2809 2810
f 2829 2828 2810
f 2828 2829 2711
f 2829 2830 2711
f 2810 2814 2829
f 2814 2831 2832
f 2814 2832 2829
f 2829 2832 2830
f 2711 2830 2716
f 2814 2827 2831
f 2821 2800 2801
f 2834 2538 2539
f 2539 2878 2834
f 2834 2878 2833
f 2835 2834 2833
f 2836 2838 2837
f 2835 2833 2836
f 2835 2836 2839
f 2836 2837 2839
f 2837 2840 2839
f 2841 2843 2842
f 2844 2846 2845
f 2853 2847 2843
f 2848 2850 2849
f 673 2849 2850
f 2850 672 673
f 2853 2849 673
f 673 2847 2853
f 2851 2853 2852
f 2841 2852 2853
f 2853 2843 2841
f 2845 2846 2848
f 2851 2845 2848
f 2848 2849 2851
f 2849 2853 2851
f 2855 2841 2842
f 2855 2842 2854
f 2857 2856 2854
f 2858 2901 2855
f 2856 2858 2855
f 2855 2854 2856
f 2861 2837 2838
f 2838 2844 2861
f 2861 2844 2845
f 2859 2861 2845
f 2845 2860 2859
f 2840 2863 2862
f 2862 2863 2859
f 2901 2862 2859
f 2859 2860 2901
f 2837 2861 2863
f 2863 2840 2837
f 2859 2863 2861
f 2860 2851 2852
f 2860 2852 2855
f 2841 2855 2852
f 2851 2860 2845
f 2860 2855 2901
f 2549 2866 2865
f 2865 2866 2867
f 2864 2865 2867
f 2868 2870 2869
f 2871 2873 2872
f 2867 2868 2871
f 2867 2871 2864
f 2869 2873 2871
f 2869 2871 2868
f 2874 2876 2875
f 2875 2876 674
f 2875 674 2867
f 2553 2877 2876
f 2553 2876 2874
f 674 2876 2877
f 2874 2875 2866
f 2866 2549 2874
f 2867 2866 2875
f 674 679 2867
f 679 680 2868
f 679 2868 2867
f 681 2870 2868
f 681 2868 680
f 2560 2561 2865
f 2560 2865 2878
f 2833 2878 2865
f 2833 2865 2864
f 2865 2561 2549
f 2878 2539 2560
f 2871 2836 2833
f 2871 2833 2864
f 2872 2838 2836
f 2872 2836 2871
f 2879 2881 2880
f 2879 2869 2870
f 2870 687 2879
f 687 688 2879
f 688 2881 2879
f 2844 2872 2873
f 2873 2879 2844
f 2879 2880 2844
f 2880 2846 2844
f 2879 2873 2869
f 2848 2880 2881
f 2850 2881 692
f 2881 2850 2848
f 672 2850 692
f 692 2881 688
f 2848 2846 2880
f 687 2870 681
f 2844 2838 2872
f 2884 2886 2885
f 2887 2581 2582
f 2582 2834 2887
f 2888 2887 2834
f 2834 2835 2888
f 2834 2582 2538
f 2581 2887 2882
f 2882 2575 2581
f 2887 2888 2883
f 2883 2882 2887
f 2889 2888 2835
f 2835 2839 2889
f 2890 2889 2839
f 2839 2840 2890
f 2889 2884 2883
f 2889 2883 2888
f 2889 2890 2886
f 2886 2884 2889
f 2588 2575 2882
f 2588 2882 2891
f 2892 2891 2882
f 2882 2883 2892
f 2590 2588 2891
f 2590 2891 2893
f 2894 2893 2891
f 2891 2892 2894
f 2895 2892 2883
f 2883 2884 2895
f 2895 2884 2885
f 2895 2885 2896
f 2897 2894 2892
f 2892 2895 2897
f 2897 2895 2896
f 2897 2896 2898
f 2899 2901 2900
f 2902 2885 2886
f 2886 2899 2902
f 2902 2899 2900
f 2902 2900 2906
f 2903 2856 2857
f 2903 2857 1512
f 2858 2900 2901
f 2900 2858 2903
f 2856 2903 2858
f 2904 2906 2903
f 1512 2904 2903
f 2904 1512 1510
f 2900 2903 2906
f 2890 2840 2862
f 2890 2862 2899
f 2862 2901 2899
f 2899 2886 2890
f 2908 2906 2905
f 2896 2885 2902
f 2896 2902 2908
f 2902 2906 2908
f 2909 2907 2908
f 2908 2905 2909
f 2907 2898 2896
f 2896 2908 2907
f 2904 2905 2906
f 2905 2904 1513
f 1510 1513 2904
f 1515 2909 2905
f 2905 1513 1515
f 1530 2912 706
f 2843 707 2912
f 2912 707 706
f 2910 2912 2911
f 1530 2911 2912
f 2911 1530 1529
f 2910 2842 2843
f 2843 2912 2910
f 1530 706 5
f 2843 2847 707
f 1538 2854 2910
f 2910 2911 1538
f 2911 1529 1538
f 2910 2854 2842
f 1538 2857 2854
f 2857 1538 1537
f 2857 1537 1512
f 2877 2553 623
f 2913 2703 2702
f 2717 2914 2913
f 2913 2702 2717
f 2917 2913 2914
f 2915 2717 2716
f 2914 2717 2915
f 2916 2917 2914
f 2916 2914 2915
f 2916 2918 2919
f 2919 2917 2916
f 2920 2919 2918
f 2923 2924 2922
f 2926 3287 2925
f 2923 2927 2925
f 2925 2924 2923
f 2927 2928 2926
f 2927 2926 2925
f 2739 2590 2893
f 2739 2893 2929
f 2929 2893 2930
f 2894 2930 2893
f 2931 2741 2739
f 2739 2929 2931
f 2932 2931 2929
f 2929 2930 2932
f 2930 2894 2897
f 2930 2897 2933
f 2933 2897 2898
f 2933 2898 2943
f 2932 2930 2933
f 2932 2933 2934
f 2935 2934 2933
f 2933 2943 2935
f 2747 2741 2931
f 2936 2747 2931
f 2932 2936 2931
f 2936 2932 2937
f 2936 2749 2747
f 2749 2936 2938
f 2938 2936 2937
f 2938 2937 2941
f 2937 2932 2934
f 2937 2934 2939
f 2940 2939 2934
f 2934 2935 2940
f 2941 2937 2939
f 2939 2942 2941
f 2940 2950 2942
f 2940 2942 2939
f 2944 2943 2907
f 2944 2907 2909
f 2944 2909 1597
f 2898 2907 2943
f 2945 2943 2944
f 1600 2945 2944
f 2944 1597 1600
f 2935 2943 2945
f 2909 1515 1597
f 2948 2947 2946
f 2946 2945 1600
f 2946 1600 2948
f 2940 2935 2945
f 2940 2945 2946
f 2940 2946 2947
f 2948 2949 2947
f 2951 2950 2940
f 2940 2947 2951
f 2951 2947 2949
f 1603 2948 1600
f 1605 2949 2948
f 2948 1603 1605
f 2938 2779 2749
f 2952 2785 2779
f 2779 2938 2952
f 2953 2952 2938
f 2938 2941 2953
f 2954 2787 2785
f 2785 2952 2954
f 2955 2954 2952
f 2952 2953 2955
f 2942 2956 2953
f 2941 2942 2953
f 2950 2957 2956
f 2950 2956 2942
f 2956 2958 2955
f 2955 2953 2956
f 2959 2958 2956
f 2956 2957 2959
f 2958 2959 2960
f 2951 2949 2966
f 2949 1605 2961
f 2961 1605 1606
f 2966 2949 2961
f 2961 1606 2962
f 2961 2963 2966
f 2963 2961 2962
f 2963 2962 2964
f 2951 2965 2957
f 2957 2950 2951
f 2966 2965 2951
f 2959 2957 2965
f 2965 2966 2967
f 2959 2965 2968
f 2968 2960 2959
f 2968 2965 2967
f 2968 2967 2969
f 2963 2970 2967
f 2963 2967 2966
f 2970 2963 2964
f 2971 2969 2967
f 2967 2970 2971
f 2964 2972 2970
f 2970 2972 2973
f 2971 2970 2973
f 2794 2787 2954
f 2794 2954 2974
f 2975 2974 2954
f 2954 2955 2975
f 2976 2796 2794
f 2794 2974 2976
f 2975 2977 2976
f 2976 2974 2975
f 2975 2955 2958
f 2975 2958 2978
f 2978 2958 2960
f 2978 2960 2979
f 2977 2975 2978
f 2977 2978 2980
f 2980 2978 2979
f 2980 2979 2981
f 2982 2801 2799
f 2799 2796 2976
f 2982 2799 2976
f 2976 2977 2982
f 2982 2977 2980
f 2988 2982 2980
f 2980 2981 2988
f 2982 2988 2983
f 2979 2960 2968
f 2979 2968 2984
f 2984 2968 2969
f 2984 2969 2985
f 2981 2979 2984
f 2981 2984 2986
f 2986 2984 2985
f 2986 2985 2987
f 2995 2985 2969
f 2995 2969 2971
f 2995 2997 2987
f 2987 2985 2995
f 2989 2988 2981
f 2981 2986 2989
f 2990 2989 2986
f 2986 2987 2990
f 2991 2983 2988
f 2988 2989 2991
f 2992 2991 2989
f 2989 2990 2992
f 2997 2993 2990
f 2990 2987 2997
f 2994 2992 2990
f 2990 2993 2994
f 2993 3025 2994
f 2995 2971 2973
f 2995 2973 2996
f 2998 2997 2995
f 2995 2996 2998
f 2999 2993 2997
f 2997 2998 2999
f 2993 2999 3025
f 3000 2962 1606
f 1650 3000 1606
f 2964 2962 3000
f 1650 3001 3000
f 1651 1652 3002
f 1650 1651 3002
f 3002 3001 1650
f 3000 3001 3003
f 2964 3000 3003
f 3003 3001 3002
f 3003 3002 3004
f 3002 1652 1655
f 3002 1655 3005
f 1656 3006 3005
f 3005 1655 1656
f 3004 3002 3007
f 3002 3005 3007
f 3007 3005 3006
f 3007 3006 3008
f 2972 2964 3003
f 2972 3003 3009
f 3009 3003 3004
f 3009 3004 3010
f 2973 2972 3009
f 2973 3009 3011
f 3011 3009 3010
f 3011 3010 3012
f 3013 3010 3004
f 3013 3004 3007
f 3013 3016 3012
f 3012 3010 3013
f 3007 3014 3013
f 3014 3007 3008
f 3014 3008 3015
f 3016 3013 3014
f 3017 3016 3014
f 3014 3015 3017
f 3018 3006 1656
f 1656 1669 3018
f 1671 3018 1669
f 3018 1671 3019
f 3008 3006 3018
f 3008 3018 3020
f 3020 3018 3019
f 3020 3019 3021
f 3022 3021 3019
f 3019 1671 1672
f 3022 3019 1672
f 1672 1674 3022
f 3023 3017 3015
f 3015 3008 3020
f 3015 3020 3023
f 3020 3021 3023
f 3024 3023 3021
f 3021 3022 3024
f 3026 2996 2973
f 2973 3011 3026
f 3027 3026 3011
f 3011 3012 3027
f 3028 2998 2996
f 2996 3026 3028
f 3029 3028 3026
f 3026 3027 3029
f 3016 3030 3027
f 3027 3012 3016
f 3031 3029 3027
f 3027 3030 3031
f 3030 3032 3031
f 3030 3016 3017
f 3017 3033 3030
f 3030 3033 3032
f 3034 2999 2998
f 2998 3028 3034
f 3035 3034 3028
f 3028 3029 3035
f 2999 3034 3025
f 3034 3036 3025
f 3037 3036 3034
f 3034 3035 3037
f 3038 3035 3029
f 3029 3031 3038
f 3039 3038 3031
f 3031 3032 3039
f 3040 3037 3035
f 3035 3038 3040
f 3041 3040 3038
f 3038 3039 3041
f 3044 3032 3033
f 3023 3044 3033
f 3033 3017 3023
f 3044 3023 3042
f 3053 3042 3023
f 3053 3023 3024
f 3053 3024 3043
f 3045 3039 3044
f 3039 3032 3044
f 3042 3046 3045
f 3042 3045 3044
f 3047 3041 3039
f 3039 3045 3047
f 3047 3045 3046
f 3047 3046 3048
f 3042 3053 3049
f 3049 3046 3042
f 3053 3043 3050
f 3050 3049 3053
f 3048 3046 3049
f 3048 3049 3051
f 3051 3049 3050
f 3051 3050 3052
f 3054 2823 2821
f 3055 2827 2826
f 3056 2826 2823
f 2823 3054 3056
f 3054 3057 3056
f 2826 3056 3055
f 3056 3057 3058
f 3056 3058 3055
f 3099 3060 3058
f 3059 3099 3058
f 3058 3057 3059
f 3061 3060 3099
f 3063 2832 2831
f 3062 2830 2832
f 3062 2832 3063
f 3064 3062 3063
f 3062 2915 2716
f 2716 2830 3062
f 3062 3065 3066
f 3066 2915 3062
f 2915 3066 2916
f 3062 3064 3065
f 3067 3066 3065
f 2918 2916 3066
f 2918 3066 3067
f 3068 2920 2918
f 3068 2918 3067
f 3064 3074 3067
f 3067 3065 3064
f 3074 3069 3070
f 3070 3067 3074
f 3067 3070 3068
f 3063 2831 2827
f 3063 2827 3055
f 3071 3072 3063
f 3055 3071 3063
f 3063 3072 3064
f 3055 3058 3071
f 3073 3072 3071
f 3073 3074 3064
f 3064 3072 3073
f 3075 3076 3074
f 3075 3074 3073
f 3071 3058 3060
f 3073 3071 3060
f 3077 3073 3060
f 3077 3060 3061
f 3073 3077 3075
f 3074 3076 3069
f 3068 3078 2921
f 2921 2920 3068
f 3078 3079 3080
f 3080 2921 3078
f 3081 3070 3069
f 3078 3068 3070
f 3070 3081 3078
f 3082 3079 3078
f 3078 3081 3082
f 3083 3080 3079
f 3094 3083 3079
f 3094 3079 3082
f 3095 3084 3083
f 3095 3083 3094
f 3085 3076 3075
f 3086 3087 3077
f 3086 3077 3061
f 3088 3087 3086
f 3075 3077 3087
f 3075 3087 3085
f 3085 3087 3088
f 3088 3089 3085
f 3092 3089 3088
f 3088 3090 3092
f 3093 3092 3090
f 3090 3091 3093
f 3081 3069 3076
f 3076 3085 3081
f 3085 3089 3082
f 3082 3081 3085
f 3089 3092 3094
f 3094 3082 3089
f 3092 3093 3095
f 3095 3094 3092
f 2982 3054 2821
f 2821 2801 2982
f 3054 2982 3096
f 3098 3096 2982
f 3098 2982 2983
f 3098 2983 3097
f 3054 3096 3057
f 3059 3057 3096
f 3096 3098 3059
f 3098 3099 3059
f 3100 3099 3098
f 3098 3097 3100
f 3061 3099 3100
f 3107 3097 2983
f 3107 2983 2991
f 3102 3107 2991
f 2991 2992 3102
f 3107 3102 3101
f 3103 3102 2992
f 2992 2994 3103
f 3104 3103 2994
f 2994 3025 3104
f 3105 3101 3102
f 3102 3103 3105
f 3106 3105 3103
f 3103 3104 3106
f 3108 3100 3107
f 3100 3097 3107
f 3109 3108 3107
f 3110 3061 3100
f 3100 3108 3110
f 3111 3110 3108
f 3108 3109 3111
f 3107 3101 3109
f 3112 3113 3111
f 3111 3109 3112
f 3115 3114 3113
f 3115 3113 3112
f 3109 3101 3105
f 3112 3109 3105
f 3115 3112 3105
f 3105 3106 3115
f 3061 3110 3086
f 3086 3110 3111
f 3086 3111 3088
f 3088 3111 3113
f 3088 3113 3090
f 3091 3090 3113
f 3113 3114 3091
f 3117 3180 3119
f 3118 3436 3119
f 3118 3119 3180
f 3121 3122 3120
f 3095 3140 3120
f 3120 3084 3095
f 3123 3121 3120
f 3123 3120 3140
f 3124 3125 3122
f 3124 3122 3121
f 3126 3127 3125
f 3126 3125 3124
f 3129 3130 3128
f 3121 3123 3128
f 3121 3128 3124
f 3124 3128 3130
f 3124 3130 3126
f 3093 3091 3131
f 3093 3131 3133
f 3133 3131 3132
f 3133 3132 3134
f 3135 3136 3137
f 3138 3167 3139
f 3134 3132 3138
f 3134 3138 3135
f 3136 3135 3138
f 3138 3139 3136
f 3133 3140 3095
f 3133 3095 3093
f 3133 3134 3123
f 3123 3140 3133
f 3134 3135 3128
f 3134 3128 3123
f 3129 3128 3135
f 3135 3137 3129
f 3143 3144 3141
f 3466 3142 3144
f 3466 3144 3143
f 3126 3145 2922
f 2922 3127 3126
f 3145 3146 2923
f 3145 2923 2922
f 3149 3145 3130
f 3149 3130 3129
f 3141 3146 3145
f 3149 3141 3145
f 3126 3130 3145
f 3147 2927 3146
f 3147 3142 2928
f 2928 2927 3147
f 2923 3146 2927
f 3146 3141 3144
f 3146 3144 3147
f 3147 3144 3142
f 3136 3150 3149
f 3149 3137 3136
f 3148 3141 3149
f 3148 3149 3150
f 3167 3116 3150
f 3150 3139 3167
f 3148 3116 3117
f 3116 3148 3150
f 3150 3136 3139
f 3148 3151 3152
f 3151 3436 3466
f 3466 3152 3151
f 3143 3141 3148
f 3148 3152 3143
f 3143 3152 3466
f 3151 3148 3117
f 3117 3119 3151
f 3436 3151 3119
f 3149 3129 3137
f 3036 3153 3104
f 3025 3036 3104
f 3154 3153 3036
f 3155 3106 3104
f 3104 3153 3155
f 3156 3155 3153
f 3153 3154 3156
f 3159 3156 3154
f 3154 3157 3159
f 3159 3157 3158
f 3159 3158 3160
f 3163 3161 3114
f 3163 3114 3115
f 3163 3164 3162
f 3162 3161 3163
f 3163 3115 3106
f 3106 3155 3163
f 3164 3163 3155
f 3155 3156 3164
f 3164 3168 3166
f 3166 3162 3164
f 3165 3167 3166
f 3165 3166 3168
f 3164 3156 3159
f 3164 3159 3168
f 3165 3168 3159
f 3165 3159 3160
f 3036 3037 3154
f 3154 3037 3040
f 3154 3040 3157
f 3158 3157 3040
f 3040 3041 3158
f 3169 3170 3171
f 3160 3158 3169
f 3160 3169 3172
f 3172 3169 3171
f 3172 3171 3173
f 3170 3051 3176
f 3176 3171 3170
f 3051 3052 3177
f 3177 3176 3051
f 3174 3173 3171
f 3174 3171 3176
f 3175 3174 3176
f 3176 3177 3175
f 3178 3173 3179
f 3167 3165 3178
f 3167 3178 3116
f 3116 3178 3179
f 3116 3179 3117
f 3178 3165 3160
f 3160 3172 3178
f 3173 3178 3172
f 3174 3180 3179
f 3174 3179 3173
f 3175 3118 3180
f 3180 3174 3175
f 3180 3117 3179
f 3169 3158 3041
f 3041 3047 3169
f 3170 3169 3047
f 3047 3048 3170
f 3051 3170 3048
f 3131 3091 3114
f 3114 3161 3131
f 3132 3131 3161
f 3161 3162 3132
f 3138 3132 3162
f 3162 3166 3138
f 3167 3138 3166
f 896 642 2654
f 3181 908 896
f 3181 896 2654
f 3182 908 3181
f 908 3182 909
f 2668 3183 3181
f 3181 2654 2657
f 3181 2657 2668
f 3184 3182 3181
f 3184 3181 3183
f 3185 3186 913
f 913 909 3182
f 913 3182 3185
f 3187 914 913
f 3187 913 3186
f 3184 3188 3185
f 3185 3182 3184
f 3185 3188 3186
f 3188 3189 3187
f 3187 3186 3188
f 2668 2670 3183
f 2669 3190 3184
f 3184 3183 2670
f 3184 2670 2669
f 2669 2673 3190
f 3191 3189 3188
f 3190 3191 3188
f 3188 3184 3190
f 2672 3191 3190
f 3190 2673 2672
f 2672 2703 3191
f 3192 987 914
f 3192 914 3187
f 3192 3193 988
f 988 987 3192
f 3194 3192 3187
f 3194 3187 3189
f 3195 3193 3192
f 3195 3192 3194
f 3196 988 3193
f 3196 3193 3195
f 992 988 3196
f 992 3196 993
f 3197 3195 3194
f 3191 3197 3194
f 3194 3189 3191
f 3198 3196 3195
f 3198 3195 3197
f 3199 3202 999
f 3199 999 993
f 993 3196 3199
f 3202 3200 3217
f 3217 1000 999
f 3217 999 3202
f 3201 3202 3199
f 3198 3201 3199
f 3199 3196 3198
f 3201 3203 3204
f 3204 3202 3201
f 3202 3204 3200
f 2913 3205 3197
f 2913 3197 3191
f 2913 3191 2703
f 3207 3206 3198
f 3198 3197 3207
f 3197 3205 3207
f 2913 2917 3205
f 2917 2919 3207
f 3207 3205 2917
f 3208 3206 3207
f 3208 3207 2919
f 2919 2920 3208
f 3209 3201 3198
f 3209 3198 3206
f 3212 3214 3253
f 3253 3203 3201
f 3212 3253 3201
f 3201 3209 3212
f 2921 3080 3210
f 3210 3209 3206
f 3210 3206 3208
f 2921 3210 3208
f 3208 2920 2921
f 3211 3212 3209
f 3210 3211 3209
f 3211 3213 3214
f 3214 3212 3211
f 3215 3211 3210
f 3215 3210 3080
f 3216 3213 3211
f 3216 3211 3215
f 3219 3218 1000
f 3219 1000 3217
f 3220 1043 3218
f 3220 3218 3219
f 3221 3219 3217
f 3221 3217 3200
f 3222 3220 3219
f 3222 3219 3221
f 3220 3223 1047
f 1047 1043 3220
f 3223 3224 1048
f 1048 1047 3223
f 3225 3223 3220
f 3225 3220 3222
f 3225 3226 3224
f 3224 3223 3225
f 3203 3227 3228
f 3228 3204 3203
f 3229 3228 3227
f 3231 3232 3230
f 3228 3221 3200
f 3228 3200 3204
f 3233 3222 3221
f 3233 3221 3228
f 3228 3229 3233
f 3234 3225 3222
f 3234 3222 3233
f 3234 3235 3226
f 3226 3225 3234
f 3234 3233 3229
f 3229 3230 3234
f 3234 3230 3232
f 3234 3232 3235
f 3237 1058 1064
f 3237 1064 3236
f 3238 3236 3243
f 3238 3239 3237
f 3237 3236 3238
f 3224 3240 1061
f 1061 1048 3224
f 3240 3241 1062
f 1062 1061 3240
f 3226 3242 3240
f 3240 3224 3226
f 3242 3243 3241
f 3241 3240 3242
f 3241 3236 1064
f 1064 1062 3241
f 3243 3236 3241
f 3245 3246 3244
f 3247 3244 3232
f 3247 3232 3231
f 3248 3245 3244
f 3247 3248 3244
f 3249 3238 3243
f 3249 3243 3246
f 3249 3246 3245
f 3249 3250 3239
f 3239 3238 3249
f 3248 3252 3249
f 3249 3245 3248
f 3251 3250 3252
f 3250 3249 3252
f 3235 3244 3242
f 3242 3226 3235
f 3242 3244 3246
f 3246 3243 3242
f 3235 3232 3244
f 3254 3227 3203
f 3254 3203 3253
f 3255 3229 3227
f 3255 3227 3254
f 3256 3254 3253
f 3256 3253 3214
f 3257 3255 3254
f 3257 3254 3256
f 3258 3230 3229
f 3258 3229 3255
f 3258 3259 3231
f 3231 3230 3258
f 3260 3258 3255
f 3260 3255 3257
f 3260 3269 3259
f 3259 3258 3260
f 3213 3261 3262
f 3262 3214 3213
f 3263 3262 3261
f 3214 3262 3256
f 3257 3256 3262
f 3262 3263 3257
f 3264 3261 3213
f 3264 3213 3216
f 3264 3265 3263
f 3263 3261 3264
f 3266 3267 3263
f 3268 3269 3267
f 3268 3267 3266
f 3257 3263 3267
f 3257 3267 3260
f 3260 3267 3269
f 3265 3125 3266
f 3266 3263 3265
f 3125 3127 3268
f 3268 3266 3125
f 3259 3270 3247
f 3247 3231 3259
f 3270 3271 3248
f 3248 3247 3270
f 3269 3272 3270
f 3270 3259 3269
f 3270 3272 3273
f 3273 3271 3270
f 3275 3251 3274
f 3271 3274 3252
f 3252 3248 3271
f 3252 3274 3251
f 3276 3274 3273
f 3276 3287 3275
f 3275 3274 3276
f 3271 3273 3274
f 3277 3272 3269
f 3277 3269 3268
f 3277 2924 3273
f 3273 3272 3277
f 2922 3277 3268
f 2922 3268 3127
f 3277 2922 2924
f 2924 2925 3276
f 3276 3273 2924
f 3276 2925 3287
f 3080 3083 3215
f 3216 3215 3083
f 3083 3084 3216
f 3216 3084 3120
f 3216 3120 3264
f 3264 3120 3122
f 3264 3122 3265
f 3265 3122 3125
f 3702 3278 1344
f 3278 3702 3703
f 3708 3291 3278
f 3278 3703 3708
f 3292 3291 3708
f 3708 3286 3292
f 3278 3280 1347
f 1347 1344 3278
f 3279 1348 1347
f 3279 1347 3280
f 3310 3282 3279
f 3279 3281 3310
f 3278 3291 3315
f 3315 3283 3280
f 3315 3280 3278
f 3281 3279 3280
f 3281 3280 3283
f 3285 3286 3289
f 3288 3289 3287
f 3288 3293 3285
f 3288 3285 3289
f 3290 3291 3295
f 3285 3295 3292
f 3292 3286 3285
f 3292 3295 3291
f 3294 3295 3293
f 3294 3306 3290
f 3290 3295 3294
f 3285 3293 3295
f 3298 3306 3297
f 3300 3297 3296
f 3300 3299 3298
f 3298 3297 3300
f 3302 3293 3301
f 2926 3301 3288
f 2926 3288 3287
f 3288 3301 3293
f 3465 3301 2928
f 3465 3296 3302
f 3302 3301 3465
f 2926 2928 3301
f 3302 3297 3294
f 3302 3294 3293
f 3294 3297 3306
f 3302 3296 3297
f 3304 3305 3303
f 3307 3308 3306
f 3309 3304 3303
f 3307 3309 3303
f 3303 3308 3307
f 3311 3310 3281
f 3311 3281 3305
f 3311 3305 3304
f 3311 3314 3282
f 3282 3310 3311
f 3313 3314 3312
f 3309 3312 3311
f 3311 3304 3309
f 3311 3312 3314
f 3290 3308 3315
f 3315 3291 3290
f 3315 3303 3305
f 3305 3283 3315
f 3303 3315 3308
f 3290 3306 3308
f 3283 3305 3281
f 3298 3316 3307
f 3307 3306 3298
f 3307 3316 3317
f 3317 3309 3307
f 3318 3316 3299
f 3319 3317 3316
f 3318 3319 3316
f 3298 3299 3316
f 3320 3312 3317
f 3320 3321 3313
f 3313 3312 3320
f 3309 3317 3312
f 3319 3452 3320
f 3320 3317 3319
f 3284 3321 3320
f 3284 3320 3452
f 3322 3323 1376
f 1376 1375 3322
f 3329 3324 3584
f 3584 1377 1376
f 3584 1376 3329
f 1376 3323 3329
f 3367 3325 3328
f 3328 3323 3322
f 3328 3322 3367
f 3326 3327 3324
f 3324 3329 3326
f 3330 3329 3323
f 3330 3323 3328
f 3330 3326 3329
f 3327 3326 3331
f 3332 3330 3328
f 3332 3328 3325
f 3332 3331 3326
f 3326 3330 3332
f 3333 1380 1348
f 3333 1348 3279
f 3333 3334 1381
f 1381 1380 3333
f 3360 3358 3333
f 3360 3333 3279
f 3279 3282 3360
f 3358 3335 3334
f 3334 3333 3358
f 3334 3322 1375
f 1375 1381 3334
f 3367 3322 3334
f 3334 3335 3367
f 3337 3338 3336
f 3341 3339 3338
f 3341 3338 3337
f 3341 3342 3340
f 3340 3339 3341
f 3343 3325 3367
f 3343 3367 3368
f 3345 3343 3368
f 3345 3368 3344
f 3347 3332 3325
f 3347 3325 3343
f 3347 3346 3331
f 3331 3332 3347
f 3345 3349 3347
f 3347 3343 3345
f 3349 3348 3346
f 3346 3347 3349
f 3350 3344 3340
f 3350 3351 3345
f 3345 3344 3350
f 3342 3352 3350
f 3350 3340 3342
f 3352 3353 3351
f 3351 3350 3352
f 3351 3355 3349
f 3349 3345 3351
f 3354 3348 3349
f 3354 3349 3355
f 3356 3354 3519
f 3353 3519 3355
f 3355 3351 3353
f 3519 3354 3355
f 3359 3358 3357
f 3357 3360 3282
f 3357 3282 3314
f 3360 3357 3358
f 3361 3357 3314
f 3361 3314 3313
f 3361 3362 3359
f 3359 3357 3361
f 3365 3363 3366
f 3359 3366 3335
f 3335 3358 3359
f 3365 3366 3359
f 3359 3362 3365
f 3321 3364 3361
f 3361 3313 3321
f 3364 3338 3362
f 3362 3361 3364
f 3321 3284 3336
f 3321 3336 3364
f 3364 3336 3338
f 3338 3339 3365
f 3365 3362 3338
f 3365 3339 3340
f 3340 3363 3365
f 3366 3368 3367
f 3367 3335 3366
f 3344 3368 3366
f 3344 3366 3363
f 3363 3340 3344
f 3022 1674 2173
f 3022 2173 3369
f 3370 3369 2173
f 2173 2178 3370
f 3371 3024 3022
f 3022 3369 3371
f 3372 3371 3369
f 3369 3370 3372
f 2178 3373 3370
f 3374 3375 3372
f 3373 3374 3372
f 3372 3370 3373
f 3376 3377 3375
f 3376 3375 3374
f 3043 3024 3371
f 3043 3371 3378
f 3379 3378 3371
f 3371 3372 3379
f 3380 3477 3050
f 3050 3043 3378
f 3050 3378 3380
f 3385 3380 3378
f 3378 3379 3385
f 3484 3385 3486
f 3386 3379 3372
f 3386 3372 3375
f 3386 3375 3390
f 3375 3393 3390
f 3400 3393 3375
f 3375 3377 3400
f 3393 3400 3384
f 3387 3385 3379
f 3379 3386 3387
f 3388 3387 3386
f 3386 3390 3388
f 3389 3486 3385
f 3385 3387 3389
f 3381 3389 3387
f 3387 3388 3381
f 3390 3393 3391
f 3391 3388 3390
f 3384 3392 3391
f 3384 3391 3393
f 3381 3388 3391
f 3381 3391 3382
f 3383 3382 3391
f 3391 3392 3383
f 3376 3394 3401
f 3401 3377 3376
f 3402 3400 3377
f 3377 3401 3402
f 3403 3402 3401
f 3403 3401 3394
f 3404 3384 3400
f 3400 3402 3404
f 3405 3404 3402
f 3402 3403 3405
f 3717 3406 3403
f 3717 3403 3394
f 3407 3406 3717
f 3408 3405 3403
f 3403 3406 3408
f 3409 3408 3406
f 3406 3407 3409
f 3404 3410 3392
f 3404 3392 3384
f 3405 3411 3410
f 3405 3410 3404
f 3396 3383 3392
f 3392 3410 3396
f 3397 3396 3410
f 3410 3411 3397
f 3412 3413 3411
f 3412 3411 3405
f 3414 3413 3412
f 3398 3397 3411
f 3411 3413 3398
f 3399 3398 3413
f 3413 3414 3399
f 3405 3408 3412
f 3412 3408 3409
f 3412 3409 3414
f 3417 3418 3419
f 3422 3409 3407
f 3407 3420 3422
f 3422 3420 3421
f 3422 3421 3423
f 3421 3424 3425
f 3424 3395 3426
f 3426 3425 3424
f 3423 3421 3425
f 3423 3425 3427
f 3427 3425 3426
f 3427 3426 3681
f 3415 3399 3414
f 3414 3428 3415
f 3415 3428 3429
f 3415 3429 3416
f 3414 3409 3422
f 3414 3422 3428
f 3429 3428 3422
f 3422 3423 3429
f 3429 3430 3431
f 3430 3681 3432
f 3432 3431 3430
f 3417 3416 3429
f 3429 3431 3417
f 3418 3417 3431
f 3431 3432 3418
f 3430 3429 3423
f 3423 3427 3430
f 3681 3430 3427
f 3434 3435 3433
f 3438 3439 3437
f 3441 3442 3440
f 3436 3118 3440
f 3436 3440 3437
f 3438 3437 3440
f 3440 3442 3438
f 3444 3433 3439
f 3444 3439 3438
f 3444 3446 3434
f 3434 3433 3444
f 3443 3444 3442
f 3443 3442 3441
f 3445 3446 3444
f 3445 3444 3443
f 3444 3438 3442
f 3449 3447 3435
f 3449 3435 3434
f 3450 3448 3447
f 3449 3450 3447
f 3451 3452 3448
f 3453 3284 3452
f 3453 3452 3451
f 3450 3454 3451
f 3451 3448 3450
f 3454 3455 3453
f 3453 3451 3454
f 3446 3457 3449
f 3449 3434 3446
f 3457 3459 3450
f 3450 3449 3457
f 3456 3457 3446
f 3456 3446 3445
f 3458 3459 3457
f 3458 3457 3456
f 3459 3462 3454
f 3454 3450 3459
f 3460 3455 3454
f 3460 3454 3462
f 3461 3462 3459
f 3461 3459 3458
f 3463 3460 3462
f 3463 3462 3461
f 3464 3465 3142
f 3464 3469 3296
f 3296 3465 3464
f 3468 3469 3467
f 3466 3467 3464
f 3466 3464 3142
f 3464 3467 3469
f 3470 3471 3469
f 3472 3299 3471
f 3472 3471 3470
f 3296 3469 3471
f 3471 3300 3296
f 3300 3471 3299
f 3468 3433 3470
f 3470 3469 3468
f 3470 3433 3435
f 3470 3435 3472
f 2928 3142 3465
f 3436 3437 3467
f 3436 3467 3466
f 3467 3437 3439
f 3467 3439 3468
f 3468 3439 3433
f 3472 3447 3318
f 3318 3299 3472
f 3447 3448 3319
f 3447 3319 3318
f 3472 3435 3447
f 3319 3448 3452
f 3175 3473 3474
f 3473 3475 3476
f 3476 3474 3473
f 3052 3477 3478
f 3478 3177 3052
f 3477 3380 3479
f 3479 3478 3477
f 3473 3175 3177
f 3177 3478 3473
f 3475 3473 3478
f 3478 3479 3475
f 3480 3481 3476
f 3480 3476 3475
f 3482 3483 3481
f 3482 3481 3480
f 3484 3485 3479
f 3484 3479 3380
f 3486 3487 3485
f 3485 3484 3486
f 3480 3475 3479
f 3479 3485 3480
f 3480 3485 3487
f 3480 3487 3482
f 3440 3118 3175
f 3175 3474 3440
f 3441 3440 3474
f 3474 3476 3441
f 3443 3441 3476
f 3476 3481 3443
f 3445 3443 3481
f 3481 3483 3445
f 3477 3052 3050
f 3484 3380 3385
f 3482 3488 3489
f 3489 3483 3482
f 3488 3490 3491
f 3491 3489 3488
f 3486 3389 3492
f 3492 3487 3486
f 3389 3381 3493
f 3493 3492 3389
f 3482 3487 3492
f 3482 3492 3488
f 3488 3492 3493
f 3488 3493 3490
f 3490 3496 3494
f 3494 3491 3490
f 3496 3495 3463
f 3463 3494 3496
f 3381 3382 3496
f 3381 3496 3493
f 3496 3382 3383
f 3496 3383 3495
f 3496 3490 3493
f 3456 3445 3483
f 3483 3489 3456
f 3456 3489 3491
f 3456 3491 3458
f 3458 3491 3494
f 3458 3494 3461
f 3461 3494 3463
f 3453 3497 3336
f 3336 3284 3453
f 3497 3498 3337
f 3337 3336 3497
f 3455 3499 3497
f 3497 3453 3455
f 3499 3501 3498
f 3498 3497 3499
f 3498 3500 3341
f 3341 3337 3498
f 3500 3504 3342
f 3342 3341 3500
f 3503 3504 3502
f 3498 3501 3502
f 3502 3500 3498
f 3500 3502 3504
f 3508 3509 3507
f 3510 3511 3460
f 3512 3501 3511
f 3512 3511 3510
f 3455 3460 3511
f 3455 3511 3499
f 3499 3511 3501
f 3463 3505 3510
f 3510 3460 3463
f 3505 3506 3512
f 3505 3512 3510
f 3513 3502 3501
f 3512 3513 3501
f 3513 3509 3503
f 3503 3502 3513
f 3512 3506 3507
f 3512 3507 3513
f 3513 3507 3509
f 3504 3514 3352
f 3352 3342 3504
f 3514 3515 3353
f 3514 3353 3352
f 3516 3514 3504
f 3516 3504 3503
f 3517 3515 3514
f 3516 3517 3514
f 3518 3519 3515
f 3519 3520 3356
f 3520 3519 3518
f 3353 3515 3519
f 3517 3521 3518
f 3518 3515 3517
f 3521 3528 3520
f 3520 3518 3521
f 3522 3523 3509
f 3522 3509 3508
f 3524 3525 3523
f 3524 3523 3522
f 3527 3528 3526
f 3524 3529 3526
f 3526 3525 3524
f 3529 3695 3527
f 3527 3526 3529
f 3509 3523 3516
f 3516 3503 3509
f 3523 3525 3517
f 3517 3516 3523
f 3526 3521 3517
f 3526 3517 3525
f 3521 3526 3528
f 3531 3505 3463
f 3531 3463 3495
f 3530 3506 3505
f 3531 3530 3505
f 3495 3383 3396
f 3495 3396 3531
f 3530 3531 3396
f 3530 3396 3397
f 3507 3506 3530
f 3530 3532 3507
f 3508 3507 3532
f 3532 3533 3508
f 3532 3530 3397
f 3397 3398 3532
f 3533 3532 3398
f 3398 3399 3533
f 3522 3508 3533
f 3533 3534 3522
f 3522 3534 3535
f 3522 3535 3524
f 3534 3533 3399
f 3399 3415 3534
f 3535 3534 3415
f 3415 3416 3535
f 3536 3537 3535
f 3538 3695 3537
f 3538 3537 3536
f 3524 3535 3537
f 3524 3537 3529
f 3529 3537 3695
f 3535 3416 3417
f 3535 3417 3536
f 3536 3417 3419
f 3536 3419 3538
f 3540 1459 1458
f 3540 1458 3539
f 3541 3539 1458
f 1458 1461 3541
f 3543 3540 3539
f 3543 3539 3542
f 3544 3542 3539
f 3539 3541 3544
f 3582 3545 1465
f 1465 1464 3582
f 3590 3546 3545
f 3548 1461 1466
f 3548 1466 3547
f 3541 1461 3548
f 3547 1466 1465
f 3547 1465 3545
f 3550 3548 3547
f 3550 3547 3549
f 3544 3541 3548
f 3544 3548 3550
f 3564 3549 3547
f 3564 3547 3545
f 3564 3545 3546
f 3551 3543 3542
f 3556 3551 3542
f 3556 3542 3544
f 3552 3556 3544
f 3554 3555 3553
f 3553 3551 3556
f 3553 3556 3557
f 3557 3556 3552
f 3557 3552 3558
f 3554 3553 3557
f 3554 3557 3559
f 3560 3561 3558
f 3561 3559 3557
f 3557 3558 3561
f 3566 3563 3550
f 3550 3549 3566
f 3563 3566 3562
f 3563 3552 3544
f 3563 3544 3550
f 3566 3549 3564
f 3566 3564 3565
f 3596 3565 3564
f 3564 3546 3596
f 3562 3566 3565
f 3562 3565 3567
f 3598 3567 3565
f 3565 3596 3598
f 3568 3569 3563
f 3563 3562 3568
f 3570 3571 3569
f 3569 3568 3570
f 3569 3558 3552
f 3552 3563 3569
f 3560 3558 3569
f 3560 3569 3571
f 3568 3562 3567
f 3568 3567 3572
f 3604 3572 3567
f 3567 3598 3604
f 3573 3570 3568
f 3568 3572 3573
f 3573 3572 3604
f 3573 3604 3606
f 2277 602 1459
f 2277 1459 3540
f 2279 2277 3540
f 2279 3540 3543
f 3574 2297 2279
f 3574 2279 3543
f 3574 3543 3551
f 2305 2297 3574
f 2305 3574 3575
f 3553 3575 3574
f 3574 3551 3553
f 2307 2305 3575
f 2307 3575 3555
f 3575 3553 3555
f 3577 1468 3579
f 3577 3578 3576
f 3578 3577 3579
f 3579 3580 3578
f 3580 3579 3585
f 3576 3581 1464
f 3581 3576 3578
f 3581 3582 1464
f 3581 3578 3583
f 3581 3583 3545
f 3545 3582 3581
f 3580 3583 3578
f 3584 3579 1468
f 1468 1377 3584
f 3324 3585 3579
f 3579 3584 3324
f 3586 3587 3580
f 3580 3585 3586
f 3587 3586 3588
f 3589 3590 3545
f 3545 3583 3589
f 3587 3589 3583
f 3583 3580 3587
f 3546 3590 3589
f 3546 3589 3591
f 3591 3589 3587
f 3591 3587 3588
f 3592 3585 3324
f 3592 3324 3327
f 3592 3586 3585
f 3593 3592 3327
f 3593 3327 3331
f 3593 3588 3586
f 3586 3592 3593
f 3596 3546 3591
f 3596 3591 3597
f 3597 3591 3588
f 3597 3588 3594
f 3598 3596 3597
f 3598 3597 3599
f 3599 3597 3594
f 3599 3594 3595
f 3600 3593 3331
f 3600 3331 3346
f 3600 3594 3588
f 3588 3593 3600
f 3601 3600 3346
f 3601 3346 3348
f 3601 3595 3594
f 3594 3600 3601
f 3604 3598 3599
f 3604 3599 3605
f 3602 3605 3599
f 3599 3595 3602
f 3606 3604 3605
f 3606 3605 3607
f 3603 3607 3605
f 3605 3602 3603
f 3354 3608 3601
f 3601 3348 3354
f 3602 3595 3601
f 3602 3601 3608
f 3356 3609 3608
f 3608 3354 3356
f 3603 3602 3608
f 3603 3608 3609
f 3610 3613 3555
f 3555 3554 3610
f 3612 3613 3611
f 3610 3611 3613
f 3611 3610 3614
f 3610 3554 3559
f 3610 3559 3616
f 3615 3616 3561
f 3561 3560 3615
f 3559 3561 3616
f 3617 3614 3610
f 3610 3616 3617
f 3617 3616 3615
f 3617 3615 3618
f 3619 2403 3612
f 3612 3611 3619
f 3619 3611 3614
f 3619 3614 3626
f 3620 2452 2403
f 2403 3619 3620
f 3620 3626 3621
f 3626 3620 3619
f 3623 3622 3624
f 3625 3626 3617
f 3614 3617 3626
f 3625 3617 3618
f 3625 3618 3622
f 3625 3621 3626
f 3623 3621 3625
f 3622 3623 3625
f 3628 3629 3627
f 3633 3630 3629
f 3629 3628 3633
f 3631 3630 3678
f 3678 3633 3632
f 3633 3678 3630
f 3635 3634 3571
f 3571 3570 3635
f 3636 3634 3635
f 3636 3635 3642
f 3615 3560 3571
f 3615 3571 3634
f 3636 3618 3615
f 3615 3634 3636
f 3635 3570 3573
f 3635 3573 3637
f 3637 3573 3606
f 3637 3606 3627
f 3638 3642 3637
f 3635 3637 3642
f 3629 3638 3637
f 3637 3627 3629
f 3639 3622 3636
f 3641 3642 3640
f 3641 3639 3636
f 3636 3642 3641
f 3644 3645 3643
f 3624 3622 3639
f 3624 3639 3645
f 3624 3645 3644
f 3640 3643 3645
f 3645 3641 3640
f 3643 3640 3631
f 3641 3645 3639
f 3636 3622 3618
f 3638 3640 3642
f 3640 3638 3630
f 3629 3630 3638
f 3640 3630 3631
f 3647 3648 3646
f 3650 3651 3649
f 3653 3654 3652
f 2440 3655 3650
f 3655 2440 2441
f 3655 2441 3653
f 3655 3656 3651
f 3655 3651 3650
f 3652 3656 3655
f 3653 3652 3655
f 3649 3651 3659
f 3657 3649 3659
f 3659 3658 3657
f 3395 3658 3660
f 3660 3658 3659
f 3660 3659 3679
f 3652 3654 3647
f 3661 3652 3647
f 3661 3662 3679
f 3647 3646 3662
f 3647 3662 3661
f 3659 3651 3656
f 3659 3656 3661
f 3661 3656 3652
f 3679 3659 3661
f 3665 2447 2448
f 2448 3667 3665
f 3665 3667 3663
f 3666 3665 3663
f 3666 3663 3664
f 2451 2452 3620
f 3667 2451 3620
f 3663 3667 3620
f 3620 3621 3663
f 3621 3664 3663
f 3667 2448 2451
f 3664 3623 3669
f 3669 3670 3668
f 3669 3623 3624
f 3624 3670 3669
f 3666 3669 3647
f 3669 3666 3664
f 3647 3669 3668
f 3668 3648 3647
f 3623 3664 3621
f 2456 2457 3665
f 2456 3665 3653
f 3665 2457 2447
f 3665 3666 3654
f 3665 3654 3653
f 3653 2441 2456
f 3647 3654 3666
f 3672 3631 3677
f 3673 3646 3648
f 3673 3648 3672
f 3671 3673 3677
f 3677 3673 3672
f 3676 3632 3674
f 3675 3671 3676
f 3675 3674 3419
f 3675 3419 3418
f 3676 3674 3675
f 3677 3678 3676
f 3677 3631 3678
f 3632 3676 3678
f 3677 3676 3671
f 3679 3680 3682
f 3682 3683 3681
f 3683 3680 3671
f 3680 3683 3682
f 3426 3395 3660
f 3426 3660 3682
f 3679 3682 3660
f 3682 3681 3426
f 3680 3662 3673
f 3662 3680 3679
f 3673 3662 3646
f 3671 3680 3673
f 3675 3681 3683
f 3681 3675 3432
f 3675 3683 3671
f 3418 3432 3675
f 3668 3670 3644
f 3668 3644 3643
f 3672 3668 3643
f 3644 3670 3624
f 3631 3672 3643
f 3672 3648 3668
f 2473 2307 3555
f 2473 3555 3613
f 2473 3613 3612
f 3684 3603 3687
f 3686 3687 3685
f 3687 3688 3684
f 3688 3687 3686
f 3690 3627 3606
f 3606 3607 3690
f 3627 3690 3689
f 3684 3689 3690
f 3690 3607 3603
f 3690 3603 3684
f 3692 3689 3691
f 3628 3627 3689
f 3628 3689 3692
f 3691 3689 3684
f 3691 3684 3688
f 3520 3687 3609
f 3609 3356 3520
f 3687 3603 3609
f 3520 3685 3687
f 3685 3520 3528
f 3694 3686 3685
f 3694 3685 3528
f 3694 3528 3527
f 3694 3693 3688
f 3688 3686 3694
f 3632 3693 3696
f 3527 3695 3696
f 3696 3694 3527
f 3694 3696 3693
f 3692 3691 3693
f 3633 3692 3693
f 3633 3628 3692
f 3688 3693 3691
f 3693 3632 3633
f 3538 3674 3696
f 3696 3695 3538
f 3696 3674 3632
f 3538 3419 3674
f 3237 3698 1503
f 1503 1058 3237
f 3697 1501 1503
f 3697 1503 3698
f 3700 3699 3697
f 3239 3700 3698
f 3698 3237 3239
f 3700 3697 3698
f 3697 3701 1506
f 1506 1501 3697
f 3702 1344 1506
f 3702 1506 3701
f 3699 3703 3701
f 3701 3697 3699
f 3702 3701 3703
f 3705 3706 3699
f 3699 3700 3705
f 3706 3705 3704
f 3250 3704 3705
f 3705 3700 3239
f 3705 3239 3250
f 3707 3704 3251
f 3707 3286 3706
f 3706 3704 3707
f 3250 3251 3704
f 3708 3703 3699
f 3708 3699 3706
f 3708 3706 3286
f 3275 3289 3707
f 3707 3251 3275
f 3707 3289 3286
f 3275 3287 3289
f 3373 2178 2481
f 2481 3709 3373
f 3710 3709 2481
f 2481 2482 3710
f 3373 3709 3374
f 3374 3709 3710
f 3374 3710 3376
f 3711 3710 2482
f 2482 2507 3711
f 3714 3711 2507
f 3714 2507 2508
f 3714 2508 3712
f 3713 3376 3710
f 3710 3711 3713
f 3394 3376 3713
f 3715 3713 3711
f 3711 3714 3715
f 3716 3715 3714
f 3714 3712 3716
f 3717 3394 3713
f 3713 3715 3717
f 3718 3717 3715
f 3715 3716 3718
f 3725 3712 2508
f 3720 3725 2508
f 2508 2515 3720
f 3725 3720 3719
f 3720 2518 3721
f 3721 2518 2519
f 3721 2519 3722
f 3719 3720 3721
f 3719 3721 3723
f 3723 3721 3722
f 3723 3722 3724
f 3720 2515 2518
f 3726 3716 3712
f 3712 3725 3726
f 3726 3725 3719
f 3726 3719 3727
f 3728 3718 3716
f 3716 3726 3728
f 3728 3726 3727
f 3728 3727 3729
f 3727 3719 3723
f 3727 3723 3730
f 3730 3723 3724
f 3730 3724 3731
f 3729 3727 3730
f 3729 3730 3732
f 3395 3732 3730
f 3730 3731 3395
f 3717 3718 3407
f 3407 3718 3728
f 3407 3728 3420
f 3421 3420 3728
f 3728 3729 3421
f 3424 3421 3729
f 3729 3732 3424
f 3424 3732 3395
f 3722 2519 2529
f 3722 2529 3733
f 3733 2529 2530
f 3733 2530 3650
f 3724 3722 3733
f 3724 3733 3649
f 3650 3649 3733
f 3650 2530 2440
f 3658 3731 3724
f 3657 3658 3724
f 3724 3649 3657
f 3395 3731 3658
